security,sector,industry,final_cluster,trade_volume_bin,cluster,trade_value_category,category_minimum,categiry_maximum,option_ticker,security_1,option_type,strike_price,expiration,conditions,correction,exchange,price,sip_timestamp,size,trade_value,data_date,min_trade_value,expiration_days_out,otm_range,option_condition_name,sector_1,industry_1,securty_open,security_high,security_low,security_close,trade_rank,trade_value_log10,number_of_bins,trade_value_bin,itm,itm_expiration_day,itm_expriation_close,otm
A,Medical,Medical - Products,30__1,30,1.0,1. p999999_trade_value,357903.0,357903.0,O:A250620P00110000,A,P,110.0,2025-06-20,235,0,300,3.99,1748448329940000000,897,357903.0,2025-05-28,3000,30,True,Multi Leg floor trade,Medical,Medical - Products,110.83,111.58,110.14,110.88,1,5.55376533873084,20,1,1,0,0,0
ABEO,Medical,Medical - Biomedical and Genetics,15__0,15,0.0,7. p90_trade_value,12000.0,13000.0,O:ABEO250516C00005000,ABEO,C,5.0,2025-05-16,232,0,312,1.3,1744831392990000000,100,13000.0,2025-04-16,3000,30,True,Multi Leg auto-electronic trade,Medical,Medical - Biomedical and Genetics,4.86,4.93,4.67,4.85,4,4.113943352306837,20,2,1,1,1,0
ABEO,Medical,Medical - Biomedical and Genetics,15__0,15,0.0,8. p75_trade_value,7200.0,10700.0,O:ABEO250516P00005000,ABEO,P,5.0,2025-05-16,209,0,323,1.15,1745433518543000000,80,9200.0,2025-04-23,3000,30,True,Automatic Execution,Medical,Medical - Biomedical and Genetics,5.65,5.68,5.11,5.22,9,3.963787827345555,20,4,1,0,0,0
ABEO,Medical,Medical - Biomedical and Genetics,15__0,15,0.0,1. p999999_trade_value,27608.0,27608.0,O:ABEO250516P00005000,ABEO,P,5.0,2025-05-16,227,0,323,1.16,1745433518658000000,238,27608.0,2025-04-23,3000,30,True,Single Leg Auction Non ISO,Medical,Medical - Biomedical and Genetics,5.65,5.68,5.11,5.22,1,4.44103494628343,20,1,1,0,0,0
ABEO,Medical,Medical - Biomedical and Genetics,15__0,15,0.0,8. p75_trade_value,7200.0,10700.0,O:ABEO250516C00007500,ABEO,C,7.5,2025-05-16,227,0,323,0.6,1745602806693000000,150,9000.0,2025-04-25,3000,30,True,Single Leg Auction Non ISO,Medical,Medical - Biomedical and Genetics,5.4,5.48,5.225,5.33,10,3.9542425094393248,20,4,0,0,0,1
ABEO,Medical,Medical - Biomedical and Genetics,15__0,15,0.0,8. p75_trade_value,7200.0,10700.0,O:ABEO250516C00007500,ABEO,C,7.5,2025-05-16,209,0,325,0.6,1745602846215000000,120,7200.0,2025-04-25,3000,30,True,Automatic Execution,Medical,Medical - Biomedical and Genetics,5.4,5.48,5.225,5.33,11,3.8573324964312685,20,5,0,0,0,1
ABEO,Medical,Medical - Biomedical and Genetics,15__0,15,0.0,8. p75_trade_value,7200.0,10700.0,O:ABEO250516P00005000,ABEO,P,5.0,2025-05-16,209,0,308,1.05,1745868829470000000,91,9555.0,2025-04-28,3000,30,True,Automatic Execution,Medical,Medical - Biomedical and Genetics,5.47,5.505,5.07,5.35,8,3.9802306913910317,20,3,1,0,0,0
ABEO,Medical,Medical - Biomedical and Genetics,15__0,15,0.0,8. p75_trade_value,7200.0,10700.0,O:ABEO250516P00005000,ABEO,P,5.0,2025-05-16,209,0,301,1.0,1745853170760000000,107,10700.0,2025-04-28,3000,30,True,Automatic Execution,Medical,Medical - Biomedical and Genetics,5.47,5.505,5.07,5.35,6,4.02938377768521,20,2,1,0,0,0
ABEO,Medical,Medical - Biomedical and Genetics,15__0,15,0.0,8. p75_trade_value,7200.0,10700.0,O:ABEO250516P00005000,ABEO,P,5.0,2025-05-16,209,0,318,1.05,1745868867439000000,100,10500.0,2025-04-28,3000,30,True,Automatic Execution,Medical,Medical - Biomedical and Genetics,5.47,5.505,5.07,5.35,7,4.021189299069938,20,3,1,0,0,0
ABEO,Medical,Medical - Biomedical and Genetics,15__0,15,0.0,7. p90_trade_value,12000.0,13000.0,O:ABEO250516P00005000,ABEO,P,5.0,2025-05-16,227,0,323,1.0,1745848756379000000,120,12000.0,2025-04-28,3000,30,True,Single Leg Auction Non ISO,Medical,Medical - Biomedical and Genetics,5.47,5.505,5.07,5.35,5,4.079181246047625,20,2,1,0,0,0
ABEO,Medical,Medical - Biomedical and Genetics,15__0,15,0.0,6. p95_trade_value,14600.0,19400.0,O:ABEO250516P00005000,ABEO,P,5.0,2025-05-16,227,0,323,0.97,1745869001583000000,200,19400.0,2025-04-28,3000,30,True,Single Leg Auction Non ISO,Medical,Medical - Biomedical and Genetics,5.47,5.505,5.07,5.35,2,4.2878017299302265,20,1,1,0,0,0
ABEO,Medical,Medical - Biomedical and Genetics,15__0,15,0.0,6. p95_trade_value,14600.0,19400.0,O:ABEO250516P00005000,ABEO,P,5.0,2025-05-16,209,0,307,1.0,1745855805057000000,146,14600.0,2025-04-28,3000,30,True,Automatic Execution,Medical,Medical - Biomedical and Genetics,5.47,5.505,5.07,5.35,3,4.164352855784437,20,1,1,0,0,0
ABT,Medical,Medical - Products,35__0,35,0.0,1. p999999_trade_value,458000.0,458000.0,O:ABT250613C00135000,ABT,C,135.0,2025-06-13,229,0,300,2.29,1747321022917000000,2000,458000.0,2025-05-15,3000,30,True,Single Leg Cross Non ISO,Medical,Medical - Products,128.85,133.425,128.85,133.35,1,5.66086547800387,20,1,1,1,1,0
ACAD,Medical,Medical - Biomedical and Genetics,20__0,20,0.0,1. p999999_trade_value,152750.0,152750.0,O:ACAD250516C00017000,ACAD,C,17.0,2025-05-16,231,0,323,0.65,1744898596330000000,2350,152750.0,2025-04-17,3000,30,True,Single Leg Floor Trade,Medical,Medical - Biomedical and Genetics,14.47,14.745,14.385,14.73,1,5.1839812189145915,20,1,1,1,1,0
ADMA,Medical,Medical - Biomedical and Genetics,25__2,25,2.0,5. p99_trade_value,396795.0,640922.0,O:ADMA241115P00015000,ADMA,P,15.0,2024-11-15,231,0,301,1.05,1729274107034000000,3779,396795.0,2024-10-18,3000,30,True,Single Leg Floor Trade,Medical,Medical - Biomedical and Genetics,16.12,16.18,15.75,15.78,4,5.598566190986952,20,1,0,0,0,1
ADMA,Medical,Medical - Biomedical and Genetics,25__2,25,2.0,1. p999999_trade_value,669465.0,669465.0,O:ADMA241115C00020000,ADMA,C,20.0,2024-11-15,234,0,301,1.45,1730914831583000000,4617,669465.0,2024-11-06,3000,30,True,Multi Leg Cross,Medical,Medical - Biomedical and Genetics,19.67,19.86,19.17,19.67,1,5.825727876786116,20,1,1,1,0,0
ADMA,Medical,Medical - Biomedical and Genetics,25__2,25,2.0,5. p99_trade_value,396795.0,640922.0,O:ADMA250516P00023000,ADMA,P,23.0,2025-05-16,235,0,300,1.22,1746112760556000000,4874,594628.0,2025-05-01,3000,30,True,Multi Leg floor trade,Medical,Medical - Biomedical and Genetics,24.19,24.19,23.03,23.27,3,5.774245355523454,20,1,1,1,1,0
ADMA,Medical,Medical - Biomedical and Genetics,25__2,25,2.0,5. p99_trade_value,396795.0,640922.0,O:ADMA250516P00023000,ADMA,P,23.0,2025-05-16,235,0,313,1.34,1746114627408000000,4783,640922.0,2025-05-01,3000,30,True,Multi Leg floor trade,Medical,Medical - Biomedical and Genetics,24.19,24.19,23.03,23.27,2,5.806805179236772,20,1,1,1,1,0
AGEN,Medical,Medical - Biomedical and Genetics,15__0,15,0.0,1. p999999_trade_value,14700.0,14700.0,O:AGEN250620P00005000,AGEN,P,5.0,2025-06-20,209,0,323,0.6,1749050545437000000,245,14700.0,2025-06-04,3000,30,True,Automatic Execution,Medical,Medical - Biomedical and Genetics,5.36,6.2,5.28,5.63,1,4.1673173347481764,20,1,1,0,0,0
AGIO,Medical,Medical - Biomedical and Genetics,15__0,15,0.0,1. p999999_trade_value,100000.0,100000.0,O:AGIO241220P00040000,AGIO,P,40.0,2024-12-20,231,0,323,0.5,1733931145391000000,2000,100000.0,2024-12-11,3000,30,True,Single Leg Floor Trade,Medical,Medical - Biomedical and Genetics,46.28,46.68,43.21,43.37,1,5.0,20,1,1,1,1,0
AKBA,Medical,Medical - Drugs,0__2,0,2.0,1. p999999_trade_value,3500.0,3500.0,O:AKBA250417P00002000,AKBA,P,2.0,2025-04-17,227,0,323,0.07,1742311013223000000,500,3500.0,2025-03-18,3000,30,True,Single Leg Auction Non ISO,Medical,Medical - Drugs,2.38,2.58,2.3257,2.55,1,3.5440680443502757,20,1,1,1,0,0
AKRO,Medical,Medical - Biomedical and Genetics,25__0,25,0.0,1. p999999_trade_value,683530.0,683530.0,O:AKRO250620C00055000,AKRO,C,55.0,2025-06-20,231,0,300,2.9,1748357723350000000,2357,683530.0,2025-05-27,3000,30,True,Single Leg Floor Trade,Medical,Medical - Biomedical and Genetics,47.5,49.29,45.87,46.0,1,5.83475758042328,20,1,1,0,0,0
ALC,Medical,Medical - Instruments,25__2,25,2.0,1. p999999_trade_value,343000.0,343000.0,O:ALC241115P00090000,ALC,P,90.0,2024-11-15,241,0,323,1.4,1731339644985000000,2450,343000.0,2024-11-11,3000,30,True,Stock Options Cross,Medical,Medical - Instruments,93.4,93.67,92.25,92.28,1,5.535294120042771,20,1,1,1,1,0
ALC,Medical,Medical - Instruments,25__2,25,2.0,6. p95_trade_value,95000.0,190000.0,O:ALC250321C00092500,ALC,C,92.5,2025-03-21,235,0,313,1.97,1740153098748000000,500,98500.0,2025-02-21,3000,30,True,Multi Leg floor trade,Medical,Medical - Instruments,90.0,90.68,89.65,90.31,12,4.993436230497612,20,1,1,0,0,0
ALC,Medical,Medical - Instruments,25__2,25,2.0,5. p99_trade_value,253500.0,319300.0,O:ALC250321C00092500,ALC,C,92.5,2025-03-21,235,0,313,2.06,1740150789990000000,1550,319300.0,2025-02-21,3000,30,True,Multi Leg floor trade,Medical,Medical - Instruments,90.0,90.68,89.65,90.31,2,5.504198918539445,20,1,1,0,0,0
ALC,Medical,Medical - Instruments,25__2,25,2.0,6. p95_trade_value,95000.0,190000.0,O:ALC250321P00085000,ALC,P,85.0,2025-03-21,235,0,313,1.08,1740150789990000000,1550,167400.0,2025-02-21,3000,30,True,Multi Leg floor trade,Medical,Medical - Instruments,90.0,90.68,89.65,90.31,5,5.223755453657241,20,1,0,0,0,1
ALC,Medical,Medical - Instruments,25__2,25,2.0,6. p95_trade_value,95000.0,190000.0,O:ALC250321C00092500,ALC,C,92.5,2025-03-21,235,0,313,2.14,1740423382063000000,577,123478.0,2025-02-24,3000,30,True,Multi Leg floor trade,Medical,Medical - Instruments,89.48,90.225,89.18,89.3,9,5.091589586504922,20,1,1,0,0,0
ALC,Medical,Medical - Instruments,25__2,25,2.0,6. p95_trade_value,95000.0,190000.0,O:ALC250321C00095000,ALC,C,95.0,2025-03-21,229,0,300,1.3,1740424633964000000,1126,146380.0,2025-02-24,3000,30,True,Single Leg Cross Non ISO,Medical,Medical - Instruments,89.48,90.225,89.18,89.3,6,5.165481742822164,20,1,1,0,0,0
ALC,Medical,Medical - Instruments,25__2,25,2.0,6. p95_trade_value,95000.0,190000.0,O:ALC250321C00097500,ALC,C,97.5,2025-03-21,227,0,312,1.45,1740581111664000000,981,142245.0,2025-02-26,3000,30,True,Single Leg Auction Non ISO,Medical,Medical - Instruments,94.34,95.36,92.39,93.31,8,5.153037009614923,20,1,0,0,0,1
ALC,Medical,Medical - Instruments,25__2,25,2.0,6. p95_trade_value,95000.0,190000.0,O:ALC250417P00090000,ALC,P,90.0,2025-04-17,242,0,323,1.9,1742495263984000000,500,95000.0,2025-03-20,3000,30,True,Stock Options floor trade,Medical,Medical - Instruments,91.01,91.71,90.99,91.37,13,4.977723605288848,20,1,1,0,0,0
ALC,Medical,Medical - Instruments,25__2,25,2.0,6. p95_trade_value,95000.0,190000.0,O:ALC250417P00090000,ALC,P,90.0,2025-04-17,241,0,323,1.9,1742495808713000000,1000,190000.0,2025-03-20,3000,30,True,Stock Options Cross,Medical,Medical - Instruments,91.01,91.71,90.99,91.37,4,5.278753600952829,20,1,1,0,0,0
ALC,Medical,Medical - Instruments,25__2,25,2.0,6. p95_trade_value,95000.0,190000.0,O:ALC250417C00092500,ALC,C,92.5,2025-04-17,235,0,323,1.8,1742582488933000000,550,99000.0,2025-03-21,3000,30,True,Multi Leg floor trade,Medical,Medical - Instruments,90.78,90.88,90.045,90.56,11,4.99563519459755,20,1,1,1,1,0
ALC,Medical,Medical - Instruments,25__2,25,2.0,6. p95_trade_value,95000.0,190000.0,O:ALC250417C00092500,ALC,C,92.5,2025-04-17,231,0,300,2.0,1742579912556000000,720,144000.0,2025-03-21,3000,30,True,Single Leg Floor Trade,Medical,Medical - Instruments,90.78,90.88,90.045,90.56,7,5.158362492095249,20,1,1,1,1,0
ALC,Medical,Medical - Instruments,25__2,25,2.0,6. p95_trade_value,95000.0,190000.0,O:ALC250417C00092500,ALC,C,92.5,2025-04-17,227,0,312,1.89,1743014789974000000,568,107352.0,2025-03-26,3000,30,True,Single Leg Auction Non ISO,Medical,Medical - Instruments,91.24,91.65,90.635,91.32,10,5.030810139884263,20,1,1,1,1,0
ALC,Medical,Medical - Instruments,25__2,25,2.0,5. p99_trade_value,253500.0,319300.0,O:ALC250417P00082500,ALC,P,82.5,2025-04-17,235,0,300,2.6,1743786848275000000,975,253500.0,2025-04-04,3000,30,True,Multi Leg floor trade,Medical,Medical - Instruments,86.02,86.11,83.57,83.82,3,5.403977963669354,20,1,1,0,0,0
ALKS,Medical,Medical - Biomedical and Genetics,15__0,15,0.0,8. p75_trade_value,22500.0,36000.0,O:ALKS241115C00030000,ALKS,C,30.0,2024-11-15,231,0,301,0.65,1729527492906000000,400,26000.0,2024-10-21,3000,30,True,Single Leg Floor Trade,Medical,Medical - Biomedical and Genetics,28.16,28.32,27.43,27.71,9,4.414973347970818,20,3,1,0,0,0
ALKS,Medical,Medical - Biomedical and Genetics,15__0,15,0.0,8. p75_trade_value,22500.0,36000.0,O:ALKS241115C00029000,ALKS,C,29.0,2024-11-15,235,0,301,0.5,1729781953397000000,500,25000.0,2024-10-24,3000,30,True,Multi Leg floor trade,Medical,Medical - Biomedical and Genetics,27.01,28.37,26.01,26.85,12,4.3979400086720375,20,4,1,0,0,0
ALKS,Medical,Medical - Biomedical and Genetics,15__0,15,0.0,8. p75_trade_value,22500.0,36000.0,O:ALKS241115P00026000,ALKS,P,26.0,2024-11-15,235,0,301,0.45,1729781953397000000,500,22500.0,2024-10-24,3000,30,True,Multi Leg floor trade,Medical,Medical - Biomedical and Genetics,27.01,28.37,26.01,26.85,13,4.352182518111363,20,5,1,0,0,0
ALKS,Medical,Medical - Biomedical and Genetics,15__0,15,0.0,8. p75_trade_value,22500.0,36000.0,O:ALKS250221C00034000,ALKS,C,34.0,2025-02-21,209,0,308,0.75,1737665546983000000,341,25575.0,2025-01-23,3000,30,True,Automatic Execution,Medical,Medical - Biomedical and Genetics,30.14,32.0,29.74,31.75,11,4.407815642384198,20,4,1,1,1,0
ALKS,Medical,Medical - Biomedical and Genetics,15__0,15,0.0,6. p95_trade_value,94000.0,120120.0,O:ALKS250221C00033000,ALKS,C,33.0,2025-02-21,235,0,301,2.35,1738960493322000000,400,94000.0,2025-02-07,3000,30,True,Multi Leg floor trade,Medical,Medical - Biomedical and Genetics,31.24,31.85,31.17,31.57,3,4.973127853599698,20,1,1,1,1,0
ALKS,Medical,Medical - Biomedical and Genetics,15__0,15,0.0,6. p95_trade_value,94000.0,120120.0,O:ALKS250221C00034000,ALKS,C,34.0,2025-02-21,231,0,301,0.65,1738953930487000000,1848,120120.0,2025-02-07,3000,30,True,Single Leg Floor Trade,Medical,Medical - Biomedical and Genetics,31.24,31.85,31.17,31.57,2,5.0796153235269434,20,1,1,1,1,0
ALKS,Medical,Medical - Biomedical and Genetics,15__0,15,0.0,7. p90_trade_value,58072.0,86240.0,O:ALKS250221C00034000,ALKS,C,34.0,2025-02-21,231,0,301,0.7,1738953930487000000,1232,86240.0,2025-02-07,3000,30,True,Single Leg Floor Trade,Medical,Medical - Biomedical and Genetics,31.24,31.85,31.17,31.57,4,4.935708747842663,20,2,1,1,1,0
ALKS,Medical,Medical - Biomedical and Genetics,15__0,15,0.0,8. p75_trade_value,22500.0,36000.0,O:ALKS250321P00033000,ALKS,P,33.0,2025-03-21,209,0,313,0.55,1740171545086000000,599,32945.00000000001,2025-02-21,3000,30,True,Automatic Execution,Medical,Medical - Biomedical and Genetics,35.79,35.79,35.09,35.32,8,4.517789511883556,20,3,0,0,0,1
ALKS,Medical,Medical - Biomedical and Genetics,15__0,15,0.0,8. p75_trade_value,22500.0,36000.0,O:ALKS250321P00032000,ALKS,P,32.0,2025-03-21,231,0,301,0.55,1740687230617000000,600,33000.0,2025-02-27,3000,30,True,Single Leg Floor Trade,Medical,Medical - Biomedical and Genetics,34.61,35.14,33.97,34.04,7,4.518513939877887,20,3,0,0,0,1
ALKS,Medical,Medical - Biomedical and Genetics,15__0,15,0.0,1. p999999_trade_value,138319.99999999997,138319.99999999997,O:ALKS250417P00032000,ALKS,P,32.0,2025-04-17,231,0,313,0.7,1743002806368000000,1976,138319.99999999997,2025-03-26,3000,30,True,Single Leg Floor Trade,Medical,Medical - Biomedical and Genetics,33.71,33.824,33.22,33.69,1,5.1408849802658665,20,1,1,1,1,0
ALKS,Medical,Medical - Biomedical and Genetics,15__0,15,0.0,8. p75_trade_value,22500.0,36000.0,O:ALKS250417P00032000,ALKS,P,32.0,2025-04-17,231,0,323,0.65,1743182871158000000,400,26000.0,2025-03-28,3000,30,True,Single Leg Floor Trade,Medical,Medical - Biomedical and Genetics,33.66,33.985,33.06,33.21,10,4.414973347970818,20,4,1,1,1,0
ALKS,Medical,Medical - Biomedical and Genetics,15__0,15,0.0,8. p75_trade_value,22500.0,36000.0,O:ALKS250417P00032000,ALKS,P,32.0,2025-04-17,231,0,323,0.6,1743182871158000000,600,36000.0,2025-03-28,3000,30,True,Single Leg Floor Trade,Medical,Medical - Biomedical and Genetics,33.66,33.985,33.06,33.21,6,4.556302500767287,20,2,1,1,1,0
ALKS,Medical,Medical - Biomedical and Genetics,15__0,15,0.0,7. p90_trade_value,58072.0,86240.0,O:ALKS250417P00032000,ALKS,P,32.0,2025-04-17,228,0,312,0.61,1743173548154000000,952,58072.0,2025-03-28,3000,30,True,Single Leg Auction ISO,Medical,Medical - Biomedical and Genetics,33.66,33.985,33.06,33.21,5,4.763966783395241,20,2,1,1,1,0
ALLO,Medical,Medical - Biomedical and Genetics,10__0,10,0.0,1. p999999_trade_value,22920.0,22920.0,O:ALLO250620C00001500,ALLO,C,1.5,2025-06-20,227,0,309,0.24,1749226537001000000,955,22920.0,2025-06-06,3000,30,True,Single Leg Auction Non ISO,Medical,Medical - Biomedical and Genetics,1.3,1.47,1.29,1.42,1,4.360214613295352,20,1,1,0,0,0
ALLO,Medical,Medical - Biomedical and Genetics,10__0,10,0.0,8. p75_trade_value,13860.0,16302.000000000002,O:ALLO250620C00001500,ALLO,C,1.5,2025-06-20,227,0,301,0.22,1749227386979000000,630,13860.0,2025-06-06,3000,30,True,Single Leg Auction Non ISO,Medical,Medical - Biomedical and Genetics,1.3,1.47,1.29,1.42,3,4.141763230275788,20,3,1,0,0,0
ALLO,Medical,Medical - Biomedical and Genetics,10__0,10,0.0,8. p75_trade_value,13860.0,16302.000000000002,O:ALLO250620C00001500,ALLO,C,1.5,2025-06-20,227,0,309,0.19,1749225482169000000,858,16302.000000000002,2025-06-06,3000,30,True,Single Leg Auction Non ISO,Medical,Medical - Biomedical and Genetics,1.3,1.47,1.29,1.42,2,4.212240888801534,20,2,1,0,0,0
ALT,Medical,Medical - Drugs,25__0,25,0.0,1. p999999_trade_value,478500.0,478500.0,O:ALT241220P00008000,ALT,P,8.0,2024-12-20,231,0,301,0.55,1733510019341000000,8700,478500.0,2024-12-06,3000,30,True,Single Leg Floor Trade,Medical,Medical - Drugs,9.16,9.9,9.035,9.11,1,5.679881942112862,20,1,1,0,0,0
ALUR,Medical,Medical - Products,5__0,5,0.0,1. p999999_trade_value,4800.0,4800.0,O:ALUR1250221P00005000,ALUR,P,5.0,2025-02-21,209,0,325,4.8,1737989812037000000,10,4800.0,2025-01-27,3000,30,True,Automatic Execution,Medical,Medical - Products,7.24,7.4,6.06,6.85,1,3.681241237375587,20,1,1,1,1,0
AMLX,Medical,Medical - Drugs,5__0,5,0.0,1. p999999_trade_value,4550.0,4550.0,O:AMLX241115C00006000,AMLX,C,6.0,2024-11-15,209,0,313,0.35,1729879051779000000,130,4550.0,2024-10-25,3000,30,True,Automatic Execution,Medical,Medical - Drugs,4.9,5.495,4.86,5.31,1,3.6580113966571126,20,1,1,0,0,0
AMRN,Medical,Medical - Biomedical and Genetics,5__0,5,0.0,1. p999999_trade_value,8625.0,8625.0,O:AMRN250516C00011000,AMRN,C,11.0,2025-05-16,209,0,303,1.15,1745348336021000000,75,8625.0,2025-04-22,3000,30,True,Automatic Execution,Medical,Medical - Biomedical and Genetics,9.62,10.7,9.62,10.46,1,3.935759103745312,20,1,1,0,0,0
ANAB,Medical,Medical - Biomedical and Genetics,25__2,25,2.0,5. p99_trade_value,202390.0,675000.0,O:ANAB241220P00017500,ANAB,P,17.5,2024-12-20,235,0,300,3.7,1733328677293000000,547,202390.0,2024-12-04,3000,30,True,Multi Leg floor trade,Medical,Medical - Biomedical and Genetics,22.03,24.7,22.03,24.08,4,5.306189050400426,20,1,1,1,1,0
ANAB,Medical,Medical - Biomedical and Genetics,25__2,25,2.0,5. p99_trade_value,202390.0,675000.0,O:ANAB241220C00025000,ANAB,C,25.0,2024-12-20,231,0,301,7.2,1733515294862000000,500,360000.0,2024-12-06,3000,30,True,Single Leg Floor Trade,Medical,Medical - Biomedical and Genetics,23.8,24.95,23.67,24.81,3,5.556302500767287,20,1,1,0,0,0
ANAB,Medical,Medical - Biomedical and Genetics,25__2,25,2.0,1. p999999_trade_value,705000.0,705000.0,O:ANAB250620C00022500,ANAB,C,22.5,2025-06-20,235,0,300,2.35,1748452584782000000,3000,705000.0,2025-05-28,3000,30,True,Multi Leg floor trade,Medical,Medical - Biomedical and Genetics,21.14,22.4,20.6254,20.9,1,5.848189116991398,20,1,1,0,0,0
ANAB,Medical,Medical - Biomedical and Genetics,25__2,25,2.0,5. p99_trade_value,202390.0,675000.0,O:ANAB250620P00020000,ANAB,P,20.0,2025-06-20,235,0,300,2.25,1748452584782000000,3000,675000.0,2025-05-28,3000,30,True,Multi Leg floor trade,Medical,Medical - Biomedical and Genetics,21.14,22.4,20.6254,20.9,2,5.829303772831025,20,1,1,0,0,0
ANRO,Medical,Medical - Biomedical and Genetics,20__0,20,0.0,6. p95_trade_value,15680.000000000002,102000.0,O:ANRO241115P00007500,ANRO,P,7.5,2024-11-15,235,0,300,1.02,1729089603333000000,1000,102000.0,2024-10-16,3000,30,True,Multi Leg floor trade,Medical,Medical - Biomedical and Genetics,14.16,14.45,13.62,14.45,2,5.008600171761918,20,1,1,1,1,0
ANRO,Medical,Medical - Biomedical and Genetics,20__0,20,0.0,1. p999999_trade_value,207000.0,207000.0,O:ANRO241115P00012500,ANRO,P,12.5,2024-11-15,235,0,300,4.14,1729089603333000000,500,207000.0,2024-10-16,3000,30,True,Multi Leg floor trade,Medical,Medical - Biomedical and Genetics,14.16,14.45,13.62,14.45,1,5.315970345456917,20,1,1,1,1,0
ANRO,Medical,Medical - Biomedical and Genetics,20__0,20,0.0,6. p95_trade_value,15680.000000000002,102000.0,O:ANRO241115C00025000,ANRO,C,25.0,2024-11-15,209,0,308,3.2,1729190181932000000,49,15680.000000000002,2024-10-17,3000,30,True,Automatic Execution,Medical,Medical - Biomedical and Genetics,14.72,15.04,14.01,14.27,4,4.19534605834842,20,1,0,0,0,1
ANRO,Medical,Medical - Biomedical and Genetics,20__0,20,0.0,7. p90_trade_value,12540.0,14760.0,O:ANRO241115P00012500,ANRO,P,12.5,2024-11-15,227,0,323,4.1,1729518766673000000,36,14760.0,2024-10-21,3000,30,True,Single Leg Auction Non ISO,Medical,Medical - Biomedical and Genetics,14.58,14.85,14.09,14.29,5,4.169086357487023,20,2,1,1,1,0
ANRO,Medical,Medical - Biomedical and Genetics,20__0,20,0.0,7. p90_trade_value,12540.0,14760.0,O:ANRO241115P00012500,ANRO,P,12.5,2024-11-15,227,0,323,4.18,1729518910766000000,30,12540.0,2024-10-21,3000,30,True,Single Leg Auction Non ISO,Medical,Medical - Biomedical and Genetics,14.58,14.85,14.09,14.29,6,4.098297536494697,20,2,1,1,1,0
ANRO,Medical,Medical - Biomedical and Genetics,20__0,20,0.0,6. p95_trade_value,15680.000000000002,102000.0,O:ANRO241115P00012500,ANRO,P,12.5,2024-11-15,227,0,323,3.75,1729604090480000000,100,37500.0,2024-10-22,3000,30,True,Single Leg Auction Non ISO,Medical,Medical - Biomedical and Genetics,14.3,14.7,14.15,14.53,3,4.574031267727719,20,1,1,1,1,0
APLT,Medical,Medical - Biomedical and Genetics,25__0,25,0.0,1. p999999_trade_value,525000.0,525000.0,O:APLT241220C00010000,APLT,C,10.0,2024-12-20,235,0,300,1.75,1732289474638000000,3000,525000.0,2024-11-22,3000,30,True,Multi Leg floor trade,Medical,Medical - Biomedical and Genetics,9.35,9.64,8.95,9.625,1,5.720159303405957,20,1,1,0,0,0
ARDX,Medical,Medical - Drugs,20__0,20,0.0,8. p75_trade_value,6250.0,10500.0,O:ARDX240927P00006000,ARDX,P,6.0,2024-09-27,209,0,320,0.05,1727368302833000000,1508,7540.000000000001,2024-09-26,3000,30,True,Automatic Execution,Medical,Medical - Drugs,6.07,6.38,6.04,6.36,14,3.8773713458697743,20,4,0,0,0,1
ARDX,Medical,Medical - Drugs,20__0,20,0.0,8. p75_trade_value,6250.0,10500.0,O:ARDX241101C00007000,ARDX,C,7.0,2024-11-01,209,0,308,0.7,1727965221553000000,149,10430.0,2024-10-03,3000,30,True,Automatic Execution,Medical,Medical - Drugs,6.83,6.9,6.65,6.66,11,4.018284308426531,20,3,0,0,0,1
ARDX,Medical,Medical - Drugs,20__0,20,0.0,1. p999999_trade_value,26524.0,26524.0,O:ARDX241115P00005000,ARDX,P,5.0,2024-11-15,232,0,308,0.38,1729258454155000000,698,26524.0,2024-10-18,3000,30,True,Multi Leg auto-electronic trade,Medical,Medical - Drugs,5.84,5.96,5.81,5.84,1,4.423639019239971,20,1,1,1,1,0
ARDX,Medical,Medical - Drugs,20__0,20,0.0,8. p75_trade_value,6250.0,10500.0,O:ARDX250117C00005000,ARDX,C,5.0,2025-01-17,209,0,318,0.45,1735051563589000000,189,8505.0,2024-12-24,3000,30,True,Automatic Execution,Medical,Medical - Drugs,4.83,4.86,4.63,4.64,13,3.929674317948588,20,4,1,1,1,0
ARDX,Medical,Medical - Drugs,20__0,20,0.0,7. p90_trade_value,11410.0,14819.999999999998,O:ARDX250117C00005000,ARDX,C,5.0,2025-01-17,209,0,316,0.35,1735233324784000000,326,11410.0,2024-12-26,3000,30,True,Automatic Execution,Medical,Medical - Drugs,4.61,4.89,4.555,4.81,8,4.057285644418215,20,2,1,1,1,0
ARDX,Medical,Medical - Drugs,20__0,20,0.0,8. p75_trade_value,6250.0,10500.0,O:ARDX250117C00005000,ARDX,C,5.0,2025-01-17,209,0,320,0.35,1735233324778000000,300,10500.0,2024-12-26,3000,30,True,Automatic Execution,Medical,Medical - Drugs,4.61,4.89,4.555,4.81,10,4.021189299069938,20,3,1,1,1,0
ARDX,Medical,Medical - Drugs,20__0,20,0.0,7. p90_trade_value,11410.0,14819.999999999998,O:ARDX250117C00005500,ARDX,C,5.5,2025-01-17,209,0,300,0.3,1735570821926000000,494,14819.999999999998,2024-12-30,3000,30,True,Automatic Execution,Medical,Medical - Drugs,5.1,5.265,5.035,5.25,5,4.17084820364331,20,2,1,0,0,0
ARDX,Medical,Medical - Drugs,20__0,20,0.0,6. p95_trade_value,15000.0,25000.0,O:ARDX250117C00005500,ARDX,C,5.5,2025-01-17,209,0,300,0.3,1735570821925000000,500,15000.0,2024-12-30,3000,30,True,Automatic Execution,Medical,Medical - Drugs,5.1,5.265,5.035,5.25,4,4.176091259055681,20,1,1,0,0,0
ARDX,Medical,Medical - Drugs,20__0,20,0.0,6. p95_trade_value,15000.0,25000.0,O:ARDX250221C00006000,ARDX,C,6.0,2025-02-21,209,0,307,0.25,1737648247159000000,1000,25000.0,2025-01-23,3000,30,True,Automatic Execution,Medical,Medical - Drugs,5.28,5.71,5.09,5.51,2,4.3979400086720375,20,1,1,0,0,0
ARDX,Medical,Medical - Drugs,20__0,20,0.0,8. p75_trade_value,6250.0,10500.0,O:ARDX250221C00006000,ARDX,C,6.0,2025-02-21,232,0,308,0.25,1737660395769000000,250,6250.0,2025-01-23,3000,30,True,Multi Leg auto-electronic trade,Medical,Medical - Drugs,5.28,5.71,5.09,5.51,20,3.7958800173440754,20,5,1,0,0,0
ARDX,Medical,Medical - Drugs,20__0,20,0.0,7. p90_trade_value,11410.0,14819.999999999998,O:ARDX250221C00006000,ARDX,C,6.0,2025-02-21,209,0,315,0.35,1737649364374000000,408,14279.999999999998,2025-01-23,3000,30,True,Automatic Execution,Medical,Medical - Drugs,5.28,5.71,5.09,5.51,6,4.154728207440155,20,2,1,0,0,0
ARDX,Medical,Medical - Drugs,20__0,20,0.0,8. p75_trade_value,6250.0,10500.0,O:ARDX250221C00006000,ARDX,C,6.0,2025-02-21,209,0,308,0.15,1737644769095000000,500,7500.0,2025-01-23,3000,30,True,Automatic Execution,Medical,Medical - Drugs,5.28,5.71,5.09,5.51,15,3.8750612633917,20,4,1,0,0,0
ARDX,Medical,Medical - Drugs,20__0,20,0.0,8. p75_trade_value,6250.0,10500.0,O:ARDX250221C00006000,ARDX,C,6.0,2025-02-21,209,0,316,0.3,1737648308938000000,223,6689.999999999999,2025-01-23,3000,30,True,Automatic Execution,Medical,Medical - Drugs,5.28,5.71,5.09,5.51,16,3.8254261177678233,20,4,1,0,0,0
ARDX,Medical,Medical - Drugs,20__0,20,0.0,8. p75_trade_value,6250.0,10500.0,O:ARDX250221C00006000,ARDX,C,6.0,2025-02-21,232,0,308,0.25,1737660395979000000,250,6250.0,2025-01-23,3000,30,True,Multi Leg auto-electronic trade,Medical,Medical - Drugs,5.28,5.71,5.09,5.51,22,3.7958800173440754,20,6,1,0,0,0
ARDX,Medical,Medical - Drugs,20__0,20,0.0,8. p75_trade_value,6250.0,10500.0,O:ARDX250221C00006000,ARDX,C,6.0,2025-02-21,232,0,308,0.25,1737660392192000000,250,6250.0,2025-01-23,3000,30,True,Multi Leg auto-electronic trade,Medical,Medical - Drugs,5.28,5.71,5.09,5.51,18,3.7958800173440754,20,5,1,0,0,0
ARDX,Medical,Medical - Drugs,20__0,20,0.0,8. p75_trade_value,6250.0,10500.0,O:ARDX250221C00006000,ARDX,C,6.0,2025-02-21,232,0,308,0.25,1737660395663000000,250,6250.0,2025-01-23,3000,30,True,Multi Leg auto-electronic trade,Medical,Medical - Drugs,5.28,5.71,5.09,5.51,19,3.7958800173440754,20,5,1,0,0,0
ARDX,Medical,Medical - Drugs,20__0,20,0.0,8. p75_trade_value,6250.0,10500.0,O:ARDX250221C00006000,ARDX,C,6.0,2025-02-21,232,0,308,0.25,1737660395874000000,250,6250.0,2025-01-23,3000,30,True,Multi Leg auto-electronic trade,Medical,Medical - Drugs,5.28,5.71,5.09,5.51,21,3.7958800173440754,20,6,1,0,0,0
ARDX,Medical,Medical - Drugs,20__0,20,0.0,8. p75_trade_value,6250.0,10500.0,O:ARDX250221C00007000,ARDX,C,7.0,2025-02-21,227,0,309,0.16,1739982152342000000,416,6656.0,2025-02-19,3000,30,True,Single Leg Auction Non ISO,Medical,Medical - Drugs,6.4,6.55,6.33,6.36,17,3.8232133132826673,20,5,0,0,0,1
ARDX,Medical,Medical - Drugs,20__0,20,0.0,7. p90_trade_value,11410.0,14819.999999999998,O:ARDX250321C00008000,ARDX,C,8.0,2025-03-21,209,0,319,0.25,1739987543731000000,497,12425.0,2025-02-19,3000,30,True,Automatic Execution,Medical,Medical - Drugs,6.4,6.55,6.33,6.36,7,4.09429639740537,20,2,0,0,0,1
ARDX,Medical,Medical - Drugs,20__0,20,0.0,8. p75_trade_value,6250.0,10500.0,O:ARDX250417C00007000,ARDX,C,7.0,2025-04-17,209,0,320,0.05,1742910318335000000,1988,9940.0,2025-03-25,3000,30,True,Automatic Execution,Medical,Medical - Drugs,5.24,5.265,5.03,5.19,12,3.997386384397313,20,3,0,0,0,1
ARDX,Medical,Medical - Drugs,20__0,20,0.0,8. p75_trade_value,6250.0,10500.0,O:ARDX250516C00005000,ARDX,C,5.0,2025-05-16,209,0,308,0.35,1745347881984000000,300,10500.0,2025-04-22,3000,30,True,Automatic Execution,Medical,Medical - Drugs,4.57,4.84,4.57,4.81,9,4.021189299069938,20,3,1,0,0,0
ARDX,Medical,Medical - Drugs,20__0,20,0.0,6. p95_trade_value,15000.0,25000.0,O:ARDX250516P00005000,ARDX,P,5.0,2025-05-16,231,0,300,0.3,1745947782851000000,500,15000.0,2025-04-29,3000,30,True,Single Leg Floor Trade,Medical,Medical - Drugs,5.36,5.545,5.28,5.45,3,4.176091259055681,20,1,1,1,1,0
ARGX,Medical,Medical - Biomedical and Genetics,30__1,30,1.0,6. p95_trade_value,19500.0,51800.0,O:ARGX241115C00560000,ARGX,C,560.0,2024-11-15,232,0,300,19.2,1730295689228000000,20,38400.0,2024-10-30,3000,30,True,Multi Leg auto-electronic trade,Medical,Medical - Biomedical and Genetics,552.88,555.915,545.55,551.71,12,4.5843312243675305,20,1,1,1,1,0
ARGX,Medical,Medical - Biomedical and Genetics,30__1,30,1.0,6. p95_trade_value,19500.0,51800.0,O:ARGX241115C00610000,ARGX,C,610.0,2024-11-15,231,0,323,4.2,1730742831393000000,54,22680.0,2024-11-04,3000,30,True,Single Leg Floor Trade,Medical,Medical - Biomedical and Genetics,596.39,597.21,582.44,588.67,21,4.355643050220869,20,1,1,0,0,0
ARGX,Medical,Medical - Biomedical and Genetics,30__1,30,1.0,6. p95_trade_value,19500.0,51800.0,O:ARGX250117C00660000,ARGX,C,660.0,2025-01-17,227,0,323,7.02,1735929607095000000,29,20358.0,2025-01-03,3000,30,True,Single Leg Auction Non ISO,Medical,Medical - Biomedical and Genetics,624.81,633.67,620.16,621.29,30,4.308735110028762,20,1,1,1,0,0
ARGX,Medical,Medical - Biomedical and Genetics,30__1,30,1.0,6. p95_trade_value,19500.0,51800.0,O:ARGX250117C00680000,ARGX,C,680.0,2025-01-17,209,0,325,13.5,1736351139313000000,15,20250.0,2025-01-08,3000,30,True,Automatic Execution,Medical,Medical - Biomedical and Genetics,658.13,663.48,647.58,649.26,31,4.306425027550687,20,1,0,0,0,1
ARGX,Medical,Medical - Biomedical and Genetics,30__1,30,1.0,6. p95_trade_value,19500.0,51800.0,O:ARGX250117C00680000,ARGX,C,680.0,2025-01-17,209,0,323,11.9,1736365218667000000,19,22610.0,2025-01-08,3000,30,True,Automatic Execution,Medical,Medical - Biomedical and Genetics,658.13,663.48,647.58,649.26,24,4.35430056234536,20,1,0,0,0,1
ARGX,Medical,Medical - Biomedical and Genetics,30__1,30,1.0,5. p99_trade_value,56000.0,407999.99999999994,O:ARGX250117C00680000,ARGX,C,680.0,2025-01-17,237,0,308,15.64,1736523852640000000,50,78200.0,2025-01-10,3000,30,True,Stock Options Auction,Medical,Medical - Biomedical and Genetics,662.6,663.78,647.0,656.26,4,4.893206753059848,20,1,0,0,0,1
ARGX,Medical,Medical - Biomedical and Genetics,30__1,30,1.0,6. p95_trade_value,19500.0,51800.0,O:ARGX250221C00700000,ARGX,C,700.0,2025-02-21,235,0,300,2.0,1738700765066000000,175,35000.0,2025-02-04,3000,30,True,Multi Leg floor trade,Medical,Medical - Biomedical and Genetics,660.17,665.15,649.55,651.3,14,4.544068044350276,20,1,0,0,0,1
ARGX,Medical,Medical - Biomedical and Genetics,30__1,30,1.0,6. p95_trade_value,19500.0,51800.0,O:ARGX250321C00680000,ARGX,C,680.0,2025-03-21,209,0,316,7.7,1740413448139000000,30,23100.0,2025-02-24,3000,30,True,Automatic Execution,Medical,Medical - Biomedical and Genetics,645.4,645.74,624.1,626.13,20,4.363611979892144,20,1,0,0,0,1
ARGX,Medical,Medical - Biomedical and Genetics,30__1,30,1.0,6. p95_trade_value,19500.0,51800.0,O:ARGX250321P00600000,ARGX,P,600.0,2025-03-21,232,0,313,16.26,1740427951338000000,12,19512.0,2025-02-24,3000,30,True,Multi Leg auto-electronic trade,Medical,Medical - Biomedical and Genetics,645.4,645.74,624.1,626.13,32,4.290301787305674,20,1,1,0,0,0
ARGX,Medical,Medical - Biomedical and Genetics,30__1,30,1.0,6. p95_trade_value,19500.0,51800.0,O:ARGX250321P00600000,ARGX,P,600.0,2025-03-21,232,0,313,17.42,1740427955466000000,13,22646.000000000004,2025-02-24,3000,30,True,Multi Leg auto-electronic trade,Medical,Medical - Biomedical and Genetics,645.4,645.74,624.1,626.13,23,4.354991502978481,20,1,1,0,0,0
ARGX,Medical,Medical - Biomedical and Genetics,30__1,30,1.0,6. p95_trade_value,19500.0,51800.0,O:ARGX250321P00600000,ARGX,P,600.0,2025-03-21,232,0,303,16.57,1740427953524000000,19,31483.0,2025-02-24,3000,30,True,Multi Leg auto-electronic trade,Medical,Medical - Biomedical and Genetics,645.4,645.74,624.1,626.13,15,4.498076109372166,20,1,1,0,0,0
ARGX,Medical,Medical - Biomedical and Genetics,30__1,30,1.0,6. p95_trade_value,19500.0,51800.0,O:ARGX250321P00600000,ARGX,P,600.0,2025-03-21,232,0,323,16.93,1740427955467000000,17,28781.0,2025-02-24,3000,30,True,Multi Leg auto-electronic trade,Medical,Medical - Biomedical and Genetics,645.4,645.74,624.1,626.13,16,4.459105879487209,20,1,1,0,0,0
ARGX,Medical,Medical - Biomedical and Genetics,30__1,30,1.0,6. p95_trade_value,19500.0,51800.0,O:ARGX250321P00600000,ARGX,P,600.0,2025-03-21,232,0,302,16.8,1740427952477000000,14,23520.0,2025-02-24,3000,30,True,Multi Leg auto-electronic trade,Medical,Medical - Biomedical and Genetics,645.4,645.74,624.1,626.13,18,4.371437317404101,20,1,1,0,0,0
ARGX,Medical,Medical - Biomedical and Genetics,30__1,30,1.0,6. p95_trade_value,19500.0,51800.0,O:ARGX250321P00600000,ARGX,P,600.0,2025-03-21,232,0,302,17.78,1740427955468000000,12,21336.0,2025-02-24,3000,30,True,Multi Leg auto-electronic trade,Medical,Medical - Biomedical and Genetics,645.4,645.74,624.1,626.13,25,4.32911300268182,20,1,1,0,0,0
ARGX,Medical,Medical - Biomedical and Genetics,30__1,30,1.0,6. p95_trade_value,19500.0,51800.0,O:ARGX250321P00600000,ARGX,P,600.0,2025-03-21,232,0,322,16.69,1740427951336000000,14,23366.000000000004,2025-02-24,3000,30,True,Multi Leg auto-electronic trade,Medical,Medical - Biomedical and Genetics,645.4,645.74,624.1,626.13,19,4.368584372357485,20,1,1,0,0,0
ARGX,Medical,Medical - Biomedical and Genetics,30__1,30,1.0,6. p95_trade_value,19500.0,51800.0,O:ARGX250321P00600000,ARGX,P,600.0,2025-03-21,232,0,323,17.63,1740427952476000000,12,21156.0,2025-02-24,3000,30,True,Multi Leg auto-electronic trade,Medical,Medical - Biomedical and Genetics,645.4,645.74,624.1,626.13,27,4.325433558346947,20,1,1,0,0,0
ARGX,Medical,Medical - Biomedical and Genetics,30__1,30,1.0,6. p95_trade_value,19500.0,51800.0,O:ARGX250321P00600000,ARGX,P,600.0,2025-03-21,232,0,308,16.1,1740427952477000000,13,20930.0,2025-02-24,3000,30,True,Multi Leg auto-electronic trade,Medical,Medical - Biomedical and Genetics,645.4,645.74,624.1,626.13,29,4.320769228338686,20,1,1,0,0,0
ARGX,Medical,Medical - Biomedical and Genetics,30__1,30,1.0,6. p95_trade_value,19500.0,51800.0,O:ARGX250321P00600000,ARGX,P,600.0,2025-03-21,232,0,304,17.1,1740427954136000000,15,25650.0,2025-02-24,3000,30,True,Multi Leg auto-electronic trade,Medical,Medical - Biomedical and Genetics,645.4,645.74,624.1,626.13,17,4.409087369447835,20,1,1,0,0,0
ARGX,Medical,Medical - Biomedical and Genetics,30__1,30,1.0,6. p95_trade_value,19500.0,51800.0,O:ARGX250321P00600000,ARGX,P,600.0,2025-03-21,232,0,308,16.41,1740427951338000000,13,21333.0,2025-02-24,3000,30,True,Multi Leg auto-electronic trade,Medical,Medical - Biomedical and Genetics,645.4,645.74,624.1,626.13,26,4.3290519333599295,20,1,1,0,0,0
ARGX,Medical,Medical - Biomedical and Genetics,30__1,30,1.0,6. p95_trade_value,19500.0,51800.0,O:ARGX250321C00630000,ARGX,C,630.0,2025-03-21,209,0,325,18.8,1741276203843000000,20,37600.0,2025-03-06,3000,30,True,Automatic Execution,Medical,Medical - Biomedical and Genetics,623.46,628.4825,612.51,613.18,13,4.575187844927661,20,1,0,0,0,1
ARGX,Medical,Medical - Biomedical and Genetics,30__1,30,1.0,6. p95_trade_value,19500.0,51800.0,O:ARGX250417C00650000,ARGX,C,650.0,2025-04-17,209,0,316,11.2,1742392679798000000,43,48160.0,2025-03-19,3000,30,True,Automatic Execution,Medical,Medical - Biomedical and Genetics,614.41,627.005,609.91,619.97,9,4.682686478249768,20,1,0,0,0,1
ARGX,Medical,Medical - Biomedical and Genetics,30__1,30,1.0,6. p95_trade_value,19500.0,51800.0,O:ARGX250417P00560000,ARGX,P,560.0,2025-04-17,209,0,304,13.0,1743537266701000000,15,19500.0,2025-04-01,3000,30,True,Automatic Execution,Medical,Medical - Biomedical and Genetics,591.9,593.99,565.0,567.09,33,4.290034611362518,20,1,1,0,0,0
ARGX,Medical,Medical - Biomedical and Genetics,30__1,30,1.0,5. p99_trade_value,56000.0,407999.99999999994,O:ARGX250417P00560000,ARGX,P,560.0,2025-04-17,209,0,325,14.0,1743537291558000000,40,56000.0,2025-04-01,3000,30,True,Automatic Execution,Medical,Medical - Biomedical and Genetics,591.9,593.99,565.0,567.09,7,4.748188027006201,20,1,1,0,0,0
ARGX,Medical,Medical - Biomedical and Genetics,30__1,30,1.0,6. p95_trade_value,19500.0,51800.0,O:ARGX250417P00560000,ARGX,P,560.0,2025-04-17,209,0,322,13.2,1743537268008000000,30,39600.0,2025-04-01,3000,30,True,Automatic Execution,Medical,Medical - Biomedical and Genetics,591.9,593.99,565.0,567.09,11,4.597695185925512,20,1,1,0,0,0
ARGX,Medical,Medical - Biomedical and Genetics,30__1,30,1.0,6. p95_trade_value,19500.0,51800.0,O:ARGX250417P00560000,ARGX,P,560.0,2025-04-17,209,0,304,14.0,1743537291562000000,37,51800.0,2025-04-01,3000,30,True,Automatic Execution,Medical,Medical - Biomedical and Genetics,591.9,593.99,565.0,567.09,8,4.714329759745233,20,1,1,0,0,0
ARGX,Medical,Medical - Biomedical and Genetics,30__1,30,1.0,6. p95_trade_value,19500.0,51800.0,O:ARGX250417P00560000,ARGX,P,560.0,2025-04-17,219,0,316,17.5,1743537429581000000,12,21000.0,2025-04-01,3000,30,True,Intermarket Sweep Order,Medical,Medical - Biomedical and Genetics,591.9,593.99,565.0,567.09,28,4.3222192947339195,20,1,1,0,0,0
ARGX,Medical,Medical - Biomedical and Genetics,30__1,30,1.0,6. p95_trade_value,19500.0,51800.0,O:ARGX250417P00560000,ARGX,P,560.0,2025-04-17,209,0,312,13.2,1743537267649000000,36,47520.0,2025-04-01,3000,30,True,Automatic Execution,Medical,Medical - Biomedical and Genetics,591.9,593.99,565.0,567.09,10,4.676876431973137,20,1,1,0,0,0
ARGX,Medical,Medical - Biomedical and Genetics,30__1,30,1.0,5. p99_trade_value,56000.0,407999.99999999994,O:ARGX250417P00560000,ARGX,P,560.0,2025-04-17,209,0,300,13.5,1743537270022000000,43,58050.0,2025-04-01,3000,30,True,Automatic Execution,Medical,Medical - Biomedical and Genetics,591.9,593.99,565.0,567.09,6,4.763802224074593,20,1,1,0,0,0
ARGX,Medical,Medical - Biomedical and Genetics,30__1,30,1.0,6. p95_trade_value,19500.0,51800.0,O:ARGX250417C00580000,ARGX,C,580.0,2025-04-17,209,0,313,8.1,1744041584006000000,28,22680.0,2025-04-07,3000,30,True,Automatic Execution,Medical,Medical - Biomedical and Genetics,542.79,560.3475,524.835,550.0,22,4.355643050220869,20,1,1,1,1,0
ARGX,Medical,Medical - Biomedical and Genetics,30__1,30,1.0,6. p95_trade_value,19500.0,51800.0,O:ARGX250417C00580000,ARGX,C,580.0,2025-04-17,231,0,302,7.8,1744043425668000000,25,19500.0,2025-04-07,3000,30,True,Single Leg Floor Trade,Medical,Medical - Biomedical and Genetics,542.79,560.3475,524.835,550.0,35,4.290034611362518,20,2,1,1,1,0
ARGX,Medical,Medical - Biomedical and Genetics,30__1,30,1.0,6. p95_trade_value,19500.0,51800.0,O:ARGX250417C00580000,ARGX,C,580.0,2025-04-17,231,0,302,7.8,1744043425668000000,25,19500.0,2025-04-07,3000,30,True,Single Leg Floor Trade,Medical,Medical - Biomedical and Genetics,542.79,560.3475,524.835,550.0,34,4.290034611362518,20,1,1,1,1,0
ARGX,Medical,Medical - Biomedical and Genetics,30__1,30,1.0,5. p99_trade_value,56000.0,407999.99999999994,O:ARGX250516P00580000,ARGX,P,580.0,2025-05-16,235,0,313,17.16,1744903134282000000,90,154440.0,2025-04-17,3000,30,True,Multi Leg floor trade,Medical,Medical - Biomedical and Genetics,590.9,601.27,590.6,596.2,3,5.188759792952012,20,1,1,1,1,0
ARGX,Medical,Medical - Biomedical and Genetics,30__1,30,1.0,1. p999999_trade_value,1200000.0,1200000.0,O:ARGX250516C00640000,ARGX,C,640.0,2025-05-16,235,0,301,15.0,1746638993753000000,800,1200000.0,2025-05-07,3000,30,True,Multi Leg floor trade,Medical,Medical - Biomedical and Genetics,623.0,626.82,616.065,622.93,1,6.079181246047625,20,1,0,0,0,1
ARGX,Medical,Medical - Biomedical and Genetics,30__1,30,1.0,5. p99_trade_value,56000.0,407999.99999999994,O:ARGX250516C00670000,ARGX,C,670.0,2025-05-16,235,0,301,5.1,1746638993753000000,800,407999.99999999994,2025-05-07,3000,30,True,Multi Leg floor trade,Medical,Medical - Biomedical and Genetics,623.0,626.82,616.065,622.93,2,5.61066016308988,20,1,0,0,0,1
ARGX,Medical,Medical - Biomedical and Genetics,30__1,30,1.0,5. p99_trade_value,56000.0,407999.99999999994,O:ARGX250516P00590000,ARGX,P,590.0,2025-05-16,209,0,318,10.1,1746625164015000000,73,73730.0,2025-05-07,3000,30,True,Automatic Execution,Medical,Medical - Biomedical and Genetics,623.0,626.82,616.065,622.93,5,4.867644233903098,20,1,1,1,1,0
ARVN,Medical,Medical - Biomedical and Genetics,25__2,25,2.0,1. p999999_trade_value,503470.00000000006,503470.00000000006,O:ARVN250321P00012500,ARVN,P,12.5,2025-03-21,231,0,300,1.1,1740412206395000000,4577,503470.00000000006,2025-02-24,3000,30,True,Single Leg Floor Trade,Medical,Medical - Biomedical and Genetics,17.73,17.8,16.07,16.75,1,5.701973597585525,20,1,1,1,1,0
ARWR,Medical,Medical - Biomedical and Genetics,15__0,15,0.0,1. p999999_trade_value,54329.99999999999,54329.99999999999,O:ARWR250516C00015000,ARWR,C,15.0,2025-05-16,231,0,313,0.3,1746471095001000000,1811,54329.99999999999,2025-05-05,3000,30,True,Single Leg Floor Trade,Medical,Medical - Biomedical and Genetics,14.33,14.4,13.97,13.98,1,4.735039705033721,20,1,1,1,1,0
ASTH,Medical,Medical - Outpatient and Home Healthcare,15__2,15,2.0,6. p95_trade_value,940320.0000000001,940320.0000000001,O:ASTH241018C00060000,ASTH,C,60.0,2024-10-18,235,0,301,1.6,1726763352558000000,5877,940320.0000000001,2024-09-19,3000,30,True,Multi Leg floor trade,Medical,Medical - Outpatient and Home Healthcare,58.36,58.46,57.36,57.84,2,5.973275673370324,20,1,1,1,1,0
ASTH,Medical,Medical - Outpatient and Home Healthcare,15__2,15,2.0,1. p999999_trade_value,1476020.0,1476020.0,O:ASTH241115C00065000,ASTH,C,65.0,2024-11-15,235,0,301,2.6,1729101837638000000,5677,1476020.0,2024-10-16,3000,30,True,Multi Leg floor trade,Medical,Medical - Outpatient and Home Healthcare,61.49,63.2,61.38,62.54,1,6.169092242196231,20,1,0,0,0,1
ATAI,Medical,Medical - Outpatient and Home Healthcare,15__0,15,0.0,8. p75_trade_value,7950.0,19950.0,O:ATAI250221C00002500,ATAI,C,2.5,2025-02-21,209,0,318,0.15,1738679998302000000,1330,19950.0,2025-02-04,3000,30,True,Automatic Execution,Medical,Medical - Outpatient and Home Healthcare,1.86,2.32,1.78,2.25,3,4.299942900022767,20,3,1,0,0,0
ATAI,Medical,Medical - Outpatient and Home Healthcare,15__0,15,0.0,8. p75_trade_value,7950.0,19950.0,O:ATAI250221C00002500,ATAI,C,2.5,2025-02-21,209,0,325,0.12,1738679856746000000,959,11508.0,2025-02-04,3000,30,True,Automatic Execution,Medical,Medical - Outpatient and Home Healthcare,1.86,2.32,1.78,2.25,4,4.060999853218289,20,4,1,0,0,0
ATAI,Medical,Medical - Outpatient and Home Healthcare,15__0,15,0.0,1. p999999_trade_value,72870.0,72870.0,O:ATAI250221C00002500,ATAI,C,2.5,2025-02-21,227,0,309,0.21,1738772136609000000,3470,72870.0,2025-02-05,3000,30,True,Single Leg Auction Non ISO,Medical,Medical - Outpatient and Home Healthcare,2.25,2.485,2.12,2.45,1,4.862548769524793,20,1,1,0,0,0
ATAI,Medical,Medical - Outpatient and Home Healthcare,15__0,15,0.0,7. p90_trade_value,32868.0,32868.0,O:ATAI250221C00002500,ATAI,C,2.5,2025-02-21,227,0,323,0.36,1738786611799000000,913,32868.0,2025-02-05,3000,30,True,Single Leg Auction Non ISO,Medical,Medical - Outpatient and Home Healthcare,2.25,2.485,2.12,2.45,2,4.516773278301586,20,2,1,0,0,0
ATAI,Medical,Medical - Outpatient and Home Healthcare,15__0,15,0.0,8. p75_trade_value,7950.0,19950.0,O:ATAI250221C00002500,ATAI,C,2.5,2025-02-21,231,0,301,0.1,1739479668709000000,795,7950.0,2025-02-13,3000,30,True,Single Leg Floor Trade,Medical,Medical - Outpatient and Home Healthcare,2.28,2.35,2.01,2.27,5,3.9003671286564705,20,5,0,0,0,1
ATEC,Medical,Medical - Instruments,20__2,20,2.0,7. p90_trade_value,39000.0,48000.0,O:ATEC241115P00005000,ATEC,P,5.0,2024-11-15,229,0,302,0.42,1729086508024000000,952,39984.0,2024-10-16,3000,30,True,Single Leg Cross Non ISO,Medical,Medical - Instruments,5.35,5.77,5.345,5.75,6,4.601886238782375,20,2,0,0,0,1
ATEC,Medical,Medical - Instruments,20__2,20,2.0,8. p75_trade_value,15750.0,33600.0,O:ATEC241115P00005000,ATEC,P,5.0,2024-11-15,241,0,302,0.45,1730142645954000000,350,15750.0,2024-10-28,3000,30,True,Stock Options Cross,Medical,Medical - Instruments,5.31,5.52,5.185,5.27,18,4.19728055812562,20,5,0,0,0,1
ATEC,Medical,Medical - Instruments,20__2,20,2.0,8. p75_trade_value,15750.0,33600.0,O:ATEC241115P00005000,ATEC,P,5.0,2024-11-15,241,0,302,0.34,1730306102599000000,500,17000.0,2024-10-30,3000,30,True,Stock Options Cross,Medical,Medical - Instruments,5.385,5.79,5.355,5.62,17,4.230448921378274,20,5,0,0,0,1
ATEC,Medical,Medical - Instruments,20__2,20,2.0,1. p999999_trade_value,183600.0,183600.0,O:ATEC250321P00010000,ATEC,P,10.0,2025-03-21,231,0,301,0.75,1740422232012000000,2448,183600.0,2025-02-24,3000,30,True,Single Leg Floor Trade,Medical,Medical - Instruments,10.64,10.95,10.46,10.76,1,5.2638726768652235,20,1,1,1,1,0
ATEC,Medical,Medical - Instruments,20__2,20,2.0,8. p75_trade_value,15750.0,33600.0,O:ATEC250321P00010000,ATEC,P,10.0,2025-03-21,231,0,301,0.75,1740419672123000000,325,24375.0,2025-02-24,3000,30,True,Single Leg Floor Trade,Medical,Medical - Instruments,10.64,10.95,10.46,10.76,12,4.3869446243705745,20,3,1,1,1,0
ATEC,Medical,Medical - Instruments,20__2,20,2.0,8. p75_trade_value,15750.0,33600.0,O:ATEC250321P00010000,ATEC,P,10.0,2025-03-21,231,0,301,0.75,1740416560442000000,300,22500.0,2025-02-24,3000,30,True,Single Leg Floor Trade,Medical,Medical - Instruments,10.64,10.95,10.46,10.76,15,4.352182518111363,20,4,1,1,1,0
ATEC,Medical,Medical - Instruments,20__2,20,2.0,8. p75_trade_value,15750.0,33600.0,O:ATEC250321P00010000,ATEC,P,10.0,2025-03-21,231,0,301,0.7,1740419672123000000,325,22749.999999999996,2025-02-24,3000,30,True,Single Leg Floor Trade,Medical,Medical - Instruments,10.64,10.95,10.46,10.76,14,4.356981400993131,20,4,1,1,1,0
ATEC,Medical,Medical - Instruments,20__2,20,2.0,8. p75_trade_value,15750.0,33600.0,O:ATEC250321P00010000,ATEC,P,10.0,2025-03-21,231,0,301,0.8,1740416560442000000,300,24000.0,2025-02-24,3000,30,True,Single Leg Floor Trade,Medical,Medical - Instruments,10.64,10.95,10.46,10.76,13,4.380211241711606,20,4,1,1,1,0
ATEC,Medical,Medical - Instruments,20__2,20,2.0,8. p75_trade_value,15750.0,33600.0,O:ATEC250321P00010000,ATEC,P,10.0,2025-03-21,219,0,308,0.7,1740427048953000000,271,18970.0,2025-02-24,3000,30,True,Intermarket Sweep Order,Medical,Medical - Instruments,10.64,10.95,10.46,10.76,16,4.278067330888662,20,4,1,1,1,0
ATEC,Medical,Medical - Instruments,20__2,20,2.0,8. p75_trade_value,15750.0,33600.0,O:ATEC250321P00010000,ATEC,P,10.0,2025-03-21,231,0,301,0.7,1740423904280000000,369,25830.0,2025-02-24,3000,30,True,Single Leg Floor Trade,Medical,Medical - Instruments,10.64,10.95,10.46,10.76,11,4.412124406173318,20,3,1,1,1,0
ATEC,Medical,Medical - Instruments,20__2,20,2.0,8. p75_trade_value,15750.0,33600.0,O:ATEC250321P00010000,ATEC,P,10.0,2025-03-21,231,0,301,0.7,1740430062129000000,480,33600.0,2025-02-24,3000,30,True,Single Leg Floor Trade,Medical,Medical - Instruments,10.64,10.95,10.46,10.76,9,4.526339277389844,20,3,1,1,1,0
ATEC,Medical,Medical - Instruments,20__2,20,2.0,6. p95_trade_value,62500.0,157950.0,O:ATEC250321P00010000,ATEC,P,10.0,2025-03-21,231,0,301,0.7,1740409707313000000,1250,87500.0,2025-02-24,3000,30,True,Single Leg Floor Trade,Medical,Medical - Instruments,10.64,10.95,10.46,10.76,3,4.942008053022313,20,1,1,1,1,0
ATEC,Medical,Medical - Instruments,20__2,20,2.0,7. p90_trade_value,39000.0,48000.0,O:ATEC250321P00010000,ATEC,P,10.0,2025-03-21,231,0,301,0.8,1740413199169000000,600,48000.0,2025-02-24,3000,30,True,Single Leg Floor Trade,Medical,Medical - Instruments,10.64,10.95,10.46,10.76,5,4.681241237375588,20,2,1,1,1,0
ATEC,Medical,Medical - Instruments,20__2,20,2.0,6. p95_trade_value,62500.0,157950.0,O:ATEC250321P00010000,ATEC,P,10.0,2025-03-21,231,0,301,0.25,1740667489422000000,2500,62500.0,2025-02-27,3000,30,True,Single Leg Floor Trade,Medical,Medical - Instruments,10.5,12.63,10.5,12.12,4,4.795880017344075,20,1,1,1,1,0
ATEC,Medical,Medical - Instruments,20__2,20,2.0,7. p90_trade_value,39000.0,48000.0,O:ATEC250516C00012500,ATEC,C,12.5,2025-05-16,229,0,302,0.52,1745517481299000000,750,39000.0,2025-04-24,3000,30,True,Single Leg Cross Non ISO,Medical,Medical - Instruments,11.21,11.55,11.18,11.4,8,4.5910646070264995,20,2,1,1,1,0
ATEC,Medical,Medical - Instruments,20__2,20,2.0,8. p75_trade_value,15750.0,33600.0,O:ATEC250516C00012500,ATEC,C,12.5,2025-05-16,229,0,302,0.54,1745524011234000000,500,27000.0,2025-04-24,3000,30,True,Single Leg Cross Non ISO,Medical,Medical - Instruments,11.21,11.55,11.18,11.4,10,4.431363764158987,20,3,1,1,1,0
ATEC,Medical,Medical - Instruments,20__2,20,2.0,7. p90_trade_value,39000.0,48000.0,O:ATEC250516C00012500,ATEC,C,12.5,2025-05-16,229,0,302,0.52,1745521059712000000,750,39000.0,2025-04-24,3000,30,True,Single Leg Cross Non ISO,Medical,Medical - Instruments,11.21,11.55,11.18,11.4,7,4.5910646070264995,20,2,1,1,1,0
ATEC,Medical,Medical - Instruments,20__2,20,2.0,6. p95_trade_value,62500.0,157950.0,O:ATEC250516P00010000,ATEC,P,10.0,2025-05-16,229,0,302,0.54,1746022430622000000,2925,157950.0,2025-04-30,3000,30,True,Single Leg Cross Non ISO,Medical,Medical - Instruments,11.1,11.11,10.825,10.98,2,5.198519630241168,20,1,0,0,0,1
ATHA,Medical,Medical - Biomedical and Genetics,10__0,10,0.0,8. p75_trade_value,5100.0,5100.0,O:ATHA240920P00002500,ATHA,P,2.5,2024-09-20,209,0,308,0.5,1725388795621000000,102,5100.0,2024-09-03,3000,30,True,Automatic Execution,Medical,Medical - Biomedical and Genetics,3.02,3.03,2.73,2.83,3,3.7075701760979363,20,3,1,1,1,0
ATHA,Medical,Medical - Biomedical and Genetics,10__0,10,0.0,1. p999999_trade_value,14940.0,14940.0,O:ATHA240920P00002500,ATHA,P,2.5,2024-09-20,219,0,304,0.45,1725393050550000000,332,14940.0,2024-09-03,3000,30,True,Intermarket Sweep Order,Medical,Medical - Biomedical and Genetics,3.02,3.03,2.73,2.83,1,4.17435059747938,20,1,1,1,1,0
ATHA,Medical,Medical - Biomedical and Genetics,10__0,10,0.0,7. p90_trade_value,5625.0,5625.0,O:ATHA240920P00002500,ATHA,P,2.5,2024-09-20,219,0,304,0.45,1725393050550000000,125,5625.0,2024-09-03,3000,30,True,Intermarket Sweep Order,Medical,Medical - Biomedical and Genetics,3.02,3.03,2.73,2.83,2,3.7501225267834,20,2,1,1,1,0
ATRC,Medical,Medical - Products,0__2,0,2.0,1. p999999_trade_value,5200.0,5200.0,O:ATRC241115C00030000,ATRC,C,30.0,2024-11-15,227,0,302,2.6,1730124747001000000,20,5200.0,2024-10-28,3000,30,True,Single Leg Auction Non ISO,Medical,Medical - Products,28.25,29.46,27.71,28.75,1,3.716003343634799,20,1,1,1,1,0
ATXS,Medical,Medical - Biomedical and Genetics,0__2,0,2.0,1. p999999_trade_value,5100.0,5100.0,O:ATXS250620C00005000,ATXS,C,5.0,2025-06-20,209,0,323,0.3,1748546788080000000,170,5100.0,2025-05-29,3000,30,True,Automatic Execution,Medical,Medical - Biomedical and Genetics,4.41,4.98,4.32,4.95,1,3.7075701760979363,20,1,1,0,0,0
AUTL,Medical,Medical - Biomedical and Genetics,5__0,5,0.0,1. p999999_trade_value,8070.0,8070.0,O:AUTL250620C00002000,AUTL,C,2.0,2025-06-20,209,0,323,0.1,1748881333223000000,807,8070.0,2025-06-02,3000,30,True,Automatic Execution,Medical,Medical - Biomedical and Genetics,1.78,1.95,1.745,1.91,1,3.90687353472207,20,1,1,0,0,0
AVDL,Medical,Medical - Drugs,20__0,20,0.0,1. p999999_trade_value,74250.00000000001,74250.00000000001,O:AVDL241115P00012500,AVDL,P,12.5,2024-11-15,229,0,302,1.1,1729176051801000000,675,74250.00000000001,2024-10-17,3000,30,True,Single Leg Cross Non ISO,Medical,Medical - Drugs,13.19,14.07,13.15,13.92,1,4.87069645798925,20,1,1,1,1,0
AVNS,Medical,Medical - Instruments,5__0,5,0.0,1. p999999_trade_value,6500.0,6500.0,O:AVNS250321P00015000,AVNS,P,15.0,2025-03-21,209,0,308,0.65,1740078878839000000,100,6500.0,2025-02-20,3000,30,True,Automatic Execution,Medical,Medical - Instruments,15.45,15.65,15.36,15.48,1,3.8129133566428557,20,1,1,1,1,0
AXSM,Medical,Medical - Biomedical and Genetics,30__1,30,1.0,1. p999999_trade_value,960000.0,960000.0,O:AXSM250117C00095000,AXSM,C,95.0,2025-01-17,235,0,300,9.6,1734640673227000000,1000,960000.0,2024-12-19,3000,30,True,Multi Leg floor trade,Medical,Medical - Biomedical and Genetics,90.9,92.0,88.31,89.74,1,5.982271233039568,20,1,1,0,0,0
AZN,Medical,Medical - Biomedical and Genetics,30__1,30,1.0,1. p999999_trade_value,804004.0,804004.0,O:AZN250417P00072000,AZN,P,72.0,2025-04-17,231,0,323,1.49,1743621298324000000,5396,804004.0,2025-04-02,3000,30,True,Single Leg Floor Trade,Medical,Medical - Biomedical and Genetics,72.52,72.84,72.05,72.22,1,5.905258209412141,20,1,1,1,1,0
BCAB,Medical,Medical - Biomedical and Genetics,10__0,10,0.0,1. p999999_trade_value,6075.0,6075.0,O:BCAB241115C00002500,BCAB,C,2.5,2024-11-15,227,0,302,0.25,1730131014904000000,243,6075.0,2024-10-28,3000,30,True,Single Leg Auction Non ISO,Medical,Medical - Biomedical and Genetics,2.02,2.125,1.97,2.09,1,3.7835462822703496,20,1,1,0,0,0
BDX,Medical,Medical - Dental Supplies,30__1,30,1.0,1. p999999_trade_value,821520.0000000001,821520.0000000001,O:BDX250221P00245000,BDX,P,245.0,2025-02-21,233,0,302,4.2,1738336672939000000,1956,821520.0000000001,2025-01-31,3000,30,True,Multi Leg Auction,Medical,Medical - Dental Supplies,247.86,249.36,246.92,247.6,1,5.914618140849483,20,1,1,1,1,0
BEAM,Medical,Medical - Biomedical and Genetics,20__0,20,0.0,6. p95_trade_value,15200.0,20580.0,O:BEAM241115C00025000,BEAM,C,25.0,2024-11-15,209,0,313,1.4,1730743479869000000,147,20580.0,2024-11-04,3000,30,True,Automatic Execution,Medical,Medical - Biomedical and Genetics,22.75,24.95,22.52,24.36,4,4.313445370426414,20,1,1,1,0,0
BEAM,Medical,Medical - Biomedical and Genetics,20__0,20,0.0,6. p95_trade_value,15200.0,20580.0,O:BEAM241115C00025000,BEAM,C,25.0,2024-11-15,209,0,313,1.4,1730743479869000000,147,20580.0,2024-11-04,3000,30,True,Automatic Execution,Medical,Medical - Biomedical and Genetics,22.75,24.95,22.52,24.36,3,4.313445370426414,20,1,1,1,0,0
BEAM,Medical,Medical - Biomedical and Genetics,20__0,20,0.0,6. p95_trade_value,15200.0,20580.0,O:BEAM241115C00025000,BEAM,C,25.0,2024-11-15,209,0,316,1.52,1730819679951000000,100,15200.0,2024-11-05,3000,30,True,Automatic Execution,Medical,Medical - Biomedical and Genetics,21.62,24.79,21.46,23.93,7,4.181843587944773,20,1,1,1,0,0
BEAM,Medical,Medical - Biomedical and Genetics,20__0,20,0.0,6. p95_trade_value,15200.0,20580.0,O:BEAM241220C00030000,BEAM,C,30.0,2024-12-20,209,0,303,1.15,1732567490031000000,167,19205.0,2024-11-25,3000,30,True,Automatic Execution,Medical,Medical - Biomedical and Genetics,25.94,26.9,25.59,26.65,5,4.283414311501195,20,1,1,0,0,0
BEAM,Medical,Medical - Biomedical and Genetics,20__0,20,0.0,6. p95_trade_value,15200.0,20580.0,O:BEAM241220C00030000,BEAM,C,30.0,2024-12-20,209,0,304,1.15,1732567449383000000,143,16445.0,2024-11-25,3000,30,True,Automatic Execution,Medical,Medical - Biomedical and Genetics,25.94,26.9,25.59,26.65,6,4.216033877818673,20,1,1,0,0,0
BEAM,Medical,Medical - Biomedical and Genetics,20__0,20,0.0,5. p99_trade_value,33000.0,33000.0,O:BEAM241220C00030000,BEAM,C,30.0,2024-12-20,235,0,313,1.1,1732732045203000000,300,33000.0,2024-11-27,3000,30,True,Multi Leg floor trade,Medical,Medical - Biomedical and Genetics,26.09,27.3,26.09,27.2,2,4.518513939877887,20,1,1,0,0,0
BEAM,Medical,Medical - Biomedical and Genetics,20__0,20,0.0,1. p999999_trade_value,34100.0,34100.0,O:BEAM250321C00029000,BEAM,C,29.0,2025-03-21,209,0,302,1.55,1741294381906000000,220,34100.0,2025-03-06,3000,30,True,Automatic Execution,Medical,Medical - Biomedical and Genetics,25.31,27.5,24.52,27.25,1,4.532754378992498,20,1,1,0,0,0
BIO,Medical,Medical - Products,15__0,15,0.0,6. p95_trade_value,101250.0,101250.0,O:BIO250516C00250000,BIO,C,250.0,2025-05-16,235,0,300,6.75,1746123622088000000,150,101250.0,2025-05-01,3000,30,True,Multi Leg floor trade,Medical,Medical - Products,243.01,245.175,238.53,240.43,2,5.005395031886706,20,1,1,0,0,0
BIO,Medical,Medical - Products,15__0,15,0.0,1. p999999_trade_value,133000.0,133000.0,O:BIO250516C00250000,BIO,C,250.0,2025-05-16,235,0,300,6.65,1746123270288000000,200,133000.0,2025-05-01,3000,30,True,Multi Leg floor trade,Medical,Medical - Products,243.01,245.175,238.53,240.43,1,5.123851640967086,20,1,1,0,0,0
BKD,Medical,Medical - Nursing Homes,0__2,0,2.0,1. p999999_trade_value,4000.0,4000.0,O:BKD250516C00006000,BKD,C,6.0,2025-05-16,209,0,323,0.4,1745334524514000000,100,4000.0,2025-04-22,3000,30,True,Automatic Execution,Medical,Medical - Nursing Homes,5.91,5.9794,5.81,5.88,1,3.6020599913279625,20,1,1,1,1,0
BLRX,Medical,Medical - Drugs,5__0,5,0.0,1. p999999_trade_value,3730.0000000000005,3730.0000000000005,O:BLRX250620P00004000,BLRX,P,4.0,2025-06-20,209,0,308,0.1,1748613694895000000,373,3730.0000000000005,2025-05-30,3000,30,True,Automatic Execution,Medical,Medical - Drugs,5.87,7.7699,4.9,5.25,1,3.571708831808688,20,1,1,0,0,0
BMRN,Medical,Medical - Biomedical and Genetics,25__0,25,0.0,1. p999999_trade_value,174150.0,174150.0,O:BMRN240920P00082500,BMRN,P,82.5,2024-09-20,227,0,300,0.86,1724766099715000000,2025,174150.0,2024-08-27,3000,30,True,Single Leg Auction Non ISO,Medical,Medical - Biomedical and Genetics,90.18,90.62,88.61,90.46,1,5.240923478794255,20,1,1,1,1,0
BMRN,Medical,Medical - Biomedical and Genetics,25__0,25,0.0,5. p99_trade_value,102000.0,130400.0,O:BMRN250117P00065000,BMRN,P,65.0,2025-01-17,231,0,301,1.0,1736542216948000000,1304,130400.0,2025-01-10,3000,30,True,Single Leg Floor Trade,Medical,Medical - Biomedical and Genetics,67.262,67.94,66.01,67.38,2,5.115277591395901,20,1,1,1,1,0
BMRN,Medical,Medical - Biomedical and Genetics,25__0,25,0.0,5. p99_trade_value,102000.0,130400.0,O:BMRN250221C00067500,BMRN,C,67.5,2025-02-21,235,0,300,1.02,1739990554161000000,1000,102000.0,2025-02-19,3000,30,True,Multi Leg floor trade,Medical,Medical - Biomedical and Genetics,64.65,65.69,64.39,65.61,3,5.008600171761918,20,1,1,1,1,0
BMY,Medical,Medical - Biomedical and Genetics,35__0,35,0.0,6. p95_trade_value,25714.0,97200.00000000001,O:BMY240920C00050000,BMY,C,50.0,2024-09-20,209,0,316,0.93,1724874637723000000,299,27807.0,2024-08-28,3000,30,True,Automatic Execution,Medical,Medical - Biomedical and Genetics,48.115,49.92,48.03,49.06,114,4.444154136878365,20,1,1,0,0,0
BMY,Medical,Medical - Biomedical and Genetics,35__0,35,0.0,5. p99_trade_value,97500.0,315000.0,O:BMY240927P00047000,BMY,P,47.0,2024-09-27,229,0,300,0.52,1725989780551000000,5000,260000.0,2024-09-10,3000,30,True,Single Leg Cross Non ISO,Medical,Medical - Biomedical and Genetics,48.5,49.315,47.97,49.28,5,5.414973347970818,20,1,0,0,0,1
BMY,Medical,Medical - Biomedical and Genetics,35__0,35,0.0,6. p95_trade_value,25714.0,97200.00000000001,O:BMY240927C00051000,BMY,C,51.0,2024-09-27,235,0,301,0.5,1726257438240000000,516,25800.0,2024-09-13,3000,30,True,Multi Leg floor trade,Medical,Medical - Biomedical and Genetics,48.25,49.15,48.2,49.13,130,4.41161970596323,20,1,1,1,0,0
BMY,Medical,Medical - Biomedical and Genetics,35__0,35,0.0,6. p95_trade_value,25714.0,97200.00000000001,O:BMY240927P00049000,BMY,P,49.0,2024-09-27,235,0,300,0.65,1726511752542000000,750,48750.0,2024-09-16,3000,30,True,Multi Leg floor trade,Medical,Medical - Biomedical and Genetics,49.5,50.25,49.255,49.99,52,4.687974620034556,20,1,1,0,0,0
BMY,Medical,Medical - Biomedical and Genetics,35__0,35,0.0,6. p95_trade_value,25714.0,97200.00000000001,O:BMY240927P00046000,BMY,P,46.0,2024-09-27,229,0,301,0.21,1726591834145000000,3900,81900.0,2024-09-17,3000,30,True,Single Leg Cross Non ISO,Medical,Medical - Biomedical and Genetics,50.09,50.412,48.85,49.49,31,4.913283901760418,20,1,0,0,0,1
BMY,Medical,Medical - Biomedical and Genetics,35__0,35,0.0,5. p99_trade_value,97500.0,315000.0,O:BMY241018C00051000,BMY,C,51.0,2024-10-18,231,0,301,0.79,1727116638070000000,1836,145044.0,2024-09-23,3000,30,True,Single Leg Floor Trade,Medical,Medical - Biomedical and Genetics,49.56,50.23,49.482249,50.01,20,5.161499768155665,20,1,1,1,1,0
BMY,Medical,Medical - Biomedical and Genetics,35__0,35,0.0,6. p95_trade_value,25714.0,97200.00000000001,O:BMY241018P00047500,BMY,P,47.5,2024-10-18,209,0,319,0.83,1727275313826000000,335,27805.0,2024-09-25,3000,30,True,Automatic Execution,Medical,Medical - Biomedical and Genetics,51.25,51.37,49.11,49.95,115,4.444122899412919,20,1,0,0,0,1
BMY,Medical,Medical - Biomedical and Genetics,35__0,35,0.0,6. p95_trade_value,25714.0,97200.00000000001,O:BMY241018P00047500,BMY,P,47.5,2024-10-18,209,0,316,0.83,1727275313826000000,335,27805.0,2024-09-25,3000,30,True,Automatic Execution,Medical,Medical - Biomedical and Genetics,51.25,51.37,49.11,49.95,116,4.444122899412919,20,1,0,0,0,1
BMY,Medical,Medical - Biomedical and Genetics,35__0,35,0.0,6. p95_trade_value,25714.0,97200.00000000001,O:BMY240927P00048500,BMY,P,48.5,2024-09-27,235,0,301,0.45,1727372650643000000,1450,65250.0,2024-09-26,3000,30,True,Multi Leg floor trade,Medical,Medical - Biomedical and Genetics,49.82,50.55,49.715,50.12,38,4.814580516010318,20,1,0,0,0,1
BMY,Medical,Medical - Biomedical and Genetics,35__0,35,0.0,6. p95_trade_value,25714.0,97200.00000000001,O:BMY241004C00051000,BMY,C,51.0,2024-10-04,209,0,302,0.9,1727359856714000000,359,32310.000000000004,2024-09-26,3000,30,True,Automatic Execution,Medical,Medical - Biomedical and Genetics,49.82,50.55,49.715,50.12,96,4.509336958017644,20,1,1,1,1,0
BMY,Medical,Medical - Biomedical and Genetics,35__0,35,0.0,6. p95_trade_value,25714.0,97200.00000000001,O:BMY241004P00048500,BMY,P,48.5,2024-10-04,209,0,316,0.77,1727361050585000000,346,26642.0,2024-09-26,3000,30,True,Automatic Execution,Medical,Medical - Biomedical and Genetics,49.82,50.55,49.715,50.12,126,4.425566823965259,20,1,0,0,0,1
BMY,Medical,Medical - Biomedical and Genetics,35__0,35,0.0,6. p95_trade_value,25714.0,97200.00000000001,O:BMY241004P00048500,BMY,P,48.5,2024-10-04,209,0,319,0.77,1727361050585000000,347,26719.0,2024-09-26,3000,30,True,Automatic Execution,Medical,Medical - Biomedical and Genetics,49.82,50.55,49.715,50.12,125,4.426820199963355,20,1,0,0,0,1
BMY,Medical,Medical - Biomedical and Genetics,35__0,35,0.0,6. p95_trade_value,25714.0,97200.00000000001,O:BMY241004P00049500,BMY,P,49.5,2024-10-04,209,0,316,1.15,1727361050585000000,301,34615.0,2024-09-26,3000,30,True,Automatic Execution,Medical,Medical - Biomedical and Genetics,49.82,50.55,49.715,50.12,87,4.539264335947455,20,1,0,0,0,1
BMY,Medical,Medical - Biomedical and Genetics,35__0,35,0.0,6. p95_trade_value,25714.0,97200.00000000001,O:BMY241004P00049500,BMY,P,49.5,2024-10-04,209,0,319,1.15,1727361050585000000,301,34615.0,2024-09-26,3000,30,True,Automatic Execution,Medical,Medical - Biomedical and Genetics,49.82,50.55,49.715,50.12,86,4.539264335947455,20,1,0,0,0,1
BMY,Medical,Medical - Biomedical and Genetics,35__0,35,0.0,6. p95_trade_value,25714.0,97200.00000000001,O:BMY241011P00049500,BMY,P,49.5,2024-10-11,232,0,308,0.48,1727459886455000000,1251,60048.0,2024-09-27,3000,30,True,Multi Leg auto-electronic trade,Medical,Medical - Biomedical and Genetics,51.54,52.16,50.71,50.91,42,4.778498547069007,20,1,0,0,0,1
BMY,Medical,Medical - Biomedical and Genetics,35__0,35,0.0,6. p95_trade_value,25714.0,97200.00000000001,O:BMY241011P00049500,BMY,P,49.5,2024-10-11,232,0,308,0.57,1727464453821000000,529,30152.999999999996,2024-09-27,3000,30,True,Multi Leg auto-electronic trade,Medical,Medical - Biomedical and Genetics,51.54,52.16,50.71,50.91,102,4.479330527707677,20,1,0,0,0,1
BMY,Medical,Medical - Biomedical and Genetics,35__0,35,0.0,6. p95_trade_value,25714.0,97200.00000000001,O:BMY241011P00050000,BMY,P,50.0,2024-10-11,232,0,308,0.62,1727459886455000000,1251,77562.0,2024-09-27,3000,30,True,Multi Leg auto-electronic trade,Medical,Medical - Biomedical and Genetics,51.54,52.16,50.71,50.91,37,4.889648999191674,20,1,0,0,0,1
BMY,Medical,Medical - Biomedical and Genetics,35__0,35,0.0,5. p99_trade_value,97500.0,315000.0,O:BMY241004P00049500,BMY,P,49.5,2024-10-04,241,0,323,0.27,1727704441565000000,5000,135000.0,2024-09-30,3000,30,True,Stock Options Cross,Medical,Medical - Biomedical and Genetics,51.51,51.94,51.035,51.74,21,5.1303337684950066,20,1,0,0,0,1
BMY,Medical,Medical - Biomedical and Genetics,35__0,35,0.0,6. p95_trade_value,25714.0,97200.00000000001,O:BMY241011P00053000,BMY,P,53.0,2024-10-11,231,0,302,0.54,1728049717183000000,1800,97200.00000000001,2024-10-04,3000,30,True,Single Leg Floor Trade,Medical,Medical - Biomedical and Genetics,53.4,54.01,53.2965,53.96,28,4.987666264926275,20,1,1,1,1,0
BMY,Medical,Medical - Biomedical and Genetics,35__0,35,0.0,6. p95_trade_value,25714.0,97200.00000000001,O:BMY241115C00057500,BMY,C,57.5,2024-11-15,209,0,300,0.49,1729281061442000000,564,27636.0,2024-10-18,3000,30,True,Automatic Execution,Medical,Medical - Biomedical and Genetics,53.26,53.33,52.335,53.22,117,4.441475184011856,20,1,1,1,0,0
BMY,Medical,Medical - Biomedical and Genetics,35__0,35,0.0,6. p95_trade_value,25714.0,97200.00000000001,O:BMY241115P00045000,BMY,P,45.0,2024-11-15,234,0,301,0.14,1729522773404000000,3595,50330.00000000001,2024-10-21,3000,30,True,Multi Leg Cross,Medical,Medical - Biomedical and Genetics,53.28,53.3,52.1,52.12,48,4.701826930397139,20,1,0,0,0,1
BMY,Medical,Medical - Biomedical and Genetics,35__0,35,0.0,6. p95_trade_value,25714.0,97200.00000000001,O:BMY241115C00055000,BMY,C,55.0,2024-11-15,219,0,322,0.86,1729701766514000000,347,29842.0,2024-10-23,3000,30,True,Intermarket Sweep Order,Medical,Medical - Biomedical and Genetics,52.8,53.11,52.535,53.06,106,4.4748279260344415,20,1,1,1,1,0
BMY,Medical,Medical - Biomedical and Genetics,35__0,35,0.0,6. p95_trade_value,25714.0,97200.00000000001,O:BMY241115C00055000,BMY,C,55.0,2024-11-15,209,0,316,0.9,1729701678664000000,384,34560.0,2024-10-23,3000,30,True,Automatic Execution,Medical,Medical - Biomedical and Genetics,52.8,53.11,52.535,53.06,88,4.538573733806856,20,1,1,1,1,0
BMY,Medical,Medical - Biomedical and Genetics,35__0,35,0.0,6. p95_trade_value,25714.0,97200.00000000001,O:BMY241115C00055000,BMY,C,55.0,2024-11-15,209,0,320,0.86,1729701766514000000,542,46612.0,2024-10-23,3000,30,True,Automatic Execution,Medical,Medical - Biomedical and Genetics,52.8,53.11,52.535,53.06,56,4.668497737781955,20,1,1,1,1,0
BMY,Medical,Medical - Biomedical and Genetics,35__0,35,0.0,6. p95_trade_value,25714.0,97200.00000000001,O:BMY241115C00057500,BMY,C,57.5,2024-11-15,209,0,304,0.34,1729696274499000000,973,33082.00000000001,2024-10-23,3000,30,True,Automatic Execution,Medical,Medical - Biomedical and Genetics,52.8,53.11,52.535,53.06,95,4.519591757310607,20,1,1,1,0,0
BMY,Medical,Medical - Biomedical and Genetics,35__0,35,0.0,6. p95_trade_value,25714.0,97200.00000000001,O:BMY241101C00053000,BMY,C,53.0,2024-11-01,232,0,300,0.81,1730134705879000000,438,35478.0,2024-10-28,3000,30,True,Multi Leg auto-electronic trade,Medical,Medical - Biomedical and Genetics,51.95,52.755,51.81,52.64,80,4.549959129382749,20,1,1,1,1,0
BMY,Medical,Medical - Biomedical and Genetics,35__0,35,0.0,6. p95_trade_value,25714.0,97200.00000000001,O:BMY241108C00054000,BMY,C,54.0,2024-11-08,232,0,300,0.85,1730134705879000000,438,37230.0,2024-10-28,3000,30,True,Multi Leg auto-electronic trade,Medical,Medical - Biomedical and Genetics,51.95,52.755,51.81,52.64,76,4.570893036218393,20,1,1,1,1,0
BMY,Medical,Medical - Biomedical and Genetics,35__0,35,0.0,6. p95_trade_value,25714.0,97200.00000000001,O:BMY241101P00052000,BMY,P,52.0,2024-11-01,209,0,320,0.76,1730214271780000000,489,37164.0,2024-10-29,3000,30,True,Automatic Execution,Medical,Medical - Biomedical and Genetics,52.34,52.735,52.14,52.5,77,4.570122451404411,20,1,0,0,0,1
BMY,Medical,Medical - Biomedical and Genetics,35__0,35,0.0,6. p95_trade_value,25714.0,97200.00000000001,O:BMY241101P00052000,BMY,P,52.0,2024-11-01,209,0,316,0.91,1730231395842000000,296,26936.0,2024-10-29,3000,30,True,Automatic Execution,Medical,Medical - Biomedical and Genetics,52.34,52.735,52.14,52.5,123,4.430333103380033,20,1,0,0,0,1
BMY,Medical,Medical - Biomedical and Genetics,35__0,35,0.0,6. p95_trade_value,25714.0,97200.00000000001,O:BMY241101P00052000,BMY,P,52.0,2024-11-01,209,0,316,0.91,1730231152788000000,500,45500.0,2024-10-29,3000,30,True,Automatic Execution,Medical,Medical - Biomedical and Genetics,52.34,52.735,52.14,52.5,57,4.658011396657113,20,1,0,0,0,1
BMY,Medical,Medical - Biomedical and Genetics,35__0,35,0.0,5. p99_trade_value,97500.0,315000.0,O:BMY241115C00057500,BMY,C,57.5,2024-11-15,235,0,323,0.49,1730474196629000000,2500,122500.0,2024-11-01,3000,30,True,Multi Leg floor trade,Medical,Medical - Biomedical and Genetics,55.88,55.9,54.2,54.32,23,5.088136088700551,20,1,1,1,0,0
BMY,Medical,Medical - Biomedical and Genetics,35__0,35,0.0,6. p95_trade_value,25714.0,97200.00000000001,O:BMY241115C00057500,BMY,C,57.5,2024-11-15,233,0,309,0.27,1730820992680000000,2386,64422.0,2024-11-05,3000,30,True,Multi Leg Auction,Medical,Medical - Biomedical and Genetics,55.14,56.28,54.72,55.95,39,4.809034203493311,20,1,1,1,0,0
BMY,Medical,Medical - Biomedical and Genetics,35__0,35,0.0,6. p95_trade_value,25714.0,97200.00000000001,O:BMY241206C00062000,BMY,C,62.0,2024-12-06,235,0,301,0.45,1731424982278000000,993,44685.0,2024-11-12,3000,30,True,Multi Leg floor trade,Medical,Medical - Biomedical and Genetics,59.82,60.62,58.81,59.02,59,4.6501617622707245,20,1,0,0,0,1
BMY,Medical,Medical - Biomedical and Genetics,35__0,35,0.0,6. p95_trade_value,25714.0,97200.00000000001,O:BMY241220P00057500,BMY,P,57.5,2024-12-20,209,0,320,1.13,1732115403958000000,300,33899.99999999999,2024-11-20,3000,30,True,Automatic Execution,Medical,Medical - Biomedical and Genetics,58.605,58.83,57.67,57.88,90,4.530199698203082,20,1,1,1,1,0
BMY,Medical,Medical - Biomedical and Genetics,35__0,35,0.0,6. p95_trade_value,25714.0,97200.00000000001,O:BMY241220C00061000,BMY,C,61.0,2024-12-20,227,0,308,0.63,1732725106343000000,465,29295.0,2024-11-27,3000,30,True,Single Leg Auction Non ISO,Medical,Medical - Biomedical and Genetics,58.82,59.505,58.78,59.27,108,4.466793502343536,20,1,0,0,0,1
BMY,Medical,Medical - Biomedical and Genetics,35__0,35,0.0,6. p95_trade_value,25714.0,97200.00000000001,O:BMY241220C00061000,BMY,C,61.0,2024-12-20,227,0,304,0.66,1732724659392000000,845,55770.00000000001,2024-11-27,3000,30,True,Single Leg Auction Non ISO,Medical,Medical - Biomedical and Genetics,58.82,59.505,58.78,59.27,45,4.746400644491561,20,1,0,0,0,1
BMY,Medical,Medical - Biomedical and Genetics,35__0,35,0.0,6. p95_trade_value,25714.0,97200.00000000001,O:BMY241220C00061000,BMY,C,61.0,2024-12-20,227,0,301,0.64,1732728843455000000,561,35904.0,2024-11-27,3000,30,True,Single Leg Auction Non ISO,Medical,Medical - Biomedical and Genetics,58.82,59.505,58.78,59.27,79,4.555142835240049,20,1,0,0,0,1
BMY,Medical,Medical - Biomedical and Genetics,35__0,35,0.0,6. p95_trade_value,25714.0,97200.00000000001,O:BMY250117C00060000,BMY,C,60.0,2025-01-17,209,0,304,0.55,1734619226874000000,500,27500.0,2024-12-19,3000,30,True,Automatic Execution,Medical,Medical - Biomedical and Genetics,56.85,57.19,56.11,56.3,119,4.439332693830263,20,1,0,0,0,1
BMY,Medical,Medical - Biomedical and Genetics,35__0,35,0.0,6. p95_trade_value,25714.0,97200.00000000001,O:BMY250117C00057500,BMY,C,57.5,2025-01-17,209,0,304,1.18,1734717346966000000,300,35400.0,2024-12-20,3000,30,True,Automatic Execution,Medical,Medical - Biomedical and Genetics,56.22,57.33,56.0812,57.33,81,4.549003262025788,20,1,1,0,0,0
BMY,Medical,Medical - Biomedical and Genetics,35__0,35,0.0,6. p95_trade_value,25714.0,97200.00000000001,O:BMY250117C00057500,BMY,C,57.5,2025-01-17,209,0,307,1.02,1734727357981000000,300,30600.0,2024-12-20,3000,30,True,Automatic Execution,Medical,Medical - Biomedical and Genetics,56.22,57.33,56.0812,57.33,100,4.48572142648158,20,1,1,0,0,0
BMY,Medical,Medical - Biomedical and Genetics,35__0,35,0.0,6. p95_trade_value,25714.0,97200.00000000001,O:BMY250117C00057500,BMY,C,57.5,2025-01-17,242,0,323,1.12,1734717795982000000,250,28000.0,2024-12-20,3000,30,True,Stock Options floor trade,Medical,Medical - Biomedical and Genetics,56.22,57.33,56.0812,57.33,113,4.447158031342219,20,1,1,0,0,0
BMY,Medical,Medical - Biomedical and Genetics,35__0,35,0.0,6. p95_trade_value,25714.0,97200.00000000001,O:BMY250103C00059000,BMY,C,59.0,2025-01-03,239,0,302,0.16,1735315635402000000,4000,64000.0,2024-12-27,3000,30,True,Multi Leg floor trade against single leg(s),Medical,Medical - Biomedical and Genetics,57.65,58.375,57.52,57.68,40,4.8061799739838875,20,1,0,0,0,1
BMY,Medical,Medical - Biomedical and Genetics,35__0,35,0.0,5. p99_trade_value,97500.0,315000.0,O:BMY250103P00057000,BMY,P,57.0,2025-01-03,239,0,302,0.54,1735315635510000000,4000,216000.0,2024-12-27,3000,30,True,Multi Leg floor trade against single leg(s),Medical,Medical - Biomedical and Genetics,57.65,58.375,57.52,57.68,7,5.334453751150931,20,1,1,1,1,0
BMY,Medical,Medical - Biomedical and Genetics,35__0,35,0.0,6. p95_trade_value,25714.0,97200.00000000001,O:BMY250117C00058000,BMY,C,58.0,2025-01-17,209,0,304,0.45,1735919797494000000,925,41625.0,2025-01-03,3000,30,True,Automatic Execution,Medical,Medical - Biomedical and Genetics,56.34,56.8,56.31,56.57,64,4.619354246514376,20,1,0,0,0,1
BMY,Medical,Medical - Biomedical and Genetics,35__0,35,0.0,6. p95_trade_value,25714.0,97200.00000000001,O:BMY250117C00058000,BMY,C,58.0,2025-01-17,227,0,304,0.51,1735917751468000000,841,42891.0,2025-01-03,3000,30,True,Single Leg Auction Non ISO,Medical,Medical - Biomedical and Genetics,56.34,56.8,56.31,56.57,63,4.632366171895849,20,1,0,0,0,1
BMY,Medical,Medical - Biomedical and Genetics,35__0,35,0.0,6. p95_trade_value,25714.0,97200.00000000001,O:BMY250117C00058000,BMY,C,58.0,2025-01-17,227,0,302,0.52,1735918006970000000,1068,55536.0,2025-01-03,3000,30,True,Single Leg Auction Non ISO,Medical,Medical - Biomedical and Genetics,56.34,56.8,56.31,56.57,46,4.744574596327337,20,1,0,0,0,1
BMY,Medical,Medical - Biomedical and Genetics,35__0,35,0.0,6. p95_trade_value,25714.0,97200.00000000001,O:BMY250131C00060000,BMY,C,60.0,2025-01-31,227,0,323,0.27,1735925725565000000,998,26946.000000000004,2025-01-03,3000,30,True,Single Leg Auction Non ISO,Medical,Medical - Biomedical and Genetics,56.34,56.8,56.31,56.57,122,4.430494305446358,20,1,1,1,0,0
BMY,Medical,Medical - Biomedical and Genetics,35__0,35,0.0,6. p95_trade_value,25714.0,97200.00000000001,O:BMY250221C00057500,BMY,C,57.5,2025-02-21,209,0,320,1.4,1737557345232000000,269,37660.0,2025-01-22,3000,30,True,Automatic Execution,Medical,Medical - Biomedical and Genetics,56.49,57.39,55.95,57.09,75,4.575880315680646,20,1,1,0,0,0
BMY,Medical,Medical - Biomedical and Genetics,35__0,35,0.0,5. p99_trade_value,97500.0,315000.0,O:BMY250221C00060000,BMY,C,60.0,2025-02-21,235,0,323,1.52,1737662511431000000,995,151240.0,2025-01-23,3000,30,True,Multi Leg floor trade,Medical,Medical - Biomedical and Genetics,57.14,59.25,57.02,59.14,18,5.179666668690498,20,1,1,0,0,0
BMY,Medical,Medical - Biomedical and Genetics,35__0,35,0.0,5. p99_trade_value,97500.0,315000.0,O:BMY250221C00060000,BMY,C,60.0,2025-02-21,235,0,323,1.52,1737662511431000000,955,145160.0,2025-01-23,3000,30,True,Multi Leg floor trade,Medical,Medical - Biomedical and Genetics,57.14,59.25,57.02,59.14,19,5.161846959528519,20,1,1,0,0,0
BMY,Medical,Medical - Biomedical and Genetics,35__0,35,0.0,5. p99_trade_value,97500.0,315000.0,O:BMY250221C00060000,BMY,C,60.0,2025-02-21,235,0,323,1.52,1737661590014000000,995,151240.0,2025-01-23,3000,30,True,Multi Leg floor trade,Medical,Medical - Biomedical and Genetics,57.14,59.25,57.02,59.14,17,5.179666668690498,20,1,1,0,0,0
BMY,Medical,Medical - Biomedical and Genetics,35__0,35,0.0,6. p95_trade_value,25714.0,97200.00000000001,O:BMY250131C00060000,BMY,C,60.0,2025-01-31,232,0,308,0.34,1738169530933000000,1000,34000.0,2025-01-29,3000,30,True,Multi Leg auto-electronic trade,Medical,Medical - Biomedical and Genetics,59.08,59.74,58.805,59.05,89,4.531478917042255,20,1,1,1,0,0
BMY,Medical,Medical - Biomedical and Genetics,35__0,35,0.0,6. p95_trade_value,25714.0,97200.00000000001,O:BMY250221C00062000,BMY,C,62.0,2025-02-21,232,0,308,0.81,1738169530934000000,1000,81000.0,2025-01-29,3000,30,True,Multi Leg auto-electronic trade,Medical,Medical - Biomedical and Genetics,59.08,59.74,58.805,59.05,32,4.9084850188786495,20,1,0,0,0,1
BMY,Medical,Medical - Biomedical and Genetics,35__0,35,0.0,6. p95_trade_value,25714.0,97200.00000000001,O:BMY250207C00062000,BMY,C,62.0,2025-02-07,209,0,316,0.59,1738598954440000000,572,33747.99999999999,2025-02-03,3000,30,True,Automatic Execution,Medical,Medical - Biomedical and Genetics,58.79,60.31,58.55,59.95,91,4.528248040435169,20,1,0,0,0,1
BMY,Medical,Medical - Biomedical and Genetics,35__0,35,0.0,5. p99_trade_value,97500.0,315000.0,O:BMY250207C00061000,BMY,C,61.0,2025-02-07,228,0,312,1.13,1738777375309000000,1411,159442.99999999997,2025-02-05,3000,30,True,Single Leg Auction ISO,Medical,Medical - Biomedical and Genetics,59.64,60.36,59.23,59.71,14,5.202605457237768,20,1,0,0,0,1
BMY,Medical,Medical - Biomedical and Genetics,35__0,35,0.0,6. p95_trade_value,25714.0,97200.00000000001,O:BMY250207C00061000,BMY,C,61.0,2025-02-07,209,0,320,1.22,1738780689504000000,246,30012.0,2025-02-05,3000,30,True,Automatic Execution,Medical,Medical - Biomedical and Genetics,59.64,60.36,59.23,59.71,103,4.477294937778128,20,1,0,0,0,1
BMY,Medical,Medical - Biomedical and Genetics,35__0,35,0.0,6. p95_trade_value,25714.0,97200.00000000001,O:BMY250207C00061000,BMY,C,61.0,2025-02-07,227,0,312,1.0,1738771683050000000,300,30000.0,2025-02-05,3000,30,True,Single Leg Auction Non ISO,Medical,Medical - Biomedical and Genetics,59.64,60.36,59.23,59.71,104,4.477121254719663,20,1,0,0,0,1
BMY,Medical,Medical - Biomedical and Genetics,35__0,35,0.0,5. p99_trade_value,97500.0,315000.0,O:BMY250207P00057000,BMY,P,57.0,2025-02-07,235,0,301,0.4,1738785068491000000,5000,200000.0,2025-02-05,3000,30,True,Multi Leg floor trade,Medical,Medical - Biomedical and Genetics,59.64,60.36,59.23,59.71,9,5.301029995663981,20,1,1,1,1,0
BMY,Medical,Medical - Biomedical and Genetics,35__0,35,0.0,5. p99_trade_value,97500.0,315000.0,O:BMY250207P00059000,BMY,P,59.0,2025-02-07,235,0,301,1.05,1738785068491000000,3000,315000.0,2025-02-05,3000,30,True,Multi Leg floor trade,Medical,Medical - Biomedical and Genetics,59.64,60.36,59.23,59.71,4,5.498310553789601,20,1,1,1,1,0
BMY,Medical,Medical - Biomedical and Genetics,35__0,35,0.0,6. p95_trade_value,25714.0,97200.00000000001,O:BMY250207P00059000,BMY,P,59.0,2025-02-07,231,0,323,1.26,1738776284271000000,300,37800.0,2025-02-05,3000,30,True,Single Leg Floor Trade,Medical,Medical - Biomedical and Genetics,59.64,60.36,59.23,59.71,74,4.577491799837225,20,1,1,1,1,0
BMY,Medical,Medical - Biomedical and Genetics,35__0,35,0.0,6. p95_trade_value,25714.0,97200.00000000001,O:BMY250214P00057000,BMY,P,57.0,2025-02-14,229,0,300,0.53,1738781999631000000,1516,80348.0,2025-02-05,3000,30,True,Single Leg Cross Non ISO,Medical,Medical - Biomedical and Genetics,59.64,60.36,59.23,59.71,34,4.904975070896824,20,1,1,1,1,0
BMY,Medical,Medical - Biomedical and Genetics,35__0,35,0.0,6. p95_trade_value,25714.0,97200.00000000001,O:BMY250221C00064000,BMY,C,64.0,2025-02-21,209,0,307,0.52,1738784312175000000,500,26000.0,2025-02-05,3000,30,True,Automatic Execution,Medical,Medical - Biomedical and Genetics,59.64,60.36,59.23,59.71,128,4.414973347970818,20,1,0,0,0,1
BMY,Medical,Medical - Biomedical and Genetics,35__0,35,0.0,6. p95_trade_value,25714.0,97200.00000000001,O:BMY250214C00057000,BMY,C,57.0,2025-02-14,227,0,304,0.19,1739392026454000000,4218,80142.0,2025-02-12,3000,30,True,Single Leg Auction Non ISO,Medical,Medical - Biomedical and Genetics,55.67,56.54,55.4536,56.15,35,4.903860176356297,20,1,0,0,0,1
BMY,Medical,Medical - Biomedical and Genetics,35__0,35,0.0,6. p95_trade_value,25714.0,97200.00000000001,O:BMY250221C00056000,BMY,C,56.0,2025-02-21,239,0,302,0.16,1740084776581000000,2000,32000.0,2025-02-20,3000,30,True,Multi Leg floor trade against single leg(s),Medical,Medical - Biomedical and Genetics,55.02,55.82,54.8,55.79,97,4.505149978319906,20,1,1,1,0,0
BMY,Medical,Medical - Biomedical and Genetics,35__0,35,0.0,6. p95_trade_value,25714.0,97200.00000000001,O:BMY250321C00057500,BMY,C,57.5,2025-03-21,209,0,307,0.91,1740171014452000000,300,27300.0,2025-02-21,3000,30,True,Automatic Execution,Medical,Medical - Biomedical and Genetics,55.43,56.055,54.85,55.83,120,4.4361626470407565,20,1,1,1,1,0
BMY,Medical,Medical - Biomedical and Genetics,35__0,35,0.0,6. p95_trade_value,25714.0,97200.00000000001,O:BMY250321C00057500,BMY,C,57.5,2025-03-21,209,0,313,0.86,1740171375379000000,299,25714.0,2025-02-21,3000,30,True,Automatic Execution,Medical,Medical - Biomedical and Genetics,55.43,56.055,54.85,55.83,131,4.4101696395679975,20,1,1,1,1,0
BMY,Medical,Medical - Biomedical and Genetics,35__0,35,0.0,6. p95_trade_value,25714.0,97200.00000000001,O:BMY250321C00060000,BMY,C,60.0,2025-03-21,219,0,307,1.12,1740506279276000000,273,30576.000000000004,2025-02-25,3000,30,True,Intermarket Sweep Order,Medical,Medical - Biomedical and Genetics,58.3,59.94,58.165,58.21,101,4.4853806697109375,20,1,1,1,1,0
BMY,Medical,Medical - Biomedical and Genetics,35__0,35,0.0,6. p95_trade_value,25714.0,97200.00000000001,O:BMY250321P00058000,BMY,P,58.0,2025-03-21,209,0,302,1.12,1740502585406000000,263,29456.0,2025-02-25,3000,30,True,Automatic Execution,Medical,Medical - Biomedical and Genetics,58.3,59.94,58.165,58.21,107,4.469173771159939,20,1,1,0,0,0
BMY,Medical,Medical - Biomedical and Genetics,35__0,35,0.0,6. p95_trade_value,25714.0,97200.00000000001,O:BMY250321P00058000,BMY,P,58.0,2025-03-21,209,0,302,1.1,1740502563276000000,364,40040.0,2025-02-25,3000,30,True,Automatic Execution,Medical,Medical - Biomedical and Genetics,58.3,59.94,58.165,58.21,66,4.602494068807281,20,1,1,0,0,0
BMY,Medical,Medical - Biomedical and Genetics,35__0,35,0.0,6. p95_trade_value,25714.0,97200.00000000001,O:BMY250321P00056000,BMY,P,56.0,2025-03-21,209,0,320,0.85,1740595933128000000,518,44030.0,2025-02-26,3000,30,True,Automatic Execution,Medical,Medical - Biomedical and Genetics,58.16,58.42,57.22,57.38,62,4.643748685459526,20,1,0,0,0,1
BMY,Medical,Medical - Biomedical and Genetics,35__0,35,0.0,6. p95_trade_value,25714.0,97200.00000000001,O:BMY250321C00061000,BMY,C,61.0,2025-03-21,227,0,302,0.58,1740687749069000000,580,33640.0,2025-02-27,3000,30,True,Single Leg Auction Non ISO,Medical,Medical - Biomedical and Genetics,57.34,58.82,56.96,58.8,93,4.526855987125875,20,1,1,1,1,0
BMY,Medical,Medical - Biomedical and Genetics,35__0,35,0.0,6. p95_trade_value,25714.0,97200.00000000001,O:BMY250321C00061000,BMY,C,61.0,2025-03-21,227,0,308,0.58,1740686745330000000,475,27550.0,2025-02-27,3000,30,True,Single Leg Auction Non ISO,Medical,Medical - Biomedical and Genetics,57.34,58.82,56.96,58.8,118,4.440121603187804,20,1,1,1,1,0
BMY,Medical,Medical - Biomedical and Genetics,35__0,35,0.0,6. p95_trade_value,25714.0,97200.00000000001,O:BMY250321C00061000,BMY,C,61.0,2025-03-21,227,0,302,0.58,1740687749069000000,580,33640.0,2025-02-27,3000,30,True,Single Leg Auction Non ISO,Medical,Medical - Biomedical and Genetics,57.34,58.82,56.96,58.8,92,4.526855987125875,20,1,1,1,1,0
BMY,Medical,Medical - Biomedical and Genetics,35__0,35,0.0,6. p95_trade_value,25714.0,97200.00000000001,O:BMY250321C00061000,BMY,C,61.0,2025-03-21,227,0,302,0.58,1740686342471000000,493,28594.0,2025-02-27,3000,30,True,Single Leg Auction Non ISO,Medical,Medical - Biomedical and Genetics,57.34,58.82,56.96,58.8,111,4.4562749128401675,20,1,1,1,1,0
BMY,Medical,Medical - Biomedical and Genetics,35__0,35,0.0,6. p95_trade_value,25714.0,97200.00000000001,O:BMY250328C00059000,BMY,C,59.0,2025-03-28,209,0,307,1.48,1740672896299000000,195,28860.000000000004,2025-02-27,3000,30,True,Automatic Execution,Medical,Medical - Biomedical and Genetics,57.34,58.82,56.96,58.8,110,4.460296326757476,20,1,1,1,1,0
BMY,Medical,Medical - Biomedical and Genetics,35__0,35,0.0,5. p99_trade_value,97500.0,315000.0,O:BMY250321C00060000,BMY,C,60.0,2025-03-21,232,0,308,1.14,1741017041790000000,1000,114000.0,2025-03-03,3000,30,True,Multi Leg auto-electronic trade,Medical,Medical - Biomedical and Genetics,59.75,59.92,59.01,59.87,24,5.056904851336473,20,1,1,1,1,0
BMY,Medical,Medical - Biomedical and Genetics,35__0,35,0.0,5. p99_trade_value,97500.0,315000.0,O:BMY250314P00059000,BMY,P,59.0,2025-03-14,228,0,312,0.82,1741280746109000000,2337,191634.0,2025-03-06,3000,30,True,Single Leg Auction ISO,Medical,Medical - Biomedical and Genetics,59.94,60.7,59.03,60.18,11,5.282472564775944,20,1,1,1,0,0
BMY,Medical,Medical - Biomedical and Genetics,35__0,35,0.0,6. p95_trade_value,25714.0,97200.00000000001,O:BMY250314C00061000,BMY,C,61.0,2025-03-14,209,0,307,0.35,1741788129877000000,1000,35000.0,2025-03-12,3000,30,True,Automatic Execution,Medical,Medical - Biomedical and Genetics,60.72,60.82,59.52,59.81,83,4.544068044350276,20,1,0,0,0,1
BMY,Medical,Medical - Biomedical and Genetics,35__0,35,0.0,6. p95_trade_value,25714.0,97200.00000000001,O:BMY250404P00059000,BMY,P,59.0,2025-04-04,209,0,316,0.74,1742568014555000000,390,28860.000000000004,2025-03-21,3000,30,True,Automatic Execution,Medical,Medical - Biomedical and Genetics,60.23,61.34,59.84,61.07,109,4.460296326757476,20,1,1,1,1,0
BMY,Medical,Medical - Biomedical and Genetics,35__0,35,0.0,6. p95_trade_value,25714.0,97200.00000000001,O:BMY250417C00062500,BMY,C,62.5,2025-04-17,229,0,308,0.73,1742582575649000000,800,58400.0,2025-03-21,3000,30,True,Single Leg Cross Non ISO,Medical,Medical - Biomedical and Genetics,60.23,61.34,59.84,61.07,43,4.7664128471124,20,1,0,0,0,1
BMY,Medical,Medical - Biomedical and Genetics,35__0,35,0.0,6. p95_trade_value,25714.0,97200.00000000001,O:BMY250404P00056000,BMY,P,56.0,2025-04-04,232,0,313,0.32,1742931413862000000,1241,39712.0,2025-03-25,3000,30,True,Multi Leg auto-electronic trade,Medical,Medical - Biomedical and Genetics,61.21,61.49,59.18,59.19,69,4.598921759818635,20,1,1,1,1,0
BMY,Medical,Medical - Biomedical and Genetics,35__0,35,0.0,6. p95_trade_value,25714.0,97200.00000000001,O:BMY250404P00056000,BMY,P,56.0,2025-04-04,232,0,301,0.32,1742931413763000000,1249,39968.0,2025-03-25,3000,30,True,Multi Leg auto-electronic trade,Medical,Medical - Biomedical and Genetics,61.21,61.49,59.18,59.19,67,4.601712416694041,20,1,1,1,1,0
BMY,Medical,Medical - Biomedical and Genetics,35__0,35,0.0,6. p95_trade_value,25714.0,97200.00000000001,O:BMY250404P00056000,BMY,P,56.0,2025-04-04,232,0,313,0.32,1742931378740000000,1249,39968.0,2025-03-25,3000,30,True,Multi Leg auto-electronic trade,Medical,Medical - Biomedical and Genetics,61.21,61.49,59.18,59.19,68,4.601712416694041,20,1,1,1,1,0
BMY,Medical,Medical - Biomedical and Genetics,35__0,35,0.0,5. p99_trade_value,97500.0,315000.0,O:BMY250404P00059000,BMY,P,59.0,2025-04-04,232,0,313,1.28,1742931413862000000,1241,158848.0,2025-03-25,3000,30,True,Multi Leg auto-electronic trade,Medical,Medical - Biomedical and Genetics,61.21,61.49,59.18,59.19,15,5.200981751146598,20,1,1,1,1,0
BMY,Medical,Medical - Biomedical and Genetics,35__0,35,0.0,5. p99_trade_value,97500.0,315000.0,O:BMY250404P00059000,BMY,P,59.0,2025-04-04,232,0,313,1.26,1742931378740000000,1249,157374.0,2025-03-25,3000,30,True,Multi Leg auto-electronic trade,Medical,Medical - Biomedical and Genetics,61.21,61.49,59.18,59.19,16,5.196932983491698,20,1,1,1,1,0
BMY,Medical,Medical - Biomedical and Genetics,35__0,35,0.0,5. p99_trade_value,97500.0,315000.0,O:BMY250404P00059000,BMY,P,59.0,2025-04-04,232,0,301,1.28,1742931413763000000,1249,159872.0,2025-03-25,3000,30,True,Multi Leg auto-electronic trade,Medical,Medical - Biomedical and Genetics,61.21,61.49,59.18,59.19,13,5.203772408022004,20,1,1,1,1,0
BMY,Medical,Medical - Biomedical and Genetics,35__0,35,0.0,6. p95_trade_value,25714.0,97200.00000000001,O:BMY250404P00059000,BMY,P,59.0,2025-04-04,232,0,313,1.28,1742931399652000000,300,38400.0,2025-03-25,3000,30,True,Multi Leg auto-electronic trade,Medical,Medical - Biomedical and Genetics,61.21,61.49,59.18,59.19,72,4.5843312243675305,20,1,1,1,1,0
BMY,Medical,Medical - Biomedical and Genetics,35__0,35,0.0,6. p95_trade_value,25714.0,97200.00000000001,O:BMY250404P00059000,BMY,P,59.0,2025-04-04,232,0,301,1.28,1742931399553000000,300,38400.0,2025-03-25,3000,30,True,Multi Leg auto-electronic trade,Medical,Medical - Biomedical and Genetics,61.21,61.49,59.18,59.19,71,4.5843312243675305,20,1,1,1,1,0
BMY,Medical,Medical - Biomedical and Genetics,35__0,35,0.0,6. p95_trade_value,25714.0,97200.00000000001,O:BMY250404P00059000,BMY,P,59.0,2025-04-04,232,0,313,1.27,1742931380193000000,625,79375.0,2025-03-25,3000,30,True,Multi Leg auto-electronic trade,Medical,Medical - Biomedical and Genetics,61.21,61.49,59.18,59.19,36,4.899683738300032,20,1,1,1,1,0
BMY,Medical,Medical - Biomedical and Genetics,35__0,35,0.0,6. p95_trade_value,25714.0,97200.00000000001,O:BMY250417P00057500,BMY,P,57.5,2025-04-17,209,0,319,1.08,1742931613364000000,311,33588.0,2025-03-25,3000,30,True,Automatic Execution,Medical,Medical - Biomedical and Genetics,61.21,61.49,59.18,59.19,94,4.526184144513787,20,1,1,1,1,0
BMY,Medical,Medical - Biomedical and Genetics,35__0,35,0.0,5. p99_trade_value,97500.0,315000.0,O:BMY250417P00057500,BMY,P,57.5,2025-04-17,228,0,312,1.03,1742932111074000000,1888,194464.0,2025-03-25,3000,30,True,Single Leg Auction ISO,Medical,Medical - Biomedical and Genetics,61.21,61.49,59.18,59.19,10,5.288839214667222,20,1,1,1,1,0
BMY,Medical,Medical - Biomedical and Genetics,35__0,35,0.0,6. p95_trade_value,25714.0,97200.00000000001,O:BMY250417P00059000,BMY,P,59.0,2025-04-17,219,0,323,1.66,1742929858335000000,500,83000.0,2025-03-25,3000,30,True,Intermarket Sweep Order,Medical,Medical - Biomedical and Genetics,61.21,61.49,59.18,59.19,30,4.919078092376074,20,1,1,1,1,0
BMY,Medical,Medical - Biomedical and Genetics,35__0,35,0.0,6. p95_trade_value,25714.0,97200.00000000001,O:BMY250411P00057000,BMY,P,57.0,2025-04-11,241,0,323,0.46,1743525916012000000,2000,92000.0,2025-04-01,3000,30,True,Stock Options Cross,Medical,Medical - Biomedical and Genetics,60.77,61.1,59.235,59.55,29,4.963787827345556,20,1,1,1,1,0
BMY,Medical,Medical - Biomedical and Genetics,35__0,35,0.0,6. p95_trade_value,25714.0,97200.00000000001,O:BMY250417P00058000,BMY,P,58.0,2025-04-17,209,0,313,0.96,1743516918430000000,375,36000.0,2025-04-01,3000,30,True,Automatic Execution,Medical,Medical - Biomedical and Genetics,60.77,61.1,59.235,59.55,78,4.556302500767287,20,1,1,1,1,0
BMY,Medical,Medical - Biomedical and Genetics,35__0,35,0.0,6. p95_trade_value,25714.0,97200.00000000001,O:BMY250417P00058000,BMY,P,58.0,2025-04-17,209,0,313,0.93,1743517354427000000,375,34875.0,2025-04-01,3000,30,True,Automatic Execution,Medical,Medical - Biomedical and Genetics,60.77,61.1,59.235,59.55,84,4.542514216281654,20,1,1,1,1,0
BMY,Medical,Medical - Biomedical and Genetics,35__0,35,0.0,5. p99_trade_value,97500.0,315000.0,O:BMY250425P00059000,BMY,P,59.0,2025-04-25,232,0,313,1.95,1743516532730000000,500,97500.0,2025-04-01,3000,30,True,Multi Leg auto-electronic trade,Medical,Medical - Biomedical and Genetics,60.77,61.1,59.235,59.55,27,4.989004615698537,20,1,1,1,1,0
BMY,Medical,Medical - Biomedical and Genetics,35__0,35,0.0,6. p95_trade_value,25714.0,97200.00000000001,O:BMY250425P00059000,BMY,P,59.0,2025-04-25,232,0,313,1.96,1743523737692000000,250,49000.0,2025-04-01,3000,30,True,Multi Leg auto-electronic trade,Medical,Medical - Biomedical and Genetics,60.77,61.1,59.235,59.55,50,4.690196080028514,20,1,1,1,1,0
BMY,Medical,Medical - Biomedical and Genetics,35__0,35,0.0,6. p95_trade_value,25714.0,97200.00000000001,O:BMY250425P00059000,BMY,P,59.0,2025-04-25,232,0,313,2.18,1743529979400000000,288,62784.0,2025-04-01,3000,30,True,Multi Leg auto-electronic trade,Medical,Medical - Biomedical and Genetics,60.77,61.1,59.235,59.55,41,4.797848981363836,20,1,1,1,1,0
BMY,Medical,Medical - Biomedical and Genetics,35__0,35,0.0,6. p95_trade_value,25714.0,97200.00000000001,O:BMY250425P00059000,BMY,P,59.0,2025-04-25,232,0,313,2.18,1743529979401000000,182,39676.00000000001,2025-04-01,3000,30,True,Multi Leg auto-electronic trade,Medical,Medical - Biomedical and Genetics,60.77,61.1,59.235,59.55,70,4.598527881589679,20,1,1,1,1,0
BMY,Medical,Medical - Biomedical and Genetics,35__0,35,0.0,6. p95_trade_value,25714.0,97200.00000000001,O:BMY250425P00059000,BMY,P,59.0,2025-04-25,232,0,313,2.19,1743530003984000000,144,31536.0,2025-04-01,3000,30,True,Multi Leg auto-electronic trade,Medical,Medical - Biomedical and Genetics,60.77,61.1,59.235,59.55,99,4.498806606935368,20,1,1,1,1,0
BMY,Medical,Medical - Biomedical and Genetics,35__0,35,0.0,5. p99_trade_value,97500.0,315000.0,O:BMY250425P00059000,BMY,P,59.0,2025-04-25,232,0,313,2.18,1743529979400000000,500,109000.0,2025-04-01,3000,30,True,Multi Leg auto-electronic trade,Medical,Medical - Biomedical and Genetics,60.77,61.1,59.235,59.55,25,5.037426497940624,20,1,1,1,1,0
BMY,Medical,Medical - Biomedical and Genetics,35__0,35,0.0,6. p95_trade_value,25714.0,97200.00000000001,O:BMY250417P00057500,BMY,P,57.5,2025-04-17,232,0,312,1.15,1743696793451000000,413,47495.0,2025-04-03,3000,30,True,Multi Leg auto-electronic trade,Medical,Medical - Biomedical and Genetics,60.6,60.8,57.66,57.82,54,4.6766478920100125,20,1,1,1,1,0
BMY,Medical,Medical - Biomedical and Genetics,35__0,35,0.0,6. p95_trade_value,25714.0,97200.00000000001,O:BMY250502P00057000,BMY,P,57.0,2025-05-02,209,0,316,2.12,1743707978716000000,254,53848.0,2025-04-03,3000,30,True,Automatic Execution,Medical,Medical - Biomedical and Genetics,60.6,60.8,57.66,57.82,47,4.731169577548689,20,1,1,1,1,0
BMY,Medical,Medical - Biomedical and Genetics,35__0,35,0.0,5. p99_trade_value,97500.0,315000.0,O:BMY250417P00050000,BMY,P,50.0,2025-04-17,227,0,323,0.38,1743777988414000000,6538,248444.0,2025-04-04,3000,30,True,Single Leg Auction Non ISO,Medical,Medical - Biomedical and Genetics,56.82,57.1688,54.72,55.3,6,5.39522851286116,20,1,1,1,1,0
BMY,Medical,Medical - Biomedical and Genetics,35__0,35,0.0,6. p95_trade_value,25714.0,97200.00000000001,O:BMY250417P00053000,BMY,P,53.0,2025-04-17,242,0,300,1.21,1743791813618000000,400,48400.0,2025-04-04,3000,30,True,Stock Options floor trade,Medical,Medical - Biomedical and Genetics,56.82,57.1688,54.72,55.3,53,4.684845361644412,20,1,1,1,1,0
BMY,Medical,Medical - Biomedical and Genetics,35__0,35,0.0,4. p999_trade_value,344999.99999999994,352872.0,O:BMY250417P00053000,BMY,P,53.0,2025-04-17,229,0,300,1.15,1743791611314000000,3000,344999.99999999994,2025-04-04,3000,30,True,Single Leg Cross Non ISO,Medical,Medical - Biomedical and Genetics,56.82,57.1688,54.72,55.3,3,5.537819095073274,20,1,1,1,1,0
BMY,Medical,Medical - Biomedical and Genetics,35__0,35,0.0,1. p999999_trade_value,770000.0000000001,770000.0000000001,O:BMY250425P00054000,BMY,P,54.0,2025-04-25,241,0,323,2.2,1743785957283000000,3500,770000.0000000001,2025-04-04,3000,30,True,Stock Options Cross,Medical,Medical - Biomedical and Genetics,56.82,57.1688,54.72,55.3,1,5.886490725172482,20,1,1,1,1,0
BMY,Medical,Medical - Biomedical and Genetics,35__0,35,0.0,6. p95_trade_value,25714.0,97200.00000000001,O:BMY250417P00050000,BMY,P,50.0,2025-04-17,232,0,313,0.79,1744042123935000000,359,28361.0,2025-04-07,3000,30,True,Multi Leg auto-electronic trade,Medical,Medical - Biomedical and Genetics,53.9,55.3,52.69,55.19,112,4.452721539868761,20,1,1,1,1,0
BMY,Medical,Medical - Biomedical and Genetics,35__0,35,0.0,6. p95_trade_value,25714.0,97200.00000000001,O:BMY250417P00050000,BMY,P,50.0,2025-04-17,232,0,300,0.7,1744046708251000000,452,31639.999999999996,2025-04-07,3000,30,True,Multi Leg auto-electronic trade,Medical,Medical - Biomedical and Genetics,53.9,55.3,52.69,55.19,98,4.5002364748256385,20,1,1,1,1,0
BMY,Medical,Medical - Biomedical and Genetics,35__0,35,0.0,6. p95_trade_value,25714.0,97200.00000000001,O:BMY250425P00052000,BMY,P,52.0,2025-04-25,233,0,308,2.67,1744141550762000000,210,56069.99999999999,2025-04-08,3000,30,True,Multi Leg Auction,Medical,Medical - Biomedical and Genetics,55.17,55.765,52.16,53.07,44,4.7487305560984945,20,1,1,1,1,0
BMY,Medical,Medical - Biomedical and Genetics,35__0,35,0.0,6. p95_trade_value,25714.0,97200.00000000001,O:BMY250425P00052000,BMY,P,52.0,2025-04-25,232,0,304,2.69,1744141516033000000,300,80700.0,2025-04-08,3000,30,True,Multi Leg auto-electronic trade,Medical,Medical - Biomedical and Genetics,55.17,55.765,52.16,53.07,33,4.90687353472207,20,1,1,1,1,0
BMY,Medical,Medical - Biomedical and Genetics,35__0,35,0.0,6. p95_trade_value,25714.0,97200.00000000001,O:BMY250425P00052000,BMY,P,52.0,2025-04-25,232,0,304,2.71,1744141474926000000,180,48780.0,2025-04-08,3000,30,True,Multi Leg auto-electronic trade,Medical,Medical - Biomedical and Genetics,55.17,55.765,52.16,53.07,51,4.688241795977712,20,1,1,1,1,0
BMY,Medical,Medical - Biomedical and Genetics,35__0,35,0.0,5. p99_trade_value,97500.0,315000.0,O:BMY250425P00052000,BMY,P,52.0,2025-04-25,232,0,313,2.71,1744141476273000000,469,127099.0,2025-04-08,3000,30,True,Multi Leg auto-electronic trade,Medical,Medical - Biomedical and Genetics,55.17,55.765,52.16,53.07,22,5.104142133589489,20,1,1,1,1,0
BMY,Medical,Medical - Biomedical and Genetics,35__0,35,0.0,5. p99_trade_value,97500.0,315000.0,O:BMY250425P00052000,BMY,P,52.0,2025-04-25,232,0,300,2.68,1744141500944000000,603,161604.00000000003,2025-04-08,3000,30,True,Multi Leg auto-electronic trade,Medical,Medical - Biomedical and Genetics,55.17,55.765,52.16,53.07,12,5.208452106168941,20,1,1,1,1,0
BMY,Medical,Medical - Biomedical and Genetics,35__0,35,0.0,5. p99_trade_value,97500.0,315000.0,O:BMY250411P00048000,BMY,P,48.0,2025-04-11,227,0,312,0.42,1744308113486000000,2498,104915.99999999999,2025-04-10,3000,30,True,Single Leg Auction Non ISO,Medical,Medical - Biomedical and Genetics,53.33,53.42,48.82,50.46,26,5.020841724436017,20,1,0,0,0,1
BMY,Medical,Medical - Biomedical and Genetics,35__0,35,0.0,6. p95_trade_value,25714.0,97200.00000000001,O:BMY250417C00055000,BMY,C,55.0,2025-04-17,241,0,323,0.12,1744307237957000000,3750,45000.0,2025-04-10,3000,30,True,Stock Options Cross,Medical,Medical - Biomedical and Genetics,53.33,53.42,48.82,50.46,58,4.653212513775344,20,1,0,0,0,1
BMY,Medical,Medical - Biomedical and Genetics,35__0,35,0.0,6. p95_trade_value,25714.0,97200.00000000001,O:BMY250509C00052000,BMY,C,52.0,2025-05-09,209,0,307,2.21,1744660035416000000,200,44200.0,2025-04-14,3000,30,True,Automatic Execution,Medical,Medical - Biomedical and Genetics,51.53,51.6,50.55,51.34,60,4.645422269349092,20,1,0,0,0,1
BMY,Medical,Medical - Biomedical and Genetics,35__0,35,0.0,6. p95_trade_value,25714.0,97200.00000000001,O:BMY250516P00047000,BMY,P,47.0,2025-05-16,227,0,308,1.11,1744817069500000000,345,38295.00000000001,2025-04-16,3000,30,True,Single Leg Auction Non ISO,Medical,Medical - Biomedical and Genetics,50.1,50.4,48.84,49.36,73,4.583142073859932,20,1,1,1,1,0
BMY,Medical,Medical - Biomedical and Genetics,35__0,35,0.0,6. p95_trade_value,25714.0,97200.00000000001,O:BMY250516C00052500,BMY,C,52.5,2025-05-16,209,0,313,1.0,1744904105976000000,299,29900.0,2025-04-17,3000,30,True,Automatic Execution,Medical,Medical - Biomedical and Genetics,49.18,50.09,49.06,49.23,105,4.47567118832443,20,1,0,0,0,1
BMY,Medical,Medical - Biomedical and Genetics,35__0,35,0.0,6. p95_trade_value,25714.0,97200.00000000001,O:BMY250516C00050000,BMY,C,50.0,2025-05-16,219,0,312,1.5,1745259274119000000,179,26850.0,2025-04-21,3000,30,True,Intermarket Sweep Order,Medical,Medical - Biomedical and Genetics,49.35,49.6699,48.16,48.94,124,4.428944290035575,20,1,1,0,0,0
BMY,Medical,Medical - Biomedical and Genetics,35__0,35,0.0,6. p95_trade_value,25714.0,97200.00000000001,O:BMY250516C00050000,BMY,C,50.0,2025-05-16,219,0,300,1.5,1745259274118000000,271,40650.0,2025-04-21,3000,30,True,Intermarket Sweep Order,Medical,Medical - Biomedical and Genetics,49.35,49.6699,48.16,48.94,65,4.609060549930087,20,1,1,0,0,0
BMY,Medical,Medical - Biomedical and Genetics,35__0,35,0.0,6. p95_trade_value,25714.0,97200.00000000001,O:BMY250516C00050000,BMY,C,50.0,2025-05-16,219,0,300,1.5,1745259274118000000,294,44100.0,2025-04-21,3000,30,True,Intermarket Sweep Order,Medical,Medical - Biomedical and Genetics,49.35,49.6699,48.16,48.94,61,4.644438589467838,20,1,1,0,0,0
BMY,Medical,Medical - Biomedical and Genetics,35__0,35,0.0,6. p95_trade_value,25714.0,97200.00000000001,O:BMY250516C00050000,BMY,C,50.0,2025-05-16,219,0,300,1.5,1745259274118000000,333,49950.0,2025-04-21,3000,30,True,Intermarket Sweep Order,Medical,Medical - Biomedical and Genetics,49.35,49.6699,48.16,48.94,49,4.6985354925620015,20,1,1,0,0,0
BMY,Medical,Medical - Biomedical and Genetics,35__0,35,0.0,6. p95_trade_value,25714.0,97200.00000000001,O:BMY250516C00050000,BMY,C,50.0,2025-05-16,219,0,304,1.5,1745259274118000000,235,35250.0,2025-04-21,3000,30,True,Intermarket Sweep Order,Medical,Medical - Biomedical and Genetics,49.35,49.6699,48.16,48.94,82,4.547159121327417,20,1,1,0,0,0
BMY,Medical,Medical - Biomedical and Genetics,35__0,35,0.0,4. p999_trade_value,344999.99999999994,352872.0,O:BMY250425P00048000,BMY,P,48.0,2025-04-25,235,0,313,0.78,1745347634362000000,4524,352872.0,2025-04-22,3000,30,True,Multi Leg floor trade,Medical,Medical - Biomedical and Genetics,49.31,50.055,48.88,49.82,2,5.5476171989438985,20,1,1,1,1,0
BMY,Medical,Medical - Biomedical and Genetics,35__0,35,0.0,6. p95_trade_value,25714.0,97200.00000000001,O:BMY250516P00045000,BMY,P,45.0,2025-05-16,209,0,313,0.52,1745502773657000000,500,26000.0,2025-04-24,3000,30,True,Automatic Execution,Medical,Medical - Biomedical and Genetics,47.94,48.8448,46.93,48.69,129,4.414973347970818,20,1,1,0,0,0
BMY,Medical,Medical - Biomedical and Genetics,35__0,35,0.0,5. p99_trade_value,97500.0,315000.0,O:BMY250516C00049000,BMY,C,49.0,2025-05-16,229,0,300,0.86,1745606923112000000,2500,215000.0,2025-04-25,3000,30,True,Single Leg Cross Non ISO,Medical,Medical - Biomedical and Genetics,48.87,48.945,46.96,47.9,8,5.332438459915605,20,1,1,0,0,0
BMY,Medical,Medical - Biomedical and Genetics,35__0,35,0.0,6. p95_trade_value,25714.0,97200.00000000001,O:BMY250516P00045000,BMY,P,45.0,2025-05-16,209,0,313,0.21,1745941448937000000,1250,26250.0,2025-04-29,3000,30,True,Automatic Execution,Medical,Medical - Biomedical and Genetics,48.33,49.48,48.15,49.22,127,4.419129307741976,20,1,1,0,0,0
BMY,Medical,Medical - Biomedical and Genetics,35__0,35,0.0,6. p95_trade_value,25714.0,97200.00000000001,O:BMY250516P00047000,BMY,P,47.0,2025-05-16,209,0,320,0.78,1746552935946000000,598,46644.0,2025-05-06,3000,30,True,Automatic Execution,Medical,Medical - Biomedical and Genetics,49.74,49.8,47.4,47.57,55,4.668795786678891,20,1,1,1,1,0
BMY,Medical,Medical - Biomedical and Genetics,35__0,35,0.0,6. p95_trade_value,25714.0,97200.00000000001,O:BMY250523C00047500,BMY,C,47.5,2025-05-23,231,0,301,0.54,1747668212856000000,500,27000.0,2025-05-19,3000,30,True,Single Leg Floor Trade,Medical,Medical - Biomedical and Genetics,46.6,47.27,46.39,47.22,121,4.431363764158987,20,1,1,0,0,0
BMY,Medical,Medical - Biomedical and Genetics,35__0,35,0.0,6. p95_trade_value,25714.0,97200.00000000001,O:BMY250620C00049000,BMY,C,49.0,2025-06-20,209,0,323,0.92,1748526855391000000,377,34684.0,2025-05-29,3000,30,True,Automatic Execution,Medical,Medical - Biomedical and Genetics,47.0,47.85,46.8932,47.85,85,4.540129177551348,20,1,1,0,0,0
CAPR,Medical,Medical - Products,30__2,30,2.0,1. p999999_trade_value,391000.0,391000.0,O:CAPR241220P00017500,CAPR,P,17.5,2024-12-20,231,0,300,1.7,1732736955570000000,2300,391000.0,2024-11-27,3000,30,True,Single Leg Floor Trade,Medical,Medical - Products,19.09,20.1,18.668,19.04,1,5.592176757395867,20,1,1,1,1,0
CCCC,Medical,Medical - Biomedical and Genetics,10__2,10,2.0,1. p999999_trade_value,850000.0,850000.0,O:CCCC240920P00006000,CCCC,P,6.0,2024-09-20,229,0,302,0.85,1724774360940000000,10000,850000.0,2024-08-27,3000,30,True,Single Leg Cross Non ISO,Medical,Medical - Biomedical and Genetics,6.81,6.94,6.27,6.43,1,5.929418925714293,20,1,1,0,0,0
CDTX,Medical,Medical - Biomedical and Genetics,10__0,10,0.0,1. p999999_trade_value,10620.0,10620.0,O:CDTX250620C00025000,CDTX,C,25.0,2025-06-20,209,0,325,3.54,1748359712084000000,30,10620.0,2025-05-27,3000,30,True,Automatic Execution,Medical,Medical - Biomedical and Genetics,24.57,24.645,22.96,24.0,1,4.02612451674545,20,1,1,0,0,0
CELC,Medical,Medical - Biomedical and Genetics,0__0,0,0.0,1. p999999_trade_value,14500.0,14500.0,O:CELC250417C00010000,CELC,C,10.0,2025-04-17,209,0,308,1.45,1744121754679000000,100,14500.0,2025-04-08,3000,30,True,Automatic Execution,Medical,Medical - Biomedical and Genetics,9.24,9.71,7.575,8.21,1,4.161368002234975,20,1,1,1,1,0
CERS,Medical,Medical - Products,0__2,0,2.0,1. p999999_trade_value,3020.0000000000005,3020.0000000000005,O:CERS241115C00002000,CERS,C,2.0,2024-11-15,209,0,308,0.05,1730143256050000000,604,3020.0000000000005,2024-10-28,3000,30,True,Automatic Execution,Medical,Medical - Products,1.71,1.805,1.68,1.72,1,3.4800069429571505,20,1,1,0,0,0
CGON,Medical,Medical - Biomedical and Genetics,20__2,20,2.0,7. p90_trade_value,15000.0,24440.0,O:CGON241115C00040000,CGON,C,40.0,2024-11-15,209,0,308,2.6,1729609784876000000,94,24440.0,2024-10-22,3000,30,True,Automatic Execution,Medical,Medical - Biomedical and Genetics,36.57,37.74,36.31,36.98,5,4.3881012015705165,20,2,1,0,0,0
CGON,Medical,Medical - Biomedical and Genetics,20__2,20,2.0,8. p75_trade_value,9000.0,14720.000000000002,O:CGON241115C00040000,CGON,C,40.0,2024-11-15,209,0,325,2.1,1729799802391000000,60,12600.0,2024-10-24,3000,30,True,Automatic Execution,Medical,Medical - Biomedical and Genetics,36.89,36.89,36.15,36.45,12,4.1003705451175625,20,3,1,0,0,0
CGON,Medical,Medical - Biomedical and Genetics,20__2,20,2.0,7. p90_trade_value,15000.0,24440.0,O:CGON241115C00040000,CGON,C,40.0,2024-11-15,209,0,316,2.0,1730126001810000000,100,20000.0,2024-10-28,3000,30,True,Automatic Execution,Medical,Medical - Biomedical and Genetics,36.99,37.805,36.73,37.29,6,4.301029995663981,20,2,1,0,0,0
CGON,Medical,Medical - Biomedical and Genetics,20__2,20,2.0,8. p75_trade_value,9000.0,14720.000000000002,O:CGON241220C00040000,CGON,C,40.0,2024-12-20,209,0,308,1.05,1732213224877000000,100,10500.0,2024-11-21,3000,30,True,Automatic Execution,Medical,Medical - Biomedical and Genetics,32.55,33.155,31.28,32.34,15,4.021189299069938,20,4,0,0,0,1
CGON,Medical,Medical - Biomedical and Genetics,20__2,20,2.0,8. p75_trade_value,9000.0,14720.000000000002,O:CGON241220C00040000,CGON,C,40.0,2024-12-20,209,0,308,1.2,1732289056287000000,100,12000.0,2024-11-22,3000,30,True,Automatic Execution,Medical,Medical - Biomedical and Genetics,32.26,33.86,32.26,33.47,14,4.079181246047625,20,4,0,0,0,1
CGON,Medical,Medical - Biomedical and Genetics,20__2,20,2.0,6. p95_trade_value,45500.0,210000.0,O:CGON250321C00030000,CGON,C,30.0,2025-03-21,235,0,300,0.65,1740586375487000000,700,45500.0,2025-02-26,3000,30,True,Multi Leg floor trade,Medical,Medical - Biomedical and Genetics,25.41,25.6,24.77,25.09,4,4.658011396657113,20,1,0,0,0,1
CGON,Medical,Medical - Biomedical and Genetics,20__2,20,2.0,8. p75_trade_value,9000.0,14720.000000000002,O:CGON250417C00030000,CGON,C,30.0,2025-04-17,209,0,313,0.8,1742838326446000000,184,14720.000000000002,2025-03-24,3000,30,True,Automatic Execution,Medical,Medical - Biomedical and Genetics,27.16,28.748,26.89,28.53,9,4.16790781000148,20,3,0,0,0,1
CGON,Medical,Medical - Biomedical and Genetics,20__2,20,2.0,8. p75_trade_value,9000.0,14720.000000000002,O:CGON250516C00022500,CGON,C,22.5,2025-05-16,209,0,313,2.2,1744899047325000000,57,12540.0,2025-04-17,3000,30,True,Automatic Execution,Medical,Medical - Biomedical and Genetics,20.17,21.1599,20.085,20.64,13,4.098297536494697,20,4,1,1,1,0
CGON,Medical,Medical - Biomedical and Genetics,20__2,20,2.0,7. p90_trade_value,15000.0,24440.0,O:CGON250516C00022500,CGON,C,22.5,2025-05-16,209,0,313,2.2,1744902070862000000,70,15400.0,2025-04-17,3000,30,True,Automatic Execution,Medical,Medical - Biomedical and Genetics,20.17,21.1599,20.085,20.64,7,4.187520720836463,20,2,1,1,1,0
CGON,Medical,Medical - Biomedical and Genetics,20__2,20,2.0,8. p75_trade_value,9000.0,14720.000000000002,O:CGON250516C00025000,CGON,C,25.0,2025-05-16,209,0,313,1.4,1744901208383000000,65,9100.0,2025-04-17,3000,30,True,Automatic Execution,Medical,Medical - Biomedical and Genetics,20.17,21.1599,20.085,20.64,17,3.9590413923210934,20,5,1,1,1,0
CGON,Medical,Medical - Biomedical and Genetics,20__2,20,2.0,8. p75_trade_value,9000.0,14720.000000000002,O:CGON250516C00025000,CGON,C,25.0,2025-05-16,209,0,313,1.6,1744899953536000000,80,12800.0,2025-04-17,3000,30,True,Automatic Execution,Medical,Medical - Biomedical and Genetics,20.17,21.1599,20.085,20.64,11,4.107209969647869,20,3,1,1,1,0
CGON,Medical,Medical - Biomedical and Genetics,20__2,20,2.0,8. p75_trade_value,9000.0,14720.000000000002,O:CGON250516C00022500,CGON,C,22.5,2025-05-16,209,0,322,2.3,1745344367308000000,60,13800.0,2025-04-22,3000,30,True,Automatic Execution,Medical,Medical - Biomedical and Genetics,20.93,21.2,19.905,20.48,10,4.139879086401237,20,3,1,1,1,0
CGON,Medical,Medical - Biomedical and Genetics,20__2,20,2.0,7. p90_trade_value,15000.0,24440.0,O:CGON250516C00022500,CGON,C,22.5,2025-05-16,209,0,320,2.5,1745348581162000000,60,15000.0,2025-04-22,3000,30,True,Automatic Execution,Medical,Medical - Biomedical and Genetics,20.93,21.2,19.905,20.48,8,4.176091259055681,20,2,1,1,1,0
CGON,Medical,Medical - Biomedical and Genetics,20__2,20,2.0,6. p95_trade_value,45500.0,210000.0,O:CGON250516C00025000,CGON,C,25.0,2025-05-16,229,0,308,1.0,1745416240257000000,1000,100000.0,2025-04-23,3000,30,True,Single Leg Cross Non ISO,Medical,Medical - Biomedical and Genetics,21.39,21.595,20.17,20.73,3,5.0,20,1,1,1,1,0
CGON,Medical,Medical - Biomedical and Genetics,20__2,20,2.0,8. p75_trade_value,9000.0,14720.000000000002,O:CGON250516C00025000,CGON,C,25.0,2025-05-16,209,0,325,1.8,1745521241603000000,50,9000.0,2025-04-24,3000,30,True,Automatic Execution,Medical,Medical - Biomedical and Genetics,20.79,21.53,20.53,21.52,23,3.9542425094393248,20,6,1,1,1,0
CGON,Medical,Medical - Biomedical and Genetics,20__2,20,2.0,8. p75_trade_value,9000.0,14720.000000000002,O:CGON250516C00025000,CGON,C,25.0,2025-05-16,209,0,325,1.8,1745521241603000000,50,9000.0,2025-04-24,3000,30,True,Automatic Execution,Medical,Medical - Biomedical and Genetics,20.79,21.53,20.53,21.52,20,3.9542425094393248,20,5,1,1,1,0
CGON,Medical,Medical - Biomedical and Genetics,20__2,20,2.0,8. p75_trade_value,9000.0,14720.000000000002,O:CGON250516C00025000,CGON,C,25.0,2025-05-16,209,0,325,1.8,1745521241603000000,50,9000.0,2025-04-24,3000,30,True,Automatic Execution,Medical,Medical - Biomedical and Genetics,20.79,21.53,20.53,21.52,21,3.9542425094393248,20,6,1,1,1,0
CGON,Medical,Medical - Biomedical and Genetics,20__2,20,2.0,8. p75_trade_value,9000.0,14720.000000000002,O:CGON250516C00025000,CGON,C,25.0,2025-05-16,209,0,325,1.8,1745521241603000000,50,9000.0,2025-04-24,3000,30,True,Automatic Execution,Medical,Medical - Biomedical and Genetics,20.79,21.53,20.53,21.52,22,3.9542425094393248,20,6,1,1,1,0
CGON,Medical,Medical - Biomedical and Genetics,20__2,20,2.0,6. p95_trade_value,45500.0,210000.0,O:CGON250516C00025000,CGON,C,25.0,2025-05-16,229,0,302,2.1,1745521782620000000,1000,210000.0,2025-04-24,3000,30,True,Single Leg Cross Non ISO,Medical,Medical - Biomedical and Genetics,20.79,21.53,20.53,21.52,2,5.3222192947339195,20,1,1,1,1,0
CGON,Medical,Medical - Biomedical and Genetics,20__2,20,2.0,8. p75_trade_value,9000.0,14720.000000000002,O:CGON250516C00025000,CGON,C,25.0,2025-05-16,209,0,325,1.8,1745521241603000000,50,9000.0,2025-04-24,3000,30,True,Automatic Execution,Medical,Medical - Biomedical and Genetics,20.79,21.53,20.53,21.52,19,3.9542425094393248,20,5,1,1,1,0
CGON,Medical,Medical - Biomedical and Genetics,20__2,20,2.0,1. p999999_trade_value,440000.0,440000.0,O:CGON250516C00025000,CGON,C,25.0,2025-05-16,229,0,302,2.2,1745609764028000000,2000,440000.0,2025-04-25,3000,30,True,Single Leg Cross Non ISO,Medical,Medical - Biomedical and Genetics,21.1,22.45,21.0,22.37,1,5.643452676486188,20,1,1,1,1,0
CGON,Medical,Medical - Biomedical and Genetics,20__2,20,2.0,8. p75_trade_value,9000.0,14720.000000000002,O:CGON250516P00025000,CGON,P,25.0,2025-05-16,209,0,320,1.0,1745850422900000000,99,9900.0,2025-04-28,3000,30,True,Automatic Execution,Medical,Medical - Biomedical and Genetics,31.0,32.3,27.57,27.97,16,3.99563519459755,20,4,1,1,0,0
CGON,Medical,Medical - Biomedical and Genetics,20__2,20,2.0,8. p75_trade_value,9000.0,14720.000000000002,O:CGON250620C00030000,CGON,C,30.0,2025-06-20,235,0,301,0.3,1749746030086000000,300,9000.0,2025-06-12,3000,30,True,Multi Leg floor trade,Medical,Medical - Biomedical and Genetics,25.99,26.75,25.48,26.5,18,3.9542425094393248,20,5,0,0,0,1
CI,Medical,Medical - HMOs,35__0,35,0.0,5. p99_trade_value,77600.0,325000.0,O:CI240927P00347500,CI,P,347.5,2024-09-27,227,0,302,2.04,1727200738200000000,659,134436.0,2024-09-24,3000,30,True,Single Leg Auction Non ISO,Medical,Medical - HMOs,354.39,355.44,350.0,353.17,8,5.128515582019909,20,1,1,1,0,0
CI,Medical,Medical - HMOs,35__0,35,0.0,5. p99_trade_value,77600.0,325000.0,O:CI241108P00325000,CI,P,325.0,2024-11-08,242,0,323,6.5,1729268132962000000,500,325000.0,2024-10-18,3000,30,True,Stock Options floor trade,Medical,Medical - HMOs,353.55,353.55,335.96,336.0,4,5.511883360978874,20,1,1,1,1,0
CI,Medical,Medical - HMOs,35__0,35,0.0,4. p999_trade_value,392920.0,440000.0,O:CI241101C00325000,CI,C,325.0,2024-11-01,242,0,323,4.7,1730135737852000000,836,392920.0,2024-10-28,3000,30,True,Stock Options floor trade,Medical,Medical - HMOs,317.26,318.25,313.595,314.92,3,5.594304135374734,20,1,1,0,0,0
CI,Medical,Medical - HMOs,35__0,35,0.0,5. p99_trade_value,77600.0,325000.0,O:CI241101C00320000,CI,C,320.0,2024-11-01,235,0,301,5.4,1730218800833000000,175,94500.00000000001,2024-10-29,3000,30,True,Multi Leg floor trade,Medical,Medical - HMOs,314.83,315.11,307.86,308.23,14,4.975431808509263,20,1,1,0,0,0
CI,Medical,Medical - HMOs,35__0,35,0.0,5. p99_trade_value,77600.0,325000.0,O:CI241101C00320000,CI,C,320.0,2024-11-01,235,0,301,5.4,1730218800833000000,175,94500.00000000001,2024-10-29,3000,30,True,Multi Leg floor trade,Medical,Medical - HMOs,314.83,315.11,307.86,308.23,15,4.975431808509263,20,1,1,0,0,0
CI,Medical,Medical - HMOs,35__0,35,0.0,5. p99_trade_value,77600.0,325000.0,O:CI241129C00345000,CI,C,345.0,2024-11-29,209,0,308,4.1,1730395094420000000,196,80359.99999999999,2024-10-31,3000,30,True,Automatic Execution,Medical,Medical - HMOs,333.38,342.39,313.95,314.81,23,4.905039928076212,20,1,1,0,0,0
CI,Medical,Medical - HMOs,35__0,35,0.0,5. p99_trade_value,77600.0,325000.0,O:CI241220C00340000,CI,C,340.0,2024-12-20,209,0,323,3.4,1732213341964000000,256,87040.0,2024-11-21,3000,30,True,Automatic Execution,Medical,Medical - HMOs,324.92,331.07,322.21,330.07,16,4.9397188823541045,20,1,1,0,0,0
CI,Medical,Medical - HMOs,35__0,35,0.0,5. p99_trade_value,77600.0,325000.0,O:CI241213C00325000,CI,C,325.0,2024-12-13,235,0,301,2.6,1733498798157000000,500,130000.0,2024-12-06,3000,30,True,Multi Leg floor trade,Medical,Medical - HMOs,323.47,323.915,315.1,317.81,9,5.113943352306837,20,1,0,0,0,1
CI,Medical,Medical - HMOs,35__0,35,0.0,5. p99_trade_value,77600.0,325000.0,O:CI241220P00275000,CI,P,275.0,2024-12-20,231,0,313,1.05,1734023329378000000,1000,105000.0,2024-12-12,3000,30,True,Single Leg Floor Trade,Medical,Medical - HMOs,293.0,296.83,282.27,282.96,12,5.021189299069938,20,1,1,1,0,0
CI,Medical,Medical - HMOs,35__0,35,0.0,5. p99_trade_value,77600.0,325000.0,O:CI250117P00260000,CI,P,260.0,2025-01-17,232,0,300,5.45,1734535925693000000,153,83385.0,2024-12-18,3000,30,True,Multi Leg auto-electronic trade,Medical,Medical - HMOs,276.45,284.29,272.24,282.41,21,4.921087933094241,20,1,0,0,0,1
CI,Medical,Medical - HMOs,35__0,35,0.0,5. p99_trade_value,77600.0,325000.0,O:CI250117C00290000,CI,C,290.0,2025-01-17,235,0,301,3.6,1736182938148000000,533,191880.0,2025-01-06,3000,30,True,Multi Leg floor trade,Medical,Medical - HMOs,278.57,284.25,278.01,279.66,5,5.283029709793859,20,1,0,0,0,1
CI,Medical,Medical - HMOs,35__0,35,0.0,5. p99_trade_value,77600.0,325000.0,O:CI250117P00275000,CI,P,275.0,2025-01-17,235,0,301,3.5,1736182938148000000,533,186550.0,2025-01-06,3000,30,True,Multi Leg floor trade,Medical,Medical - HMOs,278.57,284.25,278.01,279.66,6,5.270795253376848,20,1,1,0,0,0
CI,Medical,Medical - HMOs,35__0,35,0.0,5. p99_trade_value,77600.0,325000.0,O:CI250131C00292500,CI,C,292.5,2025-01-31,227,0,312,6.0,1737477328456000000,173,103800.0,2025-01-21,3000,30,True,Single Leg Auction Non ISO,Medical,Medical - HMOs,283.99,288.6,283.0,288.59,13,5.016197353512439,20,1,1,1,1,0
CI,Medical,Medical - HMOs,35__0,35,0.0,5. p99_trade_value,77600.0,325000.0,O:CI250131P00280000,CI,P,280.0,2025-01-31,209,0,313,4.2,1737642978062000000,195,81900.0,2025-01-23,3000,30,True,Automatic Execution,Medical,Medical - HMOs,291.83,296.6,288.67,294.99,22,4.913283901760418,20,1,1,0,0,0
CI,Medical,Medical - HMOs,35__0,35,0.0,5. p99_trade_value,77600.0,325000.0,O:CI250131P00285000,CI,P,285.0,2025-01-31,231,0,302,1.75,1738172182911000000,450,78750.0,2025-01-29,3000,30,True,Single Leg Floor Trade,Medical,Medical - HMOs,303.29,305.76,301.47,303.31,24,4.896250562461638,20,1,1,1,0,0
CI,Medical,Medical - HMOs,35__0,35,0.0,1. p999999_trade_value,520000.0,520000.0,O:CI250131P00297500,CI,P,297.5,2025-01-31,241,0,308,5.2,1738169628144000000,1000,520000.0,2025-01-29,3000,30,True,Stock Options Cross,Medical,Medical - HMOs,303.29,305.76,301.47,303.31,1,5.7160033436347994,20,1,1,1,1,0
CI,Medical,Medical - HMOs,35__0,35,0.0,5. p99_trade_value,77600.0,325000.0,O:CI250328P00312500,CI,P,312.5,2025-03-28,209,0,308,4.7,1741704732199000000,264,124080.0,2025-03-11,3000,30,True,Automatic Execution,Medical,Medical - HMOs,327.65,327.65,316.33,317.87,10,5.093701784805549,20,1,1,0,0,0
CI,Medical,Medical - HMOs,35__0,35,0.0,5. p99_trade_value,77600.0,325000.0,O:CI250502C00335000,CI,C,335.0,2025-05-02,209,0,308,8.1,1744916250926000000,200,162000.0,2025-04-17,3000,30,True,Automatic Execution,Medical,Medical - HMOs,324.45,333.51,324.45,330.13,7,5.209515014542631,20,1,1,1,0,0
CI,Medical,Medical - HMOs,35__0,35,0.0,4. p999_trade_value,392920.0,440000.0,O:CI250516P00330000,CI,P,330.0,2025-05-16,231,0,301,8.8,1745607162655000000,500,440000.0,2025-04-25,3000,30,True,Single Leg Floor Trade,Medical,Medical - HMOs,336.76,336.76,331.21,335.36,2,5.643452676486188,20,1,1,1,1,0
CI,Medical,Medical - HMOs,35__0,35,0.0,5. p99_trade_value,77600.0,325000.0,O:CI250530C00330000,CI,C,330.0,2025-05-30,209,0,308,2.75,1747422480944000000,400,110000.0,2025-05-16,3000,30,True,Automatic Execution,Medical,Medical - HMOs,309.4,320.97,307.78,320.94,11,5.041392685158225,20,1,0,0,0,1
CI,Medical,Medical - HMOs,35__0,35,0.0,5. p99_trade_value,77600.0,325000.0,O:CI250620P00310000,CI,P,310.0,2025-06-20,232,0,302,9.5,1747927926814000000,89,84550.0,2025-05-22,3000,30,True,Multi Leg auto-electronic trade,Medical,Medical - HMOs,315.91,316.46,310.2,312.68,19,4.927113611933761,20,1,1,0,0,0
CI,Medical,Medical - HMOs,35__0,35,0.0,5. p99_trade_value,77600.0,325000.0,O:CI250620P00310000,CI,P,310.0,2025-06-20,232,0,312,9.5,1747927926914000000,91,86450.0,2025-05-22,3000,30,True,Multi Leg auto-electronic trade,Medical,Medical - HMOs,315.91,316.46,310.2,312.68,17,4.9367649976099415,20,1,1,0,0,0
CI,Medical,Medical - HMOs,35__0,35,0.0,5. p99_trade_value,77600.0,325000.0,O:CI250620P00310000,CI,P,310.0,2025-06-20,232,0,323,9.37,1747927926814000000,89,83393.0,2025-05-22,3000,30,True,Multi Leg auto-electronic trade,Medical,Medical - HMOs,315.91,316.46,310.2,312.68,20,4.921129597532691,20,1,1,0,0,0
CI,Medical,Medical - HMOs,35__0,35,0.0,5. p99_trade_value,77600.0,325000.0,O:CI250620P00310000,CI,P,310.0,2025-06-20,232,0,304,9.7,1747927926823000000,80,77600.0,2025-05-22,3000,30,True,Multi Leg auto-electronic trade,Medical,Medical - HMOs,315.91,316.46,310.2,312.68,25,4.889861721258188,20,1,1,0,0,0
CI,Medical,Medical - HMOs,35__0,35,0.0,5. p99_trade_value,77600.0,325000.0,O:CI250620P00310000,CI,P,310.0,2025-06-20,232,0,308,9.5,1747927926714000000,90,85500.0,2025-05-22,3000,30,True,Multi Leg auto-electronic trade,Medical,Medical - HMOs,315.91,316.46,310.2,312.68,18,4.931966114728173,20,1,1,0,0,0
CLDX,Medical,Medical - Biomedical and Genetics,20__2,20,2.0,1. p999999_trade_value,174500.0,174500.0,O:CLDX241018P00040000,CLDX,P,40.0,2024-10-18,235,0,301,5.0,1726854174780000000,349,174500.0,2024-09-20,3000,30,True,Multi Leg floor trade,Medical,Medical - Biomedical and Genetics,41.13,41.88,40.45,41.24,1,5.241795431295198,20,1,1,1,1,0
CLDX,Medical,Medical - Biomedical and Genetics,20__2,20,2.0,6. p95_trade_value,76140.0,160000.0,O:CLDX250117P00023000,CLDX,P,23.0,2025-01-17,229,0,308,1.0,1735936822545000000,1000,100000.0,2025-01-03,3000,30,True,Single Leg Cross Non ISO,Medical,Medical - Biomedical and Genetics,25.9,27.05,25.79,26.81,3,5.0,20,1,1,1,0,0
CLDX,Medical,Medical - Biomedical and Genetics,20__2,20,2.0,6. p95_trade_value,76140.0,160000.0,O:CLDX250117P00025000,CLDX,P,25.0,2025-01-17,229,0,308,1.8,1735932489936000000,423,76140.0,2025-01-03,3000,30,True,Single Leg Cross Non ISO,Medical,Medical - Biomedical and Genetics,25.9,27.05,25.79,26.81,4,4.881612872478349,20,1,1,1,1,0
CLDX,Medical,Medical - Biomedical and Genetics,20__2,20,2.0,6. p95_trade_value,76140.0,160000.0,O:CLDX250117P00025000,CLDX,P,25.0,2025-01-17,231,0,323,1.6,1736270120108000000,1000,160000.0,2025-01-07,3000,30,True,Single Leg Floor Trade,Medical,Medical - Biomedical and Genetics,26.54,28.88,26.54,27.6,2,5.204119982655925,20,1,1,1,1,0
CLPT,Medical,Medical - Instruments,15__0,15,0.0,8. p75_trade_value,11205.0,15000.0,O:CLPT250321C00017500,CLPT,C,17.5,2025-03-21,209,0,309,1.1,1740513423551000000,103,11330.000000000002,2025-02-25,3000,30,True,Automatic Execution,Medical,Medical - Instruments,16.27,16.89,15.28,16.72,5,4.054229909863397,20,4,1,0,0,0
CLPT,Medical,Medical - Instruments,15__0,15,0.0,6. p95_trade_value,29250.0,29250.0,O:CLPT250321C00017500,CLPT,C,17.5,2025-03-21,209,0,301,1.3,1740513709434000000,225,29250.0,2025-02-25,3000,30,True,Automatic Execution,Medical,Medical - Instruments,16.27,16.89,15.28,16.72,2,4.4661258704182,20,1,1,0,0,0
CLPT,Medical,Medical - Instruments,15__0,15,0.0,1. p999999_trade_value,32000.0,32000.0,O:CLPT250321C00017500,CLPT,C,17.5,2025-03-21,209,0,301,1.6,1740513528577000000,200,32000.0,2025-02-25,3000,30,True,Automatic Execution,Medical,Medical - Instruments,16.27,16.89,15.28,16.72,1,4.505149978319906,20,1,1,0,0,0
CLPT,Medical,Medical - Instruments,15__0,15,0.0,8. p75_trade_value,11205.0,15000.0,O:CLPT250417C00015000,CLPT,C,15.0,2025-04-17,209,0,308,0.45,1742568121743000000,249,11205.0,2025-03-21,3000,30,True,Automatic Execution,Medical,Medical - Instruments,13.38,13.595,13.09,13.38,6,4.04941186087108,20,5,0,0,0,1
CLPT,Medical,Medical - Instruments,15__0,15,0.0,7. p90_trade_value,17000.0,17000.0,O:CLPT250516C00015000,CLPT,C,15.0,2025-05-16,209,0,308,0.85,1745510517929000000,200,17000.0,2025-04-24,3000,30,True,Automatic Execution,Medical,Medical - Instruments,13.32,14.33,13.081,14.29,3,4.230448921378274,20,2,1,0,0,0
CLPT,Medical,Medical - Instruments,15__0,15,0.0,8. p75_trade_value,11205.0,15000.0,O:CLPT250516C00015000,CLPT,C,15.0,2025-05-16,231,0,301,0.75,1745510414484000000,200,15000.0,2025-04-24,3000,30,True,Single Leg Floor Trade,Medical,Medical - Instruments,13.32,14.33,13.081,14.29,4,4.176091259055681,20,3,1,0,0,0
CNC,Medical,Medical - HMOs,30__2,30,2.0,1. p999999_trade_value,370800.0,370800.0,O:CNC250117C00064000,CNC,C,64.0,2025-01-17,231,0,323,0.8,1736267484820000000,4635,370800.0,2025-01-07,3000,30,True,Single Leg Floor Trade,Medical,Medical - HMOs,62.88,63.18,62.0925,62.61,1,5.56913972547246,20,1,1,0,0,0
CNC,Medical,Medical - HMOs,30__2,30,2.0,4. p999_trade_value,292500.0,292500.0,O:CNC250321C00060000,CNC,C,60.0,2025-03-21,235,0,300,1.3,1739993414964000000,2250,292500.0,2025-02-19,3000,30,True,Multi Leg floor trade,Medical,Medical - HMOs,56.08,58.01,55.82,57.66,2,5.4661258704182,20,1,1,0,0,0
CNTA,Medical,Medical - Drugs,20__1,20,1.0,1. p999999_trade_value,600000.0,600000.0,O:CNTA240920C00015000,CNTA,C,15.0,2024-09-20,229,0,302,1.2,1724862948367000000,5000,600000.0,2024-08-28,3000,30,True,Single Leg Cross Non ISO,Medical,Medical - Drugs,13.36,13.9,13.26,13.48,1,5.778151250383644,20,1,1,1,1,0
CRDF,Medical,Medical - Biomedical and Genetics,10__0,10,0.0,1. p999999_trade_value,44132.0,44132.0,O:CRDF241220P00002500,CRDF,P,2.5,2024-12-20,227,0,309,0.59,1733251857462000000,748,44132.0,2024-12-03,3000,30,True,Single Leg Auction Non ISO,Medical,Medical - Biomedical and Genetics,2.67,2.68,2.535,2.59,1,4.644753609506606,20,1,1,0,0,0
CRDF,Medical,Medical - Biomedical and Genetics,10__0,10,0.0,7. p90_trade_value,31200.0,31200.0,O:CRDF241220P00002500,CRDF,P,2.5,2024-12-20,231,0,301,0.6,1733256795497000000,520,31200.0,2024-12-03,3000,30,True,Single Leg Floor Trade,Medical,Medical - Biomedical and Genetics,2.67,2.68,2.535,2.59,2,4.494154594018442,20,2,1,0,0,0
CRON,Medical,Medical - Drugs,0__2,0,2.0,1. p999999_trade_value,4990.000000000001,4990.000000000001,O:CRON250321C00002000,CRON,C,2.0,2025-03-21,227,0,323,0.1,1739983890605000000,499,4990.000000000001,2025-02-19,3000,30,True,Single Leg Auction Non ISO,Medical,Medical - Drugs,1.96,1.99,1.9411,1.96,1,3.69810054562339,20,1,1,0,0,0
CRSP,Medical,Medical - Biomedical and Genetics,30__2,30,2.0,1. p999999_trade_value,259870.00000000003,259870.00000000003,O:CRSP241115C00056000,CRSP,C,56.0,2024-11-15,231,0,323,1.3,1730486418788000000,1999,259870.00000000003,2024-11-01,3000,30,True,Single Leg Floor Trade,Medical,Medical - Biomedical and Genetics,46.96,50.85,46.91,50.76,1,5.414756146424954,20,1,1,0,0,0
CRSP,Medical,Medical - Biomedical and Genetics,30__2,30,2.0,1. p999999_trade_value,259870.00000000003,259870.00000000003,O:CRSP241115C00056000,CRSP,C,56.0,2024-11-15,231,0,323,1.3,1730485913635000000,1999,259870.00000000003,2024-11-01,3000,30,True,Single Leg Floor Trade,Medical,Medical - Biomedical and Genetics,46.96,50.85,46.91,50.76,2,5.414756146424954,20,1,1,0,0,0
CVAC,Medical,Medical - Biomedical and Genetics,5__3,5,3.0,1. p999999_trade_value,21420.0,21420.0,O:CVAC250117C00005000,CVAC,C,5.0,2025-01-17,209,0,300,0.15,1736195928617000000,1428,21420.0,2025-01-06,3000,30,True,Automatic Execution,Medical,Medical - Biomedical and Genetics,4.14,4.46,3.9321,4.44,1,4.330819466495837,20,1,1,0,0,0
DCTH,Medical,Medical - Instruments,10__0,10,0.0,2. p99999_trade_value,8469.999999999998,8469.999999999998,O:DCTH241115C00012500,DCTH,C,12.5,2024-11-15,227,0,302,0.35,1729176370602000000,242,8469.999999999998,2024-10-17,3000,30,True,Single Leg Auction Non ISO,Medical,Medical - Instruments,10.2,11.19,9.985,10.23,1,3.9278834103307068,20,1,1,0,0,0
DNA,Medical,Medical - Biomedical and Genetics,20__0,20,0.0,7. p90_trade_value,12375.0,16000.0,O:DNA240920C00008000,DNA,C,8.0,2024-09-20,209,0,302,0.45,1724785778586000000,279,12555.0,2024-08-27,3000,30,True,Automatic Execution,Medical,Medical - Biomedical and Genetics,7.77,7.9599,7.26,7.53,17,4.098816717048941,20,2,1,1,1,0
DNA,Medical,Medical - Biomedical and Genetics,20__0,20,0.0,5. p99_trade_value,76230.0,76230.0,O:DNA240920C00008000,DNA,C,8.0,2024-09-20,209,0,309,0.45,1724785778584000000,1694,76230.0,2024-08-27,3000,30,True,Automatic Execution,Medical,Medical - Biomedical and Genetics,7.77,7.9599,7.26,7.53,2,4.882125919770032,20,1,1,1,1,0
DNA,Medical,Medical - Biomedical and Genetics,20__0,20,0.0,7. p90_trade_value,12375.0,16000.0,O:DNA240920C00008000,DNA,C,8.0,2024-09-20,209,0,302,0.45,1724785778584000000,291,13095.000000000002,2024-08-27,3000,30,True,Automatic Execution,Medical,Medical - Biomedical and Genetics,7.77,7.9599,7.26,7.53,14,4.117105502761251,20,2,1,1,1,0
DNA,Medical,Medical - Biomedical and Genetics,20__0,20,0.0,6. p95_trade_value,16800.0,27810.000000000004,O:DNA240920C00008000,DNA,C,8.0,2024-09-20,209,0,309,0.55,1724786086349000000,340,18700.000000000004,2024-08-27,3000,30,True,Automatic Execution,Medical,Medical - Biomedical and Genetics,7.77,7.9599,7.26,7.53,6,4.2718416065364995,20,1,1,1,1,0
DNA,Medical,Medical - Biomedical and Genetics,20__0,20,0.0,7. p90_trade_value,12375.0,16000.0,O:DNA240920C00008000,DNA,C,8.0,2024-09-20,209,0,300,0.45,1724785778584000000,275,12375.0,2024-08-27,3000,30,True,Automatic Execution,Medical,Medical - Biomedical and Genetics,7.77,7.9599,7.26,7.53,18,4.092545207605606,20,2,1,1,1,0
DNA,Medical,Medical - Biomedical and Genetics,20__0,20,0.0,6. p95_trade_value,16800.0,27810.000000000004,O:DNA240920C00008000,DNA,C,8.0,2024-09-20,209,0,323,0.45,1724785778584000000,618,27810.000000000004,2024-08-27,3000,30,True,Automatic Execution,Medical,Medical - Biomedical and Genetics,7.77,7.9599,7.26,7.53,3,4.44420098886416,20,1,1,1,1,0
DNA,Medical,Medical - Biomedical and Genetics,20__0,20,0.0,6. p95_trade_value,16800.0,27810.000000000004,O:DNA240920C00008000,DNA,C,8.0,2024-09-20,209,0,312,0.45,1724785778584000000,384,17280.0,2024-08-27,3000,30,True,Automatic Execution,Medical,Medical - Biomedical and Genetics,7.77,7.9599,7.26,7.53,8,4.237543738142874,20,1,1,1,1,0
DNA,Medical,Medical - Biomedical and Genetics,20__0,20,0.0,1. p999999_trade_value,173250.0,173250.0,O:DNA240920C00008000,DNA,C,8.0,2024-09-20,229,0,302,0.35,1724956221796000000,4950,173250.0,2024-08-29,3000,30,True,Single Leg Cross Non ISO,Medical,Medical - Biomedical and Genetics,7.19,7.5,7.03,7.09,1,5.238673243283844,20,1,1,1,1,0
DNA,Medical,Medical - Biomedical and Genetics,20__0,20,0.0,7. p90_trade_value,12375.0,16000.0,O:DNA240920C00007000,DNA,C,7.0,2024-09-20,227,0,323,0.29,1725561943612000000,448,12991.999999999998,2024-09-05,3000,30,True,Single Leg Auction Non ISO,Medical,Medical - Biomedical and Genetics,6.24,6.4488,6.08,6.14,15,4.1136760118971,20,2,1,1,1,0
DNA,Medical,Medical - Biomedical and Genetics,20__0,20,0.0,7. p90_trade_value,12375.0,16000.0,O:DNA241220C00010000,DNA,C,10.0,2024-12-20,209,0,308,0.6,1733170150791000000,243,14579.999999999998,2024-12-02,3000,30,True,Automatic Execution,Medical,Medical - Biomedical and Genetics,8.8,9.735,8.69,9.61,11,4.163757523981956,20,2,1,1,1,0
DNA,Medical,Medical - Biomedical and Genetics,20__0,20,0.0,6. p95_trade_value,16800.0,27810.000000000004,O:DNA250221C00014000,DNA,C,14.0,2025-02-21,227,0,323,1.09,1737646833495000000,250,27250.0,2025-01-23,3000,30,True,Single Leg Auction Non ISO,Medical,Medical - Biomedical and Genetics,12.5,13.205,11.9301,13.18,4,4.435366506612661,20,1,1,0,0,0
DNA,Medical,Medical - Biomedical and Genetics,20__0,20,0.0,7. p90_trade_value,12375.0,16000.0,O:DNA250221C00016000,DNA,C,16.0,2025-02-21,209,0,320,0.9,1738267027287000000,150,13500.0,2025-01-30,3000,30,True,Automatic Execution,Medical,Medical - Biomedical and Genetics,12.45,14.4399,12.29,13.91,13,4.1303337684950066,20,2,1,0,0,0
DNA,Medical,Medical - Biomedical and Genetics,20__0,20,0.0,6. p95_trade_value,16800.0,27810.000000000004,O:DNA250221C00014000,DNA,C,14.0,2025-02-21,209,0,308,0.75,1738596264453000000,300,22500.0,2025-02-03,3000,30,True,Automatic Execution,Medical,Medical - Biomedical and Genetics,12.37,13.11,11.85,12.85,5,4.352182518111363,20,1,1,0,0,0
DNA,Medical,Medical - Biomedical and Genetics,20__0,20,0.0,7. p90_trade_value,12375.0,16000.0,O:DNA250321C00015000,DNA,C,15.0,2025-03-21,209,0,308,1.6,1739984871371000000,100,16000.0,2025-02-19,3000,30,True,Automatic Execution,Medical,Medical - Biomedical and Genetics,13.58,14.33,12.35,12.68,10,4.204119982655925,20,2,0,0,0,1
DNA,Medical,Medical - Biomedical and Genetics,20__0,20,0.0,7. p90_trade_value,12375.0,16000.0,O:DNA250321C00015000,DNA,C,15.0,2025-03-21,209,0,320,1.35,1739996360924000000,100,13500.0,2025-02-19,3000,30,True,Automatic Execution,Medical,Medical - Biomedical and Genetics,13.58,14.33,12.35,12.68,12,4.1303337684950066,20,2,0,0,0,1
DNA,Medical,Medical - Biomedical and Genetics,20__0,20,0.0,6. p95_trade_value,16800.0,27810.000000000004,O:DNA250321C00015000,DNA,C,15.0,2025-03-21,227,0,323,1.88,1739981406535000000,98,18423.999999999996,2025-02-19,3000,30,True,Single Leg Auction Non ISO,Medical,Medical - Biomedical and Genetics,13.58,14.33,12.35,12.68,7,4.265383924956175,20,1,0,0,0,1
DNA,Medical,Medical - Biomedical and Genetics,20__0,20,0.0,7. p90_trade_value,12375.0,16000.0,O:DNA250321C00015000,DNA,C,15.0,2025-03-21,227,0,309,1.27,1739997988556000000,100,12700.0,2025-02-19,3000,30,True,Single Leg Auction Non ISO,Medical,Medical - Biomedical and Genetics,13.58,14.33,12.35,12.68,16,4.103803720955957,20,2,0,0,0,1
DNA,Medical,Medical - Biomedical and Genetics,20__0,20,0.0,6. p95_trade_value,16800.0,27810.000000000004,O:DNA250321C00015000,DNA,C,15.0,2025-03-21,227,0,309,0.84,1740076106072000000,200,16800.0,2025-02-20,3000,30,True,Single Leg Auction Non ISO,Medical,Medical - Biomedical and Genetics,12.5,12.65,11.22,11.43,9,4.225309281725863,20,1,0,0,0,1
DNLI,Medical,Medical - Biomedical and Genetics,10__3,10,3.0,7. p90_trade_value,60000.0,60000.0,O:DNLI241018P00030000,DNLI,P,30.0,2024-10-18,227,0,308,2.4,1726840468867000000,250,60000.0,2024-09-20,3000,30,True,Single Leg Auction Non ISO,Medical,Medical - Biomedical and Genetics,30.94,31.24,30.65,30.91,2,4.778151250383644,20,2,1,1,1,0
DNLI,Medical,Medical - Biomedical and Genetics,10__3,10,3.0,1. p999999_trade_value,100000.0,100000.0,O:DNLI241220C00025000,DNLI,C,25.0,2024-12-20,235,0,301,2.0,1732653318029000000,500,100000.0,2024-11-26,3000,30,True,Multi Leg floor trade,Medical,Medical - Biomedical and Genetics,24.53,24.945,24.175,24.68,1,5.0,20,1,1,0,0,0
DNLI,Medical,Medical - Biomedical and Genetics,10__3,10,3.0,8. p75_trade_value,41000.0,41000.0,O:DNLI241220P00022500,DNLI,P,22.5,2024-12-20,235,0,301,0.82,1732653318029000000,500,41000.0,2024-11-26,3000,30,True,Multi Leg floor trade,Medical,Medical - Biomedical and Genetics,24.53,24.945,24.175,24.68,3,4.6127838567197355,20,3,1,1,1,0
DNTH,Medical,Medical - Biomedical and Genetics,5__3,5,3.0,1. p999999_trade_value,26250.0,26250.0,O:DNTH250221C00022500,DNTH,C,22.5,2025-02-21,231,0,323,1.05,1738698433467000000,250,26250.0,2025-02-04,3000,30,True,Single Leg Floor Trade,Medical,Medical - Biomedical and Genetics,21.98,22.43,21.39,22.29,1,4.419129307741976,20,1,1,1,1,0
DVA,Medical,Medical - Outpatient and Home Healthcare,25__0,25,0.0,1. p999999_trade_value,396440.0,396440.0,O:DVA250516C00145000,DVA,C,145.0,2025-05-16,233,0,304,6.8,1746806812979000000,583,396440.0,2025-05-09,3000,30,True,Multi Leg Auction,Medical,Medical - Outpatient and Home Healthcare,143.59,144.415,142.76,143.76,1,5.59817746746525,20,1,1,1,1,0
DVAX,Medical,Medical - Biomedical and Genetics,10__0,10,0.0,1. p999999_trade_value,52500.0,52500.0,O:DVAX250221P00012000,DVAX,P,12.0,2025-02-21,231,0,313,0.35,1737996876997000000,1500,52500.0,2025-01-27,3000,30,True,Single Leg Floor Trade,Medical,Medical - Biomedical and Genetics,12.68,13.135,12.495,12.56,1,4.720159303405957,20,1,1,0,0,0
DVAX,Medical,Medical - Biomedical and Genetics,10__0,10,0.0,7. p90_trade_value,10000.0,10000.0,O:DVAX250516C00010000,DVAX,C,10.0,2025-05-16,231,0,301,0.1,1746818725575000000,1000,10000.0,2025-05-09,3000,30,True,Single Leg Floor Trade,Medical,Medical - Biomedical and Genetics,9.735,9.88,9.375,9.41,2,4.0,20,2,1,0,0,0
DVAX,Medical,Medical - Biomedical and Genetics,10__0,10,0.0,8. p75_trade_value,9690.0,9690.0,O:DVAX250516C00010000,DVAX,C,10.0,2025-05-16,231,0,301,0.1,1746818660712000000,969,9690.0,2025-05-09,3000,30,True,Single Leg Floor Trade,Medical,Medical - Biomedical and Genetics,9.735,9.88,9.375,9.41,3,3.986323777050765,20,3,1,0,0,0
DXCM,Medical,Medical - Instruments,35__0,35,0.0,5. p99_trade_value,100000.0,338481.0,O:DXCM240920C00075000,DXCM,C,75.0,2024-09-20,235,0,300,1.08,1724949013322000000,946,102168.0,2024-08-29,3000,30,True,Multi Leg floor trade,Medical,Medical - Instruments,71.15,71.5,69.45,69.62,20,5.009314891888742,20,1,0,0,0,1
DXCM,Medical,Medical - Instruments,35__0,35,0.0,5. p99_trade_value,100000.0,338481.0,O:DXCM241101C00074000,DXCM,C,74.0,2024-11-01,232,0,308,3.6,1729192658588000000,341,122760.00000000001,2024-10-17,3000,30,True,Multi Leg auto-electronic trade,Medical,Medical - Instruments,69.9,70.4,69.2033,69.55,18,5.089056879759785,20,1,1,0,0,0
DXCM,Medical,Medical - Instruments,35__0,35,0.0,5. p99_trade_value,100000.0,338481.0,O:DXCM241115P00061000,DXCM,P,61.0,2024-11-15,227,0,301,0.39,1729864686033000000,8679,338481.0,2024-10-25,3000,30,True,Single Leg Auction Non ISO,Medical,Medical - Instruments,73.4,76.06,70.88,73.44,4,5.529534295394145,20,1,0,0,0,1
DXCM,Medical,Medical - Instruments,35__0,35,0.0,1. p999999_trade_value,465000.0,465000.0,O:DXCM241213C00082000,DXCM,C,82.0,2024-12-13,234,0,313,1.55,1733248026759000000,3000,465000.0,2024-12-03,3000,30,True,Multi Leg Cross,Medical,Medical - Instruments,79.0,81.11,78.0901,80.91,1,5.6674529528899535,20,1,1,0,0,0
DXCM,Medical,Medical - Instruments,35__0,35,0.0,4. p999_trade_value,384000.0,397799.99999999994,O:DXCM241213P00078000,DXCM,P,78.0,2024-12-13,234,0,313,1.28,1733248026760000000,3000,384000.0,2024-12-03,3000,30,True,Multi Leg Cross,Medical,Medical - Instruments,79.0,81.11,78.0901,80.91,3,5.5843312243675305,20,1,1,1,1,0
DXCM,Medical,Medical - Instruments,35__0,35,0.0,5. p99_trade_value,100000.0,338481.0,O:DXCM241213P00077000,DXCM,P,77.0,2024-12-13,232,0,313,0.72,1733416697754000000,1434,103248.0,2024-12-05,3000,30,True,Multi Leg auto-electronic trade,Medical,Medical - Instruments,80.91,81.0,78.06,78.92,19,5.01388164776305,20,1,1,1,0,0
DXCM,Medical,Medical - Instruments,35__0,35,0.0,5. p99_trade_value,100000.0,338481.0,O:DXCM241220C00081000,DXCM,C,81.0,2024-12-20,235,0,323,1.45,1733758344719000000,1500,217500.0,2024-12-09,3000,30,True,Multi Leg floor trade,Medical,Medical - Instruments,78.09,79.11,77.55,78.41,5,5.337459261290656,20,1,1,1,0,0
DXCM,Medical,Medical - Instruments,35__0,35,0.0,5. p99_trade_value,100000.0,338481.0,O:DXCM241220P00077000,DXCM,P,77.0,2024-12-20,235,0,323,1.35,1733758344719000000,1500,202500.00000000003,2024-12-09,3000,30,True,Multi Leg floor trade,Medical,Medical - Instruments,78.09,79.11,77.55,78.41,7,5.306425027550687,20,1,1,1,0,0
DXCM,Medical,Medical - Instruments,35__0,35,0.0,5. p99_trade_value,100000.0,338481.0,O:DXCM241213C00082000,DXCM,C,82.0,2024-12-13,235,0,313,0.65,1733932359065000000,2000,130000.0,2024-12-11,3000,30,True,Multi Leg floor trade,Medical,Medical - Instruments,79.825,81.12,79.41,80.47,17,5.113943352306837,20,1,0,0,0,1
DXCM,Medical,Medical - Instruments,35__0,35,0.0,5. p99_trade_value,100000.0,338481.0,O:DXCM250117P00075000,DXCM,P,75.0,2025-01-17,231,0,301,3.6,1734543946870000000,375,135000.0,2024-12-18,3000,30,True,Single Leg Floor Trade,Medical,Medical - Instruments,77.26,77.57,75.23,75.26,13,5.1303337684950066,20,1,1,0,0,0
DXCM,Medical,Medical - Instruments,35__0,35,0.0,5. p99_trade_value,100000.0,338481.0,O:DXCM250117P00075000,DXCM,P,75.0,2025-01-17,231,0,301,3.5,1734543946870000000,375,131250.0,2024-12-18,3000,30,True,Single Leg Floor Trade,Medical,Medical - Instruments,77.26,77.57,75.23,75.26,15,5.1180993120779945,20,1,1,0,0,0
DXCM,Medical,Medical - Instruments,35__0,35,0.0,5. p99_trade_value,100000.0,338481.0,O:DXCM250117C00079000,DXCM,C,79.0,2025-01-17,232,0,313,3.32,1735657946807000000,500,166000.0,2024-12-31,3000,30,True,Multi Leg auto-electronic trade,Medical,Medical - Instruments,78.62,78.78,77.33,77.77,10,5.220108088040055,20,1,1,1,1,0
DXCM,Medical,Medical - Instruments,35__0,35,0.0,5. p99_trade_value,100000.0,338481.0,O:DXCM250117C00079000,DXCM,C,79.0,2025-01-17,232,0,313,3.41,1735658959021000000,386,131626.0,2024-12-31,3000,30,True,Multi Leg auto-electronic trade,Medical,Medical - Instruments,78.62,78.78,77.33,77.77,14,5.119341683664253,20,1,1,1,1,0
DXCM,Medical,Medical - Instruments,35__0,35,0.0,5. p99_trade_value,100000.0,338481.0,O:DXCM250117C00080000,DXCM,C,80.0,2025-01-17,231,0,323,2.9,1735843465350000000,450,130500.0,2025-01-02,3000,30,True,Single Leg Floor Trade,Medical,Medical - Instruments,77.87,79.97,77.66,78.5,16,5.1156105116743,20,1,1,1,1,0
DXCM,Medical,Medical - Instruments,35__0,35,0.0,5. p99_trade_value,100000.0,338481.0,O:DXCM250321C00075000,DXCM,C,75.0,2025-03-21,229,0,301,1.95,1741627793139000000,1000,195000.0,2025-03-10,3000,30,True,Single Leg Cross Non ISO,Medical,Medical - Instruments,74.74,74.92,70.47,70.72,9,5.290034611362518,20,1,1,0,0,0
DXCM,Medical,Medical - Instruments,35__0,35,0.0,5. p99_trade_value,100000.0,338481.0,O:DXCM250321P00070000,DXCM,P,70.0,2025-03-21,235,0,313,1.55,1741630272807000000,900,139500.0,2025-03-10,3000,30,True,Multi Leg floor trade,Medical,Medical - Instruments,74.74,74.92,70.47,70.72,12,5.144574207609616,20,1,1,0,0,0
DXCM,Medical,Medical - Instruments,35__0,35,0.0,5. p99_trade_value,100000.0,338481.0,O:DXCM250417C00070000,DXCM,C,70.0,2025-04-17,234,0,300,1.96,1743450493655000000,1000,196000.0,2025-03-31,3000,30,True,Multi Leg Cross,Medical,Medical - Instruments,67.22,68.75,66.25,68.29,8,5.292256071356476,20,1,1,0,0,0
DXCM,Medical,Medical - Instruments,35__0,35,0.0,5. p99_trade_value,100000.0,338481.0,O:DXCM250417P00056000,DXCM,P,56.0,2025-04-17,235,0,300,1.0,1744137734419000000,1000,100000.0,2025-04-08,3000,30,True,Multi Leg floor trade,Medical,Medical - Instruments,62.5,63.89,59.97,60.69,21,5.0,20,1,0,0,0,1
DXCM,Medical,Medical - Instruments,35__0,35,0.0,4. p999_trade_value,384000.0,397799.99999999994,O:DXCM250425C00068000,DXCM,C,68.0,2025-04-25,229,0,300,1.17,1744211024139000000,3400,397799.99999999994,2025-04-09,3000,30,True,Single Leg Cross Non ISO,Medical,Medical - Instruments,60.09,67.63,59.62,66.84,2,5.599664778788417,20,1,1,1,1,0
DXCM,Medical,Medical - Instruments,35__0,35,0.0,5. p99_trade_value,100000.0,338481.0,O:DXCM250502P00065000,DXCM,P,65.0,2025-05-02,227,0,302,1.46,1745867660234000000,1443,210677.99999999997,2025-04-28,3000,30,True,Single Leg Auction Non ISO,Medical,Medical - Instruments,72.27,72.6,70.5731,71.18,6,5.323619186877932,20,1,0,0,0,1
DXCM,Medical,Medical - Instruments,35__0,35,0.0,5. p99_trade_value,100000.0,338481.0,O:DXCM250509C00075000,DXCM,C,75.0,2025-05-09,231,0,301,2.35,1745939615931000000,600,141000.0,2025-04-29,3000,30,True,Single Leg Floor Trade,Medical,Medical - Instruments,71.275,71.46,70.29,71.3,11,5.14921911265538,20,1,1,1,1,0
DYN,Medical,Medical - Drugs,20__2,20,2.0,1. p999999_trade_value,590000.0,590000.0,O:DYN250117P00020000,DYN,P,20.0,2025-01-17,229,0,302,2.5,1735835620489000000,2360,590000.0,2025-01-02,3000,30,True,Single Leg Cross Non ISO,Medical,Medical - Drugs,23.87,26.22,23.74,25.46,1,5.770852011642144,20,1,1,1,1,0
DYN,Medical,Medical - Drugs,20__2,20,2.0,5. p99_trade_value,489755.0,489755.0,O:DYN250117P00020000,DYN,P,20.0,2025-01-17,234,0,302,2.45,1736194583073000000,1999,489755.0,2025-01-06,3000,30,True,Multi Leg Cross,Medical,Medical - Drugs,24.71,24.84,24.0,24.57,2,5.689978878482649,20,1,1,1,1,0
ENSG,Medical,Medical - Nursing Homes,10__0,10,0.0,8. p75_trade_value,6785.000000000001,7360.000000000001,O:ENSG241115P00150000,ENSG,P,150.0,2024-11-15,209,0,316,3.2,1730746536690000000,23,7360.000000000001,2024-11-04,3000,30,True,Automatic Execution,Medical,Medical - Nursing Homes,155.0,156.5,150.66,153.39,3,3.866877814337499,20,3,1,1,1,0
ENSG,Medical,Medical - Nursing Homes,10__0,10,0.0,8. p75_trade_value,6785.000000000001,7360.000000000001,O:ENSG241115P00150000,ENSG,P,150.0,2024-11-15,209,0,316,2.95,1730746525881000000,23,6785.000000000001,2024-11-04,3000,30,True,Automatic Execution,Medical,Medical - Nursing Homes,155.0,156.5,150.66,153.39,4,3.831549851995756,20,4,1,1,1,0
ENSG,Medical,Medical - Nursing Homes,10__0,10,0.0,1. p999999_trade_value,15635.000000000002,15635.000000000002,O:ENSG241115P00150000,ENSG,P,150.0,2024-11-15,209,0,316,2.95,1730746530120000000,53,15635.000000000002,2024-11-04,3000,30,True,Automatic Execution,Medical,Medical - Nursing Homes,155.0,156.5,150.66,153.39,1,4.194097885578952,20,1,1,1,1,0
ENSG,Medical,Medical - Nursing Homes,10__0,10,0.0,7. p90_trade_value,8640.0,8640.0,O:ENSG250117P00130000,ENSG,P,130.0,2025-01-17,209,0,316,1.35,1735928345946000000,64,8640.0,2025-01-03,3000,30,True,Automatic Execution,Medical,Medical - Nursing Homes,133.2,133.81,131.48,132.5,2,3.936513742478893,20,2,1,0,0,0
ESPR,Medical,Medical - Drugs,10__0,10,0.0,1. p999999_trade_value,8964.0,8964.0,O:ESPR241220C00002500,ESPR,C,2.5,2024-12-20,227,0,323,0.18,1732135504291000000,498,8964.0,2024-11-20,3000,30,True,Single Leg Auction Non ISO,Medical,Medical - Drugs,2.38,2.45,2.305,2.41,1,3.9525018478630236,20,1,1,0,0,0
ETNB,Medical,Medical - Biomedical and Genetics,15__0,15,0.0,1. p999999_trade_value,11940.0,11940.0,O:ETNB250221C00010000,ETNB,C,10.0,2025-02-21,209,0,313,0.6,1738265342230000000,199,11940.0,2025-01-30,3000,30,True,Automatic Execution,Medical,Medical - Biomedical and Genetics,9.15,9.82,8.95,9.64,1,4.07700432679335,20,1,1,1,1,0
EWTX,Medical,Medical - Biomedical and Genetics,30__0,30,0.0,5. p99_trade_value,433550.0,1750000.0,O:EWTX240920C00020000,EWTX,C,20.0,2024-09-20,234,0,312,3.3,1726675500025000000,2990,986700.0,2024-09-18,3000,30,True,Multi Leg Cross,Medical,Medical - Biomedical and Genetics,18.51,19.76,18.51,19.07,3,5.994185128202317,20,1,1,1,1,0
EWTX,Medical,Medical - Biomedical and Genetics,30__0,30,0.0,6. p95_trade_value,100768.0,433000.0,O:EWTX240920C00020000,EWTX,C,20.0,2024-09-20,235,0,301,3.25,1726684785253000000,323,104975.0,2024-09-18,3000,30,True,Multi Leg floor trade,Medical,Medical - Biomedical and Genetics,18.51,19.76,18.51,19.07,30,5.021085883309977,20,1,1,1,1,0
EWTX,Medical,Medical - Biomedical and Genetics,30__0,30,0.0,5. p99_trade_value,433550.0,1750000.0,O:EWTX240920C00025000,EWTX,C,25.0,2024-09-20,234,0,312,1.6,1726675500025000000,2990,478400.0,2024-09-18,3000,30,True,Multi Leg Cross,Medical,Medical - Biomedical and Genetics,18.51,19.76,18.51,19.07,5,5.679791170980354,20,1,1,1,1,0
EWTX,Medical,Medical - Biomedical and Genetics,30__0,30,0.0,6. p95_trade_value,100768.0,433000.0,O:EWTX240920P00012500,EWTX,P,12.5,2024-09-20,234,0,312,0.7,1726675500025000000,2990,209300.0,2024-09-18,3000,30,True,Multi Leg Cross,Medical,Medical - Biomedical and Genetics,18.51,19.76,18.51,19.07,17,5.320769228338686,20,1,0,0,0,1
EWTX,Medical,Medical - Biomedical and Genetics,30__0,30,0.0,5. p99_trade_value,433550.0,1750000.0,O:EWTX240920P00015000,EWTX,P,15.0,2024-09-20,234,0,312,1.45,1726675500025000000,2990,433550.0,2024-09-18,3000,30,True,Multi Leg Cross,Medical,Medical - Biomedical and Genetics,18.51,19.76,18.51,19.07,7,5.637039190559404,20,1,0,0,0,1
EWTX,Medical,Medical - Biomedical and Genetics,30__0,30,0.0,6. p95_trade_value,100768.0,433000.0,O:EWTX241018C00020000,EWTX,C,20.0,2024-10-18,235,0,301,4.7,1726677227611000000,540,253800.0,2024-09-18,3000,30,True,Multi Leg floor trade,Medical,Medical - Biomedical and Genetics,18.51,19.76,18.51,19.07,14,5.404491617758686,20,1,1,1,1,0
EWTX,Medical,Medical - Biomedical and Genetics,30__0,30,0.0,1. p999999_trade_value,2250000.0,2250000.0,O:EWTX241018C00020000,EWTX,C,20.0,2024-10-18,235,0,301,4.5,1726673018980000000,5000,2250000.0,2024-09-18,3000,30,True,Multi Leg floor trade,Medical,Medical - Biomedical and Genetics,18.51,19.76,18.51,19.07,1,6.352182518111363,20,1,1,1,1,0
EWTX,Medical,Medical - Biomedical and Genetics,30__0,30,0.0,5. p99_trade_value,433550.0,1750000.0,O:EWTX241018C00022500,EWTX,C,22.5,2024-10-18,235,0,301,3.5,1726673018980000000,5000,1750000.0,2024-09-18,3000,30,True,Multi Leg floor trade,Medical,Medical - Biomedical and Genetics,18.51,19.76,18.51,19.07,2,6.243038048686294,20,1,1,1,1,0
EWTX,Medical,Medical - Biomedical and Genetics,30__0,30,0.0,6. p95_trade_value,100768.0,433000.0,O:EWTX241018C00035000,EWTX,C,35.0,2024-10-18,231,0,300,0.5,1728914484046000000,4962,248100.0,2024-10-14,3000,30,True,Single Leg Floor Trade,Medical,Medical - Biomedical and Genetics,31.86,33.13,31.75,31.82,15,5.394626764272209,20,1,1,1,1,0
EWTX,Medical,Medical - Biomedical and Genetics,30__0,30,0.0,6. p95_trade_value,100768.0,433000.0,O:EWTX241220P00022500,EWTX,P,22.5,2024-12-20,235,0,300,0.4,1733515383226000000,3944,157760.0,2024-12-06,3000,30,True,Multi Leg floor trade,Medical,Medical - Biomedical and Genetics,31.52,33.55,31.47,32.59,23,5.197996897597136,20,1,0,0,0,1
EWTX,Medical,Medical - Biomedical and Genetics,30__0,30,0.0,5. p99_trade_value,433550.0,1750000.0,O:EWTX241220P00030000,EWTX,P,30.0,2024-12-20,235,0,300,3.4,1733515383226000000,1972,670480.0,2024-12-06,3000,30,True,Multi Leg floor trade,Medical,Medical - Biomedical and Genetics,31.52,33.55,31.47,32.59,4,5.826385827647448,20,1,1,0,0,0
EWTX,Medical,Medical - Biomedical and Genetics,30__0,30,0.0,5. p99_trade_value,433550.0,1750000.0,O:EWTX241220C00040000,EWTX,C,40.0,2024-12-20,234,0,312,1.5,1733843051799000000,2996,449400.0,2024-12-10,3000,30,True,Multi Leg Cross,Medical,Medical - Biomedical and Genetics,30.24,30.83,28.91,29.46,6,5.6526330680831105,20,1,0,0,0,1
EWTX,Medical,Medical - Biomedical and Genetics,30__0,30,0.0,6. p95_trade_value,100768.0,433000.0,O:EWTX250321P00012500,EWTX,P,12.5,2025-03-21,235,0,300,1.0,1740070569376000000,3000,300000.0,2025-02-20,3000,30,True,Multi Leg floor trade,Medical,Medical - Biomedical and Genetics,26.73,29.14,26.3,27.1,11,5.477121254719663,20,1,0,0,0,1
EWTX,Medical,Medical - Biomedical and Genetics,30__0,30,0.0,6. p95_trade_value,100768.0,433000.0,O:EWTX250321C00029000,EWTX,C,29.0,2025-03-21,229,0,302,0.8,1741886092162000000,3000,240000.0,2025-03-13,3000,30,True,Single Leg Cross Non ISO,Medical,Medical - Biomedical and Genetics,25.46,26.4,23.84,25.28,16,5.380211241711606,20,1,0,0,0,1
EWTX,Medical,Medical - Biomedical and Genetics,30__0,30,0.0,6. p95_trade_value,100768.0,433000.0,O:EWTX250417P00020000,EWTX,P,20.0,2025-04-17,229,0,302,2.9,1742409187047000000,455,131950.0,2025-03-19,3000,30,True,Single Leg Cross Non ISO,Medical,Medical - Biomedical and Genetics,25.67,27.065,23.3,24.59,27,5.120409394556068,20,1,1,1,1,0
EWTX,Medical,Medical - Biomedical and Genetics,30__0,30,0.0,6. p95_trade_value,100768.0,433000.0,O:EWTX250417C00025000,EWTX,C,25.0,2025-04-17,231,0,300,5.2,1742578400114000000,375,195000.0,2025-03-21,3000,30,True,Single Leg Floor Trade,Medical,Medical - Biomedical and Genetics,23.605,24.17,23.2301,23.61,21,5.290034611362518,20,1,1,0,0,0
EWTX,Medical,Medical - Biomedical and Genetics,30__0,30,0.0,6. p95_trade_value,100768.0,433000.0,O:EWTX250417C00025000,EWTX,C,25.0,2025-04-17,231,0,300,5.3,1742578400114000000,375,198750.0,2025-03-21,3000,30,True,Single Leg Floor Trade,Medical,Medical - Biomedical and Genetics,23.605,24.17,23.2301,23.61,20,5.298307137328508,20,1,1,0,0,0
EWTX,Medical,Medical - Biomedical and Genetics,30__0,30,0.0,6. p95_trade_value,100768.0,433000.0,O:EWTX250417C00032000,EWTX,C,32.0,2025-04-17,235,0,301,2.05,1742576719416000000,1000,205000.0,2025-03-21,3000,30,True,Multi Leg floor trade,Medical,Medical - Biomedical and Genetics,23.605,24.17,23.2301,23.61,19,5.311753861055754,20,1,0,0,0,1
EWTX,Medical,Medical - Biomedical and Genetics,30__0,30,0.0,6. p95_trade_value,100768.0,433000.0,O:EWTX250417P00015000,EWTX,P,15.0,2025-04-17,235,0,301,1.05,1742576719417000000,1000,105000.0,2025-03-21,3000,30,True,Multi Leg floor trade,Medical,Medical - Biomedical and Genetics,23.605,24.17,23.2301,23.61,29,5.021189299069938,20,1,1,1,1,0
EWTX,Medical,Medical - Biomedical and Genetics,30__0,30,0.0,6. p95_trade_value,100768.0,433000.0,O:EWTX250417P00020000,EWTX,P,20.0,2025-04-17,235,0,301,3.4,1742576719417000000,1000,340000.0,2025-03-21,3000,30,True,Multi Leg floor trade,Medical,Medical - Biomedical and Genetics,23.605,24.17,23.2301,23.61,9,5.531478917042255,20,1,1,1,1,0
EWTX,Medical,Medical - Biomedical and Genetics,30__0,30,0.0,6. p95_trade_value,100768.0,433000.0,O:EWTX250417P00020000,EWTX,P,20.0,2025-04-17,235,0,301,3.7,1742571230135000000,400,148000.0,2025-03-21,3000,30,True,Multi Leg floor trade,Medical,Medical - Biomedical and Genetics,23.605,24.17,23.2301,23.61,25,5.1702617153949575,20,1,1,1,1,0
EWTX,Medical,Medical - Biomedical and Genetics,30__0,30,0.0,6. p95_trade_value,100768.0,433000.0,O:EWTX250417P00019000,EWTX,P,19.0,2025-04-17,240,0,302,3.4,1742828201954000000,750,255000.0,2025-03-24,3000,30,True,Stock Options auto-electronic trade,Medical,Medical - Biomedical and Genetics,23.86,24.31,21.88,23.37,13,5.4065401804339555,20,1,1,1,1,0
EWTX,Medical,Medical - Biomedical and Genetics,30__0,30,0.0,6. p95_trade_value,100768.0,433000.0,O:EWTX250417P00020000,EWTX,P,20.0,2025-04-17,240,0,302,3.9,1742828201954000000,750,292500.0,2025-03-24,3000,30,True,Stock Options auto-electronic trade,Medical,Medical - Biomedical and Genetics,23.86,24.31,21.88,23.37,12,5.4661258704182,20,1,1,1,1,0
EWTX,Medical,Medical - Biomedical and Genetics,30__0,30,0.0,6. p95_trade_value,100768.0,433000.0,O:EWTX250417P00020000,EWTX,P,20.0,2025-04-17,240,0,302,3.76,1742828221488000000,268,100768.0,2025-03-24,3000,30,True,Stock Options auto-electronic trade,Medical,Medical - Biomedical and Genetics,23.86,24.31,21.88,23.37,31,5.00332263895645,20,1,1,1,1,0
EWTX,Medical,Medical - Biomedical and Genetics,30__0,30,0.0,6. p95_trade_value,100768.0,433000.0,O:EWTX250417P00021000,EWTX,P,21.0,2025-04-17,231,0,300,3.9,1743171268406000000,500,195000.0,2025-03-28,3000,30,True,Single Leg Floor Trade,Medical,Medical - Biomedical and Genetics,23.27,23.48,22.62,23.27,22,5.290034611362518,20,1,1,1,1,0
EWTX,Medical,Medical - Biomedical and Genetics,30__0,30,0.0,6. p95_trade_value,100768.0,433000.0,O:EWTX250417P00015000,EWTX,P,15.0,2025-04-17,234,0,308,1.43,1743430945698000000,1000,143000.0,2025-03-31,3000,30,True,Multi Leg Cross,Medical,Medical - Biomedical and Genetics,22.28,23.12,21.515,22.0,26,5.155336037465061,20,1,1,1,1,0
EWTX,Medical,Medical - Biomedical and Genetics,30__0,30,0.0,6. p95_trade_value,100768.0,433000.0,O:EWTX250417P00021000,EWTX,P,21.0,2025-04-17,234,0,308,4.33,1743430945696000000,1000,433000.0,2025-03-31,3000,30,True,Multi Leg Cross,Medical,Medical - Biomedical and Genetics,22.28,23.12,21.515,22.0,8,5.636487896353366,20,1,1,1,1,0
EWTX,Medical,Medical - Biomedical and Genetics,30__0,30,0.0,6. p95_trade_value,100768.0,433000.0,O:EWTX250417P00021000,EWTX,P,21.0,2025-04-17,234,0,308,4.1,1743443198510000000,500,205000.0,2025-03-31,3000,30,True,Multi Leg Cross,Medical,Medical - Biomedical and Genetics,22.28,23.12,21.515,22.0,18,5.311753861055754,20,1,1,1,1,0
EWTX,Medical,Medical - Biomedical and Genetics,30__0,30,0.0,6. p95_trade_value,100768.0,433000.0,O:EWTX250417C00025000,EWTX,C,25.0,2025-04-17,235,0,300,3.6,1743521840091000000,914,329040.0,2025-04-01,3000,30,True,Multi Leg floor trade,Medical,Medical - Biomedical and Genetics,22.0,22.47,19.9401,20.13,10,5.5172486965011185,20,1,0,0,0,1
EWTX,Medical,Medical - Biomedical and Genetics,30__0,30,0.0,6. p95_trade_value,100768.0,433000.0,O:EWTX250417C00035000,EWTX,C,35.0,2025-04-17,235,0,300,1.2,1743521840091000000,914,109680.0,2025-04-01,3000,30,True,Multi Leg floor trade,Medical,Medical - Biomedical and Genetics,22.0,22.47,19.9401,20.13,28,5.040127441781456,20,1,0,0,0,1
EWTX,Medical,Medical - Biomedical and Genetics,30__0,30,0.0,6. p95_trade_value,100768.0,433000.0,O:EWTX250516C00015000,EWTX,C,15.0,2025-05-16,229,0,302,0.5,1745253938993000000,2994,149700.0,2025-04-21,3000,30,True,Single Leg Cross Non ISO,Medical,Medical - Biomedical and Genetics,13.36,13.855,13.14,13.3,24,5.175221800343053,20,1,1,0,0,0
FATE,Medical,Medical - Biomedical and Genetics,10__0,10,0.0,8. p75_trade_value,7475.0,7475.0,O:FATE241220P00002000,FATE,P,2.0,2024-12-20,209,0,325,0.25,1733412586834000000,299,7475.0,2024-12-05,3000,30,True,Automatic Execution,Medical,Medical - Biomedical and Genetics,2.55,2.615,2.35,2.38,2,3.873611196996467,20,2,1,1,1,0
FATE,Medical,Medical - Biomedical and Genetics,10__0,10,0.0,1. p999999_trade_value,10600.0,10600.0,O:FATE241220P00002000,FATE,P,2.0,2024-12-20,209,0,325,0.25,1733414239390000000,424,10600.0,2024-12-05,3000,30,True,Automatic Execution,Medical,Medical - Biomedical and Genetics,2.55,2.615,2.35,2.38,1,4.02530586526477,20,1,1,1,1,0
FGEN,Medical,Medical - Drugs,0__2,0,2.0,1. p999999_trade_value,7265.000000000001,7265.000000000001,O:FGEN250117C00000500,FGEN,C,0.5,2025-01-17,209,0,308,0.05,1734982775740000000,1453,7265.000000000001,2024-12-23,3000,30,True,Automatic Execution,Medical,Medical - Drugs,0.41,0.48,0.4,0.48,1,3.86123561863404,20,1,1,1,1,0
FTRE,Medical,Medical - Biomedical and Genetics,20__2,20,2.0,1. p999999_trade_value,145000.0,145000.0,O:FTRE250117P00017500,FTRE,P,17.5,2025-01-17,235,0,323,1.45,1734623577717000000,1000,145000.0,2024-12-19,3000,30,True,Multi Leg floor trade,Medical,Medical - Biomedical and Genetics,18.34,18.63,17.82,18.5,1,5.161368002234975,20,1,1,1,0,0
GANX,Medical,Medical - Drugs,0__2,0,2.0,1. p999999_trade_value,7500.0,7500.0,O:GANX241018C00002000,GANX,C,2.0,2024-10-18,209,0,307,0.25,1727792097997000000,300,7500.0,2024-10-01,3000,30,True,Automatic Execution,Medical,Medical - Drugs,1.81,1.81,1.541,1.64,1,3.8750612633917,20,1,1,1,1,0
GEHC,Medical,Medical - Products,30__1,30,1.0,6. p95_trade_value,35600.0,180000.0,O:GEHC241101C00087000,GEHC,C,87.0,2024-11-01,227,0,308,1.98,1730126264849000000,454,89892.0,2024-10-28,3000,30,True,Single Leg Auction Non ISO,Medical,Medical - Products,86.66,86.965,84.9,85.93,16,4.953721043118635,20,1,1,1,0,0
GEHC,Medical,Medical - Products,30__1,30,1.0,5. p99_trade_value,187000.0,580000.0,O:GEHC241101C00089000,GEHC,C,89.0,2024-11-01,235,0,313,1.45,1730212238161000000,4000,580000.0,2024-10-29,3000,30,True,Multi Leg floor trade,Medical,Medical - Products,85.66,86.7,85.01,85.27,2,5.763427993562937,20,1,1,0,0,0
GEHC,Medical,Medical - Products,30__1,30,1.0,5. p99_trade_value,187000.0,580000.0,O:GEHC241101C00090000,GEHC,C,90.0,2024-11-01,235,0,313,1.05,1730212359641000000,2200,231000.0,2024-10-29,3000,30,True,Multi Leg floor trade,Medical,Medical - Products,85.66,86.7,85.01,85.27,7,5.363611979892144,20,1,1,0,0,0
GEHC,Medical,Medical - Products,30__1,30,1.0,6. p95_trade_value,35600.0,180000.0,O:GEHC241101C00094000,GEHC,C,94.0,2024-11-01,235,0,313,0.3,1730212238162000000,4000,120000.0,2024-10-29,3000,30,True,Multi Leg floor trade,Medical,Medical - Products,85.66,86.7,85.01,85.27,15,5.079181246047625,20,1,0,0,0,1
GEHC,Medical,Medical - Products,30__1,30,1.0,6. p95_trade_value,35600.0,180000.0,O:GEHC241101P00080000,GEHC,P,80.0,2024-11-01,235,0,313,0.6,1730212359640000000,2200,132000.0,2024-10-29,3000,30,True,Multi Leg floor trade,Medical,Medical - Products,85.66,86.7,85.01,85.27,12,5.12057393120585,20,1,0,0,0,1
GEHC,Medical,Medical - Products,30__1,30,1.0,5. p99_trade_value,187000.0,580000.0,O:GEHC241101P00085000,GEHC,P,85.0,2024-11-01,235,0,313,2.15,1730212359641000000,2200,473000.0,2024-10-29,3000,30,True,Multi Leg floor trade,Medical,Medical - Products,85.66,86.7,85.01,85.27,3,5.674861140737812,20,1,0,0,0,1
GEHC,Medical,Medical - Products,30__1,30,1.0,6. p95_trade_value,35600.0,180000.0,O:GEHC241108P00080000,GEHC,P,80.0,2024-11-08,209,0,316,1.15,1730231456486000000,488,56119.99999999999,2024-10-29,3000,30,True,Automatic Execution,Medical,Medical - Products,85.66,86.7,85.01,85.27,25,4.749117662356322,20,1,0,0,0,1
GEHC,Medical,Medical - Products,30__1,30,1.0,6. p95_trade_value,35600.0,180000.0,O:GEHC241115C00087000,GEHC,C,87.0,2024-11-15,232,0,308,3.04,1730213138731000000,211,64144.00000000001,2024-10-29,3000,30,True,Multi Leg auto-electronic trade,Medical,Medical - Products,85.66,86.7,85.01,85.27,21,4.807156038906446,20,1,1,0,0,0
GEHC,Medical,Medical - Products,30__1,30,1.0,6. p95_trade_value,35600.0,180000.0,O:GEHC241115C00087000,GEHC,C,87.0,2024-11-15,232,0,304,3.0,1730213138733000000,150,45000.0,2024-10-29,3000,30,True,Multi Leg auto-electronic trade,Medical,Medical - Products,85.66,86.7,85.01,85.27,30,4.653212513775344,20,1,1,0,0,0
GEHC,Medical,Medical - Products,30__1,30,1.0,6. p95_trade_value,35600.0,180000.0,O:GEHC241115C00087000,GEHC,C,87.0,2024-11-15,232,0,302,3.02,1730213138732000000,191,57682.00000000001,2024-10-29,3000,30,True,Multi Leg auto-electronic trade,Medical,Medical - Products,85.66,86.7,85.01,85.27,23,4.761040310204878,20,1,1,0,0,0
GEHC,Medical,Medical - Products,30__1,30,1.0,6. p95_trade_value,35600.0,180000.0,O:GEHC241115P00082500,GEHC,P,82.5,2024-11-15,232,0,312,1.95,1730225513610000000,297,57915.0,2024-10-29,3000,30,True,Multi Leg auto-electronic trade,Medical,Medical - Products,85.66,86.7,85.01,85.27,22,4.762791060679731,20,1,1,1,1,0
GEHC,Medical,Medical - Products,30__1,30,1.0,5. p99_trade_value,187000.0,580000.0,O:GEHC241108P00084000,GEHC,P,84.0,2024-11-08,231,0,301,0.85,1730301746397000000,2200,187000.0,2024-10-30,3000,30,True,Single Leg Floor Trade,Medical,Medical - Products,89.73,90.16,85.8001,87.2,8,5.271841606536499,20,1,0,0,0,1
GEHC,Medical,Medical - Products,30__1,30,1.0,6. p95_trade_value,35600.0,180000.0,O:GEHC241220P00080000,GEHC,P,80.0,2024-12-20,235,0,300,1.54,1732295402415000000,500,77000.0,2024-11-22,3000,30,True,Multi Leg floor trade,Medical,Medical - Products,81.96,82.58,80.56,82.44,18,4.886490725172482,20,1,1,1,1,0
GEHC,Medical,Medical - Products,30__1,30,1.0,6. p95_trade_value,35600.0,180000.0,O:GEHC250117C00082500,GEHC,C,82.5,2025-01-17,227,0,304,1.25,1734534621833000000,345,43125.0,2024-12-18,3000,30,True,Single Leg Auction Non ISO,Medical,Medical - Products,79.37,80.37,76.98,77.09,33,4.634729108081331,20,1,1,1,1,0
GEHC,Medical,Medical - Products,30__1,30,1.0,6. p95_trade_value,35600.0,180000.0,O:GEHC250117C00082500,GEHC,C,82.5,2025-01-17,227,0,304,1.25,1734534627533000000,355,44375.0,2024-12-18,3000,30,True,Single Leg Auction Non ISO,Medical,Medical - Products,79.37,80.37,76.98,77.09,31,4.6471383660631504,20,1,1,1,1,0
GEHC,Medical,Medical - Products,30__1,30,1.0,6. p95_trade_value,35600.0,180000.0,O:GEHC250117C00082500,GEHC,C,82.5,2025-01-17,227,0,304,1.25,1734534633306000000,300,37500.0,2024-12-18,3000,30,True,Single Leg Auction Non ISO,Medical,Medical - Products,79.37,80.37,76.98,77.09,38,4.574031267727719,20,1,1,1,1,0
GEHC,Medical,Medical - Products,30__1,30,1.0,6. p95_trade_value,35600.0,180000.0,O:GEHC250117C00090000,GEHC,C,90.0,2025-01-17,241,0,323,0.35,1736366262898000000,1250,43750.0,2025-01-08,3000,30,True,Stock Options Cross,Medical,Medical - Products,84.65,87.3,84.29,86.26,32,4.640978057358332,20,1,0,0,0,1
GEHC,Medical,Medical - Products,30__1,30,1.0,6. p95_trade_value,35600.0,180000.0,O:GEHC250214C00092000,GEHC,C,92.0,2025-02-14,227,0,312,0.88,1739211170455000000,579,50952.0,2025-02-10,3000,30,True,Single Leg Auction Non ISO,Medical,Medical - Products,88.0,88.28,86.865,87.5,27,4.707161235877605,20,1,1,1,1,0
GEHC,Medical,Medical - Products,30__1,30,1.0,6. p95_trade_value,35600.0,180000.0,O:GEHC250214C00087000,GEHC,C,87.0,2025-02-14,235,0,313,1.88,1739380391289000000,673,126524.0,2025-02-12,3000,30,True,Multi Leg floor trade,Medical,Medical - Products,85.94,86.67,85.5,85.9,13,5.102172913487657,20,1,1,1,1,0
GEHC,Medical,Medical - Products,30__1,30,1.0,6. p95_trade_value,35600.0,180000.0,O:GEHC250214C00092000,GEHC,C,92.0,2025-02-14,233,0,308,0.41,1739374473021000000,959,39319.0,2025-02-12,3000,30,True,Multi Leg Auction,Medical,Medical - Products,85.94,86.67,85.5,85.9,37,4.594602463890399,20,1,1,1,1,0
GEHC,Medical,Medical - Products,30__1,30,1.0,6. p95_trade_value,35600.0,180000.0,O:GEHC250214P00080000,GEHC,P,80.0,2025-02-14,233,0,308,0.44,1739374473021000000,959,42196.0,2025-02-12,3000,30,True,Multi Leg Auction,Medical,Medical - Products,85.94,86.67,85.5,85.9,35,4.6252712836568515,20,1,0,0,0,1
GEHC,Medical,Medical - Products,30__1,30,1.0,6. p95_trade_value,35600.0,180000.0,O:GEHC250321C00088000,GEHC,C,88.0,2025-03-21,231,0,300,1.45,1741374623689000000,950,137750.0,2025-03-07,3000,30,True,Single Leg Floor Trade,Medical,Medical - Products,85.5,86.94,84.7,86.58,11,5.139091607523823,20,1,1,0,0,0
GEHC,Medical,Medical - Products,30__1,30,1.0,6. p95_trade_value,35600.0,180000.0,O:GEHC250417C00082500,GEHC,C,82.5,2025-04-17,232,0,313,2.48,1742318471238000000,285,70680.0,2025-03-18,3000,30,True,Multi Leg auto-electronic trade,Medical,Medical - Products,82.16,82.38,81.23,82.14,19,4.849296540834726,20,1,1,0,0,0
GEHC,Medical,Medical - Products,30__1,30,1.0,6. p95_trade_value,35600.0,180000.0,O:GEHC250417C00082500,GEHC,C,82.5,2025-04-17,232,0,313,2.48,1742325926335000000,200,49600.0,2025-03-18,3000,30,True,Multi Leg auto-electronic trade,Medical,Medical - Products,82.16,82.38,81.23,82.14,28,4.695481676490197,20,1,1,0,0,0
GEHC,Medical,Medical - Products,30__1,30,1.0,6. p95_trade_value,35600.0,180000.0,O:GEHC250417C00082500,GEHC,C,82.5,2025-04-17,232,0,313,2.43,1742325955966000000,214,52002.0,2025-03-18,3000,30,True,Multi Leg auto-electronic trade,Medical,Medical - Products,82.16,82.38,81.23,82.14,26,4.716020046947503,20,1,1,0,0,0
GEHC,Medical,Medical - Products,30__1,30,1.0,6. p95_trade_value,35600.0,180000.0,O:GEHC250417P00067500,GEHC,P,67.5,2025-04-17,227,0,312,0.89,1743692336171000000,400,35600.0,2025-04-03,3000,30,True,Single Leg Auction Non ISO,Medical,Medical - Products,76.535,76.59,70.45,72.0,40,4.551449997972875,20,1,1,1,1,0
GEHC,Medical,Medical - Products,30__1,30,1.0,6. p95_trade_value,35600.0,180000.0,O:GEHC250425C00070000,GEHC,C,70.0,2025-04-25,228,0,312,0.91,1744391402041000000,406,36946.0,2025-04-11,3000,30,True,Single Leg Auction ISO,Medical,Medical - Products,62.34,63.5966,60.859,62.81,39,4.567567425898288,20,1,1,1,0,0
GEHC,Medical,Medical - Products,30__1,30,1.0,6. p95_trade_value,35600.0,180000.0,O:GEHC250425C00070000,GEHC,C,70.0,2025-04-25,219,0,316,0.95,1744391908977000000,450,42750.0,2025-04-11,3000,30,True,Intermarket Sweep Order,Medical,Medical - Products,62.34,63.5966,60.859,62.81,34,4.630936119064192,20,1,1,1,0,0
GEHC,Medical,Medical - Products,30__1,30,1.0,6. p95_trade_value,35600.0,180000.0,O:GEHC250516C00065000,GEHC,C,65.0,2025-05-16,209,0,308,2.1,1745341119561000000,189,39690.0,2025-04-22,3000,30,True,Automatic Execution,Medical,Medical - Products,61.59,62.34,60.75,61.65,36,4.598681098907163,20,1,1,1,1,0
GEHC,Medical,Medical - Products,30__1,30,1.0,5. p99_trade_value,187000.0,580000.0,O:GEHC250502C00068000,GEHC,C,68.0,2025-05-02,229,0,301,1.75,1745416422390000000,2500,437500.0,2025-04-23,3000,30,True,Single Leg Cross Non ISO,Medical,Medical - Products,64.5,67.08,64.275,64.89,5,5.640978057358332,20,1,1,1,1,0
GEHC,Medical,Medical - Products,30__1,30,1.0,1. p999999_trade_value,775000.0,775000.0,O:GEHC250516C00067500,GEHC,C,67.5,2025-05-16,229,0,318,3.1,1745523683692000000,2500,775000.0,2025-04-24,3000,30,True,Single Leg Cross Non ISO,Medical,Medical - Products,65.04,67.39,64.77,67.08,1,5.889301702506311,20,1,1,1,1,0
GEHC,Medical,Medical - Products,30__1,30,1.0,6. p95_trade_value,35600.0,180000.0,O:GEHC250502C00071000,GEHC,C,71.0,2025-05-02,209,0,316,2.0,1745590774884000000,241,48200.0,2025-04-25,3000,30,True,Automatic Execution,Medical,Medical - Products,69.0,70.82,67.93,68.42,29,4.68304703823885,20,1,1,1,0,0
GEHC,Medical,Medical - Products,30__1,30,1.0,6. p95_trade_value,35600.0,180000.0,O:GEHC250502C00073000,GEHC,C,73.0,2025-05-02,231,0,323,0.85,1745855128149000000,1000,85000.0,2025-04-28,3000,30,True,Single Leg Floor Trade,Medical,Medical - Products,68.33,68.8,67.28,68.07,17,4.929418925714293,20,1,0,0,0,1
GEHC,Medical,Medical - Products,30__1,30,1.0,5. p99_trade_value,187000.0,580000.0,O:GEHC250502C00069000,GEHC,C,69.0,2025-05-02,229,0,301,1.8,1745938583717000000,2500,450000.0,2025-04-29,3000,30,True,Single Leg Cross Non ISO,Medical,Medical - Products,67.88,68.54,67.11,68.09,4,5.653212513775344,20,1,1,1,1,0
GEHC,Medical,Medical - Products,30__1,30,1.0,5. p99_trade_value,187000.0,580000.0,O:GEHC250502C00070000,GEHC,C,70.0,2025-05-02,231,0,323,1.75,1745952370326000000,1500,262500.0,2025-04-29,3000,30,True,Single Leg Floor Trade,Medical,Medical - Products,67.88,68.54,67.11,68.09,6,5.419129307741976,20,1,1,1,1,0
GEHC,Medical,Medical - Products,30__1,30,1.0,6. p95_trade_value,35600.0,180000.0,O:GEHC250502P00067000,GEHC,P,67.0,2025-05-02,242,0,300,2.0,1745949287603000000,600,120000.0,2025-04-29,3000,30,True,Stock Options floor trade,Medical,Medical - Products,67.88,68.54,67.11,68.09,14,5.079181246047625,20,1,0,0,0,1
GEHC,Medical,Medical - Products,30__1,30,1.0,6. p95_trade_value,35600.0,180000.0,O:GEHC250516C00070000,GEHC,C,70.0,2025-05-16,232,0,313,2.15,1745944728628000000,264,56760.0,2025-04-29,3000,30,True,Multi Leg auto-electronic trade,Medical,Medical - Products,67.88,68.54,67.11,68.09,24,4.754042386785437,20,1,1,1,1,0
GEHC,Medical,Medical - Products,30__1,30,1.0,6. p95_trade_value,35600.0,180000.0,O:GEHC250516P00067000,GEHC,P,67.0,2025-05-16,232,0,313,2.65,1745944728628000000,264,69960.0,2025-04-29,3000,30,True,Multi Leg auto-electronic trade,Medical,Medical - Products,67.88,68.54,67.11,68.09,20,4.844849800806639,20,1,1,0,0,0
GEHC,Medical,Medical - Products,30__1,30,1.0,6. p95_trade_value,35600.0,180000.0,O:GEHC250530C00074000,GEHC,C,74.0,2025-05-30,235,0,300,0.9,1747662566090000000,2000,180000.0,2025-05-19,3000,30,True,Multi Leg floor trade,Medical,Medical - Products,72.24,73.29,71.88,73.1,9,5.2552725051033065,20,1,0,0,0,1
GEHC,Medical,Medical - Products,30__1,30,1.0,6. p95_trade_value,35600.0,180000.0,O:GEHC250530P00070000,GEHC,P,70.0,2025-05-30,235,0,300,0.75,1747662566090000000,2000,150000.0,2025-05-19,3000,30,True,Multi Leg floor trade,Medical,Medical - Products,72.24,73.29,71.88,73.1,10,5.176091259055681,20,1,1,1,0,0
GHRS,Medical,Medical - Biomedical and Genetics,10__0,10,0.0,8. p75_trade_value,19900.0,19900.0,O:GHRS250221P00017500,GHRS,P,17.5,2025-02-21,227,0,323,1.99,1738593541786000000,100,19900.0,2025-02-03,3000,30,True,Single Leg Auction Non ISO,Medical,Medical - Biomedical and Genetics,20.0,20.5,17.51,17.99,2,4.298853076409706,20,2,1,1,1,0
GHRS,Medical,Medical - Biomedical and Genetics,10__0,10,0.0,1. p999999_trade_value,21500.0,21500.0,O:GHRS250221P00017500,GHRS,P,17.5,2025-02-21,227,0,323,2.15,1738593352592000000,100,21500.0,2025-02-03,3000,30,True,Single Leg Auction Non ISO,Medical,Medical - Biomedical and Genetics,20.0,20.5,17.51,17.99,1,4.332438459915605,20,1,1,1,1,0
GLUE,Medical,Medical - Biomedical and Genetics,10__0,10,0.0,1. p999999_trade_value,21060.0,21060.0,O:GLUE241115C00010000,GLUE,C,10.0,2024-11-15,235,0,323,0.45,1730919445727000000,468,21060.0,2024-11-06,3000,30,True,Multi Leg floor trade,Medical,Medical - Biomedical and Genetics,9.68,9.7,8.9,9.45,1,4.323458366849468,20,1,1,0,0,0
GMED,Medical,Medical - Instruments,20__2,20,2.0,5. p99_trade_value,240000.0,240000.0,O:GMED250117C00085000,GMED,C,85.0,2025-01-17,241,0,323,1.2,1736185610723000000,2000,240000.0,2025-01-06,3000,30,True,Stock Options Cross,Medical,Medical - Instruments,83.0,84.245,82.29,83.93,2,5.380211241711606,20,1,1,1,1,0
GMED,Medical,Medical - Instruments,20__2,20,2.0,1. p999999_trade_value,325890.0,325890.0,O:GMED250221P00082500,GMED,P,82.5,2025-02-21,235,0,313,2.7,1739987537164000000,1207,325890.0,2025-02-19,3000,30,True,Multi Leg floor trade,Medical,Medical - Instruments,84.51,85.5,84.06,84.09,1,5.5130710342563365,20,1,1,1,1,0
GRAL,Medical,Medical - Biomedical and Genetics,25__0,25,0.0,1. p999999_trade_value,93000.0,93000.0,O:GRAL250516C00030000,GRAL,C,30.0,2025-05-16,209,0,320,3.1,1745346365319000000,300,93000.0,2025-04-22,3000,30,True,Automatic Execution,Medical,Medical - Biomedical and Genetics,26.95,29.87,26.755,29.69,1,4.968482948553935,20,1,1,1,1,0
GRFS,Medical,Medical - Drugs,15__0,15,0.0,7. p90_trade_value,16887.0,16887.0,O:GRFS250117C00008000,GRFS,C,8.0,2025-01-17,227,0,301,0.39,1734967034043000000,433,16887.0,2024-12-23,3000,30,True,Single Leg Auction Non ISO,Medical,Medical - Drugs,7.45,7.695,7.37,7.68,2,4.227552503379864,20,2,1,0,0,0
GRFS,Medical,Medical - Drugs,15__0,15,0.0,1. p999999_trade_value,16926.000000000004,16926.000000000004,O:GRFS250117C00008000,GRFS,C,8.0,2025-01-17,227,0,301,0.39,1734967034043000000,434,16926.000000000004,2024-12-23,3000,30,True,Single Leg Auction Non ISO,Medical,Medical - Drugs,7.45,7.695,7.37,7.68,1,4.22855433653901,20,1,1,0,0,0
HAE,Medical,Medical - Products,20__1,20,1.0,5. p99_trade_value,960000.0,960000.0,O:HAE250221P00065000,HAE,P,65.0,2025-02-21,234,0,312,1.92,1738266694980000000,5000,960000.0,2025-01-30,3000,30,True,Multi Leg Cross,Medical,Medical - Products,69.08,71.0,67.98,69.47,2,5.982271233039568,20,1,1,1,1,0
HAE,Medical,Medical - Products,20__1,20,1.0,1. p999999_trade_value,990000.0,990000.0,O:HAE250221P00065000,HAE,P,65.0,2025-02-21,241,0,323,3.3,1738605275015000000,3000,990000.0,2025-02-03,3000,30,True,Stock Options Cross,Medical,Medical - Products,67.95,68.9,65.73,66.15,1,5.99563519459755,20,1,1,1,1,0
HCA,Medical,Medical - Hospital,35__2,35,2.0,1. p999999_trade_value,630000.0,630000.0,O:HCA240920C00395000,HCA,C,395.0,2024-09-20,241,0,323,6.3,1724770198616000000,1000,630000.0,2024-08-27,3000,30,True,Stock Options Cross,Medical,Medical - Hospital,388.86,391.88,387.57,390.18,1,5.799340549453582,20,1,1,1,1,0
HCA,Medical,Medical - Hospital,35__2,35,2.0,5. p99_trade_value,173250.0,460000.0,O:HCA241115P00380000,HCA,P,380.0,2024-11-15,229,0,308,8.0,1729707885276000000,500,400000.0,2024-10-23,3000,30,True,Single Leg Cross Non ISO,Medical,Medical - Hospital,408.18,410.79,406.33,410.03,7,5.6020599913279625,20,1,1,1,1,0
HCA,Medical,Medical - Hospital,35__2,35,2.0,5. p99_trade_value,173250.0,460000.0,O:HCA241115P00390000,HCA,P,390.0,2024-11-15,235,0,313,10.25,1729706579579000000,200,205000.0,2024-10-23,3000,30,True,Multi Leg floor trade,Medical,Medical - Hospital,408.18,410.79,406.33,410.03,13,5.311753861055754,20,1,1,1,1,0
HCA,Medical,Medical - Hospital,35__2,35,2.0,5. p99_trade_value,173250.0,460000.0,O:HCA241115C00430000,HCA,C,430.0,2024-11-15,242,0,300,7.3,1729795394206000000,300,219000.0,2024-10-24,3000,30,True,Stock Options floor trade,Medical,Medical - Hospital,405.57,408.51,394.12,398.9,12,5.3404441148401185,20,1,0,0,0,1
HCA,Medical,Medical - Hospital,35__2,35,2.0,5. p99_trade_value,173250.0,460000.0,O:HCA241115P00325000,HCA,P,325.0,2024-11-15,233,0,312,1.75,1730402794297000000,990,173250.0,2024-10-31,3000,30,True,Multi Leg Auction,Medical,Medical - Hospital,358.0,361.4,357.26,358.74,23,5.238673243283844,20,1,0,0,0,1
HCA,Medical,Medical - Hospital,35__2,35,2.0,5. p99_trade_value,173250.0,460000.0,O:HCA241115P00355000,HCA,P,355.0,2024-11-15,233,0,312,9.23,1730402794298000000,495,456885.00000000006,2024-10-31,3000,30,True,Multi Leg Auction,Medical,Medical - Hospital,358.0,361.4,357.26,358.74,5,5.659806899959481,20,1,1,1,1,0
HCA,Medical,Medical - Hospital,35__2,35,2.0,5. p99_trade_value,173250.0,460000.0,O:HCA241115P00355000,HCA,P,355.0,2024-11-15,232,0,312,9.14,1730402409815000000,200,182800.0,2024-10-31,3000,30,True,Multi Leg auto-electronic trade,Medical,Medical - Hospital,358.0,361.4,357.26,358.74,19,5.261976191397813,20,1,1,1,1,0
HCA,Medical,Medical - Hospital,35__2,35,2.0,5. p99_trade_value,173250.0,460000.0,O:HCA241115P00325000,HCA,P,325.0,2024-11-15,233,0,312,1.76,1730470919573000000,998,175648.0,2024-11-01,3000,30,True,Multi Leg Auction,Medical,Medical - Hospital,360.52,360.88,355.56,357.19,22,5.244643209101521,20,1,0,0,0,1
HCA,Medical,Medical - Hospital,35__2,35,2.0,5. p99_trade_value,173250.0,460000.0,O:HCA241115P00325000,HCA,P,325.0,2024-11-15,235,0,300,1.8,1730472377431000000,998,179640.0,2024-11-01,3000,30,True,Multi Leg floor trade,Medical,Medical - Hospital,360.52,360.88,355.56,357.19,21,5.254403046390677,20,1,0,0,0,1
HCA,Medical,Medical - Hospital,35__2,35,2.0,4. p999_trade_value,472553.00000000006,476545.00000000006,O:HCA241115P00355000,HCA,P,355.0,2024-11-15,233,0,312,9.47,1730470919572000000,499,472553.00000000006,2024-11-01,3000,30,True,Multi Leg Auction,Medical,Medical - Hospital,360.52,360.88,355.56,357.19,3,5.674450524626663,20,1,1,1,1,0
HCA,Medical,Medical - Hospital,35__2,35,2.0,4. p999_trade_value,472553.00000000006,476545.00000000006,O:HCA241115P00355000,HCA,P,355.0,2024-11-15,235,0,300,9.55,1730472377432000000,499,476545.00000000006,2024-11-01,3000,30,True,Multi Leg floor trade,Medical,Medical - Hospital,360.52,360.88,355.56,357.19,2,5.678103917207136,20,1,1,1,1,0
HCA,Medical,Medical - Hospital,35__2,35,2.0,5. p99_trade_value,173250.0,460000.0,O:HCA241220P00320000,HCA,P,320.0,2024-12-20,232,0,308,4.67,1732723639990000000,393,183531.0,2024-11-27,3000,30,True,Multi Leg auto-electronic trade,Medical,Medical - Hospital,328.86,331.99,324.93,325.47,18,5.263709430941539,20,1,1,1,1,0
HCA,Medical,Medical - Hospital,35__2,35,2.0,5. p99_trade_value,173250.0,460000.0,O:HCA250221P00320000,HCA,P,320.0,2025-02-21,233,0,309,10.85,1737645333746000000,300,325500.0,2025-01-23,3000,30,True,Multi Leg Auction,Medical,Medical - Hospital,324.12,326.8,320.38,325.36,9,5.5125509929042105,20,1,1,1,1,0
HCA,Medical,Medical - Hospital,35__2,35,2.0,5. p99_trade_value,173250.0,460000.0,O:HCA250221P00320000,HCA,P,320.0,2025-02-21,242,0,323,11.5,1737662089850000000,400,460000.0,2025-01-23,3000,30,True,Stock Options floor trade,Medical,Medical - Hospital,324.12,326.8,320.38,325.36,4,5.662757831681574,20,1,1,1,1,0
HCA,Medical,Medical - Hospital,35__2,35,2.0,5. p99_trade_value,173250.0,460000.0,O:HCA250221P00310000,HCA,P,310.0,2025-02-21,235,0,323,4.5,1739458968897000000,1000,450000.0,2025-02-13,3000,30,True,Multi Leg floor trade,Medical,Medical - Hospital,314.48,322.82,313.08,321.92,6,5.653212513775344,20,1,0,0,0,1
HCA,Medical,Medical - Hospital,35__2,35,2.0,5. p99_trade_value,173250.0,460000.0,O:HCA250321C00335000,HCA,C,335.0,2025-03-21,235,0,313,5.85,1739994229539000000,522,305370.0,2025-02-19,3000,30,True,Multi Leg floor trade,Medical,Medical - Hospital,315.98,323.75,315.55,320.56,11,5.484826369084443,20,1,1,0,0,0
HCA,Medical,Medical - Hospital,35__2,35,2.0,5. p99_trade_value,173250.0,460000.0,O:HCA250321P00305000,HCA,P,305.0,2025-03-21,235,0,313,3.75,1739994229539000000,522,195750.0,2025-02-19,3000,30,True,Multi Leg floor trade,Medical,Medical - Hospital,315.98,323.75,315.55,320.56,15,5.291701770729981,20,1,1,0,0,0
HCA,Medical,Medical - Hospital,35__2,35,2.0,5. p99_trade_value,173250.0,460000.0,O:HCA250321P00315000,HCA,P,315.0,2025-03-21,231,0,313,7.7,1740149862422000000,250,192500.0,2025-02-21,3000,30,True,Single Leg Floor Trade,Medical,Medical - Hospital,319.04,322.62,315.12,316.42,16,5.28443073384452,20,1,1,0,0,0
HCA,Medical,Medical - Hospital,35__2,35,2.0,5. p99_trade_value,173250.0,460000.0,O:HCA250321P00315000,HCA,P,315.0,2025-03-21,231,0,313,7.6,1740149862421000000,250,190000.0,2025-02-21,3000,30,True,Single Leg Floor Trade,Medical,Medical - Hospital,319.04,322.62,315.12,316.42,17,5.278753600952829,20,1,1,0,0,0
HCA,Medical,Medical - Hospital,35__2,35,2.0,5. p99_trade_value,173250.0,460000.0,O:HCA250417P00330000,HCA,P,330.0,2025-04-17,235,0,300,8.64,1742483720960000000,234,202176.00000000003,2025-03-20,3000,30,True,Multi Leg floor trade,Medical,Medical - Hospital,332.82,335.48,331.78,333.52,14,5.305729599889037,20,1,1,0,0,0
HCA,Medical,Medical - Hospital,35__2,35,2.0,5. p99_trade_value,173250.0,460000.0,O:HCA250417P00320000,HCA,P,320.0,2025-04-17,228,0,312,6.6,1742578104518000000,472,311520.0,2025-03-21,3000,30,True,Single Leg Auction ISO,Medical,Medical - Hospital,331.96,332.135,325.36,328.79,10,5.493485934175957,20,1,1,0,0,0
HCA,Medical,Medical - Hospital,35__2,35,2.0,5. p99_trade_value,173250.0,460000.0,O:HCA250516P00335000,HCA,P,335.0,2025-05-16,231,0,323,4.8,1746117333097000000,750,360000.0,2025-05-01,3000,30,True,Single Leg Floor Trade,Medical,Medical - Hospital,344.0,348.14,340.955,343.04,8,5.556302500767287,20,1,0,0,0,1
HCA,Medical,Medical - Hospital,35__2,35,2.0,5. p99_trade_value,173250.0,460000.0,O:HCA250620C00380000,HCA,C,380.0,2025-06-20,227,0,308,2.5,1749831681909000000,721,180250.0,2025-06-13,3000,30,True,Single Leg Auction Non ISO,Medical,Medical - Hospital,369.12,374.81,367.81,371.18,20,5.255875273391466,20,1,0,0,0,0
HCM,Medical,Medical - Biomedical and Genetics,0__2,0,2.0,1. p999999_trade_value,5500.0,5500.0,O:HCM250321C00015000,HCM,C,15.0,2025-03-21,209,0,308,2.75,1742310565850000000,20,5500.0,2025-03-18,3000,30,True,Automatic Execution,Medical,Medical - Biomedical and Genetics,14.76,14.98,14.6,14.95,1,3.7403626894942437,20,1,1,1,0,0
HOLX,Medical,Medical - Instruments,25__2,25,2.0,5. p99_trade_value,228000.0,228000.0,O:HOLX241115P00080000,HOLX,P,80.0,2024-11-15,231,0,301,2.85,1729192456443000000,800,228000.0,2024-10-17,3000,30,True,Single Leg Floor Trade,Medical,Medical - Instruments,81.5,81.99,80.02,80.47,2,5.357934847000454,20,1,1,1,1,0
HOLX,Medical,Medical - Instruments,25__2,25,2.0,1. p999999_trade_value,330000.0,330000.0,O:HOLX241115P00080000,HOLX,P,80.0,2024-11-15,235,0,301,1.65,1730478373772000000,2000,330000.0,2024-11-01,3000,30,True,Multi Leg floor trade,Medical,Medical - Instruments,80.99,83.05,80.86,82.33,1,5.518513939877887,20,1,1,1,1,0
HRTX,Medical,Medical - Drugs,5__0,5,0.0,1. p999999_trade_value,5000.0,5000.0,O:HRTX250516C00002000,HRTX,C,2.0,2025-05-16,209,0,308,0.2,1745257454215000000,250,5000.0,2025-04-21,3000,30,True,Automatic Execution,Medical,Medical - Drugs,1.82,1.99,1.81,1.93,1,3.6989700043360187,20,1,1,0,0,0
IDXX,Medical,Medical - Instruments,25__2,25,2.0,1. p999999_trade_value,577395.0,577395.0,O:IDXX241115P00420000,IDXX,P,420.0,2024-11-15,227,0,323,4.55,1729172444231000000,1269,577395.0,2024-10-17,3000,30,True,Single Leg Auction Non ISO,Medical,Medical - Instruments,466.6,467.95,458.05,460.01,1,5.7614730187518175,20,1,1,1,0,0
IGMS,Medical,Medical - Biomedical and Genetics,5__0,5,0.0,1. p999999_trade_value,6500.0,6500.0,O:IGMS241115P00015000,IGMS,P,15.0,2024-11-15,209,0,313,1.3,1729697032957000000,50,6500.0,2024-10-23,3000,30,True,Automatic Execution,Medical,Medical - Biomedical and Genetics,17.22,17.3385,15.3,16.03,1,3.8129133566428557,20,1,1,1,1,0
IMTX,Medical,Medical - Biomedical and Genetics,10__0,10,0.0,1. p999999_trade_value,50000.0,50000.0,O:IMTX241115P00009000,IMTX,P,9.0,2024-11-15,229,0,301,0.25,1729605722314000000,2000,50000.0,2024-10-22,3000,30,True,Single Leg Cross Non ISO,Medical,Medical - Biomedical and Genetics,9.58,9.68,9.5,9.54,1,4.698970004336019,20,1,1,1,1,0
IMVT,Medical,Medical - Biomedical and Genetics,20__1,20,1.0,1. p999999_trade_value,363636.0,363636.0,O:IMVT250417P00015000,IMVT,P,15.0,2025-04-17,235,0,300,0.91,1742319486728000000,3996,363636.0,2025-03-18,3000,30,True,Multi Leg floor trade,Medical,Medical - Biomedical and Genetics,19.87,19.89,18.77,18.79,1,5.560666871875038,20,1,1,1,0,0
INBX,Medical,Medical - Biomedical and Genetics,5__0,5,0.0,1. p999999_trade_value,8825.0,8825.0,O:INBX250417C00015000,INBX,C,15.0,2025-04-17,209,0,320,0.25,1742841792179000000,353,8825.0,2025-03-24,3000,30,True,Automatic Execution,Medical,Medical - Biomedical and Genetics,14.53,14.905,13.85,14.72,1,3.9457147140598603,20,1,1,0,0,0
INCY,Medical,Medical - Biomedical and Genetics,30__2,30,2.0,1. p999999_trade_value,250000.0,250000.0,O:INCY250221P00072500,INCY,P,72.5,2025-02-21,234,0,301,2.5,1738340906268000000,1000,250000.0,2025-01-31,3000,30,True,Multi Leg Cross,Medical,Medical - Biomedical and Genetics,73.76,75.18,73.1,74.16,1,5.3979400086720375,20,1,1,1,1,0
IOVA,Medical,Medical - Biomedical and Genetics,30__2,30,2.0,6. p95_trade_value,22750.0,51726.0,O:IOVA240920P00011000,IOVA,P,11.0,2024-09-20,209,0,323,0.55,1724946205762000000,433,23815.0,2024-08-29,3000,30,True,Automatic Execution,Medical,Medical - Biomedical and Genetics,11.35,11.8243,11.32,11.38,43,4.37685058584761,20,1,1,1,1,0
IOVA,Medical,Medical - Biomedical and Genetics,30__2,30,2.0,6. p95_trade_value,22750.0,51726.0,O:IOVA240920P00011000,IOVA,P,11.0,2024-09-20,227,0,301,0.55,1724950683357000000,531,29205.0,2024-08-29,3000,30,True,Single Leg Auction Non ISO,Medical,Medical - Biomedical and Genetics,11.35,11.8243,11.32,11.38,30,4.465457210575713,20,1,1,1,1,0
IOVA,Medical,Medical - Biomedical and Genetics,30__2,30,2.0,6. p95_trade_value,22750.0,51726.0,O:IOVA241018C00011000,IOVA,C,11.0,2024-10-18,209,0,308,0.55,1726843329445000000,493,27115.000000000004,2024-09-20,3000,30,True,Automatic Execution,Medical,Medical - Biomedical and Genetics,10.38,10.5,10.015,10.15,33,4.433209608771474,20,1,1,1,0,0
IOVA,Medical,Medical - Biomedical and Genetics,30__2,30,2.0,6. p95_trade_value,22750.0,51726.0,O:IOVA241018C00011000,IOVA,C,11.0,2024-10-18,209,0,308,0.4,1727104677410000000,645,25800.0,2024-09-23,3000,30,True,Automatic Execution,Medical,Medical - Biomedical and Genetics,10.18,10.22,9.64,9.66,37,4.41161970596323,20,1,1,1,0,0
IOVA,Medical,Medical - Biomedical and Genetics,30__2,30,2.0,5. p99_trade_value,52268.99999999999,161000.0,O:IOVA241018C00011000,IOVA,C,11.0,2024-10-18,227,0,301,0.21,1727190476360000000,2489,52268.99999999999,2024-09-24,3000,30,True,Single Leg Auction Non ISO,Medical,Medical - Biomedical and Genetics,9.66,9.74,9.33,9.34,10,4.718244191342513,20,1,1,1,0,0
IOVA,Medical,Medical - Biomedical and Genetics,30__2,30,2.0,6. p95_trade_value,22750.0,51726.0,O:IOVA241018C00011000,IOVA,C,11.0,2024-10-18,209,0,325,0.22,1727189718309000000,1983,43626.0,2024-09-24,3000,30,True,Automatic Execution,Medical,Medical - Biomedical and Genetics,9.66,9.74,9.33,9.34,14,4.639745395027509,20,1,1,1,0,0
IOVA,Medical,Medical - Biomedical and Genetics,30__2,30,2.0,6. p95_trade_value,22750.0,51726.0,O:IOVA241018C00011000,IOVA,C,11.0,2024-10-18,209,0,325,0.23,1727194151877000000,995,22885.000000000004,2024-09-24,3000,30,True,Automatic Execution,Medical,Medical - Biomedical and Genetics,9.66,9.74,9.33,9.34,45,4.359550916763318,20,1,1,1,0,0
IOVA,Medical,Medical - Biomedical and Genetics,30__2,30,2.0,6. p95_trade_value,22750.0,51726.0,O:IOVA241115C00012000,IOVA,C,12.0,2024-11-15,219,0,323,0.8,1729259587496000000,300,24000.0,2024-10-18,3000,30,True,Intermarket Sweep Order,Medical,Medical - Biomedical and Genetics,10.24,11.18,10.01,10.24,42,4.380211241711606,20,1,1,0,0,0
IOVA,Medical,Medical - Biomedical and Genetics,30__2,30,2.0,6. p95_trade_value,22750.0,51726.0,O:IOVA241115C00012000,IOVA,C,12.0,2024-11-15,227,0,308,0.74,1729259530579000000,699,51726.0,2024-10-18,3000,30,True,Single Leg Auction Non ISO,Medical,Medical - Biomedical and Genetics,10.24,11.18,10.01,10.24,11,4.713708895476658,20,1,1,0,0,0
IOVA,Medical,Medical - Biomedical and Genetics,30__2,30,2.0,5. p99_trade_value,52268.99999999999,161000.0,O:IOVA241115C00012000,IOVA,C,12.0,2024-11-15,227,0,308,0.79,1729259587650000000,699,55221.0,2024-10-18,3000,30,True,Single Leg Auction Non ISO,Medical,Medical - Biomedical and Genetics,10.24,11.18,10.01,10.24,9,4.742104267036122,20,1,1,0,0,0
IOVA,Medical,Medical - Biomedical and Genetics,30__2,30,2.0,6. p95_trade_value,22750.0,51726.0,O:IOVA241115C00011000,IOVA,C,11.0,2024-11-15,232,0,308,0.81,1729525855491000000,325,26325.0,2024-10-21,3000,30,True,Multi Leg auto-electronic trade,Medical,Medical - Biomedical and Genetics,10.15,10.18,9.7,9.92,36,4.420368379857524,20,1,1,0,0,0
IOVA,Medical,Medical - Biomedical and Genetics,30__2,30,2.0,6. p95_trade_value,22750.0,51726.0,O:IOVA241115C00011000,IOVA,C,11.0,2024-11-15,232,0,303,0.81,1729525855490000000,375,30375.0,2024-10-21,3000,30,True,Multi Leg auto-electronic trade,Medical,Medical - Biomedical and Genetics,10.15,10.18,9.7,9.92,27,4.482516286606368,20,1,1,0,0,0
IOVA,Medical,Medical - Biomedical and Genetics,30__2,30,2.0,6. p95_trade_value,22750.0,51726.0,O:IOVA241115C00011000,IOVA,C,11.0,2024-11-15,232,0,313,0.8,1729525855489000000,523,41840.0,2024-10-21,3000,30,True,Multi Leg auto-electronic trade,Medical,Medical - Biomedical and Genetics,10.15,10.18,9.7,9.92,16,4.621591675859218,20,1,1,0,0,0
IOVA,Medical,Medical - Biomedical and Genetics,30__2,30,2.0,5. p99_trade_value,52268.99999999999,161000.0,O:IOVA241115C00011000,IOVA,C,11.0,2024-11-15,232,0,322,0.8,1729525855695000000,732,58560.0,2024-10-21,3000,30,True,Multi Leg auto-electronic trade,Medical,Medical - Biomedical and Genetics,10.15,10.18,9.7,9.92,7,4.767601068050335,20,1,1,0,0,0
IOVA,Medical,Medical - Biomedical and Genetics,30__2,30,2.0,5. p99_trade_value,52268.99999999999,161000.0,O:IOVA241115C00011000,IOVA,C,11.0,2024-11-15,232,0,322,0.82,1729525855590000000,698,57236.0,2024-10-21,3000,30,True,Multi Leg auto-electronic trade,Medical,Medical - Biomedical and Genetics,10.15,10.18,9.7,9.92,8,4.757669275006878,20,1,1,0,0,0
IOVA,Medical,Medical - Biomedical and Genetics,30__2,30,2.0,6. p95_trade_value,22750.0,51726.0,O:IOVA241115C00012000,IOVA,C,12.0,2024-11-15,232,0,313,0.53,1729525855489000000,523,27719.0,2024-10-21,3000,30,True,Multi Leg auto-electronic trade,Medical,Medical - Biomedical and Genetics,10.15,10.18,9.7,9.92,32,4.442777558468063,20,1,1,0,0,0
IOVA,Medical,Medical - Biomedical and Genetics,30__2,30,2.0,6. p95_trade_value,22750.0,51726.0,O:IOVA241115C00012000,IOVA,C,12.0,2024-11-15,219,0,323,0.65,1729524134800000000,560,36400.0,2024-10-21,3000,30,True,Intermarket Sweep Order,Medical,Medical - Biomedical and Genetics,10.15,10.18,9.7,9.92,22,4.561101383649056,20,1,1,0,0,0
IOVA,Medical,Medical - Biomedical and Genetics,30__2,30,2.0,6. p95_trade_value,22750.0,51726.0,O:IOVA241115C00012000,IOVA,C,12.0,2024-11-15,232,0,322,0.55,1729525855590000000,698,38390.0,2024-10-21,3000,30,True,Multi Leg auto-electronic trade,Medical,Medical - Biomedical and Genetics,10.15,10.18,9.7,9.92,20,4.584218112117405,20,1,1,0,0,0
IOVA,Medical,Medical - Biomedical and Genetics,30__2,30,2.0,6. p95_trade_value,22750.0,51726.0,O:IOVA241115C00012000,IOVA,C,12.0,2024-11-15,232,0,322,0.53,1729525855695000000,732,38796.0,2024-10-21,3000,30,True,Multi Leg auto-electronic trade,Medical,Medical - Biomedical and Genetics,10.15,10.18,9.7,9.92,19,4.5887869506591805,20,1,1,0,0,0
IOVA,Medical,Medical - Biomedical and Genetics,30__2,30,2.0,6. p95_trade_value,22750.0,51726.0,O:IOVA241101C00011500,IOVA,C,11.5,2024-11-01,232,0,322,0.45,1729867878237000000,600,27000.0,2024-10-25,3000,30,True,Multi Leg auto-electronic trade,Medical,Medical - Biomedical and Genetics,10.63,11.135,10.541,10.67,35,4.431363764158987,20,1,0,0,0,1
IOVA,Medical,Medical - Biomedical and Genetics,30__2,30,2.0,6. p95_trade_value,22750.0,51726.0,O:IOVA241101C00011500,IOVA,C,11.5,2024-11-01,232,0,304,0.45,1729867878248000000,537,24165.0,2024-10-25,3000,30,True,Multi Leg auto-electronic trade,Medical,Medical - Biomedical and Genetics,10.63,11.135,10.541,10.67,41,4.383186799474899,20,1,0,0,0,1
IOVA,Medical,Medical - Biomedical and Genetics,30__2,30,2.0,6. p95_trade_value,22750.0,51726.0,O:IOVA241101C00011500,IOVA,C,11.5,2024-11-01,209,0,325,0.38,1730126152946000000,998,37924.0,2024-10-28,3000,30,True,Automatic Execution,Medical,Medical - Biomedical and Genetics,10.85,11.208,10.7699,11.03,21,4.578914137904182,20,1,0,0,0,1
IOVA,Medical,Medical - Biomedical and Genetics,30__2,30,2.0,1. p999999_trade_value,388500.00000000006,388500.00000000006,O:IOVA241115C00011500,IOVA,C,11.5,2024-11-15,234,0,300,1.11,1730137059203000000,3500,388500.00000000006,2024-10-28,3000,30,True,Multi Leg Cross,Medical,Medical - Biomedical and Genetics,10.85,11.208,10.7699,11.03,1,5.589391023136933,20,1,1,0,0,0
IOVA,Medical,Medical - Biomedical and Genetics,30__2,30,2.0,6. p95_trade_value,22750.0,51726.0,O:IOVA241115C00013000,IOVA,C,13.0,2024-11-15,232,0,300,0.64,1730138940169000000,396,25344.0,2024-10-28,3000,30,True,Multi Leg auto-electronic trade,Medical,Medical - Biomedical and Genetics,10.85,11.208,10.7699,11.03,38,4.4038751599094,20,1,0,0,0,1
IOVA,Medical,Medical - Biomedical and Genetics,30__2,30,2.0,5. p99_trade_value,52268.99999999999,161000.0,O:IOVA241115C00014000,IOVA,C,14.0,2024-11-15,234,0,300,0.46,1730137059203000000,3500,161000.0,2024-10-28,3000,30,True,Multi Leg Cross,Medical,Medical - Biomedical and Genetics,10.85,11.208,10.7699,11.03,2,5.20682587603185,20,1,0,0,0,1
IOVA,Medical,Medical - Biomedical and Genetics,30__2,30,2.0,5. p99_trade_value,52268.99999999999,161000.0,O:IOVA241115P00009000,IOVA,P,9.0,2024-11-15,234,0,300,0.35,1730137059203000000,3500,122500.0,2024-10-28,3000,30,True,Multi Leg Cross,Medical,Medical - Biomedical and Genetics,10.85,11.208,10.7699,11.03,4,5.088136088700551,20,1,1,1,1,0
IOVA,Medical,Medical - Biomedical and Genetics,30__2,30,2.0,6. p95_trade_value,22750.0,51726.0,O:IOVA241115C00011500,IOVA,C,11.5,2024-11-15,233,0,304,0.95,1730223329083000000,480,45600.0,2024-10-29,3000,30,True,Multi Leg Auction,Medical,Medical - Biomedical and Genetics,11.0,11.08,10.66,10.81,13,4.658964842664435,20,1,1,0,0,0
IOVA,Medical,Medical - Biomedical and Genetics,30__2,30,2.0,6. p95_trade_value,22750.0,51726.0,O:IOVA241115C00012000,IOVA,C,12.0,2024-11-15,232,0,308,0.67,1730387892889000000,600,40200.0,2024-10-31,3000,30,True,Multi Leg auto-electronic trade,Medical,Medical - Biomedical and Genetics,10.85,10.95,10.38,10.44,18,4.60422605308447,20,1,1,0,0,0
IOVA,Medical,Medical - Biomedical and Genetics,30__2,30,2.0,6. p95_trade_value,22750.0,51726.0,O:IOVA241115P00010500,IOVA,P,10.5,2024-11-15,209,0,325,0.82,1730731525469000000,500,41000.0,2024-11-04,3000,30,True,Automatic Execution,Medical,Medical - Biomedical and Genetics,11.32,11.47,10.85,11.44,17,4.6127838567197355,20,1,1,1,1,0
IOVA,Medical,Medical - Biomedical and Genetics,30__2,30,2.0,6. p95_trade_value,22750.0,51726.0,O:IOVA241115P00010500,IOVA,P,10.5,2024-11-15,209,0,318,0.8,1730731628457000000,306,24480.0,2024-11-04,3000,30,True,Automatic Execution,Medical,Medical - Biomedical and Genetics,11.32,11.47,10.85,11.44,40,4.388811413473523,20,1,1,1,1,0
IOVA,Medical,Medical - Biomedical and Genetics,30__2,30,2.0,5. p99_trade_value,52268.99999999999,161000.0,O:IOVA241108C00012500,IOVA,C,12.5,2024-11-08,235,0,313,0.65,1730925825201000000,1000,65000.0,2024-11-06,3000,30,True,Multi Leg floor trade,Medical,Medical - Biomedical and Genetics,12.09,12.38,11.79,12.14,6,4.812913356642856,20,1,1,0,0,0
IOVA,Medical,Medical - Biomedical and Genetics,30__2,30,2.0,6. p95_trade_value,22750.0,51726.0,O:IOVA241115P00009000,IOVA,P,9.0,2024-11-15,231,0,323,0.15,1730926206818000000,2817,42255.0,2024-11-06,3000,30,True,Single Leg Floor Trade,Medical,Medical - Biomedical and Genetics,12.09,12.38,11.79,12.14,15,4.625878106041455,20,1,1,1,1,0
IOVA,Medical,Medical - Biomedical and Genetics,30__2,30,2.0,6. p95_trade_value,22750.0,51726.0,O:IOVA241115P00011000,IOVA,P,11.0,2024-11-15,235,0,313,0.5,1730925825202000000,1000,50000.0,2024-11-06,3000,30,True,Multi Leg floor trade,Medical,Medical - Biomedical and Genetics,12.09,12.38,11.79,12.14,12,4.698970004336019,20,1,1,1,1,0
IOVA,Medical,Medical - Biomedical and Genetics,30__2,30,2.0,5. p99_trade_value,52268.99999999999,161000.0,O:IOVA241115C00013000,IOVA,C,13.0,2024-11-15,235,0,301,0.72,1730993743264000000,1000,72000.0,2024-11-07,3000,30,True,Multi Leg floor trade,Medical,Medical - Biomedical and Genetics,12.22,12.505,12.1,12.28,5,4.857332496431268,20,1,0,0,0,1
IOVA,Medical,Medical - Biomedical and Genetics,30__2,30,2.0,6. p95_trade_value,22750.0,51726.0,O:IOVA241115C00013500,IOVA,C,13.5,2024-11-15,233,0,302,0.62,1730994794765000000,500,31000.0,2024-11-07,3000,30,True,Multi Leg Auction,Medical,Medical - Biomedical and Genetics,12.22,12.505,12.1,12.28,26,4.491361693834273,20,1,0,0,0,1
IOVA,Medical,Medical - Biomedical and Genetics,30__2,30,2.0,6. p95_trade_value,22750.0,51726.0,O:IOVA241115C00013500,IOVA,C,13.5,2024-11-15,233,0,302,0.62,1730994794765000000,500,31000.0,2024-11-07,3000,30,True,Multi Leg Auction,Medical,Medical - Biomedical and Genetics,12.22,12.505,12.1,12.28,25,4.491361693834273,20,1,0,0,0,1
IOVA,Medical,Medical - Biomedical and Genetics,30__2,30,2.0,6. p95_trade_value,22750.0,51726.0,O:IOVA241115C00011000,IOVA,C,11.0,2024-11-15,232,0,322,0.2,1731092556874000000,1499,29980.0,2024-11-08,3000,30,True,Multi Leg auto-electronic trade,Medical,Medical - Biomedical and Genetics,10.67,10.8,9.31,10.585,29,4.476831628512261,20,1,0,0,0,1
IOVA,Medical,Medical - Biomedical and Genetics,30__2,30,2.0,6. p95_trade_value,22750.0,51726.0,O:IOVA241206C00009500,IOVA,C,9.5,2024-12-06,209,0,308,0.25,1731947216100000000,1000,25000.0,2024-11-18,3000,30,True,Automatic Execution,Medical,Medical - Biomedical and Genetics,8.13,8.65,8.13,8.43,39,4.3979400086720375,20,1,1,0,0,0
IOVA,Medical,Medical - Biomedical and Genetics,30__2,30,2.0,5. p99_trade_value,52268.99999999999,161000.0,O:IOVA250117C00007500,IOVA,C,7.5,2025-01-17,227,0,312,0.62,1734724211671000000,1998,123876.0,2024-12-20,3000,30,True,Single Leg Auction Non ISO,Medical,Medical - Biomedical and Genetics,7.17,7.44,7.07,7.38,3,5.0929871733882175,20,1,1,0,0,0
IOVA,Medical,Medical - Biomedical and Genetics,30__2,30,2.0,6. p95_trade_value,22750.0,51726.0,O:IOVA250117C00007500,IOVA,C,7.5,2025-01-17,209,0,318,0.4,1735672606825000000,676,27040.000000000004,2024-12-31,3000,30,True,Automatic Execution,Medical,Medical - Biomedical and Genetics,7.27,7.445,7.12,7.4,34,4.432006687269598,20,1,1,0,0,0
IOVA,Medical,Medical - Biomedical and Genetics,30__2,30,2.0,6. p95_trade_value,22750.0,51726.0,O:IOVA250117C00007500,IOVA,C,7.5,2025-01-17,233,0,302,0.12,1736528514612000000,1923,23076.0,2025-01-10,3000,30,True,Multi Leg Auction,Medical,Medical - Biomedical and Genetics,7.0,7.025,6.24,6.4,44,4.3631605302861045,20,1,0,0,0,1
IOVA,Medical,Medical - Biomedical and Genetics,30__2,30,2.0,6. p95_trade_value,22750.0,51726.0,O:IOVA250228C00006500,IOVA,C,6.5,2025-02-28,209,0,302,0.3,1740419402777000000,1000,30000.0,2025-02-24,3000,30,True,Automatic Execution,Medical,Medical - Biomedical and Genetics,5.71,5.875,5.47,5.55,28,4.477121254719663,20,1,0,0,0,1
IOVA,Medical,Medical - Biomedical and Genetics,30__2,30,2.0,6. p95_trade_value,22750.0,51726.0,O:IOVA250228P00005000,IOVA,P,5.0,2025-02-28,209,0,320,0.25,1740413501508000000,910,22750.0,2025-02-24,3000,30,True,Automatic Execution,Medical,Medical - Biomedical and Genetics,5.71,5.875,5.47,5.55,46,4.356981400993131,20,1,1,1,1,0
IOVA,Medical,Medical - Biomedical and Genetics,30__2,30,2.0,6. p95_trade_value,22750.0,51726.0,O:IOVA250228P00005000,IOVA,P,5.0,2025-02-28,227,0,301,0.28,1740683141756000000,1000,28000.0,2025-02-27,3000,30,True,Single Leg Auction Non ISO,Medical,Medical - Biomedical and Genetics,5.38,5.64,5.25,5.26,31,4.447158031342219,20,1,1,1,1,0
IOVA,Medical,Medical - Biomedical and Genetics,30__2,30,2.0,6. p95_trade_value,22750.0,51726.0,O:IOVA250321C00004000,IOVA,C,4.0,2025-03-21,209,0,308,0.3,1741118482878000000,1200,36000.0,2025-03-04,3000,30,True,Automatic Execution,Medical,Medical - Biomedical and Genetics,3.95,3.96,3.7545,3.92,23,4.556302500767287,20,1,1,0,0,0
IOVA,Medical,Medical - Biomedical and Genetics,30__2,30,2.0,6. p95_trade_value,22750.0,51726.0,O:IOVA250516P00003000,IOVA,P,3.0,2025-05-16,209,0,323,0.35,1746714280335000000,978,34229.99999999999,2025-05-08,3000,30,True,Automatic Execution,Medical,Medical - Biomedical and Genetics,3.18,3.31,3.075,3.17,24,4.534406899137877,20,1,1,1,1,0
IQV,Medical,Medical - Instruments,25__2,25,2.0,5. p99_trade_value,360400.0,978690.0,O:IQV241115P00200000,IQV,P,200.0,2024-11-15,235,0,313,5.0,1730382197678000000,1320,660000.0,2024-10-31,3000,30,True,Multi Leg floor trade,Medical,Medical - Instruments,200.3,211.42,200.3,205.82,3,5.819543935541868,20,1,1,1,1,0
IQV,Medical,Medical - Instruments,25__2,25,2.0,5. p99_trade_value,360400.0,978690.0,O:IQV250221P00195000,IQV,P,195.0,2025-02-21,234,0,301,1.01,1738959473446000000,9690,978690.0,2025-02-07,3000,30,True,Multi Leg Cross,Medical,Medical - Instruments,211.67,211.67,205.41,208.14,2,5.990645150833408,20,1,1,1,1,0
IQV,Medical,Medical - Instruments,25__2,25,2.0,5. p99_trade_value,360400.0,978690.0,O:IQV250516P00150000,IQV,P,150.0,2025-05-16,235,0,313,4.89,1746469231231000000,800,391199.99999999994,2025-05-05,3000,30,True,Multi Leg floor trade,Medical,Medical - Instruments,151.81,154.4305,151.18,152.3,4,5.592398846115564,20,1,1,1,1,0
IQV,Medical,Medical - Instruments,25__2,25,2.0,1. p999999_trade_value,1630800.0000000002,1630800.0000000002,O:IQV250516P00135000,IQV,P,135.0,2025-05-16,234,0,301,0.54,1747061063651000000,30200,1630800.0000000002,2025-05-12,3000,30,True,Multi Leg Cross,Medical,Medical - Instruments,152.88,156.53,151.5,156.13,1,6.212400702780119,20,1,0,0,0,1
IQV,Medical,Medical - Instruments,25__2,25,2.0,5. p99_trade_value,360400.0,978690.0,O:IQV250516P00135000,IQV,P,135.0,2025-05-16,234,0,301,0.53,1747061063651000000,6800,360400.0,2025-05-12,3000,30,True,Multi Leg Cross,Medical,Medical - Instruments,152.88,156.53,151.5,156.13,5,5.556784782307026,20,1,0,0,0,1
ITGR,Medical,Medical - Instruments,10__0,10,0.0,1. p999999_trade_value,7200.0,7200.0,O:ITGR250516C00125000,ITGR,C,125.0,2025-05-16,209,0,308,4.0,1745417746056000000,18,7200.0,2025-04-23,3000,30,True,Automatic Execution,Medical,Medical - Instruments,121.05,123.68,119.81,120.51,1,3.8573324964312685,20,1,1,0,0,0
ITGR,Medical,Medical - Instruments,10__0,10,0.0,8. p75_trade_value,6800.0,6800.0,O:ITGR250516C00125000,ITGR,C,125.0,2025-05-16,209,0,308,4.0,1745419943234000000,17,6800.0,2025-04-23,3000,30,True,Automatic Execution,Medical,Medical - Instruments,121.05,123.68,119.81,120.51,2,3.832508912706236,20,2,1,0,0,0
JSPR,Medical,Medical - Biomedical and Genetics,25__0,25,0.0,1. p999999_trade_value,300000.0,300000.0,O:JSPR250117P00015000,JSPR,P,15.0,2025-01-17,235,0,300,3.0,1736188674027000000,1000,300000.0,2025-01-06,3000,30,True,Multi Leg floor trade,Medical,Medical - Biomedical and Genetics,19.82,21.06,19.64,20.87,1,5.477121254719663,20,1,1,1,1,0
KALV,Medical,Medical - Drugs,10__0,10,0.0,1. p999999_trade_value,74000.0,74000.0,O:KALV250321C00012500,KALV,C,12.5,2025-03-21,234,0,301,0.37,1741187889977000000,2000,74000.0,2025-03-05,3000,30,True,Multi Leg Cross,Medical,Medical - Drugs,11.39,11.63,11.0,11.61,1,4.869231719730976,20,1,1,0,0,0
KNSA,Medical,Medical - Biomedical and Genetics,0__2,0,2.0,1. p999999_trade_value,3400.0,3400.0,O:KNSA250321C00022500,KNSA,C,22.5,2025-03-21,209,0,320,0.85,1741017934631000000,40,3400.0,2025-03-03,3000,30,True,Automatic Execution,Medical,Medical - Biomedical and Genetics,20.47,22.23,20.4308,21.46,1,3.531478917042255,20,1,1,1,1,0
KRYS,Medical,Medical - Biomedical and Genetics,25__2,25,2.0,1. p999999_trade_value,750000.0,750000.0,O:KRYS241115C00195000,KRYS,C,195.0,2024-11-15,235,0,301,5.0,1730908753149000000,1500,750000.0,2024-11-06,3000,30,True,Multi Leg floor trade,Medical,Medical - Biomedical and Genetics,184.22,194.59,182.57,183.09,1,5.8750612633917,20,1,1,0,0,0
KRYS,Medical,Medical - Biomedical and Genetics,25__2,25,2.0,5. p99_trade_value,517175.0,700000.0,O:KRYS250221C00160000,KRYS,C,160.0,2025-02-21,234,0,302,7.55,1739890900230000000,685,517175.0,2025-02-18,3000,30,True,Multi Leg Cross,Medical,Medical - Biomedical and Genetics,152.94,157.39,152.51,156.69,3,5.713637523121614,20,1,1,1,1,0
KRYS,Medical,Medical - Biomedical and Genetics,25__2,25,2.0,5. p99_trade_value,517175.0,700000.0,O:KRYS250516P00160000,KRYS,P,160.0,2025-05-16,235,0,313,7.0,1745433279865000000,1000,700000.0,2025-04-23,3000,30,True,Multi Leg floor trade,Medical,Medical - Biomedical and Genetics,174.36,176.73,165.55,165.8,2,5.845098040014257,20,1,1,1,1,0
LEGN,Medical,Medical - Biomedical and Genetics,20__0,20,0.0,7. p90_trade_value,13000.0,16425.0,O:LEGN241115C00045000,LEGN,C,45.0,2024-11-15,209,0,308,2.0,1729523851605000000,73,14600.0,2024-10-21,3000,30,True,Automatic Execution,Medical,Medical - Biomedical and Genetics,42.63,44.48,42.395,43.45,15,4.164352855784437,20,2,1,0,0,0
LEGN,Medical,Medical - Biomedical and Genetics,20__0,20,0.0,6. p95_trade_value,16600.0,26450.0,O:LEGN241115C00045000,LEGN,C,45.0,2024-11-15,209,0,301,2.0,1729525711255000000,115,23000.0,2024-10-21,3000,30,True,Automatic Execution,Medical,Medical - Biomedical and Genetics,42.63,44.48,42.395,43.45,4,4.361727836017593,20,1,1,0,0,0
LEGN,Medical,Medical - Biomedical and Genetics,20__0,20,0.0,7. p90_trade_value,13000.0,16425.0,O:LEGN241115P00042500,LEGN,P,42.5,2024-11-15,209,0,308,2.0,1729607996135000000,80,16000.0,2024-10-22,3000,30,True,Automatic Execution,Medical,Medical - Biomedical and Genetics,45.375,45.96,43.29,45.035,12,4.204119982655925,20,2,1,1,1,0
LEGN,Medical,Medical - Biomedical and Genetics,20__0,20,0.0,6. p95_trade_value,16600.0,26450.0,O:LEGN241115P00042500,LEGN,P,42.5,2024-11-15,209,0,308,2.0,1729608009650000000,83,16600.0,2024-10-22,3000,30,True,Automatic Execution,Medical,Medical - Biomedical and Genetics,45.375,45.96,43.29,45.035,9,4.220108088040055,20,1,1,1,1,0
LEGN,Medical,Medical - Biomedical and Genetics,20__0,20,0.0,5. p99_trade_value,65000.0,65000.0,O:LEGN241115P00042500,LEGN,P,42.5,2024-11-15,231,0,301,1.0,1729869419551000000,650,65000.0,2024-10-25,3000,30,True,Single Leg Floor Trade,Medical,Medical - Biomedical and Genetics,44.06,45.88,43.81,44.74,2,4.812913356642856,20,1,1,1,1,0
LEGN,Medical,Medical - Biomedical and Genetics,20__0,20,0.0,1. p999999_trade_value,170000.0,170000.0,O:LEGN241115C00047500,LEGN,C,47.5,2024-11-15,231,0,301,1.7,1730228170980000000,1000,170000.0,2024-10-29,3000,30,True,Single Leg Floor Trade,Medical,Medical - Biomedical and Genetics,45.35,45.9,44.56,45.46,1,5.230448921378274,20,1,1,0,0,0
LEGN,Medical,Medical - Biomedical and Genetics,20__0,20,0.0,6. p95_trade_value,16600.0,26450.0,O:LEGN250117C00035000,LEGN,C,35.0,2025-01-17,209,0,308,2.25,1734628919514000000,100,22500.0,2024-12-19,3000,30,True,Automatic Execution,Medical,Medical - Biomedical and Genetics,34.11,34.66,32.5,34.02,5,4.352182518111363,20,1,1,0,0,0
LEGN,Medical,Medical - Biomedical and Genetics,20__0,20,0.0,7. p90_trade_value,13000.0,16425.0,O:LEGN250117C00035000,LEGN,C,35.0,2025-01-17,209,0,308,2.25,1734628621134000000,72,16200.0,2024-12-19,3000,30,True,Automatic Execution,Medical,Medical - Biomedical and Genetics,34.11,34.66,32.5,34.02,11,4.209515014542631,20,2,1,0,0,0
LEGN,Medical,Medical - Biomedical and Genetics,20__0,20,0.0,6. p95_trade_value,16600.0,26450.0,O:LEGN250117C00035000,LEGN,C,35.0,2025-01-17,209,0,308,2.25,1734628457941000000,97,21825.0,2024-12-19,3000,30,True,Automatic Execution,Medical,Medical - Biomedical and Genetics,34.11,34.66,32.5,34.02,6,4.338954252377607,20,1,1,0,0,0
LEGN,Medical,Medical - Biomedical and Genetics,20__0,20,0.0,7. p90_trade_value,13000.0,16425.0,O:LEGN250117C00035000,LEGN,C,35.0,2025-01-17,209,0,308,2.25,1734623379535000000,71,15975.0,2024-12-19,3000,30,True,Automatic Execution,Medical,Medical - Biomedical and Genetics,34.11,34.66,32.5,34.02,14,4.203440866830438,20,2,1,0,0,0
LEGN,Medical,Medical - Biomedical and Genetics,20__0,20,0.0,7. p90_trade_value,13000.0,16425.0,O:LEGN250117C00035000,LEGN,C,35.0,2025-01-17,209,0,308,2.25,1734626750462000000,73,16425.0,2024-12-19,3000,30,True,Automatic Execution,Medical,Medical - Biomedical and Genetics,34.11,34.66,32.5,34.02,10,4.215505378231819,20,2,1,0,0,0
LEGN,Medical,Medical - Biomedical and Genetics,20__0,20,0.0,7. p90_trade_value,13000.0,16425.0,O:LEGN250221C00040000,LEGN,C,40.0,2025-02-21,209,0,313,1.6,1737565152716000000,100,16000.0,2025-01-22,3000,30,True,Automatic Execution,Medical,Medical - Biomedical and Genetics,36.75,37.7,35.805,37.44,13,4.204119982655925,20,2,1,1,0,0
LEGN,Medical,Medical - Biomedical and Genetics,20__0,20,0.0,6. p95_trade_value,16600.0,26450.0,O:LEGN250221P00035000,LEGN,P,35.0,2025-02-21,209,0,313,1.9,1737572781240000000,100,19000.0,2025-01-22,3000,30,True,Automatic Execution,Medical,Medical - Biomedical and Genetics,36.75,37.7,35.805,37.44,8,4.278753600952829,20,1,1,0,0,0
LEGN,Medical,Medical - Biomedical and Genetics,20__0,20,0.0,7. p90_trade_value,13000.0,16425.0,O:LEGN250221C00040000,LEGN,C,40.0,2025-02-21,209,0,301,1.65,1737740153273000000,80,13200.0,2025-01-24,3000,30,True,Automatic Execution,Medical,Medical - Biomedical and Genetics,37.7,37.895,35.79,36.91,17,4.12057393120585,20,2,1,1,0,0
LEGN,Medical,Medical - Biomedical and Genetics,20__0,20,0.0,7. p90_trade_value,13000.0,16425.0,O:LEGN250221P00035000,LEGN,P,35.0,2025-02-21,209,0,300,0.65,1739458428133000000,200,13000.0,2025-02-13,3000,30,True,Automatic Execution,Medical,Medical - Biomedical and Genetics,35.95,37.11,35.35,36.39,18,4.113943352306837,20,2,0,0,0,1
LEGN,Medical,Medical - Biomedical and Genetics,20__0,20,0.0,6. p95_trade_value,16600.0,26450.0,O:LEGN250221P00035000,LEGN,P,35.0,2025-02-21,209,0,322,0.5,1739459208667000000,529,26450.0,2025-02-13,3000,30,True,Automatic Execution,Medical,Medical - Biomedical and Genetics,35.95,37.11,35.35,36.39,3,4.422425676371205,20,1,0,0,0,1
LEGN,Medical,Medical - Biomedical and Genetics,20__0,20,0.0,6. p95_trade_value,16600.0,26450.0,O:LEGN250620C00032500,LEGN,C,32.5,2025-06-20,209,0,325,1.05,1748880878157000000,190,19950.0,2025-06-02,3000,30,True,Automatic Execution,Medical,Medical - Biomedical and Genetics,28.94,29.79,28.61,29.32,7,4.299942900022767,20,1,1,0,0,0
LEGN,Medical,Medical - Biomedical and Genetics,20__0,20,0.0,7. p90_trade_value,13000.0,16425.0,O:LEGN250620C00040000,LEGN,C,40.0,2025-06-20,242,0,302,0.79,1749570105078000000,175,13825.0,2025-06-10,3000,30,True,Stock Options floor trade,Medical,Medical - Biomedical and Genetics,34.99,38.0,34.99,37.64,16,4.140665139976736,20,2,0,0,0,1
LFCR,Medical,Medical - Biomedical and Genetics,5__0,5,0.0,1. p999999_trade_value,3640.0,3640.0,O:LFCR241018C00005000,LFCR,C,5.0,2024-10-18,209,0,308,0.2,1727373664701000000,182,3640.0,2024-09-26,3000,30,True,Automatic Execution,Medical,Medical - Biomedical and Genetics,4.76,4.81,4.6008,4.72,1,3.561101383649056,20,1,1,1,1,0
LFST,Medical,Medical - Outpatient and Home Healthcare,10__3,10,3.0,8. p75_trade_value,8560.0,8560.0,O:LFST250321C00008000,LFST,C,8.0,2025-03-21,209,0,307,0.4,1740163112348000000,214,8560.0,2025-02-21,3000,30,True,Automatic Execution,Medical,Medical - Outpatient and Home Healthcare,7.95,7.98,7.565,7.7,2,3.932473764677153,20,2,1,0,0,0
LFST,Medical,Medical - Outpatient and Home Healthcare,10__3,10,3.0,1. p999999_trade_value,144750.0,144750.0,O:LFST250321C00008000,LFST,C,8.0,2025-03-21,229,0,301,0.3,1740603374815000000,4825,144750.0,2025-02-26,3000,30,True,Single Leg Cross Non ISO,Medical,Medical - Outpatient and Home Healthcare,7.48,7.65,7.48,7.51,1,5.160618572399474,20,1,1,0,0,0
LIVN,Medical,Medical - Instruments,10__0,10,0.0,1. p999999_trade_value,9975.0,9975.0,O:LIVN241115C00055000,LIVN,C,55.0,2024-11-15,209,0,320,1.75,1730231925765000000,57,9975.0,2024-10-29,3000,30,True,Automatic Execution,Medical,Medical - Instruments,53.16,53.66,52.38,52.97,1,3.998912904358786,20,1,1,0,0,0
LMAT,Medical,Medical - Products,5__1,5,1.0,1. p999999_trade_value,47125.0,47125.0,O:LMAT250117C00095000,LMAT,C,95.0,2025-01-17,229,0,302,1.25,1735932107423000000,377,47125.0,2025-01-03,3000,30,True,Single Leg Cross Non ISO,Medical,Medical - Products,91.92,92.96,91.0501,91.74,1,4.67325136321385,20,1,1,1,1,0
LQDA,Medical,Medical - Biomedical and Genetics,25__0,25,0.0,1. p999999_trade_value,284715.0,284715.0,O:LQDA250620P00015000,LQDA,P,15.0,2025-06-20,239,0,302,1.71,1747934961891000000,1665,284715.0,2025-05-22,3000,30,True,Multi Leg floor trade against single leg(s),Medical,Medical - Biomedical and Genetics,16.53,16.567,15.35,15.56,1,5.454410348234492,20,1,1,0,0,0
MASI,Medical,Medical - Instruments,20__2,20,2.0,5. p99_trade_value,175000.0,175000.0,O:MASI240920C00115000,MASI,C,115.0,2024-09-20,229,0,313,1.75,1725904593728000000,1000,175000.0,2024-09-09,3000,30,True,Single Leg Cross Non ISO,Medical,Medical - Instruments,111.21,112.3,107.98,111.36,2,5.243038048686294,20,1,1,1,1,0
MASI,Medical,Medical - Instruments,20__2,20,2.0,6. p95_trade_value,32560.000000000004,144000.0,O:MASI241018C00125000,MASI,C,125.0,2024-10-18,231,0,300,2.7,1726688312398000000,331,89370.0,2024-09-18,3000,30,True,Single Leg Floor Trade,Medical,Medical - Instruments,115.03,115.74,113.62,114.31,4,4.951191757934706,20,1,1,1,1,0
MASI,Medical,Medical - Instruments,20__2,20,2.0,1. p999999_trade_value,222000.0,222000.0,O:MASI241018C00120000,MASI,C,120.0,2024-10-18,242,0,323,3.7,1726763913672000000,600,222000.0,2024-09-19,3000,30,True,Stock Options floor trade,Medical,Medical - Instruments,115.84,116.68,111.03,111.73,1,5.346352974450639,20,1,1,1,1,0
MASI,Medical,Medical - Instruments,20__2,20,2.0,6. p95_trade_value,32560.000000000004,144000.0,O:MASI241018C00145000,MASI,C,145.0,2024-10-18,235,0,301,2.4,1728496816562000000,600,144000.0,2024-10-09,3000,30,True,Multi Leg floor trade,Medical,Medical - Instruments,139.81,143.73,138.83,143.49,3,5.158362492095249,20,1,1,1,0,0
MASI,Medical,Medical - Instruments,20__2,20,2.0,6. p95_trade_value,32560.000000000004,144000.0,O:MASI241115P00125000,MASI,P,125.0,2024-11-15,235,0,300,1.1,1730746952560000000,350,38500.00000000001,2024-11-04,3000,30,True,Multi Leg floor trade,Medical,Medical - Instruments,143.98,147.72,143.87,147.39,7,4.585460729508501,20,1,0,0,0,1
MASI,Medical,Medical - Instruments,20__2,20,2.0,6. p95_trade_value,32560.000000000004,144000.0,O:MASI241115P00140000,MASI,P,140.0,2024-11-15,235,0,300,4.3,1730746952560000000,175,75250.0,2024-11-04,3000,30,True,Multi Leg floor trade,Medical,Medical - Instruments,143.98,147.72,143.87,147.39,5,4.876506504265881,20,1,0,0,0,1
MASI,Medical,Medical - Instruments,20__2,20,2.0,6. p95_trade_value,32560.000000000004,144000.0,O:MASI250321C00190000,MASI,C,190.0,2025-03-21,237,0,304,5.91,1740084333840000000,72,42552.0,2025-02-20,3000,30,True,Stock Options Auction,Medical,Medical - Instruments,177.17,178.865,169.0,177.21,6,4.628919977312524,20,1,1,0,0,0
MASI,Medical,Medical - Instruments,20__2,20,2.0,6. p95_trade_value,32560.000000000004,144000.0,O:MASI250321C00190000,MASI,C,190.0,2025-03-21,237,0,304,5.92,1740084333840000000,55,32560.000000000004,2025-02-20,3000,30,True,Stock Options Auction,Medical,Medical - Instruments,177.17,178.865,169.0,177.21,8,4.512684396217164,20,1,1,0,0,0
MBOT,Medical,Medical - Instruments,10__0,10,0.0,8. p75_trade_value,7000.0,7000.0,O:MBOT250221C00002500,MBOT,C,2.5,2025-02-21,209,0,308,0.35,1737564880300000000,200,7000.0,2025-01-22,3000,30,True,Automatic Execution,Medical,Medical - Instruments,1.84,2.3899,1.84,1.99,2,3.845098040014257,20,2,1,0,0,0
MBOT,Medical,Medical - Instruments,10__0,10,0.0,1. p999999_trade_value,8720.0,8720.0,O:MBOT250221C00002500,MBOT,C,2.5,2025-02-21,219,0,316,0.2,1737646301667000000,436,8720.0,2025-01-23,3000,30,True,Intermarket Sweep Order,Medical,Medical - Instruments,2.13,2.16,1.88,1.91,1,3.940516484932567,20,1,1,0,0,0
MCK,Medical,Medical - Dental Supplies,35__0,35,0.0,1. p999999_trade_value,450000.0,450000.0,O:MCK241108C00510000,MCK,C,510.0,2024-11-08,242,0,313,15.0,1728482985093000000,300,450000.0,2024-10-09,3000,30,True,Stock Options floor trade,Medical,Medical - Dental Supplies,495.07,502.68,494.385,502.12,1,5.653212513775344,20,1,1,1,1,0
MDT,Medical,Medical - Products,30__1,30,1.0,5. p99_trade_value,170800.0,526500.0,O:MDT240920P00087500,MDT,P,87.5,2024-09-20,235,0,313,0.92,1724866829359000000,2000,184000.0,2024-08-28,3000,30,True,Multi Leg floor trade,Medical,Medical - Products,88.97,89.14,87.95,88.33,11,5.264817823009537,20,1,1,0,0,0
MDT,Medical,Medical - Products,30__1,30,1.0,5. p99_trade_value,170800.0,526500.0,O:MDT241115C00092500,MDT,C,92.5,2024-11-15,228,0,308,1.82,1729281126603000000,1213,220766.0,2024-10-18,3000,30,True,Single Leg Auction ISO,Medical,Medical - Products,89.97,92.25,89.84,92.24,9,5.343932188851648,20,1,1,0,0,0
MDT,Medical,Medical - Products,30__1,30,1.0,5. p99_trade_value,170800.0,526500.0,O:MDT241122P00085000,MDT,P,85.0,2024-11-22,227,0,302,0.6,1729866922777000000,3865,231900.0,2024-10-25,3000,30,True,Single Leg Auction Non ISO,Medical,Medical - Products,91.14,91.6,90.13,90.59,7,5.365300748637988,20,1,1,1,0,0
MDT,Medical,Medical - Products,30__1,30,1.0,5. p99_trade_value,170800.0,526500.0,O:MDT241220C00087000,MDT,C,87.0,2024-12-20,241,0,323,0.69,1732550225900000000,2500,172499.99999999997,2024-11-25,3000,30,True,Stock Options Cross,Medical,Medical - Products,86.5,86.83,84.77,85.75,13,5.236789099409293,20,1,0,0,0,1
MDT,Medical,Medical - Products,30__1,30,1.0,5. p99_trade_value,170800.0,526500.0,O:MDT241220C00087000,MDT,C,87.0,2024-12-20,235,0,313,0.7,1733326136252000000,2500,175000.0,2024-12-04,3000,30,True,Multi Leg floor trade,Medical,Medical - Products,85.35,86.12,85.01,85.32,12,5.243038048686294,20,1,0,0,0,1
MDT,Medical,Medical - Products,30__1,30,1.0,5. p99_trade_value,170800.0,526500.0,O:MDT241220P00085000,MDT,P,85.0,2024-12-20,235,0,313,0.9,1733326136252000000,2500,225000.0,2024-12-04,3000,30,True,Multi Leg floor trade,Medical,Medical - Products,85.35,86.12,85.01,85.32,8,5.352182518111363,20,1,1,1,1,0
MDT,Medical,Medical - Products,30__1,30,1.0,5. p99_trade_value,170800.0,526500.0,O:MDT250221C00092500,MDT,C,92.5,2025-02-21,229,0,300,1.32,1739467444068000000,2000,264000.0,2025-02-13,3000,30,True,Single Leg Cross Non ISO,Medical,Medical - Products,91.27,92.475,90.87,92.2,6,5.421603926869831,20,1,1,0,0,0
MDT,Medical,Medical - Products,30__1,30,1.0,5. p99_trade_value,170800.0,526500.0,O:MDT250221P00090000,MDT,P,90.0,2025-02-21,229,0,313,0.83,1739549720758000000,2500,207500.0,2025-02-14,3000,30,True,Single Leg Cross Non ISO,Medical,Medical - Products,92.42,93.05,91.86,92.81,10,5.317018101048111,20,1,1,1,1,0
MDT,Medical,Medical - Products,30__1,30,1.0,5. p99_trade_value,170800.0,526500.0,O:MDT250221P00091000,MDT,P,91.0,2025-02-21,235,0,323,1.17,1739556418684000000,4500,526500.0,2025-02-14,3000,30,True,Multi Leg floor trade,Medical,Medical - Products,92.42,93.05,91.86,92.81,3,5.721398375521505,20,1,1,1,1,0
MDT,Medical,Medical - Products,30__1,30,1.0,5. p99_trade_value,170800.0,526500.0,O:MDT250411P00089000,MDT,P,89.0,2025-04-11,231,0,300,1.4,1742479335182000000,1220,170800.0,2025-03-20,3000,30,True,Single Leg Floor Trade,Medical,Medical - Products,92.0,92.0,90.29,91.22,14,5.232487866352987,20,1,1,1,1,0
MDT,Medical,Medical - Products,30__1,30,1.0,4. p999_trade_value,784000.0,784000.0,O:MDT250417P00087500,MDT,P,87.5,2025-04-17,241,0,308,1.96,1742931536416000000,4000,784000.0,2025-03-25,3000,30,True,Stock Options Cross,Medical,Medical - Products,90.275,90.5,87.52,88.59,2,5.894316062684439,20,1,1,1,1,0
MDT,Medical,Medical - Products,30__1,30,1.0,1. p999999_trade_value,948000.0,948000.0,O:MDT250417P00082500,MDT,P,82.5,2025-04-17,234,0,301,2.37,1743792123135000000,4000,948000.0,2025-04-04,3000,30,True,Multi Leg Cross,Medical,Medical - Products,87.99,88.1,82.68,82.88,1,5.976808337338066,20,1,1,1,0,0
MDT,Medical,Medical - Products,30__1,30,1.0,5. p99_trade_value,170800.0,526500.0,O:MDT250523P00085000,MDT,P,85.0,2025-05-23,235,0,301,1.46,1747662857585000000,2967,433182.0,2025-05-19,3000,30,True,Multi Leg floor trade,Medical,Medical - Products,85.79,87.07,85.69,86.97,4,5.636670402101279,20,1,1,1,1,0
MDT,Medical,Medical - Products,30__1,30,1.0,5. p99_trade_value,170800.0,526500.0,O:MDT250620P00079000,MDT,P,79.0,2025-06-20,231,0,323,0.56,1747837942416000000,5000,280000.00000000006,2025-05-21,3000,30,True,Single Leg Floor Trade,Medical,Medical - Products,86.59,88.28,84.21,84.41,5,5.447158031342219,20,1,0,0,0,1
MDXG,Medical,Medical - Biomedical and Genetics,5__0,5,0.0,1. p999999_trade_value,6250.0,6250.0,O:MDXG250417P00007500,MDXG,P,7.5,2025-04-17,209,0,308,0.25,1742917961170000000,250,6250.0,2025-03-25,3000,30,True,Automatic Execution,Medical,Medical - Biomedical and Genetics,8.05,8.08,7.85,7.9,1,3.7958800173440754,20,1,1,1,1,0
MGNX,Medical,Medical - Products,5__0,5,0.0,1. p999999_trade_value,7000.0,7000.0,O:MGNX241115P00004000,MGNX,P,4.0,2024-11-15,209,0,313,0.35,1729195149802000000,200,7000.0,2024-10-17,3000,30,True,Automatic Execution,Medical,Medical - Products,4.15,4.18,4.01,4.02,1,3.845098040014257,20,1,1,1,1,0
MIRM,Medical,Medical - Biomedical and Genetics,10__0,10,0.0,1. p999999_trade_value,59359.99999999999,59359.99999999999,O:MIRM250516C00045000,MIRM,C,45.0,2025-05-16,235,0,301,2.8,1745243836845000000,212,59359.99999999999,2025-04-21,3000,30,True,Multi Leg floor trade,Medical,Medical - Biomedical and Genetics,38.78,39.865,38.22,38.39,1,4.77349389227097,20,1,1,1,1,0
MLTX,Medical,Medical - Biomedical and Genetics,15__0,15,0.0,1. p999999_trade_value,23625.000000000004,23625.000000000004,O:MLTX250117P00050000,MLTX,P,50.0,2025-01-17,231,0,302,1.35,1734984482256000000,175,23625.000000000004,2024-12-23,3000,30,True,Single Leg Floor Trade,Medical,Medical - Biomedical and Genetics,52.12,52.99,51.51,52.14,1,4.373371817181301,20,1,1,1,1,0
MNKD,Medical,Medical - Biomedical and Genetics,10__0,10,0.0,7. p90_trade_value,54304.0,54304.0,O:MNKD250117C00007000,MNKD,C,7.0,2025-01-17,235,0,313,0.16,1734534694582000000,3394,54304.0,2024-12-18,3000,30,True,Multi Leg floor trade,Medical,Medical - Biomedical and Genetics,6.11,6.415,5.86,5.94,2,4.734831820637582,20,2,1,0,0,0
MNKD,Medical,Medical - Biomedical and Genetics,10__0,10,0.0,1. p999999_trade_value,57681.00000000001,57681.00000000001,O:MNKD250117C00007000,MNKD,C,7.0,2025-01-17,235,0,313,0.17,1734534694584000000,3393,57681.00000000001,2024-12-18,3000,30,True,Multi Leg floor trade,Medical,Medical - Biomedical and Genetics,6.11,6.415,5.86,5.94,1,4.761032781023392,20,1,1,0,0,0
MNMD,Medical,Medical - Biomedical and Genetics,25__0,25,0.0,1. p999999_trade_value,48330.0,48330.0,O:MNMD250221C00009000,MNMD,C,9.0,2025-02-21,227,0,319,0.54,1738688796503000000,895,48330.0,2025-02-04,3000,30,True,Single Leg Auction Non ISO,Medical,Medical - Biomedical and Genetics,7.48,8.27,7.44,8.17,1,4.68421679513888,20,1,1,0,0,0
MOH,Medical,Medical - HMOs,30__1,30,1.0,7. p90_trade_value,18000.0,24200.000000000004,O:MOH240920C00330000,MOH,C,330.0,2024-09-20,209,0,316,6.1,1725900177990000000,31,18910.0,2024-09-09,3000,30,True,Automatic Execution,Medical,Medical - HMOs,326.6,329.9,322.79,323.72,54,4.276691528845039,20,2,1,1,1,0
MOH,Medical,Medical - HMOs,30__1,30,1.0,7. p90_trade_value,18000.0,24200.000000000004,O:MOH240920C00330000,MOH,C,330.0,2024-09-20,209,0,316,6.2,1725900177993000000,31,19220.0,2024-09-09,3000,30,True,Automatic Execution,Medical,Medical - HMOs,326.6,329.9,322.79,323.72,50,4.2837533833325265,20,2,1,1,1,0
MOH,Medical,Medical - HMOs,30__1,30,1.0,6. p95_trade_value,24440.0,135660.0,O:MOH240920P00310000,MOH,P,310.0,2024-09-20,235,0,301,1.5,1725900174744000000,650,97500.0,2024-09-09,3000,30,True,Multi Leg floor trade,Medical,Medical - HMOs,326.6,329.9,322.79,323.72,10,4.989004615698537,20,1,0,0,0,1
MOH,Medical,Medical - HMOs,30__1,30,1.0,5. p99_trade_value,165000.0,297500.0,O:MOH240920P00320000,MOH,P,320.0,2024-09-20,235,0,301,3.7,1725900174744000000,650,240500.0,2024-09-09,3000,30,True,Multi Leg floor trade,Medical,Medical - HMOs,326.6,329.9,322.79,323.72,4,5.381115080709851,20,1,0,0,0,1
MOH,Medical,Medical - HMOs,30__1,30,1.0,7. p90_trade_value,18000.0,24200.000000000004,O:MOH241018P00330000,MOH,P,330.0,2024-10-18,227,0,323,3.44,1727185467124000000,53,18232.0,2024-09-24,3000,30,True,Single Leg Auction Non ISO,Medical,Medical - HMOs,346.04,348.83,344.89,346.29,61,4.260834312172319,20,2,1,1,1,0
MOH,Medical,Medical - HMOs,30__1,30,1.0,6. p95_trade_value,24440.0,135660.0,O:MOH241018C00350000,MOH,C,350.0,2024-10-18,209,0,308,6.0,1727372598581000000,104,62400.0,2024-09-26,3000,30,True,Automatic Execution,Medical,Medical - HMOs,344.16,345.355,337.3,338.52,13,4.795184589682424,20,1,0,0,0,1
MOH,Medical,Medical - HMOs,30__1,30,1.0,6. p95_trade_value,24440.0,135660.0,O:MOH241115C00300000,MOH,C,300.0,2024-11-15,228,0,312,13.77,1729187402859000000,24,33048.0,2024-10-17,3000,30,True,Single Leg Auction ISO,Medical,Medical - HMOs,295.0,299.08,285.0,289.46,22,4.51914518196853,20,1,1,1,0,0
MOH,Medical,Medical - HMOs,30__1,30,1.0,5. p99_trade_value,165000.0,297500.0,O:MOH241115C00300000,MOH,C,300.0,2024-11-15,228,0,312,13.85,1729187402859000000,157,217444.99999999997,2024-10-17,3000,30,True,Single Leg Auction ISO,Medical,Medical - HMOs,295.0,299.08,285.0,289.46,5,5.337349425809701,20,1,1,1,0,0
MOH,Medical,Medical - HMOs,30__1,30,1.0,7. p90_trade_value,18000.0,24200.000000000004,O:MOH241115P00270000,MOH,P,270.0,2024-11-15,232,0,313,8.45,1729183772829000000,25,21124.999999999996,2024-10-17,3000,30,True,Multi Leg auto-electronic trade,Medical,Medical - HMOs,295.0,299.08,285.0,289.46,41,4.32479671762173,20,2,0,0,0,1
MOH,Medical,Medical - HMOs,30__1,30,1.0,7. p90_trade_value,18000.0,24200.000000000004,O:MOH241115P00280000,MOH,P,280.0,2024-11-15,232,0,302,13.95,1729540681282000000,14,19530.0,2024-10-21,3000,30,True,Multi Leg auto-electronic trade,Medical,Medical - HMOs,289.22,290.66,285.76,286.6,48,4.290702243287854,20,2,1,0,0,0
MOH,Medical,Medical - HMOs,30__1,30,1.0,6. p95_trade_value,24440.0,135660.0,O:MOH241115C00310000,MOH,C,310.0,2024-11-15,209,0,308,9.0,1729610240441000000,45,40500.0,2024-10-22,3000,30,True,Automatic Execution,Medical,Medical - HMOs,286.0,286.97,282.19,283.96,20,4.607455023214668,20,1,1,0,0,0
MOH,Medical,Medical - HMOs,30__1,30,1.0,6. p95_trade_value,24440.0,135660.0,O:MOH241115C00310000,MOH,C,310.0,2024-11-15,209,0,308,9.0,1729611705060000000,33,29700.0,2024-10-22,3000,30,True,Automatic Execution,Medical,Medical - HMOs,286.0,286.97,282.19,283.96,27,4.472756449317212,20,1,1,0,0,0
MOH,Medical,Medical - HMOs,30__1,30,1.0,6. p95_trade_value,24440.0,135660.0,O:MOH241115C00310000,MOH,C,310.0,2024-11-15,209,0,308,9.0,1729611678570000000,30,27000.0,2024-10-22,3000,30,True,Automatic Execution,Medical,Medical - HMOs,286.0,286.97,282.19,283.96,28,4.431363764158987,20,1,1,0,0,0
MOH,Medical,Medical - HMOs,30__1,30,1.0,6. p95_trade_value,24440.0,135660.0,O:MOH241115C00310000,MOH,C,310.0,2024-11-15,209,0,308,9.0,1729611389698000000,37,33300.0,2024-10-22,3000,30,True,Automatic Execution,Medical,Medical - HMOs,286.0,286.97,282.19,283.96,21,4.52244423350632,20,1,1,0,0,0
MOH,Medical,Medical - HMOs,30__1,30,1.0,6. p95_trade_value,24440.0,135660.0,O:MOH241115C00310000,MOH,C,310.0,2024-11-15,209,0,308,9.0,1729611388000000000,29,26100.0,2024-10-22,3000,30,True,Automatic Execution,Medical,Medical - HMOs,286.0,286.97,282.19,283.96,29,4.416640507338281,20,1,1,0,0,0
MOH,Medical,Medical - HMOs,30__1,30,1.0,7. p90_trade_value,18000.0,24200.000000000004,O:MOH241115C00310000,MOH,C,310.0,2024-11-15,209,0,308,9.0,1729612160301000000,20,18000.0,2024-10-22,3000,30,True,Automatic Execution,Medical,Medical - HMOs,286.0,286.97,282.19,283.96,62,4.2552725051033065,20,3,1,0,0,0
MOH,Medical,Medical - HMOs,30__1,30,1.0,7. p90_trade_value,18000.0,24200.000000000004,O:MOH241115P00250000,MOH,P,250.0,2024-11-15,232,0,313,4.83,1729611387772000000,38,18354.0,2024-10-22,3000,30,True,Multi Leg auto-electronic trade,Medical,Medical - HMOs,286.0,286.97,282.19,283.96,60,4.263730727368323,20,2,0,0,0,1
MOH,Medical,Medical - HMOs,30__1,30,1.0,7. p90_trade_value,18000.0,24200.000000000004,O:MOH241115P00270000,MOH,P,270.0,2024-11-15,232,0,313,9.87,1729611387771000000,19,18752.999999999996,2024-10-22,3000,30,True,Multi Leg auto-electronic trade,Medical,Medical - HMOs,286.0,286.97,282.19,283.96,55,4.2730707536224655,20,2,0,0,0,1
MOH,Medical,Medical - HMOs,30__1,30,1.0,6. p95_trade_value,24440.0,135660.0,O:MOH241115P00270000,MOH,P,270.0,2024-11-15,209,0,323,10.3,1729610330459000000,50,51500.0,2024-10-22,3000,30,True,Automatic Execution,Medical,Medical - HMOs,286.0,286.97,282.19,283.96,16,4.711807229041191,20,1,0,0,0,1
MOH,Medical,Medical - HMOs,30__1,30,1.0,1. p999999_trade_value,728640.0,728640.0,O:MOH241115C00300000,MOH,C,300.0,2024-11-15,235,0,300,9.2,1729704974938000000,792,728640.0,2024-10-23,3000,30,True,Multi Leg floor trade,Medical,Medical - HMOs,286.07,287.28,272.69,275.0,1,5.862513008935049,20,1,1,1,0,0
MOH,Medical,Medical - HMOs,30__1,30,1.0,5. p99_trade_value,165000.0,297500.0,O:MOH241115C00300000,MOH,C,300.0,2024-11-15,231,0,313,8.5,1729712383068000000,350,297500.0,2024-10-23,3000,30,True,Single Leg Floor Trade,Medical,Medical - HMOs,286.07,287.28,272.69,275.0,2,5.4734869700645685,20,1,1,1,0,0
MOH,Medical,Medical - HMOs,30__1,30,1.0,5. p99_trade_value,165000.0,297500.0,O:MOH241115C00340000,MOH,C,340.0,2024-11-15,235,0,300,2.02,1729704974938000000,1292,260984.0,2024-10-23,3000,30,True,Multi Leg floor trade,Medical,Medical - HMOs,286.07,287.28,272.69,275.0,3,5.416613883105689,20,1,1,0,0,0
MOH,Medical,Medical - HMOs,30__1,30,1.0,7. p90_trade_value,18000.0,24200.000000000004,O:MOH241115P00270000,MOH,P,270.0,2024-11-15,232,0,308,13.15,1729713425758000000,14,18410.0,2024-10-23,3000,30,True,Multi Leg auto-electronic trade,Medical,Medical - HMOs,286.07,287.28,272.69,275.0,59,4.265053788504015,20,2,0,0,0,1
MOH,Medical,Medical - HMOs,30__1,30,1.0,7. p90_trade_value,18000.0,24200.000000000004,O:MOH241115P00270000,MOH,P,270.0,2024-11-15,233,0,302,12.81,1729713178494000000,17,21777.0,2024-10-23,3000,30,True,Multi Leg Auction,Medical,Medical - HMOs,286.07,287.28,272.69,275.0,38,4.33799805112296,20,2,0,0,0,1
MOH,Medical,Medical - HMOs,30__1,30,1.0,6. p95_trade_value,24440.0,135660.0,O:MOH241115P00270000,MOH,P,270.0,2024-11-15,232,0,312,12.22,1729712816598000000,20,24440.0,2024-10-23,3000,30,True,Multi Leg auto-electronic trade,Medical,Medical - HMOs,286.07,287.28,272.69,275.0,31,4.3881012015705165,20,1,0,0,0,1
MOH,Medical,Medical - HMOs,30__1,30,1.0,6. p95_trade_value,24440.0,135660.0,O:MOH241115P00270000,MOH,P,270.0,2024-11-15,232,0,312,12.7,1729713050248000000,20,25400.0,2024-10-23,3000,30,True,Multi Leg auto-electronic trade,Medical,Medical - HMOs,286.07,287.28,272.69,275.0,30,4.4048337166199385,20,1,0,0,0,1
MOH,Medical,Medical - HMOs,30__1,30,1.0,7. p90_trade_value,18000.0,24200.000000000004,O:MOH241115P00270000,MOH,P,270.0,2024-11-15,233,0,302,13.02,1729713522891000000,18,23436.0,2024-10-23,3000,30,True,Multi Leg Auction,Medical,Medical - HMOs,286.07,287.28,272.69,275.0,34,4.369883489335479,20,2,0,0,0,1
MOH,Medical,Medical - HMOs,30__1,30,1.0,7. p90_trade_value,18000.0,24200.000000000004,O:MOH241115P00270000,MOH,P,270.0,2024-11-15,232,0,312,12.05,1729712746153000000,20,24100.0,2024-10-23,3000,30,True,Multi Leg auto-electronic trade,Medical,Medical - HMOs,286.07,287.28,272.69,275.0,33,4.382017042574868,20,2,0,0,0,1
MOH,Medical,Medical - HMOs,30__1,30,1.0,7. p90_trade_value,18000.0,24200.000000000004,O:MOH241115C00350000,MOH,C,350.0,2024-11-15,209,0,308,9.5,1729780841418000000,21,19950.0,2024-10-24,3000,30,True,Automatic Execution,Medical,Medical - HMOs,325.0,341.99,318.05,323.59,46,4.299942900022767,20,2,0,0,0,1
MOH,Medical,Medical - HMOs,30__1,30,1.0,6. p95_trade_value,24440.0,135660.0,O:MOH241115C00350000,MOH,C,350.0,2024-11-15,227,0,323,6.43,1729794076710000000,71,45653.0,2024-10-24,3000,30,True,Single Leg Auction Non ISO,Medical,Medical - HMOs,325.0,341.99,318.05,323.59,19,4.659469321643297,20,1,0,0,0,1
MOH,Medical,Medical - HMOs,30__1,30,1.0,6. p95_trade_value,24440.0,135660.0,O:MOH241115C00370000,MOH,C,370.0,2024-11-15,235,0,323,1.7,1729878445537000000,300,51000.0,2024-10-25,3000,30,True,Multi Leg floor trade,Medical,Medical - HMOs,324.74,342.54,324.74,325.54,17,4.707570176097937,20,1,0,0,0,1
MOH,Medical,Medical - HMOs,30__1,30,1.0,6. p95_trade_value,24440.0,135660.0,O:MOH241115C00340000,MOH,C,340.0,2024-11-15,237,0,304,4.49,1730218150274000000,120,53880.00000000001,2024-10-29,3000,30,True,Stock Options Auction,Medical,Medical - HMOs,314.36,324.1,314.0,323.13,14,4.731427587050948,20,1,1,0,0,0
MOH,Medical,Medical - HMOs,30__1,30,1.0,7. p90_trade_value,18000.0,24200.000000000004,O:MOH241115P00310000,MOH,P,310.0,2024-11-15,209,0,316,6.0,1730388282956000000,32,19200.0,2024-10-31,3000,30,True,Automatic Execution,Medical,Medical - HMOs,325.29,327.07,321.12,321.22,51,4.283301228703549,20,2,1,1,1,0
MOH,Medical,Medical - HMOs,30__1,30,1.0,7. p90_trade_value,18000.0,24200.000000000004,O:MOH241115P00310000,MOH,P,310.0,2024-11-15,209,0,316,6.0,1730390121152000000,32,19200.0,2024-10-31,3000,30,True,Automatic Execution,Medical,Medical - HMOs,325.29,327.07,321.12,321.22,52,4.283301228703549,20,2,1,1,1,0
MOH,Medical,Medical - HMOs,30__1,30,1.0,7. p90_trade_value,18000.0,24200.000000000004,O:MOH241115P00310000,MOH,P,310.0,2024-11-15,209,0,316,6.0,1730388890802000000,33,19800.0,2024-10-31,3000,30,True,Automatic Execution,Medical,Medical - HMOs,325.29,327.07,321.12,321.22,47,4.296665190261531,20,2,1,1,1,0
MOH,Medical,Medical - HMOs,30__1,30,1.0,7. p90_trade_value,18000.0,24200.000000000004,O:MOH241115P00310000,MOH,P,310.0,2024-11-15,209,0,316,6.0,1730388606392000000,36,21600.0,2024-10-31,3000,30,True,Automatic Execution,Medical,Medical - HMOs,325.29,327.07,321.12,321.22,40,4.334453751150931,20,2,1,1,1,0
MOH,Medical,Medical - HMOs,30__1,30,1.0,7. p90_trade_value,18000.0,24200.000000000004,O:MOH241115P00310000,MOH,P,310.0,2024-11-15,209,0,316,6.0,1730388890787000000,35,21000.0,2024-10-31,3000,30,True,Automatic Execution,Medical,Medical - HMOs,325.29,327.07,321.12,321.22,43,4.3222192947339195,20,2,1,1,1,0
MOH,Medical,Medical - HMOs,30__1,30,1.0,7. p90_trade_value,18000.0,24200.000000000004,O:MOH241115P00310000,MOH,P,310.0,2024-11-15,209,0,316,6.0,1730389507503000000,36,21600.0,2024-10-31,3000,30,True,Automatic Execution,Medical,Medical - HMOs,325.29,327.07,321.12,321.22,39,4.334453751150931,20,2,1,1,1,0
MOH,Medical,Medical - HMOs,30__1,30,1.0,7. p90_trade_value,18000.0,24200.000000000004,O:MOH241115P00310000,MOH,P,310.0,2024-11-15,209,0,316,6.0,1730389133132000000,30,18000.0,2024-10-31,3000,30,True,Automatic Execution,Medical,Medical - HMOs,325.29,327.07,321.12,321.22,64,4.2552725051033065,20,3,1,1,1,0
MOH,Medical,Medical - HMOs,30__1,30,1.0,7. p90_trade_value,18000.0,24200.000000000004,O:MOH241115P00310000,MOH,P,310.0,2024-11-15,209,0,316,6.0,1730390121160000000,35,21000.0,2024-10-31,3000,30,True,Automatic Execution,Medical,Medical - HMOs,325.29,327.07,321.12,321.22,42,4.3222192947339195,20,2,1,1,1,0
MOH,Medical,Medical - HMOs,30__1,30,1.0,6. p95_trade_value,24440.0,135660.0,O:MOH241220C00300000,MOH,C,300.0,2024-12-20,209,0,303,10.2,1732209433875000000,133,135660.0,2024-11-21,3000,30,True,Automatic Execution,Medical,Medical - HMOs,293.64,298.885,288.05,296.07,8,5.132451812729004,20,1,1,0,0,0
MOH,Medical,Medical - HMOs,30__1,30,1.0,6. p95_trade_value,24440.0,135660.0,O:MOH241220C00310000,MOH,C,310.0,2024-12-20,209,0,303,6.3,1732201702196000000,50,31500.0,2024-11-21,3000,30,True,Automatic Execution,Medical,Medical - HMOs,293.64,298.885,288.05,296.07,23,4.498310553789601,20,1,1,0,0,0
MOH,Medical,Medical - HMOs,30__1,30,1.0,7. p90_trade_value,18000.0,24200.000000000004,O:MOH241220C00310000,MOH,C,310.0,2024-12-20,209,0,318,6.0,1732895150973000000,30,18000.0,2024-11-29,3000,30,True,Automatic Execution,Medical,Medical - HMOs,298.24,301.815,296.71,297.9,63,4.2552725051033065,20,2,1,0,0,0
MOH,Medical,Medical - HMOs,30__1,30,1.0,6. p95_trade_value,24440.0,135660.0,O:MOH250117C00300000,MOH,C,300.0,2025-01-17,231,0,301,6.6,1735327632475000000,133,87780.0,2024-12-27,3000,30,True,Single Leg Floor Trade,Medical,Medical - HMOs,293.18,295.9433,291.32,292.18,11,4.943395576508954,20,1,1,0,0,0
MOH,Medical,Medical - HMOs,30__1,30,1.0,6. p95_trade_value,24440.0,135660.0,O:MOH250221C00320000,MOH,C,320.0,2025-02-21,209,0,325,8.7,1737745305775000000,120,104400.0,2025-01-24,3000,30,True,Automatic Execution,Medical,Medical - HMOs,302.32,306.105,300.54,304.33,9,5.018700498666243,20,1,1,0,0,0
MOH,Medical,Medical - HMOs,30__1,30,1.0,6. p95_trade_value,24440.0,135660.0,O:MOH250321C00310000,MOH,C,310.0,2025-03-21,237,0,304,4.14,1740160758778000000,126,52164.0,2025-02-21,3000,30,True,Stock Options Auction,Medical,Medical - HMOs,282.57,295.0,282.07,283.81,15,4.717370886238462,20,1,1,1,0,0
MOH,Medical,Medical - HMOs,30__1,30,1.0,6. p95_trade_value,24440.0,135660.0,O:MOH250321C00310000,MOH,C,310.0,2025-03-21,209,0,308,5.8,1740682022013000000,150,87000.0,2025-02-27,3000,30,True,Automatic Execution,Medical,Medical - HMOs,290.2,302.0,289.99,292.98,12,4.939519252618618,20,1,1,1,0,0
MOH,Medical,Medical - HMOs,30__1,30,1.0,7. p90_trade_value,18000.0,24200.000000000004,O:MOH250321C00340000,MOH,C,340.0,2025-03-21,232,0,302,7.47,1741358092448000000,25,18675.0,2025-03-07,3000,30,True,Multi Leg auto-electronic trade,Medical,Medical - HMOs,321.78,335.67,321.245,327.33,56,4.271260610487436,20,2,0,0,0,1
MOH,Medical,Medical - HMOs,30__1,30,1.0,5. p99_trade_value,165000.0,297500.0,O:MOH250417P00310000,MOH,P,310.0,2025-04-17,235,0,301,5.5,1744043875035000000,300,165000.0,2025-04-07,3000,30,True,Multi Leg floor trade,Medical,Medical - HMOs,342.22,352.585,336.25,340.38,7,5.217483944213907,20,1,0,0,0,1
MOH,Medical,Medical - HMOs,30__1,30,1.0,7. p90_trade_value,18000.0,24200.000000000004,O:MOH250417P00330000,MOH,P,330.0,2025-04-17,209,0,316,5.1,1744831539007000000,45,22949.999999999996,2025-04-16,3000,30,True,Automatic Execution,Medical,Medical - HMOs,336.25,340.88,330.88,332.38,35,4.36078268987328,20,2,1,1,1,0
MOH,Medical,Medical - HMOs,30__1,30,1.0,7. p90_trade_value,18000.0,24200.000000000004,O:MOH250516P00300000,MOH,P,300.0,2025-05-16,209,0,325,9.3,1745351017227000000,20,18600.0,2025-04-22,3000,30,True,Automatic Execution,Medical,Medical - HMOs,305.0,321.48,302.21,321.16,57,4.269512944217916,20,2,1,0,0,0
MOH,Medical,Medical - HMOs,30__1,30,1.0,7. p90_trade_value,18000.0,24200.000000000004,O:MOH250516P00300000,MOH,P,300.0,2025-05-16,209,0,325,9.5,1745351006561000000,20,19000.0,2025-04-22,3000,30,True,Automatic Execution,Medical,Medical - HMOs,305.0,321.48,302.21,321.16,53,4.278753600952829,20,2,1,0,0,0
MOH,Medical,Medical - HMOs,30__1,30,1.0,7. p90_trade_value,18000.0,24200.000000000004,O:MOH250516P00300000,MOH,P,300.0,2025-05-16,209,0,325,9.5,1745350995228000000,22,20900.0,2025-04-22,3000,30,True,Automatic Execution,Medical,Medical - HMOs,305.0,321.48,302.21,321.16,44,4.320146286111054,20,2,1,0,0,0
MOH,Medical,Medical - HMOs,30__1,30,1.0,7. p90_trade_value,18000.0,24200.000000000004,O:MOH250516P00300000,MOH,P,300.0,2025-05-16,209,0,325,9.3,1745351017226000000,20,18600.0,2025-04-22,3000,30,True,Automatic Execution,Medical,Medical - HMOs,305.0,321.48,302.21,321.16,58,4.269512944217916,20,2,1,0,0,0
MOH,Medical,Medical - HMOs,30__1,30,1.0,7. p90_trade_value,18000.0,24200.000000000004,O:MOH250516P00300000,MOH,P,300.0,2025-05-16,219,0,316,9.3,1745351017225000000,24,22320.0,2025-04-22,3000,30,True,Intermarket Sweep Order,Medical,Medical - HMOs,305.0,321.48,302.21,321.16,37,4.348694190265541,20,2,1,0,0,0
MOH,Medical,Medical - HMOs,30__1,30,1.0,7. p90_trade_value,18000.0,24200.000000000004,O:MOH250516P00300000,MOH,P,300.0,2025-05-16,209,0,325,9.3,1745351017227000000,21,19530.0,2025-04-22,3000,30,True,Automatic Execution,Medical,Medical - HMOs,305.0,321.48,302.21,321.16,49,4.290702243287854,20,2,1,0,0,0
MOH,Medical,Medical - HMOs,30__1,30,1.0,7. p90_trade_value,18000.0,24200.000000000004,O:MOH250516C00340000,MOH,C,340.0,2025-05-16,209,0,316,3.1,1746723532889000000,72,22320.0,2025-05-08,3000,30,True,Automatic Execution,Medical,Medical - HMOs,328.25,329.67,324.255,325.86,36,4.348694190265541,20,2,0,0,0,1
MOH,Medical,Medical - HMOs,30__1,30,1.0,7. p90_trade_value,18000.0,24200.000000000004,O:MOH250516P00320000,MOH,P,320.0,2025-05-16,209,0,316,4.4,1746719266378000000,55,24200.000000000004,2025-05-08,3000,30,True,Automatic Execution,Medical,Medical - HMOs,328.25,329.67,324.255,325.86,32,4.383815365980431,20,2,1,1,0,0
MOH,Medical,Medical - HMOs,30__1,30,1.0,6. p95_trade_value,24440.0,135660.0,O:MOH250516C00330000,MOH,C,330.0,2025-05-16,209,0,316,6.9,1746817406075000000,45,31050.0,2025-05-09,3000,30,True,Automatic Execution,Medical,Medical - HMOs,326.18,327.29,321.65,322.2,24,4.492061604512599,20,1,1,0,0,0
MOH,Medical,Medical - HMOs,30__1,30,1.0,6. p95_trade_value,24440.0,135660.0,O:MOH250516C00330000,MOH,C,330.0,2025-05-16,209,0,316,6.7,1746817389382000000,45,30150.0,2025-05-09,3000,30,True,Automatic Execution,Medical,Medical - HMOs,326.18,327.29,321.65,322.2,26,4.47928731647617,20,1,1,0,0,0
MOH,Medical,Medical - HMOs,30__1,30,1.0,6. p95_trade_value,24440.0,135660.0,O:MOH250516C00330000,MOH,C,330.0,2025-05-16,209,0,316,6.8,1746817393236000000,45,30600.0,2025-05-09,3000,30,True,Automatic Execution,Medical,Medical - HMOs,326.18,327.29,321.65,322.2,25,4.48572142648158,20,1,1,0,0,0
MOH,Medical,Medical - HMOs,30__1,30,1.0,7. p90_trade_value,18000.0,24200.000000000004,O:MOH250516C00330000,MOH,C,330.0,2025-05-16,209,0,316,6.9,1746817409812000000,30,20700.0,2025-05-09,3000,30,True,Automatic Execution,Medical,Medical - HMOs,326.18,327.29,321.65,322.2,45,4.315970345456917,20,2,1,0,0,0
MOH,Medical,Medical - HMOs,30__1,30,1.0,6. p95_trade_value,24440.0,135660.0,O:MOH250620P00290000,MOH,P,290.0,2025-06-20,227,0,308,9.0,1748010909387000000,53,47700.0,2025-05-23,3000,30,True,Single Leg Auction Non ISO,Medical,Medical - HMOs,312.13,312.85,300.18,305.23,18,4.678518379040114,20,1,1,0,0,0
MOH,Medical,Medical - HMOs,30__1,30,1.0,5. p99_trade_value,165000.0,297500.0,O:MOH250620P00290000,MOH,P,290.0,2025-06-20,231,0,323,9.0,1748010963649000000,240,216000.0,2025-05-23,3000,30,True,Single Leg Floor Trade,Medical,Medical - HMOs,312.13,312.85,300.18,305.23,6,5.334453751150931,20,1,1,0,0,0
MRUS,Medical,Medical - Biomedical and Genetics,25__2,25,2.0,1. p999999_trade_value,1750000.0,1750000.0,O:MRUS250620C00045000,MRUS,C,45.0,2025-06-20,229,0,302,3.5,1747921604024000000,5000,1750000.0,2025-05-22,3000,30,True,Single Leg Cross Non ISO,Medical,Medical - Biomedical and Genetics,42.47,43.09,41.5,41.6,1,6.243038048686294,20,1,1,0,0,0
MRUS,Medical,Medical - Biomedical and Genetics,25__2,25,2.0,5. p99_trade_value,712535.0,712535.0,O:MRUS250620P00050000,MRUS,P,50.0,2025-06-20,235,0,313,1.55,1748359012351000000,4597,712535.0,2025-05-27,3000,30,True,Multi Leg floor trade,Medical,Medical - Biomedical and Genetics,57.0,57.6572,50.4,50.8,2,5.852806201920601,20,1,1,0,0,0
MTD,Medical,Medical - Instruments,20__0,20,0.0,8. p75_trade_value,5880.0,8790.0,O:MTD240920C01450000,MTD,C,1450.0,2024-09-20,209,0,313,32.0,1724859511320000000,2,6400.0,2024-08-28,3000,30,True,Automatic Execution,Medical,Medical - Instruments,1422.0,1439.74,1418.41,1423.18,33,3.806179973983887,20,4,0,0,0,1
MTD,Medical,Medical - Instruments,20__0,20,0.0,8. p75_trade_value,5880.0,8790.0,O:MTD240920C01450000,MTD,C,1450.0,2024-09-20,209,0,313,32.5,1724942344451000000,2,6500.0,2024-08-29,3000,30,True,Automatic Execution,Medical,Medical - Instruments,1431.31,1446.999,1426.94,1431.23,30,3.8129133566428557,20,4,0,0,0,1
MTD,Medical,Medical - Instruments,20__0,20,0.0,8. p75_trade_value,5880.0,8790.0,O:MTD240920C01450000,MTD,C,1450.0,2024-09-20,209,0,313,30.5,1724945889346000000,2,6100.0,2024-08-29,3000,30,True,Automatic Execution,Medical,Medical - Instruments,1431.31,1446.999,1426.94,1431.23,37,3.785329835010767,20,5,0,0,0,1
MTD,Medical,Medical - Instruments,20__0,20,0.0,8. p75_trade_value,5880.0,8790.0,O:MTD241018P01290000,MTD,P,1290.0,2024-10-18,232,0,301,9.84,1727102715147000000,6,5904.0,2024-09-23,3000,30,True,Multi Leg auto-electronic trade,Medical,Medical - Instruments,1413.78,1413.78,1388.21,1405.9,40,3.7711463488149852,20,5,0,0,0,1
MTD,Medical,Medical - Instruments,20__0,20,0.0,8. p75_trade_value,5880.0,8790.0,O:MTD241018P01430000,MTD,P,1430.0,2024-10-18,209,0,301,20.0,1727364071165000000,3,6000.0,2024-09-26,3000,30,True,Automatic Execution,Medical,Medical - Instruments,1434.23,1492.92,1430.66,1491.02,39,3.7781512503836434,20,5,1,1,1,0
MTD,Medical,Medical - Instruments,20__0,20,0.0,8. p75_trade_value,5880.0,8790.0,O:MTD241018P01450000,MTD,P,1450.0,2024-10-18,209,0,301,24.0,1727978109777000000,3,7200.0,2024-10-03,3000,30,True,Automatic Execution,Medical,Medical - Instruments,1485.82,1488.75,1461.0,1463.4,25,3.8573324964312685,20,3,1,1,1,0
MTD,Medical,Medical - Instruments,20__0,20,0.0,8. p75_trade_value,5880.0,8790.0,O:MTD241115P01300000,MTD,P,1300.0,2024-11-15,209,0,316,19.6,1729099500079000000,3,5880.0,2024-10-16,3000,30,True,Automatic Execution,Medical,Medical - Instruments,1445.11,1455.995,1389.395,1404.47,41,3.7693773260761385,20,5,1,1,1,0
MTD,Medical,Medical - Instruments,20__0,20,0.0,8. p75_trade_value,5880.0,8790.0,O:MTD241115P01300000,MTD,P,1300.0,2024-11-15,209,0,316,20.1,1729099528587000000,3,6030.0,2024-10-16,3000,30,True,Automatic Execution,Medical,Medical - Instruments,1445.11,1455.995,1389.395,1404.47,38,3.780317312140151,20,5,1,1,1,0
MTD,Medical,Medical - Instruments,20__0,20,0.0,8. p75_trade_value,5880.0,8790.0,O:MTD241115P01300000,MTD,P,1300.0,2024-11-15,209,0,316,20.4,1729099537584000000,3,6120.0,2024-10-16,3000,30,True,Automatic Execution,Medical,Medical - Instruments,1445.11,1455.995,1389.395,1404.47,35,3.7867514221455614,20,4,1,1,1,0
MTD,Medical,Medical - Instruments,20__0,20,0.0,8. p75_trade_value,5880.0,8790.0,O:MTD241115P01300000,MTD,P,1300.0,2024-11-15,209,0,316,20.5,1729099551119000000,3,6150.0,2024-10-16,3000,30,True,Automatic Execution,Medical,Medical - Instruments,1445.11,1455.995,1389.395,1404.47,34,3.788875115775417,20,4,1,1,1,0
MTD,Medical,Medical - Instruments,20__0,20,0.0,8. p75_trade_value,5880.0,8790.0,O:MTD241115P01300000,MTD,P,1300.0,2024-11-15,209,0,316,20.4,1729099544022000000,3,6120.0,2024-10-16,3000,30,True,Automatic Execution,Medical,Medical - Instruments,1445.11,1455.995,1389.395,1404.47,36,3.7867514221455614,20,5,1,1,1,0
MTD,Medical,Medical - Instruments,20__0,20,0.0,8. p75_trade_value,5880.0,8790.0,O:MTD241115P01300000,MTD,P,1300.0,2024-11-15,209,0,316,24.4,1729172823923000000,3,7319.999999999999,2024-10-17,3000,30,True,Automatic Execution,Medical,Medical - Instruments,1422.37,1430.365,1360.5,1364.19,23,3.864511081058392,20,3,1,1,1,0
MTD,Medical,Medical - Instruments,20__0,20,0.0,8. p75_trade_value,5880.0,8790.0,O:MTD241115P01300000,MTD,P,1300.0,2024-11-15,209,0,316,24.5,1729172823586000000,3,7350.0,2024-10-17,3000,30,True,Automatic Execution,Medical,Medical - Instruments,1422.37,1430.365,1360.5,1364.19,22,3.8662873390841948,20,3,1,1,1,0
MTD,Medical,Medical - Instruments,20__0,20,0.0,8. p75_trade_value,5880.0,8790.0,O:MTD241115P01300000,MTD,P,1300.0,2024-11-15,209,0,316,22.8,1729172812693000000,3,6840.000000000001,2024-10-17,3000,30,True,Automatic Execution,Medical,Medical - Instruments,1422.37,1430.365,1360.5,1364.19,28,3.835056101720116,20,4,1,1,1,0
MTD,Medical,Medical - Instruments,20__0,20,0.0,8. p75_trade_value,5880.0,8790.0,O:MTD241220P01190000,MTD,P,1190.0,2024-12-20,209,0,302,13.3,1733168438433000000,6,7980.000000000001,2024-12-02,3000,30,True,Automatic Execution,Medical,Medical - Instruments,1248.48,1261.56,1232.42,1258.88,20,3.9020028913507296,20,3,0,0,0,1
MTD,Medical,Medical - Instruments,20__0,20,0.0,7. p90_trade_value,9300.0,14760.000000000002,O:MTD250117C01240000,MTD,C,1240.0,2025-01-17,209,0,308,31.0,1734964904514000000,3,9300.0,2024-12-23,3000,30,True,Automatic Execution,Medical,Medical - Instruments,1219.44,1236.325,1219.145,1234.39,17,3.9684829485539352,20,2,1,1,1,0
MTD,Medical,Medical - Instruments,20__0,20,0.0,6. p95_trade_value,16110.0,108000.0,O:MTD250221C01400000,MTD,C,1400.0,2025-02-21,235,0,313,24.0,1738857461928000000,45,108000.0,2025-02-06,3000,30,True,Multi Leg floor trade,Medical,Medical - Instruments,1364.3,1369.115,1345.78,1357.26,3,5.033423755486949,20,1,1,0,0,0
MTD,Medical,Medical - Instruments,20__0,20,0.0,1. p999999_trade_value,145800.0,145800.0,O:MTD250221C01400000,MTD,C,1400.0,2025-02-21,235,0,313,24.3,1738869635800000000,60,145800.0,2025-02-06,3000,30,True,Multi Leg floor trade,Medical,Medical - Instruments,1364.3,1369.115,1345.78,1357.26,1,5.163757523981956,20,1,1,0,0,0
MTD,Medical,Medical - Instruments,20__0,20,0.0,6. p95_trade_value,16110.0,108000.0,O:MTD250221C01420000,MTD,C,1420.0,2025-02-21,227,0,308,17.5,1738871360265000000,32,56000.0,2025-02-06,3000,30,True,Single Leg Auction Non ISO,Medical,Medical - Instruments,1364.3,1369.115,1345.78,1357.26,5,4.748188027006201,20,1,1,0,0,0
MTD,Medical,Medical - Instruments,20__0,20,0.0,8. p75_trade_value,5880.0,8790.0,O:MTD250221C01420000,MTD,C,1420.0,2025-02-21,209,0,325,16.2,1738867794576000000,4,6480.0,2025-02-06,3000,30,True,Automatic Execution,Medical,Medical - Instruments,1364.3,1369.115,1345.78,1357.26,31,3.8115750058705933,20,4,1,0,0,0
MTD,Medical,Medical - Instruments,20__0,20,0.0,6. p95_trade_value,16110.0,108000.0,O:MTD250221C01420000,MTD,C,1420.0,2025-02-21,209,0,316,16.4,1738868511896000000,11,18039.999999999996,2025-02-06,3000,30,True,Automatic Execution,Medical,Medical - Instruments,1364.3,1369.115,1345.78,1357.26,8,4.256236533205922,20,1,1,0,0,0
MTD,Medical,Medical - Instruments,20__0,20,0.0,7. p90_trade_value,9300.0,14760.000000000002,O:MTD250221C01420000,MTD,C,1420.0,2025-02-21,209,0,307,16.2,1738867794576000000,8,12960.0,2025-02-06,3000,30,True,Automatic Execution,Medical,Medical - Instruments,1364.3,1369.115,1345.78,1357.26,11,4.1126050015345745,20,2,1,0,0,0
MTD,Medical,Medical - Instruments,20__0,20,0.0,6. p95_trade_value,16110.0,108000.0,O:MTD250221C01420000,MTD,C,1420.0,2025-02-21,209,0,316,16.3,1738867773530000000,13,21190.0,2025-02-06,3000,30,True,Automatic Execution,Medical,Medical - Instruments,1364.3,1369.115,1345.78,1357.26,7,4.326130956710794,20,1,1,0,0,0
MTD,Medical,Medical - Instruments,20__0,20,0.0,6. p95_trade_value,16110.0,108000.0,O:MTD250221C01420000,MTD,C,1420.0,2025-02-21,209,0,316,17.9,1738870084282000000,9,16110.0,2025-02-06,3000,30,True,Automatic Execution,Medical,Medical - Instruments,1364.3,1369.115,1345.78,1357.26,9,4.207095540419218,20,1,1,0,0,0
MTD,Medical,Medical - Instruments,20__0,20,0.0,8. p75_trade_value,5880.0,8790.0,O:MTD250221C01420000,MTD,C,1420.0,2025-02-21,209,0,316,18.0,1738870343247000000,4,7200.0,2025-02-06,3000,30,True,Automatic Execution,Medical,Medical - Instruments,1364.3,1369.115,1345.78,1357.26,24,3.8573324964312685,20,3,1,0,0,0
MTD,Medical,Medical - Instruments,20__0,20,0.0,8. p75_trade_value,5880.0,8790.0,O:MTD250221C01420000,MTD,C,1420.0,2025-02-21,209,0,302,17.9,1738870085791000000,4,7159.999999999999,2025-02-06,3000,30,True,Automatic Execution,Medical,Medical - Instruments,1364.3,1369.115,1345.78,1357.26,26,3.8549130223078554,20,3,1,0,0,0
MTD,Medical,Medical - Instruments,20__0,20,0.0,8. p75_trade_value,5880.0,8790.0,O:MTD250221C01420000,MTD,C,1420.0,2025-02-21,209,0,313,16.2,1738867794575000000,4,6480.0,2025-02-06,3000,30,True,Automatic Execution,Medical,Medical - Instruments,1364.3,1369.115,1345.78,1357.26,32,3.8115750058705933,20,4,1,0,0,0
MTD,Medical,Medical - Instruments,20__0,20,0.0,6. p95_trade_value,16110.0,108000.0,O:MTD250221P01300000,MTD,P,1300.0,2025-02-21,235,0,313,16.0,1738857461928000000,45,72000.0,2025-02-06,3000,30,True,Multi Leg floor trade,Medical,Medical - Instruments,1364.3,1369.115,1345.78,1357.26,4,4.857332496431268,20,1,1,1,1,0
MTD,Medical,Medical - Instruments,20__0,20,0.0,5. p99_trade_value,132000.0,132000.0,O:MTD250221P01300000,MTD,P,1300.0,2025-02-21,235,0,313,22.0,1738869635800000000,60,132000.0,2025-02-06,3000,30,True,Multi Leg floor trade,Medical,Medical - Instruments,1364.3,1369.115,1345.78,1357.26,2,5.12057393120585,20,1,1,1,1,0
MTD,Medical,Medical - Instruments,20__0,20,0.0,7. p90_trade_value,9300.0,14760.000000000002,O:MTD250417C01290000,MTD,C,1290.0,2025-04-17,227,0,308,10.03,1742833480697000000,12,12035.999999999998,2025-03-24,3000,30,True,Single Leg Auction Non ISO,Medical,Medical - Instruments,1211.73,1220.49,1207.99,1212.06,14,4.080482179068043,20,2,0,0,0,1
MTD,Medical,Medical - Instruments,20__0,20,0.0,7. p90_trade_value,9300.0,14760.000000000002,O:MTD250417P01160000,MTD,P,1160.0,2025-04-17,209,0,323,14.1,1742833482157000000,7,9870.0,2025-03-24,3000,30,True,Automatic Execution,Medical,Medical - Instruments,1211.73,1220.49,1207.99,1212.06,16,3.9943171526696366,20,2,1,1,1,0
MTD,Medical,Medical - Instruments,20__0,20,0.0,7. p90_trade_value,9300.0,14760.000000000002,O:MTD250417P01160000,MTD,P,1160.0,2025-04-17,209,0,307,13.6,1742833497805000000,9,12240.0,2025-03-24,3000,30,True,Automatic Execution,Medical,Medical - Instruments,1211.73,1220.49,1207.99,1212.06,12,4.087781417809542,20,2,1,1,1,0
MTD,Medical,Medical - Instruments,20__0,20,0.0,8. p75_trade_value,5880.0,8790.0,O:MTD250417P01160000,MTD,P,1160.0,2025-04-17,209,0,316,13.5,1742833495688000000,5,6750.0,2025-03-24,3000,30,True,Automatic Execution,Medical,Medical - Instruments,1211.73,1220.49,1207.99,1212.06,29,3.829303772831025,20,4,1,1,1,0
MTD,Medical,Medical - Instruments,20__0,20,0.0,7. p90_trade_value,9300.0,14760.000000000002,O:MTD250417P01160000,MTD,P,1160.0,2025-04-17,209,0,304,13.4,1742833495685000000,9,12060.0,2025-03-24,3000,30,True,Automatic Execution,Medical,Medical - Instruments,1211.73,1220.49,1207.99,1212.06,13,4.0813473078041325,20,2,1,1,1,0
MTD,Medical,Medical - Instruments,20__0,20,0.0,8. p75_trade_value,5880.0,8790.0,O:MTD250417P01160000,MTD,P,1160.0,2025-04-17,209,0,313,13.5,1742833503396000000,6,8100.0,2025-03-24,3000,30,True,Automatic Execution,Medical,Medical - Instruments,1211.73,1220.49,1207.99,1212.06,19,3.90848501887865,20,3,1,1,1,0
MTD,Medical,Medical - Instruments,20__0,20,0.0,8. p75_trade_value,5880.0,8790.0,O:MTD250516C01140000,MTD,C,1140.0,2025-05-16,227,0,323,13.96,1744818901496000000,5,6980.000000000001,2025-04-16,3000,30,True,Single Leg Auction Non ISO,Medical,Medical - Instruments,1041.29,1049.9,1007.93,1016.65,27,3.843855422623161,20,3,1,1,1,0
MTD,Medical,Medical - Instruments,20__0,20,0.0,6. p95_trade_value,16110.0,108000.0,O:MTD250516C01000000,MTD,C,1000.0,2025-05-16,209,0,316,42.8,1745260698577000000,10,42800.0,2025-04-21,3000,30,True,Automatic Execution,Medical,Medical - Instruments,996.88,996.88,962.54,970.15,6,4.631443769013172,20,1,1,1,1,0
MTD,Medical,Medical - Instruments,20__0,20,0.0,7. p90_trade_value,9300.0,14760.000000000002,O:MTD250516C01180000,MTD,C,1180.0,2025-05-16,209,0,308,11.0,1745590878037000000,10,11000.0,2025-04-25,3000,30,True,Automatic Execution,Medical,Medical - Instruments,1060.1,1070.81,1048.775,1061.79,15,4.041392685158225,20,2,1,0,0,0
MTD,Medical,Medical - Instruments,20__0,20,0.0,7. p90_trade_value,9300.0,14760.000000000002,O:MTD250516P00940000,MTD,P,940.0,2025-05-16,209,0,322,12.3,1746106783913000000,12,14760.000000000002,2025-05-01,3000,30,True,Automatic Execution,Medical,Medical - Instruments,1074.13,1077.815,1029.23,1056.58,10,4.169086357487023,20,2,0,0,0,1
MTD,Medical,Medical - Instruments,20__0,20,0.0,8. p75_trade_value,5880.0,8790.0,O:MTD250620C01170000,MTD,C,1170.0,2025-06-20,209,0,313,29.3,1748448445236000000,3,8790.0,2025-05-28,3000,30,True,Automatic Execution,Medical,Medical - Instruments,1159.75,1165.27,1152.57,1157.5,18,3.9439888750737717,20,2,1,0,0,0
MTD,Medical,Medical - Instruments,20__0,20,0.0,8. p75_trade_value,5880.0,8790.0,O:MTD250620C01260000,MTD,C,1260.0,2025-06-20,209,0,316,7.5,1748527054265000000,10,7500.0,2025-05-29,3000,30,True,Automatic Execution,Medical,Medical - Instruments,1176.19,1179.47,1158.97,1173.18,21,3.8750612633917,20,3,0,0,0,1
MURA,Medical,Medical - Drugs,5__3,5,3.0,1. p999999_trade_value,20300.0,20300.0,O:MURA250516P00002500,MURA,P,2.5,2025-05-16,209,0,318,0.25,1745242257029000000,812,20300.0,2025-04-21,3000,30,True,Automatic Execution,Medical,Medical - Drugs,2.6,2.79,2.55,2.69,1,4.307496037913213,20,1,1,1,0,0
MURA,Medical,Medical - Drugs,5__3,5,3.0,8. p75_trade_value,18500.0,18500.0,O:MURA250516P00002500,MURA,P,2.5,2025-05-16,209,0,316,0.25,1745242329463000000,740,18500.0,2025-04-21,3000,30,True,Automatic Execution,Medical,Medical - Drugs,2.6,2.79,2.55,2.69,2,4.267171728403014,20,2,1,1,0,0
MYGN,Medical,Medical - Biomedical and Genetics,15__0,15,0.0,1. p999999_trade_value,22500.0,22500.0,O:MYGN241115P00021000,MYGN,P,21.0,2024-11-15,231,0,313,0.75,1729278044463000000,300,22500.0,2024-10-18,3000,30,True,Single Leg Floor Trade,Medical,Medical - Biomedical and Genetics,23.42,23.74,23.2,23.39,1,4.352182518111363,20,1,1,1,1,0
MYGN,Medical,Medical - Biomedical and Genetics,15__0,15,0.0,6. p95_trade_value,21280.0,21280.0,O:MYGN241115P00021000,MYGN,P,21.0,2024-11-15,209,0,323,1.4,1729789801470000000,152,21280.0,2024-10-24,3000,30,True,Automatic Execution,Medical,Medical - Biomedical and Genetics,22.4,22.58,21.63,21.81,2,4.327971623623011,20,1,1,1,1,0
NAGE,Medical,Medical - Biomedical and Genetics,5__0,5,0.0,8. p75_trade_value,4725.0,4725.0,O:NAGE250516C00009000,NAGE,C,9.0,2025-05-16,209,0,308,0.25,1745417472294000000,189,4725.0,2025-04-23,3000,30,True,Automatic Execution,Medical,Medical - Biomedical and Genetics,7.15,7.39,7.145,7.19,2,3.674401812845282,20,2,1,1,1,0
NAGE,Medical,Medical - Biomedical and Genetics,5__0,5,0.0,1. p999999_trade_value,5000.0,5000.0,O:NAGE250516C00009000,NAGE,C,9.0,2025-05-16,209,0,325,0.5,1746646599568000000,100,5000.0,2025-05-07,3000,30,True,Automatic Execution,Medical,Medical - Biomedical and Genetics,8.82,8.85,8.37,8.45,1,3.6989700043360187,20,1,1,1,1,0
NEOG,Medical,Medical - Products,10__0,10,0.0,1. p999999_trade_value,4400.0,4400.0,O:NEOG241018P00015000,NEOG,P,15.0,2024-10-18,227,0,323,0.44,1727890511597000000,100,4400.0,2024-10-02,3000,30,True,Single Leg Auction Non ISO,Medical,Medical - Products,15.4,15.78,15.23,15.71,1,3.6434526764861874,20,1,1,1,1,0
NEOG,Medical,Medical - Products,10__0,10,0.0,8. p75_trade_value,3900.0,3900.0,O:NEOG250117C00012500,NEOG,C,12.5,2025-01-17,209,0,319,0.6,1735240453448000000,65,3900.0,2024-12-26,3000,30,True,Automatic Execution,Medical,Medical - Products,12.01,12.465438,11.99,12.43,2,3.591064607026499,20,2,1,0,0,0
NGNE,Medical,Medical - Biomedical and Genetics,20__0,20,0.0,8. p75_trade_value,6290.000000000001,24750.0,O:NGNE241115P00050000,NGNE,P,50.0,2024-11-15,239,0,302,4.0,1729089820952000000,25,10000.0,2024-10-16,3000,30,True,Multi Leg floor trade against single leg(s),Medical,Medical - Biomedical and Genetics,50.53,54.38,50.53,53.255,17,4.0,20,4,1,1,1,0
NGNE,Medical,Medical - Biomedical and Genetics,20__0,20,0.0,1. p999999_trade_value,100000.0,100000.0,O:NGNE241115P00050000,NGNE,P,50.0,2024-11-15,239,0,302,4.0,1729089820952000000,250,100000.0,2024-10-16,3000,30,True,Multi Leg floor trade against single leg(s),Medical,Medical - Biomedical and Genetics,50.53,54.38,50.53,53.255,1,5.0,20,1,1,1,1,0
NGNE,Medical,Medical - Biomedical and Genetics,20__0,20,0.0,7. p90_trade_value,25000.0,31280.0,O:NGNE241115C00055000,NGNE,C,55.0,2024-11-15,209,0,316,6.8,1729533122213000000,46,31280.0,2024-10-21,3000,30,True,Automatic Execution,Medical,Medical - Biomedical and Genetics,54.64,54.64,52.3,52.66,6,4.49526674438781,20,2,1,0,0,0
NGNE,Medical,Medical - Biomedical and Genetics,20__0,20,0.0,7. p90_trade_value,25000.0,31280.0,O:NGNE241115C00060000,NGNE,C,60.0,2024-11-15,209,0,316,5.2,1729533122213000000,52,27040.000000000004,2024-10-21,3000,30,True,Automatic Execution,Medical,Medical - Biomedical and Genetics,54.64,54.64,52.3,52.66,8,4.432006687269598,20,2,1,0,0,0
NGNE,Medical,Medical - Biomedical and Genetics,20__0,20,0.0,8. p75_trade_value,6290.000000000001,24750.0,O:NGNE241115P00050000,NGNE,P,50.0,2024-11-15,219,0,323,5.5,1729532781175000000,30,16500.0,2024-10-21,3000,30,True,Intermarket Sweep Order,Medical,Medical - Biomedical and Genetics,54.64,54.64,52.3,52.66,13,4.217483944213907,20,3,1,1,1,0
NGNE,Medical,Medical - Biomedical and Genetics,20__0,20,0.0,6. p95_trade_value,31900.0,53460.0,O:NGNE241115P00050000,NGNE,P,50.0,2024-11-15,209,0,316,5.5,1729532781185000000,58,31900.0,2024-10-21,3000,30,True,Automatic Execution,Medical,Medical - Biomedical and Genetics,54.64,54.64,52.3,52.66,4,4.503790683057181,20,1,1,1,1,0
NGNE,Medical,Medical - Biomedical and Genetics,20__0,20,0.0,8. p75_trade_value,6290.000000000001,24750.0,O:NGNE241115P00050000,NGNE,P,50.0,2024-11-15,209,0,316,5.5,1729532781185000000,25,13750.0,2024-10-21,3000,30,True,Automatic Execution,Medical,Medical - Biomedical and Genetics,54.64,54.64,52.3,52.66,14,4.138302698166282,20,3,1,1,1,0
NGNE,Medical,Medical - Biomedical and Genetics,20__0,20,0.0,8. p75_trade_value,6290.000000000001,24750.0,O:NGNE241115P00050000,NGNE,P,50.0,2024-11-15,219,0,322,5.5,1729532781181000000,45,24750.0,2024-10-21,3000,30,True,Intermarket Sweep Order,Medical,Medical - Biomedical and Genetics,54.64,54.64,52.3,52.66,11,4.393575203269587,20,3,1,1,1,0
NGNE,Medical,Medical - Biomedical and Genetics,20__0,20,0.0,8. p75_trade_value,6290.000000000001,24750.0,O:NGNE241115P00050000,NGNE,P,50.0,2024-11-15,219,0,308,5.5,1729532781175000000,35,19250.0,2024-10-21,3000,30,True,Intermarket Sweep Order,Medical,Medical - Biomedical and Genetics,54.64,54.64,52.3,52.66,12,4.28443073384452,20,3,1,1,1,0
NGNE,Medical,Medical - Biomedical and Genetics,20__0,20,0.0,6. p95_trade_value,31900.0,53460.0,O:NGNE241115P00050000,NGNE,P,50.0,2024-11-15,219,0,316,5.5,1729532781181000000,81,44550.0,2024-10-21,3000,30,True,Intermarket Sweep Order,Medical,Medical - Biomedical and Genetics,54.64,54.64,52.3,52.66,3,4.648847708372894,20,1,1,1,1,0
NGNE,Medical,Medical - Biomedical and Genetics,20__0,20,0.0,6. p95_trade_value,31900.0,53460.0,O:NGNE241115P00050000,NGNE,P,50.0,2024-11-15,209,0,313,5.5,1729532781184000000,58,31900.0,2024-10-21,3000,30,True,Automatic Execution,Medical,Medical - Biomedical and Genetics,54.64,54.64,52.3,52.66,5,4.503790683057181,20,1,1,1,1,0
NGNE,Medical,Medical - Biomedical and Genetics,20__0,20,0.0,8. p75_trade_value,6290.000000000001,24750.0,O:NGNE241115C00060000,NGNE,C,60.0,2024-11-15,209,0,308,3.3,1730127551201000000,40,13200.0,2024-10-28,3000,30,True,Automatic Execution,Medical,Medical - Biomedical and Genetics,49.14,51.19,45.8,45.93,15,4.12057393120585,20,3,1,0,0,0
NGNE,Medical,Medical - Biomedical and Genetics,20__0,20,0.0,8. p75_trade_value,6290.000000000001,24750.0,O:NGNE241115C00050000,NGNE,C,50.0,2024-11-15,209,0,308,5.2,1730318395148000000,13,6760.000000000001,2024-10-30,3000,30,True,Automatic Execution,Medical,Medical - Biomedical and Genetics,45.08,46.01,43.58,43.74,23,3.829946695941636,20,5,1,0,0,0
NGNE,Medical,Medical - Biomedical and Genetics,20__0,20,0.0,8. p75_trade_value,6290.000000000001,24750.0,O:NGNE241115C00050000,NGNE,C,50.0,2024-11-15,209,0,308,5.2,1730386077144000000,14,7280.0,2024-10-31,3000,30,True,Automatic Execution,Medical,Medical - Biomedical and Genetics,43.56,44.31,42.23,44.01,21,3.862131379313037,20,5,1,0,0,0
NGNE,Medical,Medical - Biomedical and Genetics,20__0,20,0.0,8. p75_trade_value,6290.000000000001,24750.0,O:NGNE241115C00050000,NGNE,C,50.0,2024-11-15,209,0,308,5.2,1730385109379000000,14,7280.0,2024-10-31,3000,30,True,Automatic Execution,Medical,Medical - Biomedical and Genetics,43.56,44.31,42.23,44.01,20,3.862131379313037,20,4,1,0,0,0
NGNE,Medical,Medical - Biomedical and Genetics,20__0,20,0.0,8. p75_trade_value,6290.000000000001,24750.0,O:NGNE241115C00050000,NGNE,C,50.0,2024-11-15,209,0,308,5.2,1730383662107000000,16,8320.0,2024-10-31,3000,30,True,Automatic Execution,Medical,Medical - Biomedical and Genetics,43.56,44.31,42.23,44.01,19,3.920123326290724,20,4,1,0,0,0
NGNE,Medical,Medical - Biomedical and Genetics,20__0,20,0.0,8. p75_trade_value,6290.000000000001,24750.0,O:NGNE241115C00050000,NGNE,C,50.0,2024-11-15,209,0,308,5.2,1730384849701000000,17,8840.0,2024-10-31,3000,30,True,Automatic Execution,Medical,Medical - Biomedical and Genetics,43.56,44.31,42.23,44.01,18,3.946452265013073,20,4,1,0,0,0
NGNE,Medical,Medical - Biomedical and Genetics,20__0,20,0.0,8. p75_trade_value,6290.000000000001,24750.0,O:NGNE241115C00050000,NGNE,C,50.0,2024-11-15,209,0,308,5.2,1730386518533000000,20,10400.0,2024-10-31,3000,30,True,Automatic Execution,Medical,Medical - Biomedical and Genetics,43.56,44.31,42.23,44.01,16,4.017033339298781,20,4,1,0,0,0
NGNE,Medical,Medical - Biomedical and Genetics,20__0,20,0.0,8. p75_trade_value,6290.000000000001,24750.0,O:NGNE241115C00050000,NGNE,C,50.0,2024-11-15,209,0,308,5.2,1730385104328000000,13,6760.000000000001,2024-10-31,3000,30,True,Automatic Execution,Medical,Medical - Biomedical and Genetics,43.56,44.31,42.23,44.01,22,3.829946695941636,20,5,1,0,0,0
NGNE,Medical,Medical - Biomedical and Genetics,20__0,20,0.0,6. p95_trade_value,31900.0,53460.0,O:NGNE241115P00050000,NGNE,P,50.0,2024-11-15,231,0,302,3.3,1730733133485000000,162,53460.0,2024-11-04,3000,30,True,Single Leg Floor Trade,Medical,Medical - Biomedical and Genetics,56.17,73.59,55.0,66.0,2,4.728028954420519,20,1,1,1,1,0
NGNE,Medical,Medical - Biomedical and Genetics,20__0,20,0.0,8. p75_trade_value,6290.000000000001,24750.0,O:NGNE241115C00070000,NGNE,C,70.0,2024-11-15,233,0,304,3.7,1730823671336000000,18,6660.000000000001,2024-11-05,3000,30,True,Multi Leg Auction,Medical,Medical - Biomedical and Genetics,65.44,65.64,55.88,64.4,24,3.823474229170301,20,5,1,0,0,0
NGNE,Medical,Medical - Biomedical and Genetics,20__0,20,0.0,8. p75_trade_value,6290.000000000001,24750.0,O:NGNE241115C00070000,NGNE,C,70.0,2024-11-15,233,0,304,3.7,1730823671336000000,17,6290.000000000001,2024-11-05,3000,30,True,Multi Leg Auction,Medical,Medical - Biomedical and Genetics,65.44,65.64,55.88,64.4,25,3.798650645445269,20,5,1,0,0,0
NGNE,Medical,Medical - Biomedical and Genetics,20__0,20,0.0,7. p90_trade_value,25000.0,31280.0,O:NGNE241115C00075000,NGNE,C,75.0,2024-11-15,209,0,323,3.6,1731354217527000000,74,26640.000000000004,2024-11-11,3000,30,True,Automatic Execution,Medical,Medical - Biomedical and Genetics,70.04,74.49,69.485,71.53,9,4.425534220498264,20,2,0,0,0,1
NGNE,Medical,Medical - Biomedical and Genetics,20__0,20,0.0,7. p90_trade_value,25000.0,31280.0,O:NGNE250417P00010000,NGNE,P,10.0,2025-04-17,235,0,301,0.25,1743084371514000000,1000,25000.0,2025-03-27,3000,30,True,Multi Leg floor trade,Medical,Medical - Biomedical and Genetics,16.22,16.64,14.81,15.33,10,4.3979400086720375,20,2,1,0,0,0
NGNE,Medical,Medical - Biomedical and Genetics,20__0,20,0.0,7. p90_trade_value,25000.0,31280.0,O:NGNE250417P00010000,NGNE,P,10.0,2025-04-17,235,0,301,0.3,1743174359439000000,1000,30000.0,2025-03-28,3000,30,True,Multi Leg floor trade,Medical,Medical - Biomedical and Genetics,15.24,15.24,14.235,14.52,7,4.477121254719663,20,2,1,0,0,0
NMRA,Medical,Medical - Biomedical and Genetics,30__1,30,1.0,5. p99_trade_value,162000.0,719250.0,O:NMRA241115C00012500,NMRA,C,12.5,2024-11-15,231,0,301,2.5,1730299963437000000,1132,283000.0,2024-10-30,3000,30,True,Single Leg Floor Trade,Medical,Medical - Biomedical and Genetics,11.61,12.27,11.61,12.21,6,5.451786435524291,20,1,1,0,0,0
NMRA,Medical,Medical - Biomedical and Genetics,30__1,30,1.0,5. p99_trade_value,162000.0,719250.0,O:NMRA241115P00010000,NMRA,P,10.0,2024-11-15,209,0,307,1.8,1730737490997000000,1111,199980.0,2024-11-04,3000,30,True,Automatic Execution,Medical,Medical - Biomedical and Genetics,11.07,11.945,10.84,11.71,9,5.300986564044174,20,1,0,0,0,1
NMRA,Medical,Medical - Biomedical and Genetics,30__1,30,1.0,5. p99_trade_value,162000.0,719250.0,O:NMRA250117C00015000,NMRA,C,15.0,2025-01-17,235,0,300,4.05,1734708615668000000,1200,486000.0,2024-12-20,3000,30,True,Multi Leg floor trade,Medical,Medical - Biomedical and Genetics,10.17,11.1,10.0727,10.85,4,5.686636269262293,20,1,0,0,0,1
NMRA,Medical,Medical - Biomedical and Genetics,30__1,30,1.0,1. p999999_trade_value,900000.0,900000.0,O:NMRA250117P00005000,NMRA,P,5.0,2025-01-17,231,0,301,1.5,1734725979945000000,6000,900000.0,2024-12-20,3000,30,True,Single Leg Floor Trade,Medical,Medical - Biomedical and Genetics,10.17,11.1,10.0727,10.85,1,5.954242509439325,20,1,1,1,1,0
NMRA,Medical,Medical - Biomedical and Genetics,30__1,30,1.0,5. p99_trade_value,162000.0,719250.0,O:NMRA250117P00007500,NMRA,P,7.5,2025-01-17,231,0,302,2.7,1734713935846000000,1000,270000.0,2024-12-20,3000,30,True,Single Leg Floor Trade,Medical,Medical - Biomedical and Genetics,10.17,11.1,10.0727,10.85,7,5.431363764158987,20,1,1,1,1,0
NMRA,Medical,Medical - Biomedical and Genetics,30__1,30,1.0,5. p99_trade_value,162000.0,719250.0,O:NMRA250117P00007500,NMRA,P,7.5,2025-01-17,209,0,320,2.7,1734967798128000000,996,268920.0,2024-12-23,3000,30,True,Automatic Execution,Medical,Medical - Biomedical and Genetics,10.75,11.37,10.46,11.12,8,5.429623102582686,20,1,1,1,1,0
NMRA,Medical,Medical - Biomedical and Genetics,30__1,30,1.0,5. p99_trade_value,162000.0,719250.0,O:NMRA250117P00007500,NMRA,P,7.5,2025-01-17,209,0,320,2.7,1734967253028000000,600,162000.0,2024-12-23,3000,30,True,Automatic Execution,Medical,Medical - Biomedical and Genetics,10.75,11.37,10.46,11.12,10,5.209515014542631,20,1,1,1,1,0
NMRA,Medical,Medical - Biomedical and Genetics,30__1,30,1.0,5. p99_trade_value,162000.0,719250.0,O:NMRA250117P00005000,NMRA,P,5.0,2025-01-17,231,0,313,1.45,1735052352225000000,4679,678455.0,2024-12-24,3000,30,True,Single Leg Floor Trade,Medical,Medical - Biomedical and Genetics,11.13,11.27,10.4315,10.63,3,5.831521047427155,20,1,1,1,1,0
NMRA,Medical,Medical - Biomedical and Genetics,30__1,30,1.0,5. p99_trade_value,162000.0,719250.0,O:NMRA250117P00005000,NMRA,P,5.0,2025-01-17,231,0,313,1.45,1735227299177000000,2607,378015.0,2024-12-26,3000,30,True,Single Leg Floor Trade,Medical,Medical - Biomedical and Genetics,10.69,11.48,10.61,11.34,5,5.577509033403304,20,1,1,1,1,0
NMRA,Medical,Medical - Biomedical and Genetics,30__1,30,1.0,5. p99_trade_value,162000.0,719250.0,O:NMRA250117P00005000,NMRA,P,5.0,2025-01-17,231,0,313,1.5,1735312427393000000,4795,719250.0,2024-12-27,3000,30,True,Single Leg Floor Trade,Medical,Medical - Biomedical and Genetics,11.26,11.57,10.9684,11.33,2,5.856879870562364,20,1,1,1,1,0
NRXP,Medical,Medical - Drugs,5__0,5,0.0,1. p999999_trade_value,11519.999999999998,11519.999999999998,O:NRXP250117C00005000,NRXP,C,5.0,2025-01-17,209,0,325,0.18,1736521768786000000,640,11519.999999999998,2025-01-10,3000,30,True,Automatic Execution,Medical,Medical - Drugs,3.76,4.92,3.72,4.85,1,4.061452479087193,20,1,1,0,0,0
NUVB,Medical,Medical - Biomedical and Genetics,0__2,0,2.0,1. p999999_trade_value,3500.0,3500.0,O:NUVB250620C00002500,NUVB,C,2.5,2025-06-20,209,0,308,0.25,1748451667112000000,140,3500.0,2025-05-28,3000,30,True,Automatic Execution,Medical,Medical - Biomedical and Genetics,2.25,2.35,2.135,2.2,1,3.5440680443502757,20,1,1,0,0,0
NVCT,Medical,Medical - Biomedical and Genetics,10__0,10,0.0,1. p999999_trade_value,6500.0,6500.0,O:NVCT250417C00010000,NVCT,C,10.0,2025-04-17,209,0,313,1.3,1742308424764000000,50,6500.0,2025-03-18,3000,30,True,Automatic Execution,Medical,Medical - Biomedical and Genetics,9.5,9.5,8.81,9.44,1,3.8129133566428557,20,1,1,0,0,0
OCUL,Medical,Medical - Drugs,10__0,10,0.0,1. p999999_trade_value,47150.0,47150.0,O:OCUL250321C00007500,OCUL,C,7.5,2025-03-21,229,0,308,0.25,1740419039484000000,1886,47150.0,2025-02-24,3000,30,True,Single Leg Cross Non ISO,Medical,Medical - Drugs,6.99,7.08,6.7,6.73,1,4.673481697073347,20,1,1,1,1,0
ONC,Medical,Medical - Drugs,15__0,15,0.0,8. p75_trade_value,8400.0,18900.0,O:ONC250221C00230000,ONC,C,230.0,2025-02-21,209,0,316,4.5,1739472790562000000,42,18900.0,2025-02-13,3000,30,True,Automatic Execution,Medical,Medical - Drugs,218.6,226.33,218.51,225.49,4,4.276461804173244,20,2,1,1,1,0
ONC,Medical,Medical - Drugs,15__0,15,0.0,8. p75_trade_value,8400.0,18900.0,O:ONC250321C00250000,ONC,C,250.0,2025-03-21,209,0,320,8.5,1740071271475000000,13,11050.0,2025-02-20,3000,30,True,Automatic Execution,Medical,Medical - Drugs,237.12,246.8,237.12,244.2,5,4.04336227802113,20,3,1,1,1,0
ONC,Medical,Medical - Drugs,15__0,15,0.0,8. p75_trade_value,8400.0,18900.0,O:ONC250321C00250000,ONC,C,250.0,2025-03-21,209,0,301,8.4,1740071143049000000,10,8400.0,2025-02-20,3000,30,True,Automatic Execution,Medical,Medical - Drugs,237.12,246.8,237.12,244.2,8,3.9242792860618816,20,4,1,1,1,0
ONC,Medical,Medical - Drugs,15__0,15,0.0,8. p75_trade_value,8400.0,18900.0,O:ONC250321C00250000,ONC,C,250.0,2025-03-21,209,0,322,8.5,1740071278743000000,12,10200.0,2025-02-20,3000,30,True,Automatic Execution,Medical,Medical - Drugs,237.12,246.8,237.12,244.2,6,4.008600171761918,20,3,1,1,1,0
ONC,Medical,Medical - Drugs,15__0,15,0.0,7. p90_trade_value,33500.0,33500.0,O:ONC250417P00260000,ONC,P,260.0,2025-04-17,209,0,323,6.7,1743168621178000000,50,33500.0,2025-03-28,3000,30,True,Automatic Execution,Medical,Medical - Drugs,269.0,274.0,265.58,267.39,3,4.525044807036846,20,2,1,1,1,0
ONC,Medical,Medical - Drugs,15__0,15,0.0,1. p999999_trade_value,37500.0,37500.0,O:ONC250516P00230000,ONC,P,230.0,2025-05-16,209,0,313,5.0,1745856578013000000,75,37500.0,2025-04-28,3000,30,True,Automatic Execution,Medical,Medical - Drugs,247.67,255.64,247.67,249.46,2,4.574031267727719,20,1,1,1,1,0
ONC,Medical,Medical - Drugs,15__0,15,0.0,1. p999999_trade_value,37500.0,37500.0,O:ONC250516P00230000,ONC,P,230.0,2025-05-16,209,0,313,5.0,1745855318306000000,75,37500.0,2025-04-28,3000,30,True,Automatic Execution,Medical,Medical - Drugs,247.67,255.64,247.67,249.46,1,4.574031267727719,20,1,1,1,1,0
ONC,Medical,Medical - Drugs,15__0,15,0.0,8. p75_trade_value,8400.0,18900.0,O:ONC250620C00250000,ONC,C,250.0,2025-06-20,209,0,325,9.5,1748531692301000000,10,9500.0,2025-05-29,3000,30,True,Automatic Execution,Medical,Medical - Drugs,243.12,248.08,242.745,246.68,7,3.9777236052888476,20,4,1,0,0,0
ORGO,Medical,Medical - Drugs,10__0,10,0.0,8. p75_trade_value,4950.0,4950.0,O:ORGO250321P00005000,ORGO,P,5.0,2025-03-21,209,0,308,0.3,1741012282491000000,165,4950.0,2025-03-03,3000,30,True,Automatic Execution,Medical,Medical - Drugs,5.99,6.71,5.335,5.41,2,3.694605198933569,20,2,1,1,1,0
ORGO,Medical,Medical - Drugs,10__0,10,0.0,1. p999999_trade_value,6000.0,6000.0,O:ORGO250321P00005000,ORGO,P,5.0,2025-03-21,209,0,325,0.3,1741616979380000000,200,6000.0,2025-03-10,3000,30,True,Automatic Execution,Medical,Medical - Drugs,5.16,5.31,5.045,5.13,1,3.7781512503836434,20,1,1,1,1,0
ORIC,Medical,Medical - Biomedical and Genetics,15__0,15,0.0,1. p999999_trade_value,60000.0,60000.0,O:ORIC241115C00010000,ORIC,C,10.0,2024-11-15,231,0,301,0.6,1730309062982000000,1000,60000.0,2024-10-30,3000,30,True,Single Leg Floor Trade,Medical,Medical - Biomedical and Genetics,8.94,9.77,8.94,9.42,1,4.778151250383644,20,1,1,0,0,0
PACB,Medical,Medical - Instruments,20__0,20,0.0,6. p95_trade_value,19120.0,31140.000000000004,O:PACB240920C00002000,PACB,C,2.0,2024-09-20,209,0,323,0.1,1725997846124000000,2063,20630.0,2024-09-10,3000,30,True,Automatic Execution,Medical,Medical - Instruments,1.7,1.75,1.59,1.74,3,4.314499227973152,20,1,1,1,0,0
PACB,Medical,Medical - Instruments,20__0,20,0.0,8. p75_trade_value,7180.0,17500.0,O:PACB241115C00003000,PACB,C,3.0,2024-11-15,209,0,309,0.05,1731007438217000000,1436,7180.0,2024-11-07,3000,30,True,Automatic Execution,Medical,Medical - Instruments,2.71,2.72,2.38,2.45,17,3.8561244442423,20,5,0,0,0,1
PACB,Medical,Medical - Instruments,20__0,20,0.0,7. p90_trade_value,17505.0,18000.0,O:PACB241115P00002000,PACB,P,2.0,2024-11-15,231,0,313,0.1,1731004129976000000,1800,18000.0,2024-11-07,3000,30,True,Single Leg Floor Trade,Medical,Medical - Instruments,2.71,2.72,2.38,2.45,5,4.2552725051033065,20,2,1,1,1,0
PACB,Medical,Medical - Instruments,20__0,20,0.0,7. p90_trade_value,17505.0,18000.0,O:PACB241220C00002000,PACB,C,2.0,2024-12-20,209,0,300,0.15,1732545043201000000,1167,17505.0,2024-11-25,3000,30,True,Automatic Execution,Medical,Medical - Instruments,1.87,1.96,1.84,1.85,7,4.243162115101051,20,2,1,1,0,0
PACB,Medical,Medical - Instruments,20__0,20,0.0,8. p75_trade_value,7180.0,17500.0,O:PACB250117C00002000,PACB,C,2.0,2025-01-17,209,0,309,0.2,1735677475209000000,473,9460.0,2024-12-31,3000,30,True,Automatic Execution,Medical,Medical - Instruments,1.81,1.835,1.73,1.83,13,3.975891136401793,20,4,1,0,0,0
PACB,Medical,Medical - Instruments,20__0,20,0.0,6. p95_trade_value,19120.0,31140.000000000004,O:PACB250117C00002000,PACB,C,2.0,2025-01-17,209,0,309,0.2,1735674799956000000,1557,31140.000000000004,2024-12-31,3000,30,True,Automatic Execution,Medical,Medical - Instruments,1.81,1.835,1.73,1.83,2,4.4933186082321015,20,1,1,0,0,0
PACB,Medical,Medical - Instruments,20__0,20,0.0,6. p95_trade_value,19120.0,31140.000000000004,O:PACB250117C00002000,PACB,C,2.0,2025-01-17,209,0,323,0.2,1735677475209000000,956,19120.0,2024-12-31,3000,30,True,Automatic Execution,Medical,Medical - Instruments,1.81,1.835,1.73,1.83,4,4.281487887940081,20,1,1,0,0,0
PACB,Medical,Medical - Instruments,20__0,20,0.0,8. p75_trade_value,7180.0,17500.0,O:PACB250117C00002000,PACB,C,2.0,2025-01-17,209,0,308,0.2,1735828266114000000,839,16780.0,2025-01-02,3000,30,True,Automatic Execution,Medical,Medical - Instruments,1.85,1.885,1.76,1.8,9,4.224791956492681,20,3,1,0,0,0
PACB,Medical,Medical - Instruments,20__0,20,0.0,7. p90_trade_value,17505.0,18000.0,O:PACB250221C00002000,PACB,C,2.0,2025-02-21,227,0,301,0.2,1737567581567000000,896,17920.0,2025-01-22,3000,30,True,Single Leg Auction Non ISO,Medical,Medical - Instruments,1.72,1.87,1.69,1.81,6,4.253338005326106,20,2,1,0,0,0
PACB,Medical,Medical - Instruments,20__0,20,0.0,8. p75_trade_value,7180.0,17500.0,O:PACB250221C00002000,PACB,C,2.0,2025-02-21,209,0,302,0.2,1737567581579000000,488,9760.0,2025-01-22,3000,30,True,Automatic Execution,Medical,Medical - Instruments,1.72,1.87,1.69,1.81,12,3.9894498176666917,20,3,1,0,0,0
PACB,Medical,Medical - Instruments,20__0,20,0.0,8. p75_trade_value,7180.0,17500.0,O:PACB250221C00002000,PACB,C,2.0,2025-02-21,209,0,316,0.2,1737567581579000000,376,7520.0,2025-01-22,3000,30,True,Automatic Execution,Medical,Medical - Instruments,1.72,1.87,1.69,1.81,14,3.876217840591642,20,4,1,0,0,0
PACB,Medical,Medical - Instruments,20__0,20,0.0,8. p75_trade_value,7180.0,17500.0,O:PACB250221C00002000,PACB,C,2.0,2025-02-21,209,0,316,0.05,1738593065553000000,1446,7230.0,2025-02-03,3000,30,True,Automatic Execution,Medical,Medical - Instruments,1.5,1.5093,1.4,1.46,15,3.859138297294531,20,4,1,0,0,0
PACB,Medical,Medical - Instruments,20__0,20,0.0,1. p999999_trade_value,54000.0,54000.0,O:PACB250221C00001500,PACB,C,1.5,2025-02-21,234,0,300,0.06,1739297828024000000,9000,54000.0,2025-02-11,3000,30,True,Multi Leg Cross,Medical,Medical - Instruments,1.37,1.43,1.32,1.33,1,4.732393759822968,20,1,1,1,1,0
PACB,Medical,Medical - Instruments,20__0,20,0.0,8. p75_trade_value,7180.0,17500.0,O:PACB250321C00002000,PACB,C,2.0,2025-03-21,209,0,319,0.2,1739977312468000000,716,14320.000000000002,2025-02-19,3000,30,True,Automatic Execution,Medical,Medical - Instruments,1.84,1.95,1.75,1.77,10,4.155943017971837,20,3,0,0,0,1
PACB,Medical,Medical - Instruments,20__0,20,0.0,8. p75_trade_value,7180.0,17500.0,O:PACB250321P00001500,PACB,P,1.5,2025-03-21,231,0,323,0.15,1740072464226000000,480,7200.0,2025-02-20,3000,30,True,Single Leg Floor Trade,Medical,Medical - Instruments,1.75,1.86,1.58,1.64,16,3.8573324964312685,20,4,1,1,1,0
PACB,Medical,Medical - Instruments,20__0,20,0.0,8. p75_trade_value,7180.0,17500.0,O:PACB250321P00001500,PACB,P,1.5,2025-03-21,231,0,323,0.15,1740067018356000000,900,13500.0,2025-02-20,3000,30,True,Single Leg Floor Trade,Medical,Medical - Instruments,1.75,1.86,1.58,1.64,11,4.1303337684950066,20,3,1,1,1,0
PACB,Medical,Medical - Instruments,20__0,20,0.0,8. p75_trade_value,7180.0,17500.0,O:PACB250417C00003000,PACB,C,3.0,2025-04-17,235,0,323,0.05,1743778407333000000,3500,17500.0,2025-04-04,3000,30,True,Multi Leg floor trade,Medical,Medical - Instruments,1.15,1.24,1.14,1.23,8,4.243038048686294,20,2,0,0,0,1
PBH,Medical,Medical - Products,5__0,5,0.0,1. p999999_trade_value,7500.0,7500.0,O:PBH250516C00085000,PBH,C,85.0,2025-05-16,209,0,313,1.5,1746635884763000000,50,7500.0,2025-05-07,3000,30,True,Automatic Execution,Medical,Medical - Products,81.64,82.29,80.99,81.41,1,3.8750612633917,20,1,1,1,1,0
PCRX,Medical,Medical - Biomedical and Genetics,15__0,15,0.0,1. p999999_trade_value,200000.0,200000.0,O:PCRX250117C00020000,PCRX,C,20.0,2025-01-17,235,0,301,2.0,1734715275086000000,1000,200000.0,2024-12-20,3000,30,True,Multi Leg floor trade,Medical,Medical - Biomedical and Genetics,19.07,19.8,18.73,18.98,1,5.301029995663981,20,1,1,1,1,0
PCVX,Medical,Medical - Biomedical and Genetics,25__0,25,0.0,1. p999999_trade_value,329000.0,329000.0,O:PCVX250417P00070000,PCVX,P,70.0,2025-04-17,240,0,302,6.58,1742931001078000000,500,329000.0,2025-03-25,3000,30,True,Stock Options auto-electronic trade,Medical,Medical - Biomedical and Genetics,73.76,73.76,71.13,71.9,1,5.517195897949974,20,1,1,1,1,0
PEN,Medical,Medical - Instruments,25__0,25,0.0,1. p999999_trade_value,625000.0,625000.0,O:PEN250221C00280000,PEN,C,280.0,2025-02-21,235,0,323,12.5,1737566768056000000,500,625000.0,2025-01-22,3000,30,True,Multi Leg floor trade,Medical,Medical - Instruments,267.43,277.89,266.23,275.84,1,5.795880017344075,20,1,1,1,1,0
PEPG,Medical,Medical - Biomedical and Genetics,10__0,10,0.0,8. p75_trade_value,9980.000000000002,9980.000000000002,O:PEPG250321P00002000,PEPG,P,2.0,2025-03-21,209,0,304,0.2,1740763252712000000,499,9980.000000000002,2025-02-28,3000,30,True,Automatic Execution,Medical,Medical - Biomedical and Genetics,2.43,3.17,2.21,3.15,2,3.999130541287371,20,2,1,1,1,0
PEPG,Medical,Medical - Biomedical and Genetics,10__0,10,0.0,1. p999999_trade_value,11235.0,11235.0,O:PEPG250321P00002000,PEPG,P,2.0,2025-03-21,227,0,302,0.15,1740763779410000000,749,11235.0,2025-02-28,3000,30,True,Single Leg Auction Non ISO,Medical,Medical - Biomedical and Genetics,2.43,3.17,2.21,3.15,1,4.050573076755148,20,1,1,1,1,0
PGEN,Medical,Medical - Biomedical and Genetics,5__3,5,3.0,1. p999999_trade_value,14000.0,14000.0,O:PGEN250321C00002000,PGEN,C,2.0,2025-03-21,209,0,308,0.2,1740408713647000000,700,14000.0,2025-02-24,3000,30,True,Automatic Execution,Medical,Medical - Biomedical and Genetics,1.92,1.925,1.74,1.75,1,4.146128035678238,20,1,1,0,0,0
PLSE,Medical,Medical - Instruments,15__0,15,0.0,7. p90_trade_value,8550.0,8550.0,O:PLSE240920P00018000,PLSE,P,18.0,2024-09-20,209,0,308,1.9,1724787845434000000,45,8550.0,2024-08-27,3000,30,True,Automatic Execution,Medical,Medical - Instruments,20.43,21.04,18.15,18.34,2,3.931966114728173,20,2,1,1,1,0
PLSE,Medical,Medical - Instruments,15__0,15,0.0,8. p75_trade_value,5649.999999999999,8200.0,O:PLSE240920C00020000,PLSE,C,20.0,2024-09-20,232,0,308,1.15,1724862700658000000,50,5749.999999999999,2024-08-28,3000,30,True,Multi Leg auto-electronic trade,Medical,Medical - Instruments,18.5,19.09,18.11,18.29,4,3.7596678446896306,20,4,1,0,0,0
PLSE,Medical,Medical - Instruments,15__0,15,0.0,8. p75_trade_value,5649.999999999999,8200.0,O:PLSE240920C00020000,PLSE,C,20.0,2024-09-20,232,0,312,1.13,1724864592615000000,50,5649.999999999999,2024-08-28,3000,30,True,Multi Leg auto-electronic trade,Medical,Medical - Instruments,18.5,19.09,18.11,18.29,5,3.7520484478194382,20,5,1,0,0,0
PLSE,Medical,Medical - Instruments,15__0,15,0.0,1. p999999_trade_value,10000.0,10000.0,O:PLSE250620C00018000,PLSE,C,18.0,2025-06-20,209,0,308,1.0,1748028303068000000,100,10000.0,2025-05-23,3000,30,True,Automatic Execution,Medical,Medical - Instruments,16.56,17.16,16.56,16.89,1,4.0,20,1,1,0,0,0
PLSE,Medical,Medical - Instruments,15__0,15,0.0,8. p75_trade_value,5649.999999999999,8200.0,O:PLSE250620C00018000,PLSE,C,18.0,2025-06-20,227,0,323,0.41,1749482278813000000,200,8200.0,2025-06-09,3000,30,True,Single Leg Auction Non ISO,Medical,Medical - Instruments,17.33,17.425,16.53,17.29,3,3.9138138523837167,20,3,0,0,0,1
PPBT,Medical,Medical - Biomedical and Genetics,5__0,5,0.0,1. p999999_trade_value,5600.0,5600.0,O:PPBT241220P00005000,PPBT,P,5.0,2024-12-20,227,0,323,0.7,1733236726881000000,80,5600.0,2024-12-03,3000,30,True,Single Leg Auction Non ISO,Medical,Medical - Biomedical and Genetics,6.12,6.81,5.31,6.57,1,3.7481880270062002,20,1,1,1,1,0
PRCT,Medical,Medical - Instruments,25__0,25,0.0,1. p999999_trade_value,802000.0,802000.0,O:PRCT250321P00060000,PRCT,P,60.0,2025-03-21,235,0,301,4.01,1740156502046000000,2000,802000.0,2025-02-21,3000,30,True,Multi Leg floor trade,Medical,Medical - Instruments,66.14,67.24,62.1,62.25,1,5.904174368284163,20,1,1,1,1,0
PRGO,Medical,Medical - Products,15__1,15,1.0,6. p95_trade_value,372900.0,436000.0,O:PRGO241115C00027500,PRGO,C,27.5,2024-11-15,233,0,300,1.09,1729536194457000000,4000,436000.0,2024-10-21,3000,30,True,Multi Leg Auction,Medical,Medical - Products,25.21,26.075,25.21,25.85,2,5.639486489268586,20,1,1,0,0,0
PRGO,Medical,Medical - Products,15__1,15,1.0,1. p999999_trade_value,1200000.0,1200000.0,O:PRGO250321C00025000,PRGO,C,25.0,2025-03-21,235,0,323,1.2,1739985246606000000,10000,1200000.0,2025-02-19,3000,30,True,Multi Leg floor trade,Medical,Medical - Products,24.08,24.84,23.8603,24.8,1,6.079181246047625,20,1,1,1,1,0
PRGO,Medical,Medical - Products,15__1,15,1.0,6. p95_trade_value,372900.0,436000.0,O:PRGO250321C00030000,PRGO,C,30.0,2025-03-21,235,0,323,0.75,1740758052911000000,4972,372900.0,2025-02-28,3000,30,True,Multi Leg floor trade,Medical,Medical - Products,27.65,29.53,27.23,29.0,3,5.571592383361307,20,1,1,0,0,0
QGEN,Medical,Medical - Biomedical and Genetics,20__1,20,1.0,8. p75_trade_value,12000.0,45900.0,O:QGEN240920P00045000,QGEN,P,45.0,2024-09-20,231,0,302,0.85,1726061559167000000,396,33660.0,2024-09-11,3000,30,True,Single Leg Floor Trade,Medical,Medical - Biomedical and Genetics,45.77,46.04,45.495,45.84,11,4.527114111639805,20,3,1,1,1,0
QGEN,Medical,Medical - Biomedical and Genetics,20__1,20,1.0,7. p90_trade_value,67500.0,78920.0,O:QGEN241018C00045000,QGEN,C,45.0,2024-10-18,231,0,313,0.9,1728497734061000000,750,67500.0,2024-10-09,3000,30,True,Single Leg Floor Trade,Medical,Medical - Biomedical and Genetics,43.74,44.45,43.63,44.45,7,4.829303772831025,20,2,0,0,0,1
QGEN,Medical,Medical - Biomedical and Genetics,20__1,20,1.0,8. p75_trade_value,12000.0,45900.0,O:QGEN241018C00045000,QGEN,C,45.0,2024-10-18,231,0,301,0.8,1728483020794000000,250,20000.0,2024-10-09,3000,30,True,Single Leg Floor Trade,Medical,Medical - Biomedical and Genetics,43.74,44.45,43.63,44.45,14,4.301029995663981,20,4,0,0,0,1
QGEN,Medical,Medical - Biomedical and Genetics,20__1,20,1.0,6. p95_trade_value,208208.0,226435.0,O:QGEN241115C00045000,QGEN,C,45.0,2024-11-15,231,0,313,1.15,1729274248166000000,1969,226435.0,2024-10-18,3000,30,True,Single Leg Floor Trade,Medical,Medical - Biomedical and Genetics,42.81,43.0,42.63,43.0,2,5.35494355649173,20,1,1,0,0,0
QGEN,Medical,Medical - Biomedical and Genetics,20__1,20,1.0,8. p75_trade_value,12000.0,45900.0,O:QGEN241115C00045000,QGEN,C,45.0,2024-11-15,231,0,300,0.6,1730144270220000000,500,30000.0,2024-10-28,3000,30,True,Single Leg Floor Trade,Medical,Medical - Biomedical and Genetics,42.08,42.17,41.74,41.8,12,4.477121254719663,20,3,1,0,0,0
QGEN,Medical,Medical - Biomedical and Genetics,20__1,20,1.0,7. p90_trade_value,67500.0,78920.0,O:QGEN241115C00045000,QGEN,C,45.0,2024-11-15,231,0,323,0.4,1730906594491000000,1973,78920.0,2024-11-06,3000,30,True,Single Leg Floor Trade,Medical,Medical - Biomedical and Genetics,43.02,44.06,42.71,43.87,5,4.8971870765801535,20,2,1,0,0,0
QGEN,Medical,Medical - Biomedical and Genetics,20__1,20,1.0,1. p999999_trade_value,476595.0,476595.0,O:QGEN241115C00045000,QGEN,C,45.0,2024-11-15,231,0,313,1.05,1730926177279000000,4539,476595.0,2024-11-06,3000,30,True,Single Leg Floor Trade,Medical,Medical - Biomedical and Genetics,43.02,44.06,42.71,43.87,1,5.678149481812787,20,1,1,0,0,0
QGEN,Medical,Medical - Biomedical and Genetics,20__1,20,1.0,7. p90_trade_value,67500.0,78920.0,O:QGEN241115C00045000,QGEN,C,45.0,2024-11-15,231,0,323,0.75,1730922466882000000,1000,75000.0,2024-11-06,3000,30,True,Single Leg Floor Trade,Medical,Medical - Biomedical and Genetics,43.02,44.06,42.71,43.87,6,4.8750612633917,20,2,1,0,0,0
QGEN,Medical,Medical - Biomedical and Genetics,20__1,20,1.0,8. p75_trade_value,12000.0,45900.0,O:QGEN241115C00045000,QGEN,C,45.0,2024-11-15,227,0,308,0.1,1731433672427000000,4590,45900.0,2024-11-12,3000,30,True,Single Leg Auction Non ISO,Medical,Medical - Biomedical and Genetics,43.88,43.99,43.23,43.23,8,4.661812685537261,20,2,0,0,0,1
QGEN,Medical,Medical - Biomedical and Genetics,20__1,20,1.0,8. p75_trade_value,12000.0,45900.0,O:QGEN241220C00045000,QGEN,C,45.0,2024-12-20,227,0,312,0.45,1732127222483000000,294,13230.000000000002,2024-11-20,3000,30,True,Single Leg Auction Non ISO,Medical,Medical - Biomedical and Genetics,40.63,42.42,40.48,42.09,15,4.121559844187501,20,4,1,0,0,0
QGEN,Medical,Medical - Biomedical and Genetics,20__1,20,1.0,8. p75_trade_value,12000.0,45900.0,O:QGEN1250221P00040000,QGEN,P,40.0,2025-02-21,235,0,313,0.36,1738769053866000000,1183,42588.0,2025-02-05,3000,30,True,Multi Leg floor trade,Medical,Medical - Biomedical and Genetics,43.93,44.03,43.35,43.8,9,4.629287245395218,20,3,1,1,1,0
QGEN,Medical,Medical - Biomedical and Genetics,20__1,20,1.0,6. p95_trade_value,208208.0,226435.0,O:QGEN1250221P00040000,QGEN,P,40.0,2025-02-21,235,0,313,1.76,1738769140791000000,1183,208208.0,2025-02-05,3000,30,True,Multi Leg floor trade,Medical,Medical - Biomedical and Genetics,43.93,44.03,43.35,43.8,4,5.31849741244208,20,1,1,1,1,0
QGEN,Medical,Medical - Biomedical and Genetics,20__1,20,1.0,6. p95_trade_value,208208.0,226435.0,O:QGEN1250221P00040000,QGEN,P,40.0,2025-02-21,235,0,313,1.76,1738768530249000000,1183,208208.0,2025-02-05,3000,30,True,Multi Leg floor trade,Medical,Medical - Biomedical and Genetics,43.93,44.03,43.35,43.8,3,5.31849741244208,20,1,1,1,1,0
QGEN,Medical,Medical - Biomedical and Genetics,20__1,20,1.0,8. p75_trade_value,12000.0,45900.0,O:QGEN250321C00040000,QGEN,C,40.0,2025-03-21,209,0,308,1.2,1739990985732000000,100,12000.0,2025-02-19,3000,30,True,Automatic Execution,Medical,Medical - Biomedical and Genetics,39.36,39.42,39.02,39.22,16,4.079181246047625,20,5,1,0,0,0
QGEN,Medical,Medical - Biomedical and Genetics,20__1,20,1.0,8. p75_trade_value,12000.0,45900.0,O:QGEN250321C00040000,QGEN,C,40.0,2025-03-21,209,0,320,0.95,1740065845833000000,250,23750.0,2025-02-20,3000,30,True,Automatic Execution,Medical,Medical - Biomedical and Genetics,39.2,39.43,38.49,38.57,13,4.375663613960885,20,4,1,0,0,0
QGEN,Medical,Medical - Biomedical and Genetics,20__1,20,1.0,8. p75_trade_value,12000.0,45900.0,O:QGEN250417C00040000,QGEN,C,40.0,2025-04-17,231,0,313,0.9,1742572701383000000,376,33840.0,2025-03-21,3000,30,True,Single Leg Floor Trade,Medical,Medical - Biomedical and Genetics,39.25,39.75,39.17,39.66,10,4.529430354366986,20,3,1,1,1,0
QURE,Medical,Medical - Biomedical and Genetics,25__0,25,0.0,1. p999999_trade_value,60000.0,60000.0,O:QURE250620P00014000,QURE,P,14.0,2025-06-20,209,0,308,1.2,1747834678849000000,500,60000.0,2025-05-21,3000,30,True,Automatic Execution,Medical,Medical - Biomedical and Genetics,15.04,16.0,14.83,15.5,1,4.778151250383644,20,1,1,0,0,0
RAPP,Medical,Medical - Biomedical and Genetics,0__0,0,0.0,1. p999999_trade_value,10000.0,10000.0,O:RAPP250620P00010000,RAPP,P,10.0,2025-06-20,209,0,308,1.0,1748030205096000000,100,10000.0,2025-05-23,3000,30,True,Automatic Execution,Medical,Medical - Biomedical and Genetics,10.91,11.8171,10.75,10.82,1,4.0,20,1,1,0,0,0
RARE,Medical,Medical - Biomedical and Genetics,15__0,15,0.0,1. p999999_trade_value,185000.0,185000.0,O:RARE250117C00045000,RARE,C,45.0,2025-01-17,235,0,301,3.7,1734622453312000000,500,185000.0,2024-12-19,3000,30,True,Multi Leg floor trade,Medical,Medical - Biomedical and Genetics,42.96,44.0,41.45,43.47,1,5.267171728403014,20,1,1,0,0,0
RCUS,Medical,Medical - Biomedical and Genetics,15__0,15,0.0,1. p999999_trade_value,73500.0,73500.0,O:RCUS241115P00017500,RCUS,P,17.5,2024-11-15,235,0,301,2.45,1729274813768000000,300,73500.0,2024-10-18,3000,30,True,Multi Leg floor trade,Medical,Medical - Biomedical and Genetics,18.35,18.635,18.11,18.44,1,4.866287339084195,20,1,1,1,1,0
RCUS,Medical,Medical - Biomedical and Genetics,15__0,15,0.0,6. p95_trade_value,49335.0,49335.0,O:RCUS241115P00015000,RCUS,P,15.0,2024-11-15,233,0,312,1.65,1729523814114000000,299,49335.0,2024-10-21,3000,30,True,Multi Leg Auction,Medical,Medical - Biomedical and Genetics,17.95,18.12,16.46,16.97,2,4.693155132538336,20,1,1,1,0,0
REGN,Medical,Medical - Biomedical and Genetics,35__0,35,0.0,1. p999999_trade_value,683100.0,683100.0,O:REGN250516P00550000,REGN,P,550.0,2025-05-16,235,0,313,6.9,1746028193065000000,990,683100.0,2025-04-30,3000,30,True,Multi Leg floor trade,Medical,Medical - Biomedical and Genetics,579.26,600.2,566.985,598.76,1,5.834484285334805,20,1,1,0,0,0
REPL,Medical,Medical - Biomedical and Genetics,20__2,20,2.0,1. p999999_trade_value,275000.0,275000.0,O:REPL250620C00010000,REPL,C,10.0,2025-06-20,229,0,302,0.55,1747922020305000000,5000,275000.0,2025-05-22,3000,30,True,Single Leg Cross Non ISO,Medical,Medical - Biomedical and Genetics,8.8,9.85,8.213,8.76,1,5.439332693830263,20,1,1,0,0,0
RGLS,Medical,Medical - Drugs,15__0,15,0.0,6. p95_trade_value,13929.999999999998,13929.999999999998,O:RGLS250516C00004000,RGLS,C,4.0,2025-05-16,209,0,315,0.35,1745853592474000000,398,13929.999999999998,2025-04-28,3000,30,True,Automatic Execution,Medical,Medical - Drugs,2.78,3.73,2.7575,3.49,2,4.143951116423963,20,1,1,1,1,0
RGLS,Medical,Medical - Drugs,15__0,15,0.0,8. p75_trade_value,7600.0,10335.0,O:RGLS250516C00004000,RGLS,C,4.0,2025-05-16,209,0,308,0.15,1745847939039000000,689,10335.0,2025-04-28,3000,30,True,Automatic Execution,Medical,Medical - Drugs,2.78,3.73,2.7575,3.49,4,4.0143104809633074,20,2,1,1,1,0
RGLS,Medical,Medical - Drugs,15__0,15,0.0,1. p999999_trade_value,17675.0,17675.0,O:RGLS250516C00004000,RGLS,C,4.0,2025-05-16,209,0,316,0.35,1745853592486000000,505,17675.0,2025-04-28,3000,30,True,Automatic Execution,Medical,Medical - Drugs,2.78,3.73,2.7575,3.49,1,4.247359422468937,20,1,1,1,1,0
RGLS,Medical,Medical - Drugs,15__0,15,0.0,8. p75_trade_value,7600.0,10335.0,O:RGLS250516C00004000,RGLS,C,4.0,2025-05-16,209,0,320,0.4,1745936062357000000,200,8000.0,2025-04-29,3000,30,True,Automatic Execution,Medical,Medical - Drugs,3.5,3.597,3.212,3.37,5,3.9030899869919438,20,3,1,1,1,0
RGLS,Medical,Medical - Drugs,15__0,15,0.0,8. p75_trade_value,7600.0,10335.0,O:RGLS250516C00004000,RGLS,C,4.0,2025-05-16,227,0,302,0.4,1745935923571000000,190,7600.0,2025-04-29,3000,30,True,Single Leg Auction Non ISO,Medical,Medical - Drugs,3.5,3.597,3.212,3.37,6,3.8808135922807914,20,4,1,1,1,0
RGLS,Medical,Medical - Drugs,15__0,15,0.0,7. p90_trade_value,12400.0,12400.0,O:RGLS250516C00004000,RGLS,C,4.0,2025-05-16,209,0,312,0.4,1745935923471000000,310,12400.0,2025-04-29,3000,30,True,Automatic Execution,Medical,Medical - Drugs,3.5,3.597,3.212,3.37,3,4.093421685162235,20,2,1,1,1,0
RGNX,Medical,Medical - Biomedical and Genetics,10__0,10,0.0,7. p90_trade_value,4950.000000000001,4950.000000000001,O:RGNX241220C00010000,RGNX,C,10.0,2024-12-20,209,0,312,0.55,1733238927271000000,90,4950.000000000001,2024-12-03,3000,30,True,Automatic Execution,Medical,Medical - Biomedical and Genetics,9.84,9.9,9.13,9.3,2,3.694605198933569,20,2,1,0,0,0
RGNX,Medical,Medical - Biomedical and Genetics,10__0,10,0.0,1. p999999_trade_value,9625.000000000002,9625.000000000002,O:RGNX241220C00010000,RGNX,C,10.0,2024-12-20,209,0,308,0.55,1733239118487000000,175,9625.000000000002,2024-12-03,3000,30,True,Automatic Execution,Medical,Medical - Biomedical and Genetics,9.84,9.9,9.13,9.3,1,3.9834007381805385,20,1,1,0,0,0
RGNX,Medical,Medical - Biomedical and Genetics,10__0,10,0.0,8. p75_trade_value,4000.0,4000.0,O:RGNX250221P00007500,RGNX,P,7.5,2025-02-21,209,0,320,0.4,1738344829165000000,100,4000.0,2025-01-31,3000,30,True,Automatic Execution,Medical,Medical - Biomedical and Genetics,7.95,8.63,7.68,8.07,4,3.6020599913279625,20,4,1,1,1,0
RGNX,Medical,Medical - Biomedical and Genetics,10__0,10,0.0,8. p75_trade_value,4000.0,4000.0,O:RGNX250221P00007500,RGNX,P,7.5,2025-02-21,227,0,323,0.4,1738344863090000000,100,4000.0,2025-01-31,3000,30,True,Single Leg Auction Non ISO,Medical,Medical - Biomedical and Genetics,7.95,8.63,7.68,8.07,5,3.6020599913279625,20,5,1,1,1,0
RGNX,Medical,Medical - Biomedical and Genetics,10__0,10,0.0,8. p75_trade_value,4000.0,4000.0,O:RGNX250516C00010000,RGNX,C,10.0,2025-05-16,209,0,303,0.4,1746021105190000000,100,4000.0,2025-04-30,3000,30,True,Automatic Execution,Medical,Medical - Biomedical and Genetics,9.18,9.72,9.01,9.61,3,3.6020599913279625,20,3,1,0,0,0
RIGL,Medical,Medical - Drugs,10__0,10,0.0,1. p999999_trade_value,16560.0,16560.0,O:RIGL250321C00023000,RIGL,C,23.0,2025-03-21,209,0,325,1.8,1740682681726000000,92,16560.0,2025-02-27,3000,30,True,Automatic Execution,Medical,Medical - Drugs,22.64,22.75,21.58,21.78,1,4.219060332448861,20,1,1,0,0,0
RIGL,Medical,Medical - Drugs,10__0,10,0.0,8. p75_trade_value,11726.0,11726.0,O:RIGL250321C00023000,RIGL,C,23.0,2025-03-21,227,0,312,1.43,1740681053156000000,82,11726.0,2025-02-27,3000,30,True,Single Leg Auction Non ISO,Medical,Medical - Drugs,22.64,22.75,21.58,21.78,2,4.069149889848778,20,2,1,0,0,0
RLAY,Medical,Medical - Drugs,10__0,10,0.0,1. p999999_trade_value,20520.0,20520.0,O:RLAY240920P00007500,RLAY,P,7.5,2024-09-20,209,0,313,0.6,1725979006334000000,342,20520.0,2024-09-10,3000,30,True,Automatic Execution,Medical,Medical - Drugs,10.0,10.1263,8.075,9.0,1,4.312177356439778,20,1,1,1,1,0
RLAY,Medical,Medical - Drugs,10__0,10,0.0,8. p75_trade_value,5000.0,8189.999999999999,O:RLAY241220C00005000,RLAY,C,5.0,2024-12-20,209,0,308,0.2,1733159919780000000,250,5000.0,2024-12-02,3000,30,True,Automatic Execution,Medical,Medical - Drugs,4.76,4.81,4.61,4.67,4,3.6989700043360187,20,4,1,0,0,0
RLAY,Medical,Medical - Drugs,10__0,10,0.0,8. p75_trade_value,5000.0,8189.999999999999,O:RLAY250221C00005000,RLAY,C,5.0,2025-02-21,219,0,320,0.3,1737649733860000000,273,8189.999999999999,2025-01-23,3000,30,True,Intermarket Sweep Order,Medical,Medical - Drugs,4.82,4.96,4.615,4.89,3,3.9132839017604186,20,3,1,0,0,0
RLAY,Medical,Medical - Drugs,10__0,10,0.0,7. p90_trade_value,12500.0,12500.0,O:RLAY250221C00005000,RLAY,C,5.0,2025-02-21,231,0,300,0.25,1737731519178000000,500,12500.0,2025-01-24,3000,30,True,Single Leg Floor Trade,Medical,Medical - Drugs,4.75,4.9975,4.605,4.85,2,4.096910013008056,20,2,1,0,0,0
RMD,Medical,Medical - Products,30__2,30,2.0,1. p999999_trade_value,380000.0,380000.0,O:RMD250221C00260000,RMD,C,260.0,2025-02-21,231,0,323,7.6,1738181823097000000,500,380000.0,2025-01-29,3000,30,True,Single Leg Floor Trade,Medical,Medical - Products,249.67,253.5,248.22,252.86,1,5.57978359661681,20,1,1,0,0,0
ROIV,Medical,Medical - Biomedical and Genetics,15__0,15,0.0,1. p999999_trade_value,130000.0,130000.0,O:ROIV241018C00012000,ROIV,C,12.0,2024-10-18,227,0,304,0.26,1727188335263000000,5000,130000.0,2024-09-24,3000,30,True,Single Leg Auction Non ISO,Medical,Medical - Biomedical and Genetics,11.87,11.895,11.45,11.69,1,5.113943352306837,20,1,1,0,0,0
ROIV,Medical,Medical - Biomedical and Genetics,15__0,15,0.0,6. p95_trade_value,92463.0,92463.0,O:ROIV241018C00012000,ROIV,C,12.0,2024-10-18,227,0,304,0.37,1727361164928000000,2499,92463.0,2024-09-26,3000,30,True,Single Leg Auction Non ISO,Medical,Medical - Biomedical and Genetics,11.8,11.93,11.5,11.57,2,4.965967980193445,20,1,1,0,0,0
RPRX,Medical,Medical - Biomedical and Genetics,15__0,15,0.0,8. p75_trade_value,22140.0,49875.0,O:RPRX241115C00032500,RPRX,C,32.5,2024-11-15,227,0,301,0.25,1729271662410000000,1995,49875.0,2024-10-18,3000,30,True,Single Leg Auction Non ISO,Medical,Medical - Biomedical and Genetics,28.12,28.27,27.81,27.98,5,4.697882908694805,20,3,0,0,0,1
RPRX,Medical,Medical - Biomedical and Genetics,15__0,15,0.0,7. p90_trade_value,52320.00000000001,77766.00000000001,O:RPRX250417P00032500,RPRX,P,32.5,2025-04-17,228,0,312,0.4,1742931217146000000,1308,52320.00000000001,2025-03-25,3000,30,True,Single Leg Auction ISO,Medical,Medical - Biomedical and Genetics,33.85,34.14,33.5,33.76,4,4.7186677353162105,20,2,1,1,0,0
RPRX,Medical,Medical - Biomedical and Genetics,15__0,15,0.0,8. p75_trade_value,22140.0,49875.0,O:RPRX250417P00032500,RPRX,P,32.5,2025-04-17,209,0,316,0.45,1742932285047000000,492,22140.0,2025-03-25,3000,30,True,Automatic Execution,Medical,Medical - Biomedical and Genetics,33.85,34.14,33.5,33.76,10,4.345177616542704,20,5,1,1,0,0
RPRX,Medical,Medical - Biomedical and Genetics,15__0,15,0.0,8. p75_trade_value,22140.0,49875.0,O:RPRX250417C00035000,RPRX,C,35.0,2025-04-17,229,0,308,0.6,1743005862719000000,825,49500.0,2025-03-26,3000,30,True,Single Leg Cross Non ISO,Medical,Medical - Biomedical and Genetics,33.49,34.0,31.38,31.56,6,4.694605198933568,20,3,0,0,0,1
RPRX,Medical,Medical - Biomedical and Genetics,15__0,15,0.0,1. p999999_trade_value,128000.0,128000.0,O:RPRX250417P00030000,RPRX,P,30.0,2025-04-17,239,0,302,0.8,1743089631621000000,1600,128000.0,2025-03-27,3000,30,True,Multi Leg floor trade against single leg(s),Medical,Medical - Biomedical and Genetics,31.87,32.25,31.24,31.65,1,5.107209969647869,20,1,1,0,0,0
RPRX,Medical,Medical - Biomedical and Genetics,15__0,15,0.0,7. p90_trade_value,52320.00000000001,77766.00000000001,O:RPRX250417P00030000,RPRX,P,30.0,2025-04-17,228,0,312,0.78,1743087436010000000,997,77766.00000000001,2025-03-27,3000,30,True,Single Leg Auction ISO,Medical,Medical - Biomedical and Genetics,31.87,32.25,31.24,31.65,3,4.890789761002136,20,2,1,0,0,0
RPRX,Medical,Medical - Biomedical and Genetics,15__0,15,0.0,6. p95_trade_value,120000.0,120000.0,O:RPRX250417P00030000,RPRX,P,30.0,2025-04-17,231,0,323,0.6,1743614760147000000,2000,120000.0,2025-04-02,3000,30,True,Single Leg Floor Trade,Medical,Medical - Biomedical and Genetics,31.06,31.36,30.82,31.28,2,5.079181246047625,20,1,1,0,0,0
RPRX,Medical,Medical - Biomedical and Genetics,15__0,15,0.0,8. p75_trade_value,22140.0,49875.0,O:RPRX250417P00030000,RPRX,P,30.0,2025-04-17,231,0,313,0.65,1743793081211000000,600,39000.0,2025-04-04,3000,30,True,Single Leg Floor Trade,Medical,Medical - Biomedical and Genetics,31.3,31.7,30.45,31.11,7,4.5910646070264995,20,4,1,0,0,0
RPRX,Medical,Medical - Biomedical and Genetics,15__0,15,0.0,8. p75_trade_value,22140.0,49875.0,O:RPRX250417P00030000,RPRX,P,30.0,2025-04-17,231,0,313,0.6,1743793081211000000,400,24000.0,2025-04-04,3000,30,True,Single Leg Floor Trade,Medical,Medical - Biomedical and Genetics,31.3,31.7,30.45,31.11,9,4.380211241711606,20,5,1,0,0,0
RPRX,Medical,Medical - Biomedical and Genetics,15__0,15,0.0,8. p75_trade_value,22140.0,49875.0,O:RPRX250417P00030000,RPRX,P,30.0,2025-04-17,231,0,300,0.55,1743784268431000000,700,38500.00000000001,2025-04-04,3000,30,True,Single Leg Floor Trade,Medical,Medical - Biomedical and Genetics,31.3,31.7,30.45,31.11,8,4.585460729508501,20,4,1,0,0,0
RXRX,Medical,Medical - Drugs,30__2,30,2.0,1. p999999_trade_value,360000.0,360000.0,O:RXRX250516C00006000,RXRX,C,6.0,2025-05-16,229,0,313,0.45,1744825225832000000,8000,360000.0,2025-04-16,3000,30,True,Single Leg Cross Non ISO,Medical,Medical - Drugs,5.45,5.56,5.14,5.32,1,5.556302500767287,20,1,1,0,0,0
RXRX,Medical,Medical - Drugs,30__2,30,2.0,4. p999_trade_value,135966.0,135966.0,O:RXRX250620C00006000,RXRX,C,6.0,2025-06-20,227,0,304,0.34,1749222306115000000,3999,135966.0,2025-06-06,3000,30,True,Single Leg Auction Non ISO,Medical,Medical - Drugs,4.72,5.52,4.705,5.49,2,5.133430321175776,20,1,1,0,0,0
RXST,Medical,Medical - Instruments,25__0,25,0.0,8. p75_trade_value,9570.0,17850.0,O:RXST241018C00052500,RXST,C,52.5,2024-10-18,209,0,323,0.75,1727198246784000000,172,12900.0,2024-09-24,3000,30,True,Automatic Execution,Medical,Medical - Instruments,51.33,51.88,48.7,48.89,50,4.110589710299249,20,4,0,0,0,1
RXST,Medical,Medical - Instruments,25__0,25,0.0,8. p75_trade_value,9570.0,17850.0,O:RXST241115P00047500,RXST,P,47.5,2024-11-15,209,0,316,2.95,1729781786236000000,40,11800.0,2024-10-24,3000,30,True,Automatic Execution,Medical,Medical - Instruments,48.85,50.24,48.85,49.57,57,4.071882007306125,20,4,1,1,1,0
RXST,Medical,Medical - Instruments,25__0,25,0.0,7. p90_trade_value,17980.0,25530.0,O:RXST241115C00052500,RXST,C,52.5,2024-11-15,219,0,323,2.9,1730138711561000000,62,17980.0,2024-10-28,3000,30,True,Intermarket Sweep Order,Medical,Medical - Instruments,51.07,51.4819,49.83,50.25,31,4.25478968739721,20,2,1,0,0,0
RXST,Medical,Medical - Instruments,25__0,25,0.0,6. p95_trade_value,25740.000000000004,66880.0,O:RXST241115C00055000,RXST,C,55.0,2024-11-15,209,0,313,2.2,1730138711561000000,304,66880.0,2024-10-28,3000,30,True,Automatic Execution,Medical,Medical - Instruments,51.07,51.4819,49.83,50.25,5,4.82529626443096,20,1,1,0,0,0
RXST,Medical,Medical - Instruments,25__0,25,0.0,1. p999999_trade_value,99060.0,99060.0,O:RXST241115C00055000,RXST,C,55.0,2024-11-15,231,0,323,2.6,1730141118619000000,381,99060.0,2024-10-28,3000,30,True,Single Leg Floor Trade,Medical,Medical - Instruments,51.07,51.4819,49.83,50.25,1,4.995898323646437,20,1,1,0,0,0
RXST,Medical,Medical - Instruments,25__0,25,0.0,6. p95_trade_value,25740.000000000004,66880.0,O:RXST241115C00055000,RXST,C,55.0,2024-11-15,209,0,325,2.2,1730138711562000000,117,25740.000000000004,2024-10-28,3000,30,True,Automatic Execution,Medical,Medical - Instruments,51.07,51.4819,49.83,50.25,16,4.410608542568368,20,1,1,0,0,0
RXST,Medical,Medical - Instruments,25__0,25,0.0,8. p75_trade_value,9570.0,17850.0,O:RXST241115C00055000,RXST,C,55.0,2024-11-15,231,0,323,2.2,1730138773672000000,50,11000.000000000002,2024-10-28,3000,30,True,Single Leg Floor Trade,Medical,Medical - Instruments,51.07,51.4819,49.83,50.25,63,4.041392685158225,20,4,1,0,0,0
RXST,Medical,Medical - Instruments,25__0,25,0.0,8. p75_trade_value,9570.0,17850.0,O:RXST241115C00055000,RXST,C,55.0,2024-11-15,209,0,325,4.5,1730475531854000000,33,14850.0,2024-11-01,3000,30,True,Automatic Execution,Medical,Medical - Instruments,51.2,53.46,50.67,51.1,41,4.171726453653231,20,3,1,0,0,0
RXST,Medical,Medical - Instruments,25__0,25,0.0,7. p90_trade_value,17980.0,25530.0,O:RXST241115C00055000,RXST,C,55.0,2024-11-15,209,0,323,5.1,1730475534607000000,43,21930.0,2024-11-01,3000,30,True,Automatic Execution,Medical,Medical - Instruments,51.2,53.46,50.67,51.1,24,4.341038631677523,20,2,1,0,0,0
RXST,Medical,Medical - Instruments,25__0,25,0.0,8. p75_trade_value,9570.0,17850.0,O:RXST241115C00055000,RXST,C,55.0,2024-11-15,209,0,323,3.3,1730470915527000000,36,11880.0,2024-11-01,3000,30,True,Automatic Execution,Medical,Medical - Instruments,51.2,53.46,50.67,51.1,56,4.074816440645175,20,4,1,0,0,0
RXST,Medical,Medical - Instruments,25__0,25,0.0,8. p75_trade_value,9570.0,17850.0,O:RXST241115C00055000,RXST,C,55.0,2024-11-15,209,0,323,3.5,1730470916340000000,48,16800.0,2024-11-01,3000,30,True,Automatic Execution,Medical,Medical - Instruments,51.2,53.46,50.67,51.1,35,4.225309281725863,20,3,1,0,0,0
RXST,Medical,Medical - Instruments,25__0,25,0.0,8. p75_trade_value,9570.0,17850.0,O:RXST241115C00055000,RXST,C,55.0,2024-11-15,209,0,323,5.1,1730475534595000000,35,17850.0,2024-11-01,3000,30,True,Automatic Execution,Medical,Medical - Instruments,51.2,53.46,50.67,51.1,32,4.251638220448212,20,2,1,0,0,0
RXST,Medical,Medical - Instruments,25__0,25,0.0,8. p75_trade_value,9570.0,17850.0,O:RXST241115C00055000,RXST,C,55.0,2024-11-15,219,0,316,3.8,1730470922690000000,27,10260.0,2024-11-01,3000,30,True,Intermarket Sweep Order,Medical,Medical - Instruments,51.2,53.46,50.67,51.1,71,4.011147360775797,20,5,1,0,0,0
RXST,Medical,Medical - Instruments,25__0,25,0.0,7. p90_trade_value,17980.0,25530.0,O:RXST241115C00055000,RXST,C,55.0,2024-11-15,209,0,323,4.5,1730475531874000000,44,19800.0,2024-11-01,3000,30,True,Automatic Execution,Medical,Medical - Instruments,51.2,53.46,50.67,51.1,27,4.296665190261531,20,2,1,0,0,0
RXST,Medical,Medical - Instruments,25__0,25,0.0,7. p90_trade_value,17980.0,25530.0,O:RXST241115C00055000,RXST,C,55.0,2024-11-15,209,0,323,5.1,1730475534582000000,37,18870.0,2024-11-01,3000,30,True,Automatic Execution,Medical,Medical - Instruments,51.2,53.46,50.67,51.1,30,4.275771900164932,20,2,1,0,0,0
RXST,Medical,Medical - Instruments,25__0,25,0.0,7. p90_trade_value,17980.0,25530.0,O:RXST241115C00055000,RXST,C,55.0,2024-11-15,219,0,323,3.8,1730470917676000000,55,20900.0,2024-11-01,3000,30,True,Intermarket Sweep Order,Medical,Medical - Instruments,51.2,53.46,50.67,51.1,25,4.320146286111054,20,2,1,0,0,0
RXST,Medical,Medical - Instruments,25__0,25,0.0,8. p75_trade_value,9570.0,17850.0,O:RXST241115P00040000,RXST,P,40.0,2024-11-15,209,0,323,1.7,1730734178111000000,82,13940.0,2024-11-04,3000,30,True,Automatic Execution,Medical,Medical - Instruments,50.67,53.0,50.67,51.25,43,4.144262773761991,20,3,0,0,0,1
RXST,Medical,Medical - Instruments,25__0,25,0.0,8. p75_trade_value,9570.0,17850.0,O:RXST241115P00040000,RXST,P,40.0,2024-11-15,209,0,323,2.05,1730734182349000000,65,13325.0,2024-11-04,3000,30,True,Automatic Execution,Medical,Medical - Instruments,50.67,53.0,50.67,51.25,47,4.12466721769861,20,3,0,0,0,1
RXST,Medical,Medical - Instruments,25__0,25,0.0,8. p75_trade_value,9570.0,17850.0,O:RXST241115P00040000,RXST,P,40.0,2024-11-15,209,0,323,1.7,1730734178092000000,78,13260.0,2024-11-04,3000,30,True,Automatic Execution,Medical,Medical - Instruments,50.67,53.0,50.67,51.25,48,4.122543524068754,20,3,0,0,0,1
RXST,Medical,Medical - Instruments,25__0,25,0.0,8. p75_trade_value,9570.0,17850.0,O:RXST241115P00040000,RXST,P,40.0,2024-11-15,209,0,323,1.7,1730734178072000000,72,12240.0,2024-11-04,3000,30,True,Automatic Execution,Medical,Medical - Instruments,50.67,53.0,50.67,51.25,54,4.087781417809542,20,4,0,0,0,1
RXST,Medical,Medical - Instruments,25__0,25,0.0,8. p75_trade_value,9570.0,17850.0,O:RXST241115P00040000,RXST,P,40.0,2024-11-15,209,0,323,2.15,1730734189054000000,50,10750.0,2024-11-04,3000,30,True,Automatic Execution,Medical,Medical - Instruments,50.67,53.0,50.67,51.25,65,4.031408464251625,20,5,0,0,0,1
RXST,Medical,Medical - Instruments,25__0,25,0.0,8. p75_trade_value,9570.0,17850.0,O:RXST241115P00040000,RXST,P,40.0,2024-11-15,209,0,323,2.15,1730734184453000000,48,10319.999999999998,2024-11-04,3000,30,True,Automatic Execution,Medical,Medical - Instruments,50.67,53.0,50.67,51.25,70,4.013679697291193,20,5,0,0,0,1
RXST,Medical,Medical - Instruments,25__0,25,0.0,7. p90_trade_value,17980.0,25530.0,O:RXST241115P00040000,RXST,P,40.0,2024-11-15,209,0,323,2.4,1730737843403000000,81,19440.0,2024-11-04,3000,30,True,Automatic Execution,Medical,Medical - Instruments,50.67,53.0,50.67,51.25,29,4.288696260590256,20,2,0,0,0,1
RXST,Medical,Medical - Instruments,25__0,25,0.0,8. p75_trade_value,9570.0,17850.0,O:RXST241115P00040000,RXST,P,40.0,2024-11-15,209,0,323,2.25,1730737840724000000,75,16875.0,2024-11-04,3000,30,True,Automatic Execution,Medical,Medical - Instruments,50.67,53.0,50.67,51.25,34,4.227243781503063,20,3,0,0,0,1
RXST,Medical,Medical - Instruments,25__0,25,0.0,8. p75_trade_value,9570.0,17850.0,O:RXST241115P00040000,RXST,P,40.0,2024-11-15,209,0,323,1.85,1730734179741000000,68,12580.000000000002,2024-11-04,3000,30,True,Automatic Execution,Medical,Medical - Instruments,50.67,53.0,50.67,51.25,52,4.09968064110925,20,4,0,0,0,1
RXST,Medical,Medical - Instruments,25__0,25,0.0,8. p75_trade_value,9570.0,17850.0,O:RXST241115P00040000,RXST,P,40.0,2024-11-15,209,0,323,1.25,1730734173918000000,82,10250.0,2024-11-04,3000,30,True,Automatic Execution,Medical,Medical - Instruments,50.67,53.0,50.67,51.25,72,4.010723865391773,20,5,0,0,0,1
RXST,Medical,Medical - Instruments,25__0,25,0.0,8. p75_trade_value,9570.0,17850.0,O:RXST241115P00040000,RXST,P,40.0,2024-11-15,209,0,323,1.9,1730734180668000000,82,15579.999999999998,2024-11-04,3000,30,True,Automatic Execution,Medical,Medical - Instruments,50.67,53.0,50.67,51.25,40,4.192567453336546,20,3,0,0,0,1
RXST,Medical,Medical - Instruments,25__0,25,0.0,7. p90_trade_value,17980.0,25530.0,O:RXST241115P00040000,RXST,P,40.0,2024-11-15,209,0,323,2.45,1730737844384000000,84,20580.0,2024-11-04,3000,30,True,Automatic Execution,Medical,Medical - Instruments,50.67,53.0,50.67,51.25,26,4.313445370426414,20,2,0,0,0,1
RXST,Medical,Medical - Instruments,25__0,25,0.0,7. p90_trade_value,17980.0,25530.0,O:RXST241115P00045000,RXST,P,45.0,2024-11-15,219,0,301,3.9,1730906114159000000,64,24960.0,2024-11-06,3000,30,True,Intermarket Sweep Order,Medical,Medical - Instruments,54.87,55.22,53.16,54.73,20,4.397244581010386,20,2,1,1,0,0
RXST,Medical,Medical - Instruments,25__0,25,0.0,8. p75_trade_value,9570.0,17850.0,O:RXST241115P00045000,RXST,P,45.0,2024-11-15,219,0,318,3.9,1730906114169000000,40,15600.0,2024-11-06,3000,30,True,Intermarket Sweep Order,Medical,Medical - Instruments,54.87,55.22,53.16,54.73,38,4.193124598354461,20,3,1,1,0,0
RXST,Medical,Medical - Instruments,25__0,25,0.0,8. p75_trade_value,9570.0,17850.0,O:RXST241115P00045000,RXST,P,45.0,2024-11-15,219,0,319,3.9,1730906114169000000,41,15990.0,2024-11-06,3000,30,True,Intermarket Sweep Order,Medical,Medical - Instruments,54.87,55.22,53.16,54.73,37,4.203848463746235,20,3,1,1,0,0
RXST,Medical,Medical - Instruments,25__0,25,0.0,8. p75_trade_value,9570.0,17850.0,O:RXST241115P00045000,RXST,P,45.0,2024-11-15,209,0,323,3.5,1730908977657000000,50,17500.0,2024-11-06,3000,30,True,Automatic Execution,Medical,Medical - Instruments,54.87,55.22,53.16,54.73,33,4.243038048686294,20,3,1,1,0,0
RXST,Medical,Medical - Instruments,25__0,25,0.0,5. p99_trade_value,69020.0,78000.0,O:RXST241115P00045000,RXST,P,45.0,2024-11-15,209,0,323,3.9,1730906114280000000,200,78000.0,2024-11-06,3000,30,True,Automatic Execution,Medical,Medical - Instruments,54.87,55.22,53.16,54.73,2,4.892094602690481,20,1,1,1,0,0
RXST,Medical,Medical - Instruments,25__0,25,0.0,8. p75_trade_value,9570.0,17850.0,O:RXST241115P00045000,RXST,P,45.0,2024-11-15,219,0,300,3.6,1730906112608000000,28,10080.0,2024-11-06,3000,30,True,Intermarket Sweep Order,Medical,Medical - Instruments,54.87,55.22,53.16,54.73,73,4.003460532109506,20,5,1,1,0,0
RXST,Medical,Medical - Instruments,25__0,25,0.0,7. p90_trade_value,17980.0,25530.0,O:RXST241115P00045000,RXST,P,45.0,2024-11-15,209,0,323,3.9,1730910535509000000,62,24180.0,2024-11-06,3000,30,True,Automatic Execution,Medical,Medical - Instruments,54.87,55.22,53.16,54.73,21,4.383456296524753,20,2,1,1,0,0
RXST,Medical,Medical - Instruments,25__0,25,0.0,7. p90_trade_value,17980.0,25530.0,O:RXST241115P00045000,RXST,P,45.0,2024-11-15,209,0,323,3.6,1730906112587000000,64,23040.0,2024-11-06,3000,30,True,Automatic Execution,Medical,Medical - Instruments,54.87,55.22,53.16,54.73,22,4.362482474751174,20,2,1,1,0,0
RXST,Medical,Medical - Instruments,25__0,25,0.0,7. p90_trade_value,17980.0,25530.0,O:RXST241115P00045000,RXST,P,45.0,2024-11-15,209,0,323,3.9,1730910535518000000,57,22230.0,2024-11-06,3000,30,True,Automatic Execution,Medical,Medical - Instruments,54.87,55.22,53.16,54.73,23,4.346939462698991,20,2,1,1,0,0
RXST,Medical,Medical - Instruments,25__0,25,0.0,7. p90_trade_value,17980.0,25530.0,O:RXST241115P00045000,RXST,P,45.0,2024-11-15,209,0,316,3.9,1730906114280000000,50,19500.0,2024-11-06,3000,30,True,Automatic Execution,Medical,Medical - Instruments,54.87,55.22,53.16,54.73,28,4.290034611362518,20,2,1,1,0,0
RXST,Medical,Medical - Instruments,25__0,25,0.0,8. p75_trade_value,9570.0,17850.0,O:RXST241115P00045000,RXST,P,45.0,2024-11-15,219,0,315,3.9,1730906114169000000,40,15600.0,2024-11-06,3000,30,True,Intermarket Sweep Order,Medical,Medical - Instruments,54.87,55.22,53.16,54.73,39,4.193124598354461,20,3,1,1,0,0
RXST,Medical,Medical - Instruments,25__0,25,0.0,6. p95_trade_value,25740.000000000004,66880.0,O:RXST241115P00045000,RXST,P,45.0,2024-11-15,219,0,323,3.6,1730906112697000000,75,27000.0,2024-11-06,3000,30,True,Intermarket Sweep Order,Medical,Medical - Instruments,54.87,55.22,53.16,54.73,14,4.431363764158987,20,1,1,1,0,0
RXST,Medical,Medical - Instruments,25__0,25,0.0,8. p75_trade_value,9570.0,17850.0,O:RXST241115P00045000,RXST,P,45.0,2024-11-15,209,0,323,3.8,1730910534728000000,33,12540.0,2024-11-06,3000,30,True,Automatic Execution,Medical,Medical - Instruments,54.87,55.22,53.16,54.73,53,4.098297536494697,20,4,1,1,0,0
RXST,Medical,Medical - Instruments,25__0,25,0.0,8. p75_trade_value,9570.0,17850.0,O:RXST241115P00045000,RXST,P,45.0,2024-11-15,219,0,304,3.6,1730906112608000000,27,9720.0,2024-11-06,3000,30,True,Intermarket Sweep Order,Medical,Medical - Instruments,54.87,55.22,53.16,54.73,76,3.9876662649262746,20,5,1,1,0,0
RXST,Medical,Medical - Instruments,25__0,25,0.0,8. p75_trade_value,9570.0,17850.0,O:RXST241115P00045000,RXST,P,45.0,2024-11-15,209,0,323,3.9,1730910535544000000,29,11310.0,2024-11-06,3000,30,True,Automatic Execution,Medical,Medical - Instruments,54.87,55.22,53.16,54.73,60,4.053462604925455,20,4,1,1,0,0
RXST,Medical,Medical - Instruments,25__0,25,0.0,6. p95_trade_value,25740.000000000004,66880.0,O:RXST241115P00045000,RXST,P,45.0,2024-11-15,219,0,300,3.9,1730910535546000000,92,35880.0,2024-11-06,3000,30,True,Intermarket Sweep Order,Medical,Medical - Instruments,54.87,55.22,53.16,54.73,9,4.554852434372054,20,1,1,1,0,0
RXST,Medical,Medical - Instruments,25__0,25,0.0,6. p95_trade_value,25740.000000000004,66880.0,O:RXST241115P00045000,RXST,P,45.0,2024-11-15,209,0,323,3.9,1730906114151000000,79,30809.999999999996,2024-11-06,3000,30,True,Automatic Execution,Medical,Medical - Instruments,54.87,55.22,53.16,54.73,12,4.4886916983169405,20,1,1,1,0,0
RXST,Medical,Medical - Instruments,25__0,25,0.0,6. p95_trade_value,25740.000000000004,66880.0,O:RXST241115P00045000,RXST,P,45.0,2024-11-15,209,0,323,3.6,1730906112706000000,80,28800.0,2024-11-06,3000,30,True,Automatic Execution,Medical,Medical - Instruments,54.87,55.22,53.16,54.73,13,4.459392487759231,20,1,1,1,0,0
RXST,Medical,Medical - Instruments,25__0,25,0.0,8. p75_trade_value,9570.0,17850.0,O:RXST241115P00045000,RXST,P,45.0,2024-11-15,219,0,315,3.6,1730906112596000000,28,10080.0,2024-11-06,3000,30,True,Intermarket Sweep Order,Medical,Medical - Instruments,54.87,55.22,53.16,54.73,74,4.003460532109506,20,5,1,1,0,0
RXST,Medical,Medical - Instruments,25__0,25,0.0,6. p95_trade_value,25740.000000000004,66880.0,O:RXST241115P00045000,RXST,P,45.0,2024-11-15,219,0,320,3.6,1730906112595000000,92,33120.0,2024-11-06,3000,30,True,Intermarket Sweep Order,Medical,Medical - Instruments,54.87,55.22,53.16,54.73,10,4.520090328112842,20,1,1,1,0,0
RXST,Medical,Medical - Instruments,25__0,25,0.0,8. p75_trade_value,9570.0,17850.0,O:RXST241115P00045000,RXST,P,45.0,2024-11-15,219,0,316,3.6,1730906112595000000,27,9720.0,2024-11-06,3000,30,True,Intermarket Sweep Order,Medical,Medical - Instruments,54.87,55.22,53.16,54.73,75,3.9876662649262746,20,5,1,1,0,0
RXST,Medical,Medical - Instruments,25__0,25,0.0,8. p75_trade_value,9570.0,17850.0,O:RXST241115P00045000,RXST,P,45.0,2024-11-15,209,0,307,3.3,1731002788687000000,37,12210.0,2024-11-07,3000,30,True,Automatic Execution,Medical,Medical - Instruments,55.0,55.57,50.03,50.85,55,4.086715663944882,20,4,1,1,0,0
RXST,Medical,Medical - Instruments,25__0,25,0.0,8. p75_trade_value,9570.0,17850.0,O:RXST241115P00045000,RXST,P,45.0,2024-11-15,209,0,319,3.7,1731012011162000000,29,10730.000000000002,2024-11-07,3000,30,True,Automatic Execution,Medical,Medical - Instruments,55.0,55.57,50.03,50.85,66,4.0305997219659515,20,5,1,1,0,0
RXST,Medical,Medical - Instruments,25__0,25,0.0,8. p75_trade_value,9570.0,17850.0,O:RXST241115P00045000,RXST,P,45.0,2024-11-15,209,0,304,3.7,1731012011162000000,31,11470.0,2024-11-07,3000,30,True,Automatic Execution,Medical,Medical - Instruments,55.0,55.57,50.03,50.85,59,4.059563417901268,20,4,1,1,0,0
RXST,Medical,Medical - Instruments,25__0,25,0.0,8. p75_trade_value,9570.0,17850.0,O:RXST241115P00045000,RXST,P,45.0,2024-11-15,209,0,300,3.3,1731002788686000000,41,13529.999999999998,2024-11-07,3000,30,True,Automatic Execution,Medical,Medical - Instruments,55.0,55.57,50.03,50.85,46,4.1312977965976225,20,3,1,1,0,0
RXST,Medical,Medical - Instruments,25__0,25,0.0,8. p75_trade_value,9570.0,17850.0,O:RXST241115P00045000,RXST,P,45.0,2024-11-15,209,0,308,3.8,1731012297254000000,29,11019.999999999998,2024-11-07,3000,30,True,Automatic Execution,Medical,Medical - Instruments,55.0,55.57,50.03,50.85,62,4.042181594515766,20,4,1,1,0,0
RXST,Medical,Medical - Instruments,25__0,25,0.0,6. p95_trade_value,25740.000000000004,66880.0,O:RXST241115P00045000,RXST,P,45.0,2024-11-15,209,0,300,3.7,1731012011162000000,155,57350.0,2024-11-07,3000,30,True,Automatic Execution,Medical,Medical - Instruments,55.0,55.57,50.03,50.85,6,4.758533422237287,20,1,1,1,0,0
RXST,Medical,Medical - Instruments,25__0,25,0.0,8. p75_trade_value,9570.0,17850.0,O:RXST241115P00045000,RXST,P,45.0,2024-11-15,209,0,308,3.4,1731002822994000000,32,10880.0,2024-11-07,3000,30,True,Automatic Execution,Medical,Medical - Instruments,55.0,55.57,50.03,50.85,64,4.036628895362161,20,4,1,1,0,0
RXST,Medical,Medical - Instruments,25__0,25,0.0,7. p90_trade_value,17980.0,25530.0,O:RXST241115P00045000,RXST,P,45.0,2024-11-15,209,0,300,3.9,1731012307452000000,65,25350.0,2024-11-07,3000,30,True,Automatic Execution,Medical,Medical - Instruments,55.0,55.57,50.03,50.85,18,4.403977963669354,20,2,1,1,0,0
RXST,Medical,Medical - Instruments,25__0,25,0.0,8. p75_trade_value,9570.0,17850.0,O:RXST241115P00045000,RXST,P,45.0,2024-11-15,209,0,308,3.3,1731002797271000000,42,13860.0,2024-11-07,3000,30,True,Automatic Execution,Medical,Medical - Instruments,55.0,55.57,50.03,50.85,44,4.141763230275788,20,3,1,1,0,0
RXST,Medical,Medical - Instruments,25__0,25,0.0,8. p75_trade_value,9570.0,17850.0,O:RXST241115P00045000,RXST,P,45.0,2024-11-15,209,0,312,3.9,1731012307452000000,42,16379.999999999998,2024-11-07,3000,30,True,Automatic Execution,Medical,Medical - Instruments,55.0,55.57,50.03,50.85,36,4.214313897424399,20,3,1,1,0,0
RXST,Medical,Medical - Instruments,25__0,25,0.0,8. p75_trade_value,9570.0,17850.0,O:RXST241115P00045000,RXST,P,45.0,2024-11-15,209,0,308,3.1,1731002777602000000,44,13640.0,2024-11-07,3000,30,True,Automatic Execution,Medical,Medical - Instruments,55.0,55.57,50.03,50.85,45,4.13481437032046,20,3,1,1,0,0
RXST,Medical,Medical - Instruments,25__0,25,0.0,8. p75_trade_value,9570.0,17850.0,O:RXST241115P00045000,RXST,P,45.0,2024-11-15,209,0,300,3.3,1731002792760000000,40,13200.0,2024-11-07,3000,30,True,Automatic Execution,Medical,Medical - Instruments,55.0,55.57,50.03,50.85,49,4.12057393120585,20,4,1,1,0,0
RXST,Medical,Medical - Instruments,25__0,25,0.0,8. p75_trade_value,9570.0,17850.0,O:RXST241115P00045000,RXST,P,45.0,2024-11-15,209,0,308,3.7,1731012008423000000,34,12580.000000000002,2024-11-07,3000,30,True,Automatic Execution,Medical,Medical - Instruments,55.0,55.57,50.03,50.85,51,4.09968064110925,20,4,1,1,0,0
RXST,Medical,Medical - Instruments,25__0,25,0.0,8. p75_trade_value,9570.0,17850.0,O:RXST241115P00045000,RXST,P,45.0,2024-11-15,209,0,323,3.3,1731002788687000000,35,11550.0,2024-11-07,3000,30,True,Automatic Execution,Medical,Medical - Instruments,55.0,55.57,50.03,50.85,58,4.062581984228163,20,4,1,1,0,0
RXST,Medical,Medical - Instruments,25__0,25,0.0,8. p75_trade_value,9570.0,17850.0,O:RXST241115P00045000,RXST,P,45.0,2024-11-15,209,0,323,2.9,1731000019255000000,33,9570.0,2024-11-07,3000,30,True,Automatic Execution,Medical,Medical - Instruments,55.0,55.57,50.03,50.85,78,3.9809119377768436,20,5,1,1,0,0
RXST,Medical,Medical - Instruments,25__0,25,0.0,8. p75_trade_value,9570.0,17850.0,O:RXST241115P00045000,RXST,P,45.0,2024-11-15,209,0,300,2.9,1731000033307000000,33,9570.0,2024-11-07,3000,30,True,Automatic Execution,Medical,Medical - Instruments,55.0,55.57,50.03,50.85,77,3.9809119377768436,20,5,1,1,0,0
RXST,Medical,Medical - Instruments,25__0,25,0.0,8. p75_trade_value,9570.0,17850.0,O:RXST241115P00045000,RXST,P,45.0,2024-11-15,209,0,304,3.9,1731012307452000000,36,14040.0,2024-11-07,3000,30,True,Automatic Execution,Medical,Medical - Instruments,55.0,55.57,50.03,50.85,42,4.147367107793786,20,3,1,1,0,0
RXST,Medical,Medical - Instruments,25__0,25,0.0,8. p75_trade_value,9570.0,17850.0,O:RXST241115P00045000,RXST,P,45.0,2024-11-15,209,0,322,3.7,1731012011162000000,28,10360.0,2024-11-07,3000,30,True,Automatic Execution,Medical,Medical - Instruments,55.0,55.57,50.03,50.85,69,4.015359755409214,20,5,1,1,0,0
RXST,Medical,Medical - Instruments,25__0,25,0.0,8. p75_trade_value,9570.0,17850.0,O:RXST241115P00045000,RXST,P,45.0,2024-11-15,209,0,300,2.9,1731000019255000000,36,10440.0,2024-11-07,3000,30,True,Automatic Execution,Medical,Medical - Instruments,55.0,55.57,50.03,50.85,68,4.018700498666243,20,5,1,1,0,0
RXST,Medical,Medical - Instruments,25__0,25,0.0,8. p75_trade_value,9570.0,17850.0,O:RXST241115P00045000,RXST,P,45.0,2024-11-15,209,0,308,3.9,1731012307452000000,27,10530.0,2024-11-07,3000,30,True,Automatic Execution,Medical,Medical - Instruments,55.0,55.57,50.03,50.85,67,4.0224283711854865,20,5,1,1,0,0
RXST,Medical,Medical - Instruments,25__0,25,0.0,6. p95_trade_value,25740.000000000004,66880.0,O:RXST241115P00045000,RXST,P,45.0,2024-11-15,209,0,323,3.9,1731012307452000000,69,26909.999999999996,2024-11-07,3000,30,True,Automatic Execution,Medical,Medical - Instruments,55.0,55.57,50.03,50.85,15,4.429913697763754,20,1,1,1,0,0
RXST,Medical,Medical - Instruments,25__0,25,0.0,7. p90_trade_value,17980.0,25530.0,O:RXST241115P00050000,RXST,P,50.0,2024-11-15,209,0,316,5.7,1731013156938000000,44,25080.0,2024-11-07,3000,30,True,Automatic Execution,Medical,Medical - Instruments,55.0,55.57,50.03,50.85,19,4.3993275321586784,20,2,1,1,1,0
RXST,Medical,Medical - Instruments,25__0,25,0.0,8. p75_trade_value,9570.0,17850.0,O:RXST241115P00050000,RXST,P,50.0,2024-11-15,209,0,308,5.6,1731007936157000000,20,11200.0,2024-11-07,3000,30,True,Automatic Execution,Medical,Medical - Instruments,55.0,55.57,50.03,50.85,61,4.049218022670182,20,4,1,1,1,0
RXST,Medical,Medical - Instruments,25__0,25,0.0,7. p90_trade_value,17980.0,25530.0,O:RXST241115P00050000,RXST,P,50.0,2024-11-15,209,0,325,5.55,1731006884647000000,46,25530.0,2024-11-07,3000,30,True,Automatic Execution,Medical,Medical - Instruments,55.0,55.57,50.03,50.85,17,4.407050814804251,20,2,1,1,1,0
RXST,Medical,Medical - Instruments,25__0,25,0.0,5. p99_trade_value,69020.0,78000.0,O:RXST241220P00042500,RXST,P,42.5,2024-12-20,209,0,325,1.4,1733258143661000000,493,69020.0,2024-12-03,3000,30,True,Automatic Execution,Medical,Medical - Instruments,45.61,46.09,43.3,43.56,4,4.838974954955468,20,1,1,1,1,0
RXST,Medical,Medical - Instruments,25__0,25,0.0,6. p95_trade_value,25740.000000000004,66880.0,O:RXST241220P00042500,RXST,P,42.5,2024-12-20,209,0,308,1.0,1733497494990000000,500,50000.0,2024-12-06,3000,30,True,Automatic Execution,Medical,Medical - Instruments,43.39,44.08,42.82,43.15,7,4.698970004336019,20,1,1,1,1,0
RXST,Medical,Medical - Instruments,25__0,25,0.0,6. p95_trade_value,25740.000000000004,66880.0,O:RXST250321P00025000,RXST,P,25.0,2025-03-21,209,0,313,2.0,1740514948643000000,240,48000.0,2025-02-25,3000,30,True,Automatic Execution,Medical,Medical - Instruments,29.03,29.58,28.43,29.21,8,4.681241237375588,20,1,1,1,1,0
RXST,Medical,Medical - Instruments,25__0,25,0.0,5. p99_trade_value,69020.0,78000.0,O:RXST250321P00027500,RXST,P,27.5,2025-03-21,209,0,313,1.45,1740501542975000000,478,69310.0,2025-02-25,3000,30,True,Automatic Execution,Medical,Medical - Instruments,29.03,29.58,28.43,29.21,3,4.840795898847094,20,1,1,1,1,0
RXST,Medical,Medical - Instruments,25__0,25,0.0,6. p95_trade_value,25740.000000000004,66880.0,O:RXST250321P00027500,RXST,P,27.5,2025-03-21,209,0,313,1.5,1740516933968000000,217,32550.0,2025-02-25,3000,30,True,Automatic Execution,Medical,Medical - Instruments,29.03,29.58,28.43,29.21,11,4.5125509929042105,20,1,1,1,1,0
SAGE,Medical,Medical - Biomedical and Genetics,10__0,10,0.0,8. p75_trade_value,5000.0,5400.0,O:SAGE241018C00007500,SAGE,C,7.5,2024-10-18,209,0,308,0.45,1727275636518000000,120,5400.0,2024-09-25,3000,30,True,Automatic Execution,Medical,Medical - Biomedical and Genetics,7.35,7.47,6.98,7.02,2,3.7323937598229686,20,2,1,1,1,0
SAGE,Medical,Medical - Biomedical and Genetics,10__0,10,0.0,8. p75_trade_value,5000.0,5400.0,O:SAGE241115C00007500,SAGE,C,7.5,2024-11-15,209,0,320,0.5,1729100159744000000,100,5000.0,2024-10-16,3000,30,True,Automatic Execution,Medical,Medical - Biomedical and Genetics,6.91,7.3,6.91,7.27,3,3.6989700043360187,20,3,1,0,0,0
SAGE,Medical,Medical - Biomedical and Genetics,10__0,10,0.0,1. p999999_trade_value,5500.000000000001,5500.000000000001,O:SAGE241115C00007500,SAGE,C,7.5,2024-11-15,209,0,316,0.55,1729184963014000000,100,5500.000000000001,2024-10-17,3000,30,True,Automatic Execution,Medical,Medical - Biomedical and Genetics,7.25,7.32,6.632,7.21,1,3.740362689494244,20,1,1,0,0,0
SIBN,Medical,Medical - Instruments,5__0,5,0.0,1. p999999_trade_value,6468.000000000001,6468.000000000001,O:SIBN250516C00015000,SIBN,C,15.0,2025-05-16,209,0,316,0.66,1745850737571000000,98,6468.000000000001,2025-04-28,3000,30,True,Automatic Execution,Medical,Medical - Instruments,14.39,14.6,14.33,14.47,1,3.8107700112343634,20,1,1,1,1,0
SMMT,Medical,Medical - Drugs,30__2,30,2.0,1. p999999_trade_value,255000.0,255000.0,O:SMMT250417C00020000,SMMT,C,20.0,2025-04-17,229,0,301,0.85,1743534888378000000,3000,255000.0,2025-04-01,3000,30,True,Single Leg Cross Non ISO,Medical,Medical - Drugs,19.19,19.9,18.61,18.8,1,5.4065401804339555,20,1,1,1,1,0
SNN,Medical,Medical - Products,0__2,0,2.0,1. p999999_trade_value,4200.0,4200.0,O:SNN250117C00025000,SNN,C,25.0,2025-01-17,209,0,320,0.7,1735310298182000000,60,4200.0,2024-12-27,3000,30,True,Automatic Execution,Medical,Medical - Products,24.75,24.83,24.66,24.79,1,3.6232492903979003,20,1,1,1,1,0
SPRO,Medical,Medical - Biomedical and Genetics,10__0,10,0.0,8. p75_trade_value,4470.0,6750.0,O:SPRO250620C00002500,SPRO,C,2.5,2025-06-20,209,0,308,0.3,1748442389215000000,149,4470.0,2025-05-28,3000,30,True,Automatic Execution,Medical,Medical - Biomedical and Genetics,2.06,2.48,1.85,2.35,3,3.6503075231319366,20,3,1,0,0,0
SPRO,Medical,Medical - Biomedical and Genetics,10__0,10,0.0,1. p999999_trade_value,7800.0,7800.0,O:SPRO250620C00002500,SPRO,C,2.5,2025-06-20,209,0,309,0.4,1748442591097000000,195,7800.0,2025-05-28,3000,30,True,Automatic Execution,Medical,Medical - Biomedical and Genetics,2.06,2.48,1.85,2.35,1,3.8920946026904804,20,1,1,0,0,0
SPRO,Medical,Medical - Biomedical and Genetics,10__0,10,0.0,8. p75_trade_value,4470.0,6750.0,O:SPRO250620C00002500,SPRO,C,2.5,2025-06-20,209,0,308,0.3,1748443552621000000,225,6750.0,2025-05-28,3000,30,True,Automatic Execution,Medical,Medical - Biomedical and Genetics,2.06,2.48,1.85,2.35,2,3.829303772831025,20,2,1,0,0,0
SPRY,Medical,Medical - Drugs,15__0,15,0.0,6. p95_trade_value,31744.0,31744.0,O:SPRY241115C00017500,SPRY,C,17.5,2024-11-15,227,0,323,1.24,1729107778894000000,256,31744.0,2024-10-16,3000,30,True,Single Leg Auction Non ISO,Medical,Medical - Drugs,15.26,16.66,15.02,16.52,2,4.501661650474085,20,1,1,0,0,0
SPRY,Medical,Medical - Drugs,15__0,15,0.0,1. p999999_trade_value,42000.0,42000.0,O:SPRY241115C00017500,SPRY,C,17.5,2024-11-15,227,0,308,0.8,1730731660402000000,525,42000.0,2024-11-04,3000,30,True,Single Leg Auction Non ISO,Medical,Medical - Drugs,15.47,16.26,15.12,15.2,1,4.623249290397901,20,1,1,0,0,0
SPRY,Medical,Medical - Drugs,15__0,15,0.0,7. p90_trade_value,25000.0,27500.0,O:SPRY250516P00012500,SPRY,P,12.5,2025-05-16,209,0,316,0.5,1746643582271000000,500,25000.0,2025-05-07,3000,30,True,Automatic Execution,Medical,Medical - Drugs,13.98,14.045,13.1,13.49,4,4.3979400086720375,20,2,1,1,0,0
SPRY,Medical,Medical - Drugs,15__0,15,0.0,7. p90_trade_value,25000.0,27500.0,O:SPRY250516P00012500,SPRY,P,12.5,2025-05-16,209,0,313,0.55,1746641594731000000,500,27500.0,2025-05-07,3000,30,True,Automatic Execution,Medical,Medical - Drugs,13.98,14.045,13.1,13.49,3,4.439332693830263,20,2,1,1,0,0
SRPT,Medical,Medical - Biomedical and Genetics,30__2,30,2.0,1. p999999_trade_value,415000.0,415000.0,O:SRPT241018P00125000,SRPT,P,125.0,2024-10-18,235,0,301,4.15,1726850247097000000,1000,415000.0,2024-09-20,3000,30,True,Multi Leg floor trade,Medical,Medical - Biomedical and Genetics,127.1,129.01,125.05,127.21,1,5.6180480967120925,20,1,1,1,0,0
SRPT,Medical,Medical - Biomedical and Genetics,30__2,30,2.0,4. p999_trade_value,370000.0,370000.0,O:SRPT250117P00120000,SRPT,P,120.0,2025-01-17,229,0,302,3.7,1736531512606000000,1000,370000.0,2025-01-10,3000,30,True,Single Leg Cross Non ISO,Medical,Medical - Biomedical and Genetics,124.75,128.75,123.5,124.79,2,5.568201724066995,20,1,1,1,1,0
STAA,Medical,Medical - Dental Supplies,20__0,20,0.0,7. p90_trade_value,21075.0,37500.0,O:STAA241018C00035000,STAA,C,35.0,2024-10-18,233,0,302,0.83,1727192623977000000,293,24319.0,2024-09-24,3000,30,True,Multi Leg Auction,Medical,Medical - Dental Supplies,31.0,32.37,30.97,32.29,6,4.385945712730184,20,2,1,0,0,0
STAA,Medical,Medical - Dental Supplies,20__0,20,0.0,6. p95_trade_value,39920.00000000001,64400.0,O:STAA241018C00040000,STAA,C,40.0,2024-10-18,242,0,323,1.15,1727455159353000000,560,64400.0,2024-09-27,3000,30,True,Stock Options floor trade,Medical,Medical - Dental Supplies,34.78,37.55,34.49,37.23,2,4.8088858673598125,20,1,0,0,0,1
STAA,Medical,Medical - Dental Supplies,20__0,20,0.0,6. p95_trade_value,39920.00000000001,64400.0,O:STAA250221P00022500,STAA,P,22.5,2025-02-21,209,0,313,0.8,1737736424870000000,499,39920.00000000001,2025-01-24,3000,30,True,Automatic Execution,Medical,Medical - Dental Supplies,23.93,25.16,23.82,24.45,4,4.601190532615334,20,1,1,1,1,0
STAA,Medical,Medical - Dental Supplies,20__0,20,0.0,6. p95_trade_value,39920.00000000001,64400.0,O:STAA250321C00017500,STAA,C,17.5,2025-03-21,209,0,313,0.85,1740516918823000000,498,42330.0,2025-02-25,3000,30,True,Automatic Execution,Medical,Medical - Dental Supplies,16.21,16.73,15.93,16.59,3,4.6266482684740105,20,1,1,1,1,0
STAA,Medical,Medical - Dental Supplies,20__0,20,0.0,7. p90_trade_value,21075.0,37500.0,O:STAA250417P00015000,STAA,P,15.0,2025-04-17,231,0,301,0.25,1743700565429000000,843,21075.0,2025-04-03,3000,30,True,Single Leg Floor Trade,Medical,Medical - Dental Supplies,17.41,17.49,16.655,17.4,7,4.32376758329678,20,2,1,0,0,0
STAA,Medical,Medical - Dental Supplies,20__0,20,0.0,7. p90_trade_value,21075.0,37500.0,O:STAA250516P00012500,STAA,P,12.5,2025-05-16,235,0,313,0.25,1746646803429000000,1500,37500.0,2025-05-07,3000,30,True,Multi Leg floor trade,Medical,Medical - Dental Supplies,18.73,20.07,18.62,19.44,5,4.574031267727719,20,2,0,0,0,1
STAA,Medical,Medical - Dental Supplies,20__0,20,0.0,1. p999999_trade_value,165000.00000000003,165000.00000000003,O:STAA250516P00017500,STAA,P,17.5,2025-05-16,235,0,313,1.1,1746646803429000000,1500,165000.00000000003,2025-05-07,3000,30,True,Multi Leg floor trade,Medical,Medical - Dental Supplies,18.73,20.07,18.62,19.44,1,5.217483944213907,20,1,1,0,0,0
STIM,Medical,Medical - Instruments,5__0,5,0.0,8. p75_trade_value,4600.0,4600.0,O:STIM250321C00005000,STIM,C,5.0,2025-03-21,209,0,316,0.4,1740152248997000000,115,4600.0,2025-02-21,3000,30,True,Automatic Execution,Medical,Medical - Instruments,4.82,4.862,4.1,4.13,2,3.662757831681574,20,2,1,0,0,0
STIM,Medical,Medical - Instruments,5__0,5,0.0,1. p999999_trade_value,7000.0,7000.0,O:STIM250321C00005000,STIM,C,5.0,2025-03-21,209,0,308,0.5,1740581186935000000,140,7000.0,2025-02-26,3000,30,True,Automatic Execution,Medical,Medical - Instruments,4.41,4.98,4.41,4.63,1,3.845098040014257,20,1,1,0,0,0
STOK,Medical,Medical - Biomedical and Genetics,5__0,5,0.0,1. p999999_trade_value,12000.0,12000.0,O:STOK250221C00012500,STOK,C,12.5,2025-02-21,209,0,320,0.6,1738340132575000000,200,12000.0,2025-01-31,3000,30,True,Automatic Execution,Medical,Medical - Biomedical and Genetics,11.07,11.73,10.915,11.48,1,4.079181246047625,20,1,1,0,0,0
STVN,Medical,Medical - Drugs,5__3,5,3.0,1. p999999_trade_value,19460.0,19460.0,O:STVN241115P00017500,STVN,P,17.5,2024-11-15,209,0,301,0.7,1729189961407000000,278,19460.0,2024-10-17,3000,30,True,Automatic Execution,Medical,Medical - Drugs,18.23,18.7915,17.9,18.21,1,4.289142835932333,20,1,1,0,0,0
SUPN,Medical,Medical - Generic Drugs,5__0,5,0.0,1. p999999_trade_value,10500.0,10500.0,O:SUPN250221C00040000,SUPN,C,40.0,2025-02-21,209,0,308,2.5,1738269960224000000,42,10500.0,2025-01-30,3000,30,True,Automatic Execution,Medical,Medical - Generic Drugs,39.4,39.88,38.59,38.69,1,4.021189299069938,20,1,1,0,0,0
TARS,Medical,Medical - Biomedical and Genetics,20__2,20,2.0,8. p75_trade_value,8880.000000000002,19500.0,O:TARS241115C00045000,TARS,C,45.0,2024-11-15,227,0,323,1.2,1730124520696000000,100,12000.0,2024-10-28,3000,30,True,Single Leg Auction Non ISO,Medical,Medical - Biomedical and Genetics,41.01,41.35,38.97,39.67,12,4.079181246047625,20,3,1,1,0,0
TARS,Medical,Medical - Biomedical and Genetics,20__2,20,2.0,6. p95_trade_value,75000.0,216000.0,O:TARS241115C00050000,TARS,C,50.0,2024-11-15,239,0,302,5.4,1731083255324000000,400,216000.0,2024-11-08,3000,30,True,Multi Leg floor trade against single leg(s),Medical,Medical - Biomedical and Genetics,47.15,49.9,46.71,49.42,2,5.334453751150931,20,1,1,0,0,0
TARS,Medical,Medical - Biomedical and Genetics,20__2,20,2.0,8. p75_trade_value,8880.000000000002,19500.0,O:TARS241115C00055000,TARS,C,55.0,2024-11-15,227,0,323,4.04,1731096960960000000,40,16160.0,2024-11-08,3000,30,True,Single Leg Auction Non ISO,Medical,Medical - Biomedical and Genetics,47.15,49.9,46.71,49.42,9,4.208441356438567,20,3,0,0,0,1
TARS,Medical,Medical - Biomedical and Genetics,20__2,20,2.0,8. p75_trade_value,8880.000000000002,19500.0,O:TARS241115P00045000,TARS,P,45.0,2024-11-15,209,0,316,3.7,1731096240161000000,24,8880.000000000002,2024-11-08,3000,30,True,Automatic Execution,Medical,Medical - Biomedical and Genetics,47.15,49.9,46.71,49.42,16,3.948412965778601,20,4,1,1,1,0
TARS,Medical,Medical - Biomedical and Genetics,20__2,20,2.0,8. p75_trade_value,8880.000000000002,19500.0,O:TARS241115P00045000,TARS,P,45.0,2024-11-15,209,0,316,3.7,1731096240158000000,24,8880.000000000002,2024-11-08,3000,30,True,Automatic Execution,Medical,Medical - Biomedical and Genetics,47.15,49.9,46.71,49.42,15,3.948412965778601,20,4,1,1,1,0
TARS,Medical,Medical - Biomedical and Genetics,20__2,20,2.0,7. p90_trade_value,23625.0,36000.0,O:TARS241115P00045000,TARS,P,45.0,2024-11-15,209,0,316,4.5,1731444653306000000,80,36000.0,2024-11-12,3000,30,True,Automatic Execution,Medical,Medical - Biomedical and Genetics,48.65,49.6234,47.03,47.57,5,4.556302500767287,20,2,1,1,1,0
TARS,Medical,Medical - Biomedical and Genetics,20__2,20,2.0,6. p95_trade_value,75000.0,216000.0,O:TARS241115C00050000,TARS,C,50.0,2024-11-15,235,0,301,3.5,1731527977145000000,500,175000.0,2024-11-13,3000,30,True,Multi Leg floor trade,Medical,Medical - Biomedical and Genetics,47.6,48.84,46.215,46.505,3,5.243038048686294,20,1,1,0,0,0
TARS,Medical,Medical - Biomedical and Genetics,20__2,20,2.0,6. p95_trade_value,75000.0,216000.0,O:TARS241115C00050000,TARS,C,50.0,2024-11-15,229,0,301,2.5,1731530743916000000,300,75000.0,2024-11-13,3000,30,True,Single Leg Cross Non ISO,Medical,Medical - Biomedical and Genetics,47.6,48.84,46.215,46.505,4,4.8750612633917,20,1,1,0,0,0
TARS,Medical,Medical - Biomedical and Genetics,20__2,20,2.0,1. p999999_trade_value,225000.0,225000.0,O:TARS241115P00045000,TARS,P,45.0,2024-11-15,235,0,301,4.5,1731527977144000000,500,225000.0,2024-11-13,3000,30,True,Multi Leg floor trade,Medical,Medical - Biomedical and Genetics,47.6,48.84,46.215,46.505,1,5.352182518111363,20,1,1,1,1,0
TARS,Medical,Medical - Biomedical and Genetics,20__2,20,2.0,7. p90_trade_value,23625.0,36000.0,O:TARS241115P00045000,TARS,P,45.0,2024-11-15,209,0,316,5.25,1731511117196000000,45,23625.0,2024-11-13,3000,30,True,Automatic Execution,Medical,Medical - Biomedical and Genetics,47.6,48.84,46.215,46.505,7,4.373371817181301,20,2,1,1,1,0
TARS,Medical,Medical - Biomedical and Genetics,20__2,20,2.0,7. p90_trade_value,23625.0,36000.0,O:TARS241115P00045000,TARS,P,45.0,2024-11-15,209,0,316,4.5,1731517157300000000,60,27000.0,2024-11-13,3000,30,True,Automatic Execution,Medical,Medical - Biomedical and Genetics,47.6,48.84,46.215,46.505,6,4.431363764158987,20,2,1,1,1,0
TARS,Medical,Medical - Biomedical and Genetics,20__2,20,2.0,8. p75_trade_value,8880.000000000002,19500.0,O:TARS250117C00055000,TARS,C,55.0,2025-01-17,232,0,308,4.0,1734727921471000000,30,12000.0,2024-12-20,3000,30,True,Multi Leg auto-electronic trade,Medical,Medical - Biomedical and Genetics,50.52,53.62,50.2,52.91,13,4.079181246047625,20,4,1,0,0,0
TARS,Medical,Medical - Biomedical and Genetics,20__2,20,2.0,8. p75_trade_value,8880.000000000002,19500.0,O:TARS250117C00055000,TARS,C,55.0,2025-01-17,209,0,325,4.35,1735053606643000000,30,13050.0,2024-12-24,3000,30,True,Automatic Execution,Medical,Medical - Biomedical and Genetics,54.88,54.88,53.66,54.04,11,4.1156105116743,20,3,1,0,0,0
TARS,Medical,Medical - Biomedical and Genetics,20__2,20,2.0,8. p75_trade_value,8880.000000000002,19500.0,O:TARS250321C00050000,TARS,C,50.0,2025-03-21,227,0,323,3.86,1740063900504000000,35,13510.0,2025-02-20,3000,30,True,Single Leg Auction Non ISO,Medical,Medical - Biomedical and Genetics,49.38,49.63,48.5,48.72,10,4.130655349022031,20,3,1,1,0,0
TARS,Medical,Medical - Biomedical and Genetics,20__2,20,2.0,8. p75_trade_value,8880.000000000002,19500.0,O:TARS250321C00050000,TARS,C,50.0,2025-03-21,209,0,308,1.5,1740424759036000000,130,19500.0,2025-02-24,3000,30,True,Automatic Execution,Medical,Medical - Biomedical and Genetics,48.2,48.2,45.49,45.54,8,4.290034611362518,20,2,1,1,0,0
TARS,Medical,Medical - Biomedical and Genetics,20__2,20,2.0,8. p75_trade_value,8880.000000000002,19500.0,O:TARS250321C00045000,TARS,C,45.0,2025-03-21,227,0,323,1.4,1741187140723000000,75,10500.0,2025-03-05,3000,30,True,Single Leg Auction Non ISO,Medical,Medical - Biomedical and Genetics,44.19,44.825,43.285,44.54,14,4.021189299069938,20,4,1,1,1,0
TECH,Medical,Medical - Biomedical and Genetics,15__0,15,0.0,1. p999999_trade_value,35250.0,35250.0,O:TECH241018P00075000,TECH,P,75.0,2024-10-18,235,0,301,2.35,1726671278270000000,150,35250.0,2024-09-18,3000,30,True,Multi Leg floor trade,Medical,Medical - Biomedical and Genetics,75.56,77.84,75.06,76.51,1,4.547159121327417,20,1,1,1,1,0
TECH,Medical,Medical - Biomedical and Genetics,15__0,15,0.0,7. p90_trade_value,11760.0,11760.0,O:TECH241018C00080000,TECH,C,80.0,2024-10-18,209,0,313,2.4,1726860870245000000,49,11760.0,2024-09-20,3000,30,True,Automatic Execution,Medical,Medical - Biomedical and Genetics,79.73,79.99,77.38,78.3,3,4.070407321740119,20,2,1,0,0,0
TECH,Medical,Medical - Biomedical and Genetics,15__0,15,0.0,6. p95_trade_value,18000.0,18000.0,O:TECH241115C00075000,TECH,C,75.0,2024-11-15,209,0,313,1.8,1729539007384000000,100,18000.0,2024-10-21,3000,30,True,Automatic Execution,Medical,Medical - Biomedical and Genetics,70.78,70.9245,69.8,70.36,2,4.2552725051033065,20,1,1,0,0,0
TERN,Medical,Medical - Biomedical and Genetics,20__0,20,0.0,1. p999999_trade_value,30000.0,30000.0,O:TERN240920C00010000,TERN,C,10.0,2024-09-20,234,0,301,1.0,1725458682766000000,300,30000.0,2024-09-04,3000,30,True,Multi Leg Cross,Medical,Medical - Biomedical and Genetics,7.18,7.4,6.98,7.33,1,4.477121254719663,20,1,1,1,1,0
TEVA,Medical,Medical - Generic Drugs,30__0,30,0.0,1. p999999_trade_value,1777556.0000000002,1777556.0000000002,O:TEVA250509P00012000,TEVA,P,12.0,2025-05-09,235,0,313,0.44,1744660472013000000,40399,1777556.0000000002,2025-04-14,3000,30,True,Multi Leg floor trade,Medical,Medical - Generic Drugs,13.69,13.83,13.27,13.6,1,6.249823291600334,20,1,0,0,0,1
TEVA,Medical,Medical - Generic Drugs,30__0,30,0.0,4. p999_trade_value,1680000.0,1680000.0,O:TEVA250606C00017500,TEVA,C,17.5,2025-06-06,241,0,323,0.24,1747847023262000000,70000,1680000.0,2025-05-21,3000,30,True,Stock Options Cross,Medical,Medical - Generic Drugs,16.68,16.88,16.39,16.55,2,6.225309281725863,20,1,1,1,1,0
TGTX,Medical,Medical - Biomedical and Genetics,30__2,30,2.0,1. p999999_trade_value,205000.0,205000.0,O:TGTX250307C00030000,TGTX,C,30.0,2025-03-07,234,0,301,2.05,1740684824371000000,1000,205000.0,2025-02-27,3000,30,True,Multi Leg Cross,Medical,Medical - Biomedical and Genetics,29.25,29.77,28.41,28.53,1,5.311753861055754,20,1,1,1,1,0
THTX,Medical,Medical - Biomedical and Genetics,5__0,5,0.0,1. p999999_trade_value,5700.0,5700.0,O:THTX250620P00002500,THTX,P,2.5,2025-06-20,209,0,322,0.2,1747851599731000000,285,5700.0,2025-05-21,3000,30,True,Automatic Execution,Medical,Medical - Biomedical and Genetics,2.61,2.63,2.535,2.55,1,3.7558748556724915,20,1,1,0,0,0
TLRY,Medical,Medical - Products,25__0,25,0.0,5. p99_trade_value,21965.0,22500.0,O:TLRY250117C00001500,TLRY,C,1.5,2025-01-17,209,0,313,0.23,1735223664917000000,955,21965.0,2024-12-26,3000,30,True,Automatic Execution,Medical,Medical - Products,1.44,1.49,1.38,1.48,3,4.341731207601339,20,1,1,0,0,0
TLRY,Medical,Medical - Products,25__0,25,0.0,1. p999999_trade_value,25599.0,25599.0,O:TLRY250117C00001500,TLRY,C,1.5,2025-01-17,209,0,319,0.23,1735234475568000000,1113,25599.0,2024-12-26,3000,30,True,Automatic Execution,Medical,Medical - Products,1.44,1.49,1.38,1.48,1,4.408223000352301,20,1,1,0,0,0
TLRY,Medical,Medical - Products,25__0,25,0.0,5. p99_trade_value,21965.0,22500.0,O:TLRY250117C00001500,TLRY,C,1.5,2025-01-17,227,0,304,0.15,1735572280342000000,1500,22500.0,2024-12-30,3000,30,True,Single Leg Auction Non ISO,Medical,Medical - Products,1.41,1.42,1.33,1.36,2,4.352182518111363,20,1,1,0,0,0
TMDX,Medical,Medical - Instruments,35__0,35,0.0,4. p999_trade_value,720000.0,780000.0,O:TMDX241115P00120000,TMDX,P,120.0,2024-11-15,235,0,323,9.6,1730127539983000000,750,720000.0,2024-10-28,3000,30,True,Multi Leg floor trade,Medical,Medical - Instruments,129.21,134.21,126.12,126.24,3,5.857332496431268,20,1,1,1,1,0
TMDX,Medical,Medical - Instruments,35__0,35,0.0,4. p999_trade_value,720000.0,780000.0,O:TMDX241115P00120000,TMDX,P,120.0,2024-11-15,235,0,323,10.4,1730129513360000000,750,780000.0,2024-10-28,3000,30,True,Multi Leg floor trade,Medical,Medical - Instruments,129.21,134.21,126.12,126.24,2,5.892094602690481,20,1,1,1,1,0
TMDX,Medical,Medical - Instruments,35__0,35,0.0,1. p999999_trade_value,840000.0,840000.0,O:TMDX241115P00085000,TMDX,P,85.0,2024-11-15,235,0,301,4.2,1730210988340000000,2000,840000.0,2024-10-29,3000,30,True,Multi Leg floor trade,Medical,Medical - Instruments,91.15,96.43,85.5,88.5,1,5.924279286061882,20,1,1,1,1,0
TRDA,Medical,Medical - Biomedical and Genetics,10__0,10,0.0,1. p999999_trade_value,6116.0,6116.0,O:TRDA241018C00015000,TRDA,C,15.0,2024-10-18,227,0,323,2.78,1727108090705000000,22,6116.0,2024-09-23,3000,30,True,Single Leg Auction Non ISO,Medical,Medical - Biomedical and Genetics,14.84,14.9,14.4791,14.57,1,3.7864674767402824,20,1,1,1,1,0
TRDA,Medical,Medical - Biomedical and Genetics,10__0,10,0.0,8. p75_trade_value,4860.0,4860.0,O:TRDA241115C00017500,TRDA,C,17.5,2024-11-15,209,0,316,2.43,1729531382495000000,20,4860.0,2024-10-21,3000,30,True,Automatic Execution,Medical,Medical - Biomedical and Genetics,17.35,17.49,16.8,17.32,2,3.6866362692622934,20,2,1,1,1,0
TRML,Medical,Medical - Drugs,0__2,0,2.0,1. p999999_trade_value,7560.000000000001,7560.000000000001,O:TRML241220C00025000,TRML,C,25.0,2024-12-20,209,0,308,2.1,1732202208966000000,36,7560.000000000001,2024-11-21,3000,30,True,Automatic Execution,Medical,Medical - Drugs,23.86,24.365,22.57,22.72,1,3.878521795501207,20,1,1,0,0,0
TSHA,Medical,Medical - Generic Drugs,0__2,0,2.0,1. p999999_trade_value,5700.0,5700.0,O:TSHA241220C00002500,TSHA,C,2.5,2024-12-20,240,0,308,0.38,1733428957239000000,150,5700.0,2024-12-05,3000,30,True,Stock Options auto-electronic trade,Medical,Medical - Generic Drugs,2.35,2.43,2.2,2.38,1,3.7558748556724915,20,1,1,0,0,0
TWST,Medical,Medical - Biomedical and Genetics,15__0,15,0.0,1. p999999_trade_value,375000.0,375000.0,O:TWST250516P00037500,TWST,P,37.5,2025-05-16,235,0,313,2.5,1746213975407000000,1500,375000.0,2025-05-02,3000,30,True,Multi Leg floor trade,Medical,Medical - Biomedical and Genetics,38.45,40.45,38.45,39.24,1,5.574031267727719,20,1,1,1,1,0
TYRA,Medical,Medical - Biomedical and Genetics,10__3,10,3.0,1. p999999_trade_value,295000.0,295000.0,O:TYRA241115P00025000,TYRA,P,25.0,2024-11-15,234,0,302,2.95,1729538215314000000,1000,295000.0,2024-10-21,3000,30,True,Multi Leg Cross,Medical,Medical - Biomedical and Genetics,27.1,28.81,26.785,28.37,1,5.469822015978163,20,1,1,1,1,0
URGN,Medical,Medical - Biomedical and Genetics,25__0,25,0.0,8. p75_trade_value,8500.0,11550.000000000002,O:URGN241018P00010000,URGN,P,10.0,2024-10-18,209,0,308,0.5,1728482610551000000,174,8700.0,2024-10-09,3000,30,True,Automatic Execution,Medical,Medical - Biomedical and Genetics,13.0,13.0,11.295,11.89,104,3.9395192526186187,20,5,0,0,0,1
URGN,Medical,Medical - Biomedical and Genetics,25__0,25,0.0,8. p75_trade_value,8500.0,11550.000000000002,O:URGN250516C00012500,URGN,C,12.5,2025-05-16,209,0,323,0.85,1746041106340000000,100,8500.0,2025-04-30,3000,30,True,Automatic Execution,Medical,Medical - Biomedical and Genetics,10.72,11.92,10.35,11.64,115,3.929418925714293,20,5,0,0,0,1
URGN,Medical,Medical - Biomedical and Genetics,25__0,25,0.0,8. p75_trade_value,8500.0,11550.000000000002,O:URGN250516C00012500,URGN,C,12.5,2025-05-16,209,0,308,0.85,1746041044349000000,100,8500.0,2025-04-30,3000,30,True,Automatic Execution,Medical,Medical - Biomedical and Genetics,10.72,11.92,10.35,11.64,114,3.929418925714293,20,5,0,0,0,1
URGN,Medical,Medical - Biomedical and Genetics,25__0,25,0.0,7. p90_trade_value,11760.0,15625.0,O:URGN250620C00005000,URGN,C,5.0,2025-06-20,209,0,316,0.9,1747846793988000000,155,13950.0,2025-05-21,3000,30,True,Automatic Execution,Medical,Medical - Biomedical and Genetics,3.69,4.18,3.42,4.17,32,4.144574207609616,20,2,1,0,0,0
URGN,Medical,Medical - Biomedical and Genetics,25__0,25,0.0,8. p75_trade_value,8500.0,11550.000000000002,O:URGN250620C00005000,URGN,C,5.0,2025-06-20,209,0,308,1.0,1747848288293000000,100,10000.0,2025-05-21,3000,30,True,Automatic Execution,Medical,Medical - Biomedical and Genetics,3.69,4.18,3.42,4.17,67,4.0,20,3,1,0,0,0
URGN,Medical,Medical - Biomedical and Genetics,25__0,25,0.0,8. p75_trade_value,8500.0,11550.000000000002,O:URGN250620C00005000,URGN,C,5.0,2025-06-20,209,0,301,1.0,1747847848582000000,100,10000.0,2025-05-21,3000,30,True,Automatic Execution,Medical,Medical - Biomedical and Genetics,3.69,4.18,3.42,4.17,68,4.0,20,3,1,0,0,0
URGN,Medical,Medical - Biomedical and Genetics,25__0,25,0.0,8. p75_trade_value,8500.0,11550.000000000002,O:URGN250620C00005000,URGN,C,5.0,2025-06-20,227,0,323,1.05,1747848047153000000,108,11340.0,2025-05-21,3000,30,True,Single Leg Auction Non ISO,Medical,Medical - Biomedical and Genetics,3.69,4.18,3.42,4.17,48,4.054613054556888,20,3,1,0,0,0
URGN,Medical,Medical - Biomedical and Genetics,25__0,25,0.0,7. p90_trade_value,11760.0,15625.0,O:URGN250620C00007500,URGN,C,7.5,2025-06-20,227,0,301,0.54,1747856943570000000,232,12528.0,2025-05-21,3000,30,True,Single Leg Auction Non ISO,Medical,Medical - Biomedical and Genetics,3.69,4.18,3.42,4.17,43,4.0978817447138685,20,2,1,0,0,0
URGN,Medical,Medical - Biomedical and Genetics,25__0,25,0.0,8. p75_trade_value,8500.0,11550.000000000002,O:URGN250620C00007500,URGN,C,7.5,2025-06-20,227,0,301,0.54,1747856943570000000,199,10746.0,2025-05-21,3000,30,True,Single Leg Auction Non ISO,Medical,Medical - Biomedical and Genetics,3.69,4.18,3.42,4.17,55,4.031246836232675,20,3,1,0,0,0
URGN,Medical,Medical - Biomedical and Genetics,25__0,25,0.0,8. p75_trade_value,8500.0,11550.000000000002,O:URGN250620C00007500,URGN,C,7.5,2025-06-20,227,0,301,0.54,1747857034272000000,198,10692.0,2025-05-21,3000,30,True,Single Leg Auction Non ISO,Medical,Medical - Biomedical and Genetics,3.69,4.18,3.42,4.17,56,4.0290589500845,20,3,1,0,0,0
URGN,Medical,Medical - Biomedical and Genetics,25__0,25,0.0,8. p75_trade_value,8500.0,11550.000000000002,O:URGN250620C00007500,URGN,C,7.5,2025-06-20,227,0,301,0.54,1747857034272000000,198,10692.0,2025-05-21,3000,30,True,Single Leg Auction Non ISO,Medical,Medical - Biomedical and Genetics,3.69,4.18,3.42,4.17,57,4.0290589500845,20,3,1,0,0,0
URGN,Medical,Medical - Biomedical and Genetics,25__0,25,0.0,1. p999999_trade_value,165000.00000000003,165000.00000000003,O:URGN250620C00007500,URGN,C,7.5,2025-06-20,241,0,323,0.55,1747848329224000000,3000,165000.00000000003,2025-05-21,3000,30,True,Stock Options Cross,Medical,Medical - Biomedical and Genetics,3.69,4.18,3.42,4.17,1,5.217483944213907,20,1,1,0,0,0
URGN,Medical,Medical - Biomedical and Genetics,25__0,25,0.0,7. p90_trade_value,11760.0,15625.0,O:URGN250620C00012500,URGN,C,12.5,2025-06-20,229,0,308,0.15,1747846774869000000,1000,15000.0,2025-05-21,3000,30,True,Single Leg Cross Non ISO,Medical,Medical - Biomedical and Genetics,3.69,4.18,3.42,4.17,26,4.176091259055681,20,2,1,0,0,0
URGN,Medical,Medical - Biomedical and Genetics,25__0,25,0.0,8. p75_trade_value,8500.0,11550.000000000002,O:URGN250620C00005000,URGN,C,5.0,2025-06-20,209,0,325,0.95,1747929277555000000,100,9500.0,2025-05-22,3000,30,True,Automatic Execution,Medical,Medical - Biomedical and Genetics,4.13,4.14,3.86,4.08,86,3.9777236052888476,20,4,1,0,0,0
URGN,Medical,Medical - Biomedical and Genetics,25__0,25,0.0,6. p95_trade_value,15650.0,26789.999999999996,O:URGN250620C00005000,URGN,C,5.0,2025-06-20,209,0,325,1.15,1747943633388000000,214,24610.0,2025-05-22,3000,30,True,Automatic Execution,Medical,Medical - Biomedical and Genetics,4.13,4.14,3.86,4.08,9,4.391111613702803,20,1,1,0,0,0
URGN,Medical,Medical - Biomedical and Genetics,25__0,25,0.0,6. p95_trade_value,15650.0,26789.999999999996,O:URGN250620C00005000,URGN,C,5.0,2025-06-20,227,0,301,1.03,1747942293315000000,250,25750.0,2025-05-22,3000,30,True,Single Leg Auction Non ISO,Medical,Medical - Biomedical and Genetics,4.13,4.14,3.86,4.08,8,4.4107772333772095,20,1,1,0,0,0
URGN,Medical,Medical - Biomedical and Genetics,25__0,25,0.0,8. p75_trade_value,8500.0,11550.000000000002,O:URGN250620C00005000,URGN,C,5.0,2025-06-20,209,0,302,0.95,1747926964366000000,90,8550.0,2025-05-22,3000,30,True,Automatic Execution,Medical,Medical - Biomedical and Genetics,4.13,4.14,3.86,4.08,109,3.931966114728173,20,5,1,0,0,0
URGN,Medical,Medical - Biomedical and Genetics,25__0,25,0.0,8. p75_trade_value,8500.0,11550.000000000002,O:URGN250620C00005000,URGN,C,5.0,2025-06-20,209,0,325,0.95,1747932024855000000,92,8740.0,2025-05-22,3000,30,True,Automatic Execution,Medical,Medical - Biomedical and Genetics,4.13,4.14,3.86,4.08,103,3.941511432634403,20,5,1,0,0,0
URGN,Medical,Medical - Biomedical and Genetics,25__0,25,0.0,8. p75_trade_value,8500.0,11550.000000000002,O:URGN250620C00005000,URGN,C,5.0,2025-06-20,209,0,325,0.95,1747932024855000000,100,9500.0,2025-05-22,3000,30,True,Automatic Execution,Medical,Medical - Biomedical and Genetics,4.13,4.14,3.86,4.08,84,3.9777236052888476,20,4,1,0,0,0
URGN,Medical,Medical - Biomedical and Genetics,25__0,25,0.0,6. p95_trade_value,15650.0,26789.999999999996,O:URGN250620C00005000,URGN,C,5.0,2025-06-20,227,0,323,1.14,1747943608021000000,235,26789.999999999996,2025-05-22,3000,30,True,Single Leg Auction Non ISO,Medical,Medical - Biomedical and Genetics,4.13,4.14,3.86,4.08,6,4.4279727136082085,20,1,1,0,0,0
URGN,Medical,Medical - Biomedical and Genetics,25__0,25,0.0,8. p75_trade_value,8500.0,11550.000000000002,O:URGN250620C00005000,URGN,C,5.0,2025-06-20,209,0,325,0.95,1747932024854000000,91,8645.0,2025-05-22,3000,30,True,Automatic Execution,Medical,Medical - Biomedical and Genetics,4.13,4.14,3.86,4.08,106,3.9367649976099415,20,5,1,0,0,0
URGN,Medical,Medical - Biomedical and Genetics,25__0,25,0.0,8. p75_trade_value,8500.0,11550.000000000002,O:URGN250620C00005000,URGN,C,5.0,2025-06-20,209,0,320,1.1,1747942820658000000,80,8800.0,2025-05-22,3000,30,True,Automatic Execution,Medical,Medical - Biomedical and Genetics,4.13,4.14,3.86,4.08,98,3.9444826721501687,20,5,1,0,0,0
URGN,Medical,Medical - Biomedical and Genetics,25__0,25,0.0,8. p75_trade_value,8500.0,11550.000000000002,O:URGN250620C00005000,URGN,C,5.0,2025-06-20,209,0,325,0.95,1747932024855000000,100,9500.0,2025-05-22,3000,30,True,Automatic Execution,Medical,Medical - Biomedical and Genetics,4.13,4.14,3.86,4.08,85,3.9777236052888476,20,4,1,0,0,0
URGN,Medical,Medical - Biomedical and Genetics,25__0,25,0.0,8. p75_trade_value,8500.0,11550.000000000002,O:URGN250620C00005000,URGN,C,5.0,2025-06-20,209,0,312,0.9,1747923913310000000,125,11250.0,2025-05-22,3000,30,True,Automatic Execution,Medical,Medical - Biomedical and Genetics,4.13,4.14,3.86,4.08,50,4.051152522447381,20,3,1,0,0,0
URGN,Medical,Medical - Biomedical and Genetics,25__0,25,0.0,7. p90_trade_value,11760.0,15625.0,O:URGN250620C00005000,URGN,C,5.0,2025-06-20,209,0,300,0.9,1747924297361000000,141,12690.0,2025-05-22,3000,30,True,Automatic Execution,Medical,Medical - Biomedical and Genetics,4.13,4.14,3.86,4.08,42,4.103461622094705,20,2,1,0,0,0
URGN,Medical,Medical - Biomedical and Genetics,25__0,25,0.0,8. p75_trade_value,8500.0,11550.000000000002,O:URGN250620C00005000,URGN,C,5.0,2025-06-20,209,0,316,0.9,1747924297361000000,116,10440.0,2025-05-22,3000,30,True,Automatic Execution,Medical,Medical - Biomedical and Genetics,4.13,4.14,3.86,4.08,60,4.018700498666243,20,3,1,0,0,0
URGN,Medical,Medical - Biomedical and Genetics,25__0,25,0.0,5. p99_trade_value,30060.000000000004,51150.00000000001,O:URGN250620C00005000,URGN,C,5.0,2025-06-20,227,0,302,0.9,1747923913410000000,334,30060.000000000004,2025-05-22,3000,30,True,Single Leg Auction Non ISO,Medical,Medical - Biomedical and Genetics,4.13,4.14,3.86,4.08,5,4.47798897625089,20,1,1,0,0,0
URGN,Medical,Medical - Biomedical and Genetics,25__0,25,0.0,5. p99_trade_value,30060.000000000004,51150.00000000001,O:URGN250620C00005000,URGN,C,5.0,2025-06-20,209,0,308,1.1,1747943023191000000,465,51150.00000000001,2025-05-22,3000,30,True,Automatic Execution,Medical,Medical - Biomedical and Genetics,4.13,4.14,3.86,4.08,2,4.708845638048179,20,1,1,0,0,0
URGN,Medical,Medical - Biomedical and Genetics,25__0,25,0.0,8. p75_trade_value,8500.0,11550.000000000002,O:URGN250620C00005000,URGN,C,5.0,2025-06-20,227,0,312,0.94,1747937347894000000,103,9682.0,2025-05-22,3000,30,True,Single Leg Auction Non ISO,Medical,Medical - Biomedical and Genetics,4.13,4.14,3.86,4.08,78,3.985965078304871,20,4,1,0,0,0
URGN,Medical,Medical - Biomedical and Genetics,25__0,25,0.0,8. p75_trade_value,8500.0,11550.000000000002,O:URGN250620C00005000,URGN,C,5.0,2025-06-20,209,0,325,0.95,1747932024855000000,100,9500.0,2025-05-22,3000,30,True,Automatic Execution,Medical,Medical - Biomedical and Genetics,4.13,4.14,3.86,4.08,88,3.9777236052888476,20,4,1,0,0,0
URGN,Medical,Medical - Biomedical and Genetics,25__0,25,0.0,8. p75_trade_value,8500.0,11550.000000000002,O:URGN250620C00005000,URGN,C,5.0,2025-06-20,227,0,312,0.94,1747935717358000000,97,9118.0,2025-05-22,3000,30,True,Single Leg Auction Non ISO,Medical,Medical - Biomedical and Genetics,4.13,4.14,3.86,4.08,94,3.9598995878659435,20,5,1,0,0,0
URGN,Medical,Medical - Biomedical and Genetics,25__0,25,0.0,8. p75_trade_value,8500.0,11550.000000000002,O:URGN250620C00005000,URGN,C,5.0,2025-06-20,209,0,325,0.95,1747932024855000000,100,9500.0,2025-05-22,3000,30,True,Automatic Execution,Medical,Medical - Biomedical and Genetics,4.13,4.14,3.86,4.08,87,3.9777236052888476,20,4,1,0,0,0
URGN,Medical,Medical - Biomedical and Genetics,25__0,25,0.0,7. p90_trade_value,11760.0,15625.0,O:URGN250620C00010000,URGN,C,10.0,2025-06-20,209,0,312,0.3,1747928316357000000,449,13469.999999999998,2025-05-22,3000,30,True,Automatic Execution,Medical,Medical - Biomedical and Genetics,4.13,4.14,3.86,4.08,36,4.129367595722986,20,2,1,0,0,0
URGN,Medical,Medical - Biomedical and Genetics,25__0,25,0.0,8. p75_trade_value,8500.0,11550.000000000002,O:URGN250620C00010000,URGN,C,10.0,2025-06-20,209,0,316,0.35,1747939655338000000,251,8785.0,2025-05-22,3000,30,True,Automatic Execution,Medical,Medical - Biomedical and Genetics,4.13,4.14,3.86,4.08,99,3.9437417658313136,20,5,1,0,0,0
URGN,Medical,Medical - Biomedical and Genetics,25__0,25,0.0,7. p90_trade_value,11760.0,15625.0,O:URGN250620P00002500,URGN,P,2.5,2025-06-20,219,0,325,0.4,1747942454871000000,300,12000.0,2025-05-22,3000,30,True,Intermarket Sweep Order,Medical,Medical - Biomedical and Genetics,4.13,4.14,3.86,4.08,44,4.079181246047625,20,2,0,0,0,1
URGN,Medical,Medical - Biomedical and Genetics,25__0,25,0.0,8. p75_trade_value,8500.0,11550.000000000002,O:URGN250620C00005000,URGN,C,5.0,2025-06-20,209,0,316,1.2,1748012684557000000,71,8520.0,2025-05-23,3000,30,True,Automatic Execution,Medical,Medical - Biomedical and Genetics,3.92,4.23,3.71,4.19,111,3.9304395947667,20,5,1,0,0,0
URGN,Medical,Medical - Biomedical and Genetics,25__0,25,0.0,6. p95_trade_value,15650.0,26789.999999999996,O:URGN250620C00005000,URGN,C,5.0,2025-06-20,227,0,323,1.35,1748029404206000000,120,16200.0,2025-05-23,3000,30,True,Single Leg Auction Non ISO,Medical,Medical - Biomedical and Genetics,3.92,4.23,3.71,4.19,20,4.209515014542631,20,1,1,0,0,0
URGN,Medical,Medical - Biomedical and Genetics,25__0,25,0.0,8. p75_trade_value,8500.0,11550.000000000002,O:URGN250620C00005000,URGN,C,5.0,2025-06-20,209,0,313,1.25,1748018847915000000,83,10375.0,2025-05-23,3000,30,True,Automatic Execution,Medical,Medical - Biomedical and Genetics,3.92,4.23,3.71,4.19,61,4.01598810538413,20,3,1,0,0,0
URGN,Medical,Medical - Biomedical and Genetics,25__0,25,0.0,7. p90_trade_value,11760.0,15625.0,O:URGN250620C00007500,URGN,C,7.5,2025-06-20,209,0,316,0.9,1748026374334000000,155,13950.0,2025-05-23,3000,30,True,Automatic Execution,Medical,Medical - Biomedical and Genetics,3.92,4.23,3.71,4.19,33,4.144574207609616,20,2,1,0,0,0
URGN,Medical,Medical - Biomedical and Genetics,25__0,25,0.0,8. p75_trade_value,8500.0,11550.000000000002,O:URGN250620C00007500,URGN,C,7.5,2025-06-20,209,0,316,0.85,1748010190405000000,100,8500.0,2025-05-23,3000,30,True,Automatic Execution,Medical,Medical - Biomedical and Genetics,3.92,4.23,3.71,4.19,112,3.929418925714293,20,5,1,0,0,0
URGN,Medical,Medical - Biomedical and Genetics,25__0,25,0.0,8. p75_trade_value,8500.0,11550.000000000002,O:URGN250620C00007500,URGN,C,7.5,2025-06-20,209,0,316,0.9,1748028317905000000,95,8550.0,2025-05-23,3000,30,True,Automatic Execution,Medical,Medical - Biomedical and Genetics,3.92,4.23,3.71,4.19,110,3.931966114728173,20,5,1,0,0,0
URGN,Medical,Medical - Biomedical and Genetics,25__0,25,0.0,8. p75_trade_value,8500.0,11550.000000000002,O:URGN250620C00007500,URGN,C,7.5,2025-06-20,209,0,309,0.7,1748008159630000000,161,11269.999999999998,2025-05-23,3000,30,True,Automatic Execution,Medical,Medical - Biomedical and Genetics,3.92,4.23,3.71,4.19,49,4.051923916046107,20,3,1,0,0,0
URGN,Medical,Medical - Biomedical and Genetics,25__0,25,0.0,7. p90_trade_value,11760.0,15625.0,O:URGN250620C00007500,URGN,C,7.5,2025-06-20,209,0,308,0.75,1748008160774000000,207,15525.0,2025-05-23,3000,30,True,Automatic Execution,Medical,Medical - Biomedical and Genetics,3.92,4.23,3.71,4.19,25,4.1910316088486175,20,2,1,0,0,0
URGN,Medical,Medical - Biomedical and Genetics,25__0,25,0.0,7. p90_trade_value,11760.0,15625.0,O:URGN250620C00007500,URGN,C,7.5,2025-06-20,209,0,308,0.6,1748008058514000000,196,11760.0,2025-05-23,3000,30,True,Automatic Execution,Medical,Medical - Biomedical and Genetics,3.92,4.23,3.71,4.19,46,4.070407321740119,20,2,1,0,0,0
URGN,Medical,Medical - Biomedical and Genetics,25__0,25,0.0,6. p95_trade_value,15650.0,26789.999999999996,O:URGN250620C00007500,URGN,C,7.5,2025-06-20,209,0,308,0.75,1748008498737000000,345,25875.0,2025-05-23,3000,30,True,Automatic Execution,Medical,Medical - Biomedical and Genetics,3.92,4.23,3.71,4.19,7,4.4128803584649745,20,1,1,0,0,0
URGN,Medical,Medical - Biomedical and Genetics,25__0,25,0.0,7. p90_trade_value,11760.0,15625.0,O:URGN250620C00005000,URGN,C,5.0,2025-06-20,227,0,312,1.3,1748371574219000000,100,13000.0,2025-05-27,3000,30,True,Single Leg Auction Non ISO,Medical,Medical - Biomedical and Genetics,4.19,4.25,3.88,3.93,41,4.113943352306837,20,2,1,0,0,0
URGN,Medical,Medical - Biomedical and Genetics,25__0,25,0.0,8. p75_trade_value,8500.0,11550.000000000002,O:URGN250620C00005000,URGN,C,5.0,2025-06-20,209,0,320,1.3,1748356911191000000,81,10530.0,2025-05-27,3000,30,True,Automatic Execution,Medical,Medical - Biomedical and Genetics,4.19,4.25,3.88,3.93,58,4.0224283711854865,20,3,1,0,0,0
URGN,Medical,Medical - Biomedical and Genetics,25__0,25,0.0,8. p75_trade_value,8500.0,11550.000000000002,O:URGN250620C00005000,URGN,C,5.0,2025-06-20,227,0,312,1.3,1748371574219000000,74,9620.0,2025-05-27,3000,30,True,Single Leg Auction Non ISO,Medical,Medical - Biomedical and Genetics,4.19,4.25,3.88,3.93,79,3.983175072037813,20,4,1,0,0,0
URGN,Medical,Medical - Biomedical and Genetics,25__0,25,0.0,8. p75_trade_value,8500.0,11550.000000000002,O:URGN250620C00005000,URGN,C,5.0,2025-06-20,227,0,312,1.3,1748371574219000000,74,9620.0,2025-05-27,3000,30,True,Single Leg Auction Non ISO,Medical,Medical - Biomedical and Genetics,4.19,4.25,3.88,3.93,80,3.983175072037813,20,4,1,0,0,0
URGN,Medical,Medical - Biomedical and Genetics,25__0,25,0.0,8. p75_trade_value,8500.0,11550.000000000002,O:URGN250620C00010000,URGN,C,10.0,2025-06-20,209,0,308,0.55,1748374293050000000,198,10890.0,2025-05-27,3000,30,True,Automatic Execution,Medical,Medical - Biomedical and Genetics,4.19,4.25,3.88,3.93,53,4.037027879755775,20,3,1,0,0,0
URGN,Medical,Medical - Biomedical and Genetics,25__0,25,0.0,8. p75_trade_value,8500.0,11550.000000000002,O:URGN250620C00010000,URGN,C,10.0,2025-06-20,209,0,320,0.5,1748443293648000000,202,10100.0,2025-05-28,3000,30,True,Automatic Execution,Medical,Medical - Biomedical and Genetics,3.93,4.06,3.9,4.05,64,4.004321373782642,20,3,1,0,0,0
URGN,Medical,Medical - Biomedical and Genetics,25__0,25,0.0,6. p95_trade_value,15650.0,26789.999999999996,O:URGN250620C00010000,URGN,C,10.0,2025-06-20,209,0,316,0.5,1748443293588000000,402,20100.0,2025-05-28,3000,30,True,Automatic Execution,Medical,Medical - Biomedical and Genetics,3.93,4.06,3.9,4.05,14,4.303196057420489,20,1,1,0,0,0
URGN,Medical,Medical - Biomedical and Genetics,25__0,25,0.0,6. p95_trade_value,15650.0,26789.999999999996,O:URGN250620C00006000,URGN,C,6.0,2025-06-20,209,0,308,1.05,1748527568894000000,154,16170.000000000002,2025-05-29,3000,30,True,Automatic Execution,Medical,Medical - Biomedical and Genetics,4.05,4.11,3.8512,3.97,21,4.208710019906401,20,1,1,0,0,0
URGN,Medical,Medical - Biomedical and Genetics,25__0,25,0.0,7. p90_trade_value,11760.0,15625.0,O:URGN250620C00006000,URGN,C,6.0,2025-06-20,209,0,308,1.0,1748528607121000000,130,13000.0,2025-05-29,3000,30,True,Automatic Execution,Medical,Medical - Biomedical and Genetics,4.05,4.11,3.8512,3.97,40,4.113943352306837,20,2,1,0,0,0
URGN,Medical,Medical - Biomedical and Genetics,25__0,25,0.0,6. p95_trade_value,15650.0,26789.999999999996,O:URGN250620C00012500,URGN,C,12.5,2025-06-20,231,0,313,0.35,1748543637957000000,700,24499.999999999996,2025-05-29,3000,30,True,Single Leg Floor Trade,Medical,Medical - Biomedical and Genetics,4.05,4.11,3.8512,3.97,10,4.389166084364533,20,1,1,0,0,0
URGN,Medical,Medical - Biomedical and Genetics,25__0,25,0.0,8. p75_trade_value,8500.0,11550.000000000002,O:URGN250620C00005000,URGN,C,5.0,2025-06-20,209,0,323,1.35,1748632885615000000,65,8775.0,2025-05-30,3000,30,True,Automatic Execution,Medical,Medical - Biomedical and Genetics,3.97,4.24,3.605,4.24,100,3.943247125137862,20,5,1,0,0,0
URGN,Medical,Medical - Biomedical and Genetics,25__0,25,0.0,8. p75_trade_value,8500.0,11550.000000000002,O:URGN250620C00005000,URGN,C,5.0,2025-06-20,209,0,308,1.7,1748875344155000000,50,8500.0,2025-06-02,3000,30,True,Automatic Execution,Medical,Medical - Biomedical and Genetics,4.385,4.955,4.36,4.84,113,3.929418925714293,20,5,1,0,0,0
URGN,Medical,Medical - Biomedical and Genetics,25__0,25,0.0,7. p90_trade_value,11760.0,15625.0,O:URGN250620C00005000,URGN,C,5.0,2025-06-20,209,0,320,1.85,1748876885105000000,72,13320.000000000002,2025-06-02,3000,30,True,Automatic Execution,Medical,Medical - Biomedical and Genetics,4.385,4.955,4.36,4.84,37,4.124504224834283,20,2,1,0,0,0
URGN,Medical,Medical - Biomedical and Genetics,25__0,25,0.0,8. p75_trade_value,8500.0,11550.000000000002,O:URGN250620C00006000,URGN,C,6.0,2025-06-20,209,0,320,1.45,1748883369728000000,59,8555.0,2025-06-02,3000,30,True,Automatic Execution,Medical,Medical - Biomedical and Genetics,4.385,4.955,4.36,4.84,108,3.932220013877119,20,5,1,0,0,0
URGN,Medical,Medical - Biomedical and Genetics,25__0,25,0.0,7. p90_trade_value,11760.0,15625.0,O:URGN250620P00004000,URGN,P,4.0,2025-06-20,219,0,308,1.3,1748884379072000000,100,13000.0,2025-06-02,3000,30,True,Intermarket Sweep Order,Medical,Medical - Biomedical and Genetics,4.385,4.955,4.36,4.84,39,4.113943352306837,20,2,0,0,0,1
URGN,Medical,Medical - Biomedical and Genetics,25__0,25,0.0,7. p90_trade_value,11760.0,15625.0,O:URGN250620P00004000,URGN,P,4.0,2025-06-20,209,0,308,1.25,1748871041609000000,125,15625.0,2025-06-02,3000,30,True,Automatic Execution,Medical,Medical - Biomedical and Genetics,4.385,4.955,4.36,4.84,24,4.1938200260161125,20,2,0,0,0,1
URGN,Medical,Medical - Biomedical and Genetics,25__0,25,0.0,8. p75_trade_value,8500.0,11550.000000000002,O:URGN250620C00006000,URGN,C,6.0,2025-06-20,209,0,308,1.5,1748968405944000000,65,9750.0,2025-06-03,3000,30,True,Automatic Execution,Medical,Medical - Biomedical and Genetics,4.81,5.23,4.71,5.0,75,3.989004615698537,20,4,1,0,0,0
URGN,Medical,Medical - Biomedical and Genetics,25__0,25,0.0,5. p99_trade_value,30060.000000000004,51150.00000000001,O:URGN250620C00007500,URGN,C,7.5,2025-06-20,209,0,308,1.25,1748976586906000000,249,31125.0,2025-06-03,3000,30,True,Automatic Execution,Medical,Medical - Biomedical and Genetics,4.81,5.23,4.71,5.0,4,4.493109360103793,20,1,1,0,0,0
URGN,Medical,Medical - Biomedical and Genetics,25__0,25,0.0,8. p75_trade_value,8500.0,11550.000000000002,O:URGN250620P00004000,URGN,P,4.0,2025-06-20,227,0,309,1.05,1749043864807000000,97,10185.0,2025-06-04,3000,30,True,Single Leg Auction Non ISO,Medical,Medical - Biomedical and Genetics,5.01,5.37,4.87,4.92,62,4.007961033336183,20,3,0,0,0,1
URGN,Medical,Medical - Biomedical and Genetics,25__0,25,0.0,6. p95_trade_value,15650.0,26789.999999999996,O:URGN250620C00010000,URGN,C,10.0,2025-06-20,227,0,301,0.69,1749148761941000000,349,24080.999999999996,2025-06-05,3000,30,True,Single Leg Auction Non ISO,Medical,Medical - Biomedical and Genetics,4.97,5.15,4.8,5.14,12,4.381674517696435,20,1,1,0,0,0
URGN,Medical,Medical - Biomedical and Genetics,25__0,25,0.0,6. p95_trade_value,15650.0,26789.999999999996,O:URGN250620C00010000,URGN,C,10.0,2025-06-20,227,0,301,0.69,1749148761941000000,349,24080.999999999996,2025-06-05,3000,30,True,Single Leg Auction Non ISO,Medical,Medical - Biomedical and Genetics,4.97,5.15,4.8,5.14,11,4.381674517696435,20,1,1,0,0,0
URGN,Medical,Medical - Biomedical and Genetics,25__0,25,0.0,8. p75_trade_value,8500.0,11550.000000000002,O:URGN250620C00010000,URGN,C,10.0,2025-06-20,209,0,320,1.5,1749236851394000000,64,9600.0,2025-06-06,3000,30,True,Automatic Execution,Medical,Medical - Biomedical and Genetics,5.33,8.25,5.23,7.37,81,3.9822712330395684,20,4,1,0,0,0
URGN,Medical,Medical - Biomedical and Genetics,25__0,25,0.0,8. p75_trade_value,8500.0,11550.000000000002,O:URGN250620C00010000,URGN,C,10.0,2025-06-20,209,0,323,1.45,1749239957615000000,77,11165.0,2025-06-06,3000,30,True,Automatic Execution,Medical,Medical - Biomedical and Genetics,5.33,8.25,5.23,7.37,52,4.047858727407457,20,3,1,0,0,0
URGN,Medical,Medical - Biomedical and Genetics,25__0,25,0.0,6. p95_trade_value,15650.0,26789.999999999996,O:URGN250620C00010000,URGN,C,10.0,2025-06-20,209,0,309,1.4,1749236894998000000,112,15679.999999999998,2025-06-06,3000,30,True,Automatic Execution,Medical,Medical - Biomedical and Genetics,5.33,8.25,5.23,7.37,22,4.195346058348419,20,1,1,0,0,0
URGN,Medical,Medical - Biomedical and Genetics,25__0,25,0.0,6. p95_trade_value,15650.0,26789.999999999996,O:URGN250620C00010000,URGN,C,10.0,2025-06-20,209,0,309,1.4,1749236894998000000,136,19039.999999999996,2025-06-06,3000,30,True,Automatic Execution,Medical,Medical - Biomedical and Genetics,5.33,8.25,5.23,7.37,16,4.279666944048455,20,1,1,0,0,0
URGN,Medical,Medical - Biomedical and Genetics,25__0,25,0.0,8. p75_trade_value,8500.0,11550.000000000002,O:URGN250620C00012500,URGN,C,12.5,2025-06-20,209,0,302,0.45,1749232112068000000,218,9810.0,2025-06-06,3000,30,True,Automatic Execution,Medical,Medical - Biomedical and Genetics,5.33,8.25,5.23,7.37,73,3.9916690073799486,20,4,1,0,0,0
URGN,Medical,Medical - Biomedical and Genetics,25__0,25,0.0,6. p95_trade_value,15650.0,26789.999999999996,O:URGN250620C00012500,URGN,C,12.5,2025-06-20,209,0,300,0.9,1749237571185000000,200,18000.0,2025-06-06,3000,30,True,Automatic Execution,Medical,Medical - Biomedical and Genetics,5.33,8.25,5.23,7.37,18,4.2552725051033065,20,1,1,0,0,0
URGN,Medical,Medical - Biomedical and Genetics,25__0,25,0.0,8. p75_trade_value,8500.0,11550.000000000002,O:URGN250620C00012500,URGN,C,12.5,2025-06-20,209,0,316,1.0,1749236055460000000,100,10000.0,2025-06-06,3000,30,True,Automatic Execution,Medical,Medical - Biomedical and Genetics,5.33,8.25,5.23,7.37,70,4.0,20,4,1,0,0,0
URGN,Medical,Medical - Biomedical and Genetics,25__0,25,0.0,8. p75_trade_value,8500.0,11550.000000000002,O:URGN250620C00012500,URGN,C,12.5,2025-06-20,209,0,320,0.5,1749233075762000000,190,9500.0,2025-06-06,3000,30,True,Automatic Execution,Medical,Medical - Biomedical and Genetics,5.33,8.25,5.23,7.37,89,3.9777236052888476,20,4,1,0,0,0
URGN,Medical,Medical - Biomedical and Genetics,25__0,25,0.0,7. p90_trade_value,11760.0,15625.0,O:URGN250620C00012500,URGN,C,12.5,2025-06-20,209,0,316,0.9,1749234892854000000,151,13590.0,2025-06-06,3000,30,True,Automatic Execution,Medical,Medical - Biomedical and Genetics,5.33,8.25,5.23,7.37,34,4.133219456732494,20,2,1,0,0,0
URGN,Medical,Medical - Biomedical and Genetics,25__0,25,0.0,7. p90_trade_value,11760.0,15625.0,O:URGN250620C00012500,URGN,C,12.5,2025-06-20,209,0,308,1.0,1749236080470000000,146,14600.0,2025-06-06,3000,30,True,Automatic Execution,Medical,Medical - Biomedical and Genetics,5.33,8.25,5.23,7.37,30,4.164352855784437,20,2,1,0,0,0
URGN,Medical,Medical - Biomedical and Genetics,25__0,25,0.0,7. p90_trade_value,11760.0,15625.0,O:URGN250620C00012500,URGN,C,12.5,2025-06-20,209,0,308,1.05,1749236074517000000,140,14700.0,2025-06-06,3000,30,True,Automatic Execution,Medical,Medical - Biomedical and Genetics,5.33,8.25,5.23,7.37,29,4.1673173347481764,20,2,1,0,0,0
URGN,Medical,Medical - Biomedical and Genetics,25__0,25,0.0,7. p90_trade_value,11760.0,15625.0,O:URGN250620C00012500,URGN,C,12.5,2025-06-20,209,0,308,1.0,1749236078126000000,148,14800.0,2025-06-06,3000,30,True,Automatic Execution,Medical,Medical - Biomedical and Genetics,5.33,8.25,5.23,7.37,28,4.1702617153949575,20,2,1,0,0,0
URGN,Medical,Medical - Biomedical and Genetics,25__0,25,0.0,8. p75_trade_value,8500.0,11550.000000000002,O:URGN250620C00012500,URGN,C,12.5,2025-06-20,209,0,308,1.05,1749236071730000000,88,9240.0,2025-06-06,3000,30,True,Automatic Execution,Medical,Medical - Biomedical and Genetics,5.33,8.25,5.23,7.37,92,3.9656719712201065,20,4,1,0,0,0
URGN,Medical,Medical - Biomedical and Genetics,25__0,25,0.0,8. p75_trade_value,8500.0,11550.000000000002,O:URGN250620C00012500,URGN,C,12.5,2025-06-20,209,0,320,0.5,1749227677340000000,203,10150.0,2025-06-06,3000,30,True,Automatic Execution,Medical,Medical - Biomedical and Genetics,5.33,8.25,5.23,7.37,63,4.006466042249231,20,3,1,0,0,0
URGN,Medical,Medical - Biomedical and Genetics,25__0,25,0.0,8. p75_trade_value,8500.0,11550.000000000002,O:URGN250620C00015000,URGN,C,15.0,2025-06-20,209,0,308,0.45,1749237756110000000,200,9000.0,2025-06-06,3000,30,True,Automatic Execution,Medical,Medical - Biomedical and Genetics,5.33,8.25,5.23,7.37,96,3.9542425094393248,20,5,0,0,0,1
URGN,Medical,Medical - Biomedical and Genetics,25__0,25,0.0,6. p95_trade_value,15650.0,26789.999999999996,O:URGN250620P00004000,URGN,P,4.0,2025-06-20,209,0,323,0.5,1749237932832000000,313,15650.0,2025-06-06,3000,30,True,Automatic Execution,Medical,Medical - Biomedical and Genetics,5.33,8.25,5.23,7.37,23,4.194514341882467,20,1,0,0,0,1
URGN,Medical,Medical - Biomedical and Genetics,25__0,25,0.0,7. p90_trade_value,11760.0,15625.0,O:URGN250620P00005000,URGN,P,5.0,2025-06-20,209,0,308,0.9,1749235528706000000,150,13500.0,2025-06-06,3000,30,True,Automatic Execution,Medical,Medical - Biomedical and Genetics,5.33,8.25,5.23,7.37,35,4.1303337684950066,20,2,0,0,0,1
URGN,Medical,Medical - Biomedical and Genetics,25__0,25,0.0,6. p95_trade_value,15650.0,26789.999999999996,O:URGN250620P00005000,URGN,P,5.0,2025-06-20,209,0,308,1.1,1749234023205000000,150,16500.0,2025-06-06,3000,30,True,Automatic Execution,Medical,Medical - Biomedical and Genetics,5.33,8.25,5.23,7.37,19,4.217483944213907,20,1,0,0,0,1
URGN,Medical,Medical - Biomedical and Genetics,25__0,25,0.0,5. p99_trade_value,30060.000000000004,51150.00000000001,O:URGN250620P00005000,URGN,P,5.0,2025-06-20,209,0,316,0.95,1749239412839000000,364,34580.0,2025-06-06,3000,30,True,Automatic Execution,Medical,Medical - Biomedical and Genetics,5.33,8.25,5.23,7.37,3,4.538824988937904,20,1,0,0,0,1
URGN,Medical,Medical - Biomedical and Genetics,25__0,25,0.0,8. p75_trade_value,8500.0,11550.000000000002,O:URGN250620P00005000,URGN,P,5.0,2025-06-20,209,0,313,0.95,1749239977200000000,100,9500.0,2025-06-06,3000,30,True,Automatic Execution,Medical,Medical - Biomedical and Genetics,5.33,8.25,5.23,7.37,90,3.9777236052888476,20,4,0,0,0,1
URGN,Medical,Medical - Biomedical and Genetics,25__0,25,0.0,8. p75_trade_value,8500.0,11550.000000000002,O:URGN250620C00010000,URGN,C,10.0,2025-06-20,232,0,308,1.4,1749476996714000000,70,9800.0,2025-06-09,3000,30,True,Multi Leg auto-electronic trade,Medical,Medical - Biomedical and Genetics,7.345,7.72,6.64,7.02,74,3.9912260756924947,20,4,1,0,0,0
URGN,Medical,Medical - Biomedical and Genetics,25__0,25,0.0,8. p75_trade_value,8500.0,11550.000000000002,O:URGN250620C00012500,URGN,C,12.5,2025-06-20,209,0,309,0.55,1749498502538000000,162,8910.0,2025-06-09,3000,30,True,Automatic Execution,Medical,Medical - Biomedical and Genetics,7.345,7.72,6.64,7.02,97,3.949877704036875,20,5,1,0,0,0
URGN,Medical,Medical - Biomedical and Genetics,25__0,25,0.0,8. p75_trade_value,8500.0,11550.000000000002,O:URGN250620C00012500,URGN,C,12.5,2025-06-20,209,0,323,0.55,1749498502538000000,159,8745.0,2025-06-09,3000,30,True,Automatic Execution,Medical,Medical - Biomedical and Genetics,7.345,7.72,6.64,7.02,101,3.9417598138146954,20,5,1,0,0,0
URGN,Medical,Medical - Biomedical and Genetics,25__0,25,0.0,8. p75_trade_value,8500.0,11550.000000000002,O:URGN250620C00007500,URGN,C,7.5,2025-06-20,232,0,308,1.83,1749563314328000000,50,9150.0,2025-06-10,3000,30,True,Multi Leg auto-electronic trade,Medical,Medical - Biomedical and Genetics,7.11,7.46,6.73,7.05,93,3.9614210940664485,20,5,1,0,0,0
URGN,Medical,Medical - Biomedical and Genetics,25__0,25,0.0,8. p75_trade_value,8500.0,11550.000000000002,O:URGN250620C00007500,URGN,C,7.5,2025-06-20,227,0,323,2.0,1749562389027000000,50,10000.0,2025-06-10,3000,30,True,Single Leg Auction Non ISO,Medical,Medical - Biomedical and Genetics,7.11,7.46,6.73,7.05,69,4.0,20,3,1,0,0,0
URGN,Medical,Medical - Biomedical and Genetics,25__0,25,0.0,8. p75_trade_value,8500.0,11550.000000000002,O:URGN250620C00010000,URGN,C,10.0,2025-06-20,219,0,325,1.1,1749575233120000000,79,8690.0,2025-06-10,3000,30,True,Intermarket Sweep Order,Medical,Medical - Biomedical and Genetics,7.11,7.46,6.73,7.05,105,3.9390197764486663,20,5,1,0,0,0
URGN,Medical,Medical - Biomedical and Genetics,25__0,25,0.0,7. p90_trade_value,11760.0,15625.0,O:URGN250620P00004000,URGN,P,4.0,2025-06-20,209,0,325,0.6,1749584492404000000,236,14160.0,2025-06-10,3000,30,True,Automatic Execution,Medical,Medical - Biomedical and Genetics,7.11,7.46,6.73,7.05,31,4.15106325335375,20,2,0,0,0,1
URGN,Medical,Medical - Biomedical and Genetics,25__0,25,0.0,7. p90_trade_value,11760.0,15625.0,O:URGN250620P00004000,URGN,P,4.0,2025-06-20,219,0,316,0.6,1749584492753000000,222,13319.999999999998,2025-06-10,3000,30,True,Intermarket Sweep Order,Medical,Medical - Biomedical and Genetics,7.11,7.46,6.73,7.05,38,4.124504224834282,20,2,0,0,0,1
URGN,Medical,Medical - Biomedical and Genetics,25__0,25,0.0,7. p90_trade_value,11760.0,15625.0,O:URGN250620P00004000,URGN,P,4.0,2025-06-20,209,0,325,0.6,1749581257247000000,250,15000.0,2025-06-10,3000,30,True,Automatic Execution,Medical,Medical - Biomedical and Genetics,7.11,7.46,6.73,7.05,27,4.176091259055681,20,2,0,0,0,1
URGN,Medical,Medical - Biomedical and Genetics,25__0,25,0.0,6. p95_trade_value,15650.0,26789.999999999996,O:URGN250620P00005000,URGN,P,5.0,2025-06-20,227,0,301,0.9,1749564598059000000,201,18090.0,2025-06-10,3000,30,True,Single Leg Auction Non ISO,Medical,Medical - Biomedical and Genetics,7.11,7.46,6.73,7.05,17,4.257438566859814,20,1,0,0,0,1
URGN,Medical,Medical - Biomedical and Genetics,25__0,25,0.0,8. p75_trade_value,8500.0,11550.000000000002,O:URGN250620C00009000,URGN,C,9.0,2025-06-20,209,0,318,1.65,1749670812862000000,58,9569.999999999998,2025-06-11,3000,30,True,Automatic Execution,Medical,Medical - Biomedical and Genetics,7.12,7.57,7.0125,7.3,82,3.9809119377768436,20,4,1,0,0,0
URGN,Medical,Medical - Biomedical and Genetics,25__0,25,0.0,6. p95_trade_value,15650.0,26789.999999999996,O:URGN250620C00009000,URGN,C,9.0,2025-06-20,209,0,316,1.7,1749671357149000000,123,20910.0,2025-06-11,3000,30,True,Automatic Execution,Medical,Medical - Biomedical and Genetics,7.12,7.57,7.0125,7.3,13,4.320354032817672,20,1,1,0,0,0
URGN,Medical,Medical - Biomedical and Genetics,25__0,25,0.0,7. p90_trade_value,11760.0,15625.0,O:URGN250620C00009000,URGN,C,9.0,2025-06-20,209,0,308,1.65,1749671510942000000,72,11880.0,2025-06-11,3000,30,True,Automatic Execution,Medical,Medical - Biomedical and Genetics,7.12,7.57,7.0125,7.3,45,4.074816440645175,20,2,1,0,0,0
URGN,Medical,Medical - Biomedical and Genetics,25__0,25,0.0,6. p95_trade_value,15650.0,26789.999999999996,O:URGN250620C00009000,URGN,C,9.0,2025-06-20,209,0,323,1.65,1749670812862000000,119,19635.0,2025-06-11,3000,30,True,Automatic Execution,Medical,Medical - Biomedical and Genetics,7.12,7.57,7.0125,7.3,15,4.293030905606437,20,1,1,0,0,0
URGN,Medical,Medical - Biomedical and Genetics,25__0,25,0.0,8. p75_trade_value,8500.0,11550.000000000002,O:URGN250620C00009000,URGN,C,9.0,2025-06-20,209,0,322,1.65,1749670812862000000,59,9735.0,2025-06-11,3000,30,True,Automatic Execution,Medical,Medical - Biomedical and Genetics,7.12,7.57,7.0125,7.3,77,3.9883359558560505,20,4,1,0,0,0
URGN,Medical,Medical - Biomedical and Genetics,25__0,25,0.0,8. p75_trade_value,8500.0,11550.000000000002,O:URGN250620C00009000,URGN,C,9.0,2025-06-20,209,0,315,1.7,1749670816660000000,50,8500.0,2025-06-11,3000,30,True,Automatic Execution,Medical,Medical - Biomedical and Genetics,7.12,7.57,7.0125,7.3,116,3.929418925714293,20,6,1,0,0,0
URGN,Medical,Medical - Biomedical and Genetics,25__0,25,0.0,8. p75_trade_value,8500.0,11550.000000000002,O:URGN250620C00009000,URGN,C,9.0,2025-06-20,209,0,316,1.65,1749670812862000000,59,9735.0,2025-06-11,3000,30,True,Automatic Execution,Medical,Medical - Biomedical and Genetics,7.12,7.57,7.0125,7.3,76,3.9883359558560505,20,4,1,0,0,0
URGN,Medical,Medical - Biomedical and Genetics,25__0,25,0.0,8. p75_trade_value,8500.0,11550.000000000002,O:URGN250620C00009000,URGN,C,9.0,2025-06-20,209,0,302,1.65,1749670812862000000,60,9900.0,2025-06-11,3000,30,True,Automatic Execution,Medical,Medical - Biomedical and Genetics,7.12,7.57,7.0125,7.3,72,3.99563519459755,20,4,1,0,0,0
URGN,Medical,Medical - Biomedical and Genetics,25__0,25,0.0,8. p75_trade_value,8500.0,11550.000000000002,O:URGN250620C00009000,URGN,C,9.0,2025-06-20,227,0,323,1.72,1749671216147000000,50,8600.0,2025-06-11,3000,30,True,Single Leg Auction Non ISO,Medical,Medical - Biomedical and Genetics,7.12,7.57,7.0125,7.3,107,3.934498451243568,20,5,1,0,0,0
URGN,Medical,Medical - Biomedical and Genetics,25__0,25,0.0,8. p75_trade_value,8500.0,11550.000000000002,O:URGN250620C00009000,URGN,C,9.0,2025-06-20,209,0,322,1.65,1749670812862000000,53,8744.999999999998,2025-06-11,3000,30,True,Automatic Execution,Medical,Medical - Biomedical and Genetics,7.12,7.57,7.0125,7.3,102,3.9417598138146954,20,5,1,0,0,0
URGN,Medical,Medical - Biomedical and Genetics,25__0,25,0.0,8. p75_trade_value,8500.0,11550.000000000002,O:URGN250620C00009000,URGN,C,9.0,2025-06-20,209,0,318,1.65,1749671513362000000,68,11219.999999999998,2025-06-11,3000,30,True,Automatic Execution,Medical,Medical - Biomedical and Genetics,7.12,7.57,7.0125,7.3,51,4.049992856920142,20,3,1,0,0,0
URGN,Medical,Medical - Biomedical and Genetics,25__0,25,0.0,8. p75_trade_value,8500.0,11550.000000000002,O:URGN250620C00009000,URGN,C,9.0,2025-06-20,209,0,304,1.65,1749670812862000000,58,9569.999999999998,2025-06-11,3000,30,True,Automatic Execution,Medical,Medical - Biomedical and Genetics,7.12,7.57,7.0125,7.3,83,3.9809119377768436,20,4,1,0,0,0
URGN,Medical,Medical - Biomedical and Genetics,25__0,25,0.0,8. p75_trade_value,8500.0,11550.000000000002,O:URGN250620C00009000,URGN,C,9.0,2025-06-20,209,0,325,1.65,1749670812862000000,57,9405.0,2025-06-11,3000,30,True,Automatic Execution,Medical,Medical - Biomedical and Genetics,7.12,7.57,7.0125,7.3,91,3.9733587998863977,20,4,1,0,0,0
URGN,Medical,Medical - Biomedical and Genetics,25__0,25,0.0,8. p75_trade_value,8500.0,11550.000000000002,O:URGN250620C00010000,URGN,C,10.0,2025-06-20,209,0,325,1.1,1749657134030000000,98,10780.000000000002,2025-06-11,3000,30,True,Automatic Execution,Medical,Medical - Biomedical and Genetics,7.12,7.57,7.0125,7.3,54,4.03261876085072,20,3,1,0,0,0
URGN,Medical,Medical - Biomedical and Genetics,25__0,25,0.0,8. p75_trade_value,8500.0,11550.000000000002,O:URGN250620P00005000,URGN,P,5.0,2025-06-20,227,0,323,0.9,1749664570286000000,100,9000.0,2025-06-11,3000,30,True,Single Leg Auction Non ISO,Medical,Medical - Biomedical and Genetics,7.12,7.57,7.0125,7.3,95,3.9542425094393248,20,5,0,0,0,1
URGN,Medical,Medical - Biomedical and Genetics,25__0,25,0.0,8. p75_trade_value,8500.0,11550.000000000002,O:URGN250620P00005000,URGN,P,5.0,2025-06-20,209,0,308,1.0,1749739321478000000,100,10000.0,2025-06-12,3000,30,True,Automatic Execution,Medical,Medical - Biomedical and Genetics,7.33,12.5,6.92,11.08,65,4.0,20,3,0,0,0,1
URGN,Medical,Medical - Biomedical and Genetics,25__0,25,0.0,8. p75_trade_value,8500.0,11550.000000000002,O:URGN250620P00005000,URGN,P,5.0,2025-06-20,209,0,308,1.0,1749739321478000000,100,10000.0,2025-06-12,3000,30,True,Automatic Execution,Medical,Medical - Biomedical and Genetics,7.33,12.5,6.92,11.08,66,4.0,20,3,0,0,0,1
URGN,Medical,Medical - Biomedical and Genetics,25__0,25,0.0,8. p75_trade_value,8500.0,11550.000000000002,O:URGN250620P00005000,URGN,P,5.0,2025-06-20,209,0,308,1.05,1749737192588000000,100,10500.0,2025-06-12,3000,30,True,Automatic Execution,Medical,Medical - Biomedical and Genetics,7.33,12.5,6.92,11.08,59,4.021189299069938,20,3,0,0,0,1
URGN,Medical,Medical - Biomedical and Genetics,25__0,25,0.0,8. p75_trade_value,8500.0,11550.000000000002,O:URGN250620C00015000,URGN,C,15.0,2025-06-20,209,0,325,0.55,1749827209590000000,180,9900.000000000002,2025-06-13,3000,30,True,Automatic Execution,Medical,Medical - Biomedical and Genetics,11.955,14.2884,11.51,12.03,71,3.99563519459755,20,4,0,0,0,0
URGN,Medical,Medical - Biomedical and Genetics,25__0,25,0.0,8. p75_trade_value,8500.0,11550.000000000002,O:URGN250620C00015000,URGN,C,15.0,2025-06-20,209,0,307,0.55,1749827360758000000,210,11550.000000000002,2025-06-13,3000,30,True,Automatic Execution,Medical,Medical - Biomedical and Genetics,11.955,14.2884,11.51,12.03,47,4.062581984228163,20,3,0,0,0,0
UTHR,Medical,Medical - Drugs,20__2,20,2.0,1. p999999_trade_value,220000.0,220000.0,O:UTHR250321P00340000,UTHR,P,340.0,2025-03-21,242,0,313,8.8,1740507494213000000,250,220000.0,2025-02-25,3000,30,True,Stock Options floor trade,Medical,Medical - Drugs,362.42,364.98,351.08,357.5,1,5.342422680822207,20,1,1,1,1,0
VCEL,Medical,Medical - Biomedical and Genetics,15__0,15,0.0,8. p75_trade_value,17755.0,37500.0,O:VCEL241115C00050000,VCEL,C,50.0,2024-11-15,209,0,323,2.5,1730915702921000000,72,18000.0,2024-11-06,3000,30,True,Automatic Execution,Medical,Medical - Biomedical and Genetics,47.35,48.77,46.2,48.04,9,4.2552725051033065,20,5,1,1,1,0
VCEL,Medical,Medical - Biomedical and Genetics,15__0,15,0.0,8. p75_trade_value,17755.0,37500.0,O:VCEL241115C00050000,VCEL,C,50.0,2024-11-15,209,0,323,2.65,1730915704483000000,67,17755.0,2024-11-06,3000,30,True,Automatic Execution,Medical,Medical - Biomedical and Genetics,47.35,48.77,46.2,48.04,10,4.249320676637634,20,5,1,1,1,0
VCEL,Medical,Medical - Biomedical and Genetics,15__0,15,0.0,8. p75_trade_value,17755.0,37500.0,O:VCEL250117P00050000,VCEL,P,50.0,2025-01-17,235,0,301,1.5,1734726505487000000,250,37500.0,2024-12-20,3000,30,True,Multi Leg floor trade,Medical,Medical - Biomedical and Genetics,54.4,57.22,54.32,56.5,5,4.574031267727719,20,3,0,0,0,1
VCEL,Medical,Medical - Biomedical and Genetics,15__0,15,0.0,7. p90_trade_value,43000.0,50000.0,O:VCEL250117P00055000,VCEL,P,55.0,2025-01-17,235,0,301,2.0,1734970194186000000,250,50000.0,2024-12-23,3000,30,True,Multi Leg floor trade,Medical,Medical - Biomedical and Genetics,56.46,57.66,55.65,57.04,3,4.698970004336019,20,2,1,0,0,0
VCEL,Medical,Medical - Biomedical and Genetics,15__0,15,0.0,8. p75_trade_value,17755.0,37500.0,O:VCEL250117C00060000,VCEL,C,60.0,2025-01-17,229,0,302,1.75,1736195951277000000,150,26250.0,2025-01-06,3000,30,True,Single Leg Cross Non ISO,Medical,Medical - Biomedical and Genetics,57.39,58.76,57.03,57.61,7,4.419129307741976,20,4,1,0,0,0
VCEL,Medical,Medical - Biomedical and Genetics,15__0,15,0.0,7. p90_trade_value,43000.0,50000.0,O:VCEL250117C00060000,VCEL,C,60.0,2025-01-17,229,0,302,2.15,1736179334334000000,200,43000.0,2025-01-06,3000,30,True,Single Leg Cross Non ISO,Medical,Medical - Biomedical and Genetics,57.39,58.76,57.03,57.61,4,4.633468455579586,20,2,1,0,0,0
VCEL,Medical,Medical - Biomedical and Genetics,15__0,15,0.0,8. p75_trade_value,17755.0,37500.0,O:VCEL250117C00060000,VCEL,C,60.0,2025-01-17,234,0,302,1.72,1736192909502000000,150,25800.0,2025-01-06,3000,30,True,Multi Leg Cross,Medical,Medical - Biomedical and Genetics,57.39,58.76,57.03,57.61,8,4.41161970596323,20,4,1,0,0,0
VCEL,Medical,Medical - Biomedical and Genetics,15__0,15,0.0,6. p95_trade_value,52360.0,52360.0,O:VCEL250117P00055000,VCEL,P,55.0,2025-01-17,229,0,302,2.2,1736195946644000000,238,52360.0,2025-01-06,3000,30,True,Single Leg Cross Non ISO,Medical,Medical - Biomedical and Genetics,57.39,58.76,57.03,57.61,2,4.718999637878718,20,1,1,0,0,0
VCEL,Medical,Medical - Biomedical and Genetics,15__0,15,0.0,8. p75_trade_value,17755.0,37500.0,O:VCEL250117P00055000,VCEL,P,55.0,2025-01-17,234,0,302,2.02,1736192909502000000,150,30300.0,2025-01-06,3000,30,True,Multi Leg Cross,Medical,Medical - Biomedical and Genetics,57.39,58.76,57.03,57.61,6,4.481442628502305,20,3,1,0,0,0
VCEL,Medical,Medical - Biomedical and Genetics,15__0,15,0.0,1. p999999_trade_value,56000.0,56000.0,O:VCEL250117P00055000,VCEL,P,55.0,2025-01-17,229,0,302,2.0,1736179345868000000,280,56000.0,2025-01-06,3000,30,True,Single Leg Cross Non ISO,Medical,Medical - Biomedical and Genetics,57.39,58.76,57.03,57.61,1,4.748188027006201,20,1,1,0,0,0
VERV,Medical,Medical - Drugs,10__0,10,0.0,1. p999999_trade_value,13100.0,13100.0,O:VERV250417C00005000,VERV,C,5.0,2025-04-17,209,0,323,0.2,1744637422077000000,655,13100.0,2025-04-14,3000,30,True,Automatic Execution,Medical,Medical - Drugs,4.085,4.3,3.55,4.12,1,4.117271295655764,20,1,1,0,0,0
VIR,Medical,Medical - Biomedical and Genetics,15__0,15,0.0,1. p999999_trade_value,50000.0,50000.0,O:VIR241220P00007500,VIR,P,7.5,2024-12-20,231,0,323,0.2,1733499054318000000,2500,50000.0,2024-12-06,3000,30,True,Single Leg Floor Trade,Medical,Medical - Biomedical and Genetics,7.95,8.52,7.9,8.35,1,4.698970004336019,20,1,1,1,1,0
VNDA,Medical,Medical - Biomedical and Genetics,5__0,5,0.0,1. p999999_trade_value,6370.0,6370.0,O:VNDA241018C00005000,VNDA,C,5.0,2024-10-18,231,0,323,0.1,1727106191673000000,637,6370.0,2024-09-23,3000,30,True,Single Leg Floor Trade,Medical,Medical - Biomedical and Genetics,4.65,4.77,4.57,4.75,1,3.8041394323353503,20,1,1,0,0,0
VRDN,Medical,Medical - Biomedical and Genetics,20__0,20,0.0,6. p95_trade_value,18660.0,53580.00000000001,O:VRDN240920C00015000,VRDN,C,15.0,2024-09-20,234,0,301,2.35,1725552836607000000,228,53580.00000000001,2024-09-05,3000,30,True,Multi Leg Cross,Medical,Medical - Biomedical and Genetics,14.97,14.97,13.2,13.47,2,4.72900270927219,20,1,1,1,1,0
VRDN,Medical,Medical - Biomedical and Genetics,20__0,20,0.0,1. p999999_trade_value,109720.0,109720.0,O:VRDN240920C00017500,VRDN,C,17.5,2024-09-20,235,0,313,1.3,1725557115302000000,844,109720.0,2024-09-05,3000,30,True,Multi Leg floor trade,Medical,Medical - Biomedical and Genetics,14.97,14.97,13.2,13.47,1,5.040285798932492,20,1,1,1,1,0
VRDN,Medical,Medical - Biomedical and Genetics,20__0,20,0.0,6. p95_trade_value,18660.0,53580.00000000001,O:VRDN240920C00015000,VRDN,C,15.0,2024-09-20,209,0,308,2.15,1725650722467000000,91,19565.0,2024-09-06,3000,30,True,Automatic Execution,Medical,Medical - Biomedical and Genetics,13.49,14.34,13.43,14.09,3,4.291479852236699,20,1,1,1,1,0
VRDN,Medical,Medical - Biomedical and Genetics,20__0,20,0.0,6. p95_trade_value,18660.0,53580.00000000001,O:VRDN250117C00022500,VRDN,C,22.5,2025-01-17,209,0,301,0.6,1734535812958000000,311,18660.0,2024-12-18,3000,30,True,Automatic Execution,Medical,Medical - Biomedical and Genetics,20.83,21.06,18.335,18.93,4,4.270911639410481,20,1,0,0,0,1
VRTX,Medical,Medical - Biomedical and Genetics,35__0,35,0.0,7. p90_trade_value,16500.0,23070.0,O:VRTX240920P00460000,VRTX,P,460.0,2024-09-20,209,0,313,6.9,1725550239110000000,25,17250.0,2024-09-05,3000,30,True,Automatic Execution,Medical,Medical - Biomedical and Genetics,477.73,477.73,463.41,468.57,400,4.236789099409293,20,2,0,0,0,1
VRTX,Medical,Medical - Biomedical and Genetics,35__0,35,0.0,7. p90_trade_value,16500.0,23070.0,O:VRTX240920P00460000,VRTX,P,460.0,2024-09-20,209,0,313,6.8,1725550378207000000,25,17000.0,2024-09-05,3000,30,True,Automatic Execution,Medical,Medical - Biomedical and Genetics,477.73,477.73,463.41,468.57,409,4.230448921378274,20,2,0,0,0,1
VRTX,Medical,Medical - Biomedical and Genetics,35__0,35,0.0,5. p99_trade_value,46979.99999999999,210000.0,O:VRTX240920P00460000,VRTX,P,460.0,2024-09-20,229,0,308,6.8,1725550420201000000,100,68000.0,2024-09-05,3000,30,True,Single Leg Cross Non ISO,Medical,Medical - Biomedical and Genetics,477.73,477.73,463.41,468.57,25,4.832508912706237,20,1,0,0,0,1
VRTX,Medical,Medical - Biomedical and Genetics,35__0,35,0.0,7. p90_trade_value,16500.0,23070.0,O:VRTX240913C00480000,VRTX,C,480.0,2024-09-13,227,0,323,2.2,1725888856190000000,100,22000.000000000004,2024-09-09,3000,30,True,Single Leg Auction Non ISO,Medical,Medical - Biomedical and Genetics,472.23,473.68,468.965,471.11,240,4.342422680822207,20,2,1,1,1,0
VRTX,Medical,Medical - Biomedical and Genetics,35__0,35,0.0,7. p90_trade_value,16500.0,23070.0,O:VRTX241011P00450000,VRTX,P,450.0,2024-10-11,209,0,308,6.9,1726063264153000000,32,22080.0,2024-09-11,3000,30,True,Automatic Execution,Medical,Medical - Biomedical and Genetics,469.07,476.11,460.69,474.74,238,4.343999069057161,20,2,1,0,0,0
VRTX,Medical,Medical - Biomedical and Genetics,35__0,35,0.0,7. p90_trade_value,16500.0,23070.0,O:VRTX240920C00487500,VRTX,C,487.5,2024-09-20,232,0,312,4.3,1726246636353000000,40,17200.0,2024-09-13,3000,30,True,Multi Leg auto-electronic trade,Medical,Medical - Biomedical and Genetics,480.0,486.06,478.75,485.37,401,4.235528446907549,20,2,1,0,0,0
VRTX,Medical,Medical - Biomedical and Genetics,35__0,35,0.0,7. p90_trade_value,16500.0,23070.0,O:VRTX240920C00487500,VRTX,C,487.5,2024-09-20,235,0,301,4.0,1726246636018000000,50,20000.0,2024-09-13,3000,30,True,Multi Leg floor trade,Medical,Medical - Biomedical and Genetics,480.0,486.06,478.75,485.37,304,4.301029995663981,20,2,1,0,0,0
VRTX,Medical,Medical - Biomedical and Genetics,35__0,35,0.0,7. p90_trade_value,16500.0,23070.0,O:VRTX241018P00440000,VRTX,P,440.0,2024-10-18,209,0,316,4.35,1727109679751000000,38,16530.0,2024-09-23,3000,30,True,Automatic Execution,Medical,Medical - Biomedical and Genetics,464.92,465.75,458.55,460.0,425,4.218272853571447,20,2,0,0,0,1
VRTX,Medical,Medical - Biomedical and Genetics,35__0,35,0.0,7. p90_trade_value,16500.0,23070.0,O:VRTX241018C00485000,VRTX,C,485.0,2024-10-18,227,0,323,2.4,1727273398194000000,77,18480.0,2024-09-25,3000,30,True,Single Leg Auction Non ISO,Medical,Medical - Biomedical and Genetics,463.09,464.88,458.535,461.76,362,4.266701966884088,20,2,1,1,0,0
VRTX,Medical,Medical - Biomedical and Genetics,35__0,35,0.0,6. p95_trade_value,23100.0,46900.0,O:VRTX241018C00510000,VRTX,C,510.0,2024-10-18,231,0,300,0.4,1727365065269000000,1015,40600.0,2024-09-26,3000,30,True,Single Leg Floor Trade,Medical,Medical - Biomedical and Genetics,462.08,465.32,458.1,463.15,68,4.608526033577194,20,1,0,0,0,1
VRTX,Medical,Medical - Biomedical and Genetics,35__0,35,0.0,6. p95_trade_value,23100.0,46900.0,O:VRTX241018C00510000,VRTX,C,510.0,2024-10-18,231,0,300,0.45,1727365065269000000,678,30510.000000000004,2024-09-26,3000,30,True,Single Leg Floor Trade,Medical,Medical - Biomedical and Genetics,462.08,465.32,458.1,463.15,126,4.484442207642407,20,1,0,0,0,1
VRTX,Medical,Medical - Biomedical and Genetics,35__0,35,0.0,6. p95_trade_value,23100.0,46900.0,O:VRTX241004C00470000,VRTX,C,470.0,2024-10-04,235,0,301,2.75,1727879494891000000,100,27500.0,2024-10-02,3000,30,True,Multi Leg floor trade,Medical,Medical - Biomedical and Genetics,462.6,468.07,460.55,462.14,157,4.439332693830263,20,1,0,0,0,1
VRTX,Medical,Medical - Biomedical and Genetics,35__0,35,0.0,7. p90_trade_value,16500.0,23070.0,O:VRTX241004C00475000,VRTX,C,475.0,2024-10-04,235,0,301,1.75,1727879494891000000,100,17500.0,2024-10-02,3000,30,True,Multi Leg floor trade,Medical,Medical - Biomedical and Genetics,462.6,468.07,460.55,462.14,391,4.243038048686294,20,2,0,0,0,1
VRTX,Medical,Medical - Biomedical and Genetics,35__0,35,0.0,7. p90_trade_value,16500.0,23070.0,O:VRTX241018P00450000,VRTX,P,450.0,2024-10-18,209,0,308,6.7,1727968468296000000,25,16750.0,2024-10-03,3000,30,True,Automatic Execution,Medical,Medical - Biomedical and Genetics,460.0,462.13,452.26,453.55,416,4.224014811372864,20,2,1,0,0,0
VRTX,Medical,Medical - Biomedical and Genetics,35__0,35,0.0,7. p90_trade_value,16500.0,23070.0,O:VRTX241025C00500000,VRTX,C,500.0,2024-10-25,209,0,316,3.8,1729004533490000000,51,19380.0,2024-10-15,3000,30,True,Automatic Execution,Medical,Medical - Biomedical and Genetics,487.01,488.0,480.79,484.3,328,4.287353772714747,20,2,0,0,0,1
VRTX,Medical,Medical - Biomedical and Genetics,35__0,35,0.0,5. p99_trade_value,46979.99999999999,210000.0,O:VRTX241025C00500000,VRTX,C,500.0,2024-10-25,231,0,300,4.0,1729004499933000000,306,122400.0,2024-10-15,3000,30,True,Single Leg Floor Trade,Medical,Medical - Biomedical and Genetics,487.01,488.0,480.79,484.3,11,5.087781417809542,20,1,0,0,0,1
VRTX,Medical,Medical - Biomedical and Genetics,35__0,35,0.0,7. p90_trade_value,16500.0,23070.0,O:VRTX241025P00480000,VRTX,P,480.0,2024-10-25,209,0,307,5.6,1729003877555000000,31,17360.0,2024-10-15,3000,30,True,Automatic Execution,Medical,Medical - Biomedical and Genetics,487.01,488.0,480.79,484.3,396,4.239549720840473,20,2,1,1,1,0
VRTX,Medical,Medical - Biomedical and Genetics,35__0,35,0.0,7. p90_trade_value,16500.0,23070.0,O:VRTX241025P00480000,VRTX,P,480.0,2024-10-25,209,0,307,5.5,1729003852350000000,31,17050.0,2024-10-15,3000,30,True,Automatic Execution,Medical,Medical - Biomedical and Genetics,487.01,488.0,480.79,484.3,406,4.231724383328516,20,2,1,1,1,0
VRTX,Medical,Medical - Biomedical and Genetics,35__0,35,0.0,7. p90_trade_value,16500.0,23070.0,O:VRTX241025P00480000,VRTX,P,480.0,2024-10-25,209,0,307,5.6,1729003877552000000,31,17360.0,2024-10-15,3000,30,True,Automatic Execution,Medical,Medical - Biomedical and Genetics,487.01,488.0,480.79,484.3,395,4.239549720840473,20,2,1,1,1,0
VRTX,Medical,Medical - Biomedical and Genetics,35__0,35,0.0,7. p90_trade_value,16500.0,23070.0,O:VRTX241025P00480000,VRTX,P,480.0,2024-10-25,209,0,313,7.3,1729006144594000000,25,18250.0,2024-10-15,3000,30,True,Automatic Execution,Medical,Medical - Biomedical and Genetics,487.01,488.0,480.79,484.3,372,4.261262868792493,20,2,1,1,1,0
VRTX,Medical,Medical - Biomedical and Genetics,35__0,35,0.0,7. p90_trade_value,16500.0,23070.0,O:VRTX241025P00480000,VRTX,P,480.0,2024-10-25,209,0,307,7.5,1729004846811000000,22,16500.0,2024-10-15,3000,30,True,Automatic Execution,Medical,Medical - Biomedical and Genetics,487.01,488.0,480.79,484.3,429,4.217483944213907,20,2,1,1,1,0
VRTX,Medical,Medical - Biomedical and Genetics,35__0,35,0.0,7. p90_trade_value,16500.0,23070.0,O:VRTX241025P00480000,VRTX,P,480.0,2024-10-25,209,0,307,7.5,1729004843123000000,22,16500.0,2024-10-15,3000,30,True,Automatic Execution,Medical,Medical - Biomedical and Genetics,487.01,488.0,480.79,484.3,432,4.217483944213907,20,2,1,1,1,0
VRTX,Medical,Medical - Biomedical and Genetics,35__0,35,0.0,4. p999_trade_value,231750.0,339200.0,O:VRTX241025P00480000,VRTX,P,480.0,2024-10-25,231,0,313,7.5,1729006600424000000,309,231750.0,2024-10-15,3000,30,True,Single Leg Floor Trade,Medical,Medical - Biomedical and Genetics,487.01,488.0,480.79,484.3,5,5.365019742816535,20,1,1,1,1,0
VRTX,Medical,Medical - Biomedical and Genetics,35__0,35,0.0,7. p90_trade_value,16500.0,23070.0,O:VRTX241025P00480000,VRTX,P,480.0,2024-10-25,209,0,307,7.5,1729004846811000000,22,16500.0,2024-10-15,3000,30,True,Automatic Execution,Medical,Medical - Biomedical and Genetics,487.01,488.0,480.79,484.3,433,4.217483944213907,20,3,1,1,1,0
VRTX,Medical,Medical - Biomedical and Genetics,35__0,35,0.0,7. p90_trade_value,16500.0,23070.0,O:VRTX241025P00480000,VRTX,P,480.0,2024-10-25,209,0,307,7.5,1729004843121000000,22,16500.0,2024-10-15,3000,30,True,Automatic Execution,Medical,Medical - Biomedical and Genetics,487.01,488.0,480.79,484.3,434,4.217483944213907,20,3,1,1,1,0
VRTX,Medical,Medical - Biomedical and Genetics,35__0,35,0.0,7. p90_trade_value,16500.0,23070.0,O:VRTX241025P00480000,VRTX,P,480.0,2024-10-25,209,0,307,7.5,1729004849532000000,22,16500.0,2024-10-15,3000,30,True,Automatic Execution,Medical,Medical - Biomedical and Genetics,487.01,488.0,480.79,484.3,435,4.217483944213907,20,3,1,1,1,0
VRTX,Medical,Medical - Biomedical and Genetics,35__0,35,0.0,6. p95_trade_value,23100.0,46900.0,O:VRTX241025P00480000,VRTX,P,480.0,2024-10-25,209,0,307,7.5,1729005225407000000,31,23250.0,2024-10-15,3000,30,True,Automatic Execution,Medical,Medical - Biomedical and Genetics,487.01,488.0,480.79,484.3,213,4.366422957225972,20,1,1,1,1,0
VRTX,Medical,Medical - Biomedical and Genetics,35__0,35,0.0,6. p95_trade_value,23100.0,46900.0,O:VRTX241025P00480000,VRTX,P,480.0,2024-10-25,209,0,307,7.5,1729005225407000000,31,23250.0,2024-10-15,3000,30,True,Automatic Execution,Medical,Medical - Biomedical and Genetics,487.01,488.0,480.79,484.3,214,4.366422957225972,20,1,1,1,1,0
VRTX,Medical,Medical - Biomedical and Genetics,35__0,35,0.0,6. p95_trade_value,23100.0,46900.0,O:VRTX241115C00520000,VRTX,C,520.0,2024-11-15,209,0,303,6.0,1729091353994000000,47,28200.0,2024-10-16,3000,30,True,Automatic Execution,Medical,Medical - Biomedical and Genetics,480.82,488.48,480.7,487.25,145,4.450249108319361,20,1,0,0,0,1
VRTX,Medical,Medical - Biomedical and Genetics,35__0,35,0.0,7. p90_trade_value,16500.0,23070.0,O:VRTX241025P00477500,VRTX,P,477.5,2024-10-25,209,0,319,6.8,1729280554718000000,28,19040.0,2024-10-18,3000,30,True,Automatic Execution,Medical,Medical - Biomedical and Genetics,498.3,498.63,480.79,483.0,337,4.279666944048455,20,2,1,1,0,0
VRTX,Medical,Medical - Biomedical and Genetics,35__0,35,0.0,6. p95_trade_value,23100.0,46900.0,O:VRTX241025P00477500,VRTX,P,477.5,2024-10-25,209,0,313,7.5,1729259776579000000,32,24000.0,2024-10-18,3000,30,True,Automatic Execution,Medical,Medical - Biomedical and Genetics,498.3,498.63,480.79,483.0,203,4.380211241711606,20,1,1,1,0,0
VRTX,Medical,Medical - Biomedical and Genetics,35__0,35,0.0,5. p99_trade_value,46979.99999999999,210000.0,O:VRTX241115P00460000,VRTX,P,460.0,2024-11-15,235,0,300,10.5,1729261604228000000,200,210000.0,2024-10-18,3000,30,True,Multi Leg floor trade,Medical,Medical - Biomedical and Genetics,498.3,498.63,480.79,483.0,6,5.3222192947339195,20,1,1,1,0,0
VRTX,Medical,Medical - Biomedical and Genetics,35__0,35,0.0,7. p90_trade_value,16500.0,23070.0,O:VRTX241115P00470000,VRTX,P,470.0,2024-11-15,232,0,302,13.06,1729263077558000000,15,19590.0,2024-10-18,3000,30,True,Multi Leg auto-electronic trade,Medical,Medical - Biomedical and Genetics,498.3,498.63,480.79,483.0,315,4.292034435994736,20,2,1,1,1,0
VRTX,Medical,Medical - Biomedical and Genetics,35__0,35,0.0,6. p95_trade_value,23100.0,46900.0,O:VRTX241115P00480000,VRTX,P,480.0,2024-11-15,232,0,302,17.16,1729263077558000000,15,25739.999999999996,2024-10-18,3000,30,True,Multi Leg auto-electronic trade,Medical,Medical - Biomedical and Genetics,498.3,498.63,480.79,483.0,174,4.410608542568368,20,1,1,1,1,0
VRTX,Medical,Medical - Biomedical and Genetics,35__0,35,0.0,7. p90_trade_value,16500.0,23070.0,O:VRTX241025C00490000,VRTX,C,490.0,2024-10-25,209,0,308,4.6,1729519385389000000,50,22999.999999999996,2024-10-21,3000,30,True,Automatic Execution,Medical,Medical - Biomedical and Genetics,480.17,487.88,477.66,478.09,220,4.361727836017593,20,2,0,0,0,1
VRTX,Medical,Medical - Biomedical and Genetics,35__0,35,0.0,5. p99_trade_value,46979.99999999999,210000.0,O:VRTX241115C00495000,VRTX,C,495.0,2024-11-15,209,0,307,8.7,1730128875205000000,54,46979.99999999999,2024-10-28,3000,30,True,Automatic Execution,Medical,Medical - Biomedical and Genetics,477.95,478.315,474.685,476.37,44,4.671913012441587,20,1,1,0,0,0
VRTX,Medical,Medical - Biomedical and Genetics,35__0,35,0.0,6. p95_trade_value,23100.0,46900.0,O:VRTX241115C00495000,VRTX,C,495.0,2024-11-15,209,0,307,8.7,1730128875704000000,38,33060.0,2024-10-28,3000,30,True,Automatic Execution,Medical,Medical - Biomedical and Genetics,477.95,478.315,474.685,476.37,104,4.519302849235428,20,1,1,0,0,0
VRTX,Medical,Medical - Biomedical and Genetics,35__0,35,0.0,7. p90_trade_value,16500.0,23070.0,O:VRTX241115C00500000,VRTX,C,500.0,2024-11-15,209,0,307,6.5,1730124411237000000,30,19500.0,2024-10-28,3000,30,True,Automatic Execution,Medical,Medical - Biomedical and Genetics,477.95,478.315,474.685,476.37,318,4.290034611362518,20,2,1,0,0,0
VRTX,Medical,Medical - Biomedical and Genetics,35__0,35,0.0,6. p95_trade_value,23100.0,46900.0,O:VRTX241115C00500000,VRTX,C,500.0,2024-11-15,209,0,307,6.7,1730124411197000000,70,46900.0,2024-10-28,3000,30,True,Automatic Execution,Medical,Medical - Biomedical and Genetics,477.95,478.315,474.685,476.37,45,4.671172842715083,20,1,1,0,0,0
VRTX,Medical,Medical - Biomedical and Genetics,35__0,35,0.0,6. p95_trade_value,23100.0,46900.0,O:VRTX241115C00500000,VRTX,C,500.0,2024-11-15,209,0,307,6.6,1730124393490000000,62,40920.0,2024-10-28,3000,30,True,Automatic Execution,Medical,Medical - Biomedical and Genetics,477.95,478.315,474.685,476.37,66,4.611935625040123,20,1,1,0,0,0
VRTX,Medical,Medical - Biomedical and Genetics,35__0,35,0.0,5. p99_trade_value,46979.99999999999,210000.0,O:VRTX241122P00455000,VRTX,P,455.0,2024-11-22,209,0,325,8.5,1730145519713000000,82,69700.0,2024-10-28,3000,30,True,Automatic Execution,Medical,Medical - Biomedical and Genetics,477.95,478.315,474.685,476.37,23,4.84323277809801,20,1,1,1,1,0
VRTX,Medical,Medical - Biomedical and Genetics,35__0,35,0.0,5. p99_trade_value,46979.99999999999,210000.0,O:VRTX241122P00455000,VRTX,P,455.0,2024-11-22,209,0,325,8.5,1730145517785000000,72,61200.0,2024-10-28,3000,30,True,Automatic Execution,Medical,Medical - Biomedical and Genetics,477.95,478.315,474.685,476.37,30,4.786751422145561,20,1,1,1,1,0
VRTX,Medical,Medical - Biomedical and Genetics,35__0,35,0.0,7. p90_trade_value,16500.0,23070.0,O:VRTX241108P00465000,VRTX,P,465.0,2024-11-08,209,0,308,9.0,1730309972425000000,20,18000.0,2024-10-30,3000,30,True,Automatic Execution,Medical,Medical - Biomedical and Genetics,470.44,475.46,468.47,475.08,379,4.2552725051033065,20,2,1,0,0,0
VRTX,Medical,Medical - Biomedical and Genetics,35__0,35,0.0,7. p90_trade_value,16500.0,23070.0,O:VRTX241108C00482500,VRTX,C,482.5,2024-11-08,227,0,312,9.33,1730383841002000000,20,18660.0,2024-10-31,3000,30,True,Single Leg Auction Non ISO,Medical,Medical - Biomedical and Genetics,471.58,477.695,468.98,475.98,349,4.270911639410481,20,2,1,1,1,0
VRTX,Medical,Medical - Biomedical and Genetics,35__0,35,0.0,6. p95_trade_value,23100.0,46900.0,O:VRTX241108P00455000,VRTX,P,455.0,2024-11-08,232,0,312,7.37,1730477520762000000,46,33902.0,2024-11-01,3000,30,True,Multi Leg auto-electronic trade,Medical,Medical - Biomedical and Genetics,471.06,475.73,463.1446,471.12,99,4.530225319540626,20,1,0,0,0,1
VRTX,Medical,Medical - Biomedical and Genetics,35__0,35,0.0,6. p95_trade_value,23100.0,46900.0,O:VRTX241129C00480000,VRTX,C,480.0,2024-11-29,209,0,316,15.3,1730472652979000000,17,26010.000000000004,2024-11-01,3000,30,True,Automatic Execution,Medical,Medical - Biomedical and Genetics,471.06,475.73,463.1446,471.12,168,4.4151403521958725,20,1,1,0,0,0
VRTX,Medical,Medical - Biomedical and Genetics,35__0,35,0.0,6. p95_trade_value,23100.0,46900.0,O:VRTX241129C00510000,VRTX,C,510.0,2024-11-29,209,0,325,5.1,1730484956142000000,62,31620.0,2024-11-01,3000,30,True,Automatic Execution,Medical,Medical - Biomedical and Genetics,471.06,475.73,463.1446,471.12,121,4.49996186559619,20,1,1,0,0,0
VRTX,Medical,Medical - Biomedical and Genetics,35__0,35,0.0,7. p90_trade_value,16500.0,23070.0,O:VRTX241108C00480000,VRTX,C,480.0,2024-11-08,232,0,313,8.4,1730752409607000000,20,16800.0,2024-11-04,3000,30,True,Multi Leg auto-electronic trade,Medical,Medical - Biomedical and Genetics,473.91,475.48,468.77,472.8,413,4.225309281725863,20,2,1,1,1,0
VRTX,Medical,Medical - Biomedical and Genetics,35__0,35,0.0,6. p95_trade_value,23100.0,46900.0,O:VRTX241108C00480000,VRTX,C,480.0,2024-11-08,232,0,308,8.77,1730741748324000000,50,43850.0,2024-11-04,3000,30,True,Multi Leg auto-electronic trade,Medical,Medical - Biomedical and Genetics,473.91,475.48,468.77,472.8,53,4.641969597702059,20,1,1,1,1,0
VRTX,Medical,Medical - Biomedical and Genetics,35__0,35,0.0,6. p95_trade_value,23100.0,46900.0,O:VRTX241108C00480000,VRTX,C,480.0,2024-11-08,209,0,320,9.5,1730733376856000000,40,38000.0,2024-11-04,3000,30,True,Automatic Execution,Medical,Medical - Biomedical and Genetics,473.91,475.48,468.77,472.8,75,4.57978359661681,20,1,1,1,1,0
VRTX,Medical,Medical - Biomedical and Genetics,35__0,35,0.0,7. p90_trade_value,16500.0,23070.0,O:VRTX241108C00482500,VRTX,C,482.5,2024-11-08,209,0,320,8.0,1730732398014000000,23,18400.0,2024-11-04,3000,30,True,Automatic Execution,Medical,Medical - Biomedical and Genetics,473.91,475.48,468.77,472.8,369,4.264817823009537,20,2,1,1,1,0
VRTX,Medical,Medical - Biomedical and Genetics,35__0,35,0.0,6. p95_trade_value,23100.0,46900.0,O:VRTX241108C00485000,VRTX,C,485.0,2024-11-08,232,0,308,7.2,1730741748324000000,50,36000.0,2024-11-04,3000,30,True,Multi Leg auto-electronic trade,Medical,Medical - Biomedical and Genetics,473.91,475.48,468.77,472.8,88,4.556302500767287,20,1,1,1,1,0
VRTX,Medical,Medical - Biomedical and Genetics,35__0,35,0.0,7. p90_trade_value,16500.0,23070.0,O:VRTX241108P00465000,VRTX,P,465.0,2024-11-08,209,0,308,9.5,1730738612836000000,20,19000.0,2024-11-04,3000,30,True,Automatic Execution,Medical,Medical - Biomedical and Genetics,473.91,475.48,468.77,472.8,338,4.278753600952829,20,2,0,0,0,1
VRTX,Medical,Medical - Biomedical and Genetics,35__0,35,0.0,5. p99_trade_value,46979.99999999999,210000.0,O:VRTX241129C00480000,VRTX,C,480.0,2024-11-29,227,0,323,14.36,1730739161820000000,34,48824.0,2024-11-04,3000,30,True,Single Leg Auction Non ISO,Medical,Medical - Biomedical and Genetics,473.91,475.48,468.77,472.8,40,4.688633356948537,20,1,1,0,0,0
VRTX,Medical,Medical - Biomedical and Genetics,35__0,35,0.0,7. p90_trade_value,16500.0,23070.0,O:VRTX241129P00460000,VRTX,P,460.0,2024-11-29,227,0,302,12.76,1730739022143000000,16,20416.0,2024-11-04,3000,30,True,Single Leg Auction Non ISO,Medical,Medical - Biomedical and Genetics,473.91,475.48,468.77,472.8,288,4.3099706570410685,20,2,1,0,0,0
VRTX,Medical,Medical - Biomedical and Genetics,35__0,35,0.0,7. p90_trade_value,16500.0,23070.0,O:VRTX241129P00460000,VRTX,P,460.0,2024-11-29,227,0,302,12.76,1730739022143000000,15,19140.0,2024-11-04,3000,30,True,Single Leg Auction Non ISO,Medical,Medical - Biomedical and Genetics,473.91,475.48,468.77,472.8,333,4.281941933440825,20,2,1,0,0,0
VRTX,Medical,Medical - Biomedical and Genetics,35__0,35,0.0,6. p95_trade_value,23100.0,46900.0,O:VRTX241115P00485000,VRTX,P,485.0,2024-11-15,229,0,302,5.5,1730904199744000000,50,27500.0,2024-11-06,3000,30,True,Single Leg Cross Non ISO,Medical,Medical - Biomedical and Genetics,505.35,506.65,485.29,493.64,156,4.439332693830263,20,1,1,1,1,0
VRTX,Medical,Medical - Biomedical and Genetics,35__0,35,0.0,6. p95_trade_value,23100.0,46900.0,O:VRTX241115P00485000,VRTX,P,485.0,2024-11-15,209,0,313,5.6,1730904174223000000,50,28000.0,2024-11-06,3000,30,True,Automatic Execution,Medical,Medical - Biomedical and Genetics,505.35,506.65,485.29,493.64,147,4.447158031342219,20,1,1,1,1,0
VRTX,Medical,Medical - Biomedical and Genetics,35__0,35,0.0,6. p95_trade_value,23100.0,46900.0,O:VRTX241115P00485000,VRTX,P,485.0,2024-11-15,209,0,313,5.5,1730904080266000000,50,27500.0,2024-11-06,3000,30,True,Automatic Execution,Medical,Medical - Biomedical and Genetics,505.35,506.65,485.29,493.64,154,4.439332693830263,20,1,1,1,1,0
VRTX,Medical,Medical - Biomedical and Genetics,35__0,35,0.0,6. p95_trade_value,23100.0,46900.0,O:VRTX241115P00485000,VRTX,P,485.0,2024-11-15,209,0,313,5.6,1730904186717000000,42,23520.0,2024-11-06,3000,30,True,Automatic Execution,Medical,Medical - Biomedical and Genetics,505.35,506.65,485.29,493.64,208,4.371437317404101,20,1,1,1,1,0
VRTX,Medical,Medical - Biomedical and Genetics,35__0,35,0.0,4. p999_trade_value,231750.0,339200.0,O:VRTX241213P00490000,VRTX,P,490.0,2024-12-13,231,0,300,16.0,1731509730963000000,200,320000.0,2024-11-13,3000,30,True,Single Leg Floor Trade,Medical,Medical - Biomedical and Genetics,491.34,498.25,491.03,494.61,3,5.505149978319906,20,1,1,1,1,0
VRTX,Medical,Medical - Biomedical and Genetics,35__0,35,0.0,6. p95_trade_value,23100.0,46900.0,O:VRTX241206C00525000,VRTX,C,525.0,2024-12-06,209,0,325,2.25,1731684353836000000,159,35775.0,2024-11-15,3000,30,True,Automatic Execution,Medical,Medical - Biomedical and Genetics,478.56,479.935,458.1,465.7,90,4.553579642431814,20,1,0,0,0,1
VRTX,Medical,Medical - Biomedical and Genetics,35__0,35,0.0,6. p95_trade_value,23100.0,46900.0,O:VRTX241206C00530000,VRTX,C,530.0,2024-12-06,209,0,307,1.65,1731684379211000000,146,24089.999999999996,2024-11-15,3000,30,True,Automatic Execution,Medical,Medical - Biomedical and Genetics,478.56,479.935,458.1,465.7,199,4.381836799998343,20,1,0,0,0,1
VRTX,Medical,Medical - Biomedical and Genetics,35__0,35,0.0,7. p90_trade_value,16500.0,23070.0,O:VRTX241220P00400000,VRTX,P,400.0,2024-12-20,232,0,312,5.4,1732118276917000000,33,17820.0,2024-11-20,3000,30,True,Multi Leg auto-electronic trade,Medical,Medical - Biomedical and Genetics,448.46,451.7625,445.3839,451.23,384,4.250907699700856,20,2,1,1,1,0
VRTX,Medical,Medical - Biomedical and Genetics,35__0,35,0.0,7. p90_trade_value,16500.0,23070.0,O:VRTX241220P00445000,VRTX,P,445.0,2024-12-20,209,0,313,19.8,1732117652804000000,10,19800.0,2024-11-20,3000,30,True,Automatic Execution,Medical,Medical - Biomedical and Genetics,448.46,451.7625,445.3839,451.23,312,4.296665190261531,20,2,1,1,1,0
VRTX,Medical,Medical - Biomedical and Genetics,35__0,35,0.0,7. p90_trade_value,16500.0,23070.0,O:VRTX241220P00445000,VRTX,P,445.0,2024-12-20,232,0,302,19.4,1732118400134000000,10,19400.0,2024-11-20,3000,30,True,Multi Leg auto-electronic trade,Medical,Medical - Biomedical and Genetics,448.46,451.7625,445.3839,451.23,326,4.2878017299302265,20,2,1,1,1,0
VRTX,Medical,Medical - Biomedical and Genetics,35__0,35,0.0,7. p90_trade_value,16500.0,23070.0,O:VRTX241220P00445000,VRTX,P,445.0,2024-12-20,209,0,313,19.4,1732117315813000000,10,19400.0,2024-11-20,3000,30,True,Automatic Execution,Medical,Medical - Biomedical and Genetics,448.46,451.7625,445.3839,451.23,327,4.2878017299302265,20,2,1,1,1,0
VRTX,Medical,Medical - Biomedical and Genetics,35__0,35,0.0,6. p95_trade_value,23100.0,46900.0,O:VRTX241220P00445000,VRTX,P,445.0,2024-12-20,232,0,300,21.18,1732133757073000000,16,33888.0,2024-11-20,3000,30,True,Multi Leg auto-electronic trade,Medical,Medical - Biomedical and Genetics,448.46,451.7625,445.3839,451.23,100,4.530045938427391,20,1,1,1,1,0
VRTX,Medical,Medical - Biomedical and Genetics,35__0,35,0.0,7. p90_trade_value,16500.0,23070.0,O:VRTX241220P00445000,VRTX,P,445.0,2024-12-20,232,0,323,20.26,1732117310280000000,10,20260.000000000004,2024-11-20,3000,30,True,Multi Leg auto-electronic trade,Medical,Medical - Biomedical and Genetics,448.46,451.7625,445.3839,451.23,294,4.306639441024262,20,2,1,1,1,0
VRTX,Medical,Medical - Biomedical and Genetics,35__0,35,0.0,7. p90_trade_value,16500.0,23070.0,O:VRTX241220P00445000,VRTX,P,445.0,2024-12-20,232,0,309,19.47,1732118400131000000,10,19470.0,2024-11-20,3000,30,True,Multi Leg auto-electronic trade,Medical,Medical - Biomedical and Genetics,448.46,451.7625,445.3839,451.23,322,4.289365951520032,20,2,1,1,1,0
VRTX,Medical,Medical - Biomedical and Genetics,35__0,35,0.0,7. p90_trade_value,16500.0,23070.0,O:VRTX241220P00445000,VRTX,P,445.0,2024-12-20,232,0,323,20.9,1732134858076000000,10,20900.0,2024-11-20,3000,30,True,Multi Leg auto-electronic trade,Medical,Medical - Biomedical and Genetics,448.46,451.7625,445.3839,451.23,266,4.320146286111054,20,2,1,1,1,0
VRTX,Medical,Medical - Biomedical and Genetics,35__0,35,0.0,7. p90_trade_value,16500.0,23070.0,O:VRTX241220P00445000,VRTX,P,445.0,2024-12-20,232,0,309,20.2,1732117310281000000,10,20200.0,2024-11-20,3000,30,True,Multi Leg auto-electronic trade,Medical,Medical - Biomedical and Genetics,448.46,451.7625,445.3839,451.23,295,4.305351369446623,20,2,1,1,1,0
VRTX,Medical,Medical - Biomedical and Genetics,35__0,35,0.0,6. p95_trade_value,23100.0,46900.0,O:VRTX241220P00445000,VRTX,P,445.0,2024-12-20,232,0,308,21.01,1732134858076000000,12,25212.0,2024-11-20,3000,30,True,Multi Leg auto-electronic trade,Medical,Medical - Biomedical and Genetics,448.46,451.7625,445.3839,451.23,182,4.401607298453578,20,1,1,1,1,0
VRTX,Medical,Medical - Biomedical and Genetics,35__0,35,0.0,6. p95_trade_value,23100.0,46900.0,O:VRTX241220P00445000,VRTX,P,445.0,2024-12-20,232,0,313,20.97,1732134858076000000,12,25164.0,2024-11-20,3000,30,True,Multi Leg auto-electronic trade,Medical,Medical - Biomedical and Genetics,448.46,451.7625,445.3839,451.23,185,4.400779676512968,20,1,1,1,1,0
VRTX,Medical,Medical - Biomedical and Genetics,35__0,35,0.0,6. p95_trade_value,23100.0,46900.0,O:VRTX241220P00445000,VRTX,P,445.0,2024-12-20,232,0,304,20.92,1732134858079000000,12,25104.000000000004,2024-11-20,3000,30,True,Multi Leg auto-electronic trade,Medical,Medical - Biomedical and Genetics,448.46,451.7625,445.3839,451.23,186,4.399742926242862,20,1,1,1,1,0
VRTX,Medical,Medical - Biomedical and Genetics,35__0,35,0.0,6. p95_trade_value,23100.0,46900.0,O:VRTX241220P00445000,VRTX,P,445.0,2024-12-20,232,0,301,20.6,1732133757073000000,18,37080.0,2024-11-20,3000,30,True,Multi Leg auto-electronic trade,Medical,Medical - Biomedical and Genetics,448.46,451.7625,445.3839,451.23,82,4.56913972547246,20,1,1,1,1,0
VRTX,Medical,Medical - Biomedical and Genetics,35__0,35,0.0,6. p95_trade_value,23100.0,46900.0,O:VRTX241220P00445000,VRTX,P,445.0,2024-12-20,232,0,300,19.5,1732118400131000000,12,23400.0,2024-11-20,3000,30,True,Multi Leg auto-electronic trade,Medical,Medical - Biomedical and Genetics,448.46,451.7625,445.3839,451.23,210,4.3692158574101425,20,1,1,1,1,0
VRTX,Medical,Medical - Biomedical and Genetics,35__0,35,0.0,6. p95_trade_value,23100.0,46900.0,O:VRTX241220P00445000,VRTX,P,445.0,2024-12-20,232,0,312,21.19,1732133757060000000,18,38142.0,2024-11-20,3000,30,True,Multi Leg auto-electronic trade,Medical,Medical - Biomedical and Genetics,448.46,451.7625,445.3839,451.23,73,4.581403461814101,20,1,1,1,1,0
VRTX,Medical,Medical - Biomedical and Genetics,35__0,35,0.0,6. p95_trade_value,23100.0,46900.0,O:VRTX241220P00445000,VRTX,P,445.0,2024-12-20,232,0,308,19.45,1732118400131000000,12,23339.999999999996,2024-11-20,3000,30,True,Multi Leg auto-electronic trade,Medical,Medical - Biomedical and Genetics,448.46,451.7625,445.3839,451.23,211,4.368100851709351,20,1,1,1,1,0
VRTX,Medical,Medical - Biomedical and Genetics,35__0,35,0.0,6. p95_trade_value,23100.0,46900.0,O:VRTX241220P00445000,VRTX,P,445.0,2024-12-20,232,0,304,19.4,1732118400133000000,12,23280.0,2024-11-20,3000,30,True,Multi Leg auto-electronic trade,Medical,Medical - Biomedical and Genetics,448.46,451.7625,445.3839,451.23,212,4.366982975977851,20,1,1,1,1,0
VRTX,Medical,Medical - Biomedical and Genetics,35__0,35,0.0,6. p95_trade_value,23100.0,46900.0,O:VRTX241220P00445000,VRTX,P,445.0,2024-12-20,232,0,300,21.17,1732134858076000000,12,25404.000000000004,2024-11-20,3000,30,True,Multi Leg auto-electronic trade,Medical,Medical - Biomedical and Genetics,448.46,451.7625,445.3839,451.23,179,4.404902104067037,20,1,1,1,1,0
VRTX,Medical,Medical - Biomedical and Genetics,35__0,35,0.0,6. p95_trade_value,23100.0,46900.0,O:VRTX241220P00445000,VRTX,P,445.0,2024-12-20,232,0,308,20.95,1732133757072000000,18,37710.0,2024-11-20,3000,30,True,Multi Leg auto-electronic trade,Medical,Medical - Biomedical and Genetics,448.46,451.7625,445.3839,451.23,77,4.57645653240562,20,1,1,1,1,0
VRTX,Medical,Medical - Biomedical and Genetics,35__0,35,0.0,6. p95_trade_value,23100.0,46900.0,O:VRTX241220P00445000,VRTX,P,445.0,2024-12-20,209,0,316,20.6,1732134881664000000,16,32960.0,2024-11-20,3000,30,True,Automatic Execution,Medical,Medical - Biomedical and Genetics,448.46,451.7625,445.3839,451.23,106,4.517987203025078,20,1,1,1,1,0
VRTX,Medical,Medical - Biomedical and Genetics,35__0,35,0.0,6. p95_trade_value,23100.0,46900.0,O:VRTX241220P00445000,VRTX,P,445.0,2024-12-20,232,0,322,21.11,1732133757060000000,16,33776.0,2024-11-20,3000,30,True,Multi Leg auto-electronic trade,Medical,Medical - Biomedical and Genetics,448.46,451.7625,445.3839,451.23,103,4.528608215963581,20,1,1,1,1,0
VRTX,Medical,Medical - Biomedical and Genetics,35__0,35,0.0,6. p95_trade_value,23100.0,46900.0,O:VRTX241220P00445000,VRTX,P,445.0,2024-12-20,232,0,302,21.11,1732133757072000000,16,33776.0,2024-11-20,3000,30,True,Multi Leg auto-electronic trade,Medical,Medical - Biomedical and Genetics,448.46,451.7625,445.3839,451.23,102,4.528608215963581,20,1,1,1,1,0
VRTX,Medical,Medical - Biomedical and Genetics,35__0,35,0.0,6. p95_trade_value,23100.0,46900.0,O:VRTX241220P00445000,VRTX,P,445.0,2024-12-20,232,0,304,21.11,1732133757074000000,18,37998.0,2024-11-20,3000,30,True,Multi Leg auto-electronic trade,Medical,Medical - Biomedical and Genetics,448.46,451.7625,445.3839,451.23,76,4.579760738410963,20,1,1,1,1,0
VRTX,Medical,Medical - Biomedical and Genetics,35__0,35,0.0,6. p95_trade_value,23100.0,46900.0,O:VRTX241220P00445000,VRTX,P,445.0,2024-12-20,232,0,313,21.18,1732133757073000000,16,33888.0,2024-11-20,3000,30,True,Multi Leg auto-electronic trade,Medical,Medical - Biomedical and Genetics,448.46,451.7625,445.3839,451.23,101,4.530045938427391,20,1,1,1,1,0
VRTX,Medical,Medical - Biomedical and Genetics,35__0,35,0.0,7. p90_trade_value,16500.0,23070.0,O:VRTX241220P00445000,VRTX,P,445.0,2024-12-20,232,0,323,20.33,1732118400131000000,10,20330.0,2024-11-20,3000,30,True,Multi Leg auto-electronic trade,Medical,Medical - Biomedical and Genetics,448.46,451.7625,445.3839,451.23,290,4.308137378638039,20,2,1,1,1,0
VRTX,Medical,Medical - Biomedical and Genetics,35__0,35,0.0,5. p99_trade_value,46979.99999999999,210000.0,O:VRTX241129C00460000,VRTX,C,460.0,2024-11-29,232,0,308,6.71,1732203982486000000,80,53679.99999999999,2024-11-21,3000,30,True,Multi Leg auto-electronic trade,Medical,Medical - Biomedical and Genetics,454.24,455.43,445.0,450.37,37,4.729812507160935,20,1,1,1,1,0
VRTX,Medical,Medical - Biomedical and Genetics,35__0,35,0.0,6. p95_trade_value,23100.0,46900.0,O:VRTX241129C00460000,VRTX,C,460.0,2024-11-29,232,0,302,7.58,1732211080796000000,60,45480.0,2024-11-21,3000,30,True,Multi Leg auto-electronic trade,Medical,Medical - Biomedical and Genetics,454.24,455.43,445.0,450.37,50,4.657820456015697,20,1,1,1,1,0
VRTX,Medical,Medical - Biomedical and Genetics,35__0,35,0.0,6. p95_trade_value,23100.0,46900.0,O:VRTX241220C00480000,VRTX,C,480.0,2024-12-20,209,0,308,10.5,1732201193658000000,22,23100.0,2024-11-21,3000,30,True,Automatic Execution,Medical,Medical - Biomedical and Genetics,454.24,455.43,445.0,450.37,215,4.363611979892144,20,1,0,0,0,1
VRTX,Medical,Medical - Biomedical and Genetics,35__0,35,0.0,7. p90_trade_value,16500.0,23070.0,O:VRTX241220C00480000,VRTX,C,480.0,2024-12-20,209,0,308,10.5,1732201392763000000,20,21000.0,2024-11-21,3000,30,True,Automatic Execution,Medical,Medical - Biomedical and Genetics,454.24,455.43,445.0,450.37,263,4.3222192947339195,20,2,0,0,0,1
VRTX,Medical,Medical - Biomedical and Genetics,35__0,35,0.0,7. p90_trade_value,16500.0,23070.0,O:VRTX241129P00447500,VRTX,P,447.5,2024-11-29,209,0,313,7.6,1732299695187000000,30,22800.0,2024-11-22,3000,30,True,Automatic Execution,Medical,Medical - Biomedical and Genetics,454.3,457.54,449.0401,450.97,224,4.357934847000454,20,2,0,0,0,1
VRTX,Medical,Medical - Biomedical and Genetics,35__0,35,0.0,6. p95_trade_value,23100.0,46900.0,O:VRTX241220C00470000,VRTX,C,470.0,2024-12-20,227,0,309,14.82,1732289713924000000,20,29639.999999999996,2024-11-22,3000,30,True,Single Leg Auction Non ISO,Medical,Medical - Biomedical and Genetics,454.3,457.54,449.0401,450.97,133,4.471878199307291,20,1,1,0,0,0
VRTX,Medical,Medical - Biomedical and Genetics,35__0,35,0.0,6. p95_trade_value,23100.0,46900.0,O:VRTX241220C00550000,VRTX,C,550.0,2024-12-20,209,0,308,1.9,1732290458661000000,152,28880.0,2024-11-22,3000,30,True,Automatic Execution,Medical,Medical - Biomedical and Genetics,454.3,457.54,449.0401,450.97,142,4.4605971888976015,20,1,0,0,0,1
VRTX,Medical,Medical - Biomedical and Genetics,35__0,35,0.0,7. p90_trade_value,16500.0,23070.0,O:VRTX241220P00440000,VRTX,P,440.0,2024-12-20,209,0,316,18.5,1732286054354000000,10,18500.0,2024-11-22,3000,30,True,Automatic Execution,Medical,Medical - Biomedical and Genetics,454.3,457.54,449.0401,450.97,359,4.267171728403014,20,2,1,1,1,0
VRTX,Medical,Medical - Biomedical and Genetics,35__0,35,0.0,7. p90_trade_value,16500.0,23070.0,O:VRTX241220P00440000,VRTX,P,440.0,2024-12-20,209,0,316,18.6,1732286048548000000,10,18600.0,2024-11-22,3000,30,True,Automatic Execution,Medical,Medical - Biomedical and Genetics,454.3,457.54,449.0401,450.97,354,4.269512944217916,20,2,1,1,1,0
VRTX,Medical,Medical - Biomedical and Genetics,35__0,35,0.0,7. p90_trade_value,16500.0,23070.0,O:VRTX241220P00440000,VRTX,P,440.0,2024-12-20,209,0,316,18.8,1732286066336000000,10,18800.0,2024-11-22,3000,30,True,Automatic Execution,Medical,Medical - Biomedical and Genetics,454.3,457.54,449.0401,450.97,345,4.27415784926368,20,2,1,1,1,0
VRTX,Medical,Medical - Biomedical and Genetics,35__0,35,0.0,7. p90_trade_value,16500.0,23070.0,O:VRTX241220P00440000,VRTX,P,440.0,2024-12-20,209,0,316,18.5,1732286041035000000,10,18500.0,2024-11-22,3000,30,True,Automatic Execution,Medical,Medical - Biomedical and Genetics,454.3,457.54,449.0401,450.97,360,4.267171728403014,20,2,1,1,1,0
VRTX,Medical,Medical - Biomedical and Genetics,35__0,35,0.0,7. p90_trade_value,16500.0,23070.0,O:VRTX241220P00440000,VRTX,P,440.0,2024-12-20,209,0,316,18.5,1732286056712000000,9,16650.0,2024-11-22,3000,30,True,Automatic Execution,Medical,Medical - Biomedical and Genetics,454.3,457.54,449.0401,450.97,419,4.221414237842339,20,2,1,1,1,0
VRTX,Medical,Medical - Biomedical and Genetics,35__0,35,0.0,7. p90_trade_value,16500.0,23070.0,O:VRTX241220P00440000,VRTX,P,440.0,2024-12-20,209,0,316,16.5,1732286030219000000,10,16500.0,2024-11-22,3000,30,True,Automatic Execution,Medical,Medical - Biomedical and Genetics,454.3,457.54,449.0401,450.97,428,4.217483944213907,20,2,1,1,1,0
VRTX,Medical,Medical - Biomedical and Genetics,35__0,35,0.0,7. p90_trade_value,16500.0,23070.0,O:VRTX241206C00475000,VRTX,C,475.0,2024-12-06,227,0,323,7.94,1732561145849000000,27,21438.000000000004,2024-11-25,3000,30,True,Single Leg Auction Non ISO,Medical,Medical - Biomedical and Genetics,456.58,462.95,455.825,461.71,249,4.331184266586083,20,2,0,0,0,1
VRTX,Medical,Medical - Biomedical and Genetics,35__0,35,0.0,6. p95_trade_value,23100.0,46900.0,O:VRTX241213C00545000,VRTX,C,545.0,2024-12-13,209,0,307,2.15,1732549943043000000,138,29670.0,2024-11-25,3000,30,True,Automatic Execution,Medical,Medical - Biomedical and Genetics,456.58,462.95,455.825,461.71,132,4.472317546316842,20,1,0,0,0,1
VRTX,Medical,Medical - Biomedical and Genetics,35__0,35,0.0,6. p95_trade_value,23100.0,46900.0,O:VRTX241220C00560000,VRTX,C,560.0,2024-12-20,209,0,307,2.7,1732550292885000000,134,36180.0,2024-11-25,3000,30,True,Automatic Execution,Medical,Medical - Biomedical and Genetics,456.58,462.95,455.825,461.71,86,4.558468562523795,20,1,0,0,0,1
VRTX,Medical,Medical - Biomedical and Genetics,35__0,35,0.0,5. p99_trade_value,46979.99999999999,210000.0,O:VRTX241220P00440000,VRTX,P,440.0,2024-12-20,209,0,316,15.3,1732550312457000000,43,65790.0,2024-11-25,3000,30,True,Automatic Execution,Medical,Medical - Biomedical and Genetics,456.58,462.95,455.825,461.71,27,4.8181598863971855,20,1,1,1,1,0
VRTX,Medical,Medical - Biomedical and Genetics,35__0,35,0.0,6. p95_trade_value,23100.0,46900.0,O:VRTX241220P00440000,VRTX,P,440.0,2024-12-20,209,0,316,15.2,1732550313461000000,16,24320.0,2024-11-25,3000,30,True,Automatic Execution,Medical,Medical - Biomedical and Genetics,456.58,462.95,455.825,461.71,197,4.385963570600698,20,1,1,1,1,0
VRTX,Medical,Medical - Biomedical and Genetics,35__0,35,0.0,5. p99_trade_value,46979.99999999999,210000.0,O:VRTX241220P00440000,VRTX,P,440.0,2024-12-20,209,0,316,15.1,1732550284977000000,37,55869.99999999999,2024-11-25,3000,30,True,Automatic Execution,Medical,Medical - Biomedical and Genetics,456.58,462.95,455.825,461.71,35,4.747178671360165,20,1,1,1,1,0
VRTX,Medical,Medical - Biomedical and Genetics,35__0,35,0.0,7. p90_trade_value,16500.0,23070.0,O:VRTX241220P00420000,VRTX,P,420.0,2024-12-20,209,0,323,7.1,1732649186234000000,25,17750.0,2024-11-26,3000,30,True,Automatic Execution,Medical,Medical - Biomedical and Genetics,464.0,467.96,459.07,467.07,385,4.249198357391113,20,2,1,1,1,0
VRTX,Medical,Medical - Biomedical and Genetics,35__0,35,0.0,7. p90_trade_value,16500.0,23070.0,O:VRTX241220P00440000,VRTX,P,440.0,2024-12-20,209,0,323,12.7,1732652709930000000,18,22860.0,2024-11-26,3000,30,True,Automatic Execution,Medical,Medical - Biomedical and Genetics,464.0,467.96,459.07,467.07,223,4.359076226059263,20,2,1,1,1,0
VRTX,Medical,Medical - Biomedical and Genetics,35__0,35,0.0,7. p90_trade_value,16500.0,23070.0,O:VRTX241206P00460000,VRTX,P,460.0,2024-12-06,209,0,320,10.7,1732720926577000000,20,21400.0,2024-11-27,3000,30,True,Automatic Execution,Medical,Medical - Biomedical and Genetics,464.81,470.4245,462.01,464.56,250,4.330413773349191,20,2,1,1,0,0
VRTX,Medical,Medical - Biomedical and Genetics,35__0,35,0.0,6. p95_trade_value,23100.0,46900.0,O:VRTX241220P00440000,VRTX,P,440.0,2024-12-20,232,0,312,12.6,1732721227215000000,23,28980.0,2024-11-27,3000,30,True,Multi Leg auto-electronic trade,Medical,Medical - Biomedical and Genetics,464.81,470.4245,462.01,464.56,141,4.4620983811351556,20,1,1,1,1,0
VRTX,Medical,Medical - Biomedical and Genetics,35__0,35,0.0,6. p95_trade_value,23100.0,46900.0,O:VRTX241220P00445000,VRTX,P,445.0,2024-12-20,232,0,312,14.05,1732721227215000000,23,32315.000000000004,2024-11-27,3000,30,True,Multi Leg auto-electronic trade,Medical,Medical - Biomedical and Genetics,464.81,470.4245,462.01,464.56,116,4.509404160258692,20,1,1,1,1,0
VRTX,Medical,Medical - Biomedical and Genetics,35__0,35,0.0,5. p99_trade_value,46979.99999999999,210000.0,O:VRTX241220P00450000,VRTX,P,450.0,2024-12-20,227,0,323,15.8,1732725700725000000,72,113760.00000000001,2024-11-27,3000,30,True,Single Leg Auction Non ISO,Medical,Medical - Biomedical and Genetics,464.81,470.4245,462.01,464.56,12,5.055989583385691,20,1,1,1,1,0
VRTX,Medical,Medical - Biomedical and Genetics,35__0,35,0.0,7. p90_trade_value,16500.0,23070.0,O:VRTX241220P00450000,VRTX,P,450.0,2024-12-20,227,0,323,15.57,1732725700725000000,12,18684.0,2024-11-27,3000,30,True,Single Leg Auction Non ISO,Medical,Medical - Biomedical and Genetics,464.81,470.4245,462.01,464.56,348,4.271469858615745,20,2,1,1,1,0
VRTX,Medical,Medical - Biomedical and Genetics,35__0,35,0.0,6. p95_trade_value,23100.0,46900.0,O:VRTX241213P00460000,VRTX,P,460.0,2024-12-13,227,0,312,14.28,1732901740298000000,29,41412.0,2024-11-29,3000,30,True,Single Leg Auction Non ISO,Medical,Medical - Biomedical and Genetics,463.6,470.9299,462.33,468.13,63,4.617126205339112,20,1,1,1,0,0
VRTX,Medical,Medical - Biomedical and Genetics,35__0,35,0.0,7. p90_trade_value,16500.0,23070.0,O:VRTX241220C00500000,VRTX,C,500.0,2024-12-20,209,0,308,12.8,1732902370854000000,13,16640.0,2024-11-29,3000,30,True,Automatic Execution,Medical,Medical - Biomedical and Genetics,463.6,470.9299,462.33,468.13,421,4.221153321954705,20,2,0,0,0,1
VRTX,Medical,Medical - Biomedical and Genetics,35__0,35,0.0,7. p90_trade_value,16500.0,23070.0,O:VRTX241206C00470000,VRTX,C,470.0,2024-12-06,227,0,309,9.56,1733153054045000000,22,21032.000000000004,2024-12-02,3000,30,True,Single Leg Auction Non ISO,Medical,Medical - Biomedical and Genetics,467.48,468.19,463.05,465.73,262,4.322880573098306,20,2,0,0,0,1
VRTX,Medical,Medical - Biomedical and Genetics,35__0,35,0.0,7. p90_trade_value,16500.0,23070.0,O:VRTX241213C00480000,VRTX,C,480.0,2024-12-13,209,0,308,13.0,1733151599089000000,17,22100.0,2024-12-02,3000,30,True,Automatic Execution,Medical,Medical - Biomedical and Genetics,467.48,468.19,463.05,465.73,236,4.344392273685111,20,2,0,0,0,1
VRTX,Medical,Medical - Biomedical and Genetics,35__0,35,0.0,5. p99_trade_value,46979.99999999999,210000.0,O:VRTX241220C00475000,VRTX,C,475.0,2024-12-20,235,0,301,16.5,1733160995028000000,50,82500.0,2024-12-02,3000,30,True,Multi Leg floor trade,Medical,Medical - Biomedical and Genetics,467.48,468.19,463.05,465.73,18,4.9164539485499255,20,1,1,0,0,0
VRTX,Medical,Medical - Biomedical and Genetics,35__0,35,0.0,5. p99_trade_value,46979.99999999999,210000.0,O:VRTX241220P00455000,VRTX,P,455.0,2024-12-20,235,0,301,16.0,1733160995028000000,50,80000.0,2024-12-02,3000,30,True,Multi Leg floor trade,Medical,Medical - Biomedical and Genetics,467.48,468.19,463.05,465.73,20,4.903089986991944,20,1,1,1,1,0
VRTX,Medical,Medical - Biomedical and Genetics,35__0,35,0.0,7. p90_trade_value,16500.0,23070.0,O:VRTX241220P00405000,VRTX,P,405.0,2024-12-20,232,0,308,4.45,1733245885180000000,45,20025.0,2024-12-03,3000,30,True,Multi Leg auto-electronic trade,Medical,Medical - Biomedical and Genetics,462.86,468.51,455.01,456.97,301,4.301572524756275,20,2,1,1,1,0
VRTX,Medical,Medical - Biomedical and Genetics,35__0,35,0.0,6. p95_trade_value,23100.0,46900.0,O:VRTX241220P00410000,VRTX,P,410.0,2024-12-20,232,0,308,5.25,1733245885180000000,45,23625.0,2024-12-03,3000,30,True,Multi Leg auto-electronic trade,Medical,Medical - Biomedical and Genetics,462.86,468.51,455.01,456.97,205,4.373371817181301,20,1,1,1,1,0
VRTX,Medical,Medical - Biomedical and Genetics,35__0,35,0.0,7. p90_trade_value,16500.0,23070.0,O:VRTX241220P00450000,VRTX,P,450.0,2024-12-20,232,0,302,17.34,1733238126497000000,11,19074.0,2024-12-03,3000,30,True,Multi Leg auto-electronic trade,Medical,Medical - Biomedical and Genetics,462.86,468.51,455.01,456.97,335,4.2804417782984165,20,2,1,1,1,0
VRTX,Medical,Medical - Biomedical and Genetics,35__0,35,0.0,6. p95_trade_value,23100.0,46900.0,O:VRTX241213P00437500,VRTX,P,437.5,2024-12-13,232,0,308,9.15,1733339231438000000,33,30195.0,2024-12-04,3000,30,True,Multi Leg auto-electronic trade,Medical,Medical - Biomedical and Genetics,454.72,464.87,450.0,463.98,128,4.479935033944336,20,1,0,0,0,1
VRTX,Medical,Medical - Biomedical and Genetics,35__0,35,0.0,6. p95_trade_value,23100.0,46900.0,O:VRTX241213P00440000,VRTX,P,440.0,2024-12-13,209,0,308,11.0,1733431951209000000,23,25300.0,2024-12-05,3000,30,True,Automatic Execution,Medical,Medical - Biomedical and Genetics,461.35,467.06,457.96,459.92,181,4.4031205211758175,20,1,0,0,0,1
VRTX,Medical,Medical - Biomedical and Genetics,35__0,35,0.0,7. p90_trade_value,16500.0,23070.0,O:VRTX241220C00540000,VRTX,C,540.0,2024-12-20,209,0,325,2.6,1733418382513000000,73,18980.0,2024-12-05,3000,30,True,Automatic Execution,Medical,Medical - Biomedical and Genetics,461.35,467.06,457.96,459.92,341,4.278296208091274,20,2,0,0,0,1
VRTX,Medical,Medical - Biomedical and Genetics,35__0,35,0.0,5. p99_trade_value,46979.99999999999,210000.0,O:VRTX241220P00400000,VRTX,P,400.0,2024-12-20,235,0,300,3.5,1733432063311000000,250,87500.0,2024-12-05,3000,30,True,Multi Leg floor trade,Medical,Medical - Biomedical and Genetics,461.35,467.06,457.96,459.92,15,4.942008053022313,20,1,1,1,1,0
VRTX,Medical,Medical - Biomedical and Genetics,35__0,35,0.0,1. p999999_trade_value,475000.0,475000.0,O:VRTX241220P00450000,VRTX,P,450.0,2024-12-20,235,0,300,19.0,1733432063311000000,250,475000.0,2024-12-05,3000,30,True,Multi Leg floor trade,Medical,Medical - Biomedical and Genetics,461.35,467.06,457.96,459.92,1,5.676693609624866,20,1,1,1,1,0
VRTX,Medical,Medical - Biomedical and Genetics,35__0,35,0.0,7. p90_trade_value,16500.0,23070.0,O:VRTX241213P00440000,VRTX,P,440.0,2024-12-13,209,0,315,10.9,1733496730268000000,17,18530.0,2024-12-06,3000,30,True,Automatic Execution,Medical,Medical - Biomedical and Genetics,458.06,465.905,456.86,462.1,358,4.267875419318898,20,2,0,0,0,1
VRTX,Medical,Medical - Biomedical and Genetics,35__0,35,0.0,7. p90_trade_value,16500.0,23070.0,O:VRTX241213P00440000,VRTX,P,440.0,2024-12-13,209,0,325,10.9,1733496730268000000,16,17440.0,2024-12-06,3000,30,True,Automatic Execution,Medical,Medical - Biomedical and Genetics,458.06,465.905,456.86,462.1,392,4.241546480596549,20,2,0,0,0,1
VRTX,Medical,Medical - Biomedical and Genetics,35__0,35,0.0,7. p90_trade_value,16500.0,23070.0,O:VRTX241220P00425000,VRTX,P,425.0,2024-12-20,232,0,302,7.61,1733500307486000000,29,22069.0,2024-12-06,3000,30,True,Multi Leg auto-electronic trade,Medical,Medical - Biomedical and Genetics,458.06,465.905,456.86,462.1,239,4.343782654669529,20,2,1,1,1,0
VRTX,Medical,Medical - Biomedical and Genetics,35__0,35,0.0,7. p90_trade_value,16500.0,23070.0,O:VRTX241220P00450000,VRTX,P,450.0,2024-12-20,232,0,301,20.3,1733511745194000000,10,20300.0,2024-12-06,3000,30,True,Multi Leg auto-electronic trade,Medical,Medical - Biomedical and Genetics,458.06,465.905,456.86,462.1,293,4.307496037913213,20,2,1,1,1,0
VRTX,Medical,Medical - Biomedical and Genetics,35__0,35,0.0,7. p90_trade_value,16500.0,23070.0,O:VRTX241220P00450000,VRTX,P,450.0,2024-12-20,232,0,301,20.32,1733511742747000000,10,20320.0,2024-12-06,3000,30,True,Multi Leg auto-electronic trade,Medical,Medical - Biomedical and Genetics,458.06,465.905,456.86,462.1,291,4.307923703611881,20,2,1,1,1,0
VRTX,Medical,Medical - Biomedical and Genetics,35__0,35,0.0,7. p90_trade_value,16500.0,23070.0,O:VRTX241220P00450000,VRTX,P,450.0,2024-12-20,232,0,303,18.48,1733511742658000000,10,18480.0,2024-12-06,3000,30,True,Multi Leg auto-electronic trade,Medical,Medical - Biomedical and Genetics,458.06,465.905,456.86,462.1,363,4.266701966884088,20,2,1,1,1,0
VRTX,Medical,Medical - Biomedical and Genetics,35__0,35,0.0,7. p90_trade_value,16500.0,23070.0,O:VRTX241220P00450000,VRTX,P,450.0,2024-12-20,232,0,312,18.43,1733511742661000000,10,18430.0,2024-12-06,3000,30,True,Multi Leg auto-electronic trade,Medical,Medical - Biomedical and Genetics,458.06,465.905,456.86,462.1,366,4.265525335219074,20,2,1,1,1,0
VRTX,Medical,Medical - Biomedical and Genetics,35__0,35,0.0,7. p90_trade_value,16500.0,23070.0,O:VRTX241220P00450000,VRTX,P,450.0,2024-12-20,232,0,309,18.46,1733511742659000000,10,18460.000000000004,2024-12-06,3000,30,True,Multi Leg auto-electronic trade,Medical,Medical - Biomedical and Genetics,458.06,465.905,456.86,462.1,365,4.266231696689894,20,2,1,1,1,0
VRTX,Medical,Medical - Biomedical and Genetics,35__0,35,0.0,7. p90_trade_value,16500.0,23070.0,O:VRTX241220P00450000,VRTX,P,450.0,2024-12-20,232,0,322,18.47,1733511742660000000,10,18470.0,2024-12-06,3000,30,True,Multi Leg auto-electronic trade,Medical,Medical - Biomedical and Genetics,458.06,465.905,456.86,462.1,364,4.266466895440241,20,2,1,1,1,0
VRTX,Medical,Medical - Biomedical and Genetics,35__0,35,0.0,7. p90_trade_value,16500.0,23070.0,O:VRTX241220P00450000,VRTX,P,450.0,2024-12-20,232,0,304,18.42,1733511742758000000,10,18420.0,2024-12-06,3000,30,True,Multi Leg auto-electronic trade,Medical,Medical - Biomedical and Genetics,458.06,465.905,456.86,462.1,368,4.26528962586083,20,2,1,1,1,0
VRTX,Medical,Medical - Biomedical and Genetics,35__0,35,0.0,6. p95_trade_value,23100.0,46900.0,O:VRTX241220P00455000,VRTX,P,455.0,2024-12-20,232,0,322,20.25,1733511652877000000,16,32400.0,2024-12-06,3000,30,True,Multi Leg auto-electronic trade,Medical,Medical - Biomedical and Genetics,458.06,465.905,456.86,462.1,115,4.510545010206612,20,1,1,1,1,0
VRTX,Medical,Medical - Biomedical and Genetics,35__0,35,0.0,5. p99_trade_value,46979.99999999999,210000.0,O:VRTX241220P00455000,VRTX,P,455.0,2024-12-20,232,0,302,18.61,1733500307486000000,29,53968.99999999999,2024-12-06,3000,30,True,Multi Leg auto-electronic trade,Medical,Medical - Biomedical and Genetics,458.06,465.905,456.86,462.1,36,4.732144371029723,20,1,1,1,1,0
VRTX,Medical,Medical - Biomedical and Genetics,35__0,35,0.0,7. p90_trade_value,16500.0,23070.0,O:VRTX241227P00450000,VRTX,P,450.0,2024-12-27,232,0,303,18.66,1733511742658000000,10,18660.0,2024-12-06,3000,30,True,Multi Leg auto-electronic trade,Medical,Medical - Biomedical and Genetics,458.06,465.905,456.86,462.1,350,4.270911639410481,20,2,1,1,1,0
VRTX,Medical,Medical - Biomedical and Genetics,35__0,35,0.0,7. p90_trade_value,16500.0,23070.0,O:VRTX241227P00450000,VRTX,P,450.0,2024-12-27,232,0,304,18.6,1733511742758000000,10,18600.0,2024-12-06,3000,30,True,Multi Leg auto-electronic trade,Medical,Medical - Biomedical and Genetics,458.06,465.905,456.86,462.1,355,4.269512944217916,20,2,1,1,1,0
VRTX,Medical,Medical - Biomedical and Genetics,35__0,35,0.0,7. p90_trade_value,16500.0,23070.0,O:VRTX241227P00450000,VRTX,P,450.0,2024-12-27,232,0,309,18.64,1733511742659000000,10,18640.0,2024-12-06,3000,30,True,Multi Leg auto-electronic trade,Medical,Medical - Biomedical and Genetics,458.06,465.905,456.86,462.1,352,4.270445908017963,20,2,1,1,1,0
VRTX,Medical,Medical - Biomedical and Genetics,35__0,35,0.0,7. p90_trade_value,16500.0,23070.0,O:VRTX241227P00450000,VRTX,P,450.0,2024-12-27,232,0,301,20.5,1733511742747000000,10,20500.0,2024-12-06,3000,30,True,Multi Leg auto-electronic trade,Medical,Medical - Biomedical and Genetics,458.06,465.905,456.86,462.1,282,4.311753861055754,20,2,1,1,1,0
VRTX,Medical,Medical - Biomedical and Genetics,35__0,35,0.0,7. p90_trade_value,16500.0,23070.0,O:VRTX241227P00450000,VRTX,P,450.0,2024-12-27,232,0,322,18.65,1733511742660000000,10,18650.0,2024-12-06,3000,30,True,Multi Leg auto-electronic trade,Medical,Medical - Biomedical and Genetics,458.06,465.905,456.86,462.1,351,4.270678836144707,20,2,1,1,1,0
VRTX,Medical,Medical - Biomedical and Genetics,35__0,35,0.0,7. p90_trade_value,16500.0,23070.0,O:VRTX241227P00450000,VRTX,P,450.0,2024-12-27,232,0,312,18.61,1733511742661000000,10,18610.0,2024-12-06,3000,30,True,Multi Leg auto-electronic trade,Medical,Medical - Biomedical and Genetics,458.06,465.905,456.86,462.1,353,4.269746373130767,20,2,1,1,1,0
VRTX,Medical,Medical - Biomedical and Genetics,35__0,35,0.0,7. p90_trade_value,16500.0,23070.0,O:VRTX241227P00450000,VRTX,P,450.0,2024-12-27,232,0,301,20.48,1733511745194000000,10,20480.0,2024-12-06,3000,30,True,Multi Leg auto-electronic trade,Medical,Medical - Biomedical and Genetics,458.06,465.905,456.86,462.1,285,4.311329952303793,20,2,1,1,1,0
VRTX,Medical,Medical - Biomedical and Genetics,35__0,35,0.0,6. p95_trade_value,23100.0,46900.0,O:VRTX241227P00455000,VRTX,P,455.0,2024-12-27,232,0,322,20.53,1733511652876000000,16,32848.0,2024-12-06,3000,30,True,Multi Leg auto-electronic trade,Medical,Medical - Biomedical and Genetics,458.06,465.905,456.86,462.1,107,4.516508932026516,20,1,1,1,1,0
VRTX,Medical,Medical - Biomedical and Genetics,35__0,35,0.0,7. p90_trade_value,16500.0,23070.0,O:VRTX241213C00480000,VRTX,C,480.0,2024-12-13,231,0,301,11.5,1733761824271000000,20,23000.0,2024-12-09,3000,30,True,Single Leg Floor Trade,Medical,Medical - Biomedical and Genetics,467.33,476.02,467.0,473.98,219,4.361727836017593,20,2,0,0,0,1
VRTX,Medical,Medical - Biomedical and Genetics,35__0,35,0.0,7. p90_trade_value,16500.0,23070.0,O:VRTX241213C00485000,VRTX,C,485.0,2024-12-13,209,0,308,12.0,1733777465937000000,15,18000.0,2024-12-09,3000,30,True,Automatic Execution,Medical,Medical - Biomedical and Genetics,467.33,476.02,467.0,473.98,378,4.2552725051033065,20,2,0,0,0,1
VRTX,Medical,Medical - Biomedical and Genetics,35__0,35,0.0,7. p90_trade_value,16500.0,23070.0,O:VRTX241213C00485000,VRTX,C,485.0,2024-12-13,209,0,320,10.0,1733765003391000000,20,20000.0,2024-12-09,3000,30,True,Automatic Execution,Medical,Medical - Biomedical and Genetics,467.33,476.02,467.0,473.98,302,4.301029995663981,20,2,0,0,0,1
VRTX,Medical,Medical - Biomedical and Genetics,35__0,35,0.0,5. p99_trade_value,46979.99999999999,210000.0,O:VRTX241220C00480000,VRTX,C,480.0,2024-12-20,209,0,325,22.0,1733756611751000000,31,68200.0,2024-12-09,3000,30,True,Automatic Execution,Medical,Medical - Biomedical and Genetics,467.33,476.02,467.0,473.98,24,4.833784374656479,20,1,0,0,0,1
VRTX,Medical,Medical - Biomedical and Genetics,35__0,35,0.0,7. p90_trade_value,16500.0,23070.0,O:VRTX241220C00480000,VRTX,C,480.0,2024-12-20,209,0,313,19.0,1733763650568000000,11,20900.0,2024-12-09,3000,30,True,Automatic Execution,Medical,Medical - Biomedical and Genetics,467.33,476.02,467.0,473.98,265,4.320146286111054,20,2,0,0,0,1
VRTX,Medical,Medical - Biomedical and Genetics,35__0,35,0.0,7. p90_trade_value,16500.0,23070.0,O:VRTX241220C00480000,VRTX,C,480.0,2024-12-20,209,0,319,18.8,1733763725313000000,11,20680.0,2024-12-09,3000,30,True,Automatic Execution,Medical,Medical - Biomedical and Genetics,467.33,476.02,467.0,473.98,271,4.315550534421905,20,2,0,0,0,1
VRTX,Medical,Medical - Biomedical and Genetics,35__0,35,0.0,6. p95_trade_value,23100.0,46900.0,O:VRTX241227P00450000,VRTX,P,450.0,2024-12-27,232,0,308,12.68,1733770994355000000,30,38040.0,2024-12-09,3000,30,True,Multi Leg auto-electronic trade,Medical,Medical - Biomedical and Genetics,467.33,476.02,467.0,473.98,74,4.580240508265376,20,1,1,1,1,0
VRTX,Medical,Medical - Biomedical and Genetics,35__0,35,0.0,6. p95_trade_value,23100.0,46900.0,O:VRTX241227P00452500,VRTX,P,452.5,2024-12-27,232,0,308,13.33,1733770994355000000,30,39990.0,2024-12-09,3000,30,True,Multi Leg auto-electronic trade,Medical,Medical - Biomedical and Genetics,467.33,476.02,467.0,473.98,71,4.601951404133522,20,1,1,1,1,0
VRTX,Medical,Medical - Biomedical and Genetics,35__0,35,0.0,7. p90_trade_value,16500.0,23070.0,O:VRTX241213P00455000,VRTX,P,455.0,2024-12-13,209,0,308,10.5,1733842623850000000,16,16800.0,2024-12-10,3000,30,True,Automatic Execution,Medical,Medical - Biomedical and Genetics,473.3,476.458,465.12,469.22,414,4.225309281725863,20,2,0,0,0,1
VRTX,Medical,Medical - Biomedical and Genetics,35__0,35,0.0,6. p95_trade_value,23100.0,46900.0,O:VRTX241213P00455000,VRTX,P,455.0,2024-12-13,209,0,308,10.4,1733842618703000000,25,26000.0,2024-12-10,3000,30,True,Automatic Execution,Medical,Medical - Biomedical and Genetics,473.3,476.458,465.12,469.22,169,4.414973347970818,20,1,0,0,0,1
VRTX,Medical,Medical - Biomedical and Genetics,35__0,35,0.0,6. p95_trade_value,23100.0,46900.0,O:VRTX241213P00460000,VRTX,P,460.0,2024-12-13,231,0,301,12.0,1733843904302000000,20,24000.0,2024-12-10,3000,30,True,Single Leg Floor Trade,Medical,Medical - Biomedical and Genetics,473.3,476.458,465.12,469.22,202,4.380211241711606,20,1,1,1,0,0
VRTX,Medical,Medical - Biomedical and Genetics,35__0,35,0.0,7. p90_trade_value,16500.0,23070.0,O:VRTX241220C00475000,VRTX,C,475.0,2024-12-20,233,0,302,21.18,1733948790983000000,10,21180.0,2024-12-11,3000,30,True,Multi Leg Auction,Medical,Medical - Biomedical and Genetics,472.31,472.33,460.7385,468.29,257,4.325925955771466,20,2,0,0,0,1
VRTX,Medical,Medical - Biomedical and Genetics,35__0,35,0.0,7. p90_trade_value,16500.0,23070.0,O:VRTX241220C00505000,VRTX,C,505.0,2024-12-20,232,0,312,9.62,1733949047000000000,20,19239.999999999996,2024-12-11,3000,30,True,Multi Leg auto-electronic trade,Medical,Medical - Biomedical and Genetics,472.31,472.33,460.7385,468.29,330,4.284205067701794,20,2,0,0,0,1
VRTX,Medical,Medical - Biomedical and Genetics,35__0,35,0.0,5. p99_trade_value,46979.99999999999,210000.0,O:VRTX241220P00415000,VRTX,P,415.0,2024-12-20,235,0,301,5.25,1733948687195000000,160,84000.0,2024-12-11,3000,30,True,Multi Leg floor trade,Medical,Medical - Biomedical and Genetics,472.31,472.33,460.7385,468.29,16,4.924279286061882,20,1,1,1,1,0
VRTX,Medical,Medical - Biomedical and Genetics,35__0,35,0.0,6. p95_trade_value,23100.0,46900.0,O:VRTX241220P00445000,VRTX,P,445.0,2024-12-20,233,0,323,12.9,1733949430854000000,20,25800.0,2024-12-11,3000,30,True,Multi Leg Auction,Medical,Medical - Biomedical and Genetics,472.31,472.33,460.7385,468.29,172,4.41161970596323,20,1,1,1,1,0
VRTX,Medical,Medical - Biomedical and Genetics,35__0,35,0.0,7. p90_trade_value,16500.0,23070.0,O:VRTX241220P00455000,VRTX,P,455.0,2024-12-20,232,0,312,18.5,1733946213894000000,10,18500.0,2024-12-11,3000,30,True,Multi Leg auto-electronic trade,Medical,Medical - Biomedical and Genetics,472.31,472.33,460.7385,468.29,361,4.267171728403014,20,2,1,1,1,0
VRTX,Medical,Medical - Biomedical and Genetics,35__0,35,0.0,4. p999_trade_value,231750.0,339200.0,O:VRTX241220P00460000,VRTX,P,460.0,2024-12-20,235,0,301,21.2,1733948687195000000,160,339200.0,2024-12-11,3000,30,True,Multi Leg floor trade,Medical,Medical - Biomedical and Genetics,472.31,472.33,460.7385,468.29,2,5.530455843584676,20,1,1,1,1,0
VRTX,Medical,Medical - Biomedical and Genetics,35__0,35,0.0,7. p90_trade_value,16500.0,23070.0,O:VRTX241227C00475000,VRTX,C,475.0,2024-12-27,233,0,302,22.43,1733948790983000000,10,22430.0,2024-12-11,3000,30,True,Multi Leg Auction,Medical,Medical - Biomedical and Genetics,472.31,472.33,460.7385,468.29,232,4.350829273582968,20,2,0,0,0,1
VRTX,Medical,Medical - Biomedical and Genetics,35__0,35,0.0,7. p90_trade_value,16500.0,23070.0,O:VRTX241227C00475000,VRTX,C,475.0,2024-12-27,232,0,312,21.1,1733945228320000000,8,16880.0,2024-12-11,3000,30,True,Multi Leg auto-electronic trade,Medical,Medical - Biomedical and Genetics,472.31,472.33,460.7385,468.29,411,4.227372442289636,20,2,0,0,0,1
VRTX,Medical,Medical - Biomedical and Genetics,35__0,35,0.0,7. p90_trade_value,16500.0,23070.0,O:VRTX241227C00485000,VRTX,C,485.0,2024-12-27,232,0,323,17.39,1733946563021000000,10,17390.0,2024-12-11,3000,30,True,Multi Leg auto-electronic trade,Medical,Medical - Biomedical and Genetics,472.31,472.33,460.7385,468.29,393,4.240299582002712,20,2,0,0,0,1
VRTX,Medical,Medical - Biomedical and Genetics,35__0,35,0.0,6. p95_trade_value,23100.0,46900.0,O:VRTX241227C00500000,VRTX,C,500.0,2024-12-27,227,0,301,12.48,1733950091758000000,30,37440.0,2024-12-11,3000,30,True,Single Leg Auction Non ISO,Medical,Medical - Biomedical and Genetics,472.31,472.33,460.7385,468.29,80,4.5733358400660675,20,1,0,0,0,1
VRTX,Medical,Medical - Biomedical and Genetics,35__0,35,0.0,7. p90_trade_value,16500.0,23070.0,O:VRTX241227C00505000,VRTX,C,505.0,2024-12-27,232,0,312,10.52,1733949046999000000,20,21039.999999999996,2024-12-11,3000,30,True,Multi Leg auto-electronic trade,Medical,Medical - Biomedical and Genetics,472.31,472.33,460.7385,468.29,261,4.323045735481702,20,2,0,0,0,1
VRTX,Medical,Medical - Biomedical and Genetics,35__0,35,0.0,6. p95_trade_value,23100.0,46900.0,O:VRTX241227P00445000,VRTX,P,445.0,2024-12-27,233,0,323,13.7,1733949430854000000,20,27400.0,2024-12-11,3000,30,True,Multi Leg Auction,Medical,Medical - Biomedical and Genetics,472.31,472.33,460.7385,468.29,158,4.437750562820388,20,1,1,1,1,0
VRTX,Medical,Medical - Biomedical and Genetics,35__0,35,0.0,7. p90_trade_value,16500.0,23070.0,O:VRTX241227P00450000,VRTX,P,450.0,2024-12-27,235,0,301,16.6,1733946251502000000,10,16600.0,2024-12-11,3000,30,True,Multi Leg floor trade,Medical,Medical - Biomedical and Genetics,472.31,472.33,460.7385,468.29,422,4.220108088040055,20,2,1,1,1,0
VRTX,Medical,Medical - Biomedical and Genetics,35__0,35,0.0,7. p90_trade_value,16500.0,23070.0,O:VRTX241227P00455000,VRTX,P,455.0,2024-12-27,232,0,312,19.85,1733946213894000000,10,19850.0,2024-12-11,3000,30,True,Multi Leg auto-electronic trade,Medical,Medical - Biomedical and Genetics,472.31,472.33,460.7385,468.29,307,4.297760511099134,20,2,1,1,1,0
VRTX,Medical,Medical - Biomedical and Genetics,35__0,35,0.0,7. p90_trade_value,16500.0,23070.0,O:VRTX250103C00475000,VRTX,C,475.0,2025-01-03,232,0,312,22.45,1733941528322000000,10,22450.0,2024-12-11,3000,30,True,Multi Leg auto-electronic trade,Medical,Medical - Biomedical and Genetics,472.31,472.33,460.7385,468.29,231,4.351216345339342,20,2,0,0,0,1
VRTX,Medical,Medical - Biomedical and Genetics,35__0,35,0.0,5. p99_trade_value,46979.99999999999,210000.0,O:VRTX250103C00475000,VRTX,C,475.0,2025-01-03,232,0,308,23.85,1733927405352000000,20,47700.0,2024-12-11,3000,30,True,Multi Leg auto-electronic trade,Medical,Medical - Biomedical and Genetics,472.31,472.33,460.7385,468.29,42,4.678518379040114,20,1,0,0,0,1
VRTX,Medical,Medical - Biomedical and Genetics,35__0,35,0.0,5. p99_trade_value,46979.99999999999,210000.0,O:VRTX250103C00475000,VRTX,C,475.0,2025-01-03,232,0,308,21.47,1733930213559000000,31,66557.0,2024-12-11,3000,30,True,Multi Leg auto-electronic trade,Medical,Medical - Biomedical and Genetics,472.31,472.33,460.7385,468.29,26,4.823193738270521,20,1,0,0,0,1
VRTX,Medical,Medical - Biomedical and Genetics,35__0,35,0.0,7. p90_trade_value,16500.0,23070.0,O:VRTX250110P00455000,VRTX,P,455.0,2025-01-10,232,0,308,20.65,1733949488351000000,10,20650.0,2024-12-11,3000,30,True,Multi Leg auto-electronic trade,Medical,Medical - Biomedical and Genetics,472.31,472.33,460.7385,468.29,273,4.3149200559924195,20,2,1,1,1,0
VRTX,Medical,Medical - Biomedical and Genetics,35__0,35,0.0,6. p95_trade_value,23100.0,46900.0,O:VRTX241220P00437500,VRTX,P,437.5,2024-12-20,232,0,313,13.36,1734021230017000000,23,30727.999999999996,2024-12-12,3000,30,True,Multi Leg auto-electronic trade,Medical,Medical - Biomedical and Genetics,466.52,470.25,460.05,464.12,124,4.48753429415712,20,1,1,1,1,0
VRTX,Medical,Medical - Biomedical and Genetics,35__0,35,0.0,7. p90_trade_value,16500.0,23070.0,O:VRTX241220P00455000,VRTX,P,455.0,2024-12-20,232,0,312,18.42,1734014726527000000,10,18420.0,2024-12-12,3000,30,True,Multi Leg auto-electronic trade,Medical,Medical - Biomedical and Genetics,466.52,470.25,460.05,464.12,367,4.26528962586083,20,2,1,1,1,0
VRTX,Medical,Medical - Biomedical and Genetics,35__0,35,0.0,7. p90_trade_value,16500.0,23070.0,O:VRTX241220P00460000,VRTX,P,460.0,2024-12-20,209,0,302,19.8,1734024781247000000,10,19800.0,2024-12-12,3000,30,True,Automatic Execution,Medical,Medical - Biomedical and Genetics,466.52,470.25,460.05,464.12,311,4.296665190261531,20,2,1,1,1,0
VRTX,Medical,Medical - Biomedical and Genetics,35__0,35,0.0,7. p90_trade_value,16500.0,23070.0,O:VRTX241220P00460000,VRTX,P,460.0,2024-12-20,232,0,308,20.42,1734014671593000000,10,20420.0,2024-12-12,3000,30,True,Multi Leg auto-electronic trade,Medical,Medical - Biomedical and Genetics,466.52,470.25,460.05,464.12,286,4.310055737750892,20,2,1,1,1,0
VRTX,Medical,Medical - Biomedical and Genetics,35__0,35,0.0,7. p90_trade_value,16500.0,23070.0,O:VRTX241220P00460000,VRTX,P,460.0,2024-12-20,209,0,301,19.5,1734026899005000000,10,19500.0,2024-12-12,3000,30,True,Automatic Execution,Medical,Medical - Biomedical and Genetics,466.52,470.25,460.05,464.12,321,4.290034611362518,20,2,1,1,1,0
VRTX,Medical,Medical - Biomedical and Genetics,35__0,35,0.0,7. p90_trade_value,16500.0,23070.0,O:VRTX241227P00455000,VRTX,P,455.0,2024-12-27,232,0,312,19.57,1734014726527000000,10,19570.0,2024-12-12,3000,30,True,Multi Leg auto-electronic trade,Medical,Medical - Biomedical and Genetics,466.52,470.25,460.05,464.12,316,4.291590825658001,20,2,1,1,1,0
VRTX,Medical,Medical - Biomedical and Genetics,35__0,35,0.0,7. p90_trade_value,16500.0,23070.0,O:VRTX241227P00460000,VRTX,P,460.0,2024-12-27,232,0,308,21.65,1734014671593000000,10,21650.0,2024-12-12,3000,30,True,Multi Leg auto-electronic trade,Medical,Medical - Biomedical and Genetics,466.52,470.25,460.05,464.12,245,4.335457900689384,20,2,1,1,1,0
VRTX,Medical,Medical - Biomedical and Genetics,35__0,35,0.0,7. p90_trade_value,16500.0,23070.0,O:VRTX250103C00480000,VRTX,C,480.0,2025-01-03,232,0,322,18.11,1734019126128000000,12,21732.0,2024-12-12,3000,30,True,Multi Leg auto-electronic trade,Medical,Medical - Biomedical and Genetics,466.52,470.25,460.05,464.12,244,4.337099696361683,20,2,0,0,0,1
VRTX,Medical,Medical - Biomedical and Genetics,35__0,35,0.0,7. p90_trade_value,16500.0,23070.0,O:VRTX250110C00480000,VRTX,C,480.0,2025-01-10,232,0,322,18.93,1734019126128000000,12,22716.0,2024-12-12,3000,30,True,Multi Leg auto-electronic trade,Medical,Medical - Biomedical and Genetics,466.52,470.25,460.05,464.12,227,4.356331860011421,20,2,0,0,0,1
VRTX,Medical,Medical - Biomedical and Genetics,35__0,35,0.0,6. p95_trade_value,23100.0,46900.0,O:VRTX241220C00470000,VRTX,C,470.0,2024-12-20,232,0,308,20.04,1734115407939000000,12,24048.0,2024-12-13,3000,30,True,Multi Leg auto-electronic trade,Medical,Medical - Biomedical and Genetics,462.33,466.7137,459.79,463.73,200,4.381078963242833,20,1,1,0,0,0
VRTX,Medical,Medical - Biomedical and Genetics,35__0,35,0.0,7. p90_trade_value,16500.0,23070.0,O:VRTX241220P00415000,VRTX,P,415.0,2024-12-20,232,0,308,3.95,1734120418243000000,50,19750.0,2024-12-13,3000,30,True,Multi Leg auto-electronic trade,Medical,Medical - Biomedical and Genetics,462.33,466.7137,459.79,463.73,314,4.295567099962479,20,2,1,1,1,0
VRTX,Medical,Medical - Biomedical and Genetics,35__0,35,0.0,6. p95_trade_value,23100.0,46900.0,O:VRTX241220P00420000,VRTX,P,420.0,2024-12-20,232,0,308,4.9,1734120418243000000,50,24500.000000000004,2024-12-13,3000,30,True,Multi Leg auto-electronic trade,Medical,Medical - Biomedical and Genetics,462.33,466.7137,459.79,463.73,196,4.389166084364533,20,1,1,1,1,0
VRTX,Medical,Medical - Biomedical and Genetics,35__0,35,0.0,7. p90_trade_value,16500.0,23070.0,O:VRTX241220P00440000,VRTX,P,440.0,2024-12-20,209,0,308,10.8,1734121850901000000,21,22680.0,2024-12-13,3000,30,True,Automatic Execution,Medical,Medical - Biomedical and Genetics,462.33,466.7137,459.79,463.73,228,4.355643050220869,20,2,1,1,1,0
VRTX,Medical,Medical - Biomedical and Genetics,35__0,35,0.0,7. p90_trade_value,16500.0,23070.0,O:VRTX241220P00440000,VRTX,P,440.0,2024-12-20,233,0,312,12.17,1734104418480000000,15,18255.0,2024-12-13,3000,30,True,Multi Leg Auction,Medical,Medical - Biomedical and Genetics,462.33,466.7137,459.79,463.73,371,4.261381837285747,20,2,1,1,1,0
VRTX,Medical,Medical - Biomedical and Genetics,35__0,35,0.0,7. p90_trade_value,16500.0,23070.0,O:VRTX241220P00440000,VRTX,P,440.0,2024-12-20,209,0,308,10.6,1734123178650000000,17,18020.0,2024-12-13,3000,30,True,Automatic Execution,Medical,Medical - Biomedical and Genetics,462.33,466.7137,459.79,463.73,377,4.2557547866430445,20,2,1,1,1,0
VRTX,Medical,Medical - Biomedical and Genetics,35__0,35,0.0,6. p95_trade_value,23100.0,46900.0,O:VRTX241220P00445000,VRTX,P,445.0,2024-12-20,232,0,312,13.47,1734100673272000000,30,40410.0,2024-12-13,3000,30,True,Multi Leg auto-electronic trade,Medical,Medical - Biomedical and Genetics,462.33,466.7137,459.79,463.73,69,4.606488850442648,20,1,1,1,1,0
VRTX,Medical,Medical - Biomedical and Genetics,35__0,35,0.0,6. p95_trade_value,23100.0,46900.0,O:VRTX241220P00450000,VRTX,P,450.0,2024-12-20,209,0,323,14.7,1734123581697000000,25,36750.0,2024-12-13,3000,30,True,Automatic Execution,Medical,Medical - Biomedical and Genetics,462.33,466.7137,459.79,463.73,84,4.565257343420214,20,1,1,1,1,0
VRTX,Medical,Medical - Biomedical and Genetics,35__0,35,0.0,6. p95_trade_value,23100.0,46900.0,O:VRTX241220P00450000,VRTX,P,450.0,2024-12-20,209,0,323,14.6,1734123578595000000,24,35040.0,2024-12-13,3000,30,True,Automatic Execution,Medical,Medical - Biomedical and Genetics,462.33,466.7137,459.79,463.73,93,4.5445640974960435,20,1,1,1,1,0
VRTX,Medical,Medical - Biomedical and Genetics,35__0,35,0.0,6. p95_trade_value,23100.0,46900.0,O:VRTX241220P00450000,VRTX,P,450.0,2024-12-20,235,0,301,13.9,1734100636202000000,20,27800.0,2024-12-13,3000,30,True,Multi Leg floor trade,Medical,Medical - Biomedical and Genetics,462.33,466.7137,459.79,463.73,153,4.444044795918076,20,1,1,1,1,0
VRTX,Medical,Medical - Biomedical and Genetics,35__0,35,0.0,7. p90_trade_value,16500.0,23070.0,O:VRTX241220P00450000,VRTX,P,450.0,2024-12-20,209,0,323,15.0,1734123590152000000,11,16500.0,2024-12-13,3000,30,True,Automatic Execution,Medical,Medical - Biomedical and Genetics,462.33,466.7137,459.79,463.73,427,4.217483944213907,20,2,1,1,1,0
VRTX,Medical,Medical - Biomedical and Genetics,35__0,35,0.0,6. p95_trade_value,23100.0,46900.0,O:VRTX241220P00450000,VRTX,P,450.0,2024-12-20,209,0,323,14.1,1734123558388000000,23,32430.0,2024-12-13,3000,30,True,Automatic Execution,Medical,Medical - Biomedical and Genetics,462.33,466.7137,459.79,463.73,113,4.510946948672973,20,1,1,1,1,0
VRTX,Medical,Medical - Biomedical and Genetics,35__0,35,0.0,6. p95_trade_value,23100.0,46900.0,O:VRTX241220P00455000,VRTX,P,455.0,2024-12-20,235,0,301,16.0,1734100549790000000,20,32000.0,2024-12-13,3000,30,True,Multi Leg floor trade,Medical,Medical - Biomedical and Genetics,462.33,466.7137,459.79,463.73,119,4.505149978319906,20,1,1,1,1,0
VRTX,Medical,Medical - Biomedical and Genetics,35__0,35,0.0,7. p90_trade_value,16500.0,23070.0,O:VRTX241227C00470000,VRTX,C,470.0,2024-12-27,233,0,302,20.08,1734101715259000000,10,20080.0,2024-12-13,3000,30,True,Multi Leg Auction,Medical,Medical - Biomedical and Genetics,462.33,466.7137,459.79,463.73,300,4.302763708472981,20,2,1,0,0,0
VRTX,Medical,Medical - Biomedical and Genetics,35__0,35,0.0,7. p90_trade_value,16500.0,23070.0,O:VRTX241227P00440000,VRTX,P,440.0,2024-12-27,233,0,312,13.27,1734104418490000000,15,19905.0,2024-12-13,3000,30,True,Multi Leg Auction,Medical,Medical - Biomedical and Genetics,462.33,466.7137,459.79,463.73,306,4.298962181920117,20,2,1,1,1,0
VRTX,Medical,Medical - Biomedical and Genetics,35__0,35,0.0,6. p95_trade_value,23100.0,46900.0,O:VRTX241227P00440000,VRTX,P,440.0,2024-12-27,232,0,312,13.12,1734101395851000000,25,32800.0,2024-12-13,3000,30,True,Multi Leg auto-electronic trade,Medical,Medical - Biomedical and Genetics,462.33,466.7137,459.79,463.73,108,4.515873843711679,20,1,1,1,1,0
VRTX,Medical,Medical - Biomedical and Genetics,35__0,35,0.0,7. p90_trade_value,16500.0,23070.0,O:VRTX241227P00440000,VRTX,P,440.0,2024-12-27,232,0,313,12.85,1734107906604000000,14,17990.0,2024-12-13,3000,30,True,Multi Leg auto-electronic trade,Medical,Medical - Biomedical and Genetics,462.33,466.7137,459.79,463.73,381,4.255031163345551,20,2,1,1,1,0
VRTX,Medical,Medical - Biomedical and Genetics,35__0,35,0.0,6. p95_trade_value,23100.0,46900.0,O:VRTX241227P00445000,VRTX,P,445.0,2024-12-27,232,0,301,16.3,1734103562513000000,20,32600.0,2024-12-13,3000,30,True,Multi Leg auto-electronic trade,Medical,Medical - Biomedical and Genetics,462.33,466.7137,459.79,463.73,109,4.513217600067939,20,1,1,1,1,0
VRTX,Medical,Medical - Biomedical and Genetics,35__0,35,0.0,6. p95_trade_value,23100.0,46900.0,O:VRTX241227P00445000,VRTX,P,445.0,2024-12-27,232,0,312,15.32,1734100673272000000,30,45960.0,2024-12-13,3000,30,True,Multi Leg auto-electronic trade,Medical,Medical - Biomedical and Genetics,462.33,466.7137,459.79,463.73,47,4.662380020016248,20,1,1,1,1,0
VRTX,Medical,Medical - Biomedical and Genetics,35__0,35,0.0,6. p95_trade_value,23100.0,46900.0,O:VRTX241227P00450000,VRTX,P,450.0,2024-12-27,235,0,301,15.35,1734100636201000000,20,30700.0,2024-12-13,3000,30,True,Multi Leg floor trade,Medical,Medical - Biomedical and Genetics,462.33,466.7137,459.79,463.73,125,4.487138375477186,20,1,1,1,1,0
VRTX,Medical,Medical - Biomedical and Genetics,35__0,35,0.0,6. p95_trade_value,23100.0,46900.0,O:VRTX241227P00450000,VRTX,P,450.0,2024-12-27,232,0,313,17.15,1734101797909000000,25,42874.99999999999,2024-12-13,3000,30,True,Multi Leg auto-electronic trade,Medical,Medical - Biomedical and Genetics,462.33,466.7137,459.79,463.73,55,4.632204133050827,20,1,1,1,1,0
VRTX,Medical,Medical - Biomedical and Genetics,35__0,35,0.0,7. p90_trade_value,16500.0,23070.0,O:VRTX241227P00455000,VRTX,P,455.0,2024-12-27,233,0,302,17.28,1734116672265000000,10,17280.0,2024-12-13,3000,30,True,Multi Leg Auction,Medical,Medical - Biomedical and Genetics,462.33,466.7137,459.79,463.73,397,4.237543738142874,20,2,1,1,1,0
VRTX,Medical,Medical - Biomedical and Genetics,35__0,35,0.0,6. p95_trade_value,23100.0,46900.0,O:VRTX241227P00455000,VRTX,P,455.0,2024-12-27,235,0,301,17.6,1734100549794000000,20,35200.0,2024-12-13,3000,30,True,Multi Leg floor trade,Medical,Medical - Biomedical and Genetics,462.33,466.7137,459.79,463.73,92,4.546542663478131,20,1,1,1,1,0
VRTX,Medical,Medical - Biomedical and Genetics,35__0,35,0.0,7. p90_trade_value,16500.0,23070.0,O:VRTX241227P00455000,VRTX,P,455.0,2024-12-27,232,0,312,17.65,1734116779851000000,10,17650.0,2024-12-13,3000,30,True,Multi Leg auto-electronic trade,Medical,Medical - Biomedical and Genetics,462.33,466.7137,459.79,463.73,386,4.246744709723841,20,2,1,1,1,0
VRTX,Medical,Medical - Biomedical and Genetics,35__0,35,0.0,7. p90_trade_value,16500.0,23070.0,O:VRTX241227P00455000,VRTX,P,455.0,2024-12-27,233,0,302,19.21,1734103429375000000,10,19210.000000000004,2024-12-13,3000,30,True,Multi Leg Auction,Medical,Medical - Biomedical and Genetics,462.33,466.7137,459.79,463.73,331,4.283527364861694,20,2,1,1,1,0
VRTX,Medical,Medical - Biomedical and Genetics,35__0,35,0.0,7. p90_trade_value,16500.0,23070.0,O:VRTX250103C00470000,VRTX,C,470.0,2025-01-03,233,0,302,21.19,1734101715259000000,10,21190.0,2024-12-13,3000,30,True,Multi Leg Auction,Medical,Medical - Biomedical and Genetics,462.33,466.7137,459.79,463.73,256,4.326130956710794,20,2,1,0,0,0
VRTX,Medical,Medical - Biomedical and Genetics,35__0,35,0.0,6. p95_trade_value,23100.0,46900.0,O:VRTX250103P00440000,VRTX,P,440.0,2025-01-03,232,0,312,13.92,1734101395851000000,25,34800.0,2024-12-13,3000,30,True,Multi Leg auto-electronic trade,Medical,Medical - Biomedical and Genetics,462.33,466.7137,459.79,463.73,95,4.541579243946581,20,1,1,1,1,0
VRTX,Medical,Medical - Biomedical and Genetics,35__0,35,0.0,6. p95_trade_value,23100.0,46900.0,O:VRTX250103P00445000,VRTX,P,445.0,2025-01-03,232,0,301,17.15,1734103562513000000,20,34300.0,2024-12-13,3000,30,True,Multi Leg auto-electronic trade,Medical,Medical - Biomedical and Genetics,462.33,466.7137,459.79,463.73,96,4.535294120042771,20,1,1,1,1,0
VRTX,Medical,Medical - Biomedical and Genetics,35__0,35,0.0,6. p95_trade_value,23100.0,46900.0,O:VRTX250103P00450000,VRTX,P,450.0,2025-01-03,232,0,313,18.05,1734101797909000000,25,45125.0,2024-12-13,3000,30,True,Multi Leg auto-electronic trade,Medical,Medical - Biomedical and Genetics,462.33,466.7137,459.79,463.73,52,4.654417214913714,20,1,1,1,1,0
VRTX,Medical,Medical - Biomedical and Genetics,35__0,35,0.0,7. p90_trade_value,16500.0,23070.0,O:VRTX250103P00455000,VRTX,P,455.0,2025-01-03,233,0,302,20.16,1734103429375000000,10,20160.0,2024-12-13,3000,30,True,Multi Leg Auction,Medical,Medical - Biomedical and Genetics,462.33,466.7137,459.79,463.73,297,4.3044905277734875,20,2,1,1,1,0
VRTX,Medical,Medical - Biomedical and Genetics,35__0,35,0.0,7. p90_trade_value,16500.0,23070.0,O:VRTX250103P00455000,VRTX,P,455.0,2025-01-03,232,0,312,18.55,1734116779851000000,10,18550.0,2024-12-13,3000,30,True,Multi Leg auto-electronic trade,Medical,Medical - Biomedical and Genetics,462.33,466.7137,459.79,463.73,356,4.268343913951065,20,2,1,1,1,0
VRTX,Medical,Medical - Biomedical and Genetics,35__0,35,0.0,7. p90_trade_value,16500.0,23070.0,O:VRTX250103P00455000,VRTX,P,455.0,2025-01-03,233,0,302,18.23,1734116672265000000,10,18230.0,2024-12-13,3000,30,True,Multi Leg Auction,Medical,Medical - Biomedical and Genetics,462.33,466.7137,459.79,463.73,374,4.260786668654976,20,2,1,1,1,0
VRTX,Medical,Medical - Biomedical and Genetics,35__0,35,0.0,7. p90_trade_value,16500.0,23070.0,O:VRTX241220C00485000,VRTX,C,485.0,2024-12-20,227,0,323,12.01,1734360295337000000,17,20417.0,2024-12-16,3000,30,True,Single Leg Auction Non ISO,Medical,Medical - Biomedical and Genetics,463.37,470.08,462.125,468.09,287,4.30999192878118,20,2,0,0,0,1
VRTX,Medical,Medical - Biomedical and Genetics,35__0,35,0.0,6. p95_trade_value,23100.0,46900.0,O:VRTX241220C00500000,VRTX,C,500.0,2024-12-20,209,0,323,6.4,1734382356754000000,46,29440.000000000004,2024-12-16,3000,30,True,Automatic Execution,Medical,Medical - Biomedical and Genetics,463.37,470.08,462.125,468.09,136,4.468937805665461,20,1,0,0,0,1
VRTX,Medical,Medical - Biomedical and Genetics,35__0,35,0.0,6. p95_trade_value,23100.0,46900.0,O:VRTX241220P00460000,VRTX,P,460.0,2024-12-20,209,0,320,16.5,1734366207660000000,20,33000.0,2024-12-16,3000,30,True,Automatic Execution,Medical,Medical - Biomedical and Genetics,463.37,470.08,462.125,468.09,105,4.518513939877887,20,1,1,1,1,0
VRTX,Medical,Medical - Biomedical and Genetics,35__0,35,0.0,6. p95_trade_value,23100.0,46900.0,O:VRTX241227C00475000,VRTX,C,475.0,2024-12-27,233,0,312,18.77,1734379474614000000,20,37540.0,2024-12-16,3000,30,True,Multi Leg Auction,Medical,Medical - Biomedical and Genetics,463.37,470.08,462.125,468.09,78,4.574494268285328,20,1,0,0,0,1
VRTX,Medical,Medical - Biomedical and Genetics,35__0,35,0.0,7. p90_trade_value,16500.0,23070.0,O:VRTX241227C00485000,VRTX,C,485.0,2024-12-27,233,0,312,15.31,1734382245972000000,15,22965.0,2024-12-16,3000,30,True,Multi Leg Auction,Medical,Medical - Biomedical and Genetics,463.37,470.08,462.125,468.09,222,4.361066449753943,20,2,0,0,0,1
VRTX,Medical,Medical - Biomedical and Genetics,35__0,35,0.0,7. p90_trade_value,16500.0,23070.0,O:VRTX241227P00460000,VRTX,P,460.0,2024-12-27,232,0,308,19.55,1734371550716000000,10,19550.0,2024-12-16,3000,30,True,Multi Leg auto-electronic trade,Medical,Medical - Biomedical and Genetics,463.37,470.08,462.125,468.09,317,4.291146761731886,20,2,1,1,1,0
VRTX,Medical,Medical - Biomedical and Genetics,35__0,35,0.0,6. p95_trade_value,23100.0,46900.0,O:VRTX250103C00475000,VRTX,C,475.0,2025-01-03,233,0,312,20.39,1734379474614000000,20,40780.0,2024-12-16,3000,30,True,Multi Leg Auction,Medical,Medical - Biomedical and Genetics,463.37,470.08,462.125,468.09,67,4.610447221442121,20,1,0,0,0,1
VRTX,Medical,Medical - Biomedical and Genetics,35__0,35,0.0,6. p95_trade_value,23100.0,46900.0,O:VRTX250103C00485000,VRTX,C,485.0,2025-01-03,233,0,312,16.54,1734382245972000000,15,24810.0,2024-12-16,3000,30,True,Multi Leg Auction,Medical,Medical - Biomedical and Genetics,463.37,470.08,462.125,468.09,190,4.394626764272209,20,1,0,0,0,1
VRTX,Medical,Medical - Biomedical and Genetics,35__0,35,0.0,7. p90_trade_value,16500.0,23070.0,O:VRTX250103P00460000,VRTX,P,460.0,2025-01-03,232,0,308,20.55,1734371550716000000,10,20550.0,2024-12-16,3000,30,True,Multi Leg auto-electronic trade,Medical,Medical - Biomedical and Genetics,463.37,470.08,462.125,468.09,279,4.312811826212088,20,2,1,1,1,0
VRTX,Medical,Medical - Biomedical and Genetics,35__0,35,0.0,7. p90_trade_value,16500.0,23070.0,O:VRTX241220C00475000,VRTX,C,475.0,2024-12-20,209,0,320,13.9,1734450299449000000,13,18070.0,2024-12-17,3000,30,True,Automatic Execution,Medical,Medical - Biomedical and Genetics,468.07,474.185,465.62,469.24,376,4.256958152560932,20,2,0,0,0,1
VRTX,Medical,Medical - Biomedical and Genetics,35__0,35,0.0,7. p90_trade_value,16500.0,23070.0,O:VRTX241220P00445000,VRTX,P,445.0,2024-12-20,232,0,312,7.98,1734464951695000000,21,16758.0,2024-12-17,3000,30,True,Multi Leg auto-electronic trade,Medical,Medical - Biomedical and Genetics,468.07,474.185,465.62,469.24,415,4.224222186084648,20,2,1,1,1,0
VRTX,Medical,Medical - Biomedical and Genetics,35__0,35,0.0,7. p90_trade_value,16500.0,23070.0,O:VRTX241220P00465000,VRTX,P,465.0,2024-12-20,209,0,316,14.9,1734450640657000000,12,17880.0,2024-12-17,3000,30,True,Automatic Execution,Medical,Medical - Biomedical and Genetics,468.07,474.185,465.62,469.24,383,4.252367514459899,20,2,1,1,1,0
VRTX,Medical,Medical - Biomedical and Genetics,35__0,35,0.0,6. p95_trade_value,23100.0,46900.0,O:VRTX241220P00465000,VRTX,P,465.0,2024-12-20,209,0,308,14.0,1734446597957000000,20,28000.0,2024-12-17,3000,30,True,Automatic Execution,Medical,Medical - Biomedical and Genetics,468.07,474.185,465.62,469.24,148,4.447158031342219,20,1,1,1,1,0
VRTX,Medical,Medical - Biomedical and Genetics,35__0,35,0.0,6. p95_trade_value,23100.0,46900.0,O:VRTX241220P00465000,VRTX,P,465.0,2024-12-20,209,0,320,15.0,1734450640657000000,20,30000.0,2024-12-17,3000,30,True,Automatic Execution,Medical,Medical - Biomedical and Genetics,468.07,474.185,465.62,469.24,130,4.477121254719663,20,1,1,1,1,0
VRTX,Medical,Medical - Biomedical and Genetics,35__0,35,0.0,6. p95_trade_value,23100.0,46900.0,O:VRTX241227C00480000,VRTX,C,480.0,2024-12-27,232,0,312,17.87,1734464350910000000,14,25018.0,2024-12-17,3000,30,True,Multi Leg auto-electronic trade,Medical,Medical - Biomedical and Genetics,468.07,474.185,465.62,469.24,188,4.398252588183882,20,1,0,0,0,1
VRTX,Medical,Medical - Biomedical and Genetics,35__0,35,0.0,7. p90_trade_value,16500.0,23070.0,O:VRTX241227C00480000,VRTX,C,480.0,2024-12-27,233,0,302,18.71,1734447073380000000,10,18710.000000000004,2024-12-17,3000,30,True,Multi Leg Auction,Medical,Medical - Biomedical and Genetics,468.07,474.185,465.62,469.24,347,4.27207378750001,20,2,0,0,0,1
VRTX,Medical,Medical - Biomedical and Genetics,35__0,35,0.0,6. p95_trade_value,23100.0,46900.0,O:VRTX241227C00490000,VRTX,C,490.0,2024-12-27,233,0,302,14.76,1734447627654000000,20,29520.0,2024-12-17,3000,30,True,Multi Leg Auction,Medical,Medical - Biomedical and Genetics,468.07,474.185,465.62,469.24,134,4.4701163531510035,20,1,0,0,0,1
VRTX,Medical,Medical - Biomedical and Genetics,35__0,35,0.0,7. p90_trade_value,16500.0,23070.0,O:VRTX241227P00440000,VRTX,P,440.0,2024-12-27,232,0,300,11.1,1734464111195000000,15,16650.0,2024-12-17,3000,30,True,Multi Leg auto-electronic trade,Medical,Medical - Biomedical and Genetics,468.07,474.185,465.62,469.24,420,4.221414237842339,20,2,1,1,1,0
VRTX,Medical,Medical - Biomedical and Genetics,35__0,35,0.0,7. p90_trade_value,16500.0,23070.0,O:VRTX241227P00440000,VRTX,P,440.0,2024-12-27,209,0,308,11.4,1734465021919000000,20,22800.0,2024-12-17,3000,30,True,Automatic Execution,Medical,Medical - Biomedical and Genetics,468.07,474.185,465.62,469.24,226,4.357934847000454,20,2,1,1,1,0
VRTX,Medical,Medical - Biomedical and Genetics,35__0,35,0.0,7. p90_trade_value,16500.0,23070.0,O:VRTX241227P00445000,VRTX,P,445.0,2024-12-27,209,0,320,13.9,1734461272019000000,15,20850.0,2024-12-17,3000,30,True,Automatic Execution,Medical,Medical - Biomedical and Genetics,468.07,474.185,465.62,469.24,267,4.319106059309776,20,2,1,1,1,0
VRTX,Medical,Medical - Biomedical and Genetics,35__0,35,0.0,6. p95_trade_value,23100.0,46900.0,O:VRTX241227P00445000,VRTX,P,445.0,2024-12-27,209,0,325,14.2,1734461284458000000,26,36920.0,2024-12-17,3000,30,True,Automatic Execution,Medical,Medical - Biomedical and Genetics,468.07,474.185,465.62,469.24,83,4.567261692353874,20,1,1,1,1,0
VRTX,Medical,Medical - Biomedical and Genetics,35__0,35,0.0,6. p95_trade_value,23100.0,46900.0,O:VRTX241227P00445000,VRTX,P,445.0,2024-12-27,232,0,312,12.78,1734464951695000000,21,26838.0,2024-12-17,3000,30,True,Multi Leg auto-electronic trade,Medical,Medical - Biomedical and Genetics,468.07,474.185,465.62,469.24,165,4.428750148556301,20,1,1,1,1,0
VRTX,Medical,Medical - Biomedical and Genetics,35__0,35,0.0,6. p95_trade_value,23100.0,46900.0,O:VRTX241227P00445000,VRTX,P,445.0,2024-12-27,209,0,325,14.5,1734461313727000000,22,31900.0,2024-12-17,3000,30,True,Automatic Execution,Medical,Medical - Biomedical and Genetics,468.07,474.185,465.62,469.24,120,4.503790683057181,20,1,1,1,1,0
VRTX,Medical,Medical - Biomedical and Genetics,35__0,35,0.0,5. p99_trade_value,46979.99999999999,210000.0,O:VRTX241227P00445000,VRTX,P,445.0,2024-12-27,209,0,315,14.5,1734461386391000000,33,47850.0,2024-12-17,3000,30,True,Automatic Execution,Medical,Medical - Biomedical and Genetics,468.07,474.185,465.62,469.24,41,4.679881942112862,20,1,1,1,1,0
VRTX,Medical,Medical - Biomedical and Genetics,35__0,35,0.0,7. p90_trade_value,16500.0,23070.0,O:VRTX250110P00460000,VRTX,P,460.0,2025-01-10,232,0,312,20.4,1734454162423000000,10,20400.0,2024-12-17,3000,30,True,Multi Leg auto-electronic trade,Medical,Medical - Biomedical and Genetics,468.07,474.185,465.62,469.24,289,4.309630167425898,20,2,1,1,1,0
VRTX,Medical,Medical - Biomedical and Genetics,35__0,35,0.0,7. p90_trade_value,16500.0,23070.0,O:VRTX241227C00485000,VRTX,C,485.0,2024-12-27,232,0,312,12.25,1734551379556000000,15,18375.0,2024-12-18,3000,30,True,Multi Leg auto-electronic trade,Medical,Medical - Biomedical and Genetics,467.06,471.05,445.87,447.5,370,4.264227347756233,20,2,0,0,0,1
VRTX,Medical,Medical - Biomedical and Genetics,35__0,35,0.0,7. p90_trade_value,16500.0,23070.0,O:VRTX241227C00510000,VRTX,C,510.0,2024-12-27,209,0,316,5.7,1734547615877000000,36,20520.0,2024-12-18,3000,30,True,Automatic Execution,Medical,Medical - Biomedical and Genetics,467.06,471.05,445.87,447.5,280,4.312177356439778,20,2,0,0,0,1
VRTX,Medical,Medical - Biomedical and Genetics,35__0,35,0.0,7. p90_trade_value,16500.0,23070.0,O:VRTX241227P00410000,VRTX,P,410.0,2024-12-27,232,0,302,8.25,1734554792898000000,25,20625.0,2024-12-18,3000,30,True,Multi Leg auto-electronic trade,Medical,Medical - Biomedical and Genetics,467.06,471.05,445.87,447.5,274,4.314393957221963,20,2,1,1,1,0
VRTX,Medical,Medical - Biomedical and Genetics,35__0,35,0.0,6. p95_trade_value,23100.0,46900.0,O:VRTX241227P00430000,VRTX,P,430.0,2024-12-27,232,0,308,12.34,1734550350233000000,20,24680.0,2024-12-18,3000,30,True,Multi Leg auto-electronic trade,Medical,Medical - Biomedical and Genetics,467.06,471.05,445.87,447.5,195,4.3923451553612045,20,1,1,1,1,0
VRTX,Medical,Medical - Biomedical and Genetics,35__0,35,0.0,7. p90_trade_value,16500.0,23070.0,O:VRTX241227P00440000,VRTX,P,440.0,2024-12-27,233,0,302,17.01,1734549211777000000,10,17010.000000000004,2024-12-18,3000,30,True,Multi Leg Auction,Medical,Medical - Biomedical and Genetics,467.06,471.05,445.87,447.5,407,4.230704313612569,20,2,1,1,1,0
VRTX,Medical,Medical - Biomedical and Genetics,35__0,35,0.0,5. p99_trade_value,46979.99999999999,210000.0,O:VRTX250103C00520000,VRTX,C,520.0,2025-01-03,235,0,313,5.7,1734545618960000000,125,71250.0,2024-12-18,3000,30,True,Multi Leg floor trade,Medical,Medical - Biomedical and Genetics,467.06,471.05,445.87,447.5,22,4.852784868680548,20,1,0,0,0,1
VRTX,Medical,Medical - Biomedical and Genetics,35__0,35,0.0,6. p95_trade_value,23100.0,46900.0,O:VRTX250103P00400000,VRTX,P,400.0,2025-01-03,235,0,313,3.0,1734545618961000000,125,37500.0,2024-12-18,3000,30,True,Multi Leg floor trade,Medical,Medical - Biomedical and Genetics,467.06,471.05,445.87,447.5,79,4.574031267727719,20,1,1,0,0,0
VRTX,Medical,Medical - Biomedical and Genetics,35__0,35,0.0,5. p99_trade_value,46979.99999999999,210000.0,O:VRTX250103P00420000,VRTX,P,420.0,2025-01-03,232,0,303,11.31,1734554099391000000,44,49764.00000000001,2024-12-18,3000,30,True,Multi Leg auto-electronic trade,Medical,Medical - Biomedical and Genetics,467.06,471.05,445.87,447.5,39,4.696915281411643,20,1,1,1,1,0
VRTX,Medical,Medical - Biomedical and Genetics,35__0,35,0.0,6. p95_trade_value,23100.0,46900.0,O:VRTX250103P00430000,VRTX,P,430.0,2025-01-03,232,0,312,16.05,1734554385458000000,20,32100.0,2024-12-18,3000,30,True,Multi Leg auto-electronic trade,Medical,Medical - Biomedical and Genetics,467.06,471.05,445.87,447.5,117,4.506505032404872,20,1,1,1,1,0
VRTX,Medical,Medical - Biomedical and Genetics,35__0,35,0.0,6. p95_trade_value,23100.0,46900.0,O:VRTX250103P00430000,VRTX,P,430.0,2025-01-03,233,0,302,16.42,1734554428656000000,25,41050.00000000001,2024-12-18,3000,30,True,Multi Leg Auction,Medical,Medical - Biomedical and Genetics,467.06,471.05,445.87,447.5,64,4.613313161455459,20,1,1,1,1,0
VRTX,Medical,Medical - Biomedical and Genetics,35__0,35,0.0,5. p99_trade_value,46979.99999999999,210000.0,O:VRTX250103P00440000,VRTX,P,440.0,2025-01-03,235,0,313,14.5,1734545618961000000,125,181250.0,2024-12-18,3000,30,True,Multi Leg floor trade,Medical,Medical - Biomedical and Genetics,467.06,471.05,445.87,447.5,7,5.2582780152430315,20,1,1,1,1,0
VRTX,Medical,Medical - Biomedical and Genetics,35__0,35,0.0,6. p95_trade_value,23100.0,46900.0,O:VRTX250117C00480000,VRTX,C,480.0,2025-01-17,232,0,312,16.35,1734549481240000000,18,29430.0,2024-12-18,3000,30,True,Multi Leg auto-electronic trade,Medical,Medical - Biomedical and Genetics,467.06,471.05,445.87,447.5,137,4.468790262099611,20,1,0,0,0,1
VRTX,Medical,Medical - Biomedical and Genetics,35__0,35,0.0,7. p90_trade_value,16500.0,23070.0,O:VRTX250117C00490000,VRTX,C,490.0,2025-01-17,233,0,302,14.57,1734548181904000000,15,21855.0,2024-12-18,3000,30,True,Multi Leg Auction,Medical,Medical - Biomedical and Genetics,467.06,471.05,445.87,447.5,242,4.3395508108256715,20,2,0,0,0,1
VRTX,Medical,Medical - Biomedical and Genetics,35__0,35,0.0,7. p90_trade_value,16500.0,23070.0,O:VRTX250117C00490000,VRTX,C,490.0,2025-01-17,232,0,308,17.87,1734543985992000000,12,21444.0,2024-12-18,3000,30,True,Multi Leg auto-electronic trade,Medical,Medical - Biomedical and Genetics,467.06,471.05,445.87,447.5,248,4.331305798553269,20,2,0,0,0,1
VRTX,Medical,Medical - Biomedical and Genetics,35__0,35,0.0,6. p95_trade_value,23100.0,46900.0,O:VRTX250117C00560000,VRTX,C,560.0,2025-01-17,209,0,325,2.9,1734550044177000000,112,32480.0,2024-12-18,3000,30,True,Automatic Execution,Medical,Medical - Biomedical and Genetics,467.06,471.05,445.87,447.5,112,4.511616020569138,20,1,0,0,0,1
VRTX,Medical,Medical - Biomedical and Genetics,35__0,35,0.0,7. p90_trade_value,16500.0,23070.0,O:VRTX250117P00400000,VRTX,P,400.0,2025-01-17,232,0,312,8.32,1734555414798000000,25,20800.0,2024-12-18,3000,30,True,Multi Leg auto-electronic trade,Medical,Medical - Biomedical and Genetics,467.06,471.05,445.87,447.5,269,4.318063334962762,20,2,1,0,0,0
VRTX,Medical,Medical - Biomedical and Genetics,35__0,35,0.0,6. p95_trade_value,23100.0,46900.0,O:VRTX250117P00410000,VRTX,P,410.0,2025-01-17,232,0,302,11.2,1734554792898000000,25,28000.0,2024-12-18,3000,30,True,Multi Leg auto-electronic trade,Medical,Medical - Biomedical and Genetics,467.06,471.05,445.87,447.5,149,4.447158031342219,20,1,1,0,0,0
VRTX,Medical,Medical - Biomedical and Genetics,35__0,35,0.0,5. p99_trade_value,46979.99999999999,210000.0,O:VRTX250117P00420000,VRTX,P,420.0,2025-01-17,232,0,303,13.68,1734554099391000000,44,60191.99999999999,2024-12-18,3000,30,True,Multi Leg auto-electronic trade,Medical,Medical - Biomedical and Genetics,467.06,471.05,445.87,447.5,31,4.779538773870285,20,1,1,1,0,0
VRTX,Medical,Medical - Biomedical and Genetics,35__0,35,0.0,7. p90_trade_value,16500.0,23070.0,O:VRTX250117P00420000,VRTX,P,420.0,2025-01-17,232,0,308,14.65,1734554916252000000,13,19045.0,2024-12-18,3000,30,True,Multi Leg auto-electronic trade,Medical,Medical - Biomedical and Genetics,467.06,471.05,445.87,447.5,336,4.279780976996965,20,2,1,1,0,0
VRTX,Medical,Medical - Biomedical and Genetics,35__0,35,0.0,6. p95_trade_value,23100.0,46900.0,O:VRTX250117P00430000,VRTX,P,430.0,2025-01-17,232,0,312,18.15,1734554385458000000,20,36300.0,2024-12-18,3000,30,True,Multi Leg auto-electronic trade,Medical,Medical - Biomedical and Genetics,467.06,471.05,445.87,447.5,85,4.559906625036112,20,1,1,1,1,0
VRTX,Medical,Medical - Biomedical and Genetics,35__0,35,0.0,6. p95_trade_value,23100.0,46900.0,O:VRTX250117P00430000,VRTX,P,430.0,2025-01-17,232,0,312,15.15,1734549481239000000,18,27270.0,2024-12-18,3000,30,True,Multi Leg auto-electronic trade,Medical,Medical - Biomedical and Genetics,467.06,471.05,445.87,447.5,161,4.43568513794163,20,1,1,1,1,0
VRTX,Medical,Medical - Biomedical and Genetics,35__0,35,0.0,6. p95_trade_value,23100.0,46900.0,O:VRTX250117P00430000,VRTX,P,430.0,2025-01-17,233,0,302,18.47,1734554428656000000,25,46175.0,2024-12-18,3000,30,True,Multi Leg Auction,Medical,Medical - Biomedical and Genetics,467.06,471.05,445.87,447.5,46,4.664406904112279,20,1,1,1,1,0
VRTX,Medical,Medical - Biomedical and Genetics,35__0,35,0.0,6. p95_trade_value,23100.0,46900.0,O:VRTX250117P00440000,VRTX,P,440.0,2025-01-17,233,0,302,18.05,1734548181904000000,15,27075.0,2024-12-18,3000,30,True,Multi Leg Auction,Medical,Medical - Biomedical and Genetics,467.06,471.05,445.87,447.5,162,4.432568465297358,20,1,1,1,1,0
VRTX,Medical,Medical - Biomedical and Genetics,35__0,35,0.0,7. p90_trade_value,16500.0,23070.0,O:VRTX250117P00440000,VRTX,P,440.0,2025-01-17,232,0,312,13.77,1734545169837000000,12,16524.0,2024-12-18,3000,30,True,Multi Leg auto-electronic trade,Medical,Medical - Biomedical and Genetics,467.06,471.05,445.87,447.5,426,4.218115186304549,20,2,1,1,1,0
VRTX,Medical,Medical - Biomedical and Genetics,35__0,35,0.0,5. p99_trade_value,46979.99999999999,210000.0,O:VRTX250117C00420000,VRTX,C,420.0,2025-01-17,232,0,308,6.72,1734619026958000000,150,100800.0,2024-12-19,3000,30,True,Multi Leg auto-electronic trade,Medical,Medical - Biomedical and Genetics,391.0,404.04,377.85,396.64,14,5.003460532109506,20,1,1,1,1,0
VRTX,Medical,Medical - Biomedical and Genetics,35__0,35,0.0,6. p95_trade_value,23100.0,46900.0,O:VRTX250117C00420000,VRTX,C,420.0,2025-01-17,209,0,308,4.9,1734630051130000000,49,24010.000000000004,2024-12-19,3000,30,True,Automatic Execution,Medical,Medical - Biomedical and Genetics,391.0,404.04,377.85,396.64,201,4.380392160057028,20,1,1,1,1,0
VRTX,Medical,Medical - Biomedical and Genetics,35__0,35,0.0,6. p95_trade_value,23100.0,46900.0,O:VRTX250117C00420000,VRTX,C,420.0,2025-01-17,209,0,308,4.9,1734629882529000000,48,23520.0,2024-12-19,3000,30,True,Automatic Execution,Medical,Medical - Biomedical and Genetics,391.0,404.04,377.85,396.64,209,4.371437317404101,20,1,1,1,1,0
VRTX,Medical,Medical - Biomedical and Genetics,35__0,35,0.0,6. p95_trade_value,23100.0,46900.0,O:VRTX250117C00420000,VRTX,C,420.0,2025-01-17,209,0,308,4.8,1734629850296000000,58,27839.999999999996,2024-12-19,3000,30,True,Automatic Execution,Medical,Medical - Biomedical and Genetics,391.0,404.04,377.85,396.64,152,4.4446692309385245,20,1,1,1,1,0
VRTX,Medical,Medical - Biomedical and Genetics,35__0,35,0.0,6. p95_trade_value,23100.0,46900.0,O:VRTX250117C00420000,VRTX,C,420.0,2025-01-17,232,0,308,7.2,1734619435209000000,41,29520.0,2024-12-19,3000,30,True,Multi Leg auto-electronic trade,Medical,Medical - Biomedical and Genetics,391.0,404.04,377.85,396.64,135,4.4701163531510035,20,1,1,1,1,0
VRTX,Medical,Medical - Biomedical and Genetics,35__0,35,0.0,7. p90_trade_value,16500.0,23070.0,O:VRTX250117C00420000,VRTX,C,420.0,2025-01-17,209,0,308,4.8,1734630067140000000,44,21120.0,2024-12-19,3000,30,True,Automatic Execution,Medical,Medical - Biomedical and Genetics,391.0,404.04,377.85,396.64,259,4.324693913861775,20,2,1,1,1,0
VRTX,Medical,Medical - Biomedical and Genetics,35__0,35,0.0,7. p90_trade_value,16500.0,23070.0,O:VRTX250117C00420000,VRTX,C,420.0,2025-01-17,209,0,308,4.8,1734630193174000000,45,21600.0,2024-12-19,3000,30,True,Automatic Execution,Medical,Medical - Biomedical and Genetics,391.0,404.04,377.85,396.64,246,4.334453751150931,20,2,1,1,1,0
VRTX,Medical,Medical - Biomedical and Genetics,35__0,35,0.0,6. p95_trade_value,23100.0,46900.0,O:VRTX250117C00460000,VRTX,C,460.0,2025-01-17,209,0,307,1.65,1734621439084000000,140,23100.0,2024-12-19,3000,30,True,Automatic Execution,Medical,Medical - Biomedical and Genetics,391.0,404.04,377.85,396.64,216,4.363611979892144,20,1,0,0,0,1
VRTX,Medical,Medical - Biomedical and Genetics,35__0,35,0.0,7. p90_trade_value,16500.0,23070.0,O:VRTX250117C00460000,VRTX,C,460.0,2025-01-17,209,0,307,1.65,1734620887277000000,100,16500.0,2024-12-19,3000,30,True,Automatic Execution,Medical,Medical - Biomedical and Genetics,391.0,404.04,377.85,396.64,431,4.217483944213907,20,2,0,0,0,1
VRTX,Medical,Medical - Biomedical and Genetics,35__0,35,0.0,7. p90_trade_value,16500.0,23070.0,O:VRTX250103C00415000,VRTX,C,415.0,2025-01-03,209,0,320,2.25,1734708550739000000,80,18000.0,2024-12-20,3000,30,True,Automatic Execution,Medical,Medical - Biomedical and Genetics,395.72,401.31,386.49,397.27,380,4.2552725051033065,20,2,0,0,0,1
VRTX,Medical,Medical - Biomedical and Genetics,35__0,35,0.0,7. p90_trade_value,16500.0,23070.0,O:VRTX250117P00390000,VRTX,P,390.0,2025-01-17,209,0,316,5.4,1734987485048000000,31,16740.0,2024-12-23,3000,30,True,Automatic Execution,Medical,Medical - Biomedical and Genetics,391.87,405.93,390.915,405.27,417,4.223755453657241,20,2,0,0,0,1
VRTX,Medical,Medical - Biomedical and Genetics,35__0,35,0.0,7. p90_trade_value,16500.0,23070.0,O:VRTX250117P00390000,VRTX,P,390.0,2025-01-17,209,0,320,8.9,1734968081780000000,24,21360.000000000004,2024-12-23,3000,30,True,Automatic Execution,Medical,Medical - Biomedical and Genetics,391.87,405.93,390.915,405.27,251,4.329601248356519,20,2,0,0,0,1
VRTX,Medical,Medical - Biomedical and Genetics,35__0,35,0.0,7. p90_trade_value,16500.0,23070.0,O:VRTX250117P00390000,VRTX,P,390.0,2025-01-17,209,0,318,5.4,1734987485046000000,38,20520.0,2024-12-23,3000,30,True,Automatic Execution,Medical,Medical - Biomedical and Genetics,391.87,405.93,390.915,405.27,281,4.312177356439778,20,2,0,0,0,1
VRTX,Medical,Medical - Biomedical and Genetics,35__0,35,0.0,7. p90_trade_value,16500.0,23070.0,O:VRTX250117C00415000,VRTX,C,415.0,2025-01-17,209,0,313,8.0,1735240215856000000,22,17600.0,2024-12-26,3000,30,True,Automatic Execution,Medical,Medical - Biomedical and Genetics,407.2,411.29,406.02,410.65,389,4.2455126678141495,20,2,1,1,1,0
VRTX,Medical,Medical - Biomedical and Genetics,35__0,35,0.0,7. p90_trade_value,16500.0,23070.0,O:VRTX250117C00415000,VRTX,C,415.0,2025-01-17,209,0,313,7.6,1735240752293000000,26,19760.0,2024-12-26,3000,30,True,Automatic Execution,Medical,Medical - Biomedical and Genetics,407.2,411.29,406.02,410.65,313,4.29578694025161,20,2,1,1,1,0
VRTX,Medical,Medical - Biomedical and Genetics,35__0,35,0.0,7. p90_trade_value,16500.0,23070.0,O:VRTX250117C00415000,VRTX,C,415.0,2025-01-17,209,0,313,7.8,1735240599607000000,27,21060.0,2024-12-26,3000,30,True,Automatic Execution,Medical,Medical - Biomedical and Genetics,407.2,411.29,406.02,410.65,260,4.323458366849468,20,2,1,1,1,0
VRTX,Medical,Medical - Biomedical and Genetics,35__0,35,0.0,6. p95_trade_value,23100.0,46900.0,O:VRTX250117C00420000,VRTX,C,420.0,2025-01-17,209,0,301,6.0,1735228014605000000,50,30000.0,2024-12-26,3000,30,True,Automatic Execution,Medical,Medical - Biomedical and Genetics,407.2,411.29,406.02,410.65,129,4.477121254719663,20,1,1,1,1,0
VRTX,Medical,Medical - Biomedical and Genetics,35__0,35,0.0,7. p90_trade_value,16500.0,23070.0,O:VRTX250117C00420000,VRTX,C,420.0,2025-01-17,209,0,308,6.4,1735246362457000000,27,17280.0,2024-12-26,3000,30,True,Automatic Execution,Medical,Medical - Biomedical and Genetics,407.2,411.29,406.02,410.65,399,4.237543738142874,20,2,1,1,1,0
VRTX,Medical,Medical - Biomedical and Genetics,35__0,35,0.0,7. p90_trade_value,16500.0,23070.0,O:VRTX250117C00420000,VRTX,C,420.0,2025-01-17,209,0,320,6.3,1735228120725000000,30,18900.0,2024-12-26,3000,30,True,Automatic Execution,Medical,Medical - Biomedical and Genetics,407.2,411.29,406.02,410.65,343,4.276461804173244,20,2,1,1,1,0
VRTX,Medical,Medical - Biomedical and Genetics,35__0,35,0.0,7. p90_trade_value,16500.0,23070.0,O:VRTX250103P00402500,VRTX,P,402.5,2025-01-03,209,0,316,3.4,1735312650100000000,65,22100.0,2024-12-27,3000,30,True,Automatic Execution,Medical,Medical - Biomedical and Genetics,405.26,410.98,404.49,408.76,237,4.344392273685111,20,2,1,0,0,0
VRTX,Medical,Medical - Biomedical and Genetics,35__0,35,0.0,5. p99_trade_value,46979.99999999999,210000.0,O:VRTX250117P00395000,VRTX,P,395.0,2025-01-17,209,0,316,5.2,1735312305087000000,91,47320.0,2024-12-27,3000,30,True,Automatic Execution,Medical,Medical - Biomedical and Genetics,405.26,410.98,404.49,408.76,43,4.675044735955892,20,1,0,0,0,1
VRTX,Medical,Medical - Biomedical and Genetics,35__0,35,0.0,6. p95_trade_value,23100.0,46900.0,O:VRTX250117P00400000,VRTX,P,400.0,2025-01-17,227,0,323,7.33,1735314026721000000,40,29320.0,2024-12-27,3000,30,True,Single Leg Auction Non ISO,Medical,Medical - Biomedical and Genetics,405.26,410.98,404.49,408.76,139,4.467163965969091,20,1,1,0,0,0
VRTX,Medical,Medical - Biomedical and Genetics,35__0,35,0.0,5. p99_trade_value,46979.99999999999,210000.0,O:VRTX250117P00400000,VRTX,P,400.0,2025-01-17,242,0,323,7.2,1735319441771000000,80,57600.0,2024-12-27,3000,30,True,Stock Options floor trade,Medical,Medical - Biomedical and Genetics,405.26,410.98,404.49,408.76,33,4.760422483423212,20,1,1,0,0,0
VRTX,Medical,Medical - Biomedical and Genetics,35__0,35,0.0,7. p90_trade_value,16500.0,23070.0,O:VRTX250124P00395000,VRTX,P,395.0,2025-01-24,232,0,312,6.95,1735322752520000000,28,19460.0,2024-12-27,3000,30,True,Multi Leg auto-electronic trade,Medical,Medical - Biomedical and Genetics,405.26,410.98,404.49,408.76,324,4.289142835932333,20,2,0,0,0,1
VRTX,Medical,Medical - Biomedical and Genetics,35__0,35,0.0,7. p90_trade_value,16500.0,23070.0,O:VRTX250117P00395000,VRTX,P,395.0,2025-01-17,231,0,302,5.1,1735675530764000000,33,16830.0,2024-12-31,3000,30,True,Single Leg Floor Trade,Medical,Medical - Biomedical and Genetics,399.63,404.99,399.63,402.7,412,4.226084115975824,20,2,0,0,0,1
VRTX,Medical,Medical - Biomedical and Genetics,35__0,35,0.0,7. p90_trade_value,16500.0,23070.0,O:VRTX250117P00395000,VRTX,P,395.0,2025-01-17,231,0,302,5.2,1735675530971000000,33,17160.0,2024-12-31,3000,30,True,Single Leg Floor Trade,Medical,Medical - Biomedical and Genetics,399.63,404.99,399.63,402.7,402,4.2345172835126865,20,2,0,0,0,1
VRTX,Medical,Medical - Biomedical and Genetics,35__0,35,0.0,7. p90_trade_value,16500.0,23070.0,O:VRTX250124P00390000,VRTX,P,390.0,2025-01-24,209,0,325,2.95,1735926314380000000,66,19470.0,2025-01-03,3000,30,True,Automatic Execution,Medical,Medical - Biomedical and Genetics,407.57,411.65,406.4,407.11,323,4.289365951520032,20,2,0,0,0,1
VRTX,Medical,Medical - Biomedical and Genetics,35__0,35,0.0,7. p90_trade_value,16500.0,23070.0,O:VRTX250124P00390000,VRTX,P,390.0,2025-01-24,209,0,325,2.8,1735926069231000000,74,20720.0,2025-01-03,3000,30,True,Automatic Execution,Medical,Medical - Biomedical and Genetics,407.57,411.65,406.4,407.11,270,4.316389751073196,20,2,0,0,0,1
VRTX,Medical,Medical - Biomedical and Genetics,35__0,35,0.0,7. p90_trade_value,16500.0,23070.0,O:VRTX250124P00390000,VRTX,P,390.0,2025-01-24,209,0,325,2.7,1735925496551000000,79,21330.0,2025-01-03,3000,30,True,Automatic Execution,Medical,Medical - Biomedical and Genetics,407.57,411.65,406.4,407.11,254,4.328990855449429,20,2,0,0,0,1
VRTX,Medical,Medical - Biomedical and Genetics,35__0,35,0.0,7. p90_trade_value,16500.0,23070.0,O:VRTX250124P00390000,VRTX,P,390.0,2025-01-24,209,0,325,2.8,1735926088434000000,80,22400.0,2025-01-03,3000,30,True,Automatic Execution,Medical,Medical - Biomedical and Genetics,407.57,411.65,406.4,407.11,234,4.350248018334163,20,2,0,0,0,1
VRTX,Medical,Medical - Biomedical and Genetics,35__0,35,0.0,7. p90_trade_value,16500.0,23070.0,O:VRTX250131P00380000,VRTX,P,380.0,2025-01-31,209,0,323,3.5,1736175523585000000,49,17150.0,2025-01-06,3000,30,True,Automatic Execution,Medical,Medical - Biomedical and Genetics,401.31,404.74,399.0,402.49,403,4.2342641243787895,20,2,0,0,0,1
VRTX,Medical,Medical - Biomedical and Genetics,35__0,35,0.0,6. p95_trade_value,23100.0,46900.0,O:VRTX250131P00400000,VRTX,P,400.0,2025-01-31,209,0,323,9.5,1736260442364000000,36,34200.0,2025-01-07,3000,30,True,Automatic Execution,Medical,Medical - Biomedical and Genetics,402.995,410.81,401.54,408.32,98,4.534026106056135,20,1,1,0,0,0
VRTX,Medical,Medical - Biomedical and Genetics,35__0,35,0.0,7. p90_trade_value,16500.0,23070.0,O:VRTX250131P00400000,VRTX,P,400.0,2025-01-31,209,0,323,9.4,1736260442772000000,22,20680.0,2025-01-07,3000,30,True,Automatic Execution,Medical,Medical - Biomedical and Genetics,402.995,410.81,401.54,408.32,272,4.315550534421905,20,2,1,0,0,0
VRTX,Medical,Medical - Biomedical and Genetics,35__0,35,0.0,7. p90_trade_value,16500.0,23070.0,O:VRTX250117C00412500,VRTX,C,412.5,2025-01-17,209,0,323,6.5,1736361577300000000,26,16900.0,2025-01-08,3000,30,True,Automatic Execution,Medical,Medical - Biomedical and Genetics,410.71,412.36,407.24,412.11,410,4.227886704613674,20,2,1,1,1,0
VRTX,Medical,Medical - Biomedical and Genetics,35__0,35,0.0,6. p95_trade_value,23100.0,46900.0,O:VRTX250131P00420000,VRTX,P,420.0,2025-01-31,209,0,325,5.15,1737577732107000000,48,24720.0,2025-01-22,3000,30,True,Automatic Execution,Medical,Medical - Biomedical and Genetics,427.89,432.6,424.65,428.0,192,4.393048466416778,20,1,0,0,0,1
VRTX,Medical,Medical - Biomedical and Genetics,35__0,35,0.0,7. p90_trade_value,16500.0,23070.0,O:VRTX250221C00440000,VRTX,C,440.0,2025-02-21,209,0,316,9.7,1737579477193000000,22,21339.999999999996,2025-01-22,3000,30,True,Automatic Execution,Medical,Medical - Biomedical and Genetics,427.89,432.6,424.65,428.0,252,4.329194415088451,20,2,1,1,1,0
VRTX,Medical,Medical - Biomedical and Genetics,35__0,35,0.0,7. p90_trade_value,16500.0,23070.0,O:VRTX250131P00425000,VRTX,P,425.0,2025-01-31,209,0,313,4.1,1737752103938000000,50,20499.999999999996,2025-01-24,3000,30,True,Automatic Execution,Medical,Medical - Biomedical and Genetics,438.73,442.66,436.605,439.62,283,4.311753861055754,20,2,0,0,0,1
VRTX,Medical,Medical - Biomedical and Genetics,35__0,35,0.0,7. p90_trade_value,16500.0,23070.0,O:VRTX250207C00450000,VRTX,C,450.0,2025-02-07,227,0,323,7.69,1737731157949000000,30,23070.0,2025-01-24,3000,30,True,Single Leg Auction Non ISO,Medical,Medical - Biomedical and Genetics,438.73,442.66,436.605,439.62,217,4.363047594521094,20,2,1,1,1,0
VRTX,Medical,Medical - Biomedical and Genetics,35__0,35,0.0,7. p90_trade_value,16500.0,23070.0,O:VRTX250214P00425000,VRTX,P,425.0,2025-02-14,232,0,312,7.45,1737739643894000000,24,17880.0,2025-01-24,3000,30,True,Multi Leg auto-electronic trade,Medical,Medical - Biomedical and Genetics,438.73,442.66,436.605,439.62,382,4.252367514459899,20,2,0,0,0,1
VRTX,Medical,Medical - Biomedical and Genetics,35__0,35,0.0,6. p95_trade_value,23100.0,46900.0,O:VRTX250221C00445000,VRTX,C,445.0,2025-02-21,233,0,302,13.65,1737751981326000000,20,27300.0,2025-01-24,3000,30,True,Multi Leg Auction,Medical,Medical - Biomedical and Genetics,438.73,442.66,436.605,439.62,159,4.4361626470407565,20,1,1,1,1,0
VRTX,Medical,Medical - Biomedical and Genetics,35__0,35,0.0,7. p90_trade_value,16500.0,23070.0,O:VRTX250221P00425000,VRTX,P,425.0,2025-02-21,232,0,312,8.25,1737739643895000000,24,19800.0,2025-01-24,3000,30,True,Multi Leg auto-electronic trade,Medical,Medical - Biomedical and Genetics,438.73,442.66,436.605,439.62,308,4.296665190261531,20,2,0,0,0,1
VRTX,Medical,Medical - Biomedical and Genetics,35__0,35,0.0,7. p90_trade_value,16500.0,23070.0,O:VRTX250221P00412500,VRTX,P,412.5,2025-02-21,232,0,302,6.29,1737988204319000000,30,18870.0,2025-01-27,3000,30,True,Multi Leg auto-electronic trade,Medical,Medical - Biomedical and Genetics,436.72,447.72,435.3301,443.88,344,4.275771900164932,20,2,0,0,0,1
VRTX,Medical,Medical - Biomedical and Genetics,35__0,35,0.0,7. p90_trade_value,16500.0,23070.0,O:VRTX250221P00415000,VRTX,P,415.0,2025-02-21,232,0,308,6.86,1737988206131000000,30,20580.0,2025-01-27,3000,30,True,Multi Leg auto-electronic trade,Medical,Medical - Biomedical and Genetics,436.72,447.72,435.3301,443.88,278,4.313445370426414,20,2,0,0,0,1
VRTX,Medical,Medical - Biomedical and Genetics,35__0,35,0.0,6. p95_trade_value,23100.0,46900.0,O:VRTX250131P00435000,VRTX,P,435.0,2025-01-31,232,0,302,5.07,1738083418720000000,50,25350.0,2025-01-28,3000,30,True,Multi Leg auto-electronic trade,Medical,Medical - Biomedical and Genetics,443.88,446.98,438.01,440.68,180,4.403977963669354,20,1,1,0,0,0
VRTX,Medical,Medical - Biomedical and Genetics,35__0,35,0.0,7. p90_trade_value,16500.0,23070.0,O:VRTX250214P00430000,VRTX,P,430.0,2025-02-14,233,0,323,10.4,1738162514836000000,20,20800.0,2025-01-29,3000,30,True,Multi Leg Auction,Medical,Medical - Biomedical and Genetics,437.74,442.915,430.81,441.52,268,4.318063334962762,20,2,0,0,0,1
VRTX,Medical,Medical - Biomedical and Genetics,35__0,35,0.0,7. p90_trade_value,16500.0,23070.0,O:VRTX250221P00430000,VRTX,P,430.0,2025-02-21,233,0,323,11.25,1738162514836000000,20,22500.0,2025-01-29,3000,30,True,Multi Leg Auction,Medical,Medical - Biomedical and Genetics,437.74,442.915,430.81,441.52,230,4.352182518111363,20,2,0,0,0,1
VRTX,Medical,Medical - Biomedical and Genetics,35__0,35,0.0,7. p90_trade_value,16500.0,23070.0,O:VRTX250221C00450000,VRTX,C,450.0,2025-02-21,209,0,308,10.1,1738249799441000000,19,19190.0,2025-01-30,3000,30,True,Automatic Execution,Medical,Medical - Biomedical and Genetics,443.56,444.275,435.0,438.4,332,4.283074974735472,20,2,1,1,1,0
VRTX,Medical,Medical - Biomedical and Genetics,35__0,35,0.0,7. p90_trade_value,16500.0,23070.0,O:VRTX250221C00450000,VRTX,C,450.0,2025-02-21,209,0,308,10.0,1738249801829000000,21,21000.0,2025-01-30,3000,30,True,Automatic Execution,Medical,Medical - Biomedical and Genetics,443.56,444.275,435.0,438.4,264,4.3222192947339195,20,2,1,1,1,0
VRTX,Medical,Medical - Biomedical and Genetics,35__0,35,0.0,7. p90_trade_value,16500.0,23070.0,O:VRTX250221C00450000,VRTX,C,450.0,2025-02-21,209,0,308,10.0,1738253007840000000,22,22000.0,2025-01-30,3000,30,True,Automatic Execution,Medical,Medical - Biomedical and Genetics,443.56,444.275,435.0,438.4,241,4.342422680822207,20,2,1,1,1,0
VRTX,Medical,Medical - Biomedical and Genetics,35__0,35,0.0,6. p95_trade_value,23100.0,46900.0,O:VRTX250221C00450000,VRTX,C,450.0,2025-02-21,209,0,308,10.1,1738249805240000000,29,29289.999999999996,2025-01-30,3000,30,True,Automatic Execution,Medical,Medical - Biomedical and Genetics,443.56,444.275,435.0,438.4,140,4.466719371681599,20,1,1,1,1,0
VRTX,Medical,Medical - Biomedical and Genetics,35__0,35,0.0,6. p95_trade_value,23100.0,46900.0,O:VRTX250207C00480000,VRTX,C,480.0,2025-02-07,231,0,301,6.0,1738335014566000000,60,36000.0,2025-01-31,3000,30,True,Single Leg Floor Trade,Medical,Medical - Biomedical and Genetics,454.17,472.04,447.2,461.68,89,4.556302500767287,20,1,1,1,0,0
VRTX,Medical,Medical - Biomedical and Genetics,35__0,35,0.0,7. p90_trade_value,16500.0,23070.0,O:VRTX250207C00485000,VRTX,C,485.0,2025-02-07,227,0,301,2.13,1738357189757000000,100,21300.0,2025-01-31,3000,30,True,Single Leg Auction Non ISO,Medical,Medical - Biomedical and Genetics,454.17,472.04,447.2,461.68,255,4.328379603438738,20,2,1,0,0,0
VRTX,Medical,Medical - Biomedical and Genetics,35__0,35,0.0,7. p90_trade_value,16500.0,23070.0,O:VRTX250214P00440000,VRTX,P,440.0,2025-02-14,233,0,302,7.9,1738334134931000000,27,21330.0,2025-01-31,3000,30,True,Multi Leg Auction,Medical,Medical - Biomedical and Genetics,454.17,472.04,447.2,461.68,253,4.328990855449429,20,2,0,0,0,1
VRTX,Medical,Medical - Biomedical and Genetics,35__0,35,0.0,7. p90_trade_value,16500.0,23070.0,O:VRTX250221C00475000,VRTX,C,475.0,2025-02-21,209,0,308,9.4,1738334685709000000,20,18800.0,2025-01-31,3000,30,True,Automatic Execution,Medical,Medical - Biomedical and Genetics,454.17,472.04,447.2,461.68,346,4.27415784926368,20,2,1,1,1,0
VRTX,Medical,Medical - Biomedical and Genetics,35__0,35,0.0,7. p90_trade_value,16500.0,23070.0,O:VRTX250221C00480000,VRTX,C,480.0,2025-02-21,209,0,316,10.3,1738335632494000000,20,20600.0,2025-01-31,3000,30,True,Automatic Execution,Medical,Medical - Biomedical and Genetics,454.17,472.04,447.2,461.68,275,4.313867220369153,20,2,1,1,1,0
VRTX,Medical,Medical - Biomedical and Genetics,35__0,35,0.0,6. p95_trade_value,23100.0,46900.0,O:VRTX250221C00500000,VRTX,C,500.0,2025-02-21,209,0,320,5.4,1738335622582000000,60,32400.0,2025-01-31,3000,30,True,Automatic Execution,Medical,Medical - Biomedical and Genetics,454.17,472.04,447.2,461.68,114,4.510545010206612,20,1,0,0,0,1
VRTX,Medical,Medical - Biomedical and Genetics,35__0,35,0.0,6. p95_trade_value,23100.0,46900.0,O:VRTX250221P00440000,VRTX,P,440.0,2025-02-21,233,0,302,9.0,1738334134932000000,27,24300.0,2025-01-31,3000,30,True,Multi Leg Auction,Medical,Medical - Biomedical and Genetics,454.17,472.04,447.2,461.68,198,4.385606273598312,20,1,0,0,0,1
VRTX,Medical,Medical - Biomedical and Genetics,35__0,35,0.0,6. p95_trade_value,23100.0,46900.0,O:VRTX250207C00485000,VRTX,C,485.0,2025-02-07,209,0,308,2.5,1738594026183000000,99,24750.0,2025-02-03,3000,30,True,Automatic Execution,Medical,Medical - Biomedical and Genetics,463.36,473.07,458.735,470.37,191,4.393575203269587,20,1,1,0,0,0
VRTX,Medical,Medical - Biomedical and Genetics,35__0,35,0.0,6. p95_trade_value,23100.0,46900.0,O:VRTX250221C00480000,VRTX,C,480.0,2025-02-21,209,0,320,10.6,1738613084449000000,40,42400.0,2025-02-03,3000,30,True,Automatic Execution,Medical,Medical - Biomedical and Genetics,463.36,473.07,458.735,470.37,57,4.627365856592733,20,1,1,1,1,0
VRTX,Medical,Medical - Biomedical and Genetics,35__0,35,0.0,6. p95_trade_value,23100.0,46900.0,O:VRTX250221C00480000,VRTX,C,480.0,2025-02-21,209,0,315,10.6,1738613084428000000,40,42400.0,2025-02-03,3000,30,True,Automatic Execution,Medical,Medical - Biomedical and Genetics,463.36,473.07,458.735,470.37,58,4.627365856592733,20,1,1,1,1,0
VRTX,Medical,Medical - Biomedical and Genetics,35__0,35,0.0,6. p95_trade_value,23100.0,46900.0,O:VRTX250221C00480000,VRTX,C,480.0,2025-02-21,209,0,320,10.6,1738613084357000000,40,42400.0,2025-02-03,3000,30,True,Automatic Execution,Medical,Medical - Biomedical and Genetics,463.36,473.07,458.735,470.37,60,4.627365856592733,20,1,1,1,1,0
VRTX,Medical,Medical - Biomedical and Genetics,35__0,35,0.0,7. p90_trade_value,16500.0,23070.0,O:VRTX250221C00480000,VRTX,C,480.0,2025-02-21,209,0,316,10.3,1738615552648000000,20,20600.0,2025-02-03,3000,30,True,Automatic Execution,Medical,Medical - Biomedical and Genetics,463.36,473.07,458.735,470.37,276,4.313867220369153,20,2,1,1,1,0
VRTX,Medical,Medical - Biomedical and Genetics,35__0,35,0.0,7. p90_trade_value,16500.0,23070.0,O:VRTX250221C00480000,VRTX,C,480.0,2025-02-21,209,0,316,10.3,1738615392744000000,20,20600.0,2025-02-03,3000,30,True,Automatic Execution,Medical,Medical - Biomedical and Genetics,463.36,473.07,458.735,470.37,277,4.313867220369153,20,2,1,1,1,0
VRTX,Medical,Medical - Biomedical and Genetics,35__0,35,0.0,6. p95_trade_value,23100.0,46900.0,O:VRTX250221C00480000,VRTX,C,480.0,2025-02-21,209,0,303,10.6,1738613082116000000,40,42400.0,2025-02-03,3000,30,True,Automatic Execution,Medical,Medical - Biomedical and Genetics,463.36,473.07,458.735,470.37,59,4.627365856592733,20,1,1,1,1,0
VRTX,Medical,Medical - Biomedical and Genetics,35__0,35,0.0,6. p95_trade_value,23100.0,46900.0,O:VRTX250221C00480000,VRTX,C,480.0,2025-02-21,209,0,300,10.6,1738613084396000000,40,42400.0,2025-02-03,3000,30,True,Automatic Execution,Medical,Medical - Biomedical and Genetics,463.36,473.07,458.735,470.37,56,4.627365856592733,20,1,1,1,1,0
VRTX,Medical,Medical - Biomedical and Genetics,35__0,35,0.0,6. p95_trade_value,23100.0,46900.0,O:VRTX250214C00485000,VRTX,C,485.0,2025-02-14,209,0,308,8.6,1738689378451000000,30,25800.0,2025-02-04,3000,30,True,Automatic Execution,Medical,Medical - Biomedical and Genetics,468.04,482.74,467.3,482.28,173,4.41161970596323,20,1,1,0,0,0
VRTX,Medical,Medical - Biomedical and Genetics,35__0,35,0.0,4. p999_trade_value,231750.0,339200.0,O:VRTX250221C00500000,VRTX,C,500.0,2025-02-21,235,0,301,6.3,1738702150309000000,500,315000.0,2025-02-04,3000,30,True,Multi Leg floor trade,Medical,Medical - Biomedical and Genetics,468.04,482.74,467.3,482.28,4,5.498310553789601,20,1,0,0,0,1
VRTX,Medical,Medical - Biomedical and Genetics,35__0,35,0.0,5. p99_trade_value,46979.99999999999,210000.0,O:VRTX250221C00520000,VRTX,C,520.0,2025-02-21,235,0,301,2.15,1738702150309000000,750,161250.0,2025-02-04,3000,30,True,Multi Leg floor trade,Medical,Medical - Biomedical and Genetics,468.04,482.74,467.3,482.28,8,5.207499723307305,20,1,0,0,0,1
VRTX,Medical,Medical - Biomedical and Genetics,35__0,35,0.0,6. p95_trade_value,23100.0,46900.0,O:VRTX250228C00485000,VRTX,C,485.0,2025-02-28,233,0,302,9.57,1738681322058000000,30,28710.000000000004,2025-02-04,3000,30,True,Multi Leg Auction,Medical,Medical - Biomedical and Genetics,468.04,482.74,467.3,482.28,143,4.458033192496506,20,1,1,0,0,0
VRTX,Medical,Medical - Biomedical and Genetics,35__0,35,0.0,6. p95_trade_value,23100.0,46900.0,O:VRTX250228C00485000,VRTX,C,485.0,2025-02-28,233,0,302,9.57,1738681322058000000,30,28710.000000000004,2025-02-04,3000,30,True,Multi Leg Auction,Medical,Medical - Biomedical and Genetics,468.04,482.74,467.3,482.28,144,4.458033192496506,20,1,1,0,0,0
VRTX,Medical,Medical - Biomedical and Genetics,35__0,35,0.0,6. p95_trade_value,23100.0,46900.0,O:VRTX250221C00500000,VRTX,C,500.0,2025-02-21,227,0,323,9.19,1738783795981000000,50,45950.0,2025-02-05,3000,30,True,Single Leg Auction Non ISO,Medical,Medical - Biomedical and Genetics,484.5,491.805,481.695,488.44,48,4.66228551572213,20,1,0,0,0,1
VRTX,Medical,Medical - Biomedical and Genetics,35__0,35,0.0,6. p95_trade_value,23100.0,46900.0,O:VRTX250221C00500000,VRTX,C,500.0,2025-02-21,227,0,302,9.05,1738783835990000000,50,45250.00000000001,2025-02-05,3000,30,True,Single Leg Auction Non ISO,Medical,Medical - Biomedical and Genetics,484.5,491.805,481.695,488.44,51,4.655618583541222,20,1,0,0,0,1
VRTX,Medical,Medical - Biomedical and Genetics,35__0,35,0.0,7. p90_trade_value,16500.0,23070.0,O:VRTX250221P00465000,VRTX,P,465.0,2025-02-21,209,0,316,4.3,1738786616736000000,41,17630.0,2025-02-05,3000,30,True,Automatic Execution,Medical,Medical - Biomedical and Genetics,484.5,491.805,481.695,488.44,387,4.246252312299322,20,2,1,0,0,0
VRTX,Medical,Medical - Biomedical and Genetics,35__0,35,0.0,7. p90_trade_value,16500.0,23070.0,O:VRTX250228P00480000,VRTX,P,480.0,2025-02-28,232,0,312,10.67,1738767051868000000,16,17072.0,2025-02-05,3000,30,True,Multi Leg auto-electronic trade,Medical,Medical - Biomedical and Genetics,484.5,491.805,481.695,488.44,405,4.232284402080395,20,2,1,1,1,0
VRTX,Medical,Medical - Biomedical and Genetics,35__0,35,0.0,7. p90_trade_value,16500.0,23070.0,O:VRTX250214P00462500,VRTX,P,462.5,2025-02-14,209,0,313,3.8,1738872572229000000,50,19000.0,2025-02-06,3000,30,True,Automatic Execution,Medical,Medical - Biomedical and Genetics,487.79,488.43,478.8101,481.16,340,4.278753600952829,20,2,1,1,1,0
VRTX,Medical,Medical - Biomedical and Genetics,35__0,35,0.0,7. p90_trade_value,16500.0,23070.0,O:VRTX250221C00490000,VRTX,C,490.0,2025-02-21,209,0,313,8.7,1738871581368000000,19,16530.0,2025-02-06,3000,30,True,Automatic Execution,Medical,Medical - Biomedical and Genetics,487.79,488.43,478.8101,481.16,424,4.218272853571447,20,2,0,0,0,1
VRTX,Medical,Medical - Biomedical and Genetics,35__0,35,0.0,5. p99_trade_value,46979.99999999999,210000.0,O:VRTX250221C00500000,VRTX,C,500.0,2025-02-21,227,0,323,5.92,1738857036562000000,100,59200.0,2025-02-06,3000,30,True,Single Leg Auction Non ISO,Medical,Medical - Biomedical and Genetics,487.79,488.43,478.8101,481.16,32,4.77232170672292,20,1,0,0,0,1
VRTX,Medical,Medical - Biomedical and Genetics,35__0,35,0.0,5. p99_trade_value,46979.99999999999,210000.0,O:VRTX250221C00500000,VRTX,C,500.0,2025-02-21,227,0,323,5.68,1738856976537000000,100,56800.0,2025-02-06,3000,30,True,Single Leg Auction Non ISO,Medical,Medical - Biomedical and Genetics,487.79,488.43,478.8101,481.16,34,4.754348335711019,20,1,0,0,0,1
VRTX,Medical,Medical - Biomedical and Genetics,35__0,35,0.0,7. p90_trade_value,16500.0,23070.0,O:VRTX250221C00500000,VRTX,C,500.0,2025-02-21,227,0,323,5.86,1738856917044000000,33,19338.000000000004,2025-02-06,3000,30,True,Single Leg Auction Non ISO,Medical,Medical - Biomedical and Genetics,487.79,488.43,478.8101,481.16,329,4.286411555895978,20,2,0,0,0,1
VRTX,Medical,Medical - Biomedical and Genetics,35__0,35,0.0,7. p90_trade_value,16500.0,23070.0,O:VRTX250221P00460000,VRTX,P,460.0,2025-02-21,209,0,313,4.3,1738872588439000000,50,21500.0,2025-02-06,3000,30,True,Automatic Execution,Medical,Medical - Biomedical and Genetics,487.79,488.43,478.8101,481.16,247,4.332438459915605,20,2,1,0,0,0
VRTX,Medical,Medical - Biomedical and Genetics,35__0,35,0.0,6. p95_trade_value,23100.0,46900.0,O:VRTX250214P00460000,VRTX,P,460.0,2025-02-14,232,0,312,4.82,1738957449966000000,62,29884.000000000004,2025-02-07,3000,30,True,Multi Leg auto-electronic trade,Medical,Medical - Biomedical and Genetics,478.98,480.47,468.7,469.32,131,4.475438727737104,20,1,1,1,1,0
VRTX,Medical,Medical - Biomedical and Genetics,35__0,35,0.0,6. p95_trade_value,23100.0,46900.0,O:VRTX250214P00460000,VRTX,P,460.0,2025-02-14,232,0,308,4.68,1738958124443000000,55,25739.999999999996,2025-02-07,3000,30,True,Multi Leg auto-electronic trade,Medical,Medical - Biomedical and Genetics,478.98,480.47,468.7,469.32,175,4.410608542568368,20,1,1,1,1,0
VRTX,Medical,Medical - Biomedical and Genetics,35__0,35,0.0,6. p95_trade_value,23100.0,46900.0,O:VRTX250214P00465000,VRTX,P,465.0,2025-02-14,209,0,308,7.7,1738959045361000000,35,26950.0,2025-02-07,3000,30,True,Automatic Execution,Medical,Medical - Biomedical and Genetics,478.98,480.47,468.7,469.32,164,4.430558769522757,20,1,1,1,1,0
VRTX,Medical,Medical - Biomedical and Genetics,35__0,35,0.0,6. p95_trade_value,23100.0,46900.0,O:VRTX250214C00472500,VRTX,C,472.5,2025-02-14,232,0,308,9.15,1739218310079000000,35,32025.0,2025-02-10,3000,30,True,Multi Leg auto-electronic trade,Medical,Medical - Biomedical and Genetics,470.58,471.94,464.01,469.97,118,4.505489138416724,20,1,0,0,0,1
VRTX,Medical,Medical - Biomedical and Genetics,35__0,35,0.0,6. p95_trade_value,23100.0,46900.0,O:VRTX250214C00475000,VRTX,C,475.0,2025-02-14,232,0,308,8.05,1739218310079000000,35,28175.0,2025-02-10,3000,30,True,Multi Leg auto-electronic trade,Medical,Medical - Biomedical and Genetics,470.58,471.94,464.01,469.97,146,4.449863924718144,20,1,0,0,0,1
VRTX,Medical,Medical - Biomedical and Genetics,35__0,35,0.0,6. p95_trade_value,23100.0,46900.0,O:VRTX250214C00480000,VRTX,C,480.0,2025-02-14,209,0,316,6.4,1739212054600000000,40,25600.0,2025-02-10,3000,30,True,Automatic Execution,Medical,Medical - Biomedical and Genetics,470.58,471.94,464.01,469.97,176,4.408239965311849,20,1,0,0,0,1
VRTX,Medical,Medical - Biomedical and Genetics,35__0,35,0.0,7. p90_trade_value,16500.0,23070.0,O:VRTX250214C00480000,VRTX,C,480.0,2025-02-14,209,0,320,6.5,1739204116759000000,30,19500.0,2025-02-10,3000,30,True,Automatic Execution,Medical,Medical - Biomedical and Genetics,470.58,471.94,464.01,469.97,319,4.290034611362518,20,2,0,0,0,1
VRTX,Medical,Medical - Biomedical and Genetics,35__0,35,0.0,7. p90_trade_value,16500.0,23070.0,O:VRTX250214C00480000,VRTX,C,480.0,2025-02-14,209,0,320,6.6,1739216158187000000,30,19800.0,2025-02-10,3000,30,True,Automatic Execution,Medical,Medical - Biomedical and Genetics,470.58,471.94,464.01,469.97,309,4.296665190261531,20,2,0,0,0,1
VRTX,Medical,Medical - Biomedical and Genetics,35__0,35,0.0,7. p90_trade_value,16500.0,23070.0,O:VRTX250214P00460000,VRTX,P,460.0,2025-02-14,231,0,301,6.6,1739221009946000000,30,19800.0,2025-02-10,3000,30,True,Single Leg Floor Trade,Medical,Medical - Biomedical and Genetics,470.58,471.94,464.01,469.97,310,4.296665190261531,20,2,1,1,1,0
VRTX,Medical,Medical - Biomedical and Genetics,35__0,35,0.0,6. p95_trade_value,23100.0,46900.0,O:VRTX250214P00460000,VRTX,P,460.0,2025-02-14,231,0,313,5.8,1739210765663000000,60,34800.0,2025-02-10,3000,30,True,Single Leg Floor Trade,Medical,Medical - Biomedical and Genetics,470.58,471.94,464.01,469.97,94,4.541579243946581,20,1,1,1,1,0
VRTX,Medical,Medical - Biomedical and Genetics,35__0,35,0.0,6. p95_trade_value,23100.0,46900.0,O:VRTX250321C00490000,VRTX,C,490.0,2025-03-21,209,0,316,10.6,1740151047198000000,43,45580.0,2025-02-21,3000,30,True,Automatic Execution,Medical,Medical - Biomedical and Genetics,481.36,487.38,479.69,484.24,49,4.658774320844357,20,1,1,1,1,0
VRTX,Medical,Medical - Biomedical and Genetics,35__0,35,0.0,7. p90_trade_value,16500.0,23070.0,O:VRTX250321C00490000,VRTX,C,490.0,2025-03-21,209,0,308,10.6,1740150780447000000,18,19080.0,2025-02-21,3000,30,True,Automatic Execution,Medical,Medical - Biomedical and Genetics,481.36,487.38,479.69,484.24,334,4.280578370368076,20,2,1,1,1,0
VRTX,Medical,Medical - Biomedical and Genetics,35__0,35,0.0,7. p90_trade_value,16500.0,23070.0,O:VRTX250321C00490000,VRTX,C,490.0,2025-03-21,209,0,316,10.5,1740150754844000000,18,18900.0,2025-02-21,3000,30,True,Automatic Execution,Medical,Medical - Biomedical and Genetics,481.36,487.38,479.69,484.24,342,4.276461804173244,20,2,1,1,1,0
VRTX,Medical,Medical - Biomedical and Genetics,35__0,35,0.0,6. p95_trade_value,23100.0,46900.0,O:VRTX250321C00490000,VRTX,C,490.0,2025-03-21,209,0,316,10.6,1740150777981000000,35,37100.0,2025-02-21,3000,30,True,Automatic Execution,Medical,Medical - Biomedical and Genetics,481.36,487.38,479.69,484.24,81,4.569373909615046,20,1,1,1,1,0
VRTX,Medical,Medical - Biomedical and Genetics,35__0,35,0.0,6. p95_trade_value,23100.0,46900.0,O:VRTX250321C00550000,VRTX,C,550.0,2025-03-21,228,0,312,0.9,1740160382314000000,449,40410.0,2025-02-21,3000,30,True,Single Leg Auction ISO,Medical,Medical - Biomedical and Genetics,481.36,487.38,479.69,484.24,70,4.606488850442648,20,1,0,0,0,1
VRTX,Medical,Medical - Biomedical and Genetics,35__0,35,0.0,6. p95_trade_value,23100.0,46900.0,O:VRTX250321C00550000,VRTX,C,550.0,2025-03-21,228,0,312,0.9,1740160382314000000,455,40950.0,2025-02-21,3000,30,True,Single Leg Auction ISO,Medical,Medical - Biomedical and Genetics,481.36,487.38,479.69,484.24,65,4.612253906096437,20,1,0,0,0,1
VRTX,Medical,Medical - Biomedical and Genetics,35__0,35,0.0,7. p90_trade_value,16500.0,23070.0,O:VRTX250321P00475000,VRTX,P,475.0,2025-03-21,209,0,304,10.8,1740507948485000000,18,19440.0,2025-02-25,3000,30,True,Automatic Execution,Medical,Medical - Biomedical and Genetics,480.95,486.14,476.26,480.35,325,4.288696260590256,20,2,1,0,0,0
VRTX,Medical,Medical - Biomedical and Genetics,35__0,35,0.0,7. p90_trade_value,16500.0,23070.0,O:VRTX250321P00475000,VRTX,P,475.0,2025-03-21,209,0,300,10.8,1740507948681000000,16,17280.0,2025-02-25,3000,30,True,Automatic Execution,Medical,Medical - Biomedical and Genetics,480.95,486.14,476.26,480.35,398,4.237543738142874,20,2,1,0,0,0
VRTX,Medical,Medical - Biomedical and Genetics,35__0,35,0.0,6. p95_trade_value,23100.0,46900.0,O:VRTX250321P00457500,VRTX,P,457.5,2025-03-21,209,0,308,4.8,1740771144724000000,49,23520.0,2025-02-28,3000,30,True,Automatic Execution,Medical,Medical - Biomedical and Genetics,479.9,484.98,474.01,479.79,207,4.371437317404101,20,1,0,0,0,1
VRTX,Medical,Medical - Biomedical and Genetics,35__0,35,0.0,7. p90_trade_value,16500.0,23070.0,O:VRTX250321P00457500,VRTX,P,457.5,2025-03-21,209,0,308,4.8,1740769912956000000,44,21120.0,2025-02-28,3000,30,True,Automatic Execution,Medical,Medical - Biomedical and Genetics,479.9,484.98,474.01,479.79,258,4.324693913861775,20,2,0,0,0,1
VRTX,Medical,Medical - Biomedical and Genetics,35__0,35,0.0,7. p90_trade_value,16500.0,23070.0,O:VRTX250321P00457500,VRTX,P,457.5,2025-03-21,209,0,308,4.8,1740769922024000000,38,18240.0,2025-02-28,3000,30,True,Automatic Execution,Medical,Medical - Biomedical and Genetics,479.9,484.98,474.01,479.79,373,4.261024833992398,20,2,0,0,0,1
VRTX,Medical,Medical - Biomedical and Genetics,35__0,35,0.0,7. p90_trade_value,16500.0,23070.0,O:VRTX250321P00475000,VRTX,P,475.0,2025-03-21,227,0,308,5.51,1741027431905000000,31,17081.0,2025-03-03,3000,30,True,Single Leg Auction Non ISO,Medical,Medical - Biomedical and Genetics,477.82,490.65,477.73,483.31,404,4.232513292686058,20,2,0,0,0,1
VRTX,Medical,Medical - Biomedical and Genetics,35__0,35,0.0,7. p90_trade_value,16500.0,23070.0,O:VRTX250321C00495000,VRTX,C,495.0,2025-03-21,231,0,301,7.6,1741360620295000000,30,22800.0,2025-03-07,3000,30,True,Single Leg Floor Trade,Medical,Medical - Biomedical and Genetics,485.71,492.34,482.82,488.29,225,4.357934847000454,20,2,1,1,1,0
VRTX,Medical,Medical - Biomedical and Genetics,35__0,35,0.0,6. p95_trade_value,23100.0,46900.0,O:VRTX250321P00500000,VRTX,P,500.0,2025-03-21,209,0,316,5.9,1741982250914000000,40,23600.0,2025-03-14,3000,30,True,Automatic Execution,Medical,Medical - Biomedical and Genetics,507.0,519.68,502.26,504.77,206,4.372912002970106,20,1,0,0,0,1
VRTX,Medical,Medical - Biomedical and Genetics,35__0,35,0.0,7. p90_trade_value,16500.0,23070.0,O:VRTX250321P00500000,VRTX,P,500.0,2025-03-21,209,0,316,5.6,1741982246211000000,40,22400.0,2025-03-14,3000,30,True,Automatic Execution,Medical,Medical - Biomedical and Genetics,507.0,519.68,502.26,504.77,233,4.350248018334163,20,2,0,0,0,1
VRTX,Medical,Medical - Biomedical and Genetics,35__0,35,0.0,7. p90_trade_value,16500.0,23070.0,O:VRTX250404P00500000,VRTX,P,500.0,2025-04-04,233,0,323,5.65,1742234093759000000,40,22600.0,2025-03-17,3000,30,True,Multi Leg Auction,Medical,Medical - Biomedical and Genetics,505.2,517.2,504.0,513.76,229,4.354108439147401,20,2,1,1,1,0
VRTX,Medical,Medical - Biomedical and Genetics,35__0,35,0.0,6. p95_trade_value,23100.0,46900.0,O:VRTX250404P00500000,VRTX,P,500.0,2025-04-04,232,0,312,6.65,1742304825636000000,42,27930.0,2025-03-18,3000,30,True,Multi Leg auto-electronic trade,Medical,Medical - Biomedical and Genetics,513.075,516.5,508.52,512.23,150,4.446070935701005,20,1,1,1,1,0
VRTX,Medical,Medical - Biomedical and Genetics,35__0,35,0.0,6. p95_trade_value,23100.0,46900.0,O:VRTX250417C00530000,VRTX,C,530.0,2025-04-17,209,0,308,9.6,1742327400506000000,29,27839.999999999996,2025-03-18,3000,30,True,Automatic Execution,Medical,Medical - Biomedical and Genetics,513.075,516.5,508.52,512.23,151,4.4446692309385245,20,1,0,0,0,1
VRTX,Medical,Medical - Biomedical and Genetics,35__0,35,0.0,6. p95_trade_value,23100.0,46900.0,O:VRTX250417C00520000,VRTX,C,520.0,2025-04-17,232,0,304,11.4,1742480451476000000,30,34200.0,2025-03-20,3000,30,True,Multi Leg auto-electronic trade,Medical,Medical - Biomedical and Genetics,509.99,515.67,505.49,510.18,97,4.534026106056135,20,1,0,0,0,1
VRTX,Medical,Medical - Biomedical and Genetics,35__0,35,0.0,6. p95_trade_value,23100.0,46900.0,O:VRTX250417P00460000,VRTX,P,460.0,2025-04-17,235,0,300,1.63,1742485241380000000,180,29339.999999999996,2025-03-20,3000,30,True,Multi Leg floor trade,Medical,Medical - Biomedical and Genetics,509.99,515.67,505.49,510.18,138,4.467460109507264,20,1,1,0,0,0
VRTX,Medical,Medical - Biomedical and Genetics,35__0,35,0.0,5. p99_trade_value,46979.99999999999,210000.0,O:VRTX250417P00500000,VRTX,P,500.0,2025-04-17,235,0,300,9.16,1742485241380000000,90,82440.0,2025-03-20,3000,30,True,Multi Leg floor trade,Medical,Medical - Biomedical and Genetics,509.99,515.67,505.49,510.18,19,4.916137983107175,20,1,1,1,1,0
VRTX,Medical,Medical - Biomedical and Genetics,35__0,35,0.0,6. p95_trade_value,23100.0,46900.0,O:VRTX250417P00495000,VRTX,P,495.0,2025-04-17,209,0,313,7.9,1743087715694000000,50,39500.0,2025-03-27,3000,30,True,Automatic Execution,Medical,Medical - Biomedical and Genetics,498.59,506.54,498.59,502.55,72,4.596597095626461,20,1,1,1,1,0
VRTX,Medical,Medical - Biomedical and Genetics,35__0,35,0.0,5. p99_trade_value,46979.99999999999,210000.0,O:VRTX250417C00550000,VRTX,C,550.0,2025-04-17,231,0,313,0.75,1743189035112000000,1000,75000.0,2025-03-28,3000,30,True,Single Leg Floor Trade,Medical,Medical - Biomedical and Genetics,504.79,504.79,491.37,492.69,21,4.8750612633917,20,1,0,0,0,1
VRTX,Medical,Medical - Biomedical and Genetics,35__0,35,0.0,6. p95_trade_value,23100.0,46900.0,O:VRTX250417P00490000,VRTX,P,490.0,2025-04-17,209,0,313,8.3,1743172475615000000,50,41500.00000000001,2025-03-28,3000,30,True,Automatic Execution,Medical,Medical - Biomedical and Genetics,504.79,504.79,491.37,492.69,62,4.6180480967120925,20,1,1,1,1,0
VRTX,Medical,Medical - Biomedical and Genetics,35__0,35,0.0,6. p95_trade_value,23100.0,46900.0,O:VRTX250502C00525000,VRTX,C,525.0,2025-05-02,209,0,308,3.8,1743795780688000000,115,43700.0,2025-04-04,3000,30,True,Automatic Execution,Medical,Medical - Biomedical and Genetics,484.35,499.07,473.64,474.62,54,4.640481436970422,20,1,0,0,0,1
VRTX,Medical,Medical - Biomedical and Genetics,35__0,35,0.0,7. p90_trade_value,16500.0,23070.0,O:VRTX250417P00425000,VRTX,P,425.0,2025-04-17,209,0,319,4.4,1744302114923000000,38,16720.0,2025-04-10,3000,30,True,Automatic Execution,Medical,Medical - Biomedical and Genetics,478.99,480.0,455.685,475.49,418,4.223236273102998,20,2,0,0,0,1
VRTX,Medical,Medical - Biomedical and Genetics,35__0,35,0.0,7. p90_trade_value,16500.0,23070.0,O:VRTX250516P00450000,VRTX,P,450.0,2025-05-16,227,0,308,5.0,1744817315839000000,46,23000.0,2025-04-16,3000,30,True,Single Leg Auction Non ISO,Medical,Medical - Biomedical and Genetics,500.97,502.22,483.43,485.89,218,4.361727836017593,20,2,1,1,1,0
VRTX,Medical,Medical - Biomedical and Genetics,35__0,35,0.0,5. p99_trade_value,46979.99999999999,210000.0,O:VRTX250516P00460000,VRTX,P,460.0,2025-05-16,242,0,313,7.25,1744816362037000000,206,149350.0,2025-04-16,3000,30,True,Stock Options floor trade,Medical,Medical - Biomedical and Genetics,500.97,502.22,483.43,485.89,9,5.174205226940147,20,1,1,1,1,0
VRTX,Medical,Medical - Biomedical and Genetics,35__0,35,0.0,7. p90_trade_value,16500.0,23070.0,O:VRTX250516C00510000,VRTX,C,510.0,2025-05-16,209,0,313,10.3,1744912093227000000,18,18540.0,2025-04-17,3000,30,True,Automatic Execution,Medical,Medical - Biomedical and Genetics,492.23,492.23,485.08,489.1,357,4.2681097298084785,20,2,1,0,0,0
VRTX,Medical,Medical - Biomedical and Genetics,35__0,35,0.0,7. p90_trade_value,16500.0,23070.0,O:VRTX250516P00450000,VRTX,P,450.0,2025-05-16,227,0,308,6.21,1744903220075000000,35,21735.0,2025-04-17,3000,30,True,Single Leg Auction Non ISO,Medical,Medical - Biomedical and Genetics,492.23,492.23,485.08,489.1,243,4.337159644526856,20,2,1,1,1,0
VRTX,Medical,Medical - Biomedical and Genetics,35__0,35,0.0,7. p90_trade_value,16500.0,23070.0,O:VRTX250425C00495000,VRTX,C,495.0,2025-04-25,209,0,320,4.6,1745244350376000000,50,22999.999999999996,2025-04-21,3000,30,True,Automatic Execution,Medical,Medical - Biomedical and Genetics,488.0,490.83,472.9,477.52,221,4.361727836017593,20,2,1,0,0,0
VRTX,Medical,Medical - Biomedical and Genetics,35__0,35,0.0,7. p90_trade_value,16500.0,23070.0,O:VRTX250425C00495000,VRTX,C,495.0,2025-04-25,209,0,308,4.1,1745243596240000000,49,20089.999999999996,2025-04-21,3000,30,True,Automatic Execution,Medical,Medical - Biomedical and Genetics,488.0,490.83,472.9,477.52,299,4.302979936748249,20,2,1,0,0,0
VRTX,Medical,Medical - Biomedical and Genetics,35__0,35,0.0,6. p95_trade_value,23100.0,46900.0,O:VRTX250425P00472500,VRTX,P,472.5,2025-04-25,232,0,308,2.52,1745329720652000000,100,25200.0,2025-04-22,3000,30,True,Multi Leg auto-electronic trade,Medical,Medical - Biomedical and Genetics,483.83,491.8,480.5639,490.47,183,4.401400540781544,20,1,0,0,0,1
VRTX,Medical,Medical - Biomedical and Genetics,35__0,35,0.0,6. p95_trade_value,23100.0,46900.0,O:VRTX250425P00475000,VRTX,P,475.0,2025-04-25,232,0,308,3.12,1745329720652000000,100,31200.0,2025-04-22,3000,30,True,Multi Leg auto-electronic trade,Medical,Medical - Biomedical and Genetics,483.83,491.8,480.5639,490.47,122,4.494154594018442,20,1,0,0,0,1
VRTX,Medical,Medical - Biomedical and Genetics,35__0,35,0.0,6. p95_trade_value,23100.0,46900.0,O:VRTX250516C00530000,VRTX,C,530.0,2025-05-16,209,0,308,4.2,1745420476094000000,100,42000.0,2025-04-23,3000,30,True,Automatic Execution,Medical,Medical - Biomedical and Genetics,488.27,498.41,484.965,492.42,61,4.623249290397901,20,1,0,0,0,1
VRTX,Medical,Medical - Biomedical and Genetics,35__0,35,0.0,6. p95_trade_value,23100.0,46900.0,O:VRTX250502C00495000,VRTX,C,495.0,2025-05-02,232,0,308,5.31,1745609455873000000,68,36108.0,2025-04-25,3000,30,True,Multi Leg auto-electronic trade,Medical,Medical - Biomedical and Genetics,492.54,494.92,484.5,493.84,87,4.557603433787706,20,1,1,1,1,0
VRTX,Medical,Medical - Biomedical and Genetics,35__0,35,0.0,7. p90_trade_value,16500.0,23070.0,O:VRTX250509P00485000,VRTX,P,485.0,2025-05-09,232,0,322,10.07,1745868044218000000,20,20140.0,2025-04-28,3000,30,True,Multi Leg auto-electronic trade,Medical,Medical - Biomedical and Genetics,495.4,498.65,490.37,496.49,298,4.304059466217599,20,2,1,1,1,0
VRTX,Medical,Medical - Biomedical and Genetics,35__0,35,0.0,5. p99_trade_value,46979.99999999999,210000.0,O:VRTX250530P00465000,VRTX,P,465.0,2025-05-30,232,0,312,7.45,1746019817618000000,140,104300.0,2025-04-30,3000,30,True,Multi Leg auto-electronic trade,Medical,Medical - Biomedical and Genetics,500.79,510.77,497.34,509.5,13,5.018284308426531,20,1,1,1,1,0
VRTX,Medical,Medical - Biomedical and Genetics,35__0,35,0.0,5. p99_trade_value,46979.99999999999,210000.0,O:VRTX250530P00475000,VRTX,P,475.0,2025-05-30,232,0,312,9.65,1746019821907000000,140,135100.0,2025-04-30,3000,30,True,Multi Leg auto-electronic trade,Medical,Medical - Biomedical and Genetics,500.79,510.77,497.34,509.5,10,5.130655349022031,20,1,1,1,1,0
VRTX,Medical,Medical - Biomedical and Genetics,35__0,35,0.0,7. p90_trade_value,16500.0,23070.0,O:VRTX250509P00490000,VRTX,P,490.0,2025-05-09,227,0,323,8.25,1746209728524000000,20,16500.0,2025-05-02,3000,30,True,Single Leg Auction Non ISO,Medical,Medical - Biomedical and Genetics,505.86,509.0,498.03,501.15,430,4.217483944213907,20,2,1,1,1,0
VRTX,Medical,Medical - Biomedical and Genetics,35__0,35,0.0,6. p95_trade_value,23100.0,46900.0,O:VRTX250509P00495000,VRTX,P,495.0,2025-05-09,209,0,320,8.9,1746215913518000000,40,35600.0,2025-05-02,3000,30,True,Automatic Execution,Medical,Medical - Biomedical and Genetics,505.86,509.0,498.03,501.15,91,4.551449997972875,20,1,1,1,1,0
VRTX,Medical,Medical - Biomedical and Genetics,35__0,35,0.0,5. p99_trade_value,46979.99999999999,210000.0,O:VRTX250509P00497500,VRTX,P,497.5,2025-05-09,209,0,303,10.4,1746215289160000000,60,62400.0,2025-05-02,3000,30,True,Automatic Execution,Medical,Medical - Biomedical and Genetics,505.86,509.0,498.03,501.15,28,4.795184589682424,20,1,1,1,1,0
VRTX,Medical,Medical - Biomedical and Genetics,35__0,35,0.0,5. p99_trade_value,46979.99999999999,210000.0,O:VRTX250509P00497500,VRTX,P,497.5,2025-05-09,209,0,308,9.6,1746215788008000000,55,52800.0,2025-05-02,3000,30,True,Automatic Execution,Medical,Medical - Biomedical and Genetics,505.86,509.0,498.03,501.15,38,4.722633922533812,20,1,1,1,1,0
VRTX,Medical,Medical - Biomedical and Genetics,35__0,35,0.0,6. p95_trade_value,23100.0,46900.0,O:VRTX250516C00510000,VRTX,C,510.0,2025-05-16,209,0,325,13.0,1746193730907000000,19,24700.0,2025-05-02,3000,30,True,Automatic Execution,Medical,Medical - Biomedical and Genetics,505.86,509.0,498.03,501.15,194,4.392696953259666,20,1,0,0,0,1
VRTX,Medical,Medical - Biomedical and Genetics,35__0,35,0.0,6. p95_trade_value,23100.0,46900.0,O:VRTX250516C00510000,VRTX,C,510.0,2025-05-16,209,0,325,13.0,1746193730907000000,19,24700.0,2025-05-02,3000,30,True,Automatic Execution,Medical,Medical - Biomedical and Genetics,505.86,509.0,498.03,501.15,193,4.392696953259666,20,1,0,0,0,1
VRTX,Medical,Medical - Biomedical and Genetics,35__0,35,0.0,6. p95_trade_value,23100.0,46900.0,O:VRTX250516C00510000,VRTX,C,510.0,2025-05-16,209,0,325,13.0,1746193730907000000,25,32500.0,2025-05-02,3000,30,True,Automatic Execution,Medical,Medical - Biomedical and Genetics,505.86,509.0,498.03,501.15,110,4.511883360978874,20,1,0,0,0,1
VRTX,Medical,Medical - Biomedical and Genetics,35__0,35,0.0,6. p95_trade_value,23100.0,46900.0,O:VRTX250516C00510000,VRTX,C,510.0,2025-05-16,209,0,325,13.0,1746193730907000000,25,32500.0,2025-05-02,3000,30,True,Automatic Execution,Medical,Medical - Biomedical and Genetics,505.86,509.0,498.03,501.15,111,4.511883360978874,20,1,0,0,0,1
VRTX,Medical,Medical - Biomedical and Genetics,35__0,35,0.0,6. p95_trade_value,23100.0,46900.0,O:VRTX250509C00512500,VRTX,C,512.5,2025-05-09,209,0,316,7.1,1746469314416000000,36,25560.0,2025-05-05,3000,30,True,Automatic Execution,Medical,Medical - Biomedical and Genetics,501.45,505.61,498.02,500.19,177,4.407560849486362,20,1,0,0,0,1
VRTX,Medical,Medical - Biomedical and Genetics,35__0,35,0.0,6. p95_trade_value,23100.0,46900.0,O:VRTX250509C00512500,VRTX,C,512.5,2025-05-09,209,0,316,7.1,1746469313219000000,38,26980.0,2025-05-05,3000,30,True,Automatic Execution,Medical,Medical - Biomedical and Genetics,501.45,505.61,498.02,500.19,163,4.431041945335886,20,1,0,0,0,1
VRTX,Medical,Medical - Biomedical and Genetics,35__0,35,0.0,6. p95_trade_value,23100.0,46900.0,O:VRTX250509C00512500,VRTX,C,512.5,2025-05-09,209,0,316,7.0,1746469309276000000,36,25200.0,2025-05-05,3000,30,True,Automatic Execution,Medical,Medical - Biomedical and Genetics,501.45,505.61,498.02,500.19,184,4.401400540781544,20,1,0,0,0,1
VRTX,Medical,Medical - Biomedical and Genetics,35__0,35,0.0,6. p95_trade_value,23100.0,46900.0,O:VRTX250509C00512500,VRTX,C,512.5,2025-05-09,209,0,316,7.0,1746469311813000000,37,25900.0,2025-05-05,3000,30,True,Automatic Execution,Medical,Medical - Biomedical and Genetics,501.45,505.61,498.02,500.19,171,4.413299764081252,20,1,0,0,0,1
VRTX,Medical,Medical - Biomedical and Genetics,35__0,35,0.0,6. p95_trade_value,23100.0,46900.0,O:VRTX250509C00512500,VRTX,C,512.5,2025-05-09,209,0,316,7.0,1746469310426000000,39,27300.0,2025-05-05,3000,30,True,Automatic Execution,Medical,Medical - Biomedical and Genetics,501.45,505.61,498.02,500.19,160,4.4361626470407565,20,1,0,0,0,1
VRTX,Medical,Medical - Biomedical and Genetics,35__0,35,0.0,7. p90_trade_value,16500.0,23070.0,O:VRTX250509P00475000,VRTX,P,475.0,2025-05-09,235,0,301,5.8,1746452690212000000,35,20300.0,2025-05-05,3000,30,True,Multi Leg floor trade,Medical,Medical - Biomedical and Genetics,501.45,505.61,498.02,500.19,292,4.307496037913213,20,2,1,1,1,0
VRTX,Medical,Medical - Biomedical and Genetics,35__0,35,0.0,6. p95_trade_value,23100.0,46900.0,O:VRTX250509P00487500,VRTX,P,487.5,2025-05-09,235,0,301,7.15,1746452690212000000,35,25025.0,2025-05-05,3000,30,True,Multi Leg floor trade,Medical,Medical - Biomedical and Genetics,501.45,505.61,498.02,500.19,187,4.398374086151356,20,1,1,1,1,0
VRTX,Medical,Medical - Biomedical and Genetics,35__0,35,0.0,5. p99_trade_value,46979.99999999999,210000.0,O:VRTX250509P00495000,VRTX,P,495.0,2025-05-09,232,0,308,8.61,1746471699701000000,97,83517.0,2025-05-05,3000,30,True,Multi Leg auto-electronic trade,Medical,Medical - Biomedical and Genetics,501.45,505.61,498.02,500.19,17,4.921774885719899,20,1,1,1,1,0
VRTX,Medical,Medical - Biomedical and Genetics,35__0,35,0.0,6. p95_trade_value,23100.0,46900.0,O:VRTX250516C00550000,VRTX,C,550.0,2025-05-16,209,0,308,1.8,1746456432126000000,149,26820.0,2025-05-05,3000,30,True,Automatic Execution,Medical,Medical - Biomedical and Genetics,501.45,505.61,498.02,500.19,166,4.4284587735155805,20,1,0,0,0,1
VRTX,Medical,Medical - Biomedical and Genetics,35__0,35,0.0,7. p90_trade_value,16500.0,23070.0,O:VRTX250509P00425000,VRTX,P,425.0,2025-05-09,209,0,316,4.5,1746551503538000000,39,17550.0,2025-05-06,3000,30,True,Automatic Execution,Medical,Medical - Biomedical and Genetics,465.555,467.85,428.545,450.03,390,4.244277120801843,20,2,1,1,1,0
VRTX,Medical,Medical - Biomedical and Genetics,35__0,35,0.0,7. p90_trade_value,16500.0,23070.0,O:VRTX250509P00425000,VRTX,P,425.0,2025-05-09,209,0,316,4.4,1746551504535000000,40,17600.0,2025-05-06,3000,30,True,Automatic Execution,Medical,Medical - Biomedical and Genetics,465.555,467.85,428.545,450.03,388,4.2455126678141495,20,2,1,1,1,0
VRTX,Medical,Medical - Biomedical and Genetics,35__0,35,0.0,6. p95_trade_value,23100.0,46900.0,O:VRTX250516P00415000,VRTX,P,415.0,2025-05-16,209,0,313,5.1,1746540140316000000,50,25499.999999999996,2025-05-06,3000,30,True,Automatic Execution,Medical,Medical - Biomedical and Genetics,465.555,467.85,428.545,450.03,178,4.4065401804339555,20,1,0,0,0,1
VRTX,Medical,Medical - Biomedical and Genetics,35__0,35,0.0,7. p90_trade_value,16500.0,23070.0,O:VRTX250516P00415000,VRTX,P,415.0,2025-05-16,209,0,313,3.9,1746551665959000000,50,19500.0,2025-05-06,3000,30,True,Automatic Execution,Medical,Medical - Biomedical and Genetics,465.555,467.85,428.545,450.03,320,4.290034611362518,20,2,0,0,0,1
VRTX,Medical,Medical - Biomedical and Genetics,35__0,35,0.0,6. p95_trade_value,23100.0,46900.0,O:VRTX250516P00415000,VRTX,P,415.0,2025-05-16,209,0,313,5.5,1746540262221000000,50,27500.0,2025-05-06,3000,30,True,Automatic Execution,Medical,Medical - Biomedical and Genetics,465.555,467.85,428.545,450.03,155,4.439332693830263,20,1,0,0,0,1
VRTX,Medical,Medical - Biomedical and Genetics,35__0,35,0.0,7. p90_trade_value,16500.0,23070.0,O:VRTX250516C00450000,VRTX,C,450.0,2025-05-16,209,0,316,4.9,1746629322028000000,37,18130.0,2025-05-07,3000,30,True,Automatic Execution,Medical,Medical - Biomedical and Genetics,447.52,449.0,432.29,434.82,375,4.258397804095509,20,2,0,0,0,1
VRTX,Medical,Medical - Biomedical and Genetics,35__0,35,0.0,7. p90_trade_value,16500.0,23070.0,O:VRTX250516P00415000,VRTX,P,415.0,2025-05-16,209,0,313,3.4,1746634354028000000,50,17000.0,2025-05-07,3000,30,True,Automatic Execution,Medical,Medical - Biomedical and Genetics,447.52,449.0,432.29,434.82,408,4.230448921378274,20,2,0,0,0,1
VRTX,Medical,Medical - Biomedical and Genetics,35__0,35,0.0,7. p90_trade_value,16500.0,23070.0,O:VRTX250516P00420000,VRTX,P,420.0,2025-05-16,209,0,313,3.8,1746632261596000000,50,19000.0,2025-05-07,3000,30,True,Automatic Execution,Medical,Medical - Biomedical and Genetics,447.52,449.0,432.29,434.82,339,4.278753600952829,20,2,1,0,0,0
VRTX,Medical,Medical - Biomedical and Genetics,35__0,35,0.0,7. p90_trade_value,16500.0,23070.0,O:VRTX250516P00425000,VRTX,P,425.0,2025-05-16,209,0,313,4.0,1746627151115000000,50,20000.0,2025-05-07,3000,30,True,Automatic Execution,Medical,Medical - Biomedical and Genetics,447.52,449.0,432.29,434.82,303,4.301029995663981,20,2,1,0,0,0
VRTX,Medical,Medical - Biomedical and Genetics,35__0,35,0.0,6. p95_trade_value,23100.0,46900.0,O:VRTX250516P00425000,VRTX,P,425.0,2025-05-16,209,0,313,5.0,1746639045148000000,50,25000.0,2025-05-07,3000,30,True,Automatic Execution,Medical,Medical - Biomedical and Genetics,447.52,449.0,432.29,434.82,189,4.3979400086720375,20,1,1,0,0,0
VRTX,Medical,Medical - Biomedical and Genetics,35__0,35,0.0,6. p95_trade_value,23100.0,46900.0,O:VRTX250516P00430000,VRTX,P,430.0,2025-05-16,209,0,313,5.3,1746642254482000000,50,26500.0,2025-05-07,3000,30,True,Automatic Execution,Medical,Medical - Biomedical and Genetics,447.52,449.0,432.29,434.82,167,4.423245873936808,20,1,1,1,0,0
VRTX,Medical,Medical - Biomedical and Genetics,35__0,35,0.0,6. p95_trade_value,23100.0,46900.0,O:VRTX250516P00430000,VRTX,P,430.0,2025-05-16,209,0,313,6.2,1746646962789000000,50,31000.0,2025-05-07,3000,30,True,Automatic Execution,Medical,Medical - Biomedical and Genetics,447.52,449.0,432.29,434.82,123,4.491361693834273,20,1,1,1,0,0
VRTX,Medical,Medical - Biomedical and Genetics,35__0,35,0.0,6. p95_trade_value,23100.0,46900.0,O:VRTX250516C00435000,VRTX,C,435.0,2025-05-16,209,0,313,5.2,1746715111212000000,50,26000.0,2025-05-08,3000,30,True,Automatic Execution,Medical,Medical - Biomedical and Genetics,430.165,432.135,423.4,429.6,170,4.414973347970818,20,1,1,1,1,0
VRTX,Medical,Medical - Biomedical and Genetics,35__0,35,0.0,7. p90_trade_value,16500.0,23070.0,O:VRTX250516P00415000,VRTX,P,415.0,2025-05-16,232,0,300,4.47,1746712735009000000,50,22350.0,2025-05-08,3000,30,True,Multi Leg auto-electronic trade,Medical,Medical - Biomedical and Genetics,430.165,432.135,423.4,429.6,235,4.349277527467955,20,2,0,0,0,1
VRTX,Medical,Medical - Biomedical and Genetics,35__0,35,0.0,6. p95_trade_value,23100.0,46900.0,O:VRTX250516P00415000,VRTX,P,415.0,2025-05-16,232,0,308,4.75,1746711609561000000,50,23750.0,2025-05-08,3000,30,True,Multi Leg auto-electronic trade,Medical,Medical - Biomedical and Genetics,430.165,432.135,423.4,429.6,204,4.375663613960885,20,1,0,0,0,1
VRTX,Medical,Medical - Biomedical and Genetics,35__0,35,0.0,7. p90_trade_value,16500.0,23070.0,O:VRTX250523C00450000,VRTX,C,450.0,2025-05-23,235,0,301,2.05,1747424291394000000,100,20499.999999999996,2025-05-16,3000,30,True,Multi Leg floor trade,Medical,Medical - Biomedical and Genetics,435.3,438.95,429.94,438.65,284,4.311753861055754,20,2,0,0,0,1
VRTX,Medical,Medical - Biomedical and Genetics,35__0,35,0.0,5. p99_trade_value,46979.99999999999,210000.0,O:VRTX250523P00435000,VRTX,P,435.0,2025-05-23,227,0,312,2.81,1747752631000000000,221,62101.0,2025-05-20,3000,30,True,Single Leg Auction Non ISO,Medical,Medical - Biomedical and Genetics,442.0,448.0,440.81,447.18,29,4.793098593590191,20,1,1,1,0,0
VRTX,Medical,Medical - Biomedical and Genetics,35__0,35,0.0,6. p95_trade_value,23100.0,46900.0,O:VRTX250620C00450000,VRTX,C,450.0,2025-06-20,209,0,313,8.4,1747848182791000000,36,30240.000000000004,2025-05-21,3000,30,True,Automatic Execution,Medical,Medical - Biomedical and Genetics,444.37,445.158,433.77,435.32,127,4.480581786829169,20,1,1,0,0,0
VRTX,Medical,Medical - Biomedical and Genetics,35__0,35,0.0,7. p90_trade_value,16500.0,23070.0,O:VRTX250620C00450000,VRTX,C,450.0,2025-06-20,209,0,316,8.4,1747848182790000000,24,20160.000000000004,2025-05-21,3000,30,True,Automatic Execution,Medical,Medical - Biomedical and Genetics,444.37,445.158,433.77,435.32,296,4.3044905277734875,20,2,1,0,0,0
VRTX,Medical,Medical - Biomedical and Genetics,35__0,35,0.0,7. p90_trade_value,16500.0,23070.0,O:VRTX250620C00480000,VRTX,C,480.0,2025-06-20,227,0,323,2.76,1748445666272000000,63,17388.0,2025-05-28,3000,30,True,Single Leg Auction Non ISO,Medical,Medical - Biomedical and Genetics,446.4,451.64,443.405,445.1,394,4.240249631518799,20,2,0,0,0,1
VRTX,Medical,Medical - Biomedical and Genetics,35__0,35,0.0,7. p90_trade_value,16500.0,23070.0,O:VRTX250627P00425000,VRTX,P,425.0,2025-06-27,232,0,308,5.51,1748449707019000000,30,16530.0,2025-05-28,3000,30,True,Multi Leg auto-electronic trade,Medical,Medical - Biomedical and Genetics,446.4,451.64,443.405,445.1,423,4.218272853571447,20,2,0,0,0,1
VRTX,Medical,Medical - Biomedical and Genetics,35__0,35,0.0,7. p90_trade_value,16500.0,23070.0,O:VRTX250606C00450000,VRTX,C,450.0,2025-06-06,209,0,320,4.0,1748871509056000000,50,20000.0,2025-06-02,3000,30,True,Automatic Execution,Medical,Medical - Biomedical and Genetics,441.27,447.98,439.54,445.43,305,4.301029995663981,20,2,1,1,1,0
WST,Medical,Medical - Dental Supplies,25__0,25,0.0,1. p999999_trade_value,631200.0,631200.0,O:WST241018P00300000,WST,P,300.0,2024-10-18,235,0,313,5.26,1726851711733000000,1200,631200.0,2024-09-20,3000,30,True,Multi Leg floor trade,Medical,Medical - Dental Supplies,309.86,311.9,306.21,308.15,1,5.8001669902013635,20,1,1,1,1,0
WST,Medical,Medical - Dental Supplies,25__0,25,0.0,6. p95_trade_value,25000.0,99600.00000000001,O:WST241115C00300000,WST,C,300.0,2024-11-15,227,0,323,12.02,1729533508937000000,25,30050.0,2024-10-21,3000,30,True,Single Leg Auction Non ISO,Medical,Medical - Dental Supplies,291.09,292.46,287.07,287.25,17,4.477844476338758,20,1,1,1,1,0
WST,Medical,Medical - Dental Supplies,25__0,25,0.0,6. p95_trade_value,25000.0,99600.00000000001,O:WST241115C00320000,WST,C,320.0,2024-11-15,209,0,303,5.0,1729526828566000000,50,25000.0,2024-10-21,3000,30,True,Automatic Execution,Medical,Medical - Dental Supplies,291.09,292.46,287.07,287.25,20,4.3979400086720375,20,1,1,1,0,0
WST,Medical,Medical - Dental Supplies,25__0,25,0.0,6. p95_trade_value,25000.0,99600.00000000001,O:WST241220C00330000,WST,C,330.0,2024-12-20,227,0,302,6.63,1732291905973000000,131,86853.0,2024-11-22,3000,30,True,Single Leg Auction Non ISO,Medical,Medical - Dental Supplies,319.53,325.0,316.01,316.59,8,4.938784824060537,20,1,1,1,1,0
WST,Medical,Medical - Dental Supplies,25__0,25,0.0,6. p95_trade_value,25000.0,99600.00000000001,O:WST241220C00330000,WST,C,330.0,2024-12-20,231,0,323,6.1,1732302049939000000,100,61000.0,2024-11-22,3000,30,True,Single Leg Floor Trade,Medical,Medical - Dental Supplies,319.53,325.0,316.01,316.59,9,4.785329835010767,20,1,1,1,1,0
WST,Medical,Medical - Dental Supplies,25__0,25,0.0,6. p95_trade_value,25000.0,99600.00000000001,O:WST241220C00330000,WST,C,330.0,2024-12-20,227,0,301,6.63,1732291905974000000,59,39117.0,2024-11-22,3000,30,True,Single Leg Auction Non ISO,Medical,Medical - Dental Supplies,319.53,325.0,316.01,316.59,13,4.592365540046917,20,1,1,1,1,0
WST,Medical,Medical - Dental Supplies,25__0,25,0.0,6. p95_trade_value,25000.0,99600.00000000001,O:WST241220C00330000,WST,C,330.0,2024-12-20,227,0,304,6.63,1732291905974000000,66,43758.0,2024-11-22,3000,30,True,Single Leg Auction Non ISO,Medical,Medical - Dental Supplies,319.53,325.0,316.01,316.59,12,4.641057463946642,20,1,1,1,1,0
WST,Medical,Medical - Dental Supplies,25__0,25,0.0,5. p99_trade_value,103500.0,494000.0,O:WST241220C00330000,WST,C,330.0,2024-12-20,231,0,323,6.9,1732551906615000000,150,103500.0,2024-11-25,3000,30,True,Single Leg Floor Trade,Medical,Medical - Dental Supplies,321.935,323.33,318.87,319.79,4,5.014940349792936,20,1,1,1,1,0
WST,Medical,Medical - Dental Supplies,25__0,25,0.0,6. p95_trade_value,25000.0,99600.00000000001,O:WST250221P00300000,WST,P,300.0,2025-02-21,231,0,301,7.5,1739385753041000000,122,91500.0,2025-02-12,3000,30,True,Single Leg Floor Trade,Medical,Medical - Dental Supplies,318.6,324.33,315.76,322.28,7,4.9614210940664485,20,1,1,1,1,0
WST,Medical,Medical - Dental Supplies,25__0,25,0.0,6. p95_trade_value,25000.0,99600.00000000001,O:WST250221P00300000,WST,P,300.0,2025-02-21,231,0,301,7.5,1739384509041000000,122,91500.0,2025-02-12,3000,30,True,Single Leg Floor Trade,Medical,Medical - Dental Supplies,318.6,324.33,315.76,322.28,6,4.9614210940664485,20,1,1,1,1,0
WST,Medical,Medical - Dental Supplies,25__0,25,0.0,6. p95_trade_value,25000.0,99600.00000000001,O:WST250321C00230000,WST,C,230.0,2025-03-21,209,0,325,3.0,1740413502709000000,111,33300.0,2025-02-24,3000,30,True,Automatic Execution,Medical,Medical - Dental Supplies,209.49,221.455,209.49,221.07,16,4.52244423350632,20,1,1,1,0,0
WST,Medical,Medical - Dental Supplies,25__0,25,0.0,6. p95_trade_value,25000.0,99600.00000000001,O:WST250321C00240000,WST,C,240.0,2025-03-21,209,0,320,2.5,1740430798688000000,119,29750.0,2025-02-24,3000,30,True,Automatic Execution,Medical,Medical - Dental Supplies,209.49,221.455,209.49,221.07,18,4.4734869700645685,20,1,0,0,0,1
WST,Medical,Medical - Dental Supplies,25__0,25,0.0,6. p95_trade_value,25000.0,99600.00000000001,O:WST250417P00230000,WST,P,230.0,2025-04-17,209,0,320,5.9,1742835308479000000,44,25960.000000000004,2025-03-24,3000,30,True,Automatic Execution,Medical,Medical - Dental Supplies,230.29,234.02,230.29,231.9,19,4.414304688128332,20,1,1,1,1,0
WST,Medical,Medical - Dental Supplies,25__0,25,0.0,6. p95_trade_value,25000.0,99600.00000000001,O:WST250516C00220000,WST,C,220.0,2025-05-16,209,0,325,7.5,1745265270131000000,50,37500.0,2025-04-21,3000,30,True,Automatic Execution,Medical,Medical - Dental Supplies,205.0,206.31,200.35,205.88,14,4.574031267727719,20,1,1,0,0,0
WST,Medical,Medical - Dental Supplies,25__0,25,0.0,6. p95_trade_value,25000.0,99600.00000000001,O:WST250516C00230000,WST,C,230.0,2025-05-16,231,0,313,8.3,1745335565854000000,120,99600.00000000001,2025-04-22,3000,30,True,Single Leg Floor Trade,Medical,Medical - Dental Supplies,208.06,216.98,207.245,215.13,5,4.998259338423699,20,1,0,0,0,1
WST,Medical,Medical - Dental Supplies,25__0,25,0.0,5. p99_trade_value,103500.0,494000.0,O:WST250516C00230000,WST,C,230.0,2025-05-16,242,0,313,7.6,1745424221880000000,650,494000.0,2025-04-23,3000,30,True,Stock Options floor trade,Medical,Medical - Dental Supplies,217.63,223.088,213.76,218.18,2,5.693726948923647,20,1,0,0,0,1
WST,Medical,Medical - Dental Supplies,25__0,25,0.0,6. p95_trade_value,25000.0,99600.00000000001,O:WST250516P00210000,WST,P,210.0,2025-05-16,209,0,325,11.5,1745434728705000000,47,54050.0,2025-04-23,3000,30,True,Automatic Execution,Medical,Medical - Dental Supplies,217.63,223.088,213.76,218.18,10,4.732795698289329,20,1,1,1,0,0
WST,Medical,Medical - Dental Supplies,25__0,25,0.0,6. p95_trade_value,25000.0,99600.00000000001,O:WST250516P00210000,WST,P,210.0,2025-05-16,209,0,325,11.2,1745433110246000000,48,53759.99999999999,2025-04-23,3000,30,True,Automatic Execution,Medical,Medical - Dental Supplies,217.63,223.088,213.76,218.18,11,4.730459260045769,20,1,1,1,0,0
WST,Medical,Medical - Dental Supplies,25__0,25,0.0,5. p99_trade_value,103500.0,494000.0,O:WST250516P00210000,WST,P,210.0,2025-05-16,242,0,313,8.6,1745420920706000000,250,215000.0,2025-04-23,3000,30,True,Stock Options floor trade,Medical,Medical - Dental Supplies,217.63,223.088,213.76,218.18,3,5.332438459915605,20,1,1,1,0,0
WST,Medical,Medical - Dental Supplies,25__0,25,0.0,6. p95_trade_value,25000.0,99600.00000000001,O:WST250620C00230000,WST,C,230.0,2025-06-20,235,0,301,1.6,1749148835206000000,225,36000.0,2025-06-05,3000,30,True,Multi Leg floor trade,Medical,Medical - Dental Supplies,211.5,221.0,209.32,218.58,15,4.556302500767287,20,1,1,0,0,0
XENE,Medical,Medical - Biomedical and Genetics,15__1,15,1.0,1. p999999_trade_value,490000.0,490000.0,O:XENE250516P00030000,XENE,P,30.0,2025-05-16,239,0,302,3.5,1744829555373000000,1400,490000.0,2025-04-16,3000,30,True,Multi Leg floor trade against single leg(s),Medical,Medical - Biomedical and Genetics,32.92,33.78,32.35,33.78,1,5.690196080028514,20,1,1,1,0,0
XERS,Medical,Medical - Drugs,5__0,5,0.0,1. p999999_trade_value,5200.0,5200.0,O:XERS250620C00005000,XERS,C,5.0,2025-06-20,227,0,302,0.26,1748375368617000000,200,5200.0,2025-05-27,3000,30,True,Single Leg Auction Non ISO,Medical,Medical - Drugs,4.92,4.94,4.8,4.83,1,3.716003343634799,20,1,1,0,0,0
ZBH,Medical,Medical - Products,20__2,20,2.0,1. p999999_trade_value,385560.00000000006,385560.00000000006,O:ZBH241018P00105000,ZBH,P,105.0,2024-10-18,235,0,313,2.1,1726843460966000000,1836,385560.00000000006,2024-09-20,3000,30,True,Multi Leg floor trade,Medical,Medical - Products,105.57,106.74,105.01,106.42,1,5.586091971599143,20,1,1,1,0,0
ZBH,Medical,Medical - Products,20__2,20,2.0,6. p95_trade_value,43500.0,190888.0,O:ZBH241115C00110000,ZBH,C,110.0,2024-11-15,242,0,323,1.45,1730229414155000000,300,43500.0,2024-10-29,3000,30,True,Stock Options floor trade,Medical,Medical - Products,103.28,105.07,102.94,103.88,5,4.638489256954637,20,1,1,1,1,0
ZBH,Medical,Medical - Products,20__2,20,2.0,6. p95_trade_value,43500.0,190888.0,O:ZBH250321C00110000,ZBH,C,110.0,2025-03-21,231,0,300,1.45,1740512904704000000,500,72500.0,2025-02-25,3000,30,True,Single Leg Floor Trade,Medical,Medical - Products,106.1,107.64,105.57,107.35,4,4.860338006570994,20,1,1,1,1,0
ZBH,Medical,Medical - Products,20__2,20,2.0,6. p95_trade_value,43500.0,190888.0,O:ZBH250321C00110000,ZBH,C,110.0,2025-03-21,231,0,302,0.95,1741789966102000000,900,85500.0,2025-03-12,3000,30,True,Single Leg Floor Trade,Medical,Medical - Products,106.4,106.515,103.435,104.03,3,4.931966114728173,20,1,1,1,1,0
ZBH,Medical,Medical - Products,20__2,20,2.0,6. p95_trade_value,43500.0,190888.0,O:ZBH250417C00115000,ZBH,C,115.0,2025-04-17,235,0,300,1.07,1742581877211000000,1784,190888.0,2025-03-21,3000,30,True,Multi Leg floor trade,Medical,Medical - Products,111.0,111.67,109.84,110.73,2,5.280778627725314,20,1,0,0,0,1
ZNTL,Medical,Medical - Biomedical and Genetics,15__0,15,0.0,8. p75_trade_value,5505.0,6000.0,O:ZNTL241018C00005000,ZNTL,C,5.0,2024-10-18,209,0,309,0.15,1727446894054000000,367,5505.0,2024-09-27,3000,30,True,Automatic Execution,Medical,Medical - Biomedical and Genetics,3.76,3.95,3.73,3.75,5,3.7407573233077707,20,5,0,0,0,1
ZNTL,Medical,Medical - Biomedical and Genetics,15__0,15,0.0,8. p75_trade_value,5505.0,6000.0,O:ZNTL250221C00002500,ZNTL,C,2.5,2025-02-21,219,0,320,0.55,1737729848197000000,108,5940.000000000001,2025-01-24,3000,30,True,Intermarket Sweep Order,Medical,Medical - Biomedical and Genetics,2.27,2.41,2.2088,2.22,4,3.7737864449811935,20,4,1,1,0,0
ZNTL,Medical,Medical - Biomedical and Genetics,15__0,15,0.0,7. p90_trade_value,9250.0,9250.0,O:ZNTL250221C00002500,ZNTL,C,2.5,2025-02-21,227,0,309,0.37,1738161656002000000,250,9250.0,2025-01-29,3000,30,True,Single Leg Auction Non ISO,Medical,Medical - Biomedical and Genetics,1.77,2.37,1.7601,1.89,2,3.9661417327390325,20,2,1,1,0,0
ZNTL,Medical,Medical - Biomedical and Genetics,15__0,15,0.0,1. p999999_trade_value,9310.0,9310.0,O:ZNTL250221C00002500,ZNTL,C,2.5,2025-02-21,227,0,309,0.38,1738161620936000000,245,9310.0,2025-01-29,3000,30,True,Single Leg Auction Non ISO,Medical,Medical - Biomedical and Genetics,1.77,2.37,1.7601,1.89,1,3.9689496809813427,20,1,1,1,0,0
ZNTL,Medical,Medical - Biomedical and Genetics,15__0,15,0.0,8. p75_trade_value,5505.0,6000.0,O:ZNTL250221C00002500,ZNTL,C,2.5,2025-02-21,227,0,309,0.3,1738161495638000000,200,6000.0,2025-01-29,3000,30,True,Single Leg Auction Non ISO,Medical,Medical - Biomedical and Genetics,1.77,2.37,1.7601,1.89,3,3.7781512503836434,20,3,1,1,0,0
ZTS,Medical,Medical - Drugs,30__1,30,1.0,4. p999_trade_value,880000.0,880000.0,O:ZTS250516P00150000,ZTS,P,150.0,2025-05-16,229,0,301,4.0,1745608748986000000,2200,880000.0,2025-04-25,3000,30,True,Single Leg Cross Non ISO,Medical,Medical - Drugs,152.05,153.92,150.5,153.47,2,5.944482672150168,20,1,1,0,0,0
ZTS,Medical,Medical - Drugs,30__1,30,1.0,1. p999999_trade_value,1150500.0,1150500.0,O:ZTS250516P00150000,ZTS,P,150.0,2025-05-16,235,0,313,3.54,1745852031405000000,3250,1150500.0,2025-04-28,3000,30,True,Multi Leg floor trade,Medical,Medical - Drugs,153.35,154.78,152.45,153.57,1,6.060886623004662,20,1,1,0,0,0
ZYME,Medical,Medical - Biomedical and Genetics,10__0,10,0.0,8. p75_trade_value,6720.0,6720.0,O:ZYME250516C00012500,ZYME,C,12.5,2025-05-16,219,0,300,0.8,1745245689061000000,84,6720.0,2025-04-21,3000,30,True,Intermarket Sweep Order,Medical,Medical - Biomedical and Genetics,11.47,12.15,11.34,11.75,2,3.8273692730538253,20,2,1,0,0,0
ZYME,Medical,Medical - Biomedical and Genetics,10__0,10,0.0,1. p999999_trade_value,11840.0,11840.0,O:ZYME250516C00012500,ZYME,C,12.5,2025-05-16,219,0,318,0.8,1745246795801000000,148,11840.0,2025-04-21,3000,30,True,Intermarket Sweep Order,Medical,Medical - Biomedical and Genetics,11.47,12.15,11.34,11.75,1,4.073351702386901,20,1,1,0,0,0
