security,sector,industry,final_cluster,trade_volume_bin,cluster,trade_value_category,category_minimum,categiry_maximum,option_ticker,security_1,option_type,strike_price,expiration,conditions,correction,exchange,price,sip_timestamp,size,trade_value,data_date,min_trade_value,expiration_days_out,otm_range,option_condition_name,sector_1,industry_1,securty_open,security_high,security_low,security_close,trade_rank,trade_value_log10,number_of_bins,trade_value_bin,itm,itm_expiration_day,itm_expriation_close,otm
SERV,Computer and Technology,Computers - IT Services,30__2,30,2.0,8. p75_trade_value,7740.000000000001,12240.0,O:SERV240920C00011000,SERV,C,11.0,2024-09-20,209,0,316,0.45,1724784128157000000,180,8100.0,2024-08-27,3000,30,True,Automatic Execution,Computer and Technology,Computers - IT Services,9.4,9.69,9.25,9.47,275,3.90848501887865,20,5,0,0,0,1
SERV,Computer and Technology,Computers - IT Services,30__2,30,2.0,7. p90_trade_value,12280.000000000002,17300.0,O:SERV240920C00011000,SERV,C,11.0,2024-09-20,209,0,323,0.45,1724784128157000000,287,12915.0,2024-08-27,3000,30,True,Automatic Execution,Computer and Technology,Computers - IT Services,9.4,9.69,9.25,9.47,103,4.111094410509336,20,2,0,0,0,1
SERV,Computer and Technology,Computers - IT Services,30__2,30,2.0,7. p90_trade_value,12280.000000000002,17300.0,O:SERV240920C00011000,SERV,C,11.0,2024-09-20,209,0,313,0.45,1724784128284000000,276,12420.0,2024-08-27,3000,30,True,Automatic Execution,Computer and Technology,Computers - IT Services,9.4,9.69,9.25,9.47,114,4.094121595840561,20,2,0,0,0,1
SERV,Computer and Technology,Computers - IT Services,30__2,30,2.0,5. p99_trade_value,37000.0,78000.0,O:SERV240920C00011000,SERV,C,11.0,2024-09-20,209,0,323,0.45,1724788399045000000,983,44235.0,2024-08-27,3000,30,True,Automatic Execution,Computer and Technology,Computers - IT Services,9.4,9.69,9.25,9.47,7,4.645766031607479,20,1,0,0,0,1
SERV,Computer and Technology,Computers - IT Services,30__2,30,2.0,8. p75_trade_value,7740.000000000001,12240.0,O:SERV240920C00014000,SERV,C,14.0,2024-09-20,209,0,316,0.2,1724786528066000000,387,7740.000000000001,2024-08-27,3000,30,True,Automatic Execution,Computer and Technology,Computers - IT Services,9.4,9.69,9.25,9.47,297,3.8887409606828927,20,5,0,0,0,1
SERV,Computer and Technology,Computers - IT Services,30__2,30,2.0,6. p95_trade_value,17500.0,34125.0,O:SERV240920C00009000,SERV,C,9.0,2024-09-20,240,0,302,0.55,1726257570627000000,400,22000.000000000004,2024-09-13,3000,30,True,Stock Options auto-electronic trade,Computer and Technology,Computers - IT Services,7.34,8.93,7.13,8.67,42,4.342422680822207,20,1,0,0,0,1
SERV,Computer and Technology,Computers - IT Services,30__2,30,2.0,8. p75_trade_value,7740.000000000001,12240.0,O:SERV240920C00010000,SERV,C,10.0,2024-09-20,209,0,303,0.25,1726257258694000000,437,10925.0,2024-09-13,3000,30,True,Automatic Execution,Computer and Technology,Computers - IT Services,7.34,8.93,7.13,8.67,155,4.038421445642459,20,3,0,0,0,1
SERV,Computer and Technology,Computers - IT Services,30__2,30,2.0,8. p75_trade_value,7740.000000000001,12240.0,O:SERV240920C00010000,SERV,C,10.0,2024-09-20,209,0,303,0.25,1726256949919000000,350,8750.0,2024-09-13,3000,30,True,Automatic Execution,Computer and Technology,Computers - IT Services,7.34,8.93,7.13,8.67,247,3.942008053022313,20,5,0,0,0,1
SERV,Computer and Technology,Computers - IT Services,30__2,30,2.0,7. p90_trade_value,12280.000000000002,17300.0,O:SERV240920C00009000,SERV,C,9.0,2024-09-20,209,0,320,0.25,1726580436515000000,562,14050.0,2024-09-17,3000,30,True,Automatic Execution,Computer and Technology,Computers - IT Services,8.01,8.4633,7.15,7.23,93,4.1476763242410986,20,2,0,0,0,1
SERV,Computer and Technology,Computers - IT Services,30__2,30,2.0,4. p999_trade_value,95000.0,95000.0,O:SERV241018C00008000,SERV,C,8.0,2024-10-18,234,0,300,0.95,1726689549498000000,1000,95000.0,2024-09-18,3000,30,True,Multi Leg Cross,Computer and Technology,Computers - IT Services,7.28,7.7,6.9,7.48,2,4.977723605288848,20,1,1,1,1,0
SERV,Computer and Technology,Computers - IT Services,30__2,30,2.0,6. p95_trade_value,17500.0,34125.0,O:SERV241018C00008000,SERV,C,8.0,2024-10-18,235,0,300,0.55,1726670639107000000,500,27500.0,2024-09-18,3000,30,True,Multi Leg floor trade,Computer and Technology,Computers - IT Services,7.28,7.7,6.9,7.48,21,4.439332693830263,20,1,1,1,1,0
SERV,Computer and Technology,Computers - IT Services,30__2,30,2.0,8. p75_trade_value,7740.000000000001,12240.0,O:SERV241018P00007000,SERV,P,7.0,2024-10-18,227,0,323,1.02,1727103693415000000,80,8159.999999999999,2024-09-23,3000,30,True,Single Leg Auction Non ISO,Computer and Technology,Computers - IT Services,7.48,7.97,7.152,7.95,273,3.9116901587538613,20,5,0,0,0,1
SERV,Computer and Technology,Computers - IT Services,30__2,30,2.0,8. p75_trade_value,7740.000000000001,12240.0,O:SERV241018C00009000,SERV,C,9.0,2024-10-18,209,0,301,0.45,1727801601281000000,207,9315.0,2024-10-01,3000,30,True,Automatic Execution,Computer and Technology,Computers - IT Services,8.16,8.51,7.66,7.99,215,3.9691828592322613,20,4,1,1,1,0
SERV,Computer and Technology,Computers - IT Services,30__2,30,2.0,8. p75_trade_value,7740.000000000001,12240.0,O:SERV241018C00010000,SERV,C,10.0,2024-10-18,209,0,301,0.5,1728071865836000000,173,8650.0,2024-10-04,3000,30,True,Automatic Execution,Computer and Technology,Computers - IT Services,7.82,9.1835,7.6,8.77,250,3.9370161074648142,20,5,1,0,0,0
SERV,Computer and Technology,Computers - IT Services,30__2,30,2.0,8. p75_trade_value,7740.000000000001,12240.0,O:SERV241011C00011000,SERV,C,11.0,2024-10-11,227,0,301,0.36,1728322304317000000,297,10692.0,2024-10-07,3000,30,True,Single Leg Auction Non ISO,Computer and Technology,Computers - IT Services,9.12,10.76,9.11,9.8,157,4.0290589500845,20,3,0,0,0,1
SERV,Computer and Technology,Computers - IT Services,30__2,30,2.0,6. p95_trade_value,17500.0,34125.0,O:SERV241011C00011000,SERV,C,11.0,2024-10-11,227,0,301,0.7,1728321539343000000,437,30589.999999999996,2024-10-07,3000,30,True,Single Leg Auction Non ISO,Computer and Technology,Computers - IT Services,9.12,10.76,9.11,9.8,17,4.485579476984679,20,1,0,0,0,1
SERV,Computer and Technology,Computers - IT Services,30__2,30,2.0,6. p95_trade_value,17500.0,34125.0,O:SERV241011C00011000,SERV,C,11.0,2024-10-11,227,0,301,0.7,1728321539343000000,437,30589.999999999996,2024-10-07,3000,30,True,Single Leg Auction Non ISO,Computer and Technology,Computers - IT Services,9.12,10.76,9.11,9.8,16,4.485579476984679,20,1,0,0,0,1
SERV,Computer and Technology,Computers - IT Services,30__2,30,2.0,5. p99_trade_value,37000.0,78000.0,O:SERV241011C00011000,SERV,C,11.0,2024-10-11,227,0,301,0.36,1728322304317000000,1214,43704.0,2024-10-07,3000,30,True,Single Leg Auction Non ISO,Computer and Technology,Computers - IT Services,9.12,10.76,9.11,9.8,8,4.640521187506526,20,1,0,0,0,1
SERV,Computer and Technology,Computers - IT Services,30__2,30,2.0,8. p75_trade_value,7740.000000000001,12240.0,O:SERV241018P00009000,SERV,P,9.0,2024-10-18,209,0,320,0.6,1728579202215000000,171,10260.0,2024-10-10,3000,30,True,Automatic Execution,Computer and Technology,Computers - IT Services,10.0,10.1,9.12,9.4,177,4.011147360775797,20,3,1,1,0,0
SERV,Computer and Technology,Computers - IT Services,30__2,30,2.0,1. p999999_trade_value,172000.0,172000.0,O:SERV241115C00010000,SERV,C,10.0,2024-11-15,234,0,300,0.86,1729102007350000000,2000,172000.0,2024-10-16,3000,30,True,Multi Leg Cross,Computer and Technology,Computers - IT Services,9.33,9.38,8.7,9.0,1,5.235528446907549,20,1,1,0,0,0
SERV,Computer and Technology,Computers - IT Services,30__2,30,2.0,5. p99_trade_value,37000.0,78000.0,O:SERV241115C00010000,SERV,C,10.0,2024-11-15,235,0,300,0.88,1729104015484000000,450,39600.0,2024-10-16,3000,30,True,Multi Leg floor trade,Computer and Technology,Computers - IT Services,9.33,9.38,8.7,9.0,11,4.597695185925512,20,1,1,0,0,0
SERV,Computer and Technology,Computers - IT Services,30__2,30,2.0,7. p90_trade_value,12280.000000000002,17300.0,O:SERV241115P00006000,SERV,P,6.0,2024-11-15,209,0,308,0.25,1729171809767000000,642,16050.0,2024-10-17,3000,30,True,Automatic Execution,Computer and Technology,Computers - IT Services,9.09,9.11,8.48,8.56,72,4.205475036740891,20,2,0,0,0,1
SERV,Computer and Technology,Computers - IT Services,30__2,30,2.0,8. p75_trade_value,7740.000000000001,12240.0,O:SERV241115C00010000,SERV,C,10.0,2024-11-15,209,0,303,1.05,1729277209287000000,100,10500.0,2024-10-18,3000,30,True,Automatic Execution,Computer and Technology,Computers - IT Services,8.74,9.64,8.62,9.36,162,4.021189299069938,20,3,1,0,0,0
SERV,Computer and Technology,Computers - IT Services,30__2,30,2.0,8. p75_trade_value,7740.000000000001,12240.0,O:SERV241115C00010000,SERV,C,10.0,2024-11-15,209,0,300,1.0,1729280439481000000,104,10400.0,2024-10-18,3000,30,True,Automatic Execution,Computer and Technology,Computers - IT Services,8.74,9.64,8.62,9.36,167,4.017033339298781,20,3,1,0,0,0
SERV,Computer and Technology,Computers - IT Services,30__2,30,2.0,8. p75_trade_value,7740.000000000001,12240.0,O:SERV241115C00011000,SERV,C,11.0,2024-11-15,232,0,308,0.64,1729705388129000000,157,10048.0,2024-10-23,3000,30,True,Multi Leg auto-electronic trade,Computer and Technology,Computers - IT Services,9.5,10.215,9.0,9.05,189,4.002079626393121,20,4,1,0,0,0
SERV,Computer and Technology,Computers - IT Services,30__2,30,2.0,8. p75_trade_value,7740.000000000001,12240.0,O:SERV241115C00011000,SERV,C,11.0,2024-11-15,232,0,308,0.64,1729705387819000000,160,10240.0,2024-10-23,3000,30,True,Multi Leg auto-electronic trade,Computer and Technology,Computers - IT Services,9.5,10.215,9.0,9.05,179,4.010299956639812,20,3,1,0,0,0
SERV,Computer and Technology,Computers - IT Services,30__2,30,2.0,8. p75_trade_value,7740.000000000001,12240.0,O:SERV241115C00011000,SERV,C,11.0,2024-11-15,232,0,308,0.64,1729705387716000000,161,10304.0,2024-10-23,3000,30,True,Multi Leg auto-electronic trade,Computer and Technology,Computers - IT Services,9.5,10.215,9.0,9.05,172,4.013005850015737,20,3,1,0,0,0
SERV,Computer and Technology,Computers - IT Services,30__2,30,2.0,8. p75_trade_value,7740.000000000001,12240.0,O:SERV241115C00011000,SERV,C,11.0,2024-11-15,232,0,308,0.64,1729705388026000000,161,10304.0,2024-10-23,3000,30,True,Multi Leg auto-electronic trade,Computer and Technology,Computers - IT Services,9.5,10.215,9.0,9.05,171,4.013005850015737,20,3,1,0,0,0
SERV,Computer and Technology,Computers - IT Services,30__2,30,2.0,8. p75_trade_value,7740.000000000001,12240.0,O:SERV241115C00011000,SERV,C,11.0,2024-11-15,232,0,308,0.64,1729705387923000000,161,10304.0,2024-10-23,3000,30,True,Multi Leg auto-electronic trade,Computer and Technology,Computers - IT Services,9.5,10.215,9.0,9.05,173,4.013005850015737,20,3,1,0,0,0
SERV,Computer and Technology,Computers - IT Services,30__2,30,2.0,8. p75_trade_value,7740.000000000001,12240.0,O:SERV241108C00013500,SERV,C,13.5,2024-11-08,227,0,323,0.8,1730303613482000000,100,8000.0,2024-10-30,3000,30,True,Single Leg Auction Non ISO,Computer and Technology,Computers - IT Services,11.39,12.6485,10.96,11.37,284,3.9030899869919438,20,5,0,0,0,1
SERV,Computer and Technology,Computers - IT Services,30__2,30,2.0,8. p75_trade_value,7740.000000000001,12240.0,O:SERV241108C00011500,SERV,C,11.5,2024-11-08,209,0,323,0.55,1730473479392000000,181,9955.000000000002,2024-11-01,3000,30,True,Automatic Execution,Computer and Technology,Computers - IT Services,10.43,10.5799,10.02,10.04,194,3.998041264363428,20,4,0,0,0,1
SERV,Computer and Technology,Computers - IT Services,30__2,30,2.0,8. p75_trade_value,7740.000000000001,12240.0,O:SERV241122P00009000,SERV,P,9.0,2024-11-22,232,0,322,0.87,1730743026646000000,100,8700.0,2024-11-04,3000,30,True,Multi Leg auto-electronic trade,Computer and Technology,Computers - IT Services,10.02,10.05,9.25,9.45,249,3.9395192526186187,20,5,1,1,1,0
SERV,Computer and Technology,Computers - IT Services,30__2,30,2.0,8. p75_trade_value,7740.000000000001,12240.0,O:SERV241115C00012000,SERV,C,12.0,2024-11-15,219,0,323,0.55,1731010877779000000,150,8250.0,2024-11-07,3000,30,True,Intermarket Sweep Order,Computer and Technology,Computers - IT Services,10.36,11.03,9.81,10.83,270,3.916453948549925,20,5,0,0,0,1
SERV,Computer and Technology,Computers - IT Services,30__2,30,2.0,8. p75_trade_value,7740.000000000001,12240.0,O:SERV241115C00011000,SERV,C,11.0,2024-11-15,209,0,308,0.2,1731077514116000000,500,10000.0,2024-11-08,3000,30,True,Automatic Execution,Computer and Technology,Computers - IT Services,9.9,9.97,8.81,9.04,191,4.0,20,4,0,0,0,1
SERV,Computer and Technology,Computers - IT Services,30__2,30,2.0,8. p75_trade_value,7740.000000000001,12240.0,O:SERV241220C00010000,SERV,C,10.0,2024-12-20,209,0,309,0.5,1732201250624000000,180,9000.0,2024-11-21,3000,30,True,Automatic Execution,Computer and Technology,Computers - IT Services,8.78,8.94,8.44,8.46,233,3.9542425094393248,20,4,1,1,1,0
SERV,Computer and Technology,Computers - IT Services,30__2,30,2.0,8. p75_trade_value,7740.000000000001,12240.0,O:SERV241220C00009000,SERV,C,9.0,2024-12-20,209,0,318,0.8,1732289847989000000,151,12080.000000000002,2024-11-22,3000,30,True,Automatic Execution,Computer and Technology,Computers - IT Services,8.43,8.72,8.25,8.33,126,4.0820669342851135,20,3,1,1,1,0
SERV,Computer and Technology,Computers - IT Services,30__2,30,2.0,7. p90_trade_value,12280.000000000002,17300.0,O:SERV241129C00009500,SERV,C,9.5,2024-11-29,209,0,312,0.2,1732546415477000000,686,13720.000000000002,2024-11-25,3000,30,True,Automatic Execution,Computer and Technology,Computers - IT Services,8.58,9.2799,8.53,8.81,96,4.137354111370733,20,2,0,0,0,1
SERV,Computer and Technology,Computers - IT Services,30__2,30,2.0,8. p75_trade_value,7740.000000000001,12240.0,O:SERV241213P00008500,SERV,P,8.5,2024-12-13,227,0,323,0.45,1733154788997000000,225,10125.0,2024-12-02,3000,30,True,Single Leg Auction Non ISO,Computer and Technology,Computers - IT Services,8.83,9.6954,8.83,9.15,187,4.005395031886706,20,4,1,0,0,0
SERV,Computer and Technology,Computers - IT Services,30__2,30,2.0,8. p75_trade_value,7740.000000000001,12240.0,O:SERV241220C00011000,SERV,C,11.0,2024-12-20,209,0,319,0.35,1733415989819000000,258,9030.0,2024-12-05,3000,30,True,Automatic Execution,Computer and Technology,Computers - IT Services,8.53,10.27,8.24,9.53,221,3.9556877503135057,20,4,1,1,1,0
SERV,Computer and Technology,Computers - IT Services,30__2,30,2.0,6. p95_trade_value,17500.0,34125.0,O:SERV241220C00011000,SERV,C,11.0,2024-12-20,209,0,308,0.4,1733431204787000000,500,20000.0,2024-12-05,3000,30,True,Automatic Execution,Computer and Technology,Computers - IT Services,8.53,10.27,8.24,9.53,45,4.301029995663981,20,1,1,1,1,0
SERV,Computer and Technology,Computers - IT Services,30__2,30,2.0,8. p75_trade_value,7740.000000000001,12240.0,O:SERV241220C00011000,SERV,C,11.0,2024-12-20,209,0,308,0.4,1733418532365000000,200,8000.0,2024-12-05,3000,30,True,Automatic Execution,Computer and Technology,Computers - IT Services,8.53,10.27,8.24,9.53,281,3.9030899869919438,20,5,1,1,1,0
SERV,Computer and Technology,Computers - IT Services,30__2,30,2.0,8. p75_trade_value,7740.000000000001,12240.0,O:SERV241213C00015000,SERV,C,15.0,2024-12-13,209,0,308,0.45,1733841539891000000,200,9000.0,2024-12-10,3000,30,True,Automatic Execution,Computer and Technology,Computers - IT Services,11.82,14.964,11.82,13.74,222,3.9542425094393248,20,4,0,0,0,1
SERV,Computer and Technology,Computers - IT Services,30__2,30,2.0,7. p90_trade_value,12280.000000000002,17300.0,O:SERV241220C00015000,SERV,C,15.0,2024-12-20,209,0,303,1.05,1733861269227000000,150,15750.0,2024-12-10,3000,30,True,Automatic Execution,Computer and Technology,Computers - IT Services,11.82,14.964,11.82,13.74,77,4.19728055812562,20,2,1,1,0,0
SERV,Computer and Technology,Computers - IT Services,30__2,30,2.0,8. p75_trade_value,7740.000000000001,12240.0,O:SERV241220C00016000,SERV,C,16.0,2024-12-20,227,0,323,1.02,1733856361051000000,100,10200.0,2024-12-10,3000,30,True,Single Leg Auction Non ISO,Computer and Technology,Computers - IT Services,11.82,14.964,11.82,13.74,182,4.008600171761918,20,4,1,0,0,0
SERV,Computer and Technology,Computers - IT Services,30__2,30,2.0,8. p75_trade_value,7740.000000000001,12240.0,O:SERV241227C00015000,SERV,C,15.0,2024-12-27,209,0,325,1.0,1733841615361000000,100,10000.0,2024-12-10,3000,30,True,Automatic Execution,Computer and Technology,Computers - IT Services,11.82,14.964,11.82,13.74,190,4.0,20,4,1,1,1,0
SERV,Computer and Technology,Computers - IT Services,30__2,30,2.0,8. p75_trade_value,7740.000000000001,12240.0,O:SERV241227C00015000,SERV,C,15.0,2024-12-27,209,0,308,0.9,1733841759419000000,99,8910.0,2024-12-10,3000,30,True,Automatic Execution,Computer and Technology,Computers - IT Services,11.82,14.964,11.82,13.74,236,3.949877704036875,20,4,1,1,1,0
SERV,Computer and Technology,Computers - IT Services,30__2,30,2.0,6. p95_trade_value,17500.0,34125.0,O:SERV250103C00015000,SERV,C,15.0,2025-01-03,231,0,301,2.1,1733849778830000000,106,22260.000000000004,2024-12-10,3000,30,True,Single Leg Floor Trade,Computer and Technology,Computers - IT Services,11.82,14.964,11.82,13.74,40,4.34752515999869,20,1,1,1,1,0
SERV,Computer and Technology,Computers - IT Services,30__2,30,2.0,6. p95_trade_value,17500.0,34125.0,O:SERV250103C00016000,SERV,C,16.0,2025-01-03,209,0,320,1.5,1733860051070000000,200,30000.0,2024-12-10,3000,30,True,Automatic Execution,Computer and Technology,Computers - IT Services,11.82,14.964,11.82,13.74,18,4.477121254719663,20,1,1,1,1,0
SERV,Computer and Technology,Computers - IT Services,30__2,30,2.0,8. p75_trade_value,7740.000000000001,12240.0,O:SERV241213C00016000,SERV,C,16.0,2024-12-13,227,0,301,0.7,1733927461703000000,148,10360.0,2024-12-11,3000,30,True,Single Leg Auction Non ISO,Computer and Technology,Computers - IT Services,14.69,14.99,12.15,12.38,169,4.015359755409214,20,3,0,0,0,1
SERV,Computer and Technology,Computers - IT Services,30__2,30,2.0,6. p95_trade_value,17500.0,34125.0,O:SERV241220C00016000,SERV,C,16.0,2024-12-20,209,0,323,1.3,1733927436188000000,150,19500.0,2024-12-11,3000,30,True,Automatic Execution,Computer and Technology,Computers - IT Services,14.69,14.99,12.15,12.38,47,4.290034611362518,20,1,1,0,0,0
SERV,Computer and Technology,Computers - IT Services,30__2,30,2.0,8. p75_trade_value,7740.000000000001,12240.0,O:SERV241227C00015000,SERV,C,15.0,2024-12-27,227,0,323,1.7,1733927445100000000,50,8500.0,2024-12-11,3000,30,True,Single Leg Auction Non ISO,Computer and Technology,Computers - IT Services,14.69,14.99,12.15,12.38,257,3.929418925714293,20,5,1,1,1,0
SERV,Computer and Technology,Computers - IT Services,30__2,30,2.0,8. p75_trade_value,7740.000000000001,12240.0,O:SERV241220C00015500,SERV,C,15.5,2024-12-20,227,0,323,0.85,1734380214887000000,100,8500.0,2024-12-16,3000,30,True,Single Leg Auction Non ISO,Computer and Technology,Computers - IT Services,13.4,15.085,12.73,14.98,255,3.929418925714293,20,5,1,0,0,0
SERV,Computer and Technology,Computers - IT Services,30__2,30,2.0,6. p95_trade_value,17500.0,34125.0,O:SERV241227C00016000,SERV,C,16.0,2024-12-27,209,0,325,1.25,1734367357604000000,250,31250.0,2024-12-16,3000,30,True,Automatic Execution,Computer and Technology,Computers - IT Services,13.4,15.085,12.73,14.98,15,4.494850021680094,20,1,1,1,1,0
SERV,Computer and Technology,Computers - IT Services,30__2,30,2.0,7. p90_trade_value,12280.000000000002,17300.0,O:SERV241227C00016000,SERV,C,16.0,2024-12-27,209,0,325,1.25,1734367356039000000,100,12500.0,2024-12-16,3000,30,True,Automatic Execution,Computer and Technology,Computers - IT Services,13.4,15.085,12.73,14.98,112,4.096910013008056,20,2,1,1,1,0
SERV,Computer and Technology,Computers - IT Services,30__2,30,2.0,7. p90_trade_value,12280.000000000002,17300.0,O:SERV241227C00016000,SERV,C,16.0,2024-12-27,209,0,325,1.25,1734367352434000000,100,12500.0,2024-12-16,3000,30,True,Automatic Execution,Computer and Technology,Computers - IT Services,13.4,15.085,12.73,14.98,113,4.096910013008056,20,2,1,1,1,0
SERV,Computer and Technology,Computers - IT Services,30__2,30,2.0,7. p90_trade_value,12280.000000000002,17300.0,O:SERV241227C00016000,SERV,C,16.0,2024-12-27,209,0,320,1.15,1734367206845000000,150,17250.0,2024-12-16,3000,30,True,Automatic Execution,Computer and Technology,Computers - IT Services,13.4,15.085,12.73,14.98,63,4.236789099409293,20,2,1,1,1,0
SERV,Computer and Technology,Computers - IT Services,30__2,30,2.0,5. p99_trade_value,37000.0,78000.0,O:SERV241227C00016000,SERV,C,16.0,2024-12-27,209,0,313,1.3,1734367343410000000,347,45110.0,2024-12-16,3000,30,True,Automatic Execution,Computer and Technology,Computers - IT Services,13.4,15.085,12.73,14.98,6,4.65427282709771,20,1,1,1,1,0
SERV,Computer and Technology,Computers - IT Services,30__2,30,2.0,8. p75_trade_value,7740.000000000001,12240.0,O:SERV250103C00017000,SERV,C,17.0,2025-01-03,209,0,308,1.1,1734361881007000000,100,11000.000000000002,2024-12-16,3000,30,True,Automatic Execution,Computer and Technology,Computers - IT Services,13.4,15.085,12.73,14.98,153,4.041392685158225,20,3,1,1,1,0
SERV,Computer and Technology,Computers - IT Services,30__2,30,2.0,8. p75_trade_value,7740.000000000001,12240.0,O:SERV250110P00012500,SERV,P,12.5,2025-01-10,209,0,308,1.2,1734369457950000000,100,12000.0,2024-12-16,3000,30,True,Automatic Execution,Computer and Technology,Computers - IT Services,13.4,15.085,12.73,14.98,129,4.079181246047625,20,3,0,0,0,1
SERV,Computer and Technology,Computers - IT Services,30__2,30,2.0,8. p75_trade_value,7740.000000000001,12240.0,O:SERV241220C00018500,SERV,C,18.5,2024-12-20,209,0,320,0.8,1734464538888000000,97,7760.000000000001,2024-12-17,3000,30,True,Automatic Execution,Computer and Technology,Computers - IT Services,15.45,17.6,14.31,16.68,295,3.8898617212581885,20,5,0,0,0,1
SERV,Computer and Technology,Computers - IT Services,30__2,30,2.0,8. p75_trade_value,7740.000000000001,12240.0,O:SERV241227C00018000,SERV,C,18.0,2024-12-27,209,0,308,1.4,1734450909533000000,60,8400.0,2024-12-17,3000,30,True,Automatic Execution,Computer and Technology,Computers - IT Services,15.45,17.6,14.31,16.68,260,3.9242792860618816,20,5,1,1,0,0
SERV,Computer and Technology,Computers - IT Services,30__2,30,2.0,5. p99_trade_value,37000.0,78000.0,O:SERV241220C00017000,SERV,C,17.0,2024-12-20,227,0,323,0.79,1734540658243000000,548,43292.0,2024-12-18,3000,30,True,Single Leg Auction Non ISO,Computer and Technology,Computers - IT Services,16.3,16.5499,13.62,14.14,9,4.636407649774811,20,1,0,0,0,1
SERV,Computer and Technology,Computers - IT Services,30__2,30,2.0,8. p75_trade_value,7740.000000000001,12240.0,O:SERV241220C00017000,SERV,C,17.0,2024-12-20,209,0,304,0.45,1734548808118000000,195,8775.0,2024-12-18,3000,30,True,Automatic Execution,Computer and Technology,Computers - IT Services,16.3,16.5499,13.62,14.14,246,3.943247125137862,20,5,0,0,0,1
SERV,Computer and Technology,Computers - IT Services,30__2,30,2.0,8. p75_trade_value,7740.000000000001,12240.0,O:SERV241220C00017000,SERV,C,17.0,2024-12-20,227,0,323,0.46,1734547612083000000,199,9154.0,2024-12-18,3000,30,True,Single Leg Auction Non ISO,Computer and Technology,Computers - IT Services,16.3,16.5499,13.62,14.14,219,3.9616109080912807,20,4,0,0,0,1
SERV,Computer and Technology,Computers - IT Services,30__2,30,2.0,8. p75_trade_value,7740.000000000001,12240.0,O:SERV241220C00017000,SERV,C,17.0,2024-12-20,231,0,301,0.45,1734549312240000000,200,9000.0,2024-12-18,3000,30,True,Single Leg Floor Trade,Computer and Technology,Computers - IT Services,16.3,16.5499,13.62,14.14,227,3.9542425094393248,20,4,0,0,0,1
SERV,Computer and Technology,Computers - IT Services,30__2,30,2.0,8. p75_trade_value,7740.000000000001,12240.0,O:SERV241220C00017000,SERV,C,17.0,2024-12-20,209,0,316,0.8,1734540658140000000,140,11200.0,2024-12-18,3000,30,True,Automatic Execution,Computer and Technology,Computers - IT Services,16.3,16.5499,13.62,14.14,148,4.049218022670182,20,3,0,0,0,1
SERV,Computer and Technology,Computers - IT Services,30__2,30,2.0,8. p75_trade_value,7740.000000000001,12240.0,O:SERV241220C00017000,SERV,C,17.0,2024-12-20,209,0,302,0.8,1734540484267000000,123,9840.0,2024-12-18,3000,30,True,Automatic Execution,Computer and Technology,Computers - IT Services,16.3,16.5499,13.62,14.14,199,3.9929950984313414,20,4,0,0,0,1
SERV,Computer and Technology,Computers - IT Services,30__2,30,2.0,6. p95_trade_value,17500.0,34125.0,O:SERV241220C00017000,SERV,C,17.0,2024-12-20,227,0,323,0.63,1734537196606000000,360,22680.0,2024-12-18,3000,30,True,Single Leg Auction Non ISO,Computer and Technology,Computers - IT Services,16.3,16.5499,13.62,14.14,34,4.355643050220869,20,1,0,0,0,1
SERV,Computer and Technology,Computers - IT Services,30__2,30,2.0,7. p90_trade_value,12280.000000000002,17300.0,O:SERV241220C00017500,SERV,C,17.5,2024-12-20,227,0,323,0.62,1734538388796000000,200,12400.0,2024-12-18,3000,30,True,Single Leg Auction Non ISO,Computer and Technology,Computers - IT Services,16.3,16.5499,13.62,14.14,115,4.093421685162235,20,2,0,0,0,1
SERV,Computer and Technology,Computers - IT Services,30__2,30,2.0,8. p75_trade_value,7740.000000000001,12240.0,O:SERV250117C00017000,SERV,C,17.0,2025-01-17,227,0,323,2.06,1734549977325000000,45,9270.0,2024-12-18,3000,30,True,Single Leg Auction Non ISO,Computer and Technology,Computers - IT Services,16.3,16.5499,13.62,14.14,217,3.967079734144497,20,4,1,1,1,0
SERV,Computer and Technology,Computers - IT Services,30__2,30,2.0,8. p75_trade_value,7740.000000000001,12240.0,O:SERV250117C00017000,SERV,C,17.0,2025-01-17,227,0,323,1.74,1734553720862000000,49,8526.0,2024-12-18,3000,30,True,Single Leg Auction Non ISO,Computer and Technology,Computers - IT Services,16.3,16.5499,13.62,14.14,253,3.9307453283111133,20,5,1,1,1,0
SERV,Computer and Technology,Computers - IT Services,30__2,30,2.0,7. p90_trade_value,12280.000000000002,17300.0,O:SERV250117C00018000,SERV,C,18.0,2025-01-17,227,0,323,2.2,1734541290341000000,58,12760.0,2024-12-18,3000,30,True,Single Leg Auction Non ISO,Computer and Technology,Computers - IT Services,16.3,16.5499,13.62,14.14,108,4.1058506743851435,20,2,1,1,1,0
SERV,Computer and Technology,Computers - IT Services,30__2,30,2.0,8. p75_trade_value,7740.000000000001,12240.0,O:SERV250117C00022000,SERV,C,22.0,2025-01-17,227,0,323,0.99,1734552228294000000,100,9900.0,2024-12-18,3000,30,True,Single Leg Auction Non ISO,Computer and Technology,Computers - IT Services,16.3,16.5499,13.62,14.14,196,3.99563519459755,20,4,1,0,0,0
SERV,Computer and Technology,Computers - IT Services,30__2,30,2.0,8. p75_trade_value,7740.000000000001,12240.0,O:SERV250117C00024000,SERV,C,24.0,2025-01-17,209,0,325,1.15,1734537906224000000,100,11499.999999999998,2024-12-18,3000,30,True,Automatic Execution,Computer and Technology,Computers - IT Services,16.3,16.5499,13.62,14.14,141,4.060697840353612,20,3,1,0,0,0
SERV,Computer and Technology,Computers - IT Services,30__2,30,2.0,8. p75_trade_value,7740.000000000001,12240.0,O:SERV250117P00009000,SERV,P,9.0,2025-01-17,209,0,308,0.25,1734532208887000000,430,10750.0,2024-12-18,3000,30,True,Automatic Execution,Computer and Technology,Computers - IT Services,16.3,16.5499,13.62,14.14,156,4.031408464251625,20,3,0,0,0,1
SERV,Computer and Technology,Computers - IT Services,30__2,30,2.0,8. p75_trade_value,7740.000000000001,12240.0,O:SERV250117C00016000,SERV,C,16.0,2025-01-17,227,0,301,1.34,1734631230400000000,77,10318.0,2024-12-19,3000,30,True,Single Leg Auction Non ISO,Computer and Technology,Computers - IT Services,15.0,15.14,12.65,13.36,170,4.0135955235372895,20,3,1,1,1,0
SERV,Computer and Technology,Computers - IT Services,30__2,30,2.0,7. p90_trade_value,12280.000000000002,17300.0,O:SERV250117C00016000,SERV,C,16.0,2025-01-17,209,0,323,1.6,1734636624169000000,90,14400.0,2024-12-19,3000,30,True,Automatic Execution,Computer and Technology,Computers - IT Services,15.0,15.14,12.65,13.36,92,4.158362492095249,20,2,1,1,1,0
SERV,Computer and Technology,Computers - IT Services,30__2,30,2.0,6. p95_trade_value,17500.0,34125.0,O:SERV250117C00016000,SERV,C,16.0,2025-01-17,227,0,323,1.92,1734619211068000000,99,19008.0,2024-12-19,3000,30,True,Single Leg Auction Non ISO,Computer and Technology,Computers - IT Services,15.0,15.14,12.65,13.36,48,4.2789364233011,20,1,1,1,1,0
SERV,Computer and Technology,Computers - IT Services,30__2,30,2.0,8. p75_trade_value,7740.000000000001,12240.0,O:SERV250117C00016000,SERV,C,16.0,2025-01-17,209,0,308,2.2,1734618791599000000,40,8800.0,2024-12-19,3000,30,True,Automatic Execution,Computer and Technology,Computers - IT Services,15.0,15.14,12.65,13.36,242,3.9444826721501687,20,5,1,1,1,0
SERV,Computer and Technology,Computers - IT Services,30__2,30,2.0,8. p75_trade_value,7740.000000000001,12240.0,O:SERV250117C00024000,SERV,C,24.0,2025-01-17,209,0,304,0.8,1734618908485000000,100,8000.0,2024-12-19,3000,30,True,Automatic Execution,Computer and Technology,Computers - IT Services,15.0,15.14,12.65,13.36,278,3.9030899869919438,20,5,1,0,0,0
SERV,Computer and Technology,Computers - IT Services,30__2,30,2.0,5. p99_trade_value,37000.0,78000.0,O:SERV250103C00016000,SERV,C,16.0,2025-01-03,209,0,325,1.3,1734723753226000000,600,78000.0,2024-12-20,3000,30,True,Automatic Execution,Computer and Technology,Computers - IT Services,12.82,15.44,12.78,14.61,3,4.892094602690481,20,1,1,1,1,0
SERV,Computer and Technology,Computers - IT Services,30__2,30,2.0,8. p75_trade_value,7740.000000000001,12240.0,O:SERV250117C00016000,SERV,C,16.0,2025-01-17,209,0,318,1.8,1734725763859000000,67,12060.0,2024-12-20,3000,30,True,Automatic Execution,Computer and Technology,Computers - IT Services,12.82,15.44,12.78,14.61,128,4.0813473078041325,20,3,1,1,1,0
SERV,Computer and Technology,Computers - IT Services,30__2,30,2.0,6. p95_trade_value,17500.0,34125.0,O:SERV250117C00016000,SERV,C,16.0,2025-01-17,209,0,309,1.8,1734725763860000000,123,22140.0,2024-12-20,3000,30,True,Automatic Execution,Computer and Technology,Computers - IT Services,12.82,15.44,12.78,14.61,41,4.345177616542704,20,1,1,1,1,0
SERV,Computer and Technology,Computers - IT Services,30__2,30,2.0,8. p75_trade_value,7740.000000000001,12240.0,O:SERV250117C00024000,SERV,C,24.0,2025-01-17,209,0,308,0.45,1734705870444000000,200,9000.0,2024-12-20,3000,30,True,Automatic Execution,Computer and Technology,Computers - IT Services,12.82,15.44,12.78,14.61,232,3.9542425094393248,20,4,1,0,0,0
SERV,Computer and Technology,Computers - IT Services,30__2,30,2.0,8. p75_trade_value,7740.000000000001,12240.0,O:SERV250103C00016000,SERV,C,16.0,2025-01-03,209,0,315,0.8,1734965109675000000,125,10000.0,2024-12-23,3000,30,True,Automatic Execution,Computer and Technology,Computers - IT Services,15.12,15.12,13.065,14.73,193,4.0,20,4,1,1,1,0
SERV,Computer and Technology,Computers - IT Services,30__2,30,2.0,6. p95_trade_value,17500.0,34125.0,O:SERV250103C00016000,SERV,C,16.0,2025-01-03,209,0,320,0.8,1734965069461000000,311,24880.0,2024-12-23,3000,30,True,Automatic Execution,Computer and Technology,Computers - IT Services,15.12,15.12,13.065,14.73,26,4.395850376018781,20,1,1,1,1,0
SERV,Computer and Technology,Computers - IT Services,30__2,30,2.0,8. p75_trade_value,7740.000000000001,12240.0,O:SERV250117C00020000,SERV,C,20.0,2025-01-17,209,0,325,1.6,1735240827778000000,50,8000.0,2024-12-26,3000,30,True,Automatic Execution,Computer and Technology,Computers - IT Services,14.4,18.21,14.3263,17.64,277,3.9030899869919438,20,5,1,0,0,0
SERV,Computer and Technology,Computers - IT Services,30__2,30,2.0,8. p75_trade_value,7740.000000000001,12240.0,O:SERV250103P00015500,SERV,P,15.5,2025-01-03,209,0,300,0.8,1735312334511000000,100,8000.0,2024-12-27,3000,30,True,Automatic Execution,Computer and Technology,Computers - IT Services,17.53,18.428,16.0101,16.29,280,3.9030899869919438,20,5,1,1,0,0
SERV,Computer and Technology,Computers - IT Services,30__2,30,2.0,8. p75_trade_value,7740.000000000001,12240.0,O:SERV250117C00020000,SERV,C,20.0,2025-01-17,209,0,320,1.8,1735311170448000000,50,9000.0,2024-12-27,3000,30,True,Automatic Execution,Computer and Technology,Computers - IT Services,17.53,18.428,16.0101,16.29,231,3.9542425094393248,20,4,1,0,0,0
SERV,Computer and Technology,Computers - IT Services,30__2,30,2.0,8. p75_trade_value,7740.000000000001,12240.0,O:SERV250117C00018000,SERV,C,18.0,2025-01-17,209,0,308,1.8,1735569096302000000,50,9000.0,2024-12-30,3000,30,True,Automatic Execution,Computer and Technology,Computers - IT Services,16.36,17.25,15.15,15.26,228,3.9542425094393248,20,4,1,1,1,0
SERV,Computer and Technology,Computers - IT Services,30__2,30,2.0,6. p95_trade_value,17500.0,34125.0,O:SERV250117C00016000,SERV,C,16.0,2025-01-17,209,0,320,0.9,1735662430180000000,200,18000.0,2024-12-31,3000,30,True,Automatic Execution,Computer and Technology,Computers - IT Services,15.56,15.65,13.35,13.5,54,4.2552725051033065,20,1,1,1,1,0
SERV,Computer and Technology,Computers - IT Services,30__2,30,2.0,7. p90_trade_value,12280.000000000002,17300.0,O:SERV250117C00017500,SERV,C,17.5,2025-01-17,227,0,323,1.0,1735833712073000000,140,14000.0,2025-01-02,3000,30,True,Single Leg Auction Non ISO,Computer and Technology,Computers - IT Services,14.15,15.5,13.4,14.76,94,4.146128035678238,20,2,1,1,1,0
SERV,Computer and Technology,Computers - IT Services,30__2,30,2.0,7. p90_trade_value,12280.000000000002,17300.0,O:SERV250117C00017500,SERV,C,17.5,2025-01-17,209,0,308,0.85,1735851105750000000,194,16490.0,2025-01-02,3000,30,True,Automatic Execution,Computer and Technology,Computers - IT Services,14.15,15.5,13.4,14.76,69,4.217220655644518,20,2,1,1,1,0
SERV,Computer and Technology,Computers - IT Services,30__2,30,2.0,5. p99_trade_value,37000.0,78000.0,O:SERV250117C00024000,SERV,C,24.0,2025-01-17,209,0,308,1.1,1735933266506000000,500,55000.0,2025-01-03,3000,30,True,Automatic Execution,Computer and Technology,Computers - IT Services,15.0,19.6,14.6,19.03,4,4.740362689494244,20,1,1,0,0,0
SERV,Computer and Technology,Computers - IT Services,30__2,30,2.0,7. p90_trade_value,12280.000000000002,17300.0,O:SERV250131C00020000,SERV,C,20.0,2025-01-31,209,0,313,2.75,1735932298555000000,59,16225.0,2025-01-03,3000,30,True,Automatic Execution,Computer and Technology,Computers - IT Services,15.0,19.6,14.6,19.03,70,4.210184705472407,20,2,1,0,0,0
SERV,Computer and Technology,Computers - IT Services,30__2,30,2.0,8. p75_trade_value,7740.000000000001,12240.0,O:SERV250110C00025000,SERV,C,25.0,2025-01-10,209,0,320,1.9,1736174285021000000,50,9500.0,2025-01-06,3000,30,True,Automatic Execution,Computer and Technology,Computers - IT Services,20.92,24.35,20.31,22.89,211,3.9777236052888476,20,4,0,0,0,1
SERV,Computer and Technology,Computers - IT Services,30__2,30,2.0,7. p90_trade_value,12280.000000000002,17300.0,O:SERV250110C00025000,SERV,C,25.0,2025-01-10,232,0,312,1.45,1736177603553000000,100,14500.0,2025-01-06,3000,30,True,Multi Leg auto-electronic trade,Computer and Technology,Computers - IT Services,20.92,24.35,20.31,22.89,91,4.161368002234975,20,2,0,0,0,1
SERV,Computer and Technology,Computers - IT Services,30__2,30,2.0,8. p75_trade_value,7740.000000000001,12240.0,O:SERV250110C00025500,SERV,C,25.5,2025-01-10,209,0,320,0.85,1736185728414000000,120,10200.0,2025-01-06,3000,30,True,Automatic Execution,Computer and Technology,Computers - IT Services,20.92,24.35,20.31,22.89,183,4.008600171761918,20,4,0,0,0,1
SERV,Computer and Technology,Computers - IT Services,30__2,30,2.0,6. p95_trade_value,17500.0,34125.0,O:SERV250110P00018000,SERV,P,18.0,2025-01-10,209,0,300,0.6,1736178118537000000,300,18000.0,2025-01-06,3000,30,True,Automatic Execution,Computer and Technology,Computers - IT Services,20.92,24.35,20.31,22.89,56,4.2552725051033065,20,1,1,1,0,0
SERV,Computer and Technology,Computers - IT Services,30__2,30,2.0,8. p75_trade_value,7740.000000000001,12240.0,O:SERV250110P00020000,SERV,P,20.0,2025-01-10,227,0,323,1.42,1736178635963000000,80,11360.0,2025-01-06,3000,30,True,Single Leg Auction Non ISO,Computer and Technology,Computers - IT Services,20.92,24.35,20.31,22.89,145,4.0553783313750005,20,3,1,1,1,0
SERV,Computer and Technology,Computers - IT Services,30__2,30,2.0,7. p90_trade_value,12280.000000000002,17300.0,O:SERV250117C00025000,SERV,C,25.0,2025-01-17,232,0,312,2.57,1736175481288000000,61,15676.999999999998,2025-01-06,3000,30,True,Multi Leg auto-electronic trade,Computer and Technology,Computers - IT Services,20.92,24.35,20.31,22.89,78,4.195262958342061,20,2,0,0,0,1
SERV,Computer and Technology,Computers - IT Services,30__2,30,2.0,7. p90_trade_value,12280.000000000002,17300.0,O:SERV250117C00025000,SERV,C,25.0,2025-01-17,232,0,300,2.56,1736175481283000000,50,12800.0,2025-01-06,3000,30,True,Multi Leg auto-electronic trade,Computer and Technology,Computers - IT Services,20.92,24.35,20.31,22.89,107,4.107209969647869,20,2,0,0,0,1
SERV,Computer and Technology,Computers - IT Services,30__2,30,2.0,6. p95_trade_value,17500.0,34125.0,O:SERV250117C00025000,SERV,C,25.0,2025-01-17,232,0,313,2.58,1736175481277000000,70,18060.0,2025-01-06,3000,30,True,Multi Leg auto-electronic trade,Computer and Technology,Computers - IT Services,20.92,24.35,20.31,22.89,53,4.256717745977487,20,1,0,0,0,1
SERV,Computer and Technology,Computers - IT Services,30__2,30,2.0,6. p95_trade_value,17500.0,34125.0,O:SERV250117C00025000,SERV,C,25.0,2025-01-17,232,0,301,2.55,1736175481274000000,88,22439.999999999996,2025-01-06,3000,30,True,Multi Leg auto-electronic trade,Computer and Technology,Computers - IT Services,20.92,24.35,20.31,22.89,38,4.351022852584124,20,1,0,0,0,1
SERV,Computer and Technology,Computers - IT Services,30__2,30,2.0,8. p75_trade_value,7740.000000000001,12240.0,O:SERV250117C00026000,SERV,C,26.0,2025-01-17,209,0,323,2.2,1736192881149000000,40,8800.0,2025-01-06,3000,30,True,Automatic Execution,Computer and Technology,Computers - IT Services,20.92,24.35,20.31,22.89,243,3.9444826721501687,20,5,0,0,0,1
SERV,Computer and Technology,Computers - IT Services,30__2,30,2.0,8. p75_trade_value,7740.000000000001,12240.0,O:SERV250117C00030000,SERV,C,30.0,2025-01-17,232,0,313,1.28,1736175481277000000,70,8960.0,2025-01-06,3000,30,True,Multi Leg auto-electronic trade,Computer and Technology,Computers - IT Services,20.92,24.35,20.31,22.89,234,3.9523080096621253,20,4,0,0,0,1
SERV,Computer and Technology,Computers - IT Services,30__2,30,2.0,8. p75_trade_value,7740.000000000001,12240.0,O:SERV250117C00030000,SERV,C,30.0,2025-01-17,232,0,301,1.25,1736175481274000000,88,11000.0,2025-01-06,3000,30,True,Multi Leg auto-electronic trade,Computer and Technology,Computers - IT Services,20.92,24.35,20.31,22.89,154,4.041392685158225,20,3,0,0,0,1
SERV,Computer and Technology,Computers - IT Services,30__2,30,2.0,8. p75_trade_value,7740.000000000001,12240.0,O:SERV250117C00030000,SERV,C,30.0,2025-01-17,209,0,300,1.5,1736175654823000000,63,9450.0,2025-01-06,3000,30,True,Automatic Execution,Computer and Technology,Computers - IT Services,20.92,24.35,20.31,22.89,212,3.975431808509263,20,4,0,0,0,1
SERV,Computer and Technology,Computers - IT Services,30__2,30,2.0,8. p75_trade_value,7740.000000000001,12240.0,O:SERV250117C00030000,SERV,C,30.0,2025-01-17,209,0,302,1.5,1736175654935000000,52,7800.0,2025-01-06,3000,30,True,Automatic Execution,Computer and Technology,Computers - IT Services,20.92,24.35,20.31,22.89,294,3.8920946026904804,20,5,0,0,0,1
SERV,Computer and Technology,Computers - IT Services,30__2,30,2.0,8. p75_trade_value,7740.000000000001,12240.0,O:SERV250117C00030000,SERV,C,30.0,2025-01-17,209,0,313,1.5,1736175654788000000,56,8400.0,2025-01-06,3000,30,True,Automatic Execution,Computer and Technology,Computers - IT Services,20.92,24.35,20.31,22.89,264,3.9242792860618816,20,5,0,0,0,1
SERV,Computer and Technology,Computers - IT Services,30__2,30,2.0,8. p75_trade_value,7740.000000000001,12240.0,O:SERV250117C00030000,SERV,C,30.0,2025-01-17,232,0,312,1.27,1736175481288000000,61,7747.0,2025-01-06,3000,30,True,Multi Leg auto-electronic trade,Computer and Technology,Computers - IT Services,20.92,24.35,20.31,22.89,296,3.889133555966724,20,5,0,0,0,1
SERV,Computer and Technology,Computers - IT Services,30__2,30,2.0,8. p75_trade_value,7740.000000000001,12240.0,O:SERV250117C00030000,SERV,C,30.0,2025-01-17,227,0,323,1.33,1736193350171000000,77,10241.000000000002,2025-01-06,3000,30,True,Single Leg Auction Non ISO,Computer and Technology,Computers - IT Services,20.92,24.35,20.31,22.89,178,4.010342366139568,20,3,0,0,0,1
SERV,Computer and Technology,Computers - IT Services,30__2,30,2.0,7. p90_trade_value,12280.000000000002,17300.0,O:SERV250117P00020000,SERV,P,20.0,2025-01-17,233,0,302,1.57,1736176305647000000,80,12560.0,2025-01-06,3000,30,True,Multi Leg Auction,Computer and Technology,Computers - IT Services,20.92,24.35,20.31,22.89,109,4.098989639401177,20,2,1,1,1,0
SERV,Computer and Technology,Computers - IT Services,30__2,30,2.0,7. p90_trade_value,12280.000000000002,17300.0,O:SERV250131C00026000,SERV,C,26.0,2025-01-31,209,0,313,3.0,1736175714843000000,45,13500.0,2025-01-06,3000,30,True,Automatic Execution,Computer and Technology,Computers - IT Services,20.92,24.35,20.31,22.89,97,4.1303337684950066,20,2,0,0,0,1
SERV,Computer and Technology,Computers - IT Services,30__2,30,2.0,8. p75_trade_value,7740.000000000001,12240.0,O:SERV250110C00020500,SERV,C,20.5,2025-01-10,232,0,312,1.03,1736260682251000000,100,10300.0,2025-01-07,3000,30,True,Multi Leg auto-electronic trade,Computer and Technology,Computers - IT Services,19.51,20.44,17.745,18.61,174,4.012837224705172,20,3,0,0,0,1
SERV,Computer and Technology,Computers - IT Services,30__2,30,2.0,8. p75_trade_value,7740.000000000001,12240.0,O:SERV250117C00021000,SERV,C,21.0,2025-01-17,209,0,308,1.55,1736277401536000000,54,8370.0,2025-01-07,3000,30,True,Automatic Execution,Computer and Technology,Computers - IT Services,19.51,20.44,17.745,18.61,266,3.92272545799326,20,5,0,0,0,1
SERV,Computer and Technology,Computers - IT Services,30__2,30,2.0,8. p75_trade_value,7740.000000000001,12240.0,O:SERV250117C00021000,SERV,C,21.0,2025-01-17,209,0,308,1.55,1736277324815000000,55,8525.0,2025-01-07,3000,30,True,Automatic Execution,Computer and Technology,Computers - IT Services,19.51,20.44,17.745,18.61,254,3.9306943876645355,20,5,0,0,0,1
SERV,Computer and Technology,Computers - IT Services,30__2,30,2.0,7. p90_trade_value,12280.000000000002,17300.0,O:SERV250117C00021500,SERV,C,21.5,2025-01-17,209,0,308,1.4,1736277431684000000,92,12879.999999999998,2025-01-07,3000,30,True,Automatic Execution,Computer and Technology,Computers - IT Services,19.51,20.44,17.745,18.61,105,4.109915863023793,20,2,0,0,0,1
SERV,Computer and Technology,Computers - IT Services,30__2,30,2.0,5. p99_trade_value,37000.0,78000.0,O:SERV250117C00021500,SERV,C,21.5,2025-01-17,227,0,323,1.4,1736277244835000000,356,49840.0,2025-01-07,3000,30,True,Single Leg Auction Non ISO,Computer and Technology,Computers - IT Services,19.51,20.44,17.745,18.61,5,4.697578033651113,20,1,0,0,0,1
SERV,Computer and Technology,Computers - IT Services,30__2,30,2.0,8. p75_trade_value,7740.000000000001,12240.0,O:SERV250117C00021500,SERV,C,21.5,2025-01-17,209,0,308,1.45,1736278506565000000,78,11310.0,2025-01-07,3000,30,True,Automatic Execution,Computer and Technology,Computers - IT Services,19.51,20.44,17.745,18.61,146,4.053462604925455,20,3,0,0,0,1
SERV,Computer and Technology,Computers - IT Services,30__2,30,2.0,8. p75_trade_value,7740.000000000001,12240.0,O:SERV250117C00019000,SERV,C,19.0,2025-01-17,209,0,308,1.4,1736347299555000000,66,9240.0,2025-01-08,3000,30,True,Automatic Execution,Computer and Technology,Computers - IT Services,17.73,18.12,15.9,16.8,218,3.9656719712201065,20,4,1,1,0,0
SERV,Computer and Technology,Computers - IT Services,30__2,30,2.0,8. p75_trade_value,7740.000000000001,12240.0,O:SERV250117C00019000,SERV,C,19.0,2025-01-17,232,0,300,1.06,1736351830195000000,98,10388.000000000002,2025-01-08,3000,30,True,Multi Leg auto-electronic trade,Computer and Technology,Computers - IT Services,17.73,18.12,15.9,16.8,168,4.0165319409572655,20,3,1,1,0,0
SERV,Computer and Technology,Computers - IT Services,30__2,30,2.0,8. p75_trade_value,7740.000000000001,12240.0,O:SERV250117C00022500,SERV,C,22.5,2025-01-17,209,0,320,0.6,1736349014507000000,132,7920.0,2025-01-08,3000,30,True,Automatic Execution,Computer and Technology,Computers - IT Services,17.73,18.12,15.9,16.8,288,3.8987251815894934,20,5,0,0,0,1
SERV,Computer and Technology,Computers - IT Services,30__2,30,2.0,8. p75_trade_value,7740.000000000001,12240.0,O:SERV250117P00015000,SERV,P,15.0,2025-01-17,209,0,300,0.95,1736350155901000000,119,11305.0,2025-01-08,3000,30,True,Automatic Execution,Computer and Technology,Computers - IT Services,17.73,18.12,15.9,16.8,147,4.053270566681379,20,3,1,0,0,0
SERV,Computer and Technology,Computers - IT Services,30__2,30,2.0,8. p75_trade_value,7740.000000000001,12240.0,O:SERV250117P00015000,SERV,P,15.0,2025-01-17,209,0,320,1.05,1736352395713000000,100,10500.0,2025-01-08,3000,30,True,Automatic Execution,Computer and Technology,Computers - IT Services,17.73,18.12,15.9,16.8,161,4.021189299069938,20,3,1,0,0,0
SERV,Computer and Technology,Computers - IT Services,30__2,30,2.0,8. p75_trade_value,7740.000000000001,12240.0,O:SERV250117C00020000,SERV,C,20.0,2025-01-17,227,0,323,1.15,1736524654881000000,71,8164.999999999999,2025-01-10,3000,30,True,Single Leg Auction Non ISO,Computer and Technology,Computers - IT Services,17.035,18.75,16.15,18.735,272,3.911956189072687,20,5,0,0,0,1
SERV,Computer and Technology,Computers - IT Services,30__2,30,2.0,8. p75_trade_value,7740.000000000001,12240.0,O:SERV250124C00022000,SERV,C,22.0,2025-01-24,227,0,323,0.84,1736527810258000000,100,8400.0,2025-01-10,3000,30,True,Single Leg Auction Non ISO,Computer and Technology,Computers - IT Services,17.035,18.75,16.15,18.735,261,3.9242792860618816,20,5,0,0,0,1
SERV,Computer and Technology,Computers - IT Services,30__2,30,2.0,8. p75_trade_value,7740.000000000001,12240.0,O:SERV250124C00022000,SERV,C,22.0,2025-01-24,209,0,320,0.85,1736527810154000000,100,8500.0,2025-01-10,3000,30,True,Automatic Execution,Computer and Technology,Computers - IT Services,17.035,18.75,16.15,18.735,256,3.929418925714293,20,5,0,0,0,1
SERV,Computer and Technology,Computers - IT Services,30__2,30,2.0,5. p99_trade_value,37000.0,78000.0,O:SERV250131C00019500,SERV,C,19.5,2025-01-31,209,0,320,1.85,1736526311910000000,200,37000.0,2025-01-10,3000,30,True,Automatic Execution,Computer and Technology,Computers - IT Services,17.035,18.75,16.15,18.735,12,4.568201724066995,20,1,1,0,0,0
SERV,Computer and Technology,Computers - IT Services,30__2,30,2.0,5. p99_trade_value,37000.0,78000.0,O:SERV250131C00019500,SERV,C,19.5,2025-01-31,209,0,320,2.1,1736520311431000000,200,42000.0,2025-01-10,3000,30,True,Automatic Execution,Computer and Technology,Computers - IT Services,17.035,18.75,16.15,18.735,10,4.623249290397901,20,1,1,0,0,0
SERV,Computer and Technology,Computers - IT Services,30__2,30,2.0,6. p95_trade_value,17500.0,34125.0,O:SERV250131C00019500,SERV,C,19.5,2025-01-31,209,0,320,1.8,1736523120664000000,100,18000.0,2025-01-10,3000,30,True,Automatic Execution,Computer and Technology,Computers - IT Services,17.035,18.75,16.15,18.735,55,4.2552725051033065,20,1,1,0,0,0
SERV,Computer and Technology,Computers - IT Services,30__2,30,2.0,6. p95_trade_value,17500.0,34125.0,O:SERV250131C00019500,SERV,C,19.5,2025-01-31,227,0,323,1.84,1736520190633000000,100,18400.0,2025-01-10,3000,30,True,Single Leg Auction Non ISO,Computer and Technology,Computers - IT Services,17.035,18.75,16.15,18.735,52,4.264817823009537,20,1,1,0,0,0
SERV,Computer and Technology,Computers - IT Services,30__2,30,2.0,6. p95_trade_value,17500.0,34125.0,O:SERV250131C00019500,SERV,C,19.5,2025-01-31,227,0,323,1.75,1736520170999000000,100,17500.0,2025-01-10,3000,30,True,Single Leg Auction Non ISO,Computer and Technology,Computers - IT Services,17.035,18.75,16.15,18.735,58,4.243038048686294,20,1,1,0,0,0
SERV,Computer and Technology,Computers - IT Services,30__2,30,2.0,7. p90_trade_value,12280.000000000002,17300.0,O:SERV250207P00015000,SERV,P,15.0,2025-02-07,209,0,320,1.6,1736524633735000000,100,16000.0,2025-01-10,3000,30,True,Automatic Execution,Computer and Technology,Computers - IT Services,17.035,18.75,16.15,18.735,74,4.204119982655925,20,2,1,0,0,0
SERV,Computer and Technology,Computers - IT Services,30__2,30,2.0,8. p75_trade_value,7740.000000000001,12240.0,O:SERV250131C00019500,SERV,C,19.5,2025-01-31,209,0,308,0.95,1736782670630000000,98,9310.0,2025-01-13,3000,30,True,Automatic Execution,Computer and Technology,Computers - IT Services,17.53,17.58,14.74,14.78,216,3.9689496809813427,20,4,1,0,0,0
SERV,Computer and Technology,Computers - IT Services,30__2,30,2.0,8. p75_trade_value,7740.000000000001,12240.0,O:SERV250131C00019500,SERV,C,19.5,2025-01-31,227,0,323,0.97,1736782894686000000,100,9700.0,2025-01-13,3000,30,True,Single Leg Auction Non ISO,Computer and Technology,Computers - IT Services,17.53,17.58,14.74,14.78,202,3.9867717342662448,20,4,1,0,0,0
SERV,Computer and Technology,Computers - IT Services,30__2,30,2.0,8. p75_trade_value,7740.000000000001,12240.0,O:SERV250117C00018000,SERV,C,18.0,2025-01-17,209,0,320,0.6,1736867355786000000,150,9000.0,2025-01-14,3000,30,True,Automatic Execution,Computer and Technology,Computers - IT Services,16.28,17.34,15.51,16.41,223,3.9542425094393248,20,4,1,1,1,0
SERV,Computer and Technology,Computers - IT Services,30__2,30,2.0,8. p75_trade_value,7740.000000000001,12240.0,O:SERV250124C00018000,SERV,C,18.0,2025-01-24,209,0,300,0.95,1736865795921000000,89,8455.0,2025-01-14,3000,30,True,Automatic Execution,Computer and Technology,Computers - IT Services,16.28,17.34,15.51,16.41,259,3.9271136119337604,20,5,1,1,1,0
SERV,Computer and Technology,Computers - IT Services,30__2,30,2.0,8. p75_trade_value,7740.000000000001,12240.0,O:SERV250124P00014500,SERV,P,14.5,2025-01-24,232,0,308,0.57,1736884437996000000,155,8835.0,2025-01-14,3000,30,True,Multi Leg auto-electronic trade,Computer and Technology,Computers - IT Services,16.28,17.34,15.51,16.41,240,3.946206553842783,20,4,0,0,0,1
SERV,Computer and Technology,Computers - IT Services,30__2,30,2.0,6. p95_trade_value,17500.0,34125.0,O:SERV250131C00019500,SERV,C,19.5,2025-01-31,209,0,320,1.05,1736884564542000000,200,21000.0,2025-01-14,3000,30,True,Automatic Execution,Computer and Technology,Computers - IT Services,16.28,17.34,15.51,16.41,43,4.3222192947339195,20,1,1,0,0,0
SERV,Computer and Technology,Computers - IT Services,30__2,30,2.0,6. p95_trade_value,17500.0,34125.0,O:SERV250131C00019500,SERV,C,19.5,2025-01-31,209,0,308,1.1,1736884541464000000,300,33000.0,2025-01-14,3000,30,True,Automatic Execution,Computer and Technology,Computers - IT Services,16.28,17.34,15.51,16.41,14,4.518513939877887,20,1,1,0,0,0
SERV,Computer and Technology,Computers - IT Services,30__2,30,2.0,8. p75_trade_value,7740.000000000001,12240.0,O:SERV250131P00015000,SERV,P,15.0,2025-01-31,209,0,320,1.3,1736869640346000000,88,11440.0,2025-01-14,3000,30,True,Automatic Execution,Computer and Technology,Computers - IT Services,16.28,17.34,15.51,16.41,143,4.058426024457005,20,3,0,0,0,1
SERV,Computer and Technology,Computers - IT Services,30__2,30,2.0,8. p75_trade_value,7740.000000000001,12240.0,O:SERV250117C00020000,SERV,C,20.0,2025-01-17,209,0,320,1.0,1736954181171000000,100,10000.0,2025-01-15,3000,30,True,Automatic Execution,Computer and Technology,Computers - IT Services,17.46,19.75,17.277,18.49,192,4.0,20,4,0,0,0,1
SERV,Computer and Technology,Computers - IT Services,30__2,30,2.0,7. p90_trade_value,12280.000000000002,17300.0,O:SERV250131C00020000,SERV,C,20.0,2025-01-31,209,0,323,1.35,1736966137105000000,100,13500.0,2025-01-15,3000,30,True,Automatic Execution,Computer and Technology,Computers - IT Services,17.46,19.75,17.277,18.49,98,4.1303337684950066,20,2,1,0,0,0
SERV,Computer and Technology,Computers - IT Services,30__2,30,2.0,8. p75_trade_value,7740.000000000001,12240.0,O:SERV250131C00020000,SERV,C,20.0,2025-01-31,227,0,323,1.35,1736966204084000000,90,12150.000000000002,2025-01-15,3000,30,True,Single Leg Auction Non ISO,Computer and Technology,Computers - IT Services,17.46,19.75,17.277,18.49,124,4.084576277934331,20,3,1,0,0,0
SERV,Computer and Technology,Computers - IT Services,30__2,30,2.0,7. p90_trade_value,12280.000000000002,17300.0,O:SERV250117C00020000,SERV,C,20.0,2025-01-17,209,0,320,0.65,1737038150972000000,200,13000.0,2025-01-16,3000,30,True,Automatic Execution,Computer and Technology,Computers - IT Services,19.0,19.93,17.24,18.88,102,4.113943352306837,20,2,0,0,0,1
SERV,Computer and Technology,Computers - IT Services,30__2,30,2.0,8. p75_trade_value,7740.000000000001,12240.0,O:SERV250117C00020000,SERV,C,20.0,2025-01-17,209,0,304,0.2,1737043372833000000,479,9580.000000000002,2025-01-16,3000,30,True,Automatic Execution,Computer and Technology,Computers - IT Services,19.0,19.93,17.24,18.88,209,3.9813655090785445,20,4,0,0,0,1
SERV,Computer and Technology,Computers - IT Services,30__2,30,2.0,8. p75_trade_value,7740.000000000001,12240.0,O:SERV250131C00020000,SERV,C,20.0,2025-01-31,227,0,323,1.6,1737058860921000000,75,12000.0,2025-01-16,3000,30,True,Single Leg Auction Non ISO,Computer and Technology,Computers - IT Services,19.0,19.93,17.24,18.88,133,4.079181246047625,20,3,1,0,0,0
SERV,Computer and Technology,Computers - IT Services,30__2,30,2.0,6. p95_trade_value,17500.0,34125.0,O:SERV250131C00020000,SERV,C,20.0,2025-01-31,209,0,308,1.85,1737038180075000000,100,18500.0,2025-01-16,3000,30,True,Automatic Execution,Computer and Technology,Computers - IT Services,19.0,19.93,17.24,18.88,51,4.267171728403014,20,1,1,0,0,0
SERV,Computer and Technology,Computers - IT Services,30__2,30,2.0,6. p95_trade_value,17500.0,34125.0,O:SERV250131C00020000,SERV,C,20.0,2025-01-31,209,0,308,1.75,1737038289906000000,100,17500.0,2025-01-16,3000,30,True,Automatic Execution,Computer and Technology,Computers - IT Services,19.0,19.93,17.24,18.88,60,4.243038048686294,20,1,1,0,0,0
SERV,Computer and Technology,Computers - IT Services,30__2,30,2.0,8. p75_trade_value,7740.000000000001,12240.0,O:SERV250131C00020000,SERV,C,20.0,2025-01-31,227,0,301,1.87,1737038241499000000,59,11033.000000000002,2025-01-16,3000,30,True,Single Leg Auction Non ISO,Computer and Technology,Computers - IT Services,19.0,19.93,17.24,18.88,152,4.042693618178643,20,3,1,0,0,0
SERV,Computer and Technology,Computers - IT Services,30__2,30,2.0,8. p75_trade_value,7740.000000000001,12240.0,O:SERV250131C00020000,SERV,C,20.0,2025-01-31,209,0,308,1.05,1737475328130000000,77,8085.000000000001,2025-01-21,3000,30,True,Automatic Execution,Computer and Technology,Computers - IT Services,18.59,19.93,16.86,19.41,276,3.90768002424242,20,5,1,0,0,0
SERV,Computer and Technology,Computers - IT Services,30__2,30,2.0,7. p90_trade_value,12280.000000000002,17300.0,O:SERV250124C00021000,SERV,C,21.0,2025-01-24,209,0,320,0.8,1737556335668000000,207,16560.000000000004,2025-01-22,3000,30,True,Automatic Execution,Computer and Technology,Computers - IT Services,19.42,20.7,17.65,17.91,67,4.219060332448861,20,2,1,1,0,0
SERV,Computer and Technology,Computers - IT Services,30__2,30,2.0,8. p75_trade_value,7740.000000000001,12240.0,O:SERV250124C00021000,SERV,C,21.0,2025-01-24,227,0,323,0.38,1737557756186000000,210,7980.0,2025-01-22,3000,30,True,Single Leg Auction Non ISO,Computer and Technology,Computers - IT Services,19.42,20.7,17.65,17.91,286,3.9020028913507296,20,5,1,1,0,0
SERV,Computer and Technology,Computers - IT Services,30__2,30,2.0,8. p75_trade_value,7740.000000000001,12240.0,O:SERV250221C00025000,SERV,C,25.0,2025-02-21,227,0,304,1.03,1737564595118000000,100,10300.0,2025-01-22,3000,30,True,Single Leg Auction Non ISO,Computer and Technology,Computers - IT Services,19.42,20.7,17.65,17.91,175,4.012837224705172,20,3,0,0,0,1
SERV,Computer and Technology,Computers - IT Services,30__2,30,2.0,8. p75_trade_value,7740.000000000001,12240.0,O:SERV250221C00025000,SERV,C,25.0,2025-02-21,227,0,304,1.03,1737564595118000000,100,10300.0,2025-01-22,3000,30,True,Single Leg Auction Non ISO,Computer and Technology,Computers - IT Services,19.42,20.7,17.65,17.91,176,4.012837224705172,20,3,0,0,0,1
SERV,Computer and Technology,Computers - IT Services,30__2,30,2.0,7. p90_trade_value,12280.000000000002,17300.0,O:SERV250221P00017500,SERV,P,17.5,2025-02-21,209,0,325,2.63,1737564136816000000,50,13150.0,2025-01-22,3000,30,True,Automatic Execution,Computer and Technology,Computers - IT Services,19.42,20.7,17.65,17.91,100,4.118925752825777,20,2,1,1,1,0
SERV,Computer and Technology,Computers - IT Services,30__2,30,2.0,7. p90_trade_value,12280.000000000002,17300.0,O:SERV250131C00020000,SERV,C,20.0,2025-01-31,209,0,320,0.75,1737644863150000000,230,17250.0,2025-01-23,3000,30,True,Automatic Execution,Computer and Technology,Computers - IT Services,17.83,18.91,17.2,17.82,64,4.236789099409293,20,2,1,0,0,0
SERV,Computer and Technology,Computers - IT Services,30__2,30,2.0,8. p75_trade_value,7740.000000000001,12240.0,O:SERV250131C00020000,SERV,C,20.0,2025-01-31,209,0,325,0.7,1737642728475000000,163,11410.0,2025-01-23,3000,30,True,Automatic Execution,Computer and Technology,Computers - IT Services,17.83,18.91,17.2,17.82,144,4.057285644418215,20,3,1,0,0,0
SERV,Computer and Technology,Computers - IT Services,30__2,30,2.0,8. p75_trade_value,7740.000000000001,12240.0,O:SERV250131C00020000,SERV,C,20.0,2025-01-31,209,0,302,1.05,1737647525088000000,85,8925.0,2025-01-23,3000,30,True,Automatic Execution,Computer and Technology,Computers - IT Services,17.83,18.91,17.2,17.82,235,3.9506082247842307,20,4,1,0,0,0
SERV,Computer and Technology,Computers - IT Services,30__2,30,2.0,8. p75_trade_value,7740.000000000001,12240.0,O:SERV250207C00020000,SERV,C,20.0,2025-02-07,227,0,323,1.16,1737650008626000000,100,11599.999999999998,2025-01-23,3000,30,True,Single Leg Auction Non ISO,Computer and Technology,Computers - IT Services,17.83,18.91,17.2,17.82,139,4.064457989226918,20,3,1,1,0,0
SERV,Computer and Technology,Computers - IT Services,30__2,30,2.0,8. p75_trade_value,7740.000000000001,12240.0,O:SERV250214P00015000,SERV,P,15.0,2025-02-14,209,0,303,1.05,1737650844442000000,100,10500.0,2025-01-23,3000,30,True,Automatic Execution,Computer and Technology,Computers - IT Services,17.83,18.91,17.2,17.82,164,4.021189299069938,20,3,1,1,1,0
SERV,Computer and Technology,Computers - IT Services,30__2,30,2.0,8. p75_trade_value,7740.000000000001,12240.0,O:SERV250221C00020000,SERV,C,20.0,2025-02-21,209,0,320,1.8,1737650215552000000,50,9000.0,2025-01-23,3000,30,True,Automatic Execution,Computer and Technology,Computers - IT Services,17.83,18.91,17.2,17.82,229,3.9542425094393248,20,4,1,0,0,0
SERV,Computer and Technology,Computers - IT Services,30__2,30,2.0,7. p90_trade_value,12280.000000000002,17300.0,O:SERV250131P00016500,SERV,P,16.5,2025-01-31,209,0,308,0.25,1737732654726000000,502,12550.0,2025-01-24,3000,30,True,Automatic Execution,Computer and Technology,Computers - IT Services,18.01,21.2267,17.965,19.26,110,4.098643725817057,20,2,1,1,0,0
SERV,Computer and Technology,Computers - IT Services,30__2,30,2.0,8. p75_trade_value,7740.000000000001,12240.0,O:SERV250207C00022000,SERV,C,22.0,2025-02-07,209,0,320,1.9,1737736583018000000,50,9500.0,2025-01-24,3000,30,True,Automatic Execution,Computer and Technology,Computers - IT Services,18.01,21.2267,17.965,19.26,210,3.9777236052888476,20,4,0,0,0,1
SERV,Computer and Technology,Computers - IT Services,30__2,30,2.0,6. p95_trade_value,17500.0,34125.0,O:SERV250221C00025000,SERV,C,25.0,2025-02-21,227,0,301,1.49,1737742900654000000,162,24138.0,2025-01-24,3000,30,True,Single Leg Auction Non ISO,Computer and Technology,Computers - IT Services,18.01,21.2267,17.965,19.26,28,4.382701282954905,20,1,0,0,0,1
SERV,Computer and Technology,Computers - IT Services,30__2,30,2.0,8. p75_trade_value,7740.000000000001,12240.0,O:SERV250221P00017500,SERV,P,17.5,2025-02-21,209,0,325,2.23,1737729171220000000,50,11150.0,2025-01-24,3000,30,True,Automatic Execution,Computer and Technology,Computers - IT Services,18.01,21.2267,17.965,19.26,149,4.047274867384179,20,3,1,1,1,0
SERV,Computer and Technology,Computers - IT Services,30__2,30,2.0,8. p75_trade_value,7740.000000000001,12240.0,O:SERV250207C00020000,SERV,C,20.0,2025-02-07,209,0,308,0.8,1737989845165000000,100,8000.0,2025-01-27,3000,30,True,Automatic Execution,Computer and Technology,Computers - IT Services,18.0,18.22,16.0,16.57,279,3.9030899869919438,20,5,1,1,0,0
SERV,Computer and Technology,Computers - IT Services,30__2,30,2.0,6. p95_trade_value,17500.0,34125.0,O:SERV250207C00020000,SERV,C,20.0,2025-02-07,209,0,320,0.8,1737990261695000000,246,19680.0,2025-01-27,3000,30,True,Automatic Execution,Computer and Technology,Computers - IT Services,18.0,18.22,16.0,16.57,46,4.294025094095323,20,1,1,1,0,0
SERV,Computer and Technology,Computers - IT Services,30__2,30,2.0,6. p95_trade_value,17500.0,34125.0,O:SERV250221C00019000,SERV,C,19.0,2025-02-21,209,0,302,1.5,1737994660434000000,157,23550.0,2025-01-27,3000,30,True,Automatic Execution,Computer and Technology,Computers - IT Services,18.0,18.22,16.0,16.57,31,4.371990911464915,20,1,1,0,0,0
SERV,Computer and Technology,Computers - IT Services,30__2,30,2.0,8. p75_trade_value,7740.000000000001,12240.0,O:SERV250131P00016000,SERV,P,16.0,2025-01-31,209,0,325,0.4,1738077588345000000,210,8400.0,2025-01-28,3000,30,True,Automatic Execution,Computer and Technology,Computers - IT Services,17.48,17.6,16.1,17.51,262,3.9242792860618816,20,5,1,0,0,0
SERV,Computer and Technology,Computers - IT Services,30__2,30,2.0,8. p75_trade_value,7740.000000000001,12240.0,O:SERV250221P00015000,SERV,P,15.0,2025-02-21,233,0,312,1.57,1738178728356000000,50,7850.0,2025-01-29,3000,30,True,Multi Leg Auction,Computer and Technology,Computers - IT Services,17.05,17.72,15.75,16.11,291,3.8948696567452528,20,5,1,1,1,0
SERV,Computer and Technology,Computers - IT Services,30__2,30,2.0,7. p90_trade_value,12280.000000000002,17300.0,O:SERV250207C00017000,SERV,C,17.0,2025-02-07,232,0,308,0.83,1738264611733000000,149,12366.999999999998,2025-01-30,3000,30,True,Multi Leg auto-electronic trade,Computer and Technology,Computers - IT Services,16.5,16.77,15.8,16.34,116,4.092264360788348,20,2,1,1,1,0
SERV,Computer and Technology,Computers - IT Services,30__2,30,2.0,8. p75_trade_value,7740.000000000001,12240.0,O:SERV250214C00017000,SERV,C,17.0,2025-02-14,209,0,308,1.15,1738261638571000000,86,9890.0,2025-01-30,3000,30,True,Automatic Execution,Computer and Technology,Computers - IT Services,16.5,16.77,15.8,16.34,197,3.9951962915971793,20,4,1,0,0,0
SERV,Computer and Technology,Computers - IT Services,30__2,30,2.0,8. p75_trade_value,7740.000000000001,12240.0,O:SERV250214C00017000,SERV,C,17.0,2025-02-14,209,0,320,1.15,1738257154647000000,92,10580.0,2025-01-30,3000,30,True,Automatic Execution,Computer and Technology,Computers - IT Services,16.5,16.77,15.8,16.34,158,4.024485667699167,20,3,1,0,0,0
SERV,Computer and Technology,Computers - IT Services,30__2,30,2.0,8. p75_trade_value,7740.000000000001,12240.0,O:SERV250214C00017000,SERV,C,17.0,2025-02-14,209,0,304,1.2,1738257609742000000,99,11880.0,2025-01-30,3000,30,True,Automatic Execution,Computer and Technology,Computers - IT Services,16.5,16.77,15.8,16.34,135,4.074816440645175,20,3,1,0,0,0
SERV,Computer and Technology,Computers - IT Services,30__2,30,2.0,8. p75_trade_value,7740.000000000001,12240.0,O:SERV250214C00017000,SERV,C,17.0,2025-02-14,209,0,325,1.15,1738257194309000000,89,10235.0,2025-01-30,3000,30,True,Automatic Execution,Computer and Technology,Computers - IT Services,16.5,16.77,15.8,16.34,180,4.010087846998524,20,3,1,0,0,0
SERV,Computer and Technology,Computers - IT Services,30__2,30,2.0,8. p75_trade_value,7740.000000000001,12240.0,O:SERV250214C00017000,SERV,C,17.0,2025-02-14,209,0,308,1.2,1738257718195000000,100,12000.0,2025-01-30,3000,30,True,Automatic Execution,Computer and Technology,Computers - IT Services,16.5,16.77,15.8,16.34,131,4.079181246047625,20,3,1,0,0,0
SERV,Computer and Technology,Computers - IT Services,30__2,30,2.0,8. p75_trade_value,7740.000000000001,12240.0,O:SERV250214C00017000,SERV,C,17.0,2025-02-14,209,0,308,1.15,1738261152361000000,86,9890.0,2025-01-30,3000,30,True,Automatic Execution,Computer and Technology,Computers - IT Services,16.5,16.77,15.8,16.34,198,3.9951962915971793,20,4,1,0,0,0
SERV,Computer and Technology,Computers - IT Services,30__2,30,2.0,8. p75_trade_value,7740.000000000001,12240.0,O:SERV250214C00017000,SERV,C,17.0,2025-02-14,209,0,319,1.15,1738257130256000000,91,10465.0,2025-01-30,3000,30,True,Automatic Execution,Computer and Technology,Computers - IT Services,16.5,16.77,15.8,16.34,165,4.019739232674706,20,3,1,0,0,0
SERV,Computer and Technology,Computers - IT Services,30__2,30,2.0,8. p75_trade_value,7740.000000000001,12240.0,O:SERV250207P00015500,SERV,P,15.5,2025-02-07,209,0,325,0.45,1738356714187000000,225,10125.0,2025-01-31,3000,30,True,Automatic Execution,Computer and Technology,Computers - IT Services,16.38,18.23,16.28,16.59,188,4.005395031886706,20,4,1,0,0,0
SERV,Computer and Technology,Computers - IT Services,30__2,30,2.0,8. p75_trade_value,7740.000000000001,12240.0,O:SERV250221C00023000,SERV,C,23.0,2025-02-21,209,0,304,0.75,1738339772405000000,158,11850.0,2025-01-31,3000,30,True,Automatic Execution,Computer and Technology,Computers - IT Services,16.38,18.23,16.28,16.59,137,4.073718350346122,20,3,1,0,0,0
SERV,Computer and Technology,Computers - IT Services,30__2,30,2.0,6. p95_trade_value,17500.0,34125.0,O:SERV250214C00016500,SERV,C,16.5,2025-02-14,209,0,307,1.05,1738606771794000000,178,18690.0,2025-02-03,3000,30,True,Automatic Execution,Computer and Technology,Computers - IT Services,15.5,16.22,15.13,15.78,49,4.271609301378832,20,1,1,0,0,0
SERV,Computer and Technology,Computers - IT Services,30__2,30,2.0,6. p95_trade_value,17500.0,34125.0,O:SERV250214C00016500,SERV,C,16.5,2025-02-14,231,0,301,1.25,1738600611416000000,180,22500.0,2025-02-03,3000,30,True,Single Leg Floor Trade,Computer and Technology,Computers - IT Services,15.5,16.22,15.13,15.78,37,4.352182518111363,20,1,1,0,0,0
SERV,Computer and Technology,Computers - IT Services,30__2,30,2.0,8. p75_trade_value,7740.000000000001,12240.0,O:SERV250214C00016500,SERV,C,16.5,2025-02-14,209,0,307,1.05,1738606771610000000,116,12180.000000000002,2025-02-03,3000,30,True,Automatic Execution,Computer and Technology,Computers - IT Services,15.5,16.22,15.13,15.78,123,4.085647288296856,20,3,1,0,0,0
SERV,Computer and Technology,Computers - IT Services,30__2,30,2.0,6. p95_trade_value,17500.0,34125.0,O:SERV250214C00016500,SERV,C,16.5,2025-02-14,209,0,309,0.95,1738615495879000000,217,20614.999999999996,2025-02-03,3000,30,True,Automatic Execution,Computer and Technology,Computers - IT Services,15.5,16.22,15.13,15.78,44,4.314183339137378,20,1,1,0,0,0
SERV,Computer and Technology,Computers - IT Services,30__2,30,2.0,8. p75_trade_value,7740.000000000001,12240.0,O:SERV250214C00016500,SERV,C,16.5,2025-02-14,209,0,304,1.2,1738601127826000000,92,11040.0,2025-02-03,3000,30,True,Automatic Execution,Computer and Technology,Computers - IT Services,15.5,16.22,15.13,15.78,151,4.04296907339318,20,3,1,0,0,0
SERV,Computer and Technology,Computers - IT Services,30__2,30,2.0,8. p75_trade_value,7740.000000000001,12240.0,O:SERV250214C00016500,SERV,C,16.5,2025-02-14,209,0,304,1.2,1738601127798000000,85,10200.0,2025-02-03,3000,30,True,Automatic Execution,Computer and Technology,Computers - IT Services,15.5,16.22,15.13,15.78,185,4.008600171761918,20,4,1,0,0,0
SERV,Computer and Technology,Computers - IT Services,30__2,30,2.0,7. p90_trade_value,12280.000000000002,17300.0,O:SERV250221P00013000,SERV,P,13.0,2025-02-21,232,0,308,0.57,1738601982212000000,264,15047.999999999998,2025-02-03,3000,30,True,Multi Leg auto-electronic trade,Computer and Technology,Computers - IT Services,15.5,16.22,15.13,15.78,79,4.177478782542322,20,2,1,1,1,0
SERV,Computer and Technology,Computers - IT Services,30__2,30,2.0,7. p90_trade_value,12280.000000000002,17300.0,O:SERV250214P00014000,SERV,P,14.0,2025-02-14,209,0,308,0.3,1738774449006000000,500,15000.0,2025-02-05,3000,30,True,Automatic Execution,Computer and Technology,Computers - IT Services,15.95,16.9317,15.675,16.05,85,4.176091259055681,20,2,1,1,1,0
SERV,Computer and Technology,Computers - IT Services,30__2,30,2.0,7. p90_trade_value,12280.000000000002,17300.0,O:SERV250221C00017500,SERV,C,17.5,2025-02-21,209,0,301,1.3,1738852591715000000,95,12350.0,2025-02-06,3000,30,True,Automatic Execution,Computer and Technology,Computers - IT Services,16.25,17.28,16.03,16.7,117,4.0916669575956846,20,2,1,0,0,0
SERV,Computer and Technology,Computers - IT Services,30__2,30,2.0,8. p75_trade_value,7740.000000000001,12240.0,O:SERV250214C00021000,SERV,C,21.0,2025-02-14,209,0,316,0.5,1738939991925000000,222,11100.0,2025-02-07,3000,30,True,Automatic Execution,Computer and Technology,Computers - IT Services,17.25,20.29,17.1601,19.47,150,4.045322978786658,20,3,1,0,0,0
SERV,Computer and Technology,Computers - IT Services,30__2,30,2.0,6. p95_trade_value,17500.0,34125.0,O:SERV250221C00022000,SERV,C,22.0,2025-02-21,227,0,323,1.5,1739204931959000000,150,22500.0,2025-02-10,3000,30,True,Single Leg Auction Non ISO,Computer and Technology,Computers - IT Services,19.85,21.43,19.19,21.1,36,4.352182518111363,20,1,1,0,0,0
SERV,Computer and Technology,Computers - IT Services,30__2,30,2.0,6. p95_trade_value,17500.0,34125.0,O:SERV250221C00022000,SERV,C,22.0,2025-02-21,227,0,323,1.55,1739201125183000000,150,23250.0,2025-02-10,3000,30,True,Single Leg Auction Non ISO,Computer and Technology,Computers - IT Services,19.85,21.43,19.19,21.1,33,4.366422957225972,20,1,1,0,0,0
SERV,Computer and Technology,Computers - IT Services,30__2,30,2.0,7. p90_trade_value,12280.000000000002,17300.0,O:SERV250221C00025000,SERV,C,25.0,2025-02-21,209,0,323,0.8,1739207866966000000,200,16000.0,2025-02-10,3000,30,True,Automatic Execution,Computer and Technology,Computers - IT Services,19.85,21.43,19.19,21.1,73,4.204119982655925,20,2,0,0,0,1
SERV,Computer and Technology,Computers - IT Services,30__2,30,2.0,7. p90_trade_value,12280.000000000002,17300.0,O:SERV250221C00025000,SERV,C,25.0,2025-02-21,231,0,301,0.85,1739200205235000000,164,13940.0,2025-02-10,3000,30,True,Single Leg Floor Trade,Computer and Technology,Computers - IT Services,19.85,21.43,19.19,21.1,95,4.144262773761991,20,2,0,0,0,1
SERV,Computer and Technology,Computers - IT Services,30__2,30,2.0,8. p75_trade_value,7740.000000000001,12240.0,O:SERV250214C00021500,SERV,C,21.5,2025-02-14,231,0,301,0.35,1739297731507000000,225,7875.0,2025-02-11,3000,30,True,Single Leg Floor Trade,Computer and Technology,Computers - IT Services,20.305,21.035,18.53,18.84,289,3.896250562461638,20,5,1,0,0,0
SERV,Computer and Technology,Computers - IT Services,30__2,30,2.0,7. p90_trade_value,12280.000000000002,17300.0,O:SERV250221C00024000,SERV,C,24.0,2025-02-21,209,0,320,0.6,1739380157157000000,250,15000.0,2025-02-12,3000,30,True,Automatic Execution,Computer and Technology,Computers - IT Services,18.275,20.1348,18.07,19.57,81,4.176091259055681,20,2,0,0,0,1
SERV,Computer and Technology,Computers - IT Services,30__2,30,2.0,8. p75_trade_value,7740.000000000001,12240.0,O:SERV250221P00018000,SERV,P,18.0,2025-02-21,209,0,309,1.45,1739371358983000000,61,8845.0,2025-02-12,3000,30,True,Automatic Execution,Computer and Technology,Computers - IT Services,18.275,20.1348,18.07,19.57,239,3.946697837245742,20,4,1,1,1,0
SERV,Computer and Technology,Computers - IT Services,30__2,30,2.0,8. p75_trade_value,7740.000000000001,12240.0,O:SERV250228P00017000,SERV,P,17.0,2025-02-28,209,0,308,1.05,1739392595877000000,100,10500.0,2025-02-12,3000,30,True,Automatic Execution,Computer and Technology,Computers - IT Services,18.275,20.1348,18.07,19.57,163,4.021189299069938,20,3,1,1,1,0
SERV,Computer and Technology,Computers - IT Services,30__2,30,2.0,6. p95_trade_value,17500.0,34125.0,O:SERV250214C00023500,SERV,C,23.5,2025-02-14,227,0,323,0.6,1739480080928000000,400,24000.0,2025-02-13,3000,30,True,Single Leg Auction Non ISO,Computer and Technology,Computers - IT Services,19.98,23.1,19.42,22.92,29,4.380211241711606,20,1,0,0,0,1
SERV,Computer and Technology,Computers - IT Services,30__2,30,2.0,8. p75_trade_value,7740.000000000001,12240.0,O:SERV250214C00024000,SERV,C,24.0,2025-02-14,227,0,312,0.39,1739479895698000000,200,7800.0,2025-02-13,3000,30,True,Single Leg Auction Non ISO,Computer and Technology,Computers - IT Services,19.98,23.1,19.42,22.92,292,3.8920946026904804,20,5,0,0,0,1
SERV,Computer and Technology,Computers - IT Services,30__2,30,2.0,8. p75_trade_value,7740.000000000001,12240.0,O:SERV250214C00024000,SERV,C,24.0,2025-02-14,227,0,312,0.39,1739479895698000000,200,7800.0,2025-02-13,3000,30,True,Single Leg Auction Non ISO,Computer and Technology,Computers - IT Services,19.98,23.1,19.42,22.92,293,3.8920946026904804,20,5,0,0,0,1
SERV,Computer and Technology,Computers - IT Services,30__2,30,2.0,7. p90_trade_value,12280.000000000002,17300.0,O:SERV250228P00016000,SERV,P,16.0,2025-02-28,209,0,323,0.3,1739476797094000000,500,15000.0,2025-02-13,3000,30,True,Automatic Execution,Computer and Technology,Computers - IT Services,19.98,23.1,19.42,22.92,86,4.176091259055681,20,2,1,1,1,0
SERV,Computer and Technology,Computers - IT Services,30__2,30,2.0,7. p90_trade_value,12280.000000000002,17300.0,O:SERV250228P00018000,SERV,P,18.0,2025-02-28,209,0,325,1.2,1739457306877000000,125,15000.0,2025-02-13,3000,30,True,Automatic Execution,Computer and Technology,Computers - IT Services,19.98,23.1,19.42,22.92,84,4.176091259055681,20,2,1,1,1,0
SERV,Computer and Technology,Computers - IT Services,30__2,30,2.0,8. p75_trade_value,7740.000000000001,12240.0,O:SERV250221P00012000,SERV,P,12.0,2025-02-21,227,0,323,0.75,1739544873503000000,125,9375.0,2025-02-14,3000,30,True,Single Leg Auction Non ISO,Computer and Technology,Computers - IT Services,14.64,15.52,12.67,13.85,214,3.9719712763997563,20,4,1,1,0,0
SERV,Computer and Technology,Computers - IT Services,30__2,30,2.0,8. p75_trade_value,7740.000000000001,12240.0,O:SERV250228C00017000,SERV,C,17.0,2025-02-28,227,0,323,1.05,1739546264304000000,110,11550.0,2025-02-14,3000,30,True,Single Leg Auction Non ISO,Computer and Technology,Computers - IT Services,14.64,15.52,12.67,13.85,140,4.062581984228163,20,3,0,0,0,1
SERV,Computer and Technology,Computers - IT Services,30__2,30,2.0,8. p75_trade_value,7740.000000000001,12240.0,O:SERV250228P00010000,SERV,P,10.0,2025-02-28,209,0,320,0.4,1739544211678000000,200,8000.0,2025-02-14,3000,30,True,Automatic Execution,Computer and Technology,Computers - IT Services,14.64,15.52,12.67,13.85,282,3.9030899869919438,20,5,1,1,1,0
SERV,Computer and Technology,Computers - IT Services,30__2,30,2.0,8. p75_trade_value,7740.000000000001,12240.0,O:SERV250228P00010000,SERV,P,10.0,2025-02-28,209,0,309,0.4,1739543875975000000,240,9600.0,2025-02-14,3000,30,True,Automatic Execution,Computer and Technology,Computers - IT Services,14.64,15.52,12.67,13.85,207,3.9822712330395684,20,4,1,1,1,0
SERV,Computer and Technology,Computers - IT Services,30__2,30,2.0,7. p90_trade_value,12280.000000000002,17300.0,O:SERV250314C00017000,SERV,C,17.0,2025-03-14,209,0,301,1.3,1739563879197000000,100,13000.0,2025-02-14,3000,30,True,Automatic Execution,Computer and Technology,Computers - IT Services,14.64,15.52,12.67,13.85,101,4.113943352306837,20,2,0,0,0,1
SERV,Computer and Technology,Computers - IT Services,30__2,30,2.0,6. p95_trade_value,17500.0,34125.0,O:SERV250221C00013500,SERV,C,13.5,2025-02-21,209,0,308,0.35,1739891948494000000,500,17500.0,2025-02-18,3000,30,True,Automatic Execution,Computer and Technology,Computers - IT Services,13.33,13.37,11.63,11.82,59,4.243038048686294,20,1,1,0,0,0
SERV,Computer and Technology,Computers - IT Services,30__2,30,2.0,8. p75_trade_value,7740.000000000001,12240.0,O:SERV250228C00013500,SERV,C,13.5,2025-02-28,227,0,301,1.16,1739889543416000000,72,8352.0,2025-02-18,3000,30,True,Single Leg Auction Non ISO,Computer and Technology,Computers - IT Services,13.33,13.37,11.63,11.82,268,3.921790485658187,20,5,1,0,0,0
SERV,Computer and Technology,Computers - IT Services,30__2,30,2.0,8. p75_trade_value,7740.000000000001,12240.0,O:SERV250228C00013500,SERV,C,13.5,2025-02-28,227,0,323,0.82,1739893282500000000,100,8200.0,2025-02-18,3000,30,True,Single Leg Auction Non ISO,Computer and Technology,Computers - IT Services,13.33,13.37,11.63,11.82,271,3.9138138523837167,20,5,1,0,0,0
SERV,Computer and Technology,Computers - IT Services,30__2,30,2.0,8. p75_trade_value,7740.000000000001,12240.0,O:SERV250228C00013500,SERV,C,13.5,2025-02-28,227,0,304,1.2,1739889574203000000,100,12000.0,2025-02-18,3000,30,True,Single Leg Auction Non ISO,Computer and Technology,Computers - IT Services,13.33,13.37,11.63,11.82,130,4.079181246047625,20,3,1,0,0,0
SERV,Computer and Technology,Computers - IT Services,30__2,30,2.0,8. p75_trade_value,7740.000000000001,12240.0,O:SERV250228C00013500,SERV,C,13.5,2025-02-28,209,0,318,0.65,1739908491225000000,153,9945.0,2025-02-18,3000,30,True,Automatic Execution,Computer and Technology,Computers - IT Services,13.33,13.37,11.63,11.82,195,3.9976047874604546,20,4,1,0,0,0
SERV,Computer and Technology,Computers - IT Services,30__2,30,2.0,8. p75_trade_value,7740.000000000001,12240.0,O:SERV250228C00013500,SERV,C,13.5,2025-02-28,209,0,316,0.6,1739909431385000000,150,9000.0,2025-02-18,3000,30,True,Automatic Execution,Computer and Technology,Computers - IT Services,13.33,13.37,11.63,11.82,230,3.9542425094393248,20,4,1,0,0,0
SERV,Computer and Technology,Computers - IT Services,30__2,30,2.0,7. p90_trade_value,12280.000000000002,17300.0,O:SERV250228C00013500,SERV,C,13.5,2025-02-28,227,0,301,1.16,1739889543416000000,108,12527.999999999998,2025-02-18,3000,30,True,Single Leg Auction Non ISO,Computer and Technology,Computers - IT Services,13.33,13.37,11.63,11.82,111,4.0978817447138685,20,2,1,0,0,0
SERV,Computer and Technology,Computers - IT Services,30__2,30,2.0,8. p75_trade_value,7740.000000000001,12240.0,O:SERV250228C00013500,SERV,C,13.5,2025-02-28,209,0,320,1.15,1739889980825000000,100,11499.999999999998,2025-02-18,3000,30,True,Automatic Execution,Computer and Technology,Computers - IT Services,13.33,13.37,11.63,11.82,142,4.060697840353612,20,3,1,0,0,0
SERV,Computer and Technology,Computers - IT Services,30__2,30,2.0,8. p75_trade_value,7740.000000000001,12240.0,O:SERV250228C00013500,SERV,C,13.5,2025-02-28,227,0,323,1.05,1739890808880000000,82,8610.0,2025-02-18,3000,30,True,Single Leg Auction Non ISO,Computer and Technology,Computers - IT Services,13.33,13.37,11.63,11.82,252,3.935003151453655,20,5,1,0,0,0
SERV,Computer and Technology,Computers - IT Services,30__2,30,2.0,6. p95_trade_value,17500.0,34125.0,O:SERV250228P00011000,SERV,P,11.0,2025-02-28,209,0,320,0.65,1739900243042000000,525,34125.0,2025-02-18,3000,30,True,Automatic Execution,Computer and Technology,Computers - IT Services,13.33,13.37,11.63,11.82,13,4.533072660048813,20,1,1,1,1,0
SERV,Computer and Technology,Computers - IT Services,30__2,30,2.0,6. p95_trade_value,17500.0,34125.0,O:SERV250228P00011000,SERV,P,11.0,2025-02-28,209,0,316,0.65,1739900243043000000,444,28860.000000000004,2025-02-18,3000,30,True,Automatic Execution,Computer and Technology,Computers - IT Services,13.33,13.37,11.63,11.82,20,4.460296326757476,20,1,1,1,1,0
SERV,Computer and Technology,Computers - IT Services,30__2,30,2.0,7. p90_trade_value,12280.000000000002,17300.0,O:SERV250228P00011000,SERV,P,11.0,2025-02-28,209,0,309,0.8,1739911517948000000,186,14880.000000000002,2025-02-18,3000,30,True,Automatic Execution,Computer and Technology,Computers - IT Services,13.33,13.37,11.63,11.82,89,4.17260293120986,20,2,1,1,1,0
SERV,Computer and Technology,Computers - IT Services,30__2,30,2.0,7. p90_trade_value,12280.000000000002,17300.0,O:SERV250228P00011000,SERV,P,11.0,2025-02-28,227,0,304,0.8,1739911884863000000,200,16000.0,2025-02-18,3000,30,True,Single Leg Auction Non ISO,Computer and Technology,Computers - IT Services,13.33,13.37,11.63,11.82,75,4.204119982655925,20,2,1,1,1,0
SERV,Computer and Technology,Computers - IT Services,30__2,30,2.0,7. p90_trade_value,12280.000000000002,17300.0,O:SERV250307C00014500,SERV,C,14.5,2025-03-07,209,0,316,1.0,1739897865713000000,173,17300.0,2025-02-18,3000,30,True,Automatic Execution,Computer and Technology,Computers - IT Services,13.33,13.37,11.63,11.82,61,4.238046103128795,20,2,0,0,0,1
SERV,Computer and Technology,Computers - IT Services,30__2,30,2.0,8. p75_trade_value,7740.000000000001,12240.0,O:SERV250307C00016000,SERV,C,16.0,2025-03-07,209,0,308,0.7,1739894595504000000,130,9100.0,2025-02-18,3000,30,True,Automatic Execution,Computer and Technology,Computers - IT Services,13.33,13.37,11.63,11.82,220,3.9590413923210934,20,4,0,0,0,1
SERV,Computer and Technology,Computers - IT Services,30__2,30,2.0,6. p95_trade_value,17500.0,34125.0,O:SERV250307P00010000,SERV,P,10.0,2025-03-07,209,0,316,0.65,1739905635600000000,373,24245.0,2025-02-18,3000,30,True,Automatic Execution,Computer and Technology,Computers - IT Services,13.33,13.37,11.63,11.82,27,4.3846221884515435,20,1,1,1,1,0
SERV,Computer and Technology,Computers - IT Services,30__2,30,2.0,7. p90_trade_value,12280.000000000002,17300.0,O:SERV250221C00015000,SERV,C,15.0,2025-02-21,209,0,320,0.4,1739979860127000000,307,12280.000000000002,2025-02-19,3000,30,True,Automatic Execution,Computer and Technology,Computers - IT Services,13.19,14.295,12.64,13.365,119,4.089198366805149,20,2,0,0,0,1
SERV,Computer and Technology,Computers - IT Services,30__2,30,2.0,7. p90_trade_value,12280.000000000002,17300.0,O:SERV250228C00015000,SERV,C,15.0,2025-02-28,209,0,322,0.75,1739975585667000000,199,14925.0,2025-02-19,3000,30,True,Automatic Execution,Computer and Technology,Computers - IT Services,13.19,14.295,12.64,13.365,88,4.1739143398014065,20,2,0,0,0,1
SERV,Computer and Technology,Computers - IT Services,30__2,30,2.0,7. p90_trade_value,12280.000000000002,17300.0,O:SERV250228C00015000,SERV,C,15.0,2025-02-28,227,0,323,0.92,1739979580619000000,187,17204.000000000004,2025-02-19,3000,30,True,Single Leg Auction Non ISO,Computer and Technology,Computers - IT Services,13.19,14.295,12.64,13.365,65,4.235629433882054,20,2,0,0,0,1
SERV,Computer and Technology,Computers - IT Services,30__2,30,2.0,8. p75_trade_value,7740.000000000001,12240.0,O:SERV250228C00015000,SERV,C,15.0,2025-02-28,227,0,301,1.02,1739984098392000000,80,8159.999999999999,2025-02-19,3000,30,True,Single Leg Auction Non ISO,Computer and Technology,Computers - IT Services,13.19,14.295,12.64,13.365,274,3.9116901587538613,20,5,0,0,0,1
SERV,Computer and Technology,Computers - IT Services,30__2,30,2.0,8. p75_trade_value,7740.000000000001,12240.0,O:SERV250228C00015000,SERV,C,15.0,2025-02-28,227,0,301,1.02,1739984098392000000,119,12138.0,2025-02-19,3000,30,True,Single Leg Auction Non ISO,Computer and Technology,Computers - IT Services,13.19,14.295,12.64,13.365,125,4.084147133154448,20,3,0,0,0,1
SERV,Computer and Technology,Computers - IT Services,30__2,30,2.0,8. p75_trade_value,7740.000000000001,12240.0,O:SERV250228C00015000,SERV,C,15.0,2025-02-28,227,0,323,0.96,1739990910312000000,100,9600.0,2025-02-19,3000,30,True,Single Leg Auction Non ISO,Computer and Technology,Computers - IT Services,13.19,14.295,12.64,13.365,208,3.9822712330395684,20,4,0,0,0,1
SERV,Computer and Technology,Computers - IT Services,30__2,30,2.0,8. p75_trade_value,7740.000000000001,12240.0,O:SERV250307C00016000,SERV,C,16.0,2025-03-07,209,0,319,1.1,1739979604785000000,96,10560.0,2025-02-19,3000,30,True,Automatic Execution,Computer and Technology,Computers - IT Services,13.19,14.295,12.64,13.365,159,4.023663918197793,20,3,0,0,0,1
SERV,Computer and Technology,Computers - IT Services,30__2,30,2.0,7. p90_trade_value,12280.000000000002,17300.0,O:SERV250307P00010000,SERV,P,10.0,2025-03-07,209,0,308,0.3,1739983585410000000,500,15000.0,2025-02-19,3000,30,True,Automatic Execution,Computer and Technology,Computers - IT Services,13.19,14.295,12.64,13.365,87,4.176091259055681,20,2,1,1,1,0
SERV,Computer and Technology,Computers - IT Services,30__2,30,2.0,8. p75_trade_value,7740.000000000001,12240.0,O:SERV250321C00015000,SERV,C,15.0,2025-03-21,209,0,308,1.8,1739992114162000000,58,10440.0,2025-02-19,3000,30,True,Automatic Execution,Computer and Technology,Computers - IT Services,13.19,14.295,12.64,13.365,166,4.018700498666243,20,3,0,0,0,1
SERV,Computer and Technology,Computers - IT Services,30__2,30,2.0,8. p75_trade_value,7740.000000000001,12240.0,O:SERV250228C00014000,SERV,C,14.0,2025-02-28,209,0,308,0.85,1740062258239000000,100,8500.0,2025-02-20,3000,30,True,Automatic Execution,Computer and Technology,Computers - IT Services,13.14,13.47,12.6619,13.1,258,3.929418925714293,20,5,0,0,0,1
SERV,Computer and Technology,Computers - IT Services,30__2,30,2.0,8. p75_trade_value,7740.000000000001,12240.0,O:SERV250307C00014000,SERV,C,14.0,2025-03-07,227,0,323,1.22,1740084065571000000,80,9760.0,2025-02-20,3000,30,True,Single Leg Auction Non ISO,Computer and Technology,Computers - IT Services,13.14,13.47,12.6619,13.1,201,3.9894498176666917,20,4,0,0,0,1
SERV,Computer and Technology,Computers - IT Services,30__2,30,2.0,8. p75_trade_value,7740.000000000001,12240.0,O:SERV250307C00014500,SERV,C,14.5,2025-03-07,227,0,300,1.01,1740063371911000000,96,9696.0,2025-02-20,3000,30,True,Single Leg Auction Non ISO,Computer and Technology,Computers - IT Services,13.14,13.47,12.6619,13.1,203,3.986592606822211,20,4,0,0,0,1
SERV,Computer and Technology,Computers - IT Services,30__2,30,2.0,7. p90_trade_value,12280.000000000002,17300.0,O:SERV250321C00014000,SERV,C,14.0,2025-03-21,209,0,319,1.55,1740070645071000000,97,15035.0,2025-02-20,3000,30,True,Automatic Execution,Computer and Technology,Computers - IT Services,13.14,13.47,12.6619,13.1,80,4.177103432436536,20,2,0,0,0,1
SERV,Computer and Technology,Computers - IT Services,30__2,30,2.0,6. p95_trade_value,17500.0,34125.0,O:SERV250321P00009000,SERV,P,9.0,2025-03-21,209,0,308,0.4,1740061801684000000,440,17600.0,2025-02-20,3000,30,True,Automatic Execution,Computer and Technology,Computers - IT Services,13.14,13.47,12.6619,13.1,57,4.2455126678141495,20,1,1,1,1,0
SERV,Computer and Technology,Computers - IT Services,30__2,30,2.0,6. p95_trade_value,17500.0,34125.0,O:SERV250228C00014000,SERV,C,14.0,2025-02-28,227,0,323,0.3,1740160034210000000,885,26550.0,2025-02-21,3000,30,True,Single Leg Auction Non ISO,Computer and Technology,Computers - IT Services,13.27,13.4216,11.75,12.01,22,4.424064525417488,20,1,0,0,0,1
SERV,Computer and Technology,Computers - IT Services,30__2,30,2.0,7. p90_trade_value,12280.000000000002,17300.0,O:SERV250228C00014000,SERV,C,14.0,2025-02-28,209,0,308,0.35,1740152608034000000,352,12319.999999999998,2025-02-21,3000,30,True,Automatic Execution,Computer and Technology,Computers - IT Services,13.27,13.4216,11.75,12.01,118,4.090610707828406,20,2,0,0,0,1
SERV,Computer and Technology,Computers - IT Services,30__2,30,2.0,7. p90_trade_value,12280.000000000002,17300.0,O:SERV250228C00014000,SERV,C,14.0,2025-02-28,231,0,301,0.3,1740161605673000000,500,15000.0,2025-02-21,3000,30,True,Single Leg Floor Trade,Computer and Technology,Computers - IT Services,13.27,13.4216,11.75,12.01,83,4.176091259055681,20,2,0,0,0,1
SERV,Computer and Technology,Computers - IT Services,30__2,30,2.0,8. p75_trade_value,7740.000000000001,12240.0,O:SERV250228C00014000,SERV,C,14.0,2025-02-28,209,0,316,0.35,1740152599613000000,253,8855.0,2025-02-21,3000,30,True,Automatic Execution,Computer and Technology,Computers - IT Services,13.27,13.4216,11.75,12.01,237,3.9471885655260937,20,4,0,0,0,1
SERV,Computer and Technology,Computers - IT Services,30__2,30,2.0,7. p90_trade_value,12280.000000000002,17300.0,O:SERV250307C00013500,SERV,C,13.5,2025-03-07,209,0,315,1.0,1740155537517000000,162,16200.0,2025-02-21,3000,30,True,Automatic Execution,Computer and Technology,Computers - IT Services,13.27,13.4216,11.75,12.01,71,4.209515014542631,20,2,0,0,0,1
SERV,Computer and Technology,Computers - IT Services,30__2,30,2.0,6. p95_trade_value,17500.0,34125.0,O:SERV250307C00013500,SERV,C,13.5,2025-03-07,209,0,320,1.0,1740155537515000000,292,29200.0,2025-02-21,3000,30,True,Automatic Execution,Computer and Technology,Computers - IT Services,13.27,13.4216,11.75,12.01,19,4.465382851448418,20,1,0,0,0,1
SERV,Computer and Technology,Computers - IT Services,30__2,30,2.0,8. p75_trade_value,7740.000000000001,12240.0,O:SERV250321P00010000,SERV,P,10.0,2025-03-21,227,0,309,0.88,1740164815690000000,90,7920.0,2025-02-21,3000,30,True,Single Leg Auction Non ISO,Computer and Technology,Computers - IT Services,13.27,13.4216,11.75,12.01,287,3.8987251815894934,20,5,1,1,1,0
SERV,Computer and Technology,Computers - IT Services,30__2,30,2.0,8. p75_trade_value,7740.000000000001,12240.0,O:SERV250228C00014000,SERV,C,14.0,2025-02-28,209,0,309,0.1,1740414067025000000,837,8370.0,2025-02-24,3000,30,True,Automatic Execution,Computer and Technology,Computers - IT Services,11.93,11.935,10.35,10.37,267,3.92272545799326,20,5,0,0,0,1
SERV,Computer and Technology,Computers - IT Services,30__2,30,2.0,8. p75_trade_value,7740.000000000001,12240.0,O:SERV250228C00014000,SERV,C,14.0,2025-02-28,227,0,323,0.1,1740413445838000000,964,9640.0,2025-02-24,3000,30,True,Single Leg Auction Non ISO,Computer and Technology,Computers - IT Services,11.93,11.935,10.35,10.37,204,3.984077033902831,20,4,0,0,0,1
SERV,Computer and Technology,Computers - IT Services,30__2,30,2.0,8. p75_trade_value,7740.000000000001,12240.0,O:SERV250307C00013000,SERV,C,13.0,2025-03-07,232,0,313,0.32,1740430322520000000,373,11936.0,2025-02-24,3000,30,True,Multi Leg auto-electronic trade,Computer and Technology,Computers - IT Services,11.93,11.935,10.35,10.37,134,4.076858810128593,20,3,0,0,0,1
SERV,Computer and Technology,Computers - IT Services,30__2,30,2.0,8. p75_trade_value,7740.000000000001,12240.0,O:SERV250307C00013500,SERV,C,13.5,2025-03-07,232,0,313,0.28,1740430192635000000,375,10500.000000000002,2025-02-24,3000,30,True,Multi Leg auto-electronic trade,Computer and Technology,Computers - IT Services,11.93,11.935,10.35,10.37,160,4.021189299069938,20,3,0,0,0,1
SERV,Computer and Technology,Computers - IT Services,30__2,30,2.0,8. p75_trade_value,7740.000000000001,12240.0,O:SERV250321C00011000,SERV,C,11.0,2025-03-21,209,0,319,1.25,1740494054897000000,95,11875.0,2025-02-25,3000,30,True,Automatic Execution,Computer and Technology,Computers - IT Services,10.06,10.5433,9.4201,9.84,136,4.074633618296904,20,3,0,0,0,1
SERV,Computer and Technology,Computers - IT Services,30__2,30,2.0,8. p75_trade_value,7740.000000000001,12240.0,O:SERV250321C00014000,SERV,C,14.0,2025-03-21,233,0,302,0.35,1740500760934000000,236,8260.0,2025-02-25,3000,30,True,Multi Leg Auction,Computer and Technology,Computers - IT Services,10.06,10.5433,9.4201,9.84,269,3.9169800473203824,20,5,0,0,0,1
SERV,Computer and Technology,Computers - IT Services,30__2,30,2.0,8. p75_trade_value,7740.000000000001,12240.0,O:SERV250328C00012000,SERV,C,12.0,2025-03-28,227,0,323,0.96,1740581911692000000,90,8640.0,2025-02-26,3000,30,True,Single Leg Auction Non ISO,Computer and Technology,Computers - IT Services,10.15,10.34,9.23,9.37,251,3.936513742478893,20,5,0,0,0,1
SERV,Computer and Technology,Computers - IT Services,30__2,30,2.0,6. p95_trade_value,17500.0,34125.0,O:SERV250228C00010000,SERV,C,10.0,2025-02-28,227,0,323,0.24,1740667530589000000,998,23952.0,2025-02-27,3000,30,True,Single Leg Auction Non ISO,Computer and Technology,Computers - IT Services,9.67,9.95,8.705,8.72,30,4.379341782998977,20,1,0,0,0,1
SERV,Computer and Technology,Computers - IT Services,30__2,30,2.0,8. p75_trade_value,7740.000000000001,12240.0,O:SERV250228C00010000,SERV,C,10.0,2025-02-28,209,0,322,0.15,1740673856941000000,581,8715.0,2025-02-27,3000,30,True,Automatic Execution,Computer and Technology,Computers - IT Services,9.67,9.95,8.705,8.72,248,3.940267391446012,20,5,0,0,0,1
SERV,Computer and Technology,Computers - IT Services,30__2,30,2.0,7. p90_trade_value,12280.000000000002,17300.0,O:SERV250321P00008500,SERV,P,8.5,2025-03-21,209,0,319,1.15,1740689956193000000,112,12879.999999999998,2025-02-27,3000,30,True,Automatic Execution,Computer and Technology,Computers - IT Services,9.67,9.95,8.705,8.72,106,4.109915863023793,20,2,1,1,1,0
SERV,Computer and Technology,Computers - IT Services,30__2,30,2.0,8. p75_trade_value,7740.000000000001,12240.0,O:SERV250321C00010000,SERV,C,10.0,2025-03-21,209,0,323,0.75,1740764934171000000,118,8850.0,2025-02-28,3000,30,True,Automatic Execution,Computer and Technology,Computers - IT Services,8.54,9.23,8.24,9.01,238,3.9469432706978256,20,4,0,0,0,1
SERV,Computer and Technology,Computers - IT Services,30__2,30,2.0,8. p75_trade_value,7740.000000000001,12240.0,O:SERV250328C00009500,SERV,C,9.5,2025-03-28,209,0,322,1.2,1740763861200000000,100,12000.0,2025-02-28,3000,30,True,Automatic Execution,Computer and Technology,Computers - IT Services,8.54,9.23,8.24,9.01,132,4.079181246047625,20,3,0,0,0,1
SERV,Computer and Technology,Computers - IT Services,30__2,30,2.0,7. p90_trade_value,12280.000000000002,17300.0,O:SERV250307C00009500,SERV,C,9.5,2025-03-07,227,0,323,0.43,1741025066004000000,300,12900.0,2025-03-03,3000,30,True,Single Leg Auction Non ISO,Computer and Technology,Computers - IT Services,9.18,9.3598,8.29,8.37,104,4.110589710299249,20,2,0,0,0,1
SERV,Computer and Technology,Computers - IT Services,30__2,30,2.0,6. p95_trade_value,17500.0,34125.0,O:SERV250307C00010000,SERV,C,10.0,2025-03-07,227,0,323,0.3,1741029735316000000,781,23430.0,2025-03-03,3000,30,True,Single Leg Auction Non ISO,Computer and Technology,Computers - IT Services,9.18,9.3598,8.29,8.37,32,4.3697722885969625,20,1,0,0,0,1
SERV,Computer and Technology,Computers - IT Services,30__2,30,2.0,8. p75_trade_value,7740.000000000001,12240.0,O:SERV250307C00009000,SERV,C,9.0,2025-03-07,209,0,308,0.4,1741188763373000000,200,8000.0,2025-03-05,3000,30,True,Automatic Execution,Computer and Technology,Computers - IT Services,8.4,8.62,8.1202,8.28,283,3.9030899869919438,20,5,0,0,0,1
SERV,Computer and Technology,Computers - IT Services,30__2,30,2.0,8. p75_trade_value,7740.000000000001,12240.0,O:SERV250307P00007500,SERV,P,7.5,2025-03-07,232,0,312,0.22,1741202691470000000,555,12210.0,2025-03-05,3000,30,True,Multi Leg auto-electronic trade,Computer and Technology,Computers - IT Services,8.4,8.62,8.1202,8.28,122,4.086715663944882,20,3,1,1,1,0
SERV,Computer and Technology,Computers - IT Services,30__2,30,2.0,8. p75_trade_value,7740.000000000001,12240.0,O:SERV250307P00007500,SERV,P,7.5,2025-03-07,232,0,308,0.27,1741203891421000000,326,8802.000000000002,2025-03-05,3000,30,True,Multi Leg auto-electronic trade,Computer and Technology,Computers - IT Services,8.4,8.62,8.1202,8.28,241,3.9445813642269263,20,5,1,1,1,0
SERV,Computer and Technology,Computers - IT Services,30__2,30,2.0,8. p75_trade_value,7740.000000000001,12240.0,O:SERV250307C00008500,SERV,C,8.5,2025-03-07,227,0,323,0.4,1741273511188000000,240,9600.0,2025-03-06,3000,30,True,Single Leg Auction Non ISO,Computer and Technology,Computers - IT Services,7.99,8.29,7.64,7.92,206,3.9822712330395684,20,4,0,0,0,1
SERV,Computer and Technology,Computers - IT Services,30__2,30,2.0,8. p75_trade_value,7740.000000000001,12240.0,O:SERV250404C00012000,SERV,C,12.0,2025-04-04,209,0,320,0.35,1741275940918000000,349,12215.0,2025-03-06,3000,30,True,Automatic Execution,Computer and Technology,Computers - IT Services,7.99,8.29,7.64,7.92,121,4.086893471309455,20,3,0,0,0,1
SERV,Computer and Technology,Computers - IT Services,30__2,30,2.0,8. p75_trade_value,7740.000000000001,12240.0,O:SERV250404C00012500,SERV,C,12.5,2025-04-04,209,0,308,0.3,1741274622647000000,300,9000.0,2025-03-06,3000,30,True,Automatic Execution,Computer and Technology,Computers - IT Services,7.99,8.29,7.64,7.92,224,3.9542425094393248,20,4,0,0,0,1
SERV,Computer and Technology,Computers - IT Services,30__2,30,2.0,8. p75_trade_value,7740.000000000001,12240.0,O:SERV250314C00009000,SERV,C,9.0,2025-03-14,235,0,301,0.21,1741358929755000000,400,8400.0,2025-03-07,3000,30,True,Multi Leg floor trade,Computer and Technology,Computers - IT Services,7.5,7.9,6.97,7.43,263,3.9242792860618816,20,5,0,0,0,1
SERV,Computer and Technology,Computers - IT Services,30__2,30,2.0,8. p75_trade_value,7740.000000000001,12240.0,O:SERV250314C00007500,SERV,C,7.5,2025-03-14,209,0,308,0.3,1741613730130000000,408,12240.0,2025-03-10,3000,30,True,Automatic Execution,Computer and Technology,Computers - IT Services,7.265,7.47,6.48,6.68,120,4.087781417809542,20,2,1,1,1,0
SERV,Computer and Technology,Computers - IT Services,30__2,30,2.0,8. p75_trade_value,7740.000000000001,12240.0,O:SERV250411C00008000,SERV,C,8.0,2025-04-11,219,0,323,0.45,1742497190991000000,200,9000.0,2025-03-20,3000,30,True,Intermarket Sweep Order,Computer and Technology,Computers - IT Services,7.2,7.35,6.8,6.93,225,3.9542425094393248,20,4,0,0,0,1
SERV,Computer and Technology,Computers - IT Services,30__2,30,2.0,8. p75_trade_value,7740.000000000001,12240.0,O:SERV250502C00007500,SERV,C,7.5,2025-05-02,227,0,323,0.1,1745511111147000000,1173,11730.000000000002,2025-04-24,3000,30,True,Single Leg Auction Non ISO,Computer and Technology,Computers - IT Services,5.88,6.75,5.8,6.66,138,4.069298012115529,20,3,0,0,0,1
SERV,Computer and Technology,Computers - IT Services,30__2,30,2.0,8. p75_trade_value,7740.000000000001,12240.0,O:SERV250502C00007500,SERV,C,7.5,2025-05-02,227,0,323,0.1,1745511111147000000,785,7850.0,2025-04-24,3000,30,True,Single Leg Auction Non ISO,Computer and Technology,Computers - IT Services,5.88,6.75,5.8,6.66,290,3.8948696567452528,20,5,0,0,0,1
SERV,Computer and Technology,Computers - IT Services,30__2,30,2.0,8. p75_trade_value,7740.000000000001,12240.0,O:SERV250509C00008000,SERV,C,8.0,2025-05-09,209,0,301,0.3,1745849050300000000,293,8790.0,2025-04-28,3000,30,True,Automatic Execution,Computer and Technology,Computers - IT Services,6.87,7.1,6.32,6.64,245,3.9439888750737717,20,5,1,1,0,0
SERV,Computer and Technology,Computers - IT Services,30__2,30,2.0,6. p95_trade_value,17500.0,34125.0,O:SERV250530C00008500,SERV,C,8.5,2025-05-30,234,0,308,0.43,1746799207223000000,597,25670.999999999996,2025-05-09,3000,30,True,Multi Leg Cross,Computer and Technology,Computers - IT Services,6.6,8.2599,6.6,7.46,24,4.409442786708955,20,1,1,1,1,0
SERV,Computer and Technology,Computers - IT Services,30__2,30,2.0,6. p95_trade_value,17500.0,34125.0,O:SERV250516C00009000,SERV,C,9.0,2025-05-16,231,0,300,0.45,1747061289938000000,500,22500.0,2025-05-12,3000,30,True,Single Leg Floor Trade,Computer and Technology,Computers - IT Services,8.375,8.9098,8.28,8.62,35,4.352182518111363,20,1,1,1,1,0
SERV,Computer and Technology,Computers - IT Services,30__2,30,2.0,8. p75_trade_value,7740.000000000001,12240.0,O:SERV250606C00010000,SERV,C,10.0,2025-06-06,209,0,301,0.9,1747229794320000000,100,9000.0,2025-05-14,3000,30,True,Automatic Execution,Computer and Technology,Computers - IT Services,9.35,9.95,8.78,9.03,226,3.9542425094393248,20,4,1,1,1,0
SERV,Computer and Technology,Computers - IT Services,30__2,30,2.0,8. p75_trade_value,7740.000000000001,12240.0,O:SERV250523C00011000,SERV,C,11.0,2025-05-23,227,0,323,0.34,1747664520132000000,300,10200.000000000002,2025-05-19,3000,30,True,Single Leg Auction Non ISO,Computer and Technology,Computers - IT Services,10.12,10.57,9.89,10.5,181,4.008600171761918,20,4,1,1,1,0
SERV,Computer and Technology,Computers - IT Services,30__2,30,2.0,6. p95_trade_value,17500.0,34125.0,O:SERV250530C00012000,SERV,C,12.0,2025-05-30,227,0,312,0.72,1747937022340000000,352,25344.0,2025-05-22,3000,30,True,Single Leg Auction Non ISO,Computer and Technology,Computers - IT Services,10.12,11.97,10.12,11.63,25,4.4038751599094,20,1,1,1,0,0
SERV,Computer and Technology,Computers - IT Services,30__2,30,2.0,7. p90_trade_value,12280.000000000002,17300.0,O:SERV250530C00012000,SERV,C,12.0,2025-05-30,227,0,312,0.72,1747937022340000000,232,16704.0,2025-05-22,3000,30,True,Single Leg Auction Non ISO,Computer and Technology,Computers - IT Services,10.12,11.97,10.12,11.63,66,4.222820481322168,20,2,1,1,0,0
SERV,Computer and Technology,Computers - IT Services,30__2,30,2.0,8. p75_trade_value,7740.000000000001,12240.0,O:SERV250613C00012500,SERV,C,12.5,2025-06-13,209,0,316,0.95,1747922836385000000,127,12065.0,2025-05-22,3000,30,True,Automatic Execution,Computer and Technology,Computers - IT Services,10.12,11.97,10.12,11.63,127,4.081527326244805,20,3,1,0,0,0
SERV,Computer and Technology,Computers - IT Services,30__2,30,2.0,8. p75_trade_value,7740.000000000001,12240.0,O:SERV250620C00012000,SERV,C,12.0,2025-06-20,209,0,320,1.25,1747922835098000000,67,8375.0,2025-05-22,3000,30,True,Automatic Execution,Computer and Technology,Computers - IT Services,10.12,11.97,10.12,11.63,265,3.9229848157088827,20,5,1,0,0,0
SERV,Computer and Technology,Computers - IT Services,30__2,30,2.0,6. p95_trade_value,17500.0,34125.0,O:SERV250620C00012500,SERV,C,12.5,2025-06-20,227,0,323,1.22,1747937714160000000,152,18544.0,2025-05-22,3000,30,True,Single Leg Auction Non ISO,Computer and Technology,Computers - IT Services,10.12,11.97,10.12,11.63,50,4.268203418619521,20,1,1,0,0,0
SERV,Computer and Technology,Computers - IT Services,30__2,30,2.0,7. p90_trade_value,12280.000000000002,17300.0,O:SERV250620C00012500,SERV,C,12.5,2025-06-20,227,0,301,1.06,1747940119941000000,149,15794.0,2025-05-22,3000,30,True,Single Leg Auction Non ISO,Computer and Technology,Computers - IT Services,10.12,11.97,10.12,11.63,76,4.198492133677044,20,2,1,0,0,0
SERV,Computer and Technology,Computers - IT Services,30__2,30,2.0,7. p90_trade_value,12280.000000000002,17300.0,O:SERV250620C00012500,SERV,C,12.5,2025-06-20,209,0,313,1.05,1747926733475000000,128,13440.0,2025-05-22,3000,30,True,Automatic Execution,Computer and Technology,Computers - IT Services,10.12,11.97,10.12,11.63,99,4.128399268717806,20,2,1,0,0,0
SERV,Computer and Technology,Computers - IT Services,30__2,30,2.0,7. p90_trade_value,12280.000000000002,17300.0,O:SERV250620C00012500,SERV,C,12.5,2025-06-20,231,0,301,1.0,1747940190222000000,150,15000.0,2025-05-22,3000,30,True,Single Leg Floor Trade,Computer and Technology,Computers - IT Services,10.12,11.97,10.12,11.63,82,4.176091259055681,20,2,1,0,0,0
SERV,Computer and Technology,Computers - IT Services,30__2,30,2.0,8. p75_trade_value,7740.000000000001,12240.0,O:SERV250530P00011000,SERV,P,11.0,2025-05-30,232,0,312,0.18,1748361859439000000,444,7992.0,2025-05-27,3000,30,True,Multi Leg auto-electronic trade,Computer and Technology,Computers - IT Services,12.15,13.0,11.38,12.81,285,3.902655475217926,20,5,0,0,0,1
SERV,Computer and Technology,Computers - IT Services,30__2,30,2.0,6. p95_trade_value,17500.0,34125.0,O:SERV250620C00014000,SERV,C,14.0,2025-06-20,209,0,309,0.95,1748369291517000000,279,26505.0,2025-05-27,3000,30,True,Automatic Execution,Computer and Technology,Computers - IT Services,12.15,13.0,11.38,12.81,23,4.423327808562445,20,1,1,0,0,0
SERV,Computer and Technology,Computers - IT Services,30__2,30,2.0,7. p90_trade_value,12280.000000000002,17300.0,O:SERV250620C00014000,SERV,C,14.0,2025-06-20,209,0,309,0.95,1748369291517000000,182,17290.0,2025-05-27,3000,30,True,Automatic Execution,Computer and Technology,Computers - IT Services,12.15,13.0,11.38,12.81,62,4.237794993273923,20,2,1,0,0,0
SERV,Computer and Technology,Computers - IT Services,30__2,30,2.0,8. p75_trade_value,7740.000000000001,12240.0,O:SERV250620C00015000,SERV,C,15.0,2025-06-20,209,0,313,0.6,1748361858002000000,170,10200.0,2025-05-27,3000,30,True,Automatic Execution,Computer and Technology,Computers - IT Services,12.15,13.0,11.38,12.81,184,4.008600171761918,20,4,0,0,0,1
SERV,Computer and Technology,Computers - IT Services,30__2,30,2.0,8. p75_trade_value,7740.000000000001,12240.0,O:SERV250620C00013000,SERV,C,13.0,2025-06-20,227,0,300,1.18,1748439758154000000,86,10147.999999999998,2025-05-28,3000,30,True,Single Leg Auction Non ISO,Computer and Technology,Computers - IT Services,12.85,12.88,12.25,12.65,186,4.006380458549693,20,4,1,0,0,0
SERV,Computer and Technology,Computers - IT Services,30__2,30,2.0,7. p90_trade_value,12280.000000000002,17300.0,O:SERV250606C00013000,SERV,C,13.0,2025-06-06,209,0,320,0.35,1748891379512000000,472,16520.0,2025-06-02,3000,30,True,Automatic Execution,Computer and Technology,Computers - IT Services,11.82,12.55,11.66,11.94,68,4.218010042984363,20,2,1,1,0,0
SERV,Computer and Technology,Computers - IT Services,30__2,30,2.0,7. p90_trade_value,12280.000000000002,17300.0,O:SERV250613C00013000,SERV,C,13.0,2025-06-13,209,0,316,0.65,1748871037035000000,226,14690.0,2025-06-02,3000,30,True,Automatic Execution,Computer and Technology,Computers - IT Services,11.82,12.55,11.66,11.94,90,4.167021795790257,20,2,1,0,0,0
SERV,Computer and Technology,Computers - IT Services,30__2,30,2.0,8. p75_trade_value,7740.000000000001,12240.0,O:SERV250613C00013000,SERV,C,13.0,2025-06-13,233,0,302,0.47,1748962858438000000,200,9400.0,2025-06-03,3000,30,True,Multi Leg Auction,Computer and Technology,Computers - IT Services,12.18,12.2099,11.38,11.55,213,3.9731278535996988,20,4,1,0,0,0
SERV,Computer and Technology,Computers - IT Services,30__2,30,2.0,8. p75_trade_value,7740.000000000001,12240.0,O:SERV250620C00013000,SERV,C,13.0,2025-06-20,227,0,309,0.8,1749059887810000000,110,8800.0,2025-06-04,3000,30,True,Single Leg Auction Non ISO,Computer and Technology,Computers - IT Services,11.78,12.69,11.4,12.06,244,3.9444826721501687,20,5,1,0,0,0
SERV,Computer and Technology,Computers - IT Services,30__2,30,2.0,8. p75_trade_value,7740.000000000001,12240.0,O:SERV250620C00015000,SERV,C,15.0,2025-06-20,209,0,302,0.65,1749222478419000000,151,9815.0,2025-06-06,3000,30,True,Automatic Execution,Computer and Technology,Computers - IT Services,11.88,13.578,11.655,12.95,200,3.991890303936025,20,4,0,0,0,1
SERV,Computer and Technology,Computers - IT Services,30__2,30,2.0,6. p95_trade_value,17500.0,34125.0,O:SERV250613C00014000,SERV,C,14.0,2025-06-13,209,0,320,0.5,1749475846329000000,447,22350.0,2025-06-09,3000,30,True,Automatic Execution,Computer and Technology,Computers - IT Services,13.325,13.3299,12.31,12.57,39,4.349277527467955,20,1,0,0,0,1
SERV,Computer and Technology,Computers - IT Services,30__2,30,2.0,8. p75_trade_value,7740.000000000001,12240.0,O:SERV250613C00013000,SERV,C,13.0,2025-06-13,209,0,301,0.45,1749568418685000000,214,9630.0,2025-06-10,3000,30,True,Automatic Execution,Computer and Technology,Computers - IT Services,12.54,12.8,11.82,12.1,205,3.9836262871245345,20,4,1,0,0,0
WIX,Computer and Technology,Computers - IT Services,30__1,30,1.0,1. p999999_trade_value,570964.0,570964.0,O:WIX250221P00220000,WIX,P,220.0,2025-02-21,233,0,312,8.18,1739474469561000000,698,570964.0,2025-02-13,3000,30,True,Multi Leg Auction,Computer and Technology,Computers - IT Services,231.35,231.54,225.02,226.18,1,5.756608726294484,20,1,1,1,1,0
