security,sector,industry,final_cluster,trade_volume_bin,cluster,trade_value_category,category_minimum,category_maximum,option_ticker,security_1,option_type,strike_price,expiration,conditions,correction,exchange,price,sip_timestamp,size,trade_value,data_date,min_trade_value,expiration_days_out,otm_range,option_condition_name,sector_1,industry_1,securty_open,security_high,security_low,security_close,trade_rank,trade_value_log10,number_of_bins,trade_value_bin,itm,itm_expiration_day,itm_expriation_close,otm
NTRS,Finance,Banks - Major Regional,25__0,25,0.0,7. p90_trade_value,13800.0,19360.000000000004,O:NTRS240920P00085000,NTRS,P,85.0,2024-09-20,233,0,302,0.63,1725906441980000000,304,19152.0,2024-09-09,3000.0,30,True,Multi Leg Auction,Finance,Banks - Major Regional,87.52,88.67,86.845,87.76,15,4.282214133062335,20,2,0,0,0,1
NTRS,Finance,Banks - Major Regional,25__0,25,0.0,7. p90_trade_value,13800.0,19360.000000000004,O:NTRS240920P00085000,NTRS,P,85.0,2024-09-20,233,0,302,0.63,1725906441980000000,302,19026.0,2024-09-09,3000.0,30,True,Multi Leg Auction,Finance,Banks - Major Regional,87.52,88.67,86.845,87.76,16,4.279347492410732,20,2,0,0,0,1
NTRS,Finance,Banks - Major Regional,25__0,25,0.0,8. p75_trade_value,7500.0,13700.0,O:NTRS240920C00090000,NTRS,C,90.0,2024-09-20,209,0,320,1.0,1725995628458000000,109,10900.0,2024-09-10,3000.0,30,True,Automatic Execution,Finance,Banks - Major Regional,87.69,88.6694,85.83,88.47,39,4.037426497940624,20,3,1,1,1,0
NTRS,Finance,Banks - Major Regional,25__0,25,0.0,8. p75_trade_value,7500.0,13700.0,O:NTRS240920C00090000,NTRS,C,90.0,2024-09-20,209,0,320,1.0,1725997350860000000,137,13700.0,2024-09-10,3000.0,30,True,Automatic Execution,Finance,Banks - Major Regional,87.69,88.6694,85.83,88.47,27,4.136720567156407,20,3,1,1,1,0
NTRS,Finance,Banks - Major Regional,25__0,25,0.0,8. p75_trade_value,7500.0,13700.0,O:NTRS241115P00095000,NTRS,P,95.0,2024-11-15,209,0,320,2.9,1729188201275000000,37,10730.0,2024-10-17,3000.0,30,True,Automatic Execution,Finance,Banks - Major Regional,96.75,97.0,95.76,96.26,41,4.0305997219659515,20,4,1,0,0,0
NTRS,Finance,Banks - Major Regional,25__0,25,0.0,8. p75_trade_value,7500.0,13700.0,O:NTRS241115C00100000,NTRS,C,100.0,2024-11-15,209,0,320,1.65,1729620948763000000,50,8250.0,2024-10-22,3000.0,30,True,Automatic Execution,Finance,Banks - Major Regional,95.16,96.12,94.88,95.79,52,3.916453948549925,20,4,1,1,1,0
NTRS,Finance,Banks - Major Regional,25__0,25,0.0,8. p75_trade_value,7500.0,13700.0,O:NTRS241115P00100000,NTRS,P,100.0,2024-11-15,232,0,300,1.29,1729798020986000000,60,7740.000000000001,2024-10-24,3000.0,30,True,Multi Leg auto-electronic trade,Finance,Banks - Major Regional,103.78,103.78,101.115,102.79,61,3.8887409606828927,20,5,1,0,0,0
NTRS,Finance,Banks - Major Regional,25__0,25,0.0,8. p75_trade_value,7500.0,13700.0,O:NTRS241115P00100000,NTRS,P,100.0,2024-11-15,209,0,316,2.0,1729878399344000000,56,11200.0,2024-10-25,3000.0,30,True,Automatic Execution,Finance,Banks - Major Regional,103.55,103.62,100.065,100.19,33,4.049218022670182,20,3,1,0,0,0
NTRS,Finance,Banks - Major Regional,25__0,25,0.0,1. p999999_trade_value,121875.0,121875.0,O:NTRS241115C00105000,NTRS,C,105.0,2024-11-15,231,0,300,1.25,1730214169826000000,975,121875.0,2024-10-29,3000.0,30,True,Single Leg Floor Trade,Finance,Banks - Major Regional,101.64,103.4,101.635,102.32,1,5.085914628706593,20,1,1,1,1,0
NTRS,Finance,Banks - Major Regional,25__0,25,0.0,8. p75_trade_value,7500.0,13700.0,O:NTRS241220P00105000,NTRS,P,105.0,2024-12-20,209,0,313,1.7,1732134138032000000,45,7650.0,2024-11-20,3000.0,30,True,Automatic Execution,Finance,Banks - Major Regional,108.61,108.61,106.93,107.88,63,3.8836614351536176,20,5,1,1,1,0
NTRS,Finance,Banks - Major Regional,25__0,25,0.0,8. p75_trade_value,7500.0,13700.0,O:NTRS241220C00110000,NTRS,C,110.0,2024-12-20,209,0,316,1.25,1733846401166000000,68,8500.0,2024-12-10,3000.0,30,True,Automatic Execution,Finance,Banks - Major Regional,108.74,108.99,107.075,108.15,51,3.929418925714293,20,4,0,0,0,1
NTRS,Finance,Banks - Major Regional,25__0,25,0.0,8. p75_trade_value,7500.0,13700.0,O:NTRS250221P00100000,NTRS,P,100.0,2025-02-21,232,0,322,0.87,1737578044540000000,88,7656.0,2025-01-22,3000.0,30,True,Multi Leg auto-electronic trade,Finance,Banks - Major Regional,107.27,107.75,106.48,107.39,62,3.8840019247687874,20,5,0,0,0,1
NTRS,Finance,Banks - Major Regional,25__0,25,0.0,7. p90_trade_value,13800.0,19360.000000000004,O:NTRS250221P00105000,NTRS,P,105.0,2025-02-21,232,0,322,2.2,1737578044540000000,88,19360.000000000004,2025-01-22,3000.0,30,True,Multi Leg auto-electronic trade,Finance,Banks - Major Regional,107.27,107.75,106.48,107.39,14,4.286905352972375,20,2,0,0,0,1
NTRS,Finance,Banks - Major Regional,25__0,25,0.0,8. p75_trade_value,7500.0,13700.0,O:NTRS250221C00115000,NTRS,C,115.0,2025-02-21,209,0,302,0.8,1737650372816000000,95,7600.0,2025-01-23,3000.0,30,True,Automatic Execution,Finance,Banks - Major Regional,106.39,111.3,106.02,109.54,64,3.8808135922807914,20,5,0,0,0,1
NTRS,Finance,Banks - Major Regional,25__0,25,0.0,8. p75_trade_value,7500.0,13700.0,O:NTRS250221P00110000,NTRS,P,110.0,2025-02-21,235,0,301,1.02,1738350399014000000,126,12852.000000000002,2025-01-31,3000.0,30,True,Multi Leg floor trade,Finance,Banks - Major Regional,112.74,113.295,112.12,112.29,29,4.1089707168794805,20,3,1,0,0,0
NTRS,Finance,Banks - Major Regional,25__0,25,0.0,6. p95_trade_value,21000.0,46516.99999999999,O:NTRS250221P00110000,NTRS,P,110.0,2025-02-21,235,0,301,1.03,1738350399014000000,246,25338.0,2025-01-31,3000.0,30,True,Multi Leg floor trade,Finance,Banks - Major Regional,112.74,113.295,112.12,112.29,10,4.403772331808551,20,1,1,0,0,0
NTRS,Finance,Banks - Major Regional,25__0,25,0.0,8. p75_trade_value,7500.0,13700.0,O:NTRS250321P00105000,NTRS,P,105.0,2025-03-21,209,0,316,1.3,1740502083190000000,61,7930.0,2025-02-25,3000.0,30,True,Automatic Execution,Finance,Banks - Major Regional,113.48,113.76,110.09,110.76,55,3.8992731873176036,20,5,1,1,1,0
NTRS,Finance,Banks - Major Regional,25__0,25,0.0,8. p75_trade_value,7500.0,13700.0,O:NTRS250321P00110000,NTRS,P,110.0,2025-03-21,209,0,316,2.45,1740515078482000000,38,9310.0,2025-02-25,3000.0,30,True,Automatic Execution,Finance,Banks - Major Regional,113.48,113.76,110.09,110.76,45,3.9689496809813427,20,4,1,1,1,0
NTRS,Finance,Banks - Major Regional,25__0,25,0.0,8. p75_trade_value,7500.0,13700.0,O:NTRS250321P00110000,NTRS,P,110.0,2025-03-21,209,0,316,2.45,1740515084034000000,36,8820.0,2025-02-25,3000.0,30,True,Automatic Execution,Finance,Banks - Major Regional,113.48,113.76,110.09,110.76,47,3.94546858513182,20,4,1,1,1,0
NTRS,Finance,Banks - Major Regional,25__0,25,0.0,8. p75_trade_value,7500.0,13700.0,O:NTRS250321P00110000,NTRS,P,110.0,2025-03-21,209,0,316,2.45,1740515091280000000,44,10780.000000000002,2025-02-25,3000.0,30,True,Automatic Execution,Finance,Banks - Major Regional,113.48,113.76,110.09,110.76,40,4.03261876085072,20,4,1,1,1,0
NTRS,Finance,Banks - Major Regional,25__0,25,0.0,7. p90_trade_value,13800.0,19360.000000000004,O:NTRS250417P00082500,NTRS,P,82.5,2025-04-17,232,0,300,0.46,1743692758502000000,300,13800.0,2025-04-03,3000.0,30,True,Multi Leg auto-electronic trade,Finance,Banks - Major Regional,93.54,94.22,90.44,90.58,26,4.139879086401237,20,2,1,0,0,0
NTRS,Finance,Banks - Major Regional,25__0,25,0.0,6. p95_trade_value,21000.0,46516.99999999999,O:NTRS250417P00087500,NTRS,P,87.5,2025-04-17,232,0,300,1.36,1743692758502000000,300,40800.00000000001,2025-04-03,3000.0,30,True,Multi Leg auto-electronic trade,Finance,Banks - Major Regional,93.54,94.22,90.44,90.58,5,4.6106601630898805,20,1,1,1,0,0
NTRS,Finance,Banks - Major Regional,25__0,25,0.0,7. p90_trade_value,13800.0,19360.000000000004,O:NTRS250516P00095000,NTRS,P,95.0,2025-05-16,235,0,301,0.85,1746470979090000000,200,17000.0,2025-05-05,3000.0,30,True,Multi Leg floor trade,Finance,Banks - Major Regional,97.0,98.53,96.445,97.17,19,4.230448921378274,20,2,0,0,0,1
NTRS,Finance,Banks - Major Regional,25__0,25,0.0,7. p90_trade_value,13800.0,19360.000000000004,O:NTRS250620C00110000,NTRS,C,110.0,2025-06-20,209,0,308,1.4,1747856591073000000,107,14979.999999999998,2025-05-21,3000.0,30,True,Automatic Execution,Finance,Banks - Major Regional,107.06,107.12,105.23,105.34,25,4.175511813363448,20,2,1,0,0,0
NTRS,Finance,Banks - Major Regional,25__0,25,0.0,6. p95_trade_value,21000.0,46516.99999999999,O:NTRS250620C00110000,NTRS,C,110.0,2025-06-20,209,0,308,1.55,1747846704253000000,150,23250.0,2025-05-21,3000.0,30,True,Automatic Execution,Finance,Banks - Major Regional,107.06,107.12,105.23,105.34,12,4.366422957225972,20,1,1,0,0,0
NTRS,Finance,Banks - Major Regional,25__0,25,0.0,6. p95_trade_value,21000.0,46516.99999999999,O:NTRS250620C00110000,NTRS,C,110.0,2025-06-20,209,0,308,1.55,1747844536136000000,250,38750.0,2025-05-21,3000.0,30,True,Automatic Execution,Finance,Banks - Major Regional,107.06,107.12,105.23,105.34,6,4.588271706842329,20,1,1,0,0,0
NTRS,Finance,Banks - Major Regional,25__0,25,0.0,6. p95_trade_value,21000.0,46516.99999999999,O:NTRS250620C00110000,NTRS,C,110.0,2025-06-20,209,0,308,1.55,1747844536136000000,250,38750.0,2025-05-21,3000.0,30,True,Automatic Execution,Finance,Banks - Major Regional,107.06,107.12,105.23,105.34,7,4.588271706842329,20,1,1,0,0,0
NTRS,Finance,Banks - Major Regional,25__0,25,0.0,6. p95_trade_value,21000.0,46516.99999999999,O:NTRS250620C00110000,NTRS,C,110.0,2025-06-20,209,0,308,1.5,1747847932568000000,200,30000.0,2025-05-21,3000.0,30,True,Automatic Execution,Finance,Banks - Major Regional,107.06,107.12,105.23,105.34,8,4.477121254719663,20,1,1,0,0,0
NTRS,Finance,Banks - Major Regional,25__0,25,0.0,7. p90_trade_value,13800.0,19360.000000000004,O:NTRS250620C00110000,NTRS,C,110.0,2025-06-20,209,0,320,1.4,1747853150302000000,108,15119.999999999998,2025-05-21,3000.0,30,True,Automatic Execution,Finance,Banks - Major Regional,107.06,107.12,105.23,105.34,23,4.179551791165188,20,2,1,0,0,0
NTRS,Finance,Banks - Major Regional,25__0,25,0.0,6. p95_trade_value,21000.0,46516.99999999999,O:NTRS250620C00110000,NTRS,C,110.0,2025-06-20,209,0,308,1.4,1747850225426000000,150,21000.0,2025-05-21,3000.0,30,True,Automatic Execution,Finance,Banks - Major Regional,107.06,107.12,105.23,105.34,13,4.3222192947339195,20,1,1,0,0,0
NTRS,Finance,Banks - Major Regional,25__0,25,0.0,6. p95_trade_value,21000.0,46516.99999999999,O:NTRS250620C00110000,NTRS,C,110.0,2025-06-20,209,0,308,1.55,1747846704253000000,150,23250.0,2025-05-21,3000.0,30,True,Automatic Execution,Finance,Banks - Major Regional,107.06,107.12,105.23,105.34,11,4.366422957225972,20,1,1,0,0,0
NTRS,Finance,Banks - Major Regional,25__0,25,0.0,6. p95_trade_value,21000.0,46516.99999999999,O:NTRS250620C00110000,NTRS,C,110.0,2025-06-20,209,0,316,1.35,1747853928199000000,200,27000.0,2025-05-21,3000.0,30,True,Automatic Execution,Finance,Banks - Major Regional,107.06,107.12,105.23,105.34,9,4.431363764158987,20,1,1,0,0,0
NTRS,Finance,Banks - Major Regional,25__0,25,0.0,8. p75_trade_value,7500.0,13700.0,O:NTRS250620C00110000,NTRS,C,110.0,2025-06-20,209,0,316,1.45,1747849643285000000,62,8990.0,2025-05-21,3000.0,30,True,Automatic Execution,Finance,Banks - Major Regional,107.06,107.12,105.23,105.34,46,3.9537596917332287,20,4,1,0,0,0
NTRS,Finance,Banks - Major Regional,25__0,25,0.0,8. p75_trade_value,7500.0,13700.0,O:NTRS250620C00110000,NTRS,C,110.0,2025-06-20,227,0,307,1.34,1747853941341000000,76,10184.0,2025-05-21,3000.0,30,True,Single Leg Auction Non ISO,Finance,Banks - Major Regional,107.06,107.12,105.23,105.34,42,4.007918390645599,20,4,1,0,0,0
NTRS,Finance,Banks - Major Regional,25__0,25,0.0,8. p75_trade_value,7500.0,13700.0,O:NTRS250620C00110000,NTRS,C,110.0,2025-06-20,209,0,308,1.4,1747853176908000000,72,10080.0,2025-05-21,3000.0,30,True,Automatic Execution,Finance,Banks - Major Regional,107.06,107.12,105.23,105.34,43,4.003460532109506,20,4,1,0,0,0
NTRS,Finance,Banks - Major Regional,25__0,25,0.0,8. p75_trade_value,7500.0,13700.0,O:NTRS250620C00110000,NTRS,C,110.0,2025-06-20,209,0,308,1.5,1747847707093000000,50,7500.0,2025-05-21,3000.0,30,True,Automatic Execution,Finance,Banks - Major Regional,107.06,107.12,105.23,105.34,66,3.8750612633917,20,6,1,0,0,0
NTRS,Finance,Banks - Major Regional,25__0,25,0.0,8. p75_trade_value,7500.0,13700.0,O:NTRS250620C00110000,NTRS,C,110.0,2025-06-20,209,0,308,1.55,1747846592594000000,50,7750.0,2025-05-21,3000.0,30,True,Automatic Execution,Finance,Banks - Major Regional,107.06,107.12,105.23,105.34,60,3.88930170250631,20,5,1,0,0,0
NTRS,Finance,Banks - Major Regional,25__0,25,0.0,8. p75_trade_value,7500.0,13700.0,O:NTRS250620C00110000,NTRS,C,110.0,2025-06-20,209,0,308,1.55,1747846592594000000,50,7750.0,2025-05-21,3000.0,30,True,Automatic Execution,Finance,Banks - Major Regional,107.06,107.12,105.23,105.34,59,3.88930170250631,20,5,1,0,0,0
NTRS,Finance,Banks - Major Regional,25__0,25,0.0,8. p75_trade_value,7500.0,13700.0,O:NTRS250620C00110000,NTRS,C,110.0,2025-06-20,227,0,307,1.33,1747851493522000000,100,13300.0,2025-05-21,3000.0,30,True,Single Leg Auction Non ISO,Finance,Banks - Major Regional,107.06,107.12,105.23,105.34,28,4.123851640967086,20,3,1,0,0,0
NTRS,Finance,Banks - Major Regional,25__0,25,0.0,7. p90_trade_value,13800.0,19360.000000000004,O:NTRS250620C00110000,NTRS,C,110.0,2025-06-20,227,0,308,1.32,1747851493522000000,124,16368.0,2025-05-21,3000.0,30,True,Single Leg Auction Non ISO,Finance,Banks - Major Regional,107.06,107.12,105.23,105.34,20,4.213995616368085,20,2,1,0,0,0
NTRS,Finance,Banks - Major Regional,25__0,25,0.0,8. p75_trade_value,7500.0,13700.0,O:NTRS250620C00110000,NTRS,C,110.0,2025-06-20,209,0,308,1.5,1747847707093000000,50,7500.0,2025-05-21,3000.0,30,True,Automatic Execution,Finance,Banks - Major Regional,107.06,107.12,105.23,105.34,65,3.8750612633917,20,5,1,0,0,0
NTRS,Finance,Banks - Major Regional,25__0,25,0.0,8. p75_trade_value,7500.0,13700.0,O:NTRS250620C00110000,NTRS,C,110.0,2025-06-20,209,0,316,1.8,1747938616616000000,48,8640.0,2025-05-22,3000.0,30,True,Automatic Execution,Finance,Banks - Major Regional,105.06,107.15,104.3,106.4,49,3.936513742478893,20,4,1,0,0,0
NTRS,Finance,Banks - Major Regional,25__0,25,0.0,8. p75_trade_value,7500.0,13700.0,O:NTRS250620C00110000,NTRS,C,110.0,2025-06-20,209,0,320,1.25,1747926464657000000,102,12750.0,2025-05-22,3000.0,30,True,Automatic Execution,Finance,Banks - Major Regional,105.06,107.15,104.3,106.4,30,4.105510184769974,20,3,1,0,0,0
NTRS,Finance,Banks - Major Regional,25__0,25,0.0,7. p90_trade_value,13800.0,19360.000000000004,O:NTRS250620C00110000,NTRS,C,110.0,2025-06-20,209,0,308,1.8,1747936330220000000,100,18000.0,2025-05-22,3000.0,30,True,Automatic Execution,Finance,Banks - Major Regional,105.06,107.15,104.3,106.4,17,4.2552725051033065,20,2,1,0,0,0
NTRS,Finance,Banks - Major Regional,25__0,25,0.0,7. p90_trade_value,13800.0,19360.000000000004,O:NTRS250620C00110000,NTRS,C,110.0,2025-06-20,227,0,323,1.36,1747927351567000000,130,17680.0,2025-05-22,3000.0,30,True,Single Leg Auction Non ISO,Finance,Banks - Major Regional,105.06,107.15,104.3,106.4,18,4.247482260677054,20,2,1,0,0,0
NTRS,Finance,Banks - Major Regional,25__0,25,0.0,8. p75_trade_value,7500.0,13700.0,O:NTRS250620C00110000,NTRS,C,110.0,2025-06-20,227,0,323,2.05,1748363399446000000,55,11274.999999999998,2025-05-27,3000.0,30,True,Single Leg Auction Non ISO,Finance,Banks - Major Regional,107.11,108.99,106.38,108.95,32,4.052116550549998,20,3,1,0,0,0
NTRS,Finance,Banks - Major Regional,25__0,25,0.0,8. p75_trade_value,7500.0,13700.0,O:NTRS250620C00110000,NTRS,C,110.0,2025-06-20,227,0,323,2.05,1748363399446000000,39,7994.999999999999,2025-05-27,3000.0,30,True,Single Leg Auction Non ISO,Finance,Banks - Major Regional,107.11,108.99,106.38,108.95,54,3.9028184680822533,20,5,1,0,0,0
NTRS,Finance,Banks - Major Regional,25__0,25,0.0,5. p99_trade_value,53200.0,57500.0,O:NTRS250620C00110000,NTRS,C,110.0,2025-06-20,227,0,323,1.75,1748358550166000000,304,53200.0,2025-05-27,3000.0,30,True,Single Leg Auction Non ISO,Finance,Banks - Major Regional,107.11,108.99,106.38,108.95,3,4.725911632295048,20,1,1,0,0,0
NTRS,Finance,Banks - Major Regional,25__0,25,0.0,7. p90_trade_value,13800.0,19360.000000000004,O:NTRS250620C00110000,NTRS,C,110.0,2025-06-20,227,0,301,1.37,1748615042234000000,115,15755.000000000002,2025-05-30,3000.0,30,True,Single Leg Auction Non ISO,Finance,Banks - Major Regional,106.82,107.28,105.2,106.74,22,4.1974184075100185,20,2,1,0,0,0
NTRS,Finance,Banks - Major Regional,25__0,25,0.0,7. p90_trade_value,13800.0,19360.000000000004,O:NTRS250620C00110000,NTRS,C,110.0,2025-06-20,227,0,301,1.37,1748615042234000000,115,15755.000000000002,2025-05-30,3000.0,30,True,Single Leg Auction Non ISO,Finance,Banks - Major Regional,106.82,107.28,105.2,106.74,21,4.1974184075100185,20,2,1,0,0,0
NTRS,Finance,Banks - Major Regional,25__0,25,0.0,8. p75_trade_value,7500.0,13700.0,O:NTRS250620C00110000,NTRS,C,110.0,2025-06-20,209,0,307,1.0,1748874128549000000,86,8600.0,2025-06-02,3000.0,30,True,Automatic Execution,Finance,Banks - Major Regional,105.98,106.64,105.08,106.31,50,3.934498451243568,20,4,1,0,0,0
NTRS,Finance,Banks - Major Regional,25__0,25,0.0,8. p75_trade_value,7500.0,13700.0,O:NTRS250620C00110000,NTRS,C,110.0,2025-06-20,227,0,323,1.1,1748872615940000000,100,11000.000000000002,2025-06-02,3000.0,30,True,Single Leg Auction Non ISO,Finance,Banks - Major Regional,105.98,106.64,105.08,106.31,34,4.041392685158225,20,3,1,0,0,0
NTRS,Finance,Banks - Major Regional,25__0,25,0.0,8. p75_trade_value,7500.0,13700.0,O:NTRS250620C00110000,NTRS,C,110.0,2025-06-20,209,0,316,1.1,1749059212937000000,104,11440.0,2025-06-04,3000.0,30,True,Automatic Execution,Finance,Banks - Major Regional,106.92,107.4499,106.09,106.1,31,4.058426024457005,20,3,1,0,0,0
NTRS,Finance,Banks - Major Regional,25__0,25,0.0,8. p75_trade_value,7500.0,13700.0,O:NTRS250620C00110000,NTRS,C,110.0,2025-06-20,209,0,316,1.05,1749059199616000000,104,10920.0,2025-06-04,3000.0,30,True,Automatic Execution,Finance,Banks - Major Regional,106.92,107.4499,106.09,106.1,37,4.038222638368718,20,3,1,0,0,0
NTRS,Finance,Banks - Major Regional,25__0,25,0.0,8. p75_trade_value,7500.0,13700.0,O:NTRS250620C00110000,NTRS,C,110.0,2025-06-20,219,0,308,1.1,1749059669362000000,100,11000.000000000002,2025-06-04,3000.0,30,True,Intermarket Sweep Order,Finance,Banks - Major Regional,106.92,107.4499,106.09,106.1,35,4.041392685158225,20,3,1,0,0,0
NTRS,Finance,Banks - Major Regional,25__0,25,0.0,8. p75_trade_value,7500.0,13700.0,O:NTRS250620C00110000,NTRS,C,110.0,2025-06-20,209,0,316,1.05,1749059212929000000,104,10920.0,2025-06-04,3000.0,30,True,Automatic Execution,Finance,Banks - Major Regional,106.92,107.4499,106.09,106.1,38,4.038222638368718,20,3,1,0,0,0
NTRS,Finance,Banks - Major Regional,25__0,25,0.0,7. p90_trade_value,13800.0,19360.000000000004,O:NTRS250620C00110000,NTRS,C,110.0,2025-06-20,209,0,316,1.05,1749059656629000000,143,15015.0,2025-06-04,3000.0,30,True,Automatic Execution,Finance,Banks - Major Regional,106.92,107.4499,106.09,106.1,24,4.176525336535,20,2,1,0,0,0
NTRS,Finance,Banks - Major Regional,25__0,25,0.0,8. p75_trade_value,7500.0,13700.0,O:NTRS250620C00110000,NTRS,C,110.0,2025-06-20,219,0,308,1.1,1749059669358000000,100,11000.000000000002,2025-06-04,3000.0,30,True,Intermarket Sweep Order,Finance,Banks - Major Regional,106.92,107.4499,106.09,106.1,36,4.041392685158225,20,3,1,0,0,0
NTRS,Finance,Banks - Major Regional,25__0,25,0.0,8. p75_trade_value,7500.0,13700.0,O:NTRS250620C00110000,NTRS,C,110.0,2025-06-20,209,0,316,1.3,1749142986180000000,61,7930.0,2025-06-05,3000.0,30,True,Automatic Execution,Finance,Banks - Major Regional,106.09,106.95,105.4266,106.47,56,3.8992731873176036,20,5,1,0,0,0
NTRS,Finance,Banks - Major Regional,25__0,25,0.0,5. p99_trade_value,53200.0,57500.0,O:NTRS250620C00110000,NTRS,C,110.0,2025-06-20,209,0,316,1.15,1749135940228000000,500,57500.0,2025-06-05,3000.0,30,True,Automatic Execution,Finance,Banks - Major Regional,106.09,106.95,105.4266,106.47,2,4.7596678446896306,20,1,1,0,0,0
NTRS,Finance,Banks - Major Regional,25__0,25,0.0,8. p75_trade_value,7500.0,13700.0,O:NTRS250620C00110000,NTRS,C,110.0,2025-06-20,227,0,307,1.09,1749135940328000000,80,8720.0,2025-06-05,3000.0,30,True,Single Leg Auction Non ISO,Finance,Banks - Major Regional,106.09,106.95,105.4266,106.47,48,3.940516484932567,20,4,1,0,0,0
NTRS,Finance,Banks - Major Regional,25__0,25,0.0,8. p75_trade_value,7500.0,13700.0,O:NTRS250620C00110000,NTRS,C,110.0,2025-06-20,209,0,308,2.0,1749485227662000000,40,8000.0,2025-06-09,3000.0,30,True,Automatic Execution,Finance,Banks - Major Regional,107.91,109.31,107.42,108.74,53,3.9030899869919438,20,5,1,0,0,0
NTRS,Finance,Banks - Major Regional,25__0,25,0.0,8. p75_trade_value,7500.0,13700.0,O:NTRS250620C00110000,NTRS,C,110.0,2025-06-20,209,0,308,2.5,1749495217762000000,31,7750.0,2025-06-09,3000.0,30,True,Automatic Execution,Finance,Banks - Major Regional,107.91,109.31,107.42,108.74,58,3.88930170250631,20,5,1,0,0,0
NTRS,Finance,Banks - Major Regional,25__0,25,0.0,8. p75_trade_value,7500.0,13700.0,O:NTRS250620C00110000,NTRS,C,110.0,2025-06-20,209,0,313,2.2,1749489667594000000,43,9460.0,2025-06-09,3000.0,30,True,Automatic Execution,Finance,Banks - Major Regional,107.91,109.31,107.42,108.74,44,3.975891136401793,20,4,1,0,0,0
NTRS,Finance,Banks - Major Regional,25__0,25,0.0,8. p75_trade_value,7500.0,13700.0,O:NTRS250620C00110000,NTRS,C,110.0,2025-06-20,209,0,308,2.5,1749495157781000000,31,7750.0,2025-06-09,3000.0,30,True,Automatic Execution,Finance,Banks - Major Regional,107.91,109.31,107.42,108.74,57,3.88930170250631,20,5,1,0,0,0
NTRS,Finance,Banks - Major Regional,25__0,25,0.0,6. p95_trade_value,21000.0,46516.99999999999,O:NTRS250620C00110000,NTRS,C,110.0,2025-06-20,227,0,323,2.57,1749498908227000000,181,46516.99999999999,2025-06-09,3000.0,30,True,Single Leg Auction Non ISO,Finance,Banks - Major Regional,107.91,109.31,107.42,108.74,4,4.667611698200479,20,1,1,0,0,0
BK,Finance,Banks - Major Regional,25__0,25,0.0,8. p75_trade_value,6559.999999999999,9750.0,O:BK240920P00065000,BK,P,65.0,2024-09-20,219,0,307,0.5,1726065427373000000,163,8150.0,2024-09-11,3000.0,30,True,Intermarket Sweep Order,Finance,Banks - Major Regional,67.23,68.18,66.0099,68.1,73,3.9111576087399764,20,4,0,0,0,1
BK,Finance,Banks - Major Regional,25__0,25,0.0,8. p75_trade_value,6559.999999999999,9750.0,O:BK240920P00065000,BK,P,65.0,2024-09-20,219,0,303,0.5,1726065427373000000,161,8050.0,2024-09-11,3000.0,30,True,Intermarket Sweep Order,Finance,Banks - Major Regional,67.23,68.18,66.0099,68.1,75,3.9057958803678687,20,4,0,0,0,1
BK,Finance,Banks - Major Regional,25__0,25,0.0,7. p90_trade_value,9825.0,14850.0,O:BK241018P00070000,BK,P,70.0,2024-10-18,209,0,316,1.32,1726840760696000000,100,13200.0,2024-09-20,3000.0,30,True,Automatic Execution,Finance,Banks - Major Regional,71.49,71.96,71.18,71.82,26,4.12057393120585,20,2,0,0,0,1
BK,Finance,Banks - Major Regional,25__0,25,0.0,7. p90_trade_value,9825.0,14850.0,O:BK241018P00070000,BK,P,70.0,2024-10-18,209,0,307,1.0,1727184930768000000,100,10000.0,2024-09-24,3000.0,30,True,Automatic Execution,Finance,Banks - Major Regional,71.75,72.23,71.3701,71.82,39,4.0,20,2,0,0,0,1
BK,Finance,Banks - Major Regional,25__0,25,0.0,7. p90_trade_value,9825.0,14850.0,O:BK241018C00072500,BK,C,72.5,2024-10-18,227,0,323,1.65,1727454069565000000,72,11880.0,2024-09-27,3000.0,30,True,Single Leg Auction Non ISO,Finance,Banks - Major Regional,71.67,72.28,71.31,71.7,34,4.074816440645175,20,2,1,1,1,0
BK,Finance,Banks - Major Regional,25__0,25,0.0,5. p99_trade_value,52650.0,74690.0,O:BK241018C00072500,BK,C,72.5,2024-10-18,232,0,304,1.29,1727796718078000000,429,55341.0,2024-10-01,3000.0,30,True,Multi Leg auto-electronic trade,Finance,Banks - Major Regional,71.68,71.74,70.85,71.11,4,4.743047002483973,20,1,1,1,1,0
BK,Finance,Banks - Major Regional,25__0,25,0.0,6. p95_trade_value,16960.0,52140.0,O:BK241018C00072500,BK,C,72.5,2024-10-18,232,0,322,1.21,1728065510175000000,155,18755.0,2024-10-04,3000.0,30,True,Multi Leg auto-electronic trade,Finance,Banks - Major Regional,71.54,72.025,71.1,71.98,22,4.273117068486742,20,1,1,1,1,0
BK,Finance,Banks - Major Regional,25__0,25,0.0,8. p75_trade_value,6559.999999999999,9750.0,O:BK241018P00067500,BK,P,67.5,2024-10-18,235,0,313,0.16,1728584313250000000,500,8000.0,2024-10-10,3000.0,30,True,Multi Leg floor trade,Finance,Banks - Major Regional,73.77,74.47,73.66,74.45,76,3.9030899869919438,20,4,0,0,0,1
BK,Finance,Banks - Major Regional,25__0,25,0.0,6. p95_trade_value,16960.0,52140.0,O:BK241018P00072500,BK,P,72.5,2024-10-18,235,0,313,0.94,1728584313250000000,250,23500.0,2024-10-10,3000.0,30,True,Multi Leg floor trade,Finance,Banks - Major Regional,73.77,74.47,73.66,74.45,11,4.371067862271736,20,1,0,0,0,1
BK,Finance,Banks - Major Regional,25__0,25,0.0,1. p999999_trade_value,102000.0,102000.0,O:BK241115C00080000,BK,C,80.0,2024-11-15,241,0,323,0.85,1729194451702000000,1200,102000.0,2024-10-17,3000.0,30,True,Stock Options Cross,Finance,Banks - Major Regional,77.71,78.03,77.38,77.75,1,5.008600171761918,20,1,1,0,0,0
BK,Finance,Banks - Major Regional,25__0,25,0.0,6. p95_trade_value,16960.0,52140.0,O:BK241115P00075000,BK,P,75.0,2024-11-15,209,0,303,1.1,1729795208470000000,280,30800.0,2024-10-24,3000.0,30,True,Automatic Execution,Finance,Banks - Major Regional,76.5,76.73,76.103,76.5,8,4.488550716500444,20,1,1,0,0,0
BK,Finance,Banks - Major Regional,25__0,25,0.0,8. p75_trade_value,6559.999999999999,9750.0,O:BK241220C00080000,BK,C,80.0,2024-12-20,231,0,301,1.35,1732206233153000000,50,6750.0,2024-11-21,3000.0,30,True,Single Leg Floor Trade,Finance,Banks - Major Regional,78.5,79.1999,78.1063,78.88,104,3.829303772831025,20,5,1,0,0,0
BK,Finance,Banks - Major Regional,25__0,25,0.0,8. p75_trade_value,6559.999999999999,9750.0,O:BK241220C00080000,BK,C,80.0,2024-12-20,209,0,319,1.4,1732206752472000000,50,7000.0,2024-11-21,3000.0,30,True,Automatic Execution,Finance,Banks - Major Regional,78.5,79.1999,78.1063,78.88,102,3.845098040014257,20,5,1,0,0,0
BK,Finance,Banks - Major Regional,25__0,25,0.0,8. p75_trade_value,6559.999999999999,9750.0,O:BK241220C00080000,BK,C,80.0,2024-12-20,231,0,301,1.4,1732206743569000000,50,7000.0,2024-11-21,3000.0,30,True,Single Leg Floor Trade,Finance,Banks - Major Regional,78.5,79.1999,78.1063,78.88,101,3.845098040014257,20,5,1,0,0,0
BK,Finance,Banks - Major Regional,25__0,25,0.0,8. p75_trade_value,6559.999999999999,9750.0,O:BK241220C00080000,BK,C,80.0,2024-12-20,219,0,307,1.25,1732205103442000000,58,7250.0,2024-11-21,3000.0,30,True,Intermarket Sweep Order,Finance,Banks - Major Regional,78.5,79.1999,78.1063,78.88,98,3.8603380065709936,20,5,1,0,0,0
BK,Finance,Banks - Major Regional,25__0,25,0.0,7. p90_trade_value,9825.0,14850.0,O:BK241220P00077500,BK,P,77.5,2024-12-20,209,0,316,1.22,1732199509870000000,100,12200.0,2024-11-21,3000.0,30,True,Automatic Execution,Finance,Banks - Major Regional,78.5,79.1999,78.1063,78.88,30,4.086359830674748,20,2,1,1,0,0
BK,Finance,Banks - Major Regional,25__0,25,0.0,8. p75_trade_value,6559.999999999999,9750.0,O:BK250117C00079000,BK,C,79.0,2025-01-17,240,0,302,1.39,1734984006678000000,66,9174.0,2024-12-23,3000.0,30,True,Stock Options auto-electronic trade,Finance,Banks - Major Regional,76.94,77.65,76.82,77.57,55,3.9625587357959637,20,3,1,1,1,0
BK,Finance,Banks - Major Regional,25__0,25,0.0,8. p75_trade_value,6559.999999999999,9750.0,O:BK250117C00078500,BK,C,78.5,2025-01-17,209,0,313,1.9,1735055589010000000,39,7409.999999999999,2024-12-24,3000.0,30,True,Automatic Execution,Finance,Banks - Major Regional,77.58,78.2969,77.33,78.05,89,3.869818207979328,20,4,1,1,1,0
BK,Finance,Banks - Major Regional,25__0,25,0.0,8. p75_trade_value,6559.999999999999,9750.0,O:BK250117C00081000,BK,C,81.0,2025-01-17,235,0,323,0.65,1735576713074000000,150,9750.0,2024-12-30,3000.0,30,True,Multi Leg floor trade,Finance,Banks - Major Regional,76.74,77.31,76.22,77.11,46,3.989004615698537,20,2,1,1,1,0
BK,Finance,Banks - Major Regional,25__0,25,0.0,7. p90_trade_value,9825.0,14850.0,O:BK250207C00080000,BK,C,80.0,2025-02-07,209,0,316,0.6,1736542719796000000,200,12000.0,2025-01-10,3000.0,30,True,Automatic Execution,Finance,Banks - Major Regional,77.4,77.85,75.39,75.42,31,4.079181246047625,20,2,1,1,1,0
BK,Finance,Banks - Major Regional,25__0,25,0.0,6. p95_trade_value,16960.0,52140.0,O:BK250117C00078000,BK,C,78.0,2025-01-17,239,0,302,0.79,1736783026818000000,660,52140.0,2025-01-13,3000.0,30,True,Multi Leg floor trade against single leg(s),Finance,Banks - Major Regional,75.15,76.14,74.91,76.11,6,4.71717102683231,20,1,1,1,1,0
BK,Finance,Banks - Major Regional,25__0,25,0.0,8. p75_trade_value,6559.999999999999,9750.0,O:BK250117C00082500,BK,C,82.5,2025-01-17,239,0,302,0.11,1736783026751000000,660,7259.999999999999,2025-01-13,3000.0,30,True,Multi Leg floor trade against single leg(s),Finance,Banks - Major Regional,75.15,76.14,74.91,76.11,97,3.8609366207000937,20,5,1,1,1,0
BK,Finance,Banks - Major Regional,25__0,25,0.0,7. p90_trade_value,9825.0,14850.0,O:BK250117P00068000,BK,P,68.0,2025-01-17,239,0,302,0.15,1736783026751000000,660,9900.0,2025-01-13,3000.0,30,True,Multi Leg floor trade against single leg(s),Finance,Banks - Major Regional,75.15,76.14,74.91,76.11,43,3.99563519459755,20,2,0,0,0,1
BK,Finance,Banks - Major Regional,25__0,25,0.0,8. p75_trade_value,6559.999999999999,9750.0,O:BK250117P00074000,BK,P,74.0,2025-01-17,219,0,316,1.05,1736781997649000000,70,7350.0,2025-01-13,3000.0,30,True,Intermarket Sweep Order,Finance,Banks - Major Regional,75.15,76.14,74.91,76.11,95,3.8662873390841948,20,5,0,0,0,1
BK,Finance,Banks - Major Regional,25__0,25,0.0,5. p99_trade_value,52650.0,74690.0,O:BK250117C00078500,BK,C,78.5,2025-01-17,234,0,300,0.7,1736881458413000000,1067,74690.0,2025-01-14,3000.0,30,True,Multi Leg Cross,Finance,Banks - Major Regional,75.97,76.74,75.72,75.94,2,4.873262459438727,20,1,1,1,1,0
BK,Finance,Banks - Major Regional,25__0,25,0.0,8. p75_trade_value,6559.999999999999,9750.0,O:BK250117P00072500,BK,P,72.5,2025-01-17,232,0,308,0.56,1736872647087000000,140,7840.000000000001,2025-01-14,3000.0,30,True,Multi Leg auto-electronic trade,Finance,Banks - Major Regional,75.97,76.74,75.72,75.94,77,3.8943160626844384,20,4,0,0,0,1
BK,Finance,Banks - Major Regional,25__0,25,0.0,8. p75_trade_value,6559.999999999999,9750.0,O:BK250117P00075000,BK,P,75.0,2025-01-17,209,0,315,1.35,1736873680441000000,57,7695.0,2025-01-14,3000.0,30,True,Automatic Execution,Finance,Banks - Major Regional,75.97,76.74,75.72,75.94,81,3.8862086241674976,20,4,0,0,0,1
BK,Finance,Banks - Major Regional,25__0,25,0.0,8. p75_trade_value,6559.999999999999,9750.0,O:BK250117P00075000,BK,P,75.0,2025-01-17,209,0,316,1.35,1736873680440000000,61,8235.0,2025-01-14,3000.0,30,True,Automatic Execution,Finance,Banks - Major Regional,75.97,76.74,75.72,75.94,72,3.9156636035057732,20,4,0,0,0,1
BK,Finance,Banks - Major Regional,25__0,25,0.0,8. p75_trade_value,6559.999999999999,9750.0,O:BK250124C00080000,BK,C,80.0,2025-01-24,233,0,302,0.54,1736872742196000000,140,7560.000000000001,2025-01-14,3000.0,30,True,Multi Leg Auction,Finance,Banks - Major Regional,75.97,76.74,75.72,75.94,83,3.878521795501207,20,4,1,1,1,0
BK,Finance,Banks - Major Regional,25__0,25,0.0,8. p75_trade_value,6559.999999999999,9750.0,O:BK250124P00072000,BK,P,72.0,2025-01-24,232,0,308,0.54,1736872647087000000,140,7560.000000000001,2025-01-14,3000.0,30,True,Multi Leg auto-electronic trade,Finance,Banks - Major Regional,75.97,76.74,75.72,75.94,82,3.878521795501207,20,4,0,0,0,1
BK,Finance,Banks - Major Regional,25__0,25,0.0,8. p75_trade_value,6559.999999999999,9750.0,O:BK250131C00077000,BK,C,77.0,2025-01-31,209,0,316,1.35,1736888095783000000,64,8640.0,2025-01-14,3000.0,30,True,Automatic Execution,Finance,Banks - Major Regional,75.97,76.74,75.72,75.94,69,3.936513742478893,20,4,1,1,1,0
BK,Finance,Banks - Major Regional,25__0,25,0.0,8. p75_trade_value,6559.999999999999,9750.0,O:BK250117C00083000,BK,C,83.0,2025-01-17,209,0,316,0.3,1736964683235000000,260,7800.0,2025-01-15,3000.0,30,True,Automatic Execution,Finance,Banks - Major Regional,79.1,82.1365,79.1,82.04,78,3.8920946026904804,20,4,1,1,1,0
BK,Finance,Banks - Major Regional,25__0,25,0.0,8. p75_trade_value,6559.999999999999,9750.0,O:BK250124C00083000,BK,C,83.0,2025-01-24,232,0,312,0.53,1736957300664000000,140,7420.0,2025-01-15,3000.0,30,True,Multi Leg auto-electronic trade,Finance,Banks - Major Regional,79.1,82.1365,79.1,82.04,88,3.870403905279027,20,4,1,1,1,0
BK,Finance,Banks - Major Regional,25__0,25,0.0,7. p90_trade_value,9825.0,14850.0,O:BK250214C00083000,BK,C,83.0,2025-02-14,209,0,316,0.95,1737047305227000000,129,12255.0,2025-01-16,3000.0,30,True,Automatic Execution,Finance,Banks - Major Regional,81.72,82.475,81.0405,82.25,29,4.088313315588096,20,2,1,1,1,0
BK,Finance,Banks - Major Regional,25__0,25,0.0,8. p75_trade_value,6559.999999999999,9750.0,O:BK250124P00082500,BK,P,82.5,2025-01-24,232,0,308,0.33,1737469837011000000,200,6600.0,2025-01-21,3000.0,30,True,Multi Leg auto-electronic trade,Finance,Banks - Major Regional,83.34,85.0,83.34,84.93,108,3.8195439355418688,20,5,0,0,0,1
BK,Finance,Banks - Major Regional,25__0,25,0.0,6. p95_trade_value,16960.0,52140.0,O:BK250221P00084000,BK,P,84.0,2025-02-21,231,0,301,1.4,1737665105117000000,160,22400.0,2025-01-23,3000.0,30,True,Single Leg Floor Trade,Finance,Banks - Major Regional,84.39,85.55,84.12,84.73,13,4.350248018334163,20,1,1,0,0,0
BK,Finance,Banks - Major Regional,25__0,25,0.0,7. p90_trade_value,9825.0,14850.0,O:BK250221C00087000,BK,C,87.0,2025-02-21,209,0,320,1.0,1737749664861000000,99,9900.0,2025-01-24,3000.0,30,True,Automatic Execution,Finance,Banks - Major Regional,84.46,86.34,84.42,85.79,44,3.99563519459755,20,2,1,1,1,0
BK,Finance,Banks - Major Regional,25__0,25,0.0,7. p90_trade_value,9825.0,14850.0,O:BK250221C00087000,BK,C,87.0,2025-02-21,209,0,320,1.0,1737748611725000000,100,10000.0,2025-01-24,3000.0,30,True,Automatic Execution,Finance,Banks - Major Regional,84.46,86.34,84.42,85.79,40,4.0,20,2,1,1,1,0
BK,Finance,Banks - Major Regional,25__0,25,0.0,7. p90_trade_value,9825.0,14850.0,O:BK250221C00087000,BK,C,87.0,2025-02-21,209,0,316,1.0,1737746246057000000,100,10000.0,2025-01-24,3000.0,30,True,Automatic Execution,Finance,Banks - Major Regional,84.46,86.34,84.42,85.79,41,4.0,20,2,1,1,1,0
BK,Finance,Banks - Major Regional,25__0,25,0.0,8. p75_trade_value,6559.999999999999,9750.0,O:BK250221C00087000,BK,C,87.0,2025-02-21,209,0,320,0.95,1737750470362000000,82,7789.999999999999,2025-01-24,3000.0,30,True,Automatic Execution,Finance,Banks - Major Regional,84.46,86.34,84.42,85.79,79,3.8915374576725643,20,4,1,1,1,0
BK,Finance,Banks - Major Regional,25__0,25,0.0,8. p75_trade_value,6559.999999999999,9750.0,O:BK250221C00087000,BK,C,87.0,2025-02-21,209,0,320,1.0,1737746246021000000,90,9000.0,2025-01-24,3000.0,30,True,Automatic Execution,Finance,Banks - Major Regional,84.46,86.34,84.42,85.79,60,3.9542425094393248,20,3,1,1,1,0
BK,Finance,Banks - Major Regional,25__0,25,0.0,7. p90_trade_value,9825.0,14850.0,O:BK250321P00085000,BK,P,85.0,2025-03-21,209,0,320,1.35,1740067618357000000,110,14850.0,2025-02-20,3000.0,30,True,Automatic Execution,Finance,Banks - Major Regional,88.5,88.53,86.02,87.16,24,4.171726453653231,20,2,1,1,1,0
BK,Finance,Banks - Major Regional,25__0,25,0.0,8. p75_trade_value,6559.999999999999,9750.0,O:BK250321P00084000,BK,P,84.0,2025-03-21,209,0,304,1.4,1740501897366000000,62,8680.0,2025-02-25,3000.0,30,True,Automatic Execution,Finance,Banks - Major Regional,88.38,88.43,85.86,86.75,68,3.938519725176492,20,3,1,1,1,0
BK,Finance,Banks - Major Regional,25__0,25,0.0,7. p90_trade_value,9825.0,14850.0,O:BK250321P00084000,BK,P,84.0,2025-03-21,209,0,300,1.4,1740501897365000000,75,10500.0,2025-02-25,3000.0,30,True,Automatic Execution,Finance,Banks - Major Regional,88.38,88.43,85.86,86.75,38,4.021189299069938,20,2,1,1,1,0
BK,Finance,Banks - Major Regional,25__0,25,0.0,8. p75_trade_value,6559.999999999999,9750.0,O:BK250321P00085000,BK,P,85.0,2025-03-21,209,0,315,1.35,1740498629179000000,70,9450.0,2025-02-25,3000.0,30,True,Automatic Execution,Finance,Banks - Major Regional,88.38,88.43,85.86,86.75,48,3.975431808509263,20,3,1,1,1,0
BK,Finance,Banks - Major Regional,25__0,25,0.0,6. p95_trade_value,16960.0,52140.0,O:BK250307C00090000,BK,C,90.0,2025-03-07,235,0,301,0.6,1740581784305000000,326,19560.0,2025-02-26,3000.0,30,True,Multi Leg floor trade,Finance,Banks - Major Regional,87.19,88.16,86.185,86.34,19,4.291368850451582,20,1,1,0,0,0
BK,Finance,Banks - Major Regional,25__0,25,0.0,8. p75_trade_value,6559.999999999999,9750.0,O:BK250321P00084000,BK,P,84.0,2025-03-21,209,0,318,1.05,1740756302740000000,63,6615.000000000001,2025-02-28,3000.0,30,True,Automatic Execution,Finance,Banks - Major Regional,87.2,88.95,87.06,88.95,107,3.82052984852352,20,5,1,1,1,0
BK,Finance,Banks - Major Regional,25__0,25,0.0,6. p95_trade_value,16960.0,52140.0,O:BK250321P00085000,BK,P,85.0,2025-03-21,209,0,300,1.3,1740756302750000000,196,25480.0,2025-02-28,3000.0,30,True,Automatic Execution,Finance,Banks - Major Regional,87.2,88.95,87.06,88.95,10,4.406199423663312,20,1,1,1,1,0
BK,Finance,Banks - Major Regional,25__0,25,0.0,6. p95_trade_value,16960.0,52140.0,O:BK250321P00085000,BK,P,85.0,2025-03-21,209,0,325,1.3,1740756302748000000,163,21190.0,2025-02-28,3000.0,30,True,Automatic Execution,Finance,Banks - Major Regional,87.2,88.95,87.06,88.95,15,4.326130956710794,20,1,1,1,1,0
BK,Finance,Banks - Major Regional,25__0,25,0.0,8. p75_trade_value,6559.999999999999,9750.0,O:BK250321P00085000,BK,P,85.0,2025-03-21,209,0,313,1.3,1740756302750000000,65,8450.0,2025-02-28,3000.0,30,True,Automatic Execution,Finance,Banks - Major Regional,87.2,88.95,87.06,88.95,70,3.926856708949692,20,4,1,1,1,0
BK,Finance,Banks - Major Regional,25__0,25,0.0,8. p75_trade_value,6559.999999999999,9750.0,O:BK250321P00086000,BK,P,86.0,2025-03-21,209,0,300,1.6,1740756302753000000,41,6560.000000000001,2025-02-28,3000.0,30,True,Automatic Execution,Finance,Banks - Major Regional,87.2,88.95,87.06,88.95,109,3.8169038393756605,20,5,1,1,1,0
BK,Finance,Banks - Major Regional,25__0,25,0.0,8. p75_trade_value,6559.999999999999,9750.0,O:BK250321P00086000,BK,P,86.0,2025-03-21,209,0,301,1.6,1740756302740000000,55,8800.0,2025-02-28,3000.0,30,True,Automatic Execution,Finance,Banks - Major Regional,87.2,88.95,87.06,88.95,65,3.9444826721501687,20,3,1,1,1,0
BK,Finance,Banks - Major Regional,25__0,25,0.0,8. p75_trade_value,6559.999999999999,9750.0,O:BK250321P00082500,BK,P,82.5,2025-03-21,209,0,316,1.0,1741114742146000000,74,7400.0,2025-03-04,3000.0,30,True,Automatic Execution,Finance,Banks - Major Regional,87.44,87.87,84.3,85.54,92,3.8692317197309762,20,5,1,0,0,0
BK,Finance,Banks - Major Regional,25__0,25,0.0,8. p75_trade_value,6559.999999999999,9750.0,O:BK250321P00082500,BK,P,82.5,2025-03-21,209,0,316,1.0,1741114745386000000,74,7400.0,2025-03-04,3000.0,30,True,Automatic Execution,Finance,Banks - Major Regional,87.44,87.87,84.3,85.54,93,3.8692317197309762,20,5,1,0,0,0
BK,Finance,Banks - Major Regional,25__0,25,0.0,8. p75_trade_value,6559.999999999999,9750.0,O:BK250321P00082500,BK,P,82.5,2025-03-21,209,0,316,1.0,1741114743279000000,73,7300.0,2025-03-04,3000.0,30,True,Automatic Execution,Finance,Banks - Major Regional,87.44,87.87,84.3,85.54,96,3.863322860120456,20,5,1,0,0,0
BK,Finance,Banks - Major Regional,25__0,25,0.0,6. p95_trade_value,16960.0,52140.0,O:BK250321P00082500,BK,P,82.5,2025-03-21,209,0,316,1.25,1741108111733000000,153,19125.0,2025-03-04,3000.0,30,True,Automatic Execution,Finance,Banks - Major Regional,87.44,87.87,84.3,85.54,20,4.2816014438256556,20,1,1,0,0,0
BK,Finance,Banks - Major Regional,25__0,25,0.0,6. p95_trade_value,16960.0,52140.0,O:BK250321P00082500,BK,P,82.5,2025-03-21,209,0,316,1.25,1741108578601000000,184,23000.0,2025-03-04,3000.0,30,True,Automatic Execution,Finance,Banks - Major Regional,87.44,87.87,84.3,85.54,12,4.361727836017593,20,1,1,0,0,0
BK,Finance,Banks - Major Regional,25__0,25,0.0,8. p75_trade_value,6559.999999999999,9750.0,O:BK250321P00082500,BK,P,82.5,2025-03-21,209,0,316,1.25,1741108108414000000,75,9375.0,2025-03-04,3000.0,30,True,Automatic Execution,Finance,Banks - Major Regional,87.44,87.87,84.3,85.54,51,3.9719712763997563,20,3,1,0,0,0
BK,Finance,Banks - Major Regional,25__0,25,0.0,8. p75_trade_value,6559.999999999999,9750.0,O:BK250321P00082500,BK,P,82.5,2025-03-21,209,0,316,1.0,1741114742669000000,75,7500.0,2025-03-04,3000.0,30,True,Automatic Execution,Finance,Banks - Major Regional,87.44,87.87,84.3,85.54,87,3.8750612633917,20,4,1,0,0,0
BK,Finance,Banks - Major Regional,25__0,25,0.0,8. p75_trade_value,6559.999999999999,9750.0,O:BK250321P00082500,BK,P,82.5,2025-03-21,209,0,316,1.0,1741114743940000000,75,7500.0,2025-03-04,3000.0,30,True,Automatic Execution,Finance,Banks - Major Regional,87.44,87.87,84.3,85.54,86,3.8750612633917,20,4,1,0,0,0
BK,Finance,Banks - Major Regional,25__0,25,0.0,8. p75_trade_value,6559.999999999999,9750.0,O:BK250321P00082500,BK,P,82.5,2025-03-21,209,0,316,1.25,1741108109035000000,75,9375.0,2025-03-04,3000.0,30,True,Automatic Execution,Finance,Banks - Major Regional,87.44,87.87,84.3,85.54,50,3.9719712763997563,20,3,1,0,0,0
BK,Finance,Banks - Major Regional,25__0,25,0.0,8. p75_trade_value,6559.999999999999,9750.0,O:BK250321P00082500,BK,P,82.5,2025-03-21,209,0,313,1.25,1741108083172000000,70,8750.0,2025-03-04,3000.0,30,True,Automatic Execution,Finance,Banks - Major Regional,87.44,87.87,84.3,85.54,67,3.942008053022313,20,3,1,0,0,0
BK,Finance,Banks - Major Regional,25__0,25,0.0,8. p75_trade_value,6559.999999999999,9750.0,O:BK250321P00082500,BK,P,82.5,2025-03-21,209,0,316,1.25,1741108114439000000,75,9375.0,2025-03-04,3000.0,30,True,Automatic Execution,Finance,Banks - Major Regional,87.44,87.87,84.3,85.54,49,3.9719712763997563,20,3,1,0,0,0
BK,Finance,Banks - Major Regional,25__0,25,0.0,8. p75_trade_value,6559.999999999999,9750.0,O:BK250321P00082500,BK,P,82.5,2025-03-21,209,0,316,1.25,1741108114439000000,74,9250.0,2025-03-04,3000.0,30,True,Automatic Execution,Finance,Banks - Major Regional,87.44,87.87,84.3,85.54,54,3.9661417327390325,20,3,1,0,0,0
BK,Finance,Banks - Major Regional,25__0,25,0.0,8. p75_trade_value,6559.999999999999,9750.0,O:BK250321P00082500,BK,P,82.5,2025-03-21,209,0,316,1.25,1741108103675000000,75,9375.0,2025-03-04,3000.0,30,True,Automatic Execution,Finance,Banks - Major Regional,87.44,87.87,84.3,85.54,52,3.9719712763997563,20,3,1,0,0,0
BK,Finance,Banks - Major Regional,25__0,25,0.0,8. p75_trade_value,6559.999999999999,9750.0,O:BK250321P00082500,BK,P,82.5,2025-03-21,209,0,309,1.0,1741186650557000000,74,7400.0,2025-03-05,3000.0,30,True,Automatic Execution,Finance,Banks - Major Regional,85.66,87.18,85.1836,86.56,91,3.8692317197309762,20,5,1,0,0,0
BK,Finance,Banks - Major Regional,25__0,25,0.0,8. p75_trade_value,6559.999999999999,9750.0,O:BK250321P00082500,BK,P,82.5,2025-03-21,209,0,316,1.0,1741188126599000000,74,7400.0,2025-03-05,3000.0,30,True,Automatic Execution,Finance,Banks - Major Regional,85.66,87.18,85.1836,86.56,90,3.8692317197309762,20,4,1,0,0,0
BK,Finance,Banks - Major Regional,25__0,25,0.0,7. p90_trade_value,9825.0,14850.0,O:BK250321P00084000,BK,P,84.0,2025-03-21,209,0,307,1.25,1741197133174000000,102,12750.0,2025-03-05,3000.0,30,True,Automatic Execution,Finance,Banks - Major Regional,85.66,87.18,85.1836,86.56,28,4.105510184769974,20,2,1,1,1,0
BK,Finance,Banks - Major Regional,25__0,25,0.0,8. p75_trade_value,6559.999999999999,9750.0,O:BK250321P00084000,BK,P,84.0,2025-03-21,209,0,322,1.25,1741197133178000000,76,9500.0,2025-03-05,3000.0,30,True,Automatic Execution,Finance,Banks - Major Regional,85.66,87.18,85.1836,86.56,47,3.9777236052888476,20,3,1,1,1,0
BK,Finance,Banks - Major Regional,25__0,25,0.0,6. p95_trade_value,16960.0,52140.0,O:BK250321P00085000,BK,P,85.0,2025-03-21,209,0,316,1.6,1741186028798000000,124,19840.0,2025-03-05,3000.0,30,True,Automatic Execution,Finance,Banks - Major Regional,85.66,87.18,85.1836,86.56,17,4.29754166781816,20,1,1,1,1,0
BK,Finance,Banks - Major Regional,25__0,25,0.0,8. p75_trade_value,6559.999999999999,9750.0,O:BK250321P00085000,BK,P,85.0,2025-03-21,209,0,316,1.6,1741186008703000000,43,6880.0,2025-03-05,3000.0,30,True,Automatic Execution,Finance,Banks - Major Regional,85.66,87.18,85.1836,86.56,103,3.837588438235511,20,5,1,1,1,0
BK,Finance,Banks - Major Regional,25__0,25,0.0,8. p75_trade_value,6559.999999999999,9750.0,O:BK250321P00085000,BK,P,85.0,2025-03-21,209,0,302,1.6,1741186028798000000,46,7360.000000000001,2025-03-05,3000.0,30,True,Automatic Execution,Finance,Banks - Major Regional,85.66,87.18,85.1836,86.56,94,3.866877814337499,20,5,1,1,1,0
BK,Finance,Banks - Major Regional,25__0,25,0.0,8. p75_trade_value,6559.999999999999,9750.0,O:BK250321P00085000,BK,P,85.0,2025-03-21,209,0,316,1.6,1741186027376000000,41,6560.000000000001,2025-03-05,3000.0,30,True,Automatic Execution,Finance,Banks - Major Regional,85.66,87.18,85.1836,86.56,110,3.8169038393756605,20,5,1,1,1,0
BK,Finance,Banks - Major Regional,25__0,25,0.0,8. p75_trade_value,6559.999999999999,9750.0,O:BK250321P00085000,BK,P,85.0,2025-03-21,209,0,313,1.3,1741207504654000000,69,8970.0,2025-03-05,3000.0,30,True,Automatic Execution,Finance,Banks - Major Regional,85.66,87.18,85.1836,86.56,61,3.952792443044092,20,3,1,1,1,0
BK,Finance,Banks - Major Regional,25__0,25,0.0,8. p75_trade_value,6559.999999999999,9750.0,O:BK250321P00085000,BK,P,85.0,2025-03-21,209,0,312,1.6,1741186028798000000,58,9280.000000000002,2025-03-05,3000.0,30,True,Automatic Execution,Finance,Banks - Major Regional,85.66,87.18,85.1836,86.56,53,3.9675479762188623,20,3,1,1,1,0
BK,Finance,Banks - Major Regional,25__0,25,0.0,7. p90_trade_value,9825.0,14850.0,O:BK250321P00085000,BK,P,85.0,2025-03-21,209,0,307,1.75,1741190631611000000,73,12775.0,2025-03-05,3000.0,30,True,Automatic Execution,Finance,Banks - Major Regional,85.66,87.18,85.1836,86.56,27,4.10636090880675,20,2,1,1,1,0
BK,Finance,Banks - Major Regional,25__0,25,0.0,7. p90_trade_value,9825.0,14850.0,O:BK250321P00085000,BK,P,85.0,2025-03-21,209,0,325,1.31,1741206913095000000,75,9825.0,2025-03-05,3000.0,30,True,Automatic Execution,Finance,Banks - Major Regional,85.66,87.18,85.1836,86.56,45,3.992332559047464,20,2,1,1,1,0
BK,Finance,Banks - Major Regional,25__0,25,0.0,8. p75_trade_value,6559.999999999999,9750.0,O:BK250321P00085000,BK,P,85.0,2025-03-21,209,0,307,1.75,1741190645327000000,38,6650.0,2025-03-05,3000.0,30,True,Automatic Execution,Finance,Banks - Major Regional,85.66,87.18,85.1836,86.56,106,3.8228216453031045,20,5,1,1,1,0
BK,Finance,Banks - Major Regional,25__0,25,0.0,7. p90_trade_value,9825.0,14850.0,O:BK250321P00080000,BK,P,80.0,2025-03-21,209,0,320,0.75,1741288863241000000,151,11325.0,2025-03-06,3000.0,30,True,Automatic Execution,Finance,Banks - Major Regional,85.53,86.05,83.9705,84.69,36,4.05403821068487,20,2,1,0,0,0
BK,Finance,Banks - Major Regional,25__0,25,0.0,6. p95_trade_value,16960.0,52140.0,O:BK250321P00080000,BK,P,80.0,2025-03-21,209,0,313,0.75,1741288863258000000,262,19650.0,2025-03-06,3000.0,30,True,Automatic Execution,Finance,Banks - Major Regional,85.53,86.05,83.9705,84.69,18,4.293362554711446,20,1,1,0,0,0
BK,Finance,Banks - Major Regional,25__0,25,0.0,7. p90_trade_value,9825.0,14850.0,O:BK250321P00080000,BK,P,80.0,2025-03-21,209,0,316,0.8,1741272167114000000,174,13920.000000000002,2025-03-06,3000.0,30,True,Automatic Execution,Finance,Banks - Major Regional,85.53,86.05,83.9705,84.69,25,4.143639235274543,20,2,1,0,0,0
BK,Finance,Banks - Major Regional,25__0,25,0.0,8. p75_trade_value,6559.999999999999,9750.0,O:BK250321P00082500,BK,P,82.5,2025-03-21,209,0,316,1.2,1741271799051000000,63,7559.999999999999,2025-03-06,3000.0,30,True,Automatic Execution,Finance,Banks - Major Regional,85.53,86.05,83.9705,84.69,84,3.8785217955012063,20,4,1,0,0,0
BK,Finance,Banks - Major Regional,25__0,25,0.0,8. p75_trade_value,6559.999999999999,9750.0,O:BK250321P00082500,BK,P,82.5,2025-03-21,209,0,316,1.2,1741271804457000000,63,7559.999999999999,2025-03-06,3000.0,30,True,Automatic Execution,Finance,Banks - Major Regional,85.53,86.05,83.9705,84.69,85,3.8785217955012063,20,4,1,0,0,0
BK,Finance,Banks - Major Regional,25__0,25,0.0,8. p75_trade_value,6559.999999999999,9750.0,O:BK250321C00087500,BK,C,87.5,2025-03-21,232,0,308,1.43,1741616296461000000,63,9008.999999999998,2025-03-10,3000.0,30,True,Multi Leg auto-electronic trade,Finance,Banks - Major Regional,83.85,86.58,83.3647,84.24,59,3.9546765869186435,20,3,0,0,0,1
BK,Finance,Banks - Major Regional,25__0,25,0.0,8. p75_trade_value,6559.999999999999,9750.0,O:BK250321C00087500,BK,C,87.5,2025-03-21,232,0,308,1.43,1741616296356000000,64,9152.0,2025-03-10,3000.0,30,True,Multi Leg auto-electronic trade,Finance,Banks - Major Regional,83.85,86.58,83.3647,84.24,57,3.961516011448949,20,3,0,0,0,1
BK,Finance,Banks - Major Regional,25__0,25,0.0,8. p75_trade_value,6559.999999999999,9750.0,O:BK250321C00087500,BK,C,87.5,2025-03-21,232,0,308,1.4,1741616296040000000,64,8960.0,2025-03-10,3000.0,30,True,Multi Leg auto-electronic trade,Finance,Banks - Major Regional,83.85,86.58,83.3647,84.24,62,3.9523080096621253,20,3,0,0,0,1
BK,Finance,Banks - Major Regional,25__0,25,0.0,8. p75_trade_value,6559.999999999999,9750.0,O:BK250321C00087500,BK,C,87.5,2025-03-21,232,0,308,1.43,1741616296251000000,64,9152.0,2025-03-10,3000.0,30,True,Multi Leg auto-electronic trade,Finance,Banks - Major Regional,83.85,86.58,83.3647,84.24,56,3.961516011448949,20,3,0,0,0,1
BK,Finance,Banks - Major Regional,25__0,25,0.0,8. p75_trade_value,6559.999999999999,9750.0,O:BK250321C00087500,BK,C,87.5,2025-03-21,232,0,308,1.42,1741616296145000000,64,9088.0,2025-03-10,3000.0,30,True,Multi Leg auto-electronic trade,Finance,Banks - Major Regional,83.85,86.58,83.3647,84.24,58,3.958468318366944,20,3,0,0,0,1
BK,Finance,Banks - Major Regional,25__0,25,0.0,8. p75_trade_value,6559.999999999999,9750.0,O:BK250417C00085000,BK,C,85.0,2025-04-17,209,0,316,1.94,1742392090626000000,40,7759.999999999999,2025-03-19,3000.0,30,True,Automatic Execution,Finance,Banks - Major Regional,82.8,84.44,82.19,83.9,80,3.8898617212581885,20,4,1,0,0,0
BK,Finance,Banks - Major Regional,25__0,25,0.0,8. p75_trade_value,6559.999999999999,9750.0,O:BK250417C00085000,BK,C,85.0,2025-04-17,209,0,325,2.05,1742568959204000000,32,6559.999999999999,2025-03-21,3000.0,30,True,Automatic Execution,Finance,Banks - Major Regional,83.62,84.135,82.67,83.55,111,3.81690383937566,20,5,1,0,0,0
BK,Finance,Banks - Major Regional,25__0,25,0.0,5. p99_trade_value,52650.0,74690.0,O:BK250417C00090000,BK,C,90.0,2025-04-17,242,0,323,0.75,1742919890515000000,950,71250.0,2025-03-25,3000.0,30,True,Stock Options floor trade,Finance,Banks - Major Regional,85.15,85.95,84.59,85.25,3,4.852784868680548,20,1,0,0,0,1
BK,Finance,Banks - Major Regional,25__0,25,0.0,8. p75_trade_value,6559.999999999999,9750.0,O:BK250417C00087000,BK,C,87.0,2025-04-17,232,0,300,1.24,1743525109986000000,54,6695.999999999999,2025-04-01,3000.0,30,True,Multi Leg auto-electronic trade,Finance,Banks - Major Regional,83.73,84.1499,82.585,83.77,105,3.8258154449852033,20,5,0,0,0,1
BK,Finance,Banks - Major Regional,25__0,25,0.0,6. p95_trade_value,16960.0,52140.0,O:BK250417P00080000,BK,P,80.0,2025-04-17,209,0,313,1.05,1743623904913000000,206,21630.0,2025-04-02,3000.0,30,True,Automatic Execution,Finance,Banks - Major Regional,83.01,84.55,82.56,84.22,14,4.3350565194390915,20,1,1,1,1,0
BK,Finance,Banks - Major Regional,25__0,25,0.0,8. p75_trade_value,6559.999999999999,9750.0,O:BK250417P00080000,BK,P,80.0,2025-04-17,209,0,323,1.05,1743623904913000000,69,7245.0,2025-04-02,3000.0,30,True,Automatic Execution,Finance,Banks - Major Regional,83.01,84.55,82.56,84.22,99,3.8600383898071935,20,5,1,1,1,0
BK,Finance,Banks - Major Regional,25__0,25,0.0,8. p75_trade_value,6559.999999999999,9750.0,O:BK250417C00082500,BK,C,82.5,2025-04-17,232,0,308,1.39,1743773761061000000,64,8896.0,2025-04-04,3000.0,30,True,Multi Leg auto-electronic trade,Finance,Banks - Major Regional,77.04,78.73,72.93,73.31,63,3.949194774237982,20,3,0,0,0,1
BK,Finance,Banks - Major Regional,25__0,25,0.0,8. p75_trade_value,6559.999999999999,9750.0,O:BK250417C00082500,BK,C,82.5,2025-04-17,232,0,308,1.39,1743773760956000000,64,8896.0,2025-04-04,3000.0,30,True,Multi Leg auto-electronic trade,Finance,Banks - Major Regional,77.04,78.73,72.93,73.31,64,3.949194774237982,20,3,0,0,0,1
BK,Finance,Banks - Major Regional,25__0,25,0.0,8. p75_trade_value,6559.999999999999,9750.0,O:BK250417C00082500,BK,C,82.5,2025-04-17,232,0,308,1.45,1743773760849000000,57,8265.0,2025-04-04,3000.0,30,True,Multi Leg auto-electronic trade,Finance,Banks - Major Regional,77.04,78.73,72.93,73.31,71,3.9172428579074663,20,4,0,0,0,1
BK,Finance,Banks - Major Regional,25__0,25,0.0,8. p75_trade_value,6559.999999999999,9750.0,O:BK250417C00082500,BK,C,82.5,2025-04-17,232,0,308,1.39,1743773761167000000,63,8757.0,2025-04-04,3000.0,30,True,Multi Leg auto-electronic trade,Finance,Banks - Major Regional,77.04,78.73,72.93,73.31,66,3.9423553497076766,20,3,0,0,0,1
BK,Finance,Banks - Major Regional,25__0,25,0.0,6. p95_trade_value,16960.0,52140.0,O:BK250425P00069000,BK,P,69.0,2025-04-25,209,0,313,2.65,1743791988519000000,64,16960.0,2025-04-04,3000.0,30,True,Automatic Execution,Finance,Banks - Major Regional,77.04,78.73,72.93,73.31,23,4.229425847920695,20,1,0,0,0,1
BK,Finance,Banks - Major Regional,25__0,25,0.0,6. p95_trade_value,16960.0,52140.0,O:BK250425P00072000,BK,P,72.0,2025-04-25,209,0,301,3.2,1743781240569000000,64,20480.0,2025-04-04,3000.0,30,True,Automatic Execution,Finance,Banks - Major Regional,77.04,78.73,72.93,73.31,16,4.311329952303793,20,1,1,0,0,0
BK,Finance,Banks - Major Regional,25__0,25,0.0,7. p90_trade_value,9825.0,14850.0,O:BK250425P00072000,BK,P,72.0,2025-04-25,209,0,318,3.2,1743781240564000000,31,9920.0,2025-04-04,3000.0,30,True,Automatic Execution,Finance,Banks - Major Regional,77.04,78.73,72.93,73.31,42,3.9965116721541785,20,2,1,0,0,0
BK,Finance,Banks - Major Regional,25__0,25,0.0,7. p90_trade_value,9825.0,14850.0,O:BK250502P00071000,BK,P,71.0,2025-05-02,209,0,316,3.5,1743793860010000000,34,11900.0,2025-04-04,3000.0,30,True,Automatic Execution,Finance,Banks - Major Regional,77.04,78.73,72.93,73.31,33,4.075546961392531,20,2,1,0,0,0
BK,Finance,Banks - Major Regional,25__0,25,0.0,7. p90_trade_value,9825.0,14850.0,O:BK250411P00065000,BK,P,65.0,2025-04-11,209,0,325,0.17,1744314928391000000,700,11900.000000000002,2025-04-10,3000.0,30,True,Automatic Execution,Finance,Banks - Major Regional,77.63,78.52,74.63,76.61,32,4.075546961392531,20,2,0,0,0,1
BK,Finance,Banks - Major Regional,25__0,25,0.0,8. p75_trade_value,6559.999999999999,9750.0,O:BK250516C00082500,BK,C,82.5,2025-05-16,209,0,319,0.65,1744828715992000000,124,8060.000000000001,2025-04-16,3000.0,30,True,Automatic Execution,Finance,Banks - Major Regional,77.68,77.832,75.21,75.73,74,3.906335041805091,20,4,1,1,1,0
BK,Finance,Banks - Major Regional,25__0,25,0.0,8. p75_trade_value,6559.999999999999,9750.0,O:BK250516P00075000,BK,P,75.0,2025-05-16,209,0,308,2.8,1744826404396000000,25,7000.0,2025-04-16,3000.0,30,True,Automatic Execution,Finance,Banks - Major Regional,77.68,77.832,75.21,75.73,100,3.845098040014257,20,5,1,0,0,0
BK,Finance,Banks - Major Regional,25__0,25,0.0,6. p95_trade_value,16960.0,52140.0,O:BK250516P00075000,BK,P,75.0,2025-05-16,209,0,300,2.8,1744826378780000000,67,18760.0,2025-04-16,3000.0,30,True,Automatic Execution,Finance,Banks - Major Regional,77.68,77.832,75.21,75.73,21,4.273232834043045,20,1,1,0,0,0
BK,Finance,Banks - Major Regional,25__0,25,0.0,5. p99_trade_value,52650.0,74690.0,O:BK250516C00077500,BK,C,77.5,2025-05-16,209,0,303,1.95,1744897781092000000,270,52650.0,2025-04-17,3000.0,30,True,Automatic Execution,Finance,Banks - Major Regional,75.95,77.4997,75.26,76.34,5,4.721398375521505,20,1,1,1,1,0
BK,Finance,Banks - Major Regional,25__0,25,0.0,7. p90_trade_value,9825.0,14850.0,O:BK250516C00081000,BK,C,81.0,2025-05-16,209,0,301,0.5,1745420711143000000,233,11650.0,2025-04-23,3000.0,30,True,Automatic Execution,Finance,Banks - Major Regional,77.91,79.68,77.48,77.73,35,4.066325925362038,20,2,1,1,1,0
BK,Finance,Banks - Major Regional,25__0,25,0.0,6. p95_trade_value,16960.0,52140.0,O:BK250516C00081000,BK,C,81.0,2025-05-16,231,0,301,1.1,1745425692091000000,411,45210.0,2025-04-23,3000.0,30,True,Single Leg Floor Trade,Finance,Banks - Major Regional,77.91,79.68,77.48,77.73,7,4.655234507034295,20,1,1,1,1,0
BK,Finance,Banks - Major Regional,25__0,25,0.0,7. p90_trade_value,9825.0,14850.0,O:BK250530P00088000,BK,P,88.0,2025-05-30,209,0,308,0.3,1748526464947000000,357,10710.0,2025-05-29,3000.0,30,True,Automatic Execution,Finance,Banks - Major Regional,89.35,89.87,88.52,89.07,37,4.029789470831855,20,2,1,1,0,0
BK,Finance,Banks - Major Regional,25__0,25,0.0,6. p95_trade_value,16960.0,52140.0,O:BK250606P00087000,BK,P,87.0,2025-06-06,235,0,313,0.55,1748626160623000000,500,27500.0,2025-05-30,3000.0,30,True,Multi Leg floor trade,Finance,Banks - Major Regional,88.8,88.845,87.96,88.61,9,4.439332693830263,20,1,0,0,0,1
UBS,Finance,Banks - Foreign,25__0,25,0.0,8. p75_trade_value,7738.000000000001,11850.0,O:UBS240920P00028000,UBS,P,28.0,2024-09-20,209,0,313,0.25,1725634200506000000,376,9400.0,2024-09-06,3000.0,30,True,Automatic Execution,Finance,Banks - Foreign,29.28,29.4,28.53,28.53,33,3.9731278535996988,20,4,0,0,0,1
UBS,Finance,Banks - Foreign,25__0,25,0.0,8. p75_trade_value,7738.000000000001,11850.0,O:UBS241101C00033000,UBS,C,33.0,2024-11-01,209,0,308,0.4,1728321925115000000,250,10000.0,2024-10-07,3000.0,30,True,Automatic Execution,Finance,Banks - Foreign,31.41,31.52,31.17,31.31,28,4.0,20,3,0,0,0,1
UBS,Finance,Banks - Foreign,25__0,25,0.0,8. p75_trade_value,7738.000000000001,11850.0,O:UBS241115P00031000,UBS,P,31.0,2024-11-15,209,0,313,0.6,1729710858483000000,143,8580.0,2024-10-23,3000.0,30,True,Automatic Execution,Finance,Banks - Foreign,32.13,32.19,31.765,31.95,41,3.9334872878487053,20,5,1,0,0,0
UBS,Finance,Banks - Foreign,25__0,25,0.0,8. p75_trade_value,7738.000000000001,11850.0,O:UBS241115C00033000,UBS,C,33.0,2024-11-15,209,0,313,0.87,1730219100109000000,91,7917.0,2024-10-29,3000.0,30,True,Automatic Execution,Finance,Banks - Foreign,32.79,32.895,32.595,32.82,46,3.898560644939712,20,5,1,0,0,0
UBS,Finance,Banks - Foreign,25__0,25,0.0,8. p75_trade_value,7738.000000000001,11850.0,O:UBS241115C00033500,UBS,C,33.5,2024-11-15,209,0,313,0.15,1730903417434000000,764,11460.0,2024-11-06,3000.0,30,True,Automatic Execution,Finance,Banks - Foreign,32.54,33.08,32.38,33.02,24,4.059184617631371,20,3,0,0,0,1
UBS,Finance,Banks - Foreign,25__0,25,0.0,7. p90_trade_value,11880.0,30000.0,O:UBS241220C00030000,UBS,C,30.0,2024-12-20,209,0,313,0.25,1734620045285000000,853,21325.0,2024-12-19,3000.0,30,True,Automatic Execution,Finance,Banks - Foreign,29.92,29.985,29.73,29.81,13,4.32888903983956,20,2,1,1,0,0
UBS,Finance,Banks - Foreign,25__0,25,0.0,7. p90_trade_value,11880.0,30000.0,O:UBS250117C00033000,UBS,C,33.0,2025-01-17,209,0,313,0.2,1736173811904000000,708,14160.0,2025-01-06,3000.0,30,True,Automatic Execution,Finance,Banks - Foreign,32.12,32.355,31.965,32.05,16,4.15106325335375,20,2,1,1,1,0
UBS,Finance,Banks - Foreign,25__0,25,0.0,8. p75_trade_value,7738.000000000001,11850.0,O:UBS250207C00036000,UBS,C,36.0,2025-02-07,209,0,313,0.77,1738093482884000000,119,9163.0,2025-01-28,3000.0,30,True,Automatic Execution,Finance,Banks - Foreign,35.36,35.76,35.265,35.72,37,3.9620376865650124,20,4,0,0,0,1
UBS,Finance,Banks - Foreign,25__0,25,0.0,8. p75_trade_value,7738.000000000001,11850.0,O:UBS250207P00033000,UBS,P,33.0,2025-02-07,209,0,315,0.16,1738615967915000000,599,9584.0,2025-02-03,3000.0,30,True,Automatic Execution,Finance,Banks - Foreign,34.33,35.04,34.29,34.94,30,3.981546805045236,20,3,1,0,0,0
UBS,Finance,Banks - Foreign,25__0,25,0.0,8. p75_trade_value,7738.000000000001,11850.0,O:UBS250321C00035000,UBS,C,35.0,2025-03-21,209,0,313,0.41,1740517198192000000,231,9471.0,2025-02-25,3000.0,30,True,Automatic Execution,Finance,Banks - Foreign,33.93,34.065,33.275,33.96,32,3.97639583661188,20,4,1,0,0,0
UBS,Finance,Banks - Foreign,25__0,25,0.0,8. p75_trade_value,7738.000000000001,11850.0,O:UBS250321P00033500,UBS,P,33.5,2025-03-21,209,0,313,0.53,1740598357990000000,146,7738.000000000001,2025-02-26,3000.0,30,True,Automatic Execution,Finance,Banks - Foreign,34.07,34.43,34.01,34.23,47,3.8886287253852263,20,5,1,1,1,0
UBS,Finance,Banks - Foreign,25__0,25,0.0,6. p95_trade_value,36905.0,115020.0,O:UBS250321P00031000,UBS,P,31.0,2025-03-21,209,0,313,0.7,1741633479366000000,1035,72450.0,2025-03-10,3000.0,30,True,Automatic Execution,Finance,Banks - Foreign,32.735,32.86,31.645,31.88,5,4.860038389807193,20,1,0,0,0,1
UBS,Finance,Banks - Foreign,25__0,25,0.0,8. p75_trade_value,7738.000000000001,11850.0,O:UBS250417P00032500,UBS,P,32.5,2025-04-17,209,0,313,0.89,1742320758861000000,127,11303.0,2025-03-18,3000.0,30,True,Automatic Execution,Finance,Banks - Foreign,33.64,34.195,33.47,33.85,25,4.05319372760087,20,3,1,1,1,0
UBS,Finance,Banks - Foreign,25__0,25,0.0,6. p95_trade_value,36905.0,115020.0,O:UBS250417P00030000,UBS,P,30.0,2025-04-17,209,0,313,0.9,1743445756593000000,419,37710.0,2025-03-31,3000.0,30,True,Automatic Execution,Finance,Banks - Foreign,30.435,30.755,30.1393,30.63,9,4.57645653240562,20,1,1,1,1,0
UBS,Finance,Banks - Foreign,25__0,25,0.0,6. p95_trade_value,36905.0,115020.0,O:UBS250417P00027500,UBS,P,27.5,2025-04-17,209,0,313,0.9,1743708776310000000,1278,115020.0,2025-04-03,3000.0,30,True,Automatic Execution,Finance,Banks - Foreign,28.83,28.98,28.175,28.22,3,5.060773363261706,20,1,1,0,0,0
UBS,Finance,Banks - Foreign,25__0,25,0.0,7. p90_trade_value,11880.0,30000.0,O:UBS250417P00027500,UBS,P,27.5,2025-04-17,209,0,301,0.9,1743708776316000000,132,11880.0,2025-04-03,3000.0,30,True,Automatic Execution,Finance,Banks - Foreign,28.83,28.98,28.175,28.22,19,4.074816440645175,20,2,1,0,0,0
UBS,Finance,Banks - Foreign,25__0,25,0.0,5. p99_trade_value,146969.99999999997,146969.99999999997,O:UBS250417P00028000,UBS,P,28.0,2025-04-17,209,0,313,1.15,1743708776310000000,1278,146969.99999999997,2025-04-03,3000.0,30,True,Automatic Execution,Finance,Banks - Foreign,28.83,28.98,28.175,28.22,2,5.167228694175993,20,1,1,1,1,0
UBS,Finance,Banks - Foreign,25__0,25,0.0,8. p75_trade_value,7738.000000000001,11850.0,O:UBS250417P00027500,UBS,P,27.5,2025-04-17,209,0,316,1.1,1744378743806000000,97,10670.0,2025-04-11,3000.0,30,True,Automatic Execution,Finance,Banks - Foreign,27.74,28.63,27.68,28.44,27,4.02816441942447,20,3,0,0,0,1
UBS,Finance,Banks - Foreign,25__0,25,0.0,8. p75_trade_value,7738.000000000001,11850.0,O:UBS250502C00030500,UBS,C,30.5,2025-05-02,209,0,316,0.45,1745506127841000000,257,11565.0,2025-04-24,3000.0,30,True,Automatic Execution,Finance,Banks - Foreign,29.42,29.85,29.33,29.81,22,4.063145637106638,20,3,1,1,1,0
UBS,Finance,Banks - Foreign,25__0,25,0.0,7. p90_trade_value,11880.0,30000.0,O:UBS250502C00030500,UBS,C,30.5,2025-05-02,209,0,316,0.45,1745505461401000000,264,11880.0,2025-04-24,3000.0,30,True,Automatic Execution,Finance,Banks - Foreign,29.42,29.85,29.33,29.81,20,4.074816440645175,20,2,1,1,1,0
UBS,Finance,Banks - Foreign,25__0,25,0.0,8. p75_trade_value,7738.000000000001,11850.0,O:UBS250530C00032000,UBS,C,32.0,2025-05-30,227,0,323,0.49,1746730380923000000,166,8134.0,2025-05-08,3000.0,30,True,Single Leg Auction Non ISO,Finance,Banks - Foreign,31.25,31.405,31.03,31.08,42,3.910304168068569,20,5,1,0,0,0
UBS,Finance,Banks - Foreign,25__0,25,0.0,8. p75_trade_value,7738.000000000001,11850.0,O:UBS250530C00032000,UBS,C,32.0,2025-05-30,209,0,320,0.5,1746730380817000000,185,9250.0,2025-05-08,3000.0,30,True,Automatic Execution,Finance,Banks - Foreign,31.25,31.405,31.03,31.08,36,3.9661417327390325,20,4,1,0,0,0
UBS,Finance,Banks - Foreign,25__0,25,0.0,6. p95_trade_value,36905.0,115020.0,O:UBS250620C00032500,UBS,C,32.5,2025-06-20,209,0,313,0.8,1748352612267000000,650,52000.0,2025-05-27,3000.0,30,True,Automatic Execution,Finance,Banks - Foreign,31.91,32.095,31.83,32.04,6,4.7160033436347994,20,1,1,0,0,0
UBS,Finance,Banks - Foreign,25__0,25,0.0,7. p90_trade_value,11880.0,30000.0,O:UBS250620C00032500,UBS,C,32.5,2025-06-20,209,0,312,0.55,1748535971273000000,253,13915.0,2025-05-29,3000.0,30,True,Automatic Execution,Finance,Banks - Foreign,31.83,31.83,31.51,31.64,17,4.143483210670062,20,2,1,0,0,0
UBS,Finance,Banks - Foreign,25__0,25,0.0,8. p75_trade_value,7738.000000000001,11850.0,O:UBS250620C00032500,UBS,C,32.5,2025-06-20,209,0,323,0.55,1748535971272000000,173,9515.0,2025-05-29,3000.0,30,True,Automatic Execution,Finance,Banks - Foreign,31.83,31.83,31.51,31.64,31,3.978408792623039,20,4,1,0,0,0
UBS,Finance,Banks - Foreign,25__0,25,0.0,8. p75_trade_value,7738.000000000001,11850.0,O:UBS250620C00032500,UBS,C,32.5,2025-06-20,209,0,304,0.55,1748535971201000000,146,8030.000000000001,2025-05-29,3000.0,30,True,Automatic Execution,Finance,Banks - Foreign,31.83,31.83,31.51,31.64,44,3.904715545278681,20,5,1,0,0,0
UBS,Finance,Banks - Foreign,25__0,25,0.0,1. p999999_trade_value,541713.0,541713.0,O:UBS250620C00032500,UBS,C,32.5,2025-06-20,227,0,323,0.53,1748536075223000000,10221,541713.0,2025-05-29,3000.0,30,True,Single Leg Auction Non ISO,Finance,Banks - Foreign,31.83,31.83,31.51,31.64,1,5.733769257888329,20,1,1,0,0,0
UBS,Finance,Banks - Foreign,25__0,25,0.0,6. p95_trade_value,36905.0,115020.0,O:UBS250620C00032500,UBS,C,32.5,2025-06-20,209,0,313,0.55,1748535971201000000,671,36905.0,2025-05-29,3000.0,30,True,Automatic Execution,Finance,Banks - Foreign,31.83,31.83,31.51,31.64,10,4.567085209663236,20,1,1,0,0,0
UBS,Finance,Banks - Foreign,25__0,25,0.0,7. p90_trade_value,11880.0,30000.0,O:UBS250620C00032500,UBS,C,32.5,2025-06-20,209,0,313,0.55,1748535971247000000,431,23705.0,2025-05-29,3000.0,30,True,Automatic Execution,Finance,Banks - Foreign,31.83,31.83,31.51,31.64,12,4.374839959654976,20,2,1,0,0,0
UBS,Finance,Banks - Foreign,25__0,25,0.0,8. p75_trade_value,7738.000000000001,11850.0,O:UBS250620C00032500,UBS,C,32.5,2025-06-20,209,0,313,0.6,1748884989852000000,166,9960.0,2025-06-02,3000.0,30,True,Automatic Execution,Finance,Banks - Foreign,31.81,32.045,31.69,31.93,29,3.998259338423699,20,3,1,0,0,0
UBS,Finance,Banks - Foreign,25__0,25,0.0,8. p75_trade_value,7738.000000000001,11850.0,O:UBS250620C00032500,UBS,C,32.5,2025-06-20,209,0,313,0.6,1748885317248000000,132,7920.0,2025-06-02,3000.0,30,True,Automatic Execution,Finance,Banks - Foreign,31.81,32.045,31.69,31.93,45,3.8987251815894934,20,5,1,0,0,0
UBS,Finance,Banks - Foreign,25__0,25,0.0,8. p75_trade_value,7738.000000000001,11850.0,O:UBS250620C00032500,UBS,C,32.5,2025-06-20,209,0,313,0.6,1748884989352000000,155,9300.0,2025-06-02,3000.0,30,True,Automatic Execution,Finance,Banks - Foreign,31.81,32.045,31.69,31.93,35,3.9684829485539352,20,4,1,0,0,0
UBS,Finance,Banks - Foreign,25__0,25,0.0,6. p95_trade_value,36905.0,115020.0,O:UBS250620C00032500,UBS,C,32.5,2025-06-20,209,0,313,0.6,1748871458841000000,651,39060.0,2025-06-02,3000.0,30,True,Automatic Execution,Finance,Banks - Foreign,31.81,32.045,31.69,31.93,8,4.591732238951836,20,1,1,0,0,0
UBS,Finance,Banks - Foreign,25__0,25,0.0,6. p95_trade_value,36905.0,115020.0,O:UBS250620P00030000,UBS,P,30.0,2025-06-20,241,0,323,0.3,1748887606484000000,2500,75000.0,2025-06-02,3000.0,30,True,Stock Options Cross,Finance,Banks - Foreign,31.81,32.045,31.69,31.93,4,4.8750612633917,20,1,0,0,0,1
UBS,Finance,Banks - Foreign,25__0,25,0.0,8. p75_trade_value,7738.000000000001,11850.0,O:UBS250620P00032500,UBS,P,32.5,2025-06-20,209,0,313,0.6,1748962746097000000,134,8039.999999999999,2025-06-03,3000.0,30,True,Automatic Execution,Finance,Banks - Foreign,33.04,33.5,32.9,33.45,43,3.905256048748451,20,5,1,0,0,0
UBS,Finance,Banks - Foreign,25__0,25,0.0,7. p90_trade_value,11880.0,30000.0,O:UBS250620P00032500,UBS,P,32.5,2025-06-20,209,0,313,0.6,1748962746085000000,500,30000.0,2025-06-03,3000.0,30,True,Automatic Execution,Finance,Banks - Foreign,33.04,33.5,32.9,33.45,11,4.477121254719663,20,2,1,0,0,0
UBS,Finance,Banks - Foreign,25__0,25,0.0,8. p75_trade_value,7738.000000000001,11850.0,O:UBS250620P00032500,UBS,P,32.5,2025-06-20,209,0,316,0.6,1748962765347000000,183,10980.0,2025-06-03,3000.0,30,True,Automatic Execution,Finance,Banks - Foreign,33.04,33.5,32.9,33.45,26,4.040602340114073,20,3,1,0,0,0
UBS,Finance,Banks - Foreign,25__0,25,0.0,7. p90_trade_value,11880.0,30000.0,O:UBS250620C00035000,UBS,C,35.0,2025-06-20,209,0,318,0.3,1749139749779000000,637,19110.0,2025-06-05,3000.0,30,True,Automatic Execution,Finance,Banks - Foreign,32.57,32.89,32.53,32.85,14,4.2812606870550125,20,2,0,0,0,1
UBS,Finance,Banks - Foreign,25__0,25,0.0,7. p90_trade_value,11880.0,30000.0,O:UBS250620C00035000,UBS,C,35.0,2025-06-20,209,0,308,0.3,1749139819333000000,409,12269.999999999998,2025-06-05,3000.0,30,True,Automatic Execution,Finance,Banks - Foreign,32.57,32.89,32.53,32.85,18,4.0888445627270045,20,2,0,0,0,1
UBS,Finance,Banks - Foreign,25__0,25,0.0,8. p75_trade_value,7738.000000000001,11850.0,O:UBS250620C00035000,UBS,C,35.0,2025-06-20,209,0,304,0.3,1749139749779000000,286,8580.0,2025-06-05,3000.0,30,True,Automatic Execution,Finance,Banks - Foreign,32.57,32.89,32.53,32.85,40,3.9334872878487053,20,4,0,0,0,1
UBS,Finance,Banks - Foreign,25__0,25,0.0,8. p75_trade_value,7738.000000000001,11850.0,O:UBS250620C00035000,UBS,C,35.0,2025-06-20,209,0,316,0.3,1749150437202000000,299,8970.0,2025-06-05,3000.0,30,True,Automatic Execution,Finance,Banks - Foreign,32.57,32.89,32.53,32.85,38,3.952792443044092,20,4,0,0,0,1
UBS,Finance,Banks - Foreign,25__0,25,0.0,8. p75_trade_value,7738.000000000001,11850.0,O:UBS250620C00037500,UBS,C,37.5,2025-06-20,209,0,308,0.1,1749150569268000000,894,8940.0,2025-06-05,3000.0,30,True,Automatic Execution,Finance,Banks - Foreign,32.57,32.89,32.53,32.85,39,3.951337518795918,20,4,0,0,0,1
UBS,Finance,Banks - Foreign,25__0,25,0.0,8. p75_trade_value,7738.000000000001,11850.0,O:UBS250620P00032500,UBS,P,32.5,2025-06-20,209,0,323,0.75,1749139777832000000,158,11850.0,2025-06-05,3000.0,30,True,Automatic Execution,Finance,Banks - Foreign,32.57,32.89,32.53,32.85,21,4.073718350346122,20,3,1,0,0,0
UBS,Finance,Banks - Foreign,25__0,25,0.0,8. p75_trade_value,7738.000000000001,11850.0,O:UBS250620P00032500,UBS,P,32.5,2025-06-20,209,0,323,0.75,1749139777874000000,125,9375.0,2025-06-05,3000.0,30,True,Automatic Execution,Finance,Banks - Foreign,32.57,32.89,32.53,32.85,34,3.9719712763997563,20,4,1,0,0,0
UBS,Finance,Banks - Foreign,25__0,25,0.0,6. p95_trade_value,36905.0,115020.0,O:UBS250620P00032500,UBS,P,32.5,2025-06-20,209,0,313,0.75,1749139777816000000,615,46125.0,2025-06-05,3000.0,30,True,Automatic Execution,Finance,Banks - Foreign,32.57,32.89,32.53,32.85,7,4.663936379167117,20,1,1,0,0,0
UBS,Finance,Banks - Foreign,25__0,25,0.0,7. p90_trade_value,11880.0,30000.0,O:UBS250620C00035000,UBS,C,35.0,2025-06-20,209,0,316,0.5,1749218218279000000,307,15350.0,2025-06-06,3000.0,30,True,Automatic Execution,Finance,Banks - Foreign,34.09,34.56,33.505,33.62,15,4.186108379813206,20,2,0,0,0,1
UBS,Finance,Banks - Foreign,25__0,25,0.0,8. p75_trade_value,7738.000000000001,11850.0,O:UBS250620C00035000,UBS,C,35.0,2025-06-20,209,0,309,0.5,1749218218279000000,230,11500.0,2025-06-06,3000.0,30,True,Automatic Execution,Finance,Banks - Foreign,34.09,34.56,33.505,33.62,23,4.060697840353612,20,3,0,0,0,1
WAL,Finance,Banks - West,25__0,25,0.0,6. p95_trade_value,17500.0,33968.0,O:WAL241018C00090000,WAL,C,90.0,2024-10-18,209,0,323,0.85,1728057587397000000,343,29155.0,2024-10-04,3000.0,30,True,Automatic Execution,Finance,Banks - West,84.75,85.14,83.16,84.41,9,4.464713045757064,20,1,1,0,0,0
WAL,Finance,Banks - West,25__0,25,0.0,6. p95_trade_value,17500.0,33968.0,O:WAL241018C00087500,WAL,C,87.5,2024-10-18,209,0,316,1.7,1728322046641000000,134,22780.0,2024-10-07,3000.0,30,True,Automatic Execution,Finance,Banks - West,85.51,85.69,83.3,84.0,17,4.357553719743081,20,1,1,1,0,0
WAL,Finance,Banks - West,25__0,25,0.0,6. p95_trade_value,17500.0,33968.0,O:WAL241018C00087500,WAL,C,87.5,2024-10-18,209,0,319,1.7,1728322046642000000,135,22950.0,2024-10-07,3000.0,30,True,Automatic Execution,Finance,Banks - West,85.51,85.69,83.3,84.0,16,4.36078268987328,20,1,1,1,0,0
WAL,Finance,Banks - West,25__0,25,0.0,6. p95_trade_value,17500.0,33968.0,O:WAL241018C00090000,WAL,C,90.0,2024-10-18,209,0,316,2.6,1728921845559000000,100,26000.0,2024-10-14,3000.0,30,True,Automatic Execution,Finance,Banks - West,88.55,89.48,87.775,88.8,12,4.414973347970818,20,1,1,0,0,0
WAL,Finance,Banks - West,25__0,25,0.0,6. p95_trade_value,17500.0,33968.0,O:WAL241115C00095000,WAL,C,95.0,2024-11-15,232,0,302,3.86,1729089154953000000,88,33968.0,2024-10-16,3000.0,30,True,Multi Leg auto-electronic trade,Finance,Banks - West,91.88,92.75,91.0,91.69,7,4.531069976821923,20,1,1,0,0,0
WAL,Finance,Banks - West,25__0,25,0.0,6. p95_trade_value,17500.0,33968.0,O:WAL241115C00095000,WAL,C,95.0,2024-11-15,233,0,302,3.54,1729101739278000000,50,17700.0,2024-10-16,3000.0,30,True,Multi Leg Auction,Finance,Banks - West,91.88,92.75,91.0,91.69,27,4.247973266361806,20,1,1,0,0,0
WAL,Finance,Banks - West,25__0,25,0.0,6. p95_trade_value,17500.0,33968.0,O:WAL241115C00100000,WAL,C,100.0,2024-11-15,232,0,302,2.12,1729089154954000000,88,18656.0,2024-10-16,3000.0,30,True,Multi Leg auto-electronic trade,Finance,Banks - West,91.88,92.75,91.0,91.69,22,4.27081853307892,20,1,0,0,0,1
WAL,Finance,Banks - West,25__0,25,0.0,6. p95_trade_value,17500.0,33968.0,O:WAL241115C00095000,WAL,C,95.0,2024-11-15,232,0,323,4.65,1729186546645000000,40,18600.0,2024-10-17,3000.0,30,True,Multi Leg auto-electronic trade,Finance,Banks - West,92.34,94.28,90.575,93.92,23,4.269512944217916,20,1,1,0,0,0
WAL,Finance,Banks - West,25__0,25,0.0,6. p95_trade_value,17500.0,33968.0,O:WAL241115C00095000,WAL,C,95.0,2024-11-15,233,0,312,4.71,1729191731417000000,40,18840.0,2024-10-17,3000.0,30,True,Multi Leg Auction,Finance,Banks - West,92.34,94.28,90.575,93.92,21,4.275080898456858,20,1,1,0,0,0
WAL,Finance,Banks - West,25__0,25,0.0,6. p95_trade_value,17500.0,33968.0,O:WAL241115C00095000,WAL,C,95.0,2024-11-15,235,0,301,4.8,1729184800687000000,40,19200.0,2024-10-17,3000.0,30,True,Multi Leg floor trade,Finance,Banks - West,92.34,94.28,90.575,93.92,20,4.283301228703549,20,1,1,0,0,0
WAL,Finance,Banks - West,25__0,25,0.0,6. p95_trade_value,17500.0,33968.0,O:WAL241115C00095000,WAL,C,95.0,2024-11-15,209,0,323,4.6,1729195060211000000,50,22999.999999999996,2024-10-17,3000.0,30,True,Automatic Execution,Finance,Banks - West,92.34,94.28,90.575,93.92,15,4.361727836017593,20,1,1,0,0,0
WAL,Finance,Banks - West,25__0,25,0.0,6. p95_trade_value,17500.0,33968.0,O:WAL241115C00095000,WAL,C,95.0,2024-11-15,232,0,308,4.7,1729192549488000000,60,28200.0,2024-10-17,3000.0,30,True,Multi Leg auto-electronic trade,Finance,Banks - West,92.34,94.28,90.575,93.92,10,4.450249108319361,20,1,1,0,0,0
WAL,Finance,Banks - West,25__0,25,0.0,6. p95_trade_value,17500.0,33968.0,O:WAL241115C00100000,WAL,C,100.0,2024-11-15,209,0,320,2.3,1729174727092000000,80,18400.0,2024-10-17,3000.0,30,True,Automatic Execution,Finance,Banks - West,92.34,94.28,90.575,93.92,24,4.264817823009537,20,1,0,0,0,1
WAL,Finance,Banks - West,25__0,25,0.0,6. p95_trade_value,17500.0,33968.0,O:WAL250221C00097500,WAL,C,97.5,2025-02-21,209,0,320,2.1,1737559461365000000,100,21000.0,2025-01-22,3000.0,30,True,Automatic Execution,Finance,Banks - West,91.81,92.55,90.795,92.39,18,4.3222192947339195,20,1,0,0,0,1
WAL,Finance,Banks - West,25__0,25,0.0,6. p95_trade_value,17500.0,33968.0,O:WAL250221C00095000,WAL,C,95.0,2025-02-21,209,0,320,3.3,1737657715462000000,100,33000.0,2025-01-23,3000.0,30,True,Automatic Execution,Finance,Banks - West,92.5,93.68,91.26,91.4,8,4.518513939877887,20,1,0,0,0,1
WAL,Finance,Banks - West,25__0,25,0.0,5. p99_trade_value,35670.0,120000.0,O:WAL250221P00085000,WAL,P,85.0,2025-02-21,209,0,320,1.3,1738010908684000000,300,39000.0,2025-01-27,3000.0,30,True,Automatic Execution,Finance,Banks - West,92.13,94.25,91.77,94.0,4,4.5910646070264995,20,1,1,0,0,0
WAL,Finance,Banks - West,25__0,25,0.0,1. p999999_trade_value,149950.0,149950.0,O:WAL250321P00077500,WAL,P,77.5,2025-03-21,229,0,301,0.5,1740678128847000000,2999,149950.0,2025-02-27,3000.0,30,True,Single Leg Cross Non ISO,Finance,Banks - West,86.43,88.44,85.96,86.16,1,5.175946470095546,20,1,1,1,1,0
WAL,Finance,Banks - West,25__0,25,0.0,6. p95_trade_value,17500.0,33968.0,O:WAL250321P00072500,WAL,P,72.5,2025-03-21,209,0,301,1.75,1741370419443000000,100,17500.0,2025-03-07,3000.0,30,True,Automatic Execution,Finance,Banks - West,78.22,78.3,75.2,77.31,28,4.243038048686294,20,1,1,0,0,0
WAL,Finance,Banks - West,25__0,25,0.0,5. p99_trade_value,35670.0,120000.0,O:WAL250321P00072500,WAL,P,72.5,2025-03-21,229,0,301,0.6,1741975285461000000,2000,120000.0,2025-03-14,3000.0,30,True,Single Leg Cross Non ISO,Finance,Banks - West,75.98,77.555,75.48,77.24,2,5.079181246047625,20,1,0,0,0,1
WAL,Finance,Banks - West,25__0,25,0.0,6. p95_trade_value,17500.0,33968.0,O:WAL250417P00065000,WAL,P,65.0,2025-04-17,232,0,301,2.03,1743691213367000000,98,19893.999999999996,2025-04-03,3000.0,30,True,Multi Leg auto-electronic trade,Finance,Banks - West,73.48,73.48,65.2,65.27,19,4.298722113605708,20,1,1,0,0,0
WAL,Finance,Banks - West,25__0,25,0.0,5. p99_trade_value,35670.0,120000.0,O:WAL250417C00067500,WAL,C,67.5,2025-04-17,209,0,308,1.2,1743788606916000000,300,36000.0,2025-04-04,3000.0,30,True,Automatic Execution,Finance,Banks - West,62.305,62.64,57.05,62.1,5,4.556302500767287,20,1,1,0,0,0
WAL,Finance,Banks - West,25__0,25,0.0,5. p99_trade_value,35670.0,120000.0,O:WAL250417P00055000,WAL,P,55.0,2025-04-17,209,0,325,2.9,1744208012882000000,123,35670.0,2025-04-09,3000.0,30,True,Automatic Execution,Finance,Banks - West,59.21,69.45,57.15,68.54,6,4.552303109338354,20,1,0,0,0,1
WAL,Finance,Banks - West,25__0,25,0.0,6. p95_trade_value,17500.0,33968.0,O:WAL250417P00055000,WAL,P,55.0,2025-04-17,219,0,316,2.75,1744207717656000000,90,24750.0,2025-04-09,3000.0,30,True,Intermarket Sweep Order,Finance,Banks - West,59.21,69.45,57.15,68.54,13,4.393575203269587,20,1,0,0,0,1
WAL,Finance,Banks - West,25__0,25,0.0,6. p95_trade_value,17500.0,33968.0,O:WAL250417P00055000,WAL,P,55.0,2025-04-17,209,0,313,2.9,1744208012882000000,90,26100.0,2025-04-09,3000.0,30,True,Automatic Execution,Finance,Banks - West,59.21,69.45,57.15,68.54,11,4.416640507338281,20,1,0,0,0,1
WAL,Finance,Banks - West,25__0,25,0.0,6. p95_trade_value,17500.0,33968.0,O:WAL250516P00062500,WAL,P,62.5,2025-05-16,209,0,302,3.6,1744830221835000000,50,18000.0,2025-04-16,3000.0,30,True,Automatic Execution,Finance,Banks - West,65.29,66.415,64.4302,65.24,26,4.2552725051033065,20,1,1,0,0,0
WAL,Finance,Banks - West,25__0,25,0.0,5. p99_trade_value,35670.0,120000.0,O:WAL250516C00075000,WAL,C,75.0,2025-05-16,229,0,301,0.65,1745255877118000000,1500,97500.0,2025-04-21,3000.0,30,True,Single Leg Cross Non ISO,Finance,Banks - West,65.37,66.3899,63.54,64.88,3,4.989004615698537,20,1,1,1,1,0
WAL,Finance,Banks - West,25__0,25,0.0,6. p95_trade_value,17500.0,33968.0,O:WAL250516C00075000,WAL,C,75.0,2025-05-16,209,0,325,0.65,1745255847715000000,369,23985.0,2025-04-21,3000.0,30,True,Automatic Execution,Finance,Banks - West,65.37,66.3899,63.54,64.88,14,4.379939722801916,20,1,1,1,1,0
WAL,Finance,Banks - West,25__0,25,0.0,6. p95_trade_value,17500.0,33968.0,O:WAL250516C00075000,WAL,C,75.0,2025-05-16,209,0,325,0.65,1745255847712000000,279,18135.0,2025-04-21,3000.0,30,True,Automatic Execution,Finance,Banks - West,65.37,66.3899,63.54,64.88,25,4.258517559916453,20,1,1,1,1,0
OZK,Finance,Banks - Northeast,25__0,25,0.0,6. p95_trade_value,19260.0,30000.0,O:OZK240920P00035000,OZK,P,35.0,2024-09-20,231,0,323,0.1,1725889040351000000,2924,29240.000000000004,2024-09-09,3000.0,30,True,Single Leg Floor Trade,Finance,Banks - Northeast,39.98,40.32,39.64,40.05,4,4.465977368285823,20,1,0,0,0,1
OZK,Finance,Banks - Northeast,25__0,25,0.0,8. p75_trade_value,7505.0,12000.0,O:OZK240920P00035000,OZK,P,35.0,2024-09-20,231,0,323,0.15,1725889040351000000,731,10965.0,2024-09-09,3000.0,30,True,Single Leg Floor Trade,Finance,Banks - Northeast,39.98,40.32,39.64,40.05,23,4.040008636013542,20,3,0,0,0,1
OZK,Finance,Banks - Northeast,25__0,25,0.0,8. p75_trade_value,7505.0,12000.0,O:OZK241018C00045000,OZK,C,45.0,2024-10-18,209,0,308,0.4,1727723476638000000,236,9440.0,2024-09-30,3000.0,30,True,Automatic Execution,Finance,Banks - Northeast,42.0,43.26,41.76,42.99,29,3.974971994298069,20,3,1,1,0,0
OZK,Finance,Banks - Northeast,25__0,25,0.0,8. p75_trade_value,7505.0,12000.0,O:OZK241018C00045000,OZK,C,45.0,2024-10-18,209,0,308,0.4,1727723479781000000,215,8600.0,2024-09-30,3000.0,30,True,Automatic Execution,Finance,Banks - Northeast,42.0,43.26,41.76,42.99,31,3.934498451243568,20,4,1,1,0,0
OZK,Finance,Banks - Northeast,25__0,25,0.0,8. p75_trade_value,7505.0,12000.0,O:OZK241018C00042500,OZK,C,42.5,2024-10-18,209,0,315,1.3,1728590148088000000,60,7800.0,2024-10-10,3000.0,30,True,Automatic Execution,Finance,Banks - Northeast,41.85,42.405,41.53,42.38,41,3.8920946026904804,20,5,1,1,1,0
OZK,Finance,Banks - Northeast,25__0,25,0.0,8. p75_trade_value,7505.0,12000.0,O:OZK241115P00045000,OZK,P,45.0,2024-11-15,231,0,301,1.65,1729182825381000000,50,8250.0,2024-10-17,3000.0,30,True,Single Leg Floor Trade,Finance,Banks - Northeast,45.89,46.86,45.81,46.76,35,3.916453948549925,20,4,1,0,0,0
OZK,Finance,Banks - Northeast,25__0,25,0.0,6. p95_trade_value,19260.0,30000.0,O:OZK241115C00047500,OZK,C,47.5,2024-11-15,235,0,301,0.9,1729275307361000000,214,19260.0,2024-10-18,3000.0,30,True,Multi Leg floor trade,Finance,Banks - Northeast,47.0,47.11,44.49,44.67,10,4.284656282788515,20,1,1,1,1,0
OZK,Finance,Banks - Northeast,25__0,25,0.0,8. p75_trade_value,7505.0,12000.0,O:OZK241115C00045000,OZK,C,45.0,2024-11-15,209,0,308,1.8,1729517452755000000,42,7560.000000000001,2024-10-21,3000.0,30,True,Automatic Execution,Finance,Banks - Northeast,44.58,44.71,42.93,42.97,45,3.878521795501207,20,5,1,1,1,0
OZK,Finance,Banks - Northeast,25__0,25,0.0,8. p75_trade_value,7505.0,12000.0,O:OZK241115C00045000,OZK,C,45.0,2024-11-15,209,0,308,1.8,1729517452756000000,42,7560.000000000001,2024-10-21,3000.0,30,True,Automatic Execution,Finance,Banks - Northeast,44.58,44.71,42.93,42.97,44,3.878521795501207,20,5,1,1,1,0
OZK,Finance,Banks - Northeast,25__0,25,0.0,8. p75_trade_value,7505.0,12000.0,O:OZK241115C00045000,OZK,C,45.0,2024-11-15,227,0,323,1.38,1729520102210000000,61,8418.0,2024-10-21,3000.0,30,True,Single Leg Auction Non ISO,Finance,Banks - Northeast,44.58,44.71,42.93,42.97,34,3.9252089214120036,20,4,1,1,1,0
OZK,Finance,Banks - Northeast,25__0,25,0.0,7. p90_trade_value,12180.0,18900.0,O:OZK241115C00045000,OZK,C,45.0,2024-11-15,209,0,307,1.45,1729519937384000000,100,14500.0,2024-10-21,3000.0,30,True,Automatic Execution,Finance,Banks - Northeast,44.58,44.71,42.93,42.97,16,4.161368002234975,20,2,1,1,1,0
OZK,Finance,Banks - Northeast,25__0,25,0.0,7. p90_trade_value,12180.0,18900.0,O:OZK241115C00045000,OZK,C,45.0,2024-11-15,209,0,320,1.45,1729519937369000000,84,12180.0,2024-10-21,3000.0,30,True,Automatic Execution,Finance,Banks - Northeast,44.58,44.71,42.93,42.97,19,4.085647288296856,20,2,1,1,1,0
OZK,Finance,Banks - Northeast,25__0,25,0.0,6. p95_trade_value,19260.0,30000.0,O:OZK241115P00042500,OZK,P,42.5,2024-11-15,209,0,323,1.2,1729520163068000000,250,30000.0,2024-10-21,3000.0,30,True,Automatic Execution,Finance,Banks - Northeast,44.58,44.71,42.93,42.97,3,4.477121254719663,20,1,0,0,0,1
OZK,Finance,Banks - Northeast,25__0,25,0.0,8. p75_trade_value,7505.0,12000.0,O:OZK241115P00042500,OZK,P,42.5,2024-11-15,209,0,308,1.35,1729611902996000000,60,8100.0,2024-10-22,3000.0,30,True,Automatic Execution,Finance,Banks - Northeast,42.9,43.85,42.64,43.82,37,3.90848501887865,20,4,0,0,0,1
OZK,Finance,Banks - Northeast,25__0,25,0.0,6. p95_trade_value,19260.0,30000.0,O:OZK241220C00050000,OZK,C,50.0,2024-12-20,209,0,303,1.05,1732113956072000000,209,21945.0,2024-11-20,3000.0,30,True,Automatic Execution,Finance,Banks - Northeast,47.9,48.22,47.11,47.69,6,4.3413355851809925,20,1,1,0,0,0
OZK,Finance,Banks - Northeast,25__0,25,0.0,8. p75_trade_value,7505.0,12000.0,O:OZK241220C00050000,OZK,C,50.0,2024-12-20,209,0,316,1.6,1732308175407000000,75,12000.0,2024-11-22,3000.0,30,True,Automatic Execution,Finance,Banks - Northeast,48.33,49.45,48.33,49.33,20,4.079181246047625,20,2,1,0,0,0
OZK,Finance,Banks - Northeast,25__0,25,0.0,8. p75_trade_value,7505.0,12000.0,O:OZK250117P00042500,OZK,P,42.5,2025-01-17,209,0,307,1.65,1734639896762000000,47,7755.0,2024-12-19,3000.0,30,True,Automatic Execution,Finance,Banks - Northeast,44.71,45.11,43.21,43.43,42,3.889581802149624,20,5,1,0,0,0
OZK,Finance,Banks - Northeast,25__0,25,0.0,8. p75_trade_value,7505.0,12000.0,O:OZK250117P00042500,OZK,P,42.5,2025-01-17,209,0,316,1.8,1734641430324000000,47,8460.0,2024-12-19,3000.0,30,True,Automatic Execution,Finance,Banks - Northeast,44.71,45.11,43.21,43.43,32,3.9273703630390235,20,4,1,0,0,0
OZK,Finance,Banks - Northeast,25__0,25,0.0,8. p75_trade_value,7505.0,12000.0,O:OZK250117P00042500,OZK,P,42.5,2025-01-17,209,0,316,1.55,1734632665379000000,51,7905.0,2024-12-19,3000.0,30,True,Automatic Execution,Finance,Banks - Northeast,44.71,45.11,43.21,43.43,40,3.8979018742682277,20,5,1,0,0,0
OZK,Finance,Banks - Northeast,25__0,25,0.0,7. p90_trade_value,12180.0,18900.0,O:OZK250117C00047500,OZK,C,47.5,2025-01-17,209,0,308,0.8,1734709458456000000,210,16800.0,2024-12-20,3000.0,30,True,Automatic Execution,Finance,Banks - Northeast,43.4,44.69,43.38,43.83,13,4.225309281725863,20,2,1,1,1,0
OZK,Finance,Banks - Northeast,25__0,25,0.0,8. p75_trade_value,7505.0,12000.0,O:OZK250117C00045000,OZK,C,45.0,2025-01-17,209,0,313,1.3,1734983887640000000,86,11180.0,2024-12-23,3000.0,30,True,Automatic Execution,Finance,Banks - Northeast,43.76,44.475,43.5738,44.4,22,4.048441803550404,20,3,1,1,1,0
OZK,Finance,Banks - Northeast,25__0,25,0.0,7. p90_trade_value,12180.0,18900.0,O:OZK250117C00047500,OZK,C,47.5,2025-01-17,235,0,301,0.5,1735672815109000000,320,16000.0,2024-12-31,3000.0,30,True,Multi Leg floor trade,Finance,Banks - Northeast,44.74,45.18,44.4,44.53,15,4.204119982655925,20,2,1,1,1,0
OZK,Finance,Banks - Northeast,25__0,25,0.0,7. p90_trade_value,12180.0,18900.0,O:OZK250117C00045000,OZK,C,45.0,2025-01-17,227,0,323,0.69,1736347104485000000,200,13800.0,2025-01-08,3000.0,30,True,Single Leg Auction Non ISO,Finance,Banks - Northeast,43.03,43.68,42.6,43.24,17,4.139879086401237,20,2,1,1,1,0
OZK,Finance,Banks - Northeast,25__0,25,0.0,8. p75_trade_value,7505.0,12000.0,O:OZK250117C00042500,OZK,C,42.5,2025-01-17,209,0,308,0.8,1736799673146000000,100,8000.0,2025-01-13,3000.0,30,True,Automatic Execution,Finance,Banks - Northeast,41.44,42.42,41.34,42.355,38,3.9030899869919438,20,4,1,1,1,0
OZK,Finance,Banks - Northeast,25__0,25,0.0,8. p75_trade_value,7505.0,12000.0,O:OZK250117C00045000,OZK,C,45.0,2025-01-17,235,0,301,0.29,1736801667399000000,322,9338.0,2025-01-13,3000.0,30,True,Multi Leg floor trade,Finance,Banks - Northeast,41.44,42.42,41.34,42.355,30,3.970253869594787,20,4,1,1,1,0
OZK,Finance,Banks - Northeast,25__0,25,0.0,8. p75_trade_value,7505.0,12000.0,O:OZK250221P00050000,OZK,P,50.0,2025-02-21,227,0,302,1.0,1738077112685000000,100,10000.0,2025-01-28,3000.0,30,True,Single Leg Auction Non ISO,Finance,Banks - Northeast,51.12,51.3,50.06,50.9,28,4.0,20,3,1,1,1,0
OZK,Finance,Banks - Northeast,25__0,25,0.0,8. p75_trade_value,7505.0,12000.0,O:OZK250221C00052500,OZK,C,52.5,2025-02-21,209,0,301,0.95,1738333964046000000,79,7505.0,2025-01-31,3000.0,30,True,Automatic Execution,Finance,Banks - Northeast,50.96,51.34,50.49,50.79,46,3.875350696579289,20,5,1,0,0,0
OZK,Finance,Banks - Northeast,25__0,25,0.0,8. p75_trade_value,7505.0,12000.0,O:OZK250221C00052500,OZK,C,52.5,2025-02-21,227,0,302,0.82,1738348091858000000,133,10905.999999999998,2025-01-31,3000.0,30,True,Single Leg Auction Non ISO,Finance,Banks - Northeast,50.96,51.34,50.49,50.79,24,4.0376654933508025,20,3,1,0,0,0
OZK,Finance,Banks - Northeast,25__0,25,0.0,6. p95_trade_value,19260.0,30000.0,O:OZK250221P00050000,OZK,P,50.0,2025-02-21,227,0,302,1.03,1738350564005000000,200,20600.0,2025-01-31,3000.0,30,True,Single Leg Auction Non ISO,Finance,Banks - Northeast,50.96,51.34,50.49,50.79,7,4.313867220369153,20,1,1,1,1,0
OZK,Finance,Banks - Northeast,25__0,25,0.0,6. p95_trade_value,19260.0,30000.0,O:OZK250221P00050000,OZK,P,50.0,2025-02-21,227,0,302,1.03,1738350564005000000,200,20600.0,2025-01-31,3000.0,30,True,Single Leg Auction Non ISO,Finance,Banks - Northeast,50.96,51.34,50.49,50.79,8,4.313867220369153,20,1,1,1,1,0
OZK,Finance,Banks - Northeast,25__0,25,0.0,7. p90_trade_value,12180.0,18900.0,O:OZK250221C00052500,OZK,C,52.5,2025-02-21,209,0,323,0.45,1738614648623000000,360,16200.0,2025-02-03,3000.0,30,True,Automatic Execution,Finance,Banks - Northeast,49.63,50.35,48.96,49.64,14,4.209515014542631,20,2,1,0,0,0
OZK,Finance,Banks - Northeast,25__0,25,0.0,1. p999999_trade_value,45898.99999999999,45898.99999999999,O:OZK250221C00052500,OZK,C,52.5,2025-02-21,227,0,323,0.83,1738780520112000000,553,45898.99999999999,2025-02-05,3000.0,30,True,Single Leg Auction Non ISO,Finance,Banks - Northeast,50.99,52.03,50.82,51.97,1,4.6618032236807725,20,1,1,0,0,0
OZK,Finance,Banks - Northeast,25__0,25,0.0,6. p95_trade_value,19260.0,30000.0,O:OZK250221C00052500,OZK,C,52.5,2025-02-21,227,0,312,0.86,1738786903168000000,310,26660.000000000004,2025-02-05,3000.0,30,True,Single Leg Auction Non ISO,Finance,Banks - Northeast,50.99,52.03,50.82,51.97,5,4.4258601450778405,20,1,1,0,0,0
OZK,Finance,Banks - Northeast,25__0,25,0.0,7. p90_trade_value,12180.0,18900.0,O:OZK250321P00047500,OZK,P,47.5,2025-03-21,209,0,308,0.9,1740066788611000000,210,18900.0,2025-02-20,3000.0,30,True,Automatic Execution,Finance,Banks - Northeast,50.27,50.42,48.9,49.4,11,4.276461804173244,20,2,1,1,1,0
OZK,Finance,Banks - Northeast,25__0,25,0.0,8. p75_trade_value,7505.0,12000.0,O:OZK250321P00042500,OZK,P,42.5,2025-03-21,209,0,320,0.85,1741193670503000000,119,10115.0,2025-03-05,3000.0,30,True,Automatic Execution,Finance,Banks - Northeast,45.72,46.26,44.45,45.39,27,4.004965887106824,20,3,0,0,0,1
OZK,Finance,Banks - Northeast,25__0,25,0.0,8. p75_trade_value,7505.0,12000.0,O:OZK250417P00042500,OZK,P,42.5,2025-04-17,227,0,323,1.3,1743181980749000000,65,8450.0,2025-03-28,3000.0,30,True,Single Leg Auction Non ISO,Finance,Banks - Northeast,44.78,45.04,43.53,43.73,33,3.926856708949692,20,4,1,1,1,0
OZK,Finance,Banks - Northeast,25__0,25,0.0,6. p95_trade_value,19260.0,30000.0,O:OZK250417C00045000,OZK,C,45.0,2025-04-17,232,0,304,0.81,1743608863009000000,245,19845.0,2025-04-02,3000.0,30,True,Multi Leg auto-electronic trade,Finance,Banks - Northeast,43.02,43.75,42.63,43.75,9,4.297651103243182,20,1,0,0,0,1
OZK,Finance,Banks - Northeast,25__0,25,0.0,8. p75_trade_value,7505.0,12000.0,O:OZK250417C00040000,OZK,C,40.0,2025-04-17,209,0,302,0.5,1743776600106000000,210,10500.0,2025-04-04,3000.0,30,True,Automatic Execution,Finance,Banks - Northeast,37.2,38.21,35.8,38.12,25,4.021189299069938,20,3,1,1,1,0
OZK,Finance,Banks - Northeast,25__0,25,0.0,7. p90_trade_value,12180.0,18900.0,O:OZK250417C00040000,OZK,C,40.0,2025-04-17,234,0,300,0.69,1744658827992000000,250,17250.0,2025-04-14,3000.0,30,True,Multi Leg Cross,Finance,Banks - Northeast,38.26,38.675,37.67,38.38,12,4.236789099409293,20,2,1,1,1,0
OZK,Finance,Banks - Northeast,25__0,25,0.0,7. p90_trade_value,12180.0,18900.0,O:OZK250516C00042500,OZK,C,42.5,2025-05-16,209,0,300,1.25,1744917720222000000,100,12500.0,2025-04-17,3000.0,30,True,Automatic Execution,Finance,Banks - Northeast,40.12,41.885,39.895,41.63,18,4.096910013008056,20,2,1,1,1,0
OZK,Finance,Banks - Northeast,25__0,25,0.0,8. p75_trade_value,7505.0,12000.0,O:OZK250516P00042500,OZK,P,42.5,2025-05-16,227,0,301,1.04,1745934093612000000,79,8216.0,2025-04-29,3000.0,30,True,Single Leg Auction Non ISO,Finance,Banks - Northeast,43.07,43.285,42.52,42.94,36,3.9146604305892216,20,4,1,0,0,0
OZK,Finance,Banks - Northeast,25__0,25,0.0,8. p75_trade_value,7505.0,12000.0,O:OZK250516C00045000,OZK,C,45.0,2025-05-16,227,0,323,0.61,1746626503184000000,125,7625.0,2025-05-07,3000.0,30,True,Single Leg Auction Non ISO,Finance,Banks - Northeast,44.055,44.2811,43.52,43.77,43,3.8822398480188234,20,5,1,1,1,0
OZK,Finance,Banks - Northeast,25__0,25,0.0,8. p75_trade_value,7505.0,12000.0,O:OZK250620C00045000,OZK,C,45.0,2025-06-20,209,0,309,0.85,1748880126028000000,137,11645.0,2025-06-02,3000.0,30,True,Automatic Execution,Finance,Banks - Northeast,44.07,44.265,43.28,44.08,21,4.0661394928706995,20,3,1,0,0,0
OZK,Finance,Banks - Northeast,25__0,25,0.0,8. p75_trade_value,7505.0,12000.0,O:OZK250620C00045000,OZK,C,45.0,2025-06-20,227,0,309,0.8,1748879700947000000,100,8000.0,2025-06-02,3000.0,30,True,Single Leg Auction Non ISO,Finance,Banks - Northeast,44.07,44.265,43.28,44.08,39,3.9030899869919438,20,5,1,0,0,0
OZK,Finance,Banks - Northeast,25__0,25,0.0,8. p75_trade_value,7505.0,12000.0,O:OZK250620C00045000,OZK,C,45.0,2025-06-20,209,0,304,0.8,1748880007264000000,131,10480.000000000002,2025-06-02,3000.0,30,True,Automatic Execution,Finance,Banks - Northeast,44.07,44.265,43.28,44.08,26,4.020361282647708,20,3,1,0,0,0
OZK,Finance,Banks - Northeast,25__0,25,0.0,5. p99_trade_value,31581.0,31581.0,O:OZK250620C00045000,OZK,C,45.0,2025-06-20,227,0,309,0.99,1749140761256000000,319,31581.0,2025-06-05,3000.0,30,True,Single Leg Auction Non ISO,Finance,Banks - Northeast,44.56,44.89,44.17,44.51,2,4.499425877654731,20,1,1,0,0,0
ZION,Finance,Banks - West,25__0,25,0.0,8. p75_trade_value,8474.999999999998,20496.0,O:ZION241018C00050000,ZION,C,50.0,2024-10-18,232,0,304,1.2,1726684761933000000,115,13800.0,2024-09-18,3000.0,30,True,Multi Leg auto-electronic trade,Finance,Banks - West,47.11,48.47,46.65,47.01,35,4.139879086401237,20,4,1,1,1,0
ZION,Finance,Banks - West,25__0,25,0.0,8. p75_trade_value,8474.999999999998,20496.0,O:ZION241018C00050000,ZION,C,50.0,2024-10-18,232,0,308,1.22,1726684789787000000,168,20496.0,2024-09-18,3000.0,30,True,Multi Leg auto-electronic trade,Finance,Banks - West,47.11,48.47,46.65,47.01,22,4.311669112400611,20,2,1,1,1,0
ZION,Finance,Banks - West,25__0,25,0.0,8. p75_trade_value,8474.999999999998,20496.0,O:ZION241018C00050000,ZION,C,50.0,2024-10-18,232,0,304,1.2,1726684789609000000,147,17640.0,2024-09-18,3000.0,30,True,Multi Leg auto-electronic trade,Finance,Banks - West,47.11,48.47,46.65,47.01,24,4.246498580795801,20,3,1,1,1,0
ZION,Finance,Banks - West,25__0,25,0.0,6. p95_trade_value,31575.0,46816.0,O:ZION241018C00050000,ZION,C,50.0,2024-10-18,235,0,301,0.75,1726688615116000000,421,31575.0,2024-09-18,3000.0,30,True,Multi Leg floor trade,Finance,Banks - West,47.11,48.47,46.65,47.01,11,4.499343359227368,20,1,1,1,1,0
ZION,Finance,Banks - West,25__0,25,0.0,6. p95_trade_value,31575.0,46816.0,O:ZION241018C00050000,ZION,C,50.0,2024-10-18,235,0,301,0.8,1726688939957000000,421,33680.0,2024-09-18,3000.0,30,True,Multi Leg floor trade,Finance,Banks - West,47.11,48.47,46.65,47.01,7,4.527372082827612,20,1,1,1,1,0
ZION,Finance,Banks - West,25__0,25,0.0,8. p75_trade_value,8474.999999999998,20496.0,O:ZION241018C00050000,ZION,C,50.0,2024-10-18,232,0,302,1.2,1726684761933000000,98,11760.0,2024-09-18,3000.0,30,True,Multi Leg auto-electronic trade,Finance,Banks - West,47.11,48.47,46.65,47.01,41,4.070407321740119,20,4,1,1,1,0
ZION,Finance,Banks - West,25__0,25,0.0,6. p95_trade_value,31575.0,46816.0,O:ZION241018C00050000,ZION,C,50.0,2024-10-18,235,0,301,0.8,1726686998035000000,421,33680.0,2024-09-18,3000.0,30,True,Multi Leg floor trade,Finance,Banks - West,47.11,48.47,46.65,47.01,8,4.527372082827612,20,1,1,1,1,0
ZION,Finance,Banks - West,25__0,25,0.0,8. p75_trade_value,8474.999999999998,20496.0,O:ZION241018C00050000,ZION,C,50.0,2024-10-18,209,0,300,1.0,1726758603936000000,143,14300.0,2024-09-19,3000.0,30,True,Automatic Execution,Finance,Banks - West,47.97,48.67,47.49,48.45,32,4.155336037465061,20,3,1,1,1,0
ZION,Finance,Banks - West,25__0,25,0.0,8. p75_trade_value,8474.999999999998,20496.0,O:ZION241018C00050000,ZION,C,50.0,2024-10-18,209,0,302,1.0,1726758603936000000,92,9200.0,2024-09-19,3000.0,30,True,Automatic Execution,Finance,Banks - West,47.97,48.67,47.49,48.45,50,3.963787827345555,20,5,1,1,1,0
ZION,Finance,Banks - West,25__0,25,0.0,8. p75_trade_value,8474.999999999998,20496.0,O:ZION241018C00050000,ZION,C,50.0,2024-10-18,209,0,302,1.0,1726758603936000000,120,12000.0,2024-09-19,3000.0,30,True,Automatic Execution,Finance,Banks - West,47.97,48.67,47.49,48.45,40,4.079181246047625,20,4,1,1,1,0
ZION,Finance,Banks - West,25__0,25,0.0,7. p90_trade_value,20640.0,29759.999999999996,O:ZION241018C00050000,ZION,C,50.0,2024-10-18,209,0,323,1.0,1726758603937000000,246,24600.0,2024-09-19,3000.0,30,True,Automatic Execution,Finance,Banks - West,47.97,48.67,47.49,48.45,13,4.390935107103379,20,2,1,1,1,0
ZION,Finance,Banks - West,25__0,25,0.0,8. p75_trade_value,8474.999999999998,20496.0,O:ZION241115C00052500,ZION,C,52.5,2024-11-15,236,0,322,1.85,1729176075565000000,68,12580.000000000002,2024-10-17,3000.0,30,True,Multi Leg auto-electronic trade against single leg(s),Finance,Banks - West,50.94,51.55,50.625,51.03,38,4.09968064110925,20,4,1,1,1,0
ZION,Finance,Banks - West,25__0,25,0.0,6. p95_trade_value,31575.0,46816.0,O:ZION241115C00055000,ZION,C,55.0,2024-11-15,209,0,323,1.1,1729176093398000000,294,32340.000000000004,2024-10-17,3000.0,30,True,Automatic Execution,Finance,Banks - West,50.94,51.55,50.625,51.03,9,4.509740015570382,20,1,1,1,1,0
ZION,Finance,Banks - West,25__0,25,0.0,8. p75_trade_value,8474.999999999998,20496.0,O:ZION241115C00055000,ZION,C,55.0,2024-11-15,209,0,302,1.1,1729176093398000000,126,13860.000000000002,2024-10-17,3000.0,30,True,Automatic Execution,Finance,Banks - West,50.94,51.55,50.625,51.03,33,4.141763230275788,20,3,1,1,1,0
ZION,Finance,Banks - West,25__0,25,0.0,8. p75_trade_value,8474.999999999998,20496.0,O:ZION241115C00055000,ZION,C,55.0,2024-11-15,209,0,307,1.1,1729176093398000000,114,12540.0,2024-10-17,3000.0,30,True,Automatic Execution,Finance,Banks - West,50.94,51.55,50.625,51.03,39,4.098297536494697,20,4,1,1,1,0
ZION,Finance,Banks - West,25__0,25,0.0,7. p90_trade_value,20640.0,29759.999999999996,O:ZION241115P00047500,ZION,P,47.5,2024-11-15,232,0,322,1.2,1729266193183000000,248,29759.999999999996,2024-10-18,3000.0,30,True,Multi Leg auto-electronic trade,Finance,Banks - West,50.94,51.45,50.7,51.25,12,4.473632926873841,20,2,0,0,0,1
ZION,Finance,Banks - West,25__0,25,0.0,7. p90_trade_value,20640.0,29759.999999999996,O:ZION241115P00047500,ZION,P,47.5,2024-11-15,232,0,322,1.2,1729267864864000000,172,20640.0,2024-10-18,3000.0,30,True,Multi Leg auto-electronic trade,Finance,Banks - West,50.94,51.45,50.7,51.25,21,4.314709692955174,20,2,0,0,0,1
ZION,Finance,Banks - West,25__0,25,0.0,8. p75_trade_value,8474.999999999998,20496.0,O:ZION241115C00052500,ZION,C,52.5,2024-11-15,209,0,320,1.7,1729519052007000000,57,9690.0,2024-10-21,3000.0,30,True,Automatic Execution,Finance,Banks - West,51.23,51.61,49.33,49.44,49,3.986323777050765,20,5,1,1,1,0
ZION,Finance,Banks - West,25__0,25,0.0,8. p75_trade_value,8474.999999999998,20496.0,O:ZION241115C00052500,ZION,C,52.5,2024-11-15,209,0,320,1.7,1729519048837000000,60,10200.0,2024-10-21,3000.0,30,True,Automatic Execution,Finance,Banks - West,51.23,51.61,49.33,49.44,46,4.008600171761918,20,5,1,1,1,0
ZION,Finance,Banks - West,25__0,25,0.0,8. p75_trade_value,8474.999999999998,20496.0,O:ZION241115C00052500,ZION,C,52.5,2024-11-15,232,0,322,1.75,1729517973225000000,50,8750.0,2024-10-21,3000.0,30,True,Multi Leg auto-electronic trade,Finance,Banks - West,51.23,51.61,49.33,49.44,51,3.942008053022313,20,5,1,1,1,0
ZION,Finance,Banks - West,25__0,25,0.0,8. p75_trade_value,8474.999999999998,20496.0,O:ZION241115C00055000,ZION,C,55.0,2024-11-15,227,0,323,1.43,1729610277041000000,100,14300.0,2024-10-22,3000.0,30,True,Single Leg Auction Non ISO,Finance,Banks - West,51.58,53.07,51.28,52.51,31,4.155336037465061,20,3,1,1,1,0
ZION,Finance,Banks - West,25__0,25,0.0,8. p75_trade_value,8474.999999999998,20496.0,O:ZION241115P00050000,ZION,P,50.0,2024-11-15,227,0,309,1.13,1729610863262000000,75,8474.999999999998,2024-10-22,3000.0,30,True,Single Leg Auction Non ISO,Finance,Banks - West,51.58,53.07,51.28,52.51,52,3.9281397068751196,20,5,0,0,0,1
ZION,Finance,Banks - West,25__0,25,0.0,6. p95_trade_value,31575.0,46816.0,O:ZION241115C00055000,ZION,C,55.0,2024-11-15,242,0,323,1.0,1729702026611000000,400,40000.0,2024-10-23,3000.0,30,True,Stock Options floor trade,Finance,Banks - West,52.19,52.61,51.16,51.89,5,4.6020599913279625,20,1,1,1,1,0
ZION,Finance,Banks - West,25__0,25,0.0,7. p90_trade_value,20640.0,29759.999999999996,O:ZION241115C00055000,ZION,C,55.0,2024-11-15,242,0,313,0.97,1730221947352000000,225,21825.0,2024-10-29,3000.0,30,True,Stock Options floor trade,Finance,Banks - West,52.32,52.51,51.79,52.13,18,4.338954252377607,20,2,1,1,1,0
ZION,Finance,Banks - West,25__0,25,0.0,7. p90_trade_value,20640.0,29759.999999999996,O:ZION241115C00055000,ZION,C,55.0,2024-11-15,242,0,313,0.98,1730221947353000000,225,22050.0,2024-10-29,3000.0,30,True,Stock Options floor trade,Finance,Banks - West,52.32,52.51,51.79,52.13,17,4.343408593803857,20,2,1,1,1,0
ZION,Finance,Banks - West,25__0,25,0.0,8. p75_trade_value,8474.999999999998,20496.0,O:ZION241115C00052500,ZION,C,52.5,2024-11-15,209,0,313,1.55,1730835430397000000,74,11470.0,2024-11-05,3000.0,30,True,Automatic Execution,Finance,Banks - West,51.56,52.33,51.0,52.02,43,4.059563417901268,20,4,1,1,1,0
ZION,Finance,Banks - West,25__0,25,0.0,8. p75_trade_value,8474.999999999998,20496.0,O:ZION241220P00055000,ZION,P,55.0,2024-12-20,209,0,301,0.6,1732206285900000000,164,9840.0,2024-11-21,3000.0,30,True,Automatic Execution,Finance,Banks - West,58.93,60.01,58.675,59.14,48,3.9929950984313414,20,5,1,1,1,0
ZION,Finance,Banks - West,25__0,25,0.0,8. p75_trade_value,8474.999999999998,20496.0,O:ZION241220C00062500,ZION,C,62.5,2024-12-20,232,0,308,1.05,1732894479808000000,132,13860.0,2024-11-29,3000.0,30,True,Multi Leg auto-electronic trade,Finance,Banks - West,61.24,61.44,60.18,60.52,34,4.141763230275788,20,4,0,0,0,1
ZION,Finance,Banks - West,25__0,25,0.0,8. p75_trade_value,8474.999999999998,20496.0,O:ZION250117P00050000,ZION,P,50.0,2025-01-17,209,0,316,1.05,1734639331307000000,185,19425.0,2024-12-19,3000.0,30,True,Automatic Execution,Finance,Banks - West,54.18,54.6,52.32,52.36,23,4.288361027472952,20,3,0,0,0,1
ZION,Finance,Banks - West,25__0,25,0.0,8. p75_trade_value,8474.999999999998,20496.0,O:ZION250321P00050000,ZION,P,50.0,2025-03-21,209,0,316,0.68,1740430469430000000,200,13600.0,2025-02-24,3000.0,30,True,Automatic Execution,Finance,Banks - West,53.91,53.91,52.64,52.85,36,4.133538908370218,20,4,1,1,1,0
ZION,Finance,Banks - West,25__0,25,0.0,8. p75_trade_value,8474.999999999998,20496.0,O:ZION250321P00050000,ZION,P,50.0,2025-03-21,209,0,308,0.5,1741014114972000000,200,10000.0,2025-03-03,3000.0,30,True,Automatic Execution,Finance,Banks - West,54.41,54.85,52.31,52.96,47,4.0,20,5,1,1,1,0
ZION,Finance,Banks - West,25__0,25,0.0,8. p75_trade_value,8474.999999999998,20496.0,O:ZION250417C00055000,ZION,C,55.0,2025-04-17,235,0,313,0.18,1742584867820000000,827,14885.999999999998,2025-03-21,3000.0,30,True,Multi Leg floor trade,Finance,Banks - West,49.16,49.73,48.53,49.51,28,4.172778014655853,20,3,0,0,0,1
ZION,Finance,Banks - West,25__0,25,0.0,8. p75_trade_value,8474.999999999998,20496.0,O:ZION250417P00037500,ZION,P,37.5,2025-04-17,235,0,313,0.14,1742584867819000000,827,11578.000000000002,2025-03-21,3000.0,30,True,Multi Leg floor trade,Finance,Banks - West,49.16,49.73,48.53,49.51,42,4.063633545230784,20,4,0,0,0,1
ZION,Finance,Banks - West,25__0,25,0.0,5. p99_trade_value,47139.0,56490.0,O:ZION250417P00045000,ZION,P,45.0,2025-04-17,235,0,313,0.57,1742584867820000000,827,47139.0,2025-03-21,3000.0,30,True,Multi Leg floor trade,Finance,Banks - West,49.16,49.73,48.53,49.51,3,4.673380365225038,20,1,1,1,1,0
ZION,Finance,Banks - West,25__0,25,0.0,7. p90_trade_value,20640.0,29759.999999999996,O:ZION250417P00045000,ZION,P,45.0,2025-04-17,239,0,302,0.3,1742835604387000000,807,24210.0,2025-03-24,3000.0,30,True,Multi Leg floor trade against single leg(s),Finance,Banks - West,50.23,51.02,50.0,50.82,14,4.383994789441733,20,2,1,1,1,0
ZION,Finance,Banks - West,25__0,25,0.0,5. p99_trade_value,47139.0,56490.0,O:ZION250417P00047500,ZION,P,47.5,2025-04-17,239,0,302,0.7,1742835604456000000,807,56490.0,2025-03-24,3000.0,30,True,Multi Leg floor trade against single leg(s),Finance,Banks - West,50.23,51.02,50.0,50.82,2,4.751971574736327,20,1,1,1,1,0
ZION,Finance,Banks - West,25__0,25,0.0,6. p95_trade_value,31575.0,46816.0,O:ZION250417P00047500,ZION,P,47.5,2025-04-17,235,0,301,0.75,1743617690803000000,426,31950.0,2025-04-02,3000.0,30,True,Multi Leg floor trade,Finance,Banks - West,48.58,50.485,48.58,50.44,10,4.5044708624944185,20,1,1,1,1,0
ZION,Finance,Banks - West,25__0,25,0.0,8. p75_trade_value,8474.999999999998,20496.0,O:ZION250417P00030000,ZION,P,30.0,2025-04-17,235,0,313,0.25,1744213670591000000,532,13300.0,2025-04-09,3000.0,30,True,Multi Leg floor trade,Finance,Banks - West,41.22,46.41,39.43,45.73,37,4.123851640967086,20,4,0,0,0,1
ZION,Finance,Banks - West,25__0,25,0.0,6. p95_trade_value,31575.0,46816.0,O:ZION250417P00035000,ZION,P,35.0,2025-04-17,235,0,313,0.88,1744213670591000000,532,46816.0,2025-04-09,3000.0,30,True,Multi Leg floor trade,Finance,Banks - West,41.22,46.41,39.43,45.73,4,4.6703943044452165,20,1,0,0,0,1
ZION,Finance,Banks - West,25__0,25,0.0,8. p75_trade_value,8474.999999999998,20496.0,O:ZION250516P00040000,ZION,P,40.0,2025-05-16,209,0,302,1.6,1744830675503000000,99,15840.0,2025-04-16,3000.0,30,True,Automatic Execution,Finance,Banks - West,43.72,44.425,42.765,43.36,27,4.199755177253475,20,3,1,0,0,0
ZION,Finance,Banks - West,25__0,25,0.0,8. p75_trade_value,8474.999999999998,20496.0,O:ZION250516P00042500,ZION,P,42.5,2025-05-16,209,0,302,1.9,1744900181292000000,57,10830.0,2025-04-17,3000.0,30,True,Automatic Execution,Finance,Banks - West,43.64,44.8,43.41,44.28,44,4.03462845662532,20,4,1,0,0,0
ZION,Finance,Banks - West,25__0,25,0.0,8. p75_trade_value,8474.999999999998,20496.0,O:ZION250516C00050000,ZION,C,50.0,2025-05-16,235,0,300,0.27,1745250346121000000,639,17253.0,2025-04-21,3000.0,30,True,Multi Leg floor trade,Finance,Banks - West,44.25,44.63,43.055,43.62,25,4.236864622317388,20,3,1,0,0,0
ZION,Finance,Banks - West,25__0,25,0.0,8. p75_trade_value,8474.999999999998,20496.0,O:ZION250516P00032500,ZION,P,32.5,2025-05-16,235,0,300,0.25,1745250346121000000,639,15975.0,2025-04-21,3000.0,30,True,Multi Leg floor trade,Finance,Banks - West,44.25,44.63,43.055,43.62,26,4.203440866830438,20,3,0,0,0,1
ZION,Finance,Banks - West,25__0,25,0.0,1. p999999_trade_value,84348.0,84348.0,O:ZION250516P00040000,ZION,P,40.0,2025-05-16,235,0,300,1.32,1745250346121000000,639,84348.0,2025-04-21,3000.0,30,True,Multi Leg floor trade,Finance,Banks - West,44.25,44.63,43.055,43.62,1,4.92607478936425,20,1,1,0,0,0
ZION,Finance,Banks - West,25__0,25,0.0,7. p90_trade_value,20640.0,29759.999999999996,O:ZION250516P00042500,ZION,P,42.5,2025-05-16,233,0,312,2.14,1745249219919000000,100,21400.0,2025-04-21,3000.0,30,True,Multi Leg Auction,Finance,Banks - West,44.25,44.63,43.055,43.62,19,4.330413773349191,20,2,1,0,0,0
ZION,Finance,Banks - West,25__0,25,0.0,7. p90_trade_value,20640.0,29759.999999999996,O:ZION250516P00042500,ZION,P,42.5,2025-05-16,233,0,312,2.14,1745249219919000000,100,21400.0,2025-04-21,3000.0,30,True,Multi Leg Auction,Finance,Banks - West,44.25,44.63,43.055,43.62,20,4.330413773349191,20,2,1,0,0,0
ZION,Finance,Banks - West,25__0,25,0.0,8. p75_trade_value,8474.999999999998,20496.0,O:ZION250516P00042500,ZION,P,42.5,2025-05-16,209,0,320,2.2,1745259823557000000,65,14300.0,2025-04-21,3000.0,30,True,Automatic Execution,Finance,Banks - West,44.25,44.63,43.055,43.62,30,4.155336037465061,20,3,1,0,0,0
ZION,Finance,Banks - West,25__0,25,0.0,8. p75_trade_value,8474.999999999998,20496.0,O:ZION250516P00042500,ZION,P,42.5,2025-05-16,209,0,302,2.15,1745248207702000000,50,10750.0,2025-04-21,3000.0,30,True,Automatic Execution,Finance,Banks - West,44.25,44.63,43.055,43.62,45,4.031408464251625,20,5,1,0,0,0
ZION,Finance,Banks - West,25__0,25,0.0,7. p90_trade_value,20640.0,29759.999999999996,O:ZION250516P00045000,ZION,P,45.0,2025-05-16,235,0,313,0.77,1746203069956000000,300,23100.0,2025-05-02,3000.0,30,True,Multi Leg floor trade,Finance,Banks - West,46.16,46.78,45.79,46.61,15,4.363611979892144,20,2,0,0,0,1
ZION,Finance,Banks - West,25__0,25,0.0,8. p75_trade_value,8474.999999999998,20496.0,O:ZION250516P00045000,ZION,P,45.0,2025-05-16,235,0,313,0.67,1746716735076000000,215,14405.000000000002,2025-05-08,3000.0,30,True,Multi Leg floor trade,Finance,Banks - West,46.07,47.04,45.85,46.77,29,4.158513262616432,20,3,0,0,0,1
ZION,Finance,Banks - West,25__0,25,0.0,7. p90_trade_value,20640.0,29759.999999999996,O:ZION250620P00045000,ZION,P,45.0,2025-06-20,209,0,322,0.9,1748353741976000000,249,22410.0,2025-05-27,3000.0,30,True,Automatic Execution,Finance,Banks - West,47.28,47.71,46.495,47.71,16,4.3504418565350615,20,2,0,0,0,1
ZION,Finance,Banks - West,25__0,25,0.0,6. p95_trade_value,31575.0,46816.0,O:ZION250620P00045000,ZION,P,45.0,2025-06-20,209,0,308,0.35,1749049383417000000,1000,35000.0,2025-06-04,3000.0,30,True,Automatic Execution,Finance,Banks - West,48.17,48.515,47.57,47.58,6,4.544068044350276,20,1,0,0,0,1
FITB,Finance,Banks - Major Regional,25__0,25,0.0,5. p99_trade_value,123000.0,123000.0,O:FITB241115P00044000,FITB,P,44.0,2024-11-15,234,0,313,1.23,1729105313088000000,1000,123000.0,2024-10-16,3000.0,30,True,Multi Leg Cross,Finance,Banks - Major Regional,44.97,45.415,44.83,44.98,2,5.089905111439398,20,1,1,0,0,0
FITB,Finance,Banks - Major Regional,25__0,25,0.0,1. p999999_trade_value,200000.0,200000.0,O:FITB250117P00041000,FITB,P,41.0,2025-01-17,241,0,323,0.4,1735060720870000000,5000,200000.0,2024-12-24,3000.0,30,True,Stock Options Cross,Finance,Banks - Major Regional,42.92,43.05,42.64,43.04,1,5.301029995663981,20,1,1,0,0,0
KEY,Finance,Banks - Major Regional,25__2,25,2.0,5. p99_trade_value,340000.00000000006,340000.00000000006,O:KEY250516C00015000,KEY,C,15.0,2025-05-16,233,0,302,0.34,1744898164376000000,10000,340000.00000000006,2025-04-17,3000.0,30,True,Multi Leg Auction,Finance,Banks - Major Regional,14.5,14.73,14.215,14.27,3,5.531478917042255,20,1,1,1,1,0
KEY,Finance,Banks - Major Regional,25__2,25,2.0,5. p99_trade_value,340000.00000000006,340000.00000000006,O:KEY250516C00015000,KEY,C,15.0,2025-05-16,233,0,302,0.34,1744898164376000000,10000,340000.00000000006,2025-04-17,3000.0,30,True,Multi Leg Auction,Finance,Banks - Major Regional,14.5,14.73,14.215,14.27,2,5.531478917042255,20,1,1,1,1,0
KEY,Finance,Banks - Major Regional,25__2,25,2.0,1. p999999_trade_value,436186.00000000006,436186.00000000006,O:KEY250516C00015000,KEY,C,15.0,2025-05-16,233,0,302,0.34,1744898164376000000,12829,436186.00000000006,2025-04-17,3000.0,30,True,Multi Leg Auction,Finance,Banks - Major Regional,14.5,14.73,14.215,14.27,1,5.639671722177297,20,1,1,1,1,0
