security,sector,industry,final_cluster,trade_volume_bin,cluster,trade_value_category,max_trade_value,min_trade_value,itm_total,total,itm_pct,itm_threshold,ab,itm_running_total,running_total,itm_running_pct
A,Medical,Medical - Products,30__0,30,0.0,1. p999999_trade_value,357903.0,357903.0,1.0,1.0,1.0,0.75,1. ABOVE BASELINE,1.0,1.0,1.0
A,Medical,Medical - Products,30__0,30,0.0,5. p99_trade_value,269100.0,195000.0,3.0,5.0,0.6,0.75,2. BELOW BASELINE,4.0,6.0,0.6666666666666666
A,Medical,Medical - Products,30__0,30,0.0,6. p95_trade_value,135192.0,30870.0,13.0,24.0,0.5416666666666666,0.75,2. BELOW BASELINE,17.0,30.0,0.5666666666666667
A,Medical,Medical - Products,30__0,30,0.0,7. p90_trade_value,30000.0,17500.0,26.0,31.0,0.8387096774193549,0.75,2. BELOW BASELINE,43.0,61.0,0.7049180327868853
A,Medical,Medical - Products,30__0,30,0.0,8. p75_trade_value,17150.0,8575.0,64.0,86.0,0.7441860465116279,0.75,2. BELOW BASELINE,107.0,147.0,0.7278911564625851
ABBV,Medical,Large Cap Pharmaceuticals,40__0,40,0.0,1. p999999_trade_value,1260000.0,1260000.0,1.0,1.0,1.0,0.75,1. ABOVE BASELINE,1.0,1.0,1.0
ABBV,Medical,Large Cap Pharmaceuticals,40__0,40,0.0,4. p999_trade_value,1241999.9999999998,330762.5,6.0,7.0,0.8571428571428571,0.75,1. ABOVE BASELINE,7.0,8.0,0.875
ABBV,Medical,Large Cap Pharmaceuticals,40__0,40,0.0,5. p99_trade_value,288000.0,72000.0,44.0,64.0,0.6875,0.75,2. BELOW BASELINE,51.0,72.0,0.7083333333333334
ABBV,Medical,Large Cap Pharmaceuticals,40__0,40,0.0,6. p95_trade_value,71749.99999999999,24453.0,176.0,286.0,0.6153846153846154,0.75,2. BELOW BASELINE,227.0,358.0,0.6340782122905028
ABBV,Medical,Large Cap Pharmaceuticals,40__0,40,0.0,7. p90_trade_value,24420.0,15497.999999999998,215.0,358.0,0.6005586592178771,0.75,2. BELOW BASELINE,442.0,716.0,0.61731843575419
ABBV,Medical,Large Cap Pharmaceuticals,40__0,40,0.0,8. p75_trade_value,15486.000000000002,8400.0,682.0,1074.0,0.6350093109869647,0.75,2. BELOW BASELINE,1124.0,1790.0,0.6279329608938548
ABCL,Medical,Medical - Biomedical and Genetics,5__0,5,0.0,1. p999999_trade_value,6750.0,6750.0,0.0,1.0,0.0,0.75,2. BELOW BASELINE,0.0,1.0,0.0
ABEO,Medical,Medical - Biomedical and Genetics,15__0,15,0.0,1. p999999_trade_value,27608.0,27608.0,1.0,1.0,1.0,0.75,1. ABOVE BASELINE,1.0,1.0,1.0
ABEO,Medical,Medical - Biomedical and Genetics,15__0,15,0.0,6. p95_trade_value,19400.0,14600.0,2.0,2.0,1.0,0.75,1. ABOVE BASELINE,3.0,3.0,1.0
ABEO,Medical,Medical - Biomedical and Genetics,15__0,15,0.0,7. p90_trade_value,13000.0,12000.0,2.0,2.0,1.0,0.75,1. ABOVE BASELINE,5.0,5.0,1.0
ABEO,Medical,Medical - Biomedical and Genetics,15__0,15,0.0,8. p75_trade_value,10700.0,7200.0,4.0,6.0,0.6666666666666666,0.75,2. BELOW BASELINE,9.0,11.0,0.8181818181818182
ABSI,Medical,Medical - Biomedical and Genetics,15__0,15,0.0,1. p999999_trade_value,17061.0,17061.0,0.0,1.0,0.0,0.75,2. BELOW BASELINE,0.0,1.0,0.0
ABSI,Medical,Medical - Biomedical and Genetics,15__0,15,0.0,6. p95_trade_value,9525.0,7980.000000000001,2.0,2.0,1.0,0.75,2. BELOW BASELINE,2.0,3.0,0.6666666666666666
ABSI,Medical,Medical - Biomedical and Genetics,15__0,15,0.0,7. p90_trade_value,7500.0,7440.000000000001,1.0,2.0,0.5,0.75,2. BELOW BASELINE,3.0,5.0,0.6
ABSI,Medical,Medical - Biomedical and Genetics,15__0,15,0.0,8. p75_trade_value,7400.0,6440.000000000001,3.0,6.0,0.5,0.75,2. BELOW BASELINE,6.0,11.0,0.5454545454545454
ABT,Medical,Medical - Products,35__0,35,0.0,1. p999999_trade_value,458000.0,458000.0,1.0,1.0,1.0,0.75,1. ABOVE BASELINE,1.0,1.0,1.0
ABT,Medical,Medical - Products,35__0,35,0.0,4. p999_trade_value,430000.0,399735.0,1.0,2.0,0.5,0.75,2. BELOW BASELINE,2.0,3.0,0.6666666666666666
ABT,Medical,Medical - Products,35__0,35,0.0,5. p99_trade_value,392000.0,71024.0,13.0,20.0,0.65,0.75,2. BELOW BASELINE,15.0,23.0,0.6521739130434783
ABT,Medical,Medical - Products,35__0,35,0.0,6. p95_trade_value,70705.0,21400.0,55.0,91.0,0.6043956043956044,0.75,2. BELOW BASELINE,70.0,114.0,0.6140350877192983
ABT,Medical,Medical - Products,35__0,35,0.0,7. p90_trade_value,21389.999999999996,13992.000000000002,79.0,113.0,0.6991150442477876,0.75,2. BELOW BASELINE,149.0,227.0,0.6563876651982379
ABT,Medical,Medical - Products,35__0,35,0.0,8. p75_trade_value,13922.999999999998,7200.0,197.0,342.0,0.5760233918128655,0.75,2. BELOW BASELINE,346.0,569.0,0.6080843585237259
ABUS,Medical,Medical - Biomedical and Genetics,5__0,5,0.0,1. p999999_trade_value,6330.0,6330.0,0.0,1.0,0.0,0.75,2. BELOW BASELINE,0.0,1.0,0.0
ACAD,Medical,Medical - Biomedical and Genetics,20__0,20,0.0,1. p999999_trade_value,152750.0,152750.0,1.0,1.0,1.0,0.75,1. ABOVE BASELINE,1.0,1.0,1.0
ACAD,Medical,Medical - Biomedical and Genetics,20__0,20,0.0,6. p95_trade_value,141000.0,33250.0,1.0,4.0,0.25,0.75,2. BELOW BASELINE,2.0,5.0,0.4
ACAD,Medical,Medical - Biomedical and Genetics,20__0,20,0.0,7. p90_trade_value,24430.0,11160.0,1.0,5.0,0.2,0.75,2. BELOW BASELINE,3.0,10.0,0.3
ACAD,Medical,Medical - Biomedical and Genetics,20__0,20,0.0,8. p75_trade_value,9000.0,5950.0,7.0,14.0,0.5,0.75,2. BELOW BASELINE,10.0,24.0,0.4166666666666667
ACB,Medical,Medical - Products,15__0,15,0.0,1. p999999_trade_value,23088.0,23088.0,0.0,1.0,0.0,0.75,2. BELOW BASELINE,0.0,1.0,0.0
ACB,Medical,Medical - Products,15__0,15,0.0,6. p95_trade_value,20126.0,20000.0,0.0,2.0,0.0,0.75,2. BELOW BASELINE,0.0,3.0,0.0
ACB,Medical,Medical - Products,15__0,15,0.0,7. p90_trade_value,15980.000000000002,14586.999999999998,0.0,2.0,0.0,0.75,2. BELOW BASELINE,0.0,5.0,0.0
ACB,Medical,Medical - Products,15__0,15,0.0,8. p75_trade_value,9880.0,5544.0,2.0,7.0,0.2857142857142857,0.75,2. BELOW BASELINE,2.0,12.0,0.16666666666666666
ACHC,Medical,Medical - Hospital,25__0,25,0.0,1. p999999_trade_value,199200.0,199200.0,0.0,1.0,0.0,0.75,2. BELOW BASELINE,0.0,1.0,0.0
ACHC,Medical,Medical - Hospital,25__0,25,0.0,5. p99_trade_value,169280.00000000003,169280.00000000003,1.0,1.0,1.0,0.75,2. BELOW BASELINE,1.0,2.0,0.5
ACHC,Medical,Medical - Hospital,25__0,25,0.0,6. p95_trade_value,81000.0,34840.0,1.0,7.0,0.14285714285714285,0.75,2. BELOW BASELINE,2.0,9.0,0.2222222222222222
ACHC,Medical,Medical - Hospital,25__0,25,0.0,7. p90_trade_value,34160.0,17600.0,5.0,9.0,0.5555555555555556,0.75,2. BELOW BASELINE,7.0,18.0,0.3888888888888889
ACHC,Medical,Medical - Hospital,25__0,25,0.0,8. p75_trade_value,16492.0,10340.0,15.0,27.0,0.5555555555555556,0.75,2. BELOW BASELINE,22.0,45.0,0.4888888888888889
ACLX,Medical,Medical - Biomedical and Genetics,25__2,25,2.0,1. p999999_trade_value,500000.0,500000.0,0.0,1.0,0.0,0.75,2. BELOW BASELINE,0.0,1.0,0.0
ACLX,Medical,Medical - Biomedical and Genetics,25__2,25,2.0,5. p99_trade_value,270000.0,240000.0,5.0,5.0,1.0,0.75,2. BELOW BASELINE,5.0,6.0,0.8333333333333334
ACLX,Medical,Medical - Biomedical and Genetics,25__2,25,2.0,6. p95_trade_value,236250.0,175000.0,5.0,6.0,0.8333333333333334,0.75,2. BELOW BASELINE,10.0,12.0,0.8333333333333334
ACLX,Medical,Medical - Biomedical and Genetics,25__2,25,2.0,7. p90_trade_value,105000.0,45000.0,9.0,11.0,0.8181818181818182,0.75,2. BELOW BASELINE,19.0,23.0,0.8260869565217391
ACLX,Medical,Medical - Biomedical and Genetics,25__2,25,2.0,8. p75_trade_value,34300.0,9800.0,23.0,33.0,0.696969696969697,0.75,2. BELOW BASELINE,42.0,56.0,0.75
ACRS,Medical,Medical - Drugs,5__0,5,0.0,1. p999999_trade_value,5000.0,5000.0,0.0,1.0,0.0,0.75,2. BELOW BASELINE,0.0,1.0,0.0
ADCT,Medical,Medical - Biomedical and Genetics,0__2,0,2.0,1. p999999_trade_value,4500.0,4500.0,0.0,1.0,0.0,0.75,2. BELOW BASELINE,0.0,1.0,0.0
ADMA,Medical,Medical - Biomedical and Genetics,25__2,25,2.0,1. p999999_trade_value,669465.0,669465.0,1.0,1.0,1.0,0.75,1. ABOVE BASELINE,1.0,1.0,1.0
ADMA,Medical,Medical - Biomedical and Genetics,25__2,25,2.0,5. p99_trade_value,640922.0,396795.0,2.0,3.0,0.6666666666666666,0.75,2. BELOW BASELINE,3.0,4.0,0.75
ADMA,Medical,Medical - Biomedical and Genetics,25__2,25,2.0,6. p95_trade_value,329890.0,50000.0,6.0,14.0,0.42857142857142855,0.75,2. BELOW BASELINE,9.0,18.0,0.5
ADMA,Medical,Medical - Biomedical and Genetics,25__2,25,2.0,7. p90_trade_value,40905.0,21000.0,6.0,18.0,0.3333333333333333,0.75,2. BELOW BASELINE,15.0,36.0,0.4166666666666667
ADMA,Medical,Medical - Biomedical and Genetics,25__2,25,2.0,8. p75_trade_value,20895.0,10098.0,20.0,43.0,0.46511627906976744,0.75,2. BELOW BASELINE,35.0,79.0,0.4430379746835443
ADUS,Medical,Medical - Outpatient and Home Healthcare,15__0,15,0.0,1. p999999_trade_value,22500.0,22500.0,0.0,1.0,0.0,0.75,2. BELOW BASELINE,0.0,1.0,0.0
ADUS,Medical,Medical - Outpatient and Home Healthcare,15__0,15,0.0,6. p95_trade_value,15000.0,15000.0,1.0,1.0,1.0,0.75,2. BELOW BASELINE,1.0,2.0,0.5
ADUS,Medical,Medical - Outpatient and Home Healthcare,15__0,15,0.0,7. p90_trade_value,11069.999999999998,9200.0,2.0,2.0,1.0,0.75,2. BELOW BASELINE,3.0,4.0,0.75
ADUS,Medical,Medical - Outpatient and Home Healthcare,15__0,15,0.0,8. p75_trade_value,8820.0,7140.000000000001,6.0,6.0,1.0,0.75,2. BELOW BASELINE,9.0,10.0,0.9
AGEN,Medical,Medical - Biomedical and Genetics,15__0,15,0.0,1. p999999_trade_value,14700.0,14700.0,1.0,1.0,1.0,0.75,1. ABOVE BASELINE,1.0,1.0,1.0
AGEN,Medical,Medical - Biomedical and Genetics,15__0,15,0.0,6. p95_trade_value,13000.0,10430.0,0.0,2.0,0.0,0.75,2. BELOW BASELINE,1.0,3.0,0.3333333333333333
AGEN,Medical,Medical - Biomedical and Genetics,15__0,15,0.0,7. p90_trade_value,9000.0,8092.0,1.0,2.0,0.5,0.75,2. BELOW BASELINE,2.0,5.0,0.4
AGEN,Medical,Medical - Biomedical and Genetics,15__0,15,0.0,8. p75_trade_value,7200.0,5880.0,1.0,7.0,0.14285714285714285,0.75,2. BELOW BASELINE,3.0,12.0,0.25
AGIO,Medical,Medical - Biomedical and Genetics,15__0,15,0.0,1. p999999_trade_value,100000.0,100000.0,1.0,1.0,1.0,0.75,1. ABOVE BASELINE,1.0,1.0,1.0
AGIO,Medical,Medical - Biomedical and Genetics,15__0,15,0.0,6. p95_trade_value,59000.0,59000.0,0.0,1.0,0.0,0.75,2. BELOW BASELINE,1.0,2.0,0.5
AGIO,Medical,Medical - Biomedical and Genetics,15__0,15,0.0,7. p90_trade_value,40000.0,40000.0,2.0,2.0,1.0,0.75,2. BELOW BASELINE,3.0,4.0,0.75
AGIO,Medical,Medical - Biomedical and Genetics,15__0,15,0.0,8. p75_trade_value,14000.0,9800.0,2.0,3.0,0.6666666666666666,0.75,2. BELOW BASELINE,5.0,7.0,0.7142857142857143
AGL,Medical,Medical Services,10__0,10,0.0,1. p999999_trade_value,60000.0,60000.0,1.0,1.0,1.0,0.75,1. ABOVE BASELINE,1.0,1.0,1.0
AGL,Medical,Medical Services,10__0,10,0.0,8. p75_trade_value,17989.999999999996,13894.999999999998,2.0,2.0,1.0,0.75,1. ABOVE BASELINE,3.0,3.0,1.0
AHCO,Medical,Medical - Products,5__3,5,3.0,1. p999999_trade_value,13860.000000000002,13860.000000000002,0.0,1.0,0.0,0.75,2. BELOW BASELINE,0.0,1.0,0.0
AHCO,Medical,Medical - Products,5__3,5,3.0,8. p75_trade_value,11900.000000000002,11900.000000000002,1.0,1.0,1.0,0.75,2. BELOW BASELINE,1.0,2.0,0.5
AKBA,Medical,Medical - Drugs,0__2,0,2.0,1. p999999_trade_value,3500.0,3500.0,1.0,1.0,1.0,0.75,1. ABOVE BASELINE,1.0,1.0,1.0
AKRO,Medical,Medical - Biomedical and Genetics,25__0,25,0.0,1. p999999_trade_value,683530.0,683530.0,1.0,1.0,1.0,0.75,1. ABOVE BASELINE,1.0,1.0,1.0
AKRO,Medical,Medical - Biomedical and Genetics,25__0,25,0.0,5. p99_trade_value,123826.0,54000.0,1.0,3.0,0.3333333333333333,0.75,2. BELOW BASELINE,2.0,4.0,0.5
AKRO,Medical,Medical - Biomedical and Genetics,25__0,25,0.0,6. p95_trade_value,45880.0,21000.0,10.0,14.0,0.7142857142857143,0.75,2. BELOW BASELINE,12.0,18.0,0.6666666666666666
AKRO,Medical,Medical - Biomedical and Genetics,25__0,25,0.0,7. p90_trade_value,20499.999999999996,17176.0,17.0,22.0,0.7727272727272727,0.75,2. BELOW BASELINE,29.0,40.0,0.725
AKRO,Medical,Medical - Biomedical and Genetics,25__0,25,0.0,8. p75_trade_value,17020.0,7980.0,33.0,59.0,0.559322033898305,0.75,2. BELOW BASELINE,62.0,99.0,0.6262626262626263
ALC,Medical,Medical - Instruments,25__2,25,2.0,1. p999999_trade_value,343000.0,343000.0,1.0,1.0,1.0,0.75,1. ABOVE BASELINE,1.0,1.0,1.0
ALC,Medical,Medical - Instruments,25__2,25,2.0,5. p99_trade_value,319300.0,253500.0,2.0,2.0,1.0,0.75,1. ABOVE BASELINE,3.0,3.0,1.0
ALC,Medical,Medical - Instruments,25__2,25,2.0,6. p95_trade_value,190000.0,95000.0,8.0,10.0,0.8,0.75,1. ABOVE BASELINE,11.0,13.0,0.8461538461538461
ALC,Medical,Medical - Instruments,25__2,25,2.0,7. p90_trade_value,81000.0,43124.99999999999,5.0,13.0,0.38461538461538464,0.75,2. BELOW BASELINE,16.0,26.0,0.6153846153846154
ALC,Medical,Medical - Instruments,25__2,25,2.0,8. p75_trade_value,40480.0,9750.0,9.0,37.0,0.24324324324324326,0.75,2. BELOW BASELINE,25.0,63.0,0.3968253968253968
ALDX,Medical,Medical - Drugs,15__0,15,0.0,1. p999999_trade_value,51322.0,51322.0,0.0,1.0,0.0,0.75,2. BELOW BASELINE,0.0,1.0,0.0
ALDX,Medical,Medical - Drugs,15__0,15,0.0,6. p95_trade_value,18825.0,18825.0,0.0,1.0,0.0,0.75,2. BELOW BASELINE,0.0,2.0,0.0
ALDX,Medical,Medical - Drugs,15__0,15,0.0,7. p90_trade_value,15300.0,15000.0,1.0,2.0,0.5,0.75,2. BELOW BASELINE,1.0,4.0,0.25
ALDX,Medical,Medical - Drugs,15__0,15,0.0,8. p75_trade_value,14700.0,6750.0,1.0,5.0,0.2,0.75,2. BELOW BASELINE,2.0,9.0,0.2222222222222222
ALEC,Medical,Medical - Biomedical and Genetics,15__0,15,0.0,1. p999999_trade_value,60000.0,60000.0,0.0,1.0,0.0,0.75,2. BELOW BASELINE,0.0,1.0,0.0
ALEC,Medical,Medical - Biomedical and Genetics,15__0,15,0.0,6. p95_trade_value,9845.0,9845.0,1.0,1.0,1.0,0.75,2. BELOW BASELINE,1.0,2.0,0.5
ALEC,Medical,Medical - Biomedical and Genetics,15__0,15,0.0,7. p90_trade_value,8000.0,8000.0,0.0,1.0,0.0,0.75,2. BELOW BASELINE,1.0,3.0,0.3333333333333333
ALEC,Medical,Medical - Biomedical and Genetics,15__0,15,0.0,8. p75_trade_value,6500.0,6000.0,1.0,9.0,0.1111111111111111,0.75,2. BELOW BASELINE,2.0,12.0,0.16666666666666666
ALGN,Medical,Medical - Dental Supplies,35__0,35,0.0,1. p999999_trade_value,675000.0,675000.0,0.0,1.0,0.0,0.75,2. BELOW BASELINE,0.0,1.0,0.0
ALGN,Medical,Medical - Dental Supplies,35__0,35,0.0,4. p999_trade_value,281520.0,281520.0,1.0,1.0,1.0,0.75,2. BELOW BASELINE,1.0,2.0,0.5
ALGN,Medical,Medical - Dental Supplies,35__0,35,0.0,5. p99_trade_value,263400.0,65764.0,7.0,17.0,0.4117647058823529,0.75,2. BELOW BASELINE,8.0,19.0,0.42105263157894735
ALGN,Medical,Medical - Dental Supplies,35__0,35,0.0,6. p95_trade_value,60350.0,24255.0,46.0,72.0,0.6388888888888888,0.75,2. BELOW BASELINE,54.0,91.0,0.5934065934065934
ALGN,Medical,Medical - Dental Supplies,35__0,35,0.0,7. p90_trade_value,23880.0,15510.0,55.0,91.0,0.6043956043956044,0.75,2. BELOW BASELINE,109.0,182.0,0.5989010989010989
ALGN,Medical,Medical - Dental Supplies,35__0,35,0.0,8. p75_trade_value,15504.0,8400.0,152.0,272.0,0.5588235294117647,0.75,2. BELOW BASELINE,261.0,454.0,0.5748898678414097
ALGS,Medical,Medical - Biomedical and Genetics,0__2,0,2.0,1. p999999_trade_value,3400.0,3400.0,0.0,1.0,0.0,0.75,2. BELOW BASELINE,0.0,1.0,0.0
ALHC,Medical,Medical Services,20__2,20,2.0,1. p999999_trade_value,452920.0,452920.0,1.0,1.0,1.0,0.75,1. ABOVE BASELINE,1.0,1.0,1.0
ALHC,Medical,Medical Services,20__2,20,2.0,6. p95_trade_value,182260.0,160310.0,2.0,3.0,0.6666666666666666,0.75,2. BELOW BASELINE,3.0,4.0,0.75
ALHC,Medical,Medical Services,20__2,20,2.0,7. p90_trade_value,153504.0,144200.00000000003,0.0,3.0,0.0,0.75,2. BELOW BASELINE,3.0,7.0,0.42857142857142855
ALHC,Medical,Medical Services,20__2,20,2.0,8. p75_trade_value,135184.0,20000.0,4.0,11.0,0.36363636363636365,0.75,2. BELOW BASELINE,7.0,18.0,0.3888888888888889
ALKS,Medical,Medical - Biomedical and Genetics,15__0,15,0.0,1. p999999_trade_value,138319.99999999997,138319.99999999997,1.0,1.0,1.0,0.75,1. ABOVE BASELINE,1.0,1.0,1.0
ALKS,Medical,Medical - Biomedical and Genetics,15__0,15,0.0,6. p95_trade_value,120120.0,94000.0,2.0,2.0,1.0,0.75,1. ABOVE BASELINE,3.0,3.0,1.0
ALKS,Medical,Medical - Biomedical and Genetics,15__0,15,0.0,7. p90_trade_value,86240.0,58072.0,2.0,2.0,1.0,0.75,1. ABOVE BASELINE,5.0,5.0,1.0
ALKS,Medical,Medical - Biomedical and Genetics,15__0,15,0.0,8. p75_trade_value,36000.0,22500.0,6.0,8.0,0.75,0.75,1. ABOVE BASELINE,11.0,13.0,0.8461538461538461
ALLO,Medical,Medical - Biomedical and Genetics,10__0,10,0.0,1. p999999_trade_value,22920.0,22920.0,1.0,1.0,1.0,0.75,1. ABOVE BASELINE,1.0,1.0,1.0
ALLO,Medical,Medical - Biomedical and Genetics,10__0,10,0.0,8. p75_trade_value,16302.000000000002,13860.0,2.0,2.0,1.0,0.75,1. ABOVE BASELINE,3.0,3.0,1.0
ALNY,Medical,Medical - Biomedical and Genetics,30__0,30,0.0,1. p999999_trade_value,1161500.0,1161500.0,1.0,1.0,1.0,0.75,2. BELOW BASELINE,1.0,1.0,1.0
ALNY,Medical,Medical - Biomedical and Genetics,30__0,30,0.0,4. p999_trade_value,544000.0,544000.0,0.0,1.0,0.0,0.75,2. BELOW BASELINE,1.0,2.0,0.5
ALNY,Medical,Medical - Biomedical and Genetics,30__0,30,0.0,5. p99_trade_value,249000.0,96031.0,6.0,9.0,0.6666666666666666,0.75,2. BELOW BASELINE,7.0,11.0,0.6363636363636364
ALNY,Medical,Medical - Biomedical and Genetics,30__0,30,0.0,6. p95_trade_value,93000.0,30479.999999999996,38.0,44.0,0.8636363636363636,0.75,2. BELOW BASELINE,45.0,55.0,0.8181818181818182
ALNY,Medical,Medical - Biomedical and Genetics,30__0,30,0.0,7. p90_trade_value,30456.0,17520.0,32.0,54.0,0.5925925925925926,0.75,2. BELOW BASELINE,77.0,109.0,0.7064220183486238
ALNY,Medical,Medical - Biomedical and Genetics,30__0,30,0.0,8. p75_trade_value,17511.0,7809.999999999999,99.0,163.0,0.6073619631901841,0.75,2. BELOW BASELINE,176.0,272.0,0.6470588235294118
ALT,Medical,Medical - Drugs,30__2,30,2.0,1. p999999_trade_value,478500.0,478500.0,1.0,1.0,1.0,0.75,1. ABOVE BASELINE,1.0,1.0,1.0
ALT,Medical,Medical - Drugs,30__2,30,2.0,5. p99_trade_value,129600.0,44800.0,3.0,5.0,0.6,0.75,2. BELOW BASELINE,4.0,6.0,0.6666666666666666
ALT,Medical,Medical - Drugs,30__2,30,2.0,6. p95_trade_value,41800.0,17520.0,10.0,24.0,0.4166666666666667,0.75,2. BELOW BASELINE,14.0,30.0,0.4666666666666667
ALT,Medical,Medical - Drugs,30__2,30,2.0,7. p90_trade_value,17200.0,12360.0,10.0,30.0,0.3333333333333333,0.75,2. BELOW BASELINE,24.0,60.0,0.4
ALT,Medical,Medical - Drugs,30__2,30,2.0,8. p75_trade_value,12200.0,7700.0,39.0,90.0,0.43333333333333335,0.75,2. BELOW BASELINE,63.0,150.0,0.42
ALUR,Medical,Medical - Products,5__0,5,0.0,1. p999999_trade_value,4800.0,4800.0,1.0,1.0,1.0,0.75,1. ABOVE BASELINE,1.0,1.0,1.0
ALXO,Medical,Medical - Biomedical and Genetics,5__0,5,0.0,1. p999999_trade_value,4975.0,4975.0,0.0,2.0,0.0,0.75,2. BELOW BASELINE,0.0,2.0,0.0
AMED,Medical,Medical - Outpatient and Home Healthcare,15__0,15,0.0,1. p999999_trade_value,75000.0,75000.0,1.0,2.0,0.5,0.75,2. BELOW BASELINE,1.0,2.0,0.5
AMED,Medical,Medical - Outpatient and Home Healthcare,15__0,15,0.0,7. p90_trade_value,50000.0,50000.0,1.0,1.0,1.0,0.75,2. BELOW BASELINE,2.0,3.0,0.6666666666666666
AMED,Medical,Medical - Outpatient and Home Healthcare,15__0,15,0.0,8. p75_trade_value,45000.0,24000.0,2.0,5.0,0.4,0.75,2. BELOW BASELINE,4.0,8.0,0.5
AMGN,Medical,Medical - Biomedical and Genetics,40__0,40,0.0,1. p999999_trade_value,1277707.0,1277707.0,1.0,1.0,1.0,0.75,2. BELOW BASELINE,1.0,1.0,1.0
AMGN,Medical,Medical - Biomedical and Genetics,40__0,40,0.0,4. p999_trade_value,899200.0,441000.0,3.0,8.0,0.375,0.75,2. BELOW BASELINE,4.0,9.0,0.4444444444444444
AMGN,Medical,Medical - Biomedical and Genetics,40__0,40,0.0,5. p99_trade_value,417500.0,79560.0,37.0,75.0,0.49333333333333335,0.75,2. BELOW BASELINE,41.0,84.0,0.4880952380952381
AMGN,Medical,Medical - Biomedical and Genetics,40__0,40,0.0,6. p95_trade_value,78120.0,26600.0,199.0,332.0,0.5993975903614458,0.75,2. BELOW BASELINE,240.0,416.0,0.5769230769230769
AMGN,Medical,Medical - Biomedical and Genetics,40__0,40,0.0,7. p90_trade_value,26564.0,16960.0,230.0,416.0,0.5528846153846154,0.75,2. BELOW BASELINE,470.0,832.0,0.5649038461538461
AMGN,Medical,Medical - Biomedical and Genetics,40__0,40,0.0,8. p75_trade_value,16940.0,8515.0,715.0,1248.0,0.5729166666666666,0.75,2. BELOW BASELINE,1185.0,2080.0,0.5697115384615384
AMLX,Medical,Medical - Drugs,5__0,5,0.0,1. p999999_trade_value,4550.0,4550.0,1.0,1.0,1.0,0.75,1. ABOVE BASELINE,1.0,1.0,1.0
AMN,Medical,Medical Services,15__0,15,0.0,1. p999999_trade_value,37450.0,37450.0,0.0,1.0,0.0,0.75,2. BELOW BASELINE,0.0,1.0,0.0
AMN,Medical,Medical Services,15__0,15,0.0,6. p95_trade_value,23219.0,17664.0,0.0,2.0,0.0,0.75,2. BELOW BASELINE,0.0,3.0,0.0
AMN,Medical,Medical Services,15__0,15,0.0,7. p90_trade_value,16092.000000000002,11160.0,0.0,3.0,0.0,0.75,2. BELOW BASELINE,0.0,6.0,0.0
AMN,Medical,Medical Services,15__0,15,0.0,8. p75_trade_value,10500.0,8715.0,4.0,7.0,0.5714285714285714,0.75,2. BELOW BASELINE,4.0,13.0,0.3076923076923077
AMRN,Medical,Medical - Biomedical and Genetics,5__0,5,0.0,1. p999999_trade_value,8625.0,8625.0,1.0,1.0,1.0,0.75,1. ABOVE BASELINE,1.0,1.0,1.0
AMRX,Medical,Medical - Drugs,10__3,10,3.0,1. p999999_trade_value,103214.99999999999,103214.99999999999,0.0,1.0,0.0,0.75,2. BELOW BASELINE,0.0,1.0,0.0
AMRX,Medical,Medical - Drugs,10__3,10,3.0,7. p90_trade_value,18645.0,18645.0,0.0,1.0,0.0,0.75,2. BELOW BASELINE,0.0,2.0,0.0
AMRX,Medical,Medical - Drugs,10__3,10,3.0,8. p75_trade_value,5000.0,4815.0,0.0,2.0,0.0,0.75,2. BELOW BASELINE,0.0,4.0,0.0
AMWL,Medical,Medical Info Systems,0__2,0,2.0,1. p999999_trade_value,5750.0,5750.0,0.0,1.0,0.0,0.75,2. BELOW BASELINE,0.0,1.0,0.0
ANAB,Medical,Medical - Biomedical and Genetics,25__2,25,2.0,1. p999999_trade_value,705000.0,705000.0,1.0,1.0,1.0,0.75,1. ABOVE BASELINE,1.0,1.0,1.0
ANAB,Medical,Medical - Biomedical and Genetics,25__2,25,2.0,5. p99_trade_value,675000.0,202390.0,3.0,3.0,1.0,0.75,1. ABOVE BASELINE,4.0,4.0,1.0
ANAB,Medical,Medical - Biomedical and Genetics,25__2,25,2.0,6. p95_trade_value,187985.0,45270.00000000001,6.0,12.0,0.5,0.75,2. BELOW BASELINE,10.0,16.0,0.625
ANAB,Medical,Medical - Biomedical and Genetics,25__2,25,2.0,7. p90_trade_value,41700.0,29970.0,8.0,15.0,0.5333333333333333,0.75,2. BELOW BASELINE,18.0,31.0,0.5806451612903226
ANAB,Medical,Medical - Biomedical and Genetics,25__2,25,2.0,8. p75_trade_value,27350.0,12900.0,34.0,45.0,0.7555555555555555,0.75,2. BELOW BASELINE,52.0,76.0,0.6842105263157895
ANIK,Medical,Medical - Biomedical and Genetics,5__0,5,0.0,1. p999999_trade_value,7480.0,7480.0,0.0,1.0,0.0,0.75,2. BELOW BASELINE,0.0,1.0,0.0
ANIP,Medical,Medical - Biomedical and Genetics,5__0,5,0.0,1. p999999_trade_value,4230.0,4230.0,0.0,1.0,0.0,0.75,2. BELOW BASELINE,0.0,1.0,0.0
ANNX,Medical,Medical - Biomedical and Genetics,10__0,10,0.0,1. p999999_trade_value,14760.0,14760.0,0.0,1.0,0.0,0.75,2. BELOW BASELINE,0.0,1.0,0.0
ANNX,Medical,Medical - Biomedical and Genetics,10__0,10,0.0,8. p75_trade_value,6920.0,4900.0,0.0,2.0,0.0,0.75,2. BELOW BASELINE,0.0,3.0,0.0
ANRO,Medical,Medical - Biomedical and Genetics,20__0,20,0.0,1. p999999_trade_value,207000.0,207000.0,1.0,1.0,1.0,0.75,1. ABOVE BASELINE,1.0,1.0,1.0
ANRO,Medical,Medical - Biomedical and Genetics,20__0,20,0.0,6. p95_trade_value,102000.0,15680.000000000002,2.0,3.0,0.6666666666666666,0.75,2. BELOW BASELINE,3.0,4.0,0.75
ANRO,Medical,Medical - Biomedical and Genetics,20__0,20,0.0,7. p90_trade_value,14760.0,12540.0,2.0,2.0,1.0,0.75,2. BELOW BASELINE,5.0,6.0,0.8333333333333334
ANRO,Medical,Medical - Biomedical and Genetics,20__0,20,0.0,8. p75_trade_value,11499.999999999998,6580.0,6.0,11.0,0.5454545454545454,0.75,2. BELOW BASELINE,11.0,17.0,0.6470588235294118
ANVS,Medical,Medical - Biomedical and Genetics,10__0,10,0.0,1. p999999_trade_value,14000.0,14000.0,0.0,1.0,0.0,0.75,2. BELOW BASELINE,0.0,1.0,0.0
ANVS,Medical,Medical - Biomedical and Genetics,10__0,10,0.0,7. p90_trade_value,10450.000000000002,10450.000000000002,1.0,1.0,1.0,0.75,2. BELOW BASELINE,1.0,2.0,0.5
ANVS,Medical,Medical - Biomedical and Genetics,10__0,10,0.0,8. p75_trade_value,10000.0,9600.0,2.0,2.0,1.0,0.75,2. BELOW BASELINE,3.0,4.0,0.75
APGE,Medical,Medical - Biomedical and Genetics,15__0,15,0.0,1. p999999_trade_value,204000.00000000003,204000.00000000003,0.0,1.0,0.0,0.75,2. BELOW BASELINE,0.0,1.0,0.0
APGE,Medical,Medical - Biomedical and Genetics,15__0,15,0.0,6. p95_trade_value,162000.0,51379.99999999999,1.0,2.0,0.5,0.75,2. BELOW BASELINE,1.0,3.0,0.3333333333333333
APGE,Medical,Medical - Biomedical and Genetics,15__0,15,0.0,7. p90_trade_value,19740.0,16520.0,1.0,3.0,0.3333333333333333,0.75,2. BELOW BASELINE,2.0,6.0,0.3333333333333333
APGE,Medical,Medical - Biomedical and Genetics,15__0,15,0.0,8. p75_trade_value,14950.0,11250.0,5.0,9.0,0.5555555555555556,0.75,2. BELOW BASELINE,7.0,15.0,0.4666666666666667
APLS,Medical,Medical - Biomedical and Genetics,25__0,25,0.0,1. p999999_trade_value,469775.0,469775.0,0.0,1.0,0.0,0.75,2. BELOW BASELINE,0.0,1.0,0.0
APLS,Medical,Medical - Biomedical and Genetics,25__0,25,0.0,5. p99_trade_value,420000.0,85000.0,1.0,2.0,0.5,0.75,2. BELOW BASELINE,1.0,3.0,0.3333333333333333
APLS,Medical,Medical - Biomedical and Genetics,25__0,25,0.0,6. p95_trade_value,75000.0,24500.000000000004,4.0,12.0,0.3333333333333333,0.75,2. BELOW BASELINE,5.0,15.0,0.3333333333333333
APLS,Medical,Medical - Biomedical and Genetics,25__0,25,0.0,7. p90_trade_value,20000.0,13661.999999999998,3.0,14.0,0.21428571428571427,0.75,2. BELOW BASELINE,8.0,29.0,0.27586206896551724
APLS,Medical,Medical - Biomedical and Genetics,25__0,25,0.0,8. p75_trade_value,13547.0,8000.0,24.0,44.0,0.5454545454545454,0.75,2. BELOW BASELINE,32.0,73.0,0.4383561643835616
APLT,Medical,Medical - Biomedical and Genetics,25__0,25,0.0,1. p999999_trade_value,525000.0,525000.0,1.0,1.0,1.0,0.75,1. ABOVE BASELINE,1.0,1.0,1.0
APLT,Medical,Medical - Biomedical and Genetics,25__0,25,0.0,5. p99_trade_value,405000.0,200000.0,1.0,2.0,0.5,0.75,2. BELOW BASELINE,2.0,3.0,0.6666666666666666
APLT,Medical,Medical - Biomedical and Genetics,25__0,25,0.0,6. p95_trade_value,100000.0,40800.0,3.0,8.0,0.375,0.75,2. BELOW BASELINE,5.0,11.0,0.45454545454545453
APLT,Medical,Medical - Biomedical and Genetics,25__0,25,0.0,7. p90_trade_value,34775.0,21250.0,7.0,10.0,0.7,0.75,2. BELOW BASELINE,12.0,21.0,0.5714285714285714
APLT,Medical,Medical - Biomedical and Genetics,25__0,25,0.0,8. p75_trade_value,21165.0,15147.0,26.0,30.0,0.8666666666666667,0.75,2. BELOW BASELINE,38.0,51.0,0.7450980392156863
AQST,Medical,Medical - Drugs,10__0,10,0.0,1. p999999_trade_value,9020.0,9020.0,0.0,1.0,0.0,0.75,2. BELOW BASELINE,0.0,1.0,0.0
AQST,Medical,Medical - Drugs,10__0,10,0.0,8. p75_trade_value,6000.0,6000.0,0.0,1.0,0.0,0.75,2. BELOW BASELINE,0.0,2.0,0.0
ARCT,Medical,Medical - Biomedical and Genetics,15__0,15,0.0,1. p999999_trade_value,21520.0,21520.0,0.0,1.0,0.0,0.75,2. BELOW BASELINE,0.0,1.0,0.0
ARCT,Medical,Medical - Biomedical and Genetics,15__0,15,0.0,6. p95_trade_value,11000.000000000002,11000.000000000002,1.0,1.0,1.0,0.75,2. BELOW BASELINE,1.0,2.0,0.5
ARCT,Medical,Medical - Biomedical and Genetics,15__0,15,0.0,7. p90_trade_value,9500.0,9000.0,2.0,2.0,1.0,0.75,2. BELOW BASELINE,3.0,4.0,0.75
ARCT,Medical,Medical - Biomedical and Genetics,15__0,15,0.0,8. p75_trade_value,8880.000000000002,7000.0,5.0,5.0,1.0,0.75,2. BELOW BASELINE,8.0,9.0,0.8888888888888888
ARDT,Medical,Medical Services,10__0,10,0.0,1. p999999_trade_value,33810.0,33810.0,0.0,1.0,0.0,0.75,2. BELOW BASELINE,0.0,1.0,0.0
ARDT,Medical,Medical Services,10__0,10,0.0,8. p75_trade_value,27900.0,27900.0,0.0,1.0,0.0,0.75,2. BELOW BASELINE,0.0,2.0,0.0
ARDX,Medical,Medical - Drugs,20__0,20,0.0,1. p999999_trade_value,26524.0,26524.0,1.0,1.0,1.0,0.75,1. ABOVE BASELINE,1.0,1.0,1.0
ARDX,Medical,Medical - Drugs,20__0,20,0.0,6. p95_trade_value,25000.0,15000.0,3.0,3.0,1.0,0.75,1. ABOVE BASELINE,4.0,4.0,1.0
ARDX,Medical,Medical - Drugs,20__0,20,0.0,7. p90_trade_value,14819.999999999998,11410.0,3.0,4.0,0.75,0.75,1. ABOVE BASELINE,7.0,8.0,0.875
ARDX,Medical,Medical - Drugs,20__0,20,0.0,8. p75_trade_value,10500.0,6250.0,10.0,14.0,0.7142857142857143,0.75,2. BELOW BASELINE,17.0,22.0,0.7727272727272727
ARGX,Medical,Medical - Biomedical and Genetics,30__0,30,0.0,1. p999999_trade_value,1200000.0,1200000.0,0.0,1.0,0.0,0.75,2. BELOW BASELINE,0.0,1.0,0.0
ARGX,Medical,Medical - Biomedical and Genetics,30__0,30,0.0,5. p99_trade_value,407999.99999999994,56000.0,4.0,6.0,0.6666666666666666,0.75,2. BELOW BASELINE,4.0,7.0,0.5714285714285714
ARGX,Medical,Medical - Biomedical and Genetics,30__0,30,0.0,6. p95_trade_value,51800.0,19500.0,22.0,28.0,0.7857142857142857,0.75,2. BELOW BASELINE,26.0,35.0,0.7428571428571429
ARGX,Medical,Medical - Biomedical and Genetics,30__0,30,0.0,7. p90_trade_value,19344.0,14500.0,18.0,32.0,0.5625,0.75,2. BELOW BASELINE,44.0,67.0,0.6567164179104478
ARGX,Medical,Medical - Biomedical and Genetics,30__0,30,0.0,8. p75_trade_value,14240.0,9000.0,55.0,101.0,0.5445544554455446,0.75,2. BELOW BASELINE,99.0,168.0,0.5892857142857143
ARQT,Medical,Medical - Biomedical and Genetics,20__2,20,2.0,1. p999999_trade_value,325000.0,325000.0,0.0,1.0,0.0,0.75,2. BELOW BASELINE,0.0,1.0,0.0
ARQT,Medical,Medical - Biomedical and Genetics,20__2,20,2.0,5. p99_trade_value,292500.0,292500.0,0.0,1.0,0.0,0.75,2. BELOW BASELINE,0.0,2.0,0.0
ARQT,Medical,Medical - Biomedical and Genetics,20__2,20,2.0,6. p95_trade_value,262500.0,103500.0,2.0,5.0,0.4,0.75,2. BELOW BASELINE,2.0,7.0,0.2857142857142857
ARQT,Medical,Medical - Biomedical and Genetics,20__2,20,2.0,7. p90_trade_value,101250.0,75000.0,2.0,7.0,0.2857142857142857,0.75,2. BELOW BASELINE,4.0,14.0,0.2857142857142857
ARQT,Medical,Medical - Biomedical and Genetics,20__2,20,2.0,8. p75_trade_value,70450.0,19940.0,6.0,18.0,0.3333333333333333,0.75,2. BELOW BASELINE,10.0,32.0,0.3125
ARVN,Medical,Medical - Biomedical and Genetics,25__2,25,2.0,1. p999999_trade_value,503470.00000000006,503470.00000000006,1.0,1.0,1.0,0.75,1. ABOVE BASELINE,1.0,1.0,1.0
ARVN,Medical,Medical - Biomedical and Genetics,25__2,25,2.0,5. p99_trade_value,480000.0,359100.0,1.0,3.0,0.3333333333333333,0.75,2. BELOW BASELINE,2.0,4.0,0.5
ARVN,Medical,Medical - Biomedical and Genetics,25__2,25,2.0,6. p95_trade_value,290000.0,160000.0,0.0,13.0,0.0,0.75,2. BELOW BASELINE,2.0,17.0,0.11764705882352941
ARVN,Medical,Medical - Biomedical and Genetics,25__2,25,2.0,7. p90_trade_value,147000.0,70000.0,7.0,17.0,0.4117647058823529,0.75,2. BELOW BASELINE,9.0,34.0,0.2647058823529412
ARVN,Medical,Medical - Biomedical and Genetics,25__2,25,2.0,8. p75_trade_value,65000.0,15400.0,16.0,51.0,0.3137254901960784,0.75,2. BELOW BASELINE,25.0,85.0,0.29411764705882354
ARWR,Medical,Medical - Biomedical and Genetics,15__0,15,0.0,1. p999999_trade_value,54329.99999999999,54329.99999999999,1.0,1.0,1.0,0.75,1. ABOVE BASELINE,1.0,1.0,1.0
ARWR,Medical,Medical - Biomedical and Genetics,15__0,15,0.0,6. p95_trade_value,22500.0,22500.0,0.0,1.0,0.0,0.75,2. BELOW BASELINE,1.0,2.0,0.5
ARWR,Medical,Medical - Biomedical and Genetics,15__0,15,0.0,7. p90_trade_value,20000.0,18210.0,0.0,2.0,0.0,0.75,2. BELOW BASELINE,1.0,4.0,0.25
ARWR,Medical,Medical - Biomedical and Genetics,15__0,15,0.0,8. p75_trade_value,14000.0,8190.000000000001,2.0,6.0,0.3333333333333333,0.75,2. BELOW BASELINE,3.0,10.0,0.3
ASND,Medical,Medical - Biomedical and Genetics,20__1,20,1.0,1. p999999_trade_value,615000.0,615000.0,0.0,1.0,0.0,0.75,2. BELOW BASELINE,0.0,1.0,0.0
ASND,Medical,Medical - Biomedical and Genetics,20__1,20,1.0,5. p99_trade_value,142970.0,142970.0,1.0,1.0,1.0,0.75,2. BELOW BASELINE,1.0,2.0,0.5
ASND,Medical,Medical - Biomedical and Genetics,20__1,20,1.0,6. p95_trade_value,134620.0,58290.0,2.0,4.0,0.5,0.75,2. BELOW BASELINE,3.0,6.0,0.5
ASND,Medical,Medical - Biomedical and Genetics,20__1,20,1.0,7. p90_trade_value,57000.0,33998.0,2.0,6.0,0.3333333333333333,0.75,2. BELOW BASELINE,5.0,12.0,0.4166666666666667
ASND,Medical,Medical - Biomedical and Genetics,20__1,20,1.0,8. p75_trade_value,32189.999999999996,11550.0,13.0,18.0,0.7222222222222222,0.75,2. BELOW BASELINE,18.0,30.0,0.6
ASTH,Medical,Medical - Outpatient and Home Healthcare,15__2,15,2.0,1. p999999_trade_value,1476020.0,1476020.0,0.0,1.0,0.0,0.75,1. ABOVE BASELINE,0.0,1.0,0.0
ASTH,Medical,Medical - Outpatient and Home Healthcare,15__2,15,2.0,6. p95_trade_value,940320.0000000001,940320.0000000001,1.0,1.0,1.0,0.75,1. ABOVE BASELINE,1.0,2.0,0.5
ASTH,Medical,Medical - Outpatient and Home Healthcare,15__2,15,2.0,7. p90_trade_value,449600.0,449600.0,0.0,1.0,0.0,0.75,2. BELOW BASELINE,1.0,3.0,0.3333333333333333
ASTH,Medical,Medical - Outpatient and Home Healthcare,15__2,15,2.0,8. p75_trade_value,67455.0,44975.0,0.0,3.0,0.0,0.75,2. BELOW BASELINE,1.0,6.0,0.16666666666666666
ATAI,Medical,Medical - Outpatient and Home Healthcare,15__0,15,0.0,1. p999999_trade_value,72870.0,72870.0,1.0,1.0,1.0,0.75,1. ABOVE BASELINE,1.0,1.0,1.0
ATAI,Medical,Medical - Outpatient and Home Healthcare,15__0,15,0.0,7. p90_trade_value,32868.0,32868.0,1.0,1.0,1.0,0.75,1. ABOVE BASELINE,2.0,2.0,1.0
ATAI,Medical,Medical - Outpatient and Home Healthcare,15__0,15,0.0,8. p75_trade_value,19950.0,7950.0,2.0,3.0,0.6666666666666666,0.75,2. BELOW BASELINE,4.0,5.0,0.8
ATEC,Medical,Medical - Instruments,20__1,20,1.0,1. p999999_trade_value,183600.0,183600.0,1.0,1.0,1.0,0.75,1. ABOVE BASELINE,1.0,1.0,1.0
ATEC,Medical,Medical - Instruments,20__1,20,1.0,6. p95_trade_value,157950.0,62500.0,2.0,3.0,0.6666666666666666,0.75,2. BELOW BASELINE,3.0,4.0,0.75
ATEC,Medical,Medical - Instruments,20__1,20,1.0,7. p90_trade_value,48000.0,39000.0,3.0,4.0,0.75,0.75,2. BELOW BASELINE,6.0,8.0,0.75
ATEC,Medical,Medical - Instruments,20__1,20,1.0,8. p75_trade_value,33600.0,15750.0,8.0,10.0,0.8,0.75,2. BELOW BASELINE,14.0,18.0,0.7777777777777778
ATHA,Medical,Medical - Biomedical and Genetics,10__0,10,0.0,1. p999999_trade_value,14940.0,14940.0,1.0,1.0,1.0,0.75,1. ABOVE BASELINE,1.0,1.0,1.0
ATHA,Medical,Medical - Biomedical and Genetics,10__0,10,0.0,7. p90_trade_value,5625.0,5625.0,1.0,1.0,1.0,0.75,1. ABOVE BASELINE,2.0,2.0,1.0
ATHA,Medical,Medical - Biomedical and Genetics,10__0,10,0.0,8. p75_trade_value,5100.0,5100.0,1.0,1.0,1.0,0.75,1. ABOVE BASELINE,3.0,3.0,1.0
ATRC,Medical,Medical - Products,0__2,0,2.0,1. p999999_trade_value,5200.0,5200.0,1.0,1.0,1.0,0.75,1. ABOVE BASELINE,1.0,1.0,1.0
ATXS,Medical,Medical - Biomedical and Genetics,0__2,0,2.0,1. p999999_trade_value,5100.0,5100.0,1.0,1.0,1.0,0.75,1. ABOVE BASELINE,1.0,1.0,1.0
ATYR,Medical,Medical - Biomedical and Genetics,10__0,10,0.0,1. p999999_trade_value,15600.0,15600.0,0.0,1.0,0.0,0.75,2. BELOW BASELINE,0.0,1.0,0.0
ATYR,Medical,Medical - Biomedical and Genetics,10__0,10,0.0,8. p75_trade_value,11975.0,11975.0,0.0,1.0,0.0,0.75,2. BELOW BASELINE,0.0,2.0,0.0
AUPH,Medical,Medical - Drugs,15__0,15,0.0,1. p999999_trade_value,12500.0,12500.0,0.0,2.0,0.0,0.75,2. BELOW BASELINE,0.0,2.0,0.0
AUPH,Medical,Medical - Drugs,15__0,15,0.0,7. p90_trade_value,10650.0,10650.0,0.0,1.0,0.0,0.75,2. BELOW BASELINE,0.0,3.0,0.0
AUPH,Medical,Medical - Drugs,15__0,15,0.0,8. p75_trade_value,10500.0,8440.0,0.0,4.0,0.0,0.75,2. BELOW BASELINE,0.0,7.0,0.0
AURA,Medical,Medical - Biomedical and Genetics,10__0,10,0.0,1. p999999_trade_value,10500.0,10500.0,0.0,1.0,0.0,0.75,2. BELOW BASELINE,0.0,1.0,0.0
AURA,Medical,Medical - Biomedical and Genetics,10__0,10,0.0,8. p75_trade_value,6615.000000000001,6615.000000000001,0.0,1.0,0.0,0.75,2. BELOW BASELINE,0.0,2.0,0.0
AUTL,Medical,Medical - Biomedical and Genetics,5__0,5,0.0,1. p999999_trade_value,8070.0,8070.0,1.0,1.0,1.0,0.75,1. ABOVE BASELINE,1.0,1.0,1.0
AVDL,Medical,Medical - Drugs,20__0,20,0.0,1. p999999_trade_value,74250.00000000001,74250.00000000001,1.0,1.0,1.0,0.75,1. ABOVE BASELINE,1.0,1.0,1.0
AVDL,Medical,Medical - Drugs,20__0,20,0.0,5. p99_trade_value,27489.0,27489.0,1.0,2.0,0.5,0.75,2. BELOW BASELINE,2.0,3.0,0.6666666666666666
AVDL,Medical,Medical - Drugs,20__0,20,0.0,6. p95_trade_value,24080.0,19470.0,0.0,3.0,0.0,0.75,2. BELOW BASELINE,2.0,6.0,0.3333333333333333
AVDL,Medical,Medical - Drugs,20__0,20,0.0,7. p90_trade_value,14400.0,10416.0,2.0,5.0,0.4,0.75,2. BELOW BASELINE,4.0,11.0,0.36363636363636365
AVDL,Medical,Medical - Drugs,20__0,20,0.0,8. p75_trade_value,10350.0,6500.0,4.0,18.0,0.2222222222222222,0.75,2. BELOW BASELINE,8.0,29.0,0.27586206896551724
AVNS,Medical,Medical - Instruments,5__0,5,0.0,1. p999999_trade_value,6500.0,6500.0,1.0,1.0,1.0,0.75,1. ABOVE BASELINE,1.0,1.0,1.0
AVTR,Medical,Medical Services,25__2,25,2.0,1. p999999_trade_value,429795.0,429795.0,1.0,1.0,1.0,0.75,1. ABOVE BASELINE,1.0,1.0,1.0
AVTR,Medical,Medical Services,25__2,25,2.0,5. p99_trade_value,304500.0,304500.0,0.0,1.0,0.0,0.75,2. BELOW BASELINE,1.0,2.0,0.5
AVTR,Medical,Medical Services,25__2,25,2.0,6. p95_trade_value,239219.99999999997,100000.0,2.0,8.0,0.25,0.75,2. BELOW BASELINE,3.0,10.0,0.3
AVTR,Medical,Medical Services,25__2,25,2.0,7. p90_trade_value,55640.0,21010.000000000004,5.0,10.0,0.5,0.75,2. BELOW BASELINE,8.0,20.0,0.4
AVTR,Medical,Medical Services,25__2,25,2.0,8. p75_trade_value,19800.0,8080.000000000001,19.0,29.0,0.6551724137931034,0.75,2. BELOW BASELINE,27.0,49.0,0.5510204081632653
AVXL,Medical,Medical - Biomedical and Genetics,20__0,20,0.0,1. p999999_trade_value,212500.0,212500.0,0.0,1.0,0.0,0.75,2. BELOW BASELINE,0.0,1.0,0.0
AVXL,Medical,Medical - Biomedical and Genetics,20__0,20,0.0,5. p99_trade_value,50350.0,50350.0,0.0,1.0,0.0,0.75,2. BELOW BASELINE,0.0,2.0,0.0
AVXL,Medical,Medical - Biomedical and Genetics,20__0,20,0.0,6. p95_trade_value,22590.0,16960.0,1.0,5.0,0.2,0.75,2. BELOW BASELINE,1.0,7.0,0.14285714285714285
AVXL,Medical,Medical - Biomedical and Genetics,20__0,20,0.0,7. p90_trade_value,15000.0,10780.000000000002,3.0,7.0,0.42857142857142855,0.75,2. BELOW BASELINE,4.0,14.0,0.2857142857142857
AVXL,Medical,Medical - Biomedical and Genetics,20__0,20,0.0,8. p75_trade_value,10000.0,6500.0,14.0,23.0,0.6086956521739131,0.75,2. BELOW BASELINE,18.0,37.0,0.4864864864864865
AXGN,Medical,Medical - Instruments,10__0,10,0.0,1. p999999_trade_value,11600.0,11600.0,0.0,1.0,0.0,0.75,2. BELOW BASELINE,0.0,1.0,0.0
AXGN,Medical,Medical - Instruments,10__0,10,0.0,7. p90_trade_value,9320.0,9320.0,0.0,1.0,0.0,0.75,2. BELOW BASELINE,0.0,2.0,0.0
AXGN,Medical,Medical - Instruments,10__0,10,0.0,8. p75_trade_value,7470.0,7470.0,1.0,1.0,1.0,0.75,2. BELOW BASELINE,1.0,3.0,0.3333333333333333
AXSM,Medical,Medical - Biomedical and Genetics,30__0,30,0.0,1. p999999_trade_value,960000.0,960000.0,1.0,1.0,1.0,0.75,1. ABOVE BASELINE,1.0,1.0,1.0
AXSM,Medical,Medical - Biomedical and Genetics,30__0,30,0.0,5. p99_trade_value,730000.0,264000.0,3.0,9.0,0.3333333333333333,0.75,2. BELOW BASELINE,4.0,10.0,0.4
AXSM,Medical,Medical - Biomedical and Genetics,30__0,30,0.0,6. p95_trade_value,210000.0,33640.0,16.0,40.0,0.4,0.75,2. BELOW BASELINE,20.0,50.0,0.4
AXSM,Medical,Medical - Biomedical and Genetics,30__0,30,0.0,7. p90_trade_value,32000.0,19500.0,24.0,49.0,0.4897959183673469,0.75,2. BELOW BASELINE,44.0,99.0,0.4444444444444444
AXSM,Medical,Medical - Biomedical and Genetics,30__0,30,0.0,8. p75_trade_value,19200.0,9310.0,83.0,147.0,0.564625850340136,0.75,2. BELOW BASELINE,127.0,246.0,0.516260162601626
AZN,Medical,Medical - Biomedical and Genetics,30__0,30,0.0,1. p999999_trade_value,804004.0,804004.0,1.0,1.0,1.0,0.75,1. ABOVE BASELINE,1.0,1.0,1.0
AZN,Medical,Medical - Biomedical and Genetics,30__0,30,0.0,4. p999_trade_value,671500.0,671500.0,0.0,1.0,0.0,0.75,2. BELOW BASELINE,1.0,2.0,0.5
AZN,Medical,Medical - Biomedical and Genetics,30__0,30,0.0,5. p99_trade_value,576000.0,154000.0,6.0,11.0,0.5454545454545454,0.75,2. BELOW BASELINE,7.0,13.0,0.5384615384615384
AZN,Medical,Medical - Biomedical and Genetics,30__0,30,0.0,6. p95_trade_value,150000.0,42660.0,26.0,51.0,0.5098039215686274,0.75,2. BELOW BASELINE,33.0,64.0,0.515625
AZN,Medical,Medical - Biomedical and Genetics,30__0,30,0.0,7. p90_trade_value,42000.00000000001,15677.999999999996,33.0,63.0,0.5238095238095238,0.75,2. BELOW BASELINE,66.0,127.0,0.5196850393700787
AZN,Medical,Medical - Biomedical and Genetics,30__0,30,0.0,8. p75_trade_value,15390.0,8568.0,96.0,189.0,0.5079365079365079,0.75,2. BELOW BASELINE,162.0,316.0,0.5126582278481012
AZTA,Medical,Medical Info Systems,10__3,10,3.0,1. p999999_trade_value,260000.0,260000.0,1.0,1.0,1.0,0.75,1. ABOVE BASELINE,1.0,1.0,1.0
AZTA,Medical,Medical Info Systems,10__3,10,3.0,8. p75_trade_value,12665.0,12665.0,1.0,1.0,1.0,0.75,1. ABOVE BASELINE,2.0,2.0,1.0
BAX,Medical,Medical - Products,25__0,25,0.0,1. p999999_trade_value,295000.0,295000.0,0.0,1.0,0.0,0.75,2. BELOW BASELINE,0.0,1.0,0.0
BAX,Medical,Medical - Products,25__0,25,0.0,5. p99_trade_value,182280.0,140000.0,0.0,3.0,0.0,0.75,2. BELOW BASELINE,0.0,4.0,0.0
BAX,Medical,Medical - Products,25__0,25,0.0,6. p95_trade_value,120000.0,40000.0,2.0,13.0,0.15384615384615385,0.75,2. BELOW BASELINE,2.0,17.0,0.11764705882352941
BAX,Medical,Medical - Products,25__0,25,0.0,7. p90_trade_value,37554.99999999999,20000.0,7.0,18.0,0.3888888888888889,0.75,2. BELOW BASELINE,9.0,35.0,0.2571428571428571
BAX,Medical,Medical - Products,25__0,25,0.0,8. p75_trade_value,19625.0,8325.0,24.0,49.0,0.4897959183673469,0.75,2. BELOW BASELINE,33.0,84.0,0.39285714285714285
BBIO,Medical,Medical - Generic Drugs,25__0,25,0.0,1. p999999_trade_value,200000.0,200000.0,0.0,1.0,0.0,0.75,2. BELOW BASELINE,0.0,1.0,0.0
BBIO,Medical,Medical - Generic Drugs,25__0,25,0.0,5. p99_trade_value,150000.0,97804.0,0.0,4.0,0.0,0.75,2. BELOW BASELINE,0.0,5.0,0.0
BBIO,Medical,Medical - Generic Drugs,25__0,25,0.0,6. p95_trade_value,97305.0,27600.0,9.0,20.0,0.45,0.75,2. BELOW BASELINE,9.0,25.0,0.36
BBIO,Medical,Medical - Generic Drugs,25__0,25,0.0,7. p90_trade_value,27000.0,17500.0,12.0,24.0,0.5,0.75,2. BELOW BASELINE,21.0,49.0,0.42857142857142855
BBIO,Medical,Medical - Generic Drugs,25__0,25,0.0,8. p75_trade_value,17250.0,9300.0,38.0,72.0,0.5277777777777778,0.75,2. BELOW BASELINE,59.0,121.0,0.48760330578512395
BCAB,Medical,Medical - Biomedical and Genetics,10__0,10,0.0,1. p999999_trade_value,6075.0,6075.0,1.0,1.0,1.0,0.75,1. ABOVE BASELINE,1.0,1.0,1.0
BCAB,Medical,Medical - Biomedical and Genetics,10__0,10,0.0,8. p75_trade_value,5920.0,5920.0,0.0,1.0,0.0,0.75,2. BELOW BASELINE,1.0,2.0,0.5
BCAX,Medical,Medical - Biomedical and Genetics,5__0,5,0.0,1. p999999_trade_value,3950.0,3950.0,0.0,1.0,0.0,0.75,2. BELOW BASELINE,0.0,1.0,0.0
BCRX,Medical,Medical - Drugs,15__0,15,0.0,1. p999999_trade_value,17550.0,17550.0,0.0,1.0,0.0,0.75,2. BELOW BASELINE,0.0,1.0,0.0
BCRX,Medical,Medical - Drugs,15__0,15,0.0,6. p95_trade_value,10000.0,10000.0,0.0,1.0,0.0,0.75,2. BELOW BASELINE,0.0,2.0,0.0
BCRX,Medical,Medical - Drugs,15__0,15,0.0,7. p90_trade_value,7945.999999999999,7945.999999999999,1.0,1.0,1.0,0.75,2. BELOW BASELINE,1.0,3.0,0.3333333333333333
BCRX,Medical,Medical - Drugs,15__0,15,0.0,8. p75_trade_value,7340.000000000001,6000.0,0.0,3.0,0.0,0.75,2. BELOW BASELINE,1.0,6.0,0.16666666666666666
BCYC,Medical,Medical - Biomedical and Genetics,10__0,10,0.0,1. p999999_trade_value,68150.0,68150.0,0.0,1.0,0.0,0.75,2. BELOW BASELINE,0.0,1.0,0.0
BCYC,Medical,Medical - Biomedical and Genetics,10__0,10,0.0,7. p90_trade_value,50120.0,50120.0,0.0,1.0,0.0,0.75,2. BELOW BASELINE,0.0,2.0,0.0
BCYC,Medical,Medical - Biomedical and Genetics,10__0,10,0.0,8. p75_trade_value,33000.0,6195.0,0.0,3.0,0.0,0.75,2. BELOW BASELINE,0.0,5.0,0.0
BDSX,Medical,Medical Services,10__0,10,0.0,1. p999999_trade_value,11400.0,11400.0,0.0,1.0,0.0,0.75,2. BELOW BASELINE,0.0,1.0,0.0
BDSX,Medical,Medical Services,10__0,10,0.0,8. p75_trade_value,9000.0,9000.0,0.0,1.0,0.0,0.75,2. BELOW BASELINE,0.0,2.0,0.0
BDTX,Medical,Medical - Biomedical and Genetics,15__0,15,0.0,1. p999999_trade_value,59400.0,59400.0,0.0,1.0,0.0,0.75,2. BELOW BASELINE,0.0,1.0,0.0
BDTX,Medical,Medical - Biomedical and Genetics,15__0,15,0.0,6. p95_trade_value,37000.0,37000.0,0.0,1.0,0.0,0.75,2. BELOW BASELINE,0.0,2.0,0.0
BDTX,Medical,Medical - Biomedical and Genetics,15__0,15,0.0,7. p90_trade_value,16100.0,10349.999999999998,0.0,2.0,0.0,0.75,2. BELOW BASELINE,0.0,4.0,0.0
BDTX,Medical,Medical - Biomedical and Genetics,15__0,15,0.0,8. p75_trade_value,10318.0,7500.0,1.0,6.0,0.16666666666666666,0.75,2. BELOW BASELINE,1.0,10.0,0.1
BDX,Medical,Medical - Dental Supplies,30__0,30,0.0,1. p999999_trade_value,821520.0000000001,821520.0000000001,1.0,1.0,1.0,0.75,1. ABOVE BASELINE,1.0,1.0,1.0
BDX,Medical,Medical - Dental Supplies,30__0,30,0.0,5. p99_trade_value,469500.0,253494.99999999997,2.0,5.0,0.4,0.75,2. BELOW BASELINE,3.0,6.0,0.5
BDX,Medical,Medical - Dental Supplies,30__0,30,0.0,6. p95_trade_value,240125.0,31360.000000000004,12.0,23.0,0.5217391304347826,0.75,2. BELOW BASELINE,15.0,29.0,0.5172413793103449
BDX,Medical,Medical - Dental Supplies,30__0,30,0.0,7. p90_trade_value,30000.0,14210.0,10.0,29.0,0.3448275862068966,0.75,2. BELOW BASELINE,25.0,58.0,0.43103448275862066
BDX,Medical,Medical - Dental Supplies,30__0,30,0.0,8. p75_trade_value,14190.0,9600.0,53.0,87.0,0.6091954022988506,0.75,2. BELOW BASELINE,78.0,145.0,0.5379310344827586
BEAM,Medical,Medical - Biomedical and Genetics,20__0,20,0.0,1. p999999_trade_value,34100.0,34100.0,1.0,1.0,1.0,0.75,1. ABOVE BASELINE,1.0,1.0,1.0
BEAM,Medical,Medical - Biomedical and Genetics,20__0,20,0.0,5. p99_trade_value,33000.0,33000.0,1.0,1.0,1.0,0.75,1. ABOVE BASELINE,2.0,2.0,1.0
BEAM,Medical,Medical - Biomedical and Genetics,20__0,20,0.0,6. p95_trade_value,20580.0,15200.0,5.0,5.0,1.0,0.75,1. ABOVE BASELINE,7.0,7.0,1.0
BEAM,Medical,Medical - Biomedical and Genetics,20__0,20,0.0,7. p90_trade_value,15000.0,11480.0,3.0,6.0,0.5,0.75,2. BELOW BASELINE,10.0,13.0,0.7692307692307693
BEAM,Medical,Medical - Biomedical and Genetics,20__0,20,0.0,8. p75_trade_value,11155.0,7980.0,7.0,19.0,0.3684210526315789,0.75,2. BELOW BASELINE,17.0,32.0,0.53125
BFLY,Medical,Medical Info Systems,5__0,5,0.0,1. p999999_trade_value,13000.0,13000.0,1.0,1.0,1.0,0.75,1. ABOVE BASELINE,1.0,1.0,1.0
BHC,Medical,Medical - Generic Drugs,20__1,20,1.0,1. p999999_trade_value,338592.0,338592.0,0.0,1.0,0.0,0.75,2. BELOW BASELINE,0.0,1.0,0.0
BHC,Medical,Medical - Generic Drugs,20__1,20,1.0,6. p95_trade_value,300000.0,17888.0,1.0,4.0,0.25,0.75,2. BELOW BASELINE,1.0,5.0,0.2
BHC,Medical,Medical - Generic Drugs,20__1,20,1.0,7. p90_trade_value,15098.999999999998,10887.0,0.0,5.0,0.0,0.75,2. BELOW BASELINE,1.0,10.0,0.1
BHC,Medical,Medical - Generic Drugs,20__1,20,1.0,8. p75_trade_value,10603.0,5480.0,4.0,12.0,0.3333333333333333,0.75,2. BELOW BASELINE,5.0,22.0,0.22727272727272727
BHVN,Medical,Medical - Biomedical and Genetics,25__2,25,2.0,1. p999999_trade_value,539120.0000000001,539120.0000000001,0.0,1.0,0.0,0.75,2. BELOW BASELINE,0.0,1.0,0.0
BHVN,Medical,Medical - Biomedical and Genetics,25__2,25,2.0,5. p99_trade_value,244000.0,219600.0,2.0,4.0,0.5,0.75,2. BELOW BASELINE,2.0,5.0,0.4
BHVN,Medical,Medical - Biomedical and Genetics,25__2,25,2.0,6. p95_trade_value,211129.99999999997,55460.0,12.0,19.0,0.631578947368421,0.75,2. BELOW BASELINE,14.0,24.0,0.5833333333333334
BHVN,Medical,Medical - Biomedical and Genetics,25__2,25,2.0,7. p90_trade_value,47500.0,19530.0,11.0,24.0,0.4583333333333333,0.75,2. BELOW BASELINE,25.0,48.0,0.5208333333333334
BHVN,Medical,Medical - Biomedical and Genetics,25__2,25,2.0,8. p75_trade_value,19000.0,7350.0,32.0,70.0,0.45714285714285713,0.75,2. BELOW BASELINE,57.0,118.0,0.4830508474576271
BIIB,Medical,Medical - Biomedical and Genetics,30__2,30,2.0,1. p999999_trade_value,134640.0,134640.0,0.0,1.0,0.0,0.75,2. BELOW BASELINE,0.0,1.0,0.0
BIIB,Medical,Medical - Biomedical and Genetics,30__2,30,2.0,5. p99_trade_value,112200.0,50366.99999999999,4.0,7.0,0.5714285714285714,0.75,2. BELOW BASELINE,4.0,8.0,0.5
BIIB,Medical,Medical - Biomedical and Genetics,30__2,30,2.0,6. p95_trade_value,43890.0,17759.0,16.0,30.0,0.5333333333333333,0.75,2. BELOW BASELINE,20.0,38.0,0.5263157894736842
BIIB,Medical,Medical - Biomedical and Genetics,30__2,30,2.0,7. p90_trade_value,16611.0,13225.0,23.0,36.0,0.6388888888888888,0.75,2. BELOW BASELINE,43.0,74.0,0.581081081081081
BIIB,Medical,Medical - Biomedical and Genetics,30__2,30,2.0,8. p75_trade_value,13200.0,7400.0,69.0,111.0,0.6216216216216216,0.75,2. BELOW BASELINE,112.0,185.0,0.6054054054054054
BIO,Medical,Medical - Products,15__0,15,0.0,1. p999999_trade_value,133000.0,133000.0,1.0,1.0,1.0,0.75,1. ABOVE BASELINE,1.0,1.0,1.0
BIO,Medical,Medical - Products,15__0,15,0.0,6. p95_trade_value,101250.0,101250.0,1.0,1.0,1.0,0.75,1. ABOVE BASELINE,2.0,2.0,1.0
BIO,Medical,Medical - Products,15__0,15,0.0,7. p90_trade_value,60000.0,43000.0,0.0,2.0,0.0,0.75,2. BELOW BASELINE,2.0,4.0,0.5
BIO,Medical,Medical - Products,15__0,15,0.0,8. p75_trade_value,30750.0,12800.0,2.0,4.0,0.5,0.75,2. BELOW BASELINE,4.0,8.0,0.5
BKD,Medical,Medical - Nursing Homes,0__2,0,2.0,1. p999999_trade_value,4000.0,4000.0,1.0,1.0,1.0,0.75,1. ABOVE BASELINE,1.0,1.0,1.0
BLCO,Medical,Medical Services,15__0,15,0.0,1. p999999_trade_value,26412.0,26412.0,0.0,1.0,0.0,0.75,2. BELOW BASELINE,0.0,1.0,0.0
BLCO,Medical,Medical Services,15__0,15,0.0,6. p95_trade_value,24000.0,24000.0,1.0,1.0,1.0,0.75,2. BELOW BASELINE,1.0,2.0,0.5
BLCO,Medical,Medical Services,15__0,15,0.0,7. p90_trade_value,18225.0,18225.0,1.0,1.0,1.0,0.75,2. BELOW BASELINE,2.0,3.0,0.6666666666666666
BLCO,Medical,Medical Services,15__0,15,0.0,8. p75_trade_value,15250.0,12500.0,1.0,5.0,0.2,0.75,2. BELOW BASELINE,3.0,8.0,0.375
BLFS,Medical,Medical - Products,5__3,5,3.0,1. p999999_trade_value,15840.0,15840.0,0.0,1.0,0.0,0.75,2. BELOW BASELINE,0.0,1.0,0.0
BLRX,Medical,Medical - Drugs,5__0,5,0.0,1. p999999_trade_value,3730.0000000000005,3730.0000000000005,1.0,1.0,1.0,0.75,1. ABOVE BASELINE,1.0,1.0,1.0
BMEA,Medical,Medical - Biomedical and Genetics,20__0,20,0.0,1. p999999_trade_value,81000.0,81000.0,0.0,1.0,0.0,0.75,2. BELOW BASELINE,0.0,1.0,0.0
BMEA,Medical,Medical - Biomedical and Genetics,20__0,20,0.0,6. p95_trade_value,54000.0,14925.0,1.0,4.0,0.25,0.75,2. BELOW BASELINE,1.0,5.0,0.2
BMEA,Medical,Medical - Biomedical and Genetics,20__0,20,0.0,7. p90_trade_value,11200.000000000002,10000.0,4.0,5.0,0.8,0.75,2. BELOW BASELINE,5.0,10.0,0.5
BMEA,Medical,Medical - Biomedical and Genetics,20__0,20,0.0,8. p75_trade_value,9000.0,7144.0,5.0,11.0,0.45454545454545453,0.75,2. BELOW BASELINE,10.0,21.0,0.47619047619047616
BMRA,Medical,Medical - Drugs,5__0,5,0.0,1. p999999_trade_value,4960.0,4960.0,0.0,1.0,0.0,0.75,2. BELOW BASELINE,0.0,1.0,0.0
BMRN,Medical,Medical - Biomedical and Genetics,25__0,25,0.0,1. p999999_trade_value,174150.0,174150.0,1.0,1.0,1.0,0.75,1. ABOVE BASELINE,1.0,1.0,1.0
BMRN,Medical,Medical - Biomedical and Genetics,25__0,25,0.0,5. p99_trade_value,130400.0,102000.0,2.0,2.0,1.0,0.75,1. ABOVE BASELINE,3.0,3.0,1.0
BMRN,Medical,Medical - Biomedical and Genetics,25__0,25,0.0,6. p95_trade_value,100210.00000000001,54075.0,2.0,10.0,0.2,0.75,2. BELOW BASELINE,5.0,13.0,0.38461538461538464
BMRN,Medical,Medical - Biomedical and Genetics,25__0,25,0.0,7. p90_trade_value,38480.0,20580.0,8.0,12.0,0.6666666666666666,0.75,2. BELOW BASELINE,13.0,25.0,0.52
BMRN,Medical,Medical - Biomedical and Genetics,25__0,25,0.0,8. p75_trade_value,18500.0,9000.0,15.0,37.0,0.40540540540540543,0.75,2. BELOW BASELINE,28.0,62.0,0.45161290322580644
BMY,Medical,Medical - Biomedical and Genetics,35__0,35,0.0,1. p999999_trade_value,770000.0000000001,770000.0000000001,1.0,1.0,1.0,0.75,1. ABOVE BASELINE,1.0,1.0,1.0
BMY,Medical,Medical - Biomedical and Genetics,35__0,35,0.0,4. p999_trade_value,352872.0,344999.99999999994,2.0,2.0,1.0,0.75,1. ABOVE BASELINE,3.0,3.0,1.0
BMY,Medical,Medical - Biomedical and Genetics,35__0,35,0.0,5. p99_trade_value,315000.0,97500.0,20.0,24.0,0.8333333333333334,0.75,1. ABOVE BASELINE,23.0,27.0,0.8518518518518519
BMY,Medical,Medical - Biomedical and Genetics,35__0,35,0.0,6. p95_trade_value,97200.00000000001,25500.0,68.0,105.0,0.6476190476190476,0.75,2. BELOW BASELINE,91.0,132.0,0.6893939393939394
BMY,Medical,Medical - Biomedical and Genetics,35__0,35,0.0,7. p90_trade_value,25454.0,14756.0,80.0,131.0,0.6106870229007634,0.75,2. BELOW BASELINE,171.0,263.0,0.6501901140684411
BMY,Medical,Medical - Biomedical and Genetics,35__0,35,0.0,8. p75_trade_value,14742.000000000002,7984.0,235.0,393.0,0.5979643765903307,0.75,2. BELOW BASELINE,406.0,656.0,0.6189024390243902
BNGO,Medical,Medical - Biomedical and Genetics,5__0,5,0.0,1. p999999_trade_value,3750.0,3750.0,0.0,1.0,0.0,0.75,2. BELOW BASELINE,0.0,1.0,0.0
BNTX,Medical,Medical - Biomedical and Genetics,30__2,30,2.0,1. p999999_trade_value,208350.0,208350.0,0.0,1.0,0.0,0.75,2. BELOW BASELINE,0.0,1.0,0.0
BNTX,Medical,Medical - Biomedical and Genetics,30__2,30,2.0,4. p999_trade_value,124000.0,124000.0,1.0,1.0,1.0,0.75,2. BELOW BASELINE,1.0,2.0,0.5
BNTX,Medical,Medical - Biomedical and Genetics,30__2,30,2.0,5. p99_trade_value,120000.0,76000.0,11.0,12.0,0.9166666666666666,0.75,2. BELOW BASELINE,12.0,14.0,0.8571428571428571
BNTX,Medical,Medical - Biomedical and Genetics,30__2,30,2.0,6. p95_trade_value,74000.0,28210.000000000004,40.0,52.0,0.7692307692307693,0.75,2. BELOW BASELINE,52.0,66.0,0.7878787878787878
BNTX,Medical,Medical - Biomedical and Genetics,30__2,30,2.0,7. p90_trade_value,28140.000000000004,18810.0,41.0,66.0,0.6212121212121212,0.75,2. BELOW BASELINE,93.0,132.0,0.7045454545454546
BNTX,Medical,Medical - Biomedical and Genetics,30__2,30,2.0,8. p75_trade_value,18720.0,9700.0,115.0,197.0,0.583756345177665,0.75,2. BELOW BASELINE,208.0,329.0,0.6322188449848024
BPMC,Medical,Medical - Biomedical and Genetics,30__1,30,1.0,1. p999999_trade_value,2162000.0,2162000.0,1.0,1.0,1.0,0.75,2. BELOW BASELINE,1.0,1.0,1.0
BPMC,Medical,Medical - Biomedical and Genetics,30__1,30,1.0,5. p99_trade_value,270000.0,107414.99999999999,3.0,5.0,0.6,0.75,2. BELOW BASELINE,4.0,6.0,0.6666666666666666
BPMC,Medical,Medical - Biomedical and Genetics,30__1,30,1.0,6. p95_trade_value,106500.0,38430.0,11.0,24.0,0.4583333333333333,0.75,2. BELOW BASELINE,15.0,30.0,0.5
BPMC,Medical,Medical - Biomedical and Genetics,30__1,30,1.0,7. p90_trade_value,36120.0,18020.0,14.0,30.0,0.4666666666666667,0.75,2. BELOW BASELINE,29.0,60.0,0.48333333333333334
BPMC,Medical,Medical - Biomedical and Genetics,30__1,30,1.0,8. p75_trade_value,17939.999999999996,9130.0,34.0,90.0,0.37777777777777777,0.75,2. BELOW BASELINE,63.0,150.0,0.42
BSX,Medical,Medical - Products,35__2,35,2.0,1. p999999_trade_value,560000.0000000001,560000.0000000001,0.0,1.0,0.0,0.75,2. BELOW BASELINE,0.0,1.0,0.0
BSX,Medical,Medical - Products,35__2,35,2.0,4. p999_trade_value,525000.0,522500.0,0.0,2.0,0.0,0.75,2. BELOW BASELINE,0.0,3.0,0.0
BSX,Medical,Medical - Products,35__2,35,2.0,5. p99_trade_value,450900.0,146616.0,9.0,19.0,0.47368421052631576,0.75,2. BELOW BASELINE,9.0,22.0,0.4090909090909091
BSX,Medical,Medical - Products,35__2,35,2.0,6. p95_trade_value,145000.0,36000.0,42.0,89.0,0.47191011235955055,0.75,2. BELOW BASELINE,51.0,111.0,0.4594594594594595
BSX,Medical,Medical - Products,35__2,35,2.0,7. p90_trade_value,35700.0,19250.0,42.0,106.0,0.39622641509433965,0.75,2. BELOW BASELINE,93.0,217.0,0.42857142857142855
BSX,Medical,Medical - Products,35__2,35,2.0,8. p75_trade_value,19240.0,9519.999999999998,163.0,325.0,0.5015384615384615,0.75,2. BELOW BASELINE,256.0,542.0,0.47232472324723246
BTAI,Medical,Medical - Biomedical and Genetics,0__2,0,2.0,1. p999999_trade_value,6500.0,6500.0,0.0,1.0,0.0,0.75,2. BELOW BASELINE,0.0,1.0,0.0
BTSG,Medical,Medical Services,10__0,10,0.0,1. p999999_trade_value,55000.0,55000.0,1.0,1.0,1.0,0.75,1. ABOVE BASELINE,1.0,1.0,1.0
BTSG,Medical,Medical Services,10__0,10,0.0,8. p75_trade_value,49500.0,49500.0,1.0,1.0,1.0,0.75,1. ABOVE BASELINE,2.0,2.0,1.0
BVS,Medical,Medical - Drugs,5__0,5,0.0,1. p999999_trade_value,5390.0,5390.0,0.0,1.0,0.0,0.75,2. BELOW BASELINE,0.0,1.0,0.0
CABA,Medical,Medical - Biomedical and Genetics,20__0,20,0.0,1. p999999_trade_value,36000.0,36000.0,0.0,1.0,0.0,0.75,2. BELOW BASELINE,0.0,1.0,0.0
CABA,Medical,Medical - Biomedical and Genetics,20__0,20,0.0,6. p95_trade_value,27000.0,17400.0,0.0,4.0,0.0,0.75,2. BELOW BASELINE,0.0,5.0,0.0
CABA,Medical,Medical - Biomedical and Genetics,20__0,20,0.0,7. p90_trade_value,12705.0,10000.0,1.0,5.0,0.2,0.75,2. BELOW BASELINE,1.0,10.0,0.1
CABA,Medical,Medical - Biomedical and Genetics,20__0,20,0.0,8. p75_trade_value,9600.0,6500.0,3.0,13.0,0.23076923076923078,0.75,2. BELOW BASELINE,4.0,23.0,0.17391304347826086
CADL,Medical,Medical - Biomedical and Genetics,25__0,25,0.0,1. p999999_trade_value,60615.00000000001,60615.00000000001,0.0,1.0,0.0,0.75,2. BELOW BASELINE,0.0,1.0,0.0
CADL,Medical,Medical - Biomedical and Genetics,25__0,25,0.0,5. p99_trade_value,29900.0,27359.999999999996,2.0,2.0,1.0,0.75,2. BELOW BASELINE,2.0,3.0,0.6666666666666666
CADL,Medical,Medical - Biomedical and Genetics,25__0,25,0.0,6. p95_trade_value,24250.0,17760.0,3.0,8.0,0.375,0.75,2. BELOW BASELINE,5.0,11.0,0.45454545454545453
CADL,Medical,Medical - Biomedical and Genetics,25__0,25,0.0,7. p90_trade_value,16000.0,11700.0,2.0,10.0,0.2,0.75,2. BELOW BASELINE,7.0,21.0,0.3333333333333333
CADL,Medical,Medical - Biomedical and Genetics,25__0,25,0.0,8. p75_trade_value,11269.999999999998,7300.0,17.0,30.0,0.5666666666666667,0.75,2. BELOW BASELINE,24.0,51.0,0.47058823529411764
CAH,Medical,Medical - Dental Supplies,35__2,35,2.0,1. p999999_trade_value,685344.0,685344.0,0.0,1.0,0.0,0.75,2. BELOW BASELINE,0.0,1.0,0.0
CAH,Medical,Medical - Dental Supplies,35__2,35,2.0,4. p999_trade_value,544640.0,490000.0,3.0,3.0,1.0,0.75,2. BELOW BASELINE,3.0,4.0,0.75
CAH,Medical,Medical - Dental Supplies,35__2,35,2.0,5. p99_trade_value,442500.0,95000.0,20.0,27.0,0.7407407407407407,0.75,2. BELOW BASELINE,23.0,31.0,0.7419354838709677
CAH,Medical,Medical - Dental Supplies,35__2,35,2.0,6. p95_trade_value,91800.0,25971.999999999996,70.0,123.0,0.5691056910569106,0.75,2. BELOW BASELINE,93.0,154.0,0.6038961038961039
CAH,Medical,Medical - Dental Supplies,35__2,35,2.0,7. p90_trade_value,25959.999999999996,15840.0,79.0,154.0,0.512987012987013,0.75,2. BELOW BASELINE,172.0,308.0,0.5584415584415584
CAH,Medical,Medical - Dental Supplies,35__2,35,2.0,8. p75_trade_value,15801.0,8478.0,245.0,461.0,0.5314533622559653,0.75,2. BELOW BASELINE,417.0,769.0,0.5422626788036411
CAPR,Medical,Medical - Products,30__2,30,2.0,1. p999999_trade_value,391000.0,391000.0,1.0,1.0,1.0,0.75,1. ABOVE BASELINE,1.0,1.0,1.0
CAPR,Medical,Medical - Products,30__2,30,2.0,5. p99_trade_value,232500.0,70000.0,1.0,7.0,0.14285714285714285,0.75,2. BELOW BASELINE,2.0,8.0,0.25
CAPR,Medical,Medical - Products,30__2,30,2.0,6. p95_trade_value,69200.0,26726.0,8.0,30.0,0.26666666666666666,0.75,2. BELOW BASELINE,10.0,38.0,0.2631578947368421
CAPR,Medical,Medical - Products,30__2,30,2.0,7. p90_trade_value,26720.0,17160.0,10.0,36.0,0.2777777777777778,0.75,2. BELOW BASELINE,20.0,74.0,0.2702702702702703
CAPR,Medical,Medical - Products,30__2,30,2.0,8. p75_trade_value,17150.0,8360.0,34.0,110.0,0.3090909090909091,0.75,2. BELOW BASELINE,54.0,184.0,0.29347826086956524
CATX,Medical,Medical - Drugs,10__0,10,0.0,1. p999999_trade_value,10978.0,10978.0,0.0,1.0,0.0,0.75,2. BELOW BASELINE,0.0,1.0,0.0
CATX,Medical,Medical - Drugs,10__0,10,0.0,8. p75_trade_value,4900.0,4900.0,1.0,1.0,1.0,0.75,2. BELOW BASELINE,1.0,2.0,0.5
CCCC,Medical,Medical - Biomedical and Genetics,10__2,10,2.0,1. p999999_trade_value,850000.0,850000.0,1.0,1.0,1.0,0.75,1. ABOVE BASELINE,1.0,1.0,1.0
CCCC,Medical,Medical - Biomedical and Genetics,10__2,10,2.0,7. p90_trade_value,11600.0,11600.0,0.0,1.0,0.0,0.75,2. BELOW BASELINE,1.0,2.0,0.5
CCCC,Medical,Medical - Biomedical and Genetics,10__2,10,2.0,8. p75_trade_value,6920.0,5450.0,0.0,2.0,0.0,0.75,2. BELOW BASELINE,1.0,4.0,0.25
CCLD,Medical,Medical Info Systems,0__2,0,2.0,1. p999999_trade_value,4768.0,4768.0,1.0,1.0,1.0,0.75,1. ABOVE BASELINE,1.0,1.0,1.0
CDNA,Medical,Medical Services,15__0,15,0.0,1. p999999_trade_value,22500.0,22500.0,0.0,1.0,0.0,0.75,2. BELOW BASELINE,0.0,1.0,0.0
CDNA,Medical,Medical Services,15__0,15,0.0,6. p95_trade_value,15125.0,15125.0,1.0,1.0,1.0,0.75,2. BELOW BASELINE,1.0,2.0,0.5
CDNA,Medical,Medical Services,15__0,15,0.0,7. p90_trade_value,13200.0,12750.0,2.0,2.0,1.0,0.75,2. BELOW BASELINE,3.0,4.0,0.75
CDNA,Medical,Medical Services,15__0,15,0.0,8. p75_trade_value,10950.0,8200.0,1.0,5.0,0.2,0.75,2. BELOW BASELINE,4.0,9.0,0.4444444444444444
CDTX,Medical,Medical - Biomedical and Genetics,15__0,15,0.0,1. p999999_trade_value,10620.0,10620.0,1.0,1.0,1.0,0.75,1. ABOVE BASELINE,1.0,1.0,1.0
CDTX,Medical,Medical - Biomedical and Genetics,15__0,15,0.0,7. p90_trade_value,7800.0,7800.0,0.0,1.0,0.0,0.75,2. BELOW BASELINE,1.0,2.0,0.5
CDTX,Medical,Medical - Biomedical and Genetics,15__0,15,0.0,8. p75_trade_value,7680.0,6480.0,0.0,4.0,0.0,0.75,2. BELOW BASELINE,1.0,6.0,0.16666666666666666
CDXS,Medical,Medical - Biomedical and Genetics,5__0,5,0.0,1. p999999_trade_value,9920.0,9920.0,0.0,1.0,0.0,0.75,2. BELOW BASELINE,0.0,1.0,0.0
CELC,Medical,Medical - Biomedical and Genetics,0__0,0,0.0,1. p999999_trade_value,14500.0,14500.0,1.0,1.0,1.0,0.75,1. ABOVE BASELINE,1.0,1.0,1.0
CERS,Medical,Medical - Products,0__2,0,2.0,1. p999999_trade_value,3020.0000000000005,3020.0000000000005,1.0,1.0,1.0,0.75,1. ABOVE BASELINE,1.0,1.0,1.0
CERT,Medical,Medical - Biomedical and Genetics,10__0,10,0.0,1. p999999_trade_value,11305.0,11305.0,0.0,1.0,0.0,0.75,2. BELOW BASELINE,0.0,1.0,0.0
CERT,Medical,Medical - Biomedical and Genetics,10__0,10,0.0,8. p75_trade_value,7750.0,7200.0,0.0,2.0,0.0,0.75,2. BELOW BASELINE,0.0,3.0,0.0
CGC,Medical,Medical - Products,25__0,25,0.0,1. p999999_trade_value,36000.0,36000.0,0.0,1.0,0.0,0.75,2. BELOW BASELINE,0.0,1.0,0.0
CGC,Medical,Medical - Products,25__0,25,0.0,5. p99_trade_value,28000.0,27119.0,1.0,2.0,0.5,0.75,2. BELOW BASELINE,1.0,3.0,0.3333333333333333
CGC,Medical,Medical - Products,25__0,25,0.0,6. p95_trade_value,24607.0,10500.0,4.0,10.0,0.4,0.75,2. BELOW BASELINE,5.0,13.0,0.38461538461538464
CGC,Medical,Medical - Products,25__0,25,0.0,7. p90_trade_value,10350.0,9000.0,4.0,12.0,0.3333333333333333,0.75,2. BELOW BASELINE,9.0,25.0,0.36
CGC,Medical,Medical - Products,25__0,25,0.0,8. p75_trade_value,8892.0,5750.0,12.0,38.0,0.3157894736842105,0.75,2. BELOW BASELINE,21.0,63.0,0.3333333333333333
CGEM,Medical,Medical - Biomedical and Genetics,5__2,5,2.0,1. p999999_trade_value,147000.0,147000.0,0.0,1.0,0.0,0.75,2. BELOW BASELINE,0.0,1.0,0.0
CGEN,Medical,Medical - Biomedical and Genetics,10__0,10,0.0,1. p999999_trade_value,12450.0,12450.0,0.0,1.0,0.0,0.75,2. BELOW BASELINE,0.0,1.0,0.0
CGEN,Medical,Medical - Biomedical and Genetics,10__0,10,0.0,8. p75_trade_value,7536.0,7500.0,1.0,2.0,0.5,0.75,2. BELOW BASELINE,1.0,3.0,0.3333333333333333
CGON,Medical,Medical - Biomedical and Genetics,20__1,20,1.0,1. p999999_trade_value,440000.0,440000.0,1.0,1.0,1.0,0.75,1. ABOVE BASELINE,1.0,1.0,1.0
CGON,Medical,Medical - Biomedical and Genetics,20__1,20,1.0,6. p95_trade_value,210000.0,45500.0,2.0,3.0,0.6666666666666666,0.75,2. BELOW BASELINE,3.0,4.0,0.75
CGON,Medical,Medical - Biomedical and Genetics,20__1,20,1.0,7. p90_trade_value,24440.0,15000.0,4.0,4.0,1.0,0.75,2. BELOW BASELINE,7.0,8.0,0.875
CGON,Medical,Medical - Biomedical and Genetics,20__1,20,1.0,8. p75_trade_value,14720.000000000002,9000.0,11.0,15.0,0.7333333333333333,0.75,2. BELOW BASELINE,18.0,23.0,0.782608695652174
CHE,Medical,Medical - Outpatient and Home Healthcare,20__0,20,0.0,1. p999999_trade_value,39261.0,39261.0,0.0,1.0,0.0,0.75,2. BELOW BASELINE,0.0,1.0,0.0
CHE,Medical,Medical - Outpatient and Home Healthcare,20__0,20,0.0,6. p95_trade_value,20792.0,16739.999999999996,1.0,2.0,0.5,0.75,2. BELOW BASELINE,1.0,3.0,0.3333333333333333
CHE,Medical,Medical - Outpatient and Home Healthcare,20__0,20,0.0,7. p90_trade_value,13072.0,11569.000000000002,0.0,3.0,0.0,0.75,2. BELOW BASELINE,1.0,6.0,0.16666666666666666
CHE,Medical,Medical - Outpatient and Home Healthcare,20__0,20,0.0,8. p75_trade_value,8988.0,6195.0,2.0,9.0,0.2222222222222222,0.75,2. BELOW BASELINE,3.0,15.0,0.2
CHRS,Medical,Medical - Biomedical and Genetics,10__0,10,0.0,1. p999999_trade_value,15000.0,15000.0,0.0,1.0,0.0,0.75,2. BELOW BASELINE,0.0,1.0,0.0
CHRS,Medical,Medical - Biomedical and Genetics,10__0,10,0.0,7. p90_trade_value,9840.0,9840.0,0.0,1.0,0.0,0.75,2. BELOW BASELINE,0.0,2.0,0.0
CHRS,Medical,Medical - Biomedical and Genetics,10__0,10,0.0,8. p75_trade_value,8850.0,5535.0,0.0,2.0,0.0,0.75,2. BELOW BASELINE,0.0,4.0,0.0
CI,Medical,Medical - HMOs,35__2,35,2.0,1. p999999_trade_value,520000.0,520000.0,1.0,1.0,1.0,0.75,1. ABOVE BASELINE,1.0,1.0,1.0
CI,Medical,Medical - HMOs,35__2,35,2.0,4. p999_trade_value,440000.0,392920.0,2.0,2.0,1.0,0.75,1. ABOVE BASELINE,3.0,3.0,1.0
CI,Medical,Medical - HMOs,35__2,35,2.0,5. p99_trade_value,325000.0,77600.0,18.0,22.0,0.8181818181818182,0.75,1. ABOVE BASELINE,21.0,25.0,0.84
CI,Medical,Medical - HMOs,35__2,35,2.0,6. p95_trade_value,66009.99999999999,26840.000000000004,53.0,100.0,0.53,0.75,2. BELOW BASELINE,74.0,125.0,0.592
CI,Medical,Medical - HMOs,35__2,35,2.0,7. p90_trade_value,26839.999999999996,17800.0,71.0,124.0,0.5725806451612904,0.75,2. BELOW BASELINE,145.0,249.0,0.5823293172690763
CI,Medical,Medical - HMOs,35__2,35,2.0,8. p75_trade_value,17700.0,9000.0,197.0,380.0,0.5184210526315789,0.75,2. BELOW BASELINE,342.0,629.0,0.5437201907790143
CLDX,Medical,Medical - Biomedical and Genetics,20__0,20,0.0,1. p999999_trade_value,174500.0,174500.0,1.0,1.0,1.0,0.75,1. ABOVE BASELINE,1.0,1.0,1.0
CLDX,Medical,Medical - Biomedical and Genetics,20__0,20,0.0,6. p95_trade_value,160000.0,76140.0,3.0,3.0,1.0,0.75,1. ABOVE BASELINE,4.0,4.0,1.0
CLDX,Medical,Medical - Biomedical and Genetics,20__0,20,0.0,7. p90_trade_value,40000.0,19500.0,1.0,3.0,0.3333333333333333,0.75,2. BELOW BASELINE,5.0,7.0,0.7142857142857143
CLDX,Medical,Medical - Biomedical and Genetics,20__0,20,0.0,8. p75_trade_value,18023.0,9000.0,1.0,10.0,0.1,0.75,2. BELOW BASELINE,6.0,17.0,0.35294117647058826
CLOV,Medical,Medical Info Systems,25__0,25,0.0,1. p999999_trade_value,39760.0,39760.0,1.0,1.0,1.0,0.75,1. ABOVE BASELINE,1.0,1.0,1.0
CLOV,Medical,Medical Info Systems,25__0,25,0.0,5. p99_trade_value,28458.0,20295.0,3.0,3.0,1.0,0.75,1. ABOVE BASELINE,4.0,4.0,1.0
CLOV,Medical,Medical Info Systems,25__0,25,0.0,6. p95_trade_value,20000.0,12909.0,8.0,12.0,0.6666666666666666,0.75,2. BELOW BASELINE,12.0,16.0,0.75
CLOV,Medical,Medical Info Systems,25__0,25,0.0,7. p90_trade_value,12805.000000000002,10000.0,8.0,16.0,0.5,0.75,2. BELOW BASELINE,20.0,32.0,0.625
CLOV,Medical,Medical Info Systems,25__0,25,0.0,8. p75_trade_value,9920.0,6299.999999999999,24.0,48.0,0.5,0.75,2. BELOW BASELINE,44.0,80.0,0.55
CLPT,Medical,Medical - Instruments,15__0,15,0.0,1. p999999_trade_value,32000.0,32000.0,1.0,1.0,1.0,0.75,1. ABOVE BASELINE,1.0,1.0,1.0
CLPT,Medical,Medical - Instruments,15__0,15,0.0,6. p95_trade_value,29250.0,29250.0,1.0,1.0,1.0,0.75,1. ABOVE BASELINE,2.0,2.0,1.0
CLPT,Medical,Medical - Instruments,15__0,15,0.0,7. p90_trade_value,17000.0,17000.0,1.0,1.0,1.0,0.75,1. ABOVE BASELINE,3.0,3.0,1.0
CLPT,Medical,Medical - Instruments,15__0,15,0.0,8. p75_trade_value,15000.0,11205.0,2.0,3.0,0.6666666666666666,0.75,2. BELOW BASELINE,5.0,6.0,0.8333333333333334
CLSD,Medical,Medical - Biomedical and Genetics,10__0,10,0.0,1. p999999_trade_value,7500.0,7500.0,0.0,1.0,0.0,0.75,2. BELOW BASELINE,0.0,1.0,0.0
CLSD,Medical,Medical - Biomedical and Genetics,10__0,10,0.0,7. p90_trade_value,7470.0,7470.0,0.0,1.0,0.0,0.75,2. BELOW BASELINE,0.0,2.0,0.0
CLSD,Medical,Medical - Biomedical and Genetics,10__0,10,0.0,8. p75_trade_value,7152.0,7152.0,0.0,1.0,0.0,0.75,2. BELOW BASELINE,0.0,3.0,0.0
CMPS,Medical,Medical Services,10__0,10,0.0,1. p999999_trade_value,11115.0,11115.0,0.0,1.0,0.0,0.75,2. BELOW BASELINE,0.0,1.0,0.0
CMPS,Medical,Medical Services,10__0,10,0.0,8. p75_trade_value,4500.0,4500.0,3.0,3.0,1.0,0.75,2. BELOW BASELINE,3.0,4.0,0.75
CMPX,Medical,Medical - Biomedical and Genetics,20__1,20,1.0,1. p999999_trade_value,224595.00000000003,224595.00000000003,0.0,1.0,0.0,0.75,2. BELOW BASELINE,0.0,1.0,0.0
CMPX,Medical,Medical - Biomedical and Genetics,20__1,20,1.0,6. p95_trade_value,174685.0,75000.0,0.0,3.0,0.0,0.75,2. BELOW BASELINE,0.0,4.0,0.0
CMPX,Medical,Medical - Biomedical and Genetics,20__1,20,1.0,7. p90_trade_value,58829.99999999999,19610.000000000004,0.0,3.0,0.0,0.75,2. BELOW BASELINE,0.0,7.0,0.0
CMPX,Medical,Medical - Biomedical and Genetics,20__1,20,1.0,8. p75_trade_value,18550.0,10458.0,10.0,10.0,1.0,0.75,2. BELOW BASELINE,10.0,17.0,0.5882352941176471
CNC,Medical,Medical - HMOs,30__2,30,2.0,1. p999999_trade_value,370800.0,370800.0,1.0,1.0,1.0,0.75,1. ABOVE BASELINE,1.0,1.0,1.0
CNC,Medical,Medical - HMOs,30__2,30,2.0,4. p999_trade_value,292500.0,292500.0,1.0,1.0,1.0,0.75,1. ABOVE BASELINE,2.0,2.0,1.0
CNC,Medical,Medical - HMOs,30__2,30,2.0,5. p99_trade_value,288000.0,149680.00000000003,7.0,11.0,0.6363636363636364,0.75,2. BELOW BASELINE,9.0,13.0,0.6923076923076923
CNC,Medical,Medical - HMOs,30__2,30,2.0,6. p95_trade_value,139500.0,34655.0,11.0,51.0,0.21568627450980393,0.75,2. BELOW BASELINE,20.0,64.0,0.3125
CNC,Medical,Medical - HMOs,30__2,30,2.0,7. p90_trade_value,33250.0,15000.0,24.0,65.0,0.36923076923076925,0.75,2. BELOW BASELINE,44.0,129.0,0.34108527131782945
CNC,Medical,Medical - HMOs,30__2,30,2.0,8. p75_trade_value,14850.0,8200.0,94.0,192.0,0.4895833333333333,0.75,2. BELOW BASELINE,138.0,321.0,0.42990654205607476
CNMD,Medical,Medical - Dental Supplies,20__1,20,1.0,1. p999999_trade_value,288000.0,288000.0,0.0,1.0,0.0,0.75,2. BELOW BASELINE,0.0,1.0,0.0
CNMD,Medical,Medical - Dental Supplies,20__1,20,1.0,6. p95_trade_value,200000.0,115000.0,1.0,3.0,0.3333333333333333,0.75,2. BELOW BASELINE,1.0,4.0,0.25
CNMD,Medical,Medical - Dental Supplies,20__1,20,1.0,7. p90_trade_value,32940.0,22869.0,1.0,3.0,0.3333333333333333,0.75,2. BELOW BASELINE,2.0,7.0,0.2857142857142857
CNMD,Medical,Medical - Dental Supplies,20__1,20,1.0,8. p75_trade_value,8175.999999999999,6234.999999999999,6.0,10.0,0.6,0.75,2. BELOW BASELINE,8.0,17.0,0.47058823529411764
CNTA,Medical,Medical - Drugs,20__1,20,1.0,1. p999999_trade_value,600000.0,600000.0,1.0,1.0,1.0,0.75,1. ABOVE BASELINE,1.0,1.0,1.0
CNTA,Medical,Medical - Drugs,20__1,20,1.0,5. p99_trade_value,510000.0,510000.0,0.0,1.0,0.0,0.75,2. BELOW BASELINE,1.0,2.0,0.5
CNTA,Medical,Medical - Drugs,20__1,20,1.0,6. p95_trade_value,211500.0,102900.0,1.0,4.0,0.25,0.75,2. BELOW BASELINE,2.0,6.0,0.3333333333333333
CNTA,Medical,Medical - Drugs,20__1,20,1.0,7. p90_trade_value,64500.0,33220.00000000001,3.0,6.0,0.5,0.75,2. BELOW BASELINE,5.0,12.0,0.4166666666666667
CNTA,Medical,Medical - Drugs,20__1,20,1.0,8. p75_trade_value,32500.0,15000.0,10.0,18.0,0.5555555555555556,0.75,2. BELOW BASELINE,15.0,30.0,0.5
COGT,Medical,Medical - Biomedical and Genetics,10__0,10,0.0,1. p999999_trade_value,21500.0,21500.0,0.0,1.0,0.0,0.75,2. BELOW BASELINE,0.0,1.0,0.0
COGT,Medical,Medical - Biomedical and Genetics,10__0,10,0.0,8. p75_trade_value,13619.999999999998,13619.999999999998,2.0,2.0,1.0,0.75,2. BELOW BASELINE,2.0,3.0,0.6666666666666666
COLL,Medical,Medical - Drugs,0__2,0,2.0,1. p999999_trade_value,7200.0,7200.0,0.0,1.0,0.0,0.75,2. BELOW BASELINE,0.0,1.0,0.0
COO,Medical,Medical - Dental Supplies,20__0,20,0.0,1. p999999_trade_value,145140.0,145140.0,0.0,1.0,0.0,0.75,2. BELOW BASELINE,0.0,1.0,0.0
COO,Medical,Medical - Dental Supplies,20__0,20,0.0,5. p99_trade_value,88000.0,88000.0,1.0,1.0,1.0,0.75,2. BELOW BASELINE,1.0,2.0,0.5
COO,Medical,Medical - Dental Supplies,20__0,20,0.0,6. p95_trade_value,77500.0,62000.0,5.0,5.0,1.0,0.75,2. BELOW BASELINE,6.0,7.0,0.8571428571428571
COO,Medical,Medical - Dental Supplies,20__0,20,0.0,7. p90_trade_value,57816.0,28000.0,5.0,7.0,0.7142857142857143,0.75,2. BELOW BASELINE,11.0,14.0,0.7857142857142857
COO,Medical,Medical - Dental Supplies,20__0,20,0.0,8. p75_trade_value,27783.0,10750.0,12.0,24.0,0.5,0.75,2. BELOW BASELINE,23.0,38.0,0.6052631578947368
COR,Medical,Medical Services,30__2,30,2.0,1. p999999_trade_value,181500.00000000003,181500.00000000003,0.0,1.0,0.0,0.75,2. BELOW BASELINE,0.0,1.0,0.0
COR,Medical,Medical Services,30__2,30,2.0,5. p99_trade_value,165599.99999999997,93750.0,7.0,8.0,0.875,0.75,2. BELOW BASELINE,7.0,9.0,0.7777777777777778
COR,Medical,Medical Services,30__2,30,2.0,6. p95_trade_value,62000.0,15736.000000000002,20.0,36.0,0.5555555555555556,0.75,2. BELOW BASELINE,27.0,45.0,0.6
COR,Medical,Medical Services,30__2,30,2.0,7. p90_trade_value,15264.000000000002,10292.0,24.0,44.0,0.5454545454545454,0.75,2. BELOW BASELINE,51.0,89.0,0.5730337078651685
COR,Medical,Medical Services,30__2,30,2.0,8. p75_trade_value,10260.0,7198.999999999999,86.0,131.0,0.6564885496183206,0.75,2. BELOW BASELINE,137.0,220.0,0.6227272727272727
CORT,Medical,Medical - Drugs,30__0,30,0.0,1. p999999_trade_value,1080000.0,1080000.0,1.0,1.0,1.0,0.75,2. BELOW BASELINE,1.0,1.0,1.0
CORT,Medical,Medical - Drugs,30__0,30,0.0,5. p99_trade_value,380000.0,246698.0,1.0,8.0,0.125,0.75,2. BELOW BASELINE,2.0,9.0,0.2222222222222222
CORT,Medical,Medical - Drugs,30__0,30,0.0,6. p95_trade_value,245602.0,47880.0,16.0,32.0,0.5,0.75,2. BELOW BASELINE,18.0,41.0,0.43902439024390244
CORT,Medical,Medical - Drugs,30__0,30,0.0,7. p90_trade_value,47160.0,21749.999999999996,28.0,41.0,0.6829268292682927,0.75,2. BELOW BASELINE,46.0,82.0,0.5609756097560976
CORT,Medical,Medical - Drugs,30__0,30,0.0,8. p75_trade_value,21500.0,9250.0,73.0,122.0,0.5983606557377049,0.75,2. BELOW BASELINE,119.0,204.0,0.5833333333333334
CPIX,Medical,Medical - Drugs,10__0,10,0.0,1. p999999_trade_value,13500.0,13500.0,0.0,1.0,0.0,0.75,2. BELOW BASELINE,0.0,1.0,0.0
CPIX,Medical,Medical - Drugs,10__0,10,0.0,8. p75_trade_value,12090.0,11625.0,1.0,2.0,0.5,0.75,2. BELOW BASELINE,1.0,3.0,0.3333333333333333
CPRX,Medical,Medical - Drugs,15__0,15,0.0,1. p999999_trade_value,14500.0,14500.0,0.0,1.0,0.0,0.75,2. BELOW BASELINE,0.0,1.0,0.0
CPRX,Medical,Medical - Drugs,15__0,15,0.0,7. p90_trade_value,10535.0,10535.0,0.0,1.0,0.0,0.75,2. BELOW BASELINE,0.0,2.0,0.0
CPRX,Medical,Medical - Drugs,15__0,15,0.0,8. p75_trade_value,10080.000000000002,9352.000000000002,0.0,3.0,0.0,0.75,2. BELOW BASELINE,0.0,5.0,0.0
CRBP,Medical,Medical - Drugs,25__0,25,0.0,1. p999999_trade_value,106250.0,106250.0,0.0,1.0,0.0,0.75,2. BELOW BASELINE,0.0,1.0,0.0
CRBP,Medical,Medical - Drugs,25__0,25,0.0,5. p99_trade_value,80730.0,47625.0,0.0,2.0,0.0,0.75,2. BELOW BASELINE,0.0,3.0,0.0
CRBP,Medical,Medical - Drugs,25__0,25,0.0,6. p95_trade_value,35650.0,19740.0,3.0,10.0,0.3,0.75,2. BELOW BASELINE,3.0,13.0,0.23076923076923078
CRBP,Medical,Medical - Drugs,25__0,25,0.0,7. p90_trade_value,19530.0,14100.0,4.0,12.0,0.3333333333333333,0.75,2. BELOW BASELINE,7.0,25.0,0.28
CRBP,Medical,Medical - Drugs,25__0,25,0.0,8. p75_trade_value,14000.0,6480.0,12.0,37.0,0.32432432432432434,0.75,2. BELOW BASELINE,19.0,62.0,0.3064516129032258
CRDF,Medical,Medical - Biomedical and Genetics,10__0,10,0.0,1. p999999_trade_value,44132.0,44132.0,1.0,1.0,1.0,0.75,1. ABOVE BASELINE,1.0,1.0,1.0
CRDF,Medical,Medical - Biomedical and Genetics,10__0,10,0.0,7. p90_trade_value,31200.0,31200.0,1.0,1.0,1.0,0.75,1. ABOVE BASELINE,2.0,2.0,1.0
CRDF,Medical,Medical - Biomedical and Genetics,10__0,10,0.0,8. p75_trade_value,14691.0,9990.0,1.0,2.0,0.5,0.75,2. BELOW BASELINE,3.0,4.0,0.75
CRL,Medical,Medical Services,25__0,25,0.0,1. p999999_trade_value,539600.0,539600.0,1.0,1.0,1.0,0.75,1. ABOVE BASELINE,1.0,1.0,1.0
CRL,Medical,Medical Services,25__0,25,0.0,5. p99_trade_value,442395.00000000006,87500.0,4.0,4.0,1.0,0.75,1. ABOVE BASELINE,5.0,5.0,1.0
CRL,Medical,Medical Services,25__0,25,0.0,6. p95_trade_value,73750.0,22000.000000000004,22.0,22.0,1.0,0.75,1. ABOVE BASELINE,27.0,27.0,1.0
CRL,Medical,Medical Services,25__0,25,0.0,7. p90_trade_value,21339.999999999996,13200.0,18.0,22.0,0.8181818181818182,0.75,1. ABOVE BASELINE,45.0,49.0,0.9183673469387755
CRL,Medical,Medical Services,25__0,25,0.0,8. p75_trade_value,12749.999999999998,7400.0,54.0,70.0,0.7714285714285715,0.75,1. ABOVE BASELINE,99.0,119.0,0.8319327731092437
CRMD,Medical,Medical - Biomedical and Genetics,20__0,20,0.0,1. p999999_trade_value,91125.00000000001,91125.00000000001,0.0,1.0,0.0,0.75,2. BELOW BASELINE,0.0,1.0,0.0
CRMD,Medical,Medical - Biomedical and Genetics,20__0,20,0.0,5. p99_trade_value,18163.0,18163.0,0.0,1.0,0.0,0.75,2. BELOW BASELINE,0.0,2.0,0.0
CRMD,Medical,Medical - Biomedical and Genetics,20__0,20,0.0,6. p95_trade_value,17500.0,10285.0,2.0,7.0,0.2857142857142857,0.75,2. BELOW BASELINE,2.0,9.0,0.2222222222222222
CRMD,Medical,Medical - Biomedical and Genetics,20__0,20,0.0,7. p90_trade_value,9400.0,8505.0,5.0,9.0,0.5555555555555556,0.75,2. BELOW BASELINE,7.0,18.0,0.3888888888888889
CRMD,Medical,Medical - Biomedical and Genetics,20__0,20,0.0,8. p75_trade_value,8370.0,6000.0,17.0,31.0,0.5483870967741935,0.75,2. BELOW BASELINE,24.0,49.0,0.4897959183673469
CRNX,Medical,Medical - Drugs,15__0,15,0.0,1. p999999_trade_value,75000.0,75000.0,0.0,1.0,0.0,0.75,2. BELOW BASELINE,0.0,1.0,0.0
CRNX,Medical,Medical - Drugs,15__0,15,0.0,6. p95_trade_value,21700.0,21700.0,0.0,1.0,0.0,0.75,2. BELOW BASELINE,0.0,2.0,0.0
CRNX,Medical,Medical - Drugs,15__0,15,0.0,7. p90_trade_value,20304.0,20304.0,0.0,1.0,0.0,0.75,2. BELOW BASELINE,0.0,3.0,0.0
CRNX,Medical,Medical - Drugs,15__0,15,0.0,8. p75_trade_value,19200.0,10500.0,2.0,5.0,0.4,0.75,2. BELOW BASELINE,2.0,8.0,0.25
CRON,Medical,Medical - Drugs,0__2,0,2.0,1. p999999_trade_value,4990.000000000001,4990.000000000001,1.0,1.0,1.0,0.75,1. ABOVE BASELINE,1.0,1.0,1.0
CRSP,Medical,Medical - Biomedical and Genetics,30__2,30,2.0,1. p999999_trade_value,259870.00000000003,259870.00000000003,2.0,2.0,1.0,0.75,1. ABOVE BASELINE,2.0,2.0,1.0
CRSP,Medical,Medical - Biomedical and Genetics,30__2,30,2.0,5. p99_trade_value,251940.0,45999.99999999999,5.0,10.0,0.5,0.75,2. BELOW BASELINE,7.0,12.0,0.5833333333333334
CRSP,Medical,Medical - Biomedical and Genetics,30__2,30,2.0,6. p95_trade_value,45900.0,20000.0,27.0,47.0,0.574468085106383,0.75,2. BELOW BASELINE,34.0,59.0,0.576271186440678
CRSP,Medical,Medical - Biomedical and Genetics,30__2,30,2.0,7. p90_trade_value,19800.0,13200.0,32.0,57.0,0.5614035087719298,0.75,2. BELOW BASELINE,66.0,116.0,0.5689655172413793
CRSP,Medical,Medical - Biomedical and Genetics,30__2,30,2.0,8. p75_trade_value,13000.0,8075.0,100.0,173.0,0.5780346820809249,0.75,2. BELOW BASELINE,166.0,289.0,0.5743944636678201
CRVS,Medical,Medical - Biomedical and Genetics,20__1,20,1.0,1. p999999_trade_value,320000.0,320000.0,0.0,1.0,0.0,0.75,2. BELOW BASELINE,0.0,1.0,0.0
CRVS,Medical,Medical - Biomedical and Genetics,20__1,20,1.0,5. p99_trade_value,200000.0,200000.0,0.0,1.0,0.0,0.75,2. BELOW BASELINE,0.0,2.0,0.0
CRVS,Medical,Medical - Biomedical and Genetics,20__1,20,1.0,6. p95_trade_value,160000.0,27170.000000000004,1.0,6.0,0.16666666666666666,0.75,2. BELOW BASELINE,1.0,8.0,0.125
CRVS,Medical,Medical - Biomedical and Genetics,20__1,20,1.0,7. p90_trade_value,26000.0,15295.000000000002,1.0,7.0,0.14285714285714285,0.75,2. BELOW BASELINE,2.0,15.0,0.13333333333333333
CRVS,Medical,Medical - Biomedical and Genetics,20__1,20,1.0,8. p75_trade_value,14720.000000000002,8400.0,7.0,21.0,0.3333333333333333,0.75,2. BELOW BASELINE,9.0,36.0,0.25
CSTL,Medical,Medical - Biomedical and Genetics,15__0,15,0.0,1. p999999_trade_value,55000.0,55000.0,0.0,1.0,0.0,0.75,2. BELOW BASELINE,0.0,1.0,0.0
CSTL,Medical,Medical - Biomedical and Genetics,15__0,15,0.0,6. p95_trade_value,11200.0,11200.0,1.0,1.0,1.0,0.75,2. BELOW BASELINE,1.0,2.0,0.5
CSTL,Medical,Medical - Biomedical and Genetics,15__0,15,0.0,7. p90_trade_value,8669.999999999998,8000.0,2.0,2.0,1.0,0.75,2. BELOW BASELINE,3.0,4.0,0.75
CSTL,Medical,Medical - Biomedical and Genetics,15__0,15,0.0,8. p75_trade_value,7968.000000000001,6600.0,3.0,4.0,0.75,0.75,2. BELOW BASELINE,6.0,8.0,0.75
CTEV,Medical,Medical Info Systems,5__3,5,3.0,1. p999999_trade_value,15620.000000000002,15620.000000000002,0.0,1.0,0.0,0.75,2. BELOW BASELINE,0.0,1.0,0.0
CTEV,Medical,Medical Info Systems,5__3,5,3.0,8. p75_trade_value,8800.0,8800.0,0.0,1.0,0.0,0.75,2. BELOW BASELINE,0.0,2.0,0.0
CTMX,Medical,Medical - Biomedical and Genetics,5__0,5,0.0,1. p999999_trade_value,11340.0,11340.0,0.0,1.0,0.0,0.75,2. BELOW BASELINE,0.0,1.0,0.0
CTMX,Medical,Medical - Biomedical and Genetics,5__0,5,0.0,8. p75_trade_value,5355.0,5355.0,1.0,1.0,1.0,0.75,2. BELOW BASELINE,1.0,2.0,0.5
CTXR,Medical,Medical - Drugs,5__0,5,0.0,1. p999999_trade_value,4095.0000000000005,4095.0000000000005,0.0,1.0,0.0,0.75,2. BELOW BASELINE,0.0,1.0,0.0
CTXR,Medical,Medical - Drugs,5__0,5,0.0,8. p75_trade_value,4000.0,4000.0,0.0,1.0,0.0,0.75,2. BELOW BASELINE,0.0,2.0,0.0
CVAC,Medical,Medical - Biomedical and Genetics,5__3,5,3.0,1. p999999_trade_value,21420.0,21420.0,1.0,1.0,1.0,0.75,1. ABOVE BASELINE,1.0,1.0,1.0
CVRX,Medical,Medical - Instruments,10__2,10,2.0,1. p999999_trade_value,420000.0,420000.0,0.0,2.0,0.0,0.75,2. BELOW BASELINE,0.0,2.0,0.0
CVRX,Medical,Medical - Instruments,10__2,10,2.0,8. p75_trade_value,240000.0,240000.0,0.0,1.0,0.0,0.75,2. BELOW BASELINE,0.0,3.0,0.0
CVS,Medical,Medical Services,40__0,40,0.0,1. p999999_trade_value,735000.0,735000.0,0.0,1.0,0.0,0.75,2. BELOW BASELINE,0.0,1.0,0.0
CVS,Medical,Medical Services,40__0,40,0.0,4. p999_trade_value,680000.0,341999.99999999994,4.0,6.0,0.6666666666666666,0.75,2. BELOW BASELINE,4.0,7.0,0.5714285714285714
CVS,Medical,Medical Services,40__0,40,0.0,5. p99_trade_value,327391.0,85000.0,38.0,57.0,0.6666666666666666,0.75,2. BELOW BASELINE,42.0,64.0,0.65625
CVS,Medical,Medical Services,40__0,40,0.0,6. p95_trade_value,84335.0,23100.0,183.0,257.0,0.7120622568093385,0.75,2. BELOW BASELINE,225.0,321.0,0.7009345794392523
CVS,Medical,Medical Services,40__0,40,0.0,7. p90_trade_value,23073.999999999996,14260.0,228.0,319.0,0.7147335423197492,0.75,2. BELOW BASELINE,453.0,640.0,0.7078125
CVS,Medical,Medical Services,40__0,40,0.0,8. p75_trade_value,14256.0,7878.0,605.0,947.0,0.6388595564941922,0.75,2. BELOW BASELINE,1058.0,1587.0,0.6666666666666666
CYBN,Medical,Medical - Biomedical and Genetics,10__0,10,0.0,1. p999999_trade_value,10000.0,10000.0,0.0,1.0,0.0,0.75,2. BELOW BASELINE,0.0,1.0,0.0
CYBN,Medical,Medical - Biomedical and Genetics,10__0,10,0.0,8. p75_trade_value,5390.000000000001,5390.000000000001,0.0,1.0,0.0,0.75,2. BELOW BASELINE,0.0,2.0,0.0
CYH,Medical,Medical - Hospital,20__0,20,0.0,1. p999999_trade_value,40950.0,40950.0,0.0,1.0,0.0,0.75,2. BELOW BASELINE,0.0,1.0,0.0
CYH,Medical,Medical - Hospital,20__0,20,0.0,6. p95_trade_value,30000.0,30000.0,0.0,2.0,0.0,0.75,2. BELOW BASELINE,0.0,3.0,0.0
CYH,Medical,Medical - Hospital,20__0,20,0.0,7. p90_trade_value,22635.0,18305.0,1.0,4.0,0.25,0.75,2. BELOW BASELINE,1.0,7.0,0.14285714285714285
CYH,Medical,Medical - Hospital,20__0,20,0.0,8. p75_trade_value,15000.0,8994.999999999998,0.0,8.0,0.0,0.75,2. BELOW BASELINE,1.0,15.0,0.06666666666666667
CYTK,Medical,Medical - Biomedical and Genetics,25__0,25,0.0,1. p999999_trade_value,232960.0,232960.0,0.0,1.0,0.0,0.75,2. BELOW BASELINE,0.0,1.0,0.0
CYTK,Medical,Medical - Biomedical and Genetics,25__0,25,0.0,5. p99_trade_value,84000.0,75000.0,1.0,2.0,0.5,0.75,2. BELOW BASELINE,1.0,3.0,0.3333333333333333
CYTK,Medical,Medical - Biomedical and Genetics,25__0,25,0.0,6. p95_trade_value,73500.0,21000.0,8.0,12.0,0.6666666666666666,0.75,2. BELOW BASELINE,9.0,15.0,0.6
CYTK,Medical,Medical - Biomedical and Genetics,25__0,25,0.0,7. p90_trade_value,20499.999999999996,12750.0,5.0,14.0,0.35714285714285715,0.75,2. BELOW BASELINE,14.0,29.0,0.4827586206896552
CYTK,Medical,Medical - Biomedical and Genetics,25__0,25,0.0,8. p75_trade_value,12500.0,7500.0,20.0,45.0,0.4444444444444444,0.75,2. BELOW BASELINE,34.0,74.0,0.4594594594594595
DAWN,Medical,Medical - Biomedical and Genetics,15__0,15,0.0,1. p999999_trade_value,14000.0,14000.0,0.0,1.0,0.0,0.75,2. BELOW BASELINE,0.0,1.0,0.0
DAWN,Medical,Medical - Biomedical and Genetics,15__0,15,0.0,7. p90_trade_value,10311.0,10311.0,0.0,1.0,0.0,0.75,2. BELOW BASELINE,0.0,2.0,0.0
DAWN,Medical,Medical - Biomedical and Genetics,15__0,15,0.0,8. p75_trade_value,7500.0,6750.0,3.0,3.0,1.0,0.75,2. BELOW BASELINE,3.0,5.0,0.6
DCGO,Medical,Medical Services,5__0,5,0.0,1. p999999_trade_value,7000.0,7000.0,0.0,1.0,0.0,0.75,2. BELOW BASELINE,0.0,1.0,0.0
DCGO,Medical,Medical Services,5__0,5,0.0,8. p75_trade_value,3790.0,3790.0,1.0,1.0,1.0,0.75,2. BELOW BASELINE,1.0,2.0,0.5
DCTH,Medical,Medical - Instruments,10__0,10,0.0,2. p99999_trade_value,8469.999999999998,8469.999999999998,1.0,1.0,1.0,0.75,1. ABOVE BASELINE,1.0,1.0,1.0
DCTH,Medical,Medical - Instruments,10__0,10,0.0,7. p90_trade_value,8100.0,8100.0,0.0,1.0,0.0,0.75,2. BELOW BASELINE,1.0,2.0,0.5
DCTH,Medical,Medical - Instruments,10__0,10,0.0,8. p75_trade_value,6000.0,6000.0,2.0,2.0,1.0,0.75,2. BELOW BASELINE,3.0,4.0,0.75
DGX,Medical,Medical - Outpatient and Home Healthcare,25__0,25,0.0,1. p999999_trade_value,438000.0,438000.0,0.0,1.0,0.0,0.75,2. BELOW BASELINE,0.0,1.0,0.0
DGX,Medical,Medical - Outpatient and Home Healthcare,25__0,25,0.0,5. p99_trade_value,312000.0,275000.0,1.0,3.0,0.3333333333333333,0.75,2. BELOW BASELINE,1.0,4.0,0.25
DGX,Medical,Medical - Outpatient and Home Healthcare,25__0,25,0.0,6. p95_trade_value,240000.0,33600.0,8.0,14.0,0.5714285714285714,0.75,2. BELOW BASELINE,9.0,18.0,0.5
DGX,Medical,Medical - Outpatient and Home Healthcare,25__0,25,0.0,7. p90_trade_value,32500.0,17000.0,4.0,18.0,0.2222222222222222,0.75,2. BELOW BASELINE,13.0,36.0,0.3611111111111111
DGX,Medical,Medical - Outpatient and Home Healthcare,25__0,25,0.0,8. p75_trade_value,16425.0,9880.0,23.0,52.0,0.4423076923076923,0.75,2. BELOW BASELINE,36.0,88.0,0.4090909090909091
DHR,Medical,Medical Services,35__0,35,0.0,1. p999999_trade_value,580244.0,580244.0,1.0,1.0,1.0,0.75,1. ABOVE BASELINE,1.0,1.0,1.0
DHR,Medical,Medical Services,35__0,35,0.0,4. p999_trade_value,422988.0,381468.0,2.0,2.0,1.0,0.75,1. ABOVE BASELINE,3.0,3.0,1.0
DHR,Medical,Medical Services,35__0,35,0.0,5. p99_trade_value,379499.99999999994,95000.0,14.0,24.0,0.5833333333333334,0.75,2. BELOW BASELINE,17.0,27.0,0.6296296296296297
DHR,Medical,Medical Services,35__0,35,0.0,6. p95_trade_value,92274.0,26325.0,48.0,107.0,0.4485981308411215,0.75,2. BELOW BASELINE,65.0,134.0,0.48507462686567165
DHR,Medical,Medical Services,35__0,35,0.0,7. p90_trade_value,26200.0,15232.000000000002,71.0,134.0,0.5298507462686567,0.75,2. BELOW BASELINE,136.0,268.0,0.5074626865671642
DHR,Medical,Medical Services,35__0,35,0.0,8. p75_trade_value,15210.0,8610.0,234.0,401.0,0.5835411471321695,0.75,2. BELOW BASELINE,370.0,669.0,0.5530642750373692
DNA,Medical,Medical - Biomedical and Genetics,20__0,20,0.0,1. p999999_trade_value,173250.0,173250.0,1.0,1.0,1.0,0.75,1. ABOVE BASELINE,1.0,1.0,1.0
DNA,Medical,Medical - Biomedical and Genetics,20__0,20,0.0,5. p99_trade_value,76230.0,76230.0,1.0,1.0,1.0,0.75,1. ABOVE BASELINE,2.0,2.0,1.0
DNA,Medical,Medical - Biomedical and Genetics,20__0,20,0.0,6. p95_trade_value,27810.000000000004,16800.0,5.0,7.0,0.7142857142857143,0.75,2. BELOW BASELINE,7.0,9.0,0.7777777777777778
DNA,Medical,Medical - Biomedical and Genetics,20__0,20,0.0,7. p90_trade_value,16000.0,12375.0,6.0,9.0,0.6666666666666666,0.75,2. BELOW BASELINE,13.0,18.0,0.7222222222222222
DNA,Medical,Medical - Biomedical and Genetics,20__0,20,0.0,8. p75_trade_value,12000.0,7200.0,13.0,25.0,0.52,0.75,2. BELOW BASELINE,26.0,43.0,0.6046511627906976
DNLI,Medical,Medical - Biomedical and Genetics,10__3,10,3.0,1. p999999_trade_value,100000.0,100000.0,1.0,1.0,1.0,0.75,1. ABOVE BASELINE,1.0,1.0,1.0
DNLI,Medical,Medical - Biomedical and Genetics,10__3,10,3.0,7. p90_trade_value,60000.0,60000.0,1.0,1.0,1.0,0.75,1. ABOVE BASELINE,2.0,2.0,1.0
DNLI,Medical,Medical - Biomedical and Genetics,10__3,10,3.0,8. p75_trade_value,41000.0,41000.0,1.0,1.0,1.0,0.75,1. ABOVE BASELINE,3.0,3.0,1.0
DNTH,Medical,Medical - Biomedical and Genetics,5__3,5,3.0,1. p999999_trade_value,26250.0,26250.0,1.0,1.0,1.0,0.75,1. ABOVE BASELINE,1.0,1.0,1.0
DOCS,Medical,Medical Services,30__2,30,2.0,1. p999999_trade_value,298390.0,298390.0,1.0,1.0,1.0,0.75,1. ABOVE BASELINE,1.0,1.0,1.0
DOCS,Medical,Medical Services,30__2,30,2.0,4. p999_trade_value,190000.0,190000.0,1.0,1.0,1.0,0.75,1. ABOVE BASELINE,2.0,2.0,1.0
DOCS,Medical,Medical Services,30__2,30,2.0,5. p99_trade_value,165000.0,51450.0,8.0,15.0,0.5333333333333333,0.75,2. BELOW BASELINE,10.0,17.0,0.5882352941176471
DOCS,Medical,Medical Services,30__2,30,2.0,6. p95_trade_value,50999.99999999999,21780.0,40.0,64.0,0.625,0.75,2. BELOW BASELINE,50.0,81.0,0.6172839506172839
DOCS,Medical,Medical Services,30__2,30,2.0,7. p90_trade_value,21600.0,15213.000000000002,45.0,81.0,0.5555555555555556,0.75,2. BELOW BASELINE,95.0,162.0,0.5864197530864198
DOCS,Medical,Medical Services,30__2,30,2.0,8. p75_trade_value,15200.0,8370.0,150.0,243.0,0.6172839506172839,0.75,2. BELOW BASELINE,245.0,405.0,0.6049382716049383
DVA,Medical,Medical - Outpatient and Home Healthcare,25__0,25,0.0,1. p999999_trade_value,396440.0,396440.0,1.0,1.0,1.0,0.75,1. ABOVE BASELINE,1.0,1.0,1.0
DVA,Medical,Medical - Outpatient and Home Healthcare,25__0,25,0.0,5. p99_trade_value,198090.0,80000.0,2.0,4.0,0.5,0.75,2. BELOW BASELINE,3.0,5.0,0.6
DVA,Medical,Medical - Outpatient and Home Healthcare,25__0,25,0.0,6. p95_trade_value,79500.0,24000.0,9.0,19.0,0.47368421052631576,0.75,2. BELOW BASELINE,12.0,24.0,0.5
DVA,Medical,Medical - Outpatient and Home Healthcare,25__0,25,0.0,7. p90_trade_value,23902.0,16250.0,6.0,24.0,0.25,0.75,2. BELOW BASELINE,18.0,48.0,0.375
DVA,Medical,Medical - Outpatient and Home Healthcare,25__0,25,0.0,8. p75_trade_value,16240.0,8211.0,40.0,71.0,0.5633802816901409,0.75,2. BELOW BASELINE,58.0,119.0,0.48739495798319327
DVAX,Medical,Medical - Biomedical and Genetics,10__0,10,0.0,1. p999999_trade_value,52500.0,52500.0,1.0,1.0,1.0,0.75,1. ABOVE BASELINE,1.0,1.0,1.0
DVAX,Medical,Medical - Biomedical and Genetics,10__0,10,0.0,7. p90_trade_value,10000.0,10000.0,1.0,1.0,1.0,0.75,1. ABOVE BASELINE,2.0,2.0,1.0
DVAX,Medical,Medical - Biomedical and Genetics,10__0,10,0.0,8. p75_trade_value,9690.0,9690.0,1.0,1.0,1.0,0.75,1. ABOVE BASELINE,3.0,3.0,1.0
DWTX,Medical,Medical - Biomedical and Genetics,0__0,0,0.0,1. p999999_trade_value,18000.0,18000.0,0.0,1.0,0.0,0.75,2. BELOW BASELINE,0.0,1.0,0.0
DXCM,Medical,Medical - Instruments,35__0,35,0.0,1. p999999_trade_value,465000.0,465000.0,1.0,1.0,1.0,0.75,1. ABOVE BASELINE,1.0,1.0,1.0
DXCM,Medical,Medical - Instruments,35__0,35,0.0,4. p999_trade_value,397799.99999999994,384000.0,2.0,2.0,1.0,0.75,1. ABOVE BASELINE,3.0,3.0,1.0
DXCM,Medical,Medical - Instruments,35__0,35,0.0,5. p99_trade_value,338481.0,100000.0,13.0,18.0,0.7222222222222222,0.75,2. BELOW BASELINE,16.0,21.0,0.7619047619047619
DXCM,Medical,Medical - Instruments,35__0,35,0.0,6. p95_trade_value,98890.0,23700.0,44.0,83.0,0.5301204819277109,0.75,2. BELOW BASELINE,60.0,104.0,0.5769230769230769
DXCM,Medical,Medical - Instruments,35__0,35,0.0,7. p90_trade_value,23625.0,15400.0,57.0,104.0,0.5480769230769231,0.75,2. BELOW BASELINE,117.0,208.0,0.5625
DXCM,Medical,Medical - Instruments,35__0,35,0.0,8. p75_trade_value,15369.999999999998,8050.0,173.0,313.0,0.5527156549520766,0.75,2. BELOW BASELINE,290.0,521.0,0.5566218809980806
DYAI,Medical,Medical - Biomedical and Genetics,0__2,0,2.0,1. p999999_trade_value,5400.0,5400.0,0.0,1.0,0.0,0.75,2. BELOW BASELINE,0.0,1.0,0.0
DYN,Medical,Medical - Drugs,20__1,20,1.0,1. p999999_trade_value,590000.0,590000.0,1.0,1.0,1.0,0.75,1. ABOVE BASELINE,1.0,1.0,1.0
DYN,Medical,Medical - Drugs,20__1,20,1.0,5. p99_trade_value,489755.0,489755.0,1.0,1.0,1.0,0.75,1. ABOVE BASELINE,2.0,2.0,1.0
DYN,Medical,Medical - Drugs,20__1,20,1.0,6. p95_trade_value,86592.0,27270.000000000004,3.0,7.0,0.42857142857142855,0.75,2. BELOW BASELINE,5.0,9.0,0.5555555555555556
DYN,Medical,Medical - Drugs,20__1,20,1.0,7. p90_trade_value,25800.0,15000.0,5.0,9.0,0.5555555555555556,0.75,2. BELOW BASELINE,10.0,18.0,0.5555555555555556
DYN,Medical,Medical - Drugs,20__1,20,1.0,8. p75_trade_value,14690.0,8280.0,13.0,26.0,0.5,0.75,2. BELOW BASELINE,23.0,44.0,0.5227272727272727
EBS,Medical,Medical - Biomedical and Genetics,20__0,20,0.0,1. p999999_trade_value,27000.0,27000.0,0.0,1.0,0.0,0.75,2. BELOW BASELINE,0.0,1.0,0.0
EBS,Medical,Medical - Biomedical and Genetics,20__0,20,0.0,6. p95_trade_value,20000.0,14328.0,1.0,3.0,0.3333333333333333,0.75,2. BELOW BASELINE,1.0,4.0,0.25
EBS,Medical,Medical - Biomedical and Genetics,20__0,20,0.0,7. p90_trade_value,14050.0,10500.0,1.0,3.0,0.3333333333333333,0.75,2. BELOW BASELINE,2.0,7.0,0.2857142857142857
EBS,Medical,Medical - Biomedical and Genetics,20__0,20,0.0,8. p75_trade_value,10000.0,6000.0,4.0,9.0,0.4444444444444444,0.75,2. BELOW BASELINE,6.0,16.0,0.375
EDAP,Medical,Medical - Instruments,0__2,0,2.0,1. p999999_trade_value,4975.0,4975.0,0.0,1.0,0.0,0.75,2. BELOW BASELINE,0.0,1.0,0.0
EDIT,Medical,Medical - Biomedical and Genetics,10__0,10,0.0,1. p999999_trade_value,19926.0,19926.0,0.0,1.0,0.0,0.75,2. BELOW BASELINE,0.0,1.0,0.0
EDIT,Medical,Medical - Biomedical and Genetics,10__0,10,0.0,7. p90_trade_value,6000.0,6000.0,0.0,1.0,0.0,0.75,2. BELOW BASELINE,0.0,2.0,0.0
EDIT,Medical,Medical - Biomedical and Genetics,10__0,10,0.0,8. p75_trade_value,5610.0,4875.0,1.0,3.0,0.3333333333333333,0.75,2. BELOW BASELINE,1.0,5.0,0.2
EHC,Medical,Medical - Outpatient and Home Healthcare,15__0,15,0.0,1. p999999_trade_value,62500.0,62500.0,0.0,1.0,0.0,0.75,2. BELOW BASELINE,0.0,1.0,0.0
EHC,Medical,Medical - Outpatient and Home Healthcare,15__0,15,0.0,6. p95_trade_value,60000.0,60000.0,0.0,1.0,0.0,0.75,2. BELOW BASELINE,0.0,2.0,0.0
EHC,Medical,Medical - Outpatient and Home Healthcare,15__0,15,0.0,7. p90_trade_value,30000.0,8125.0,1.0,2.0,0.5,0.75,2. BELOW BASELINE,1.0,4.0,0.25
EHC,Medical,Medical - Outpatient and Home Healthcare,15__0,15,0.0,8. p75_trade_value,8000.0,4935.0,4.0,6.0,0.6666666666666666,0.75,2. BELOW BASELINE,5.0,10.0,0.5
ELAN,Medical,Medical - Outpatient and Home Healthcare,15__0,15,0.0,1. p999999_trade_value,17355.0,17355.0,0.0,1.0,0.0,0.75,2. BELOW BASELINE,0.0,1.0,0.0
ELAN,Medical,Medical - Outpatient and Home Healthcare,15__0,15,0.0,6. p95_trade_value,15336.000000000002,11340.0,0.0,2.0,0.0,0.75,2. BELOW BASELINE,0.0,3.0,0.0
ELAN,Medical,Medical - Outpatient and Home Healthcare,15__0,15,0.0,7. p90_trade_value,10712.0,8775.0,0.0,3.0,0.0,0.75,2. BELOW BASELINE,0.0,6.0,0.0
ELAN,Medical,Medical - Outpatient and Home Healthcare,15__0,15,0.0,8. p75_trade_value,8189.999999999999,6159.999999999999,2.0,8.0,0.25,0.75,2. BELOW BASELINE,2.0,14.0,0.14285714285714285
ELDN,Medical,Medical - Biomedical and Genetics,5__3,5,3.0,1. p999999_trade_value,15000.0,15000.0,0.0,1.0,0.0,0.75,2. BELOW BASELINE,0.0,1.0,0.0
ELV,Medical,Medical Services,35__2,35,2.0,1. p999999_trade_value,571392.0,571392.0,1.0,1.0,1.0,0.75,1. ABOVE BASELINE,1.0,1.0,1.0
ELV,Medical,Medical Services,35__2,35,2.0,4. p999_trade_value,522000.0,480000.0,2.0,2.0,1.0,0.75,1. ABOVE BASELINE,3.0,3.0,1.0
ELV,Medical,Medical Services,35__2,35,2.0,5. p99_trade_value,397599.99999999994,128750.0,14.0,21.0,0.6666666666666666,0.75,2. BELOW BASELINE,17.0,24.0,0.7083333333333334
ELV,Medical,Medical Services,35__2,35,2.0,6. p95_trade_value,126719.99999999999,27300.0,80.0,95.0,0.8421052631578947,0.75,2. BELOW BASELINE,97.0,119.0,0.8151260504201681
ELV,Medical,Medical Services,35__2,35,2.0,7. p90_trade_value,27200.0,16650.0,89.0,119.0,0.7478991596638656,0.75,2. BELOW BASELINE,186.0,238.0,0.7815126050420168
ELV,Medical,Medical Services,35__2,35,2.0,8. p75_trade_value,16560.000000000004,9360.0,229.0,359.0,0.637883008356546,0.75,2. BELOW BASELINE,415.0,597.0,0.695142378559464
ENOV,Medical,Medical Info Systems,15__0,15,0.0,1. p999999_trade_value,86249.99999999999,86249.99999999999,0.0,1.0,0.0,0.75,2. BELOW BASELINE,0.0,1.0,0.0
ENOV,Medical,Medical Info Systems,15__0,15,0.0,6. p95_trade_value,65000.0,65000.0,0.0,1.0,0.0,0.75,2. BELOW BASELINE,0.0,2.0,0.0
ENOV,Medical,Medical Info Systems,15__0,15,0.0,7. p90_trade_value,28000.0,28000.0,1.0,1.0,1.0,0.75,2. BELOW BASELINE,1.0,3.0,0.3333333333333333
ENOV,Medical,Medical Info Systems,15__0,15,0.0,8. p75_trade_value,16235.999999999998,6800.0,3.0,3.0,1.0,0.75,2. BELOW BASELINE,4.0,6.0,0.6666666666666666
ENSG,Medical,Medical - Nursing Homes,10__0,10,0.0,1. p999999_trade_value,15635.000000000002,15635.000000000002,1.0,1.0,1.0,0.75,1. ABOVE BASELINE,1.0,1.0,1.0
ENSG,Medical,Medical - Nursing Homes,10__0,10,0.0,7. p90_trade_value,8640.0,8640.0,1.0,1.0,1.0,0.75,1. ABOVE BASELINE,2.0,2.0,1.0
ENSG,Medical,Medical - Nursing Homes,10__0,10,0.0,8. p75_trade_value,7360.000000000001,6785.000000000001,2.0,2.0,1.0,0.75,1. ABOVE BASELINE,4.0,4.0,1.0
EOLS,Medical,Medical - Products,10__0,10,0.0,1. p999999_trade_value,80000.0,80000.0,0.0,1.0,0.0,0.75,2. BELOW BASELINE,0.0,1.0,0.0
EOLS,Medical,Medical - Products,10__0,10,0.0,8. p75_trade_value,8150.0,6350.0,0.0,2.0,0.0,0.75,2. BELOW BASELINE,0.0,3.0,0.0
ESPR,Medical,Medical - Drugs,10__0,10,0.0,1. p999999_trade_value,8964.0,8964.0,1.0,1.0,1.0,0.75,1. ABOVE BASELINE,1.0,1.0,1.0
ESPR,Medical,Medical - Drugs,10__0,10,0.0,8. p75_trade_value,8425.0,5925.0,0.0,2.0,0.0,0.75,2. BELOW BASELINE,1.0,3.0,0.3333333333333333
ESTA,Medical,Medical Services,20__1,20,1.0,1. p999999_trade_value,524825.0,524825.0,0.0,1.0,0.0,0.75,2. BELOW BASELINE,0.0,1.0,0.0
ESTA,Medical,Medical Services,20__1,20,1.0,5. p99_trade_value,363454.0,363454.0,0.0,1.0,0.0,0.75,2. BELOW BASELINE,0.0,2.0,0.0
ESTA,Medical,Medical Services,20__1,20,1.0,6. p95_trade_value,247860.00000000003,56279.99999999999,3.0,6.0,0.5,0.75,2. BELOW BASELINE,3.0,8.0,0.375
ESTA,Medical,Medical Services,20__1,20,1.0,7. p90_trade_value,50400.0,22410.0,6.0,8.0,0.75,0.75,2. BELOW BASELINE,9.0,16.0,0.5625
ESTA,Medical,Medical Services,20__1,20,1.0,8. p75_trade_value,22140.0,10000.0,16.0,22.0,0.7272727272727273,0.75,2. BELOW BASELINE,25.0,38.0,0.6578947368421053
ETNB,Medical,Medical - Biomedical and Genetics,15__0,15,0.0,1. p999999_trade_value,11940.0,11940.0,1.0,1.0,1.0,0.75,1. ABOVE BASELINE,1.0,1.0,1.0
ETNB,Medical,Medical - Biomedical and Genetics,15__0,15,0.0,6. p95_trade_value,9850.0,9850.0,0.0,1.0,0.0,0.75,2. BELOW BASELINE,1.0,2.0,0.5
ETNB,Medical,Medical - Biomedical and Genetics,15__0,15,0.0,7. p90_trade_value,8250.0,7920.0,2.0,2.0,1.0,0.75,2. BELOW BASELINE,3.0,4.0,0.75
ETNB,Medical,Medical - Biomedical and Genetics,15__0,15,0.0,8. p75_trade_value,7575.0,6375.0,3.0,6.0,0.5,0.75,2. BELOW BASELINE,6.0,10.0,0.6
ETON,Medical,Medical - Biomedical and Genetics,5__0,5,0.0,1. p999999_trade_value,4500.0,4500.0,0.0,1.0,0.0,0.75,2. BELOW BASELINE,0.0,1.0,0.0
EW,Medical,Medical - Instruments,30__0,30,0.0,1. p999999_trade_value,627750.0,627750.0,0.0,1.0,0.0,0.75,2. BELOW BASELINE,0.0,1.0,0.0
EW,Medical,Medical - Instruments,30__0,30,0.0,5. p99_trade_value,416250.0,168875.0,2.0,9.0,0.2222222222222222,0.75,2. BELOW BASELINE,2.0,10.0,0.2
EW,Medical,Medical - Instruments,30__0,30,0.0,6. p95_trade_value,168000.0,50750.0,17.0,40.0,0.425,0.75,2. BELOW BASELINE,19.0,50.0,0.38
EW,Medical,Medical - Instruments,30__0,30,0.0,7. p90_trade_value,49500.0,24860.000000000004,15.0,52.0,0.28846153846153844,0.75,2. BELOW BASELINE,34.0,102.0,0.3333333333333333
EW,Medical,Medical - Instruments,30__0,30,0.0,8. p75_trade_value,24530.0,10340.0,72.0,151.0,0.4768211920529801,0.75,2. BELOW BASELINE,106.0,253.0,0.4189723320158103
EWTX,Medical,Medical - Biomedical and Genetics,30__1,30,1.0,1. p999999_trade_value,2250000.0,2250000.0,1.0,1.0,1.0,0.75,2. BELOW BASELINE,1.0,1.0,1.0
EWTX,Medical,Medical - Biomedical and Genetics,30__1,30,1.0,5. p99_trade_value,1750000.0,433550.0,4.0,6.0,0.6666666666666666,0.75,2. BELOW BASELINE,5.0,7.0,0.7142857142857143
EWTX,Medical,Medical - Biomedical and Genetics,30__1,30,1.0,6. p95_trade_value,433000.0,100768.0,17.0,24.0,0.7083333333333334,0.75,2. BELOW BASELINE,22.0,31.0,0.7096774193548387
EWTX,Medical,Medical - Biomedical and Genetics,30__1,30,1.0,7. p90_trade_value,100100.00000000001,19305.0,20.0,31.0,0.6451612903225806,0.75,2. BELOW BASELINE,42.0,62.0,0.6774193548387096
EWTX,Medical,Medical - Biomedical and Genetics,30__1,30,1.0,8. p75_trade_value,18816.0,7589.999999999999,65.0,93.0,0.6989247311827957,0.75,2. BELOW BASELINE,107.0,155.0,0.6903225806451613
EXAS,Medical,Medical - Biomedical and Genetics,30__2,30,2.0,1. p999999_trade_value,390000.0,390000.0,0.0,1.0,0.0,0.75,2. BELOW BASELINE,0.0,1.0,0.0
EXAS,Medical,Medical - Biomedical and Genetics,30__2,30,2.0,5. p99_trade_value,372000.0,166400.0,6.0,7.0,0.8571428571428571,0.75,2. BELOW BASELINE,6.0,8.0,0.75
EXAS,Medical,Medical - Biomedical and Genetics,30__2,30,2.0,6. p95_trade_value,144000.0,25750.0,13.0,30.0,0.43333333333333335,0.75,2. BELOW BASELINE,19.0,38.0,0.5
EXAS,Medical,Medical - Biomedical and Genetics,30__2,30,2.0,7. p90_trade_value,25499.999999999996,14175.0,20.0,41.0,0.4878048780487805,0.75,2. BELOW BASELINE,39.0,79.0,0.4936708860759494
EXAS,Medical,Medical - Biomedical and Genetics,30__2,30,2.0,8. p75_trade_value,14000.0,8000.0,74.0,120.0,0.6166666666666667,0.75,2. BELOW BASELINE,113.0,199.0,0.5678391959798995
EXEL,Medical,Medical - Biomedical and Genetics,20__0,20,0.0,1. p999999_trade_value,93000.0,93000.0,0.0,1.0,0.0,0.75,2. BELOW BASELINE,0.0,1.0,0.0
EXEL,Medical,Medical - Biomedical and Genetics,20__0,20,0.0,5. p99_trade_value,79960.0,79960.0,0.0,1.0,0.0,0.75,2. BELOW BASELINE,0.0,2.0,0.0
EXEL,Medical,Medical - Biomedical and Genetics,20__0,20,0.0,6. p95_trade_value,53845.00000000001,20750.0,2.0,5.0,0.4,0.75,2. BELOW BASELINE,2.0,7.0,0.2857142857142857
EXEL,Medical,Medical - Biomedical and Genetics,20__0,20,0.0,7. p90_trade_value,18750.0,13640.0,1.0,7.0,0.14285714285714285,0.75,2. BELOW BASELINE,3.0,14.0,0.21428571428571427
EXEL,Medical,Medical - Biomedical and Genetics,20__0,20,0.0,8. p75_trade_value,11000.000000000002,7500.0,10.0,21.0,0.47619047619047616,0.75,2. BELOW BASELINE,13.0,35.0,0.37142857142857144
EYEN,Medical,Medical - Biomedical and Genetics,5__0,5,0.0,1. p999999_trade_value,9500.0,9500.0,0.0,1.0,0.0,0.75,2. BELOW BASELINE,0.0,1.0,0.0
EYPT,Medical,Medical - Biomedical and Genetics,10__0,10,0.0,1. p999999_trade_value,11270.0,11270.0,0.0,1.0,0.0,0.75,2. BELOW BASELINE,0.0,1.0,0.0
EYPT,Medical,Medical - Biomedical and Genetics,10__0,10,0.0,7. p90_trade_value,11200.0,11200.0,1.0,1.0,1.0,0.75,2. BELOW BASELINE,1.0,2.0,0.5
EYPT,Medical,Medical - Biomedical and Genetics,10__0,10,0.0,8. p75_trade_value,6500.0,6400.0,2.0,2.0,1.0,0.75,2. BELOW BASELINE,3.0,4.0,0.75
FATE,Medical,Medical - Biomedical and Genetics,10__0,10,0.0,1. p999999_trade_value,10600.0,10600.0,1.0,1.0,1.0,0.75,1. ABOVE BASELINE,1.0,1.0,1.0
FATE,Medical,Medical - Biomedical and Genetics,10__0,10,0.0,8. p75_trade_value,7475.0,7475.0,1.0,1.0,1.0,0.75,1. ABOVE BASELINE,2.0,2.0,1.0
FBIO,Medical,Medical - Biomedical and Genetics,5__0,5,0.0,1. p999999_trade_value,5445.0,5445.0,0.0,1.0,0.0,0.75,2. BELOW BASELINE,0.0,1.0,0.0
FDMT,Medical,Medical - Drugs,10__0,10,0.0,1. p999999_trade_value,12500.0,12500.0,0.0,1.0,0.0,0.75,2. BELOW BASELINE,0.0,1.0,0.0
FDMT,Medical,Medical - Drugs,10__0,10,0.0,7. p90_trade_value,6750.0,6750.0,1.0,1.0,1.0,0.75,2. BELOW BASELINE,1.0,2.0,0.5
FDMT,Medical,Medical - Drugs,10__0,10,0.0,8. p75_trade_value,6250.0,6250.0,0.0,5.0,0.0,0.75,2. BELOW BASELINE,1.0,7.0,0.14285714285714285
FGEN,Medical,Medical - Drugs,0__2,0,2.0,1. p999999_trade_value,7265.000000000001,7265.000000000001,1.0,1.0,1.0,0.75,1. ABOVE BASELINE,1.0,1.0,1.0
FLGT,Medical,Medical Info Systems,0__2,0,2.0,1. p999999_trade_value,3900.0,3900.0,1.0,1.0,1.0,0.75,1. ABOVE BASELINE,1.0,1.0,1.0
FOLD,Medical,Medical - Biomedical and Genetics,15__0,15,0.0,1. p999999_trade_value,150000.0,150000.0,0.0,1.0,0.0,0.75,2. BELOW BASELINE,0.0,1.0,0.0
FOLD,Medical,Medical - Biomedical and Genetics,15__0,15,0.0,6. p95_trade_value,148000.0,148000.0,1.0,1.0,1.0,0.75,2. BELOW BASELINE,1.0,2.0,0.5
FOLD,Medical,Medical - Biomedical and Genetics,15__0,15,0.0,7. p90_trade_value,82500.0,82500.0,1.0,1.0,1.0,0.75,2. BELOW BASELINE,2.0,3.0,0.6666666666666666
FOLD,Medical,Medical - Biomedical and Genetics,15__0,15,0.0,8. p75_trade_value,40000.0,17350.0,1.0,4.0,0.25,0.75,2. BELOW BASELINE,3.0,7.0,0.42857142857142855
FTRE,Medical,Medical - Biomedical and Genetics,20__0,20,0.0,1. p999999_trade_value,145000.0,145000.0,1.0,1.0,1.0,0.75,1. ABOVE BASELINE,1.0,1.0,1.0
FTRE,Medical,Medical - Biomedical and Genetics,20__0,20,0.0,5. p99_trade_value,97375.0,97375.0,0.0,1.0,0.0,0.75,2. BELOW BASELINE,1.0,2.0,0.5
FTRE,Medical,Medical - Biomedical and Genetics,20__0,20,0.0,6. p95_trade_value,81000.0,65000.0,1.0,4.0,0.25,0.75,2. BELOW BASELINE,2.0,6.0,0.3333333333333333
FTRE,Medical,Medical - Biomedical and Genetics,20__0,20,0.0,7. p90_trade_value,61560.0,40250.0,5.0,6.0,0.8333333333333334,0.75,2. BELOW BASELINE,7.0,12.0,0.5833333333333334
FTRE,Medical,Medical - Biomedical and Genetics,20__0,20,0.0,8. p75_trade_value,30940.000000000004,12527.999999999998,11.0,16.0,0.6875,0.75,2. BELOW BASELINE,18.0,28.0,0.6428571428571429
GALT,Medical,Medical - Drugs,20__1,20,1.0,1. p999999_trade_value,344000.0,344000.0,0.0,1.0,0.0,0.75,2. BELOW BASELINE,0.0,1.0,0.0
GALT,Medical,Medical - Drugs,20__1,20,1.0,5. p99_trade_value,169925.0,169925.0,0.0,1.0,0.0,0.75,2. BELOW BASELINE,0.0,2.0,0.0
GALT,Medical,Medical - Drugs,20__1,20,1.0,6. p95_trade_value,86000.0,19000.0,1.0,6.0,0.16666666666666666,0.75,2. BELOW BASELINE,1.0,8.0,0.125
GALT,Medical,Medical - Drugs,20__1,20,1.0,7. p90_trade_value,17250.0,13192.000000000002,4.0,8.0,0.5,0.75,2. BELOW BASELINE,5.0,16.0,0.3125
GALT,Medical,Medical - Drugs,20__1,20,1.0,8. p75_trade_value,12600.0,6750.0,14.0,25.0,0.56,0.75,2. BELOW BASELINE,19.0,41.0,0.4634146341463415
GANX,Medical,Medical - Drugs,0__2,0,2.0,1. p999999_trade_value,7500.0,7500.0,1.0,1.0,1.0,0.75,1. ABOVE BASELINE,1.0,1.0,1.0
GDRX,Medical,Medical Services,5__3,5,3.0,1. p999999_trade_value,29183.999999999996,29183.999999999996,0.0,1.0,0.0,0.75,2. BELOW BASELINE,0.0,1.0,0.0
GEHC,Medical,Medical - Products,30__0,30,0.0,1. p999999_trade_value,775000.0,775000.0,1.0,1.0,1.0,0.75,1. ABOVE BASELINE,1.0,1.0,1.0
GEHC,Medical,Medical - Products,30__0,30,0.0,5. p99_trade_value,580000.0,187000.0,5.0,7.0,0.7142857142857143,0.75,2. BELOW BASELINE,6.0,8.0,0.75
GEHC,Medical,Medical - Products,30__0,30,0.0,6. p95_trade_value,180000.0,35600.0,24.0,32.0,0.75,0.75,2. BELOW BASELINE,30.0,40.0,0.75
GEHC,Medical,Medical - Products,30__0,30,0.0,7. p90_trade_value,35280.0,20860.0,23.0,40.0,0.575,0.75,2. BELOW BASELINE,53.0,80.0,0.6625
GEHC,Medical,Medical - Products,30__0,30,0.0,8. p75_trade_value,19440.0,8815.0,73.0,120.0,0.6083333333333333,0.75,2. BELOW BASELINE,126.0,200.0,0.63
GERN,Medical,Medical - Biomedical and Genetics,15__0,15,0.0,1. p999999_trade_value,40000.0,40000.0,0.0,1.0,0.0,0.75,2. BELOW BASELINE,0.0,1.0,0.0
GERN,Medical,Medical - Biomedical and Genetics,15__0,15,0.0,7. p90_trade_value,15000.0,15000.0,0.0,1.0,0.0,0.75,2. BELOW BASELINE,0.0,2.0,0.0
GERN,Medical,Medical - Biomedical and Genetics,15__0,15,0.0,8. p75_trade_value,10000.0,9600.0,1.0,3.0,0.3333333333333333,0.75,2. BELOW BASELINE,1.0,5.0,0.2
GH,Medical,Medical - Biomedical and Genetics,30__0,30,0.0,1. p999999_trade_value,595000.0,595000.0,0.0,1.0,0.0,0.75,2. BELOW BASELINE,0.0,1.0,0.0
GH,Medical,Medical - Biomedical and Genetics,30__0,30,0.0,5. p99_trade_value,472000.0,335000.0,5.0,5.0,1.0,0.75,2. BELOW BASELINE,5.0,6.0,0.8333333333333334
GH,Medical,Medical - Biomedical and Genetics,30__0,30,0.0,6. p95_trade_value,302560.0,38000.0,20.0,24.0,0.8333333333333334,0.75,2. BELOW BASELINE,25.0,30.0,0.8333333333333334
GH,Medical,Medical - Biomedical and Genetics,30__0,30,0.0,7. p90_trade_value,37575.0,17415.0,20.0,29.0,0.6896551724137931,0.75,2. BELOW BASELINE,45.0,59.0,0.7627118644067796
GH,Medical,Medical - Biomedical and Genetics,30__0,30,0.0,8. p75_trade_value,16500.0,8450.0,67.0,88.0,0.7613636363636364,0.75,2. BELOW BASELINE,112.0,147.0,0.7619047619047619
GHRS,Medical,Medical - Biomedical and Genetics,10__0,10,0.0,1. p999999_trade_value,21500.0,21500.0,1.0,1.0,1.0,0.75,1. ABOVE BASELINE,1.0,1.0,1.0
GHRS,Medical,Medical - Biomedical and Genetics,10__0,10,0.0,8. p75_trade_value,19900.0,19900.0,1.0,1.0,1.0,0.75,1. ABOVE BASELINE,2.0,2.0,1.0
GILD,Medical,Medical - Biomedical and Genetics,35__2,35,2.0,1. p999999_trade_value,1112716.0,1112716.0,0.0,1.0,0.0,0.75,2. BELOW BASELINE,0.0,1.0,0.0
GILD,Medical,Medical - Biomedical and Genetics,35__2,35,2.0,4. p999_trade_value,776000.0,669600.0,1.0,3.0,0.3333333333333333,0.75,2. BELOW BASELINE,1.0,4.0,0.25
GILD,Medical,Medical - Biomedical and Genetics,35__2,35,2.0,5. p99_trade_value,606510.0,127500.0,16.0,30.0,0.5333333333333333,0.75,2. BELOW BASELINE,17.0,34.0,0.5
GILD,Medical,Medical - Biomedical and Genetics,35__2,35,2.0,6. p95_trade_value,121408.99999999999,26600.0,73.0,130.0,0.5615384615384615,0.75,2. BELOW BASELINE,90.0,164.0,0.5487804878048781
GILD,Medical,Medical - Biomedical and Genetics,35__2,35,2.0,7. p90_trade_value,26239.999999999996,16665.0,80.0,163.0,0.49079754601226994,0.75,2. BELOW BASELINE,170.0,327.0,0.5198776758409785
GILD,Medical,Medical - Biomedical and Genetics,35__2,35,2.0,8. p75_trade_value,16605.0,8976.0,258.0,491.0,0.5254582484725051,0.75,2. BELOW BASELINE,428.0,818.0,0.5232273838630807
GKOS,Medical,Medical - Instruments,30__2,30,2.0,1. p999999_trade_value,312660.0,312660.0,0.0,1.0,0.0,0.75,2. BELOW BASELINE,0.0,1.0,0.0
GKOS,Medical,Medical - Instruments,30__2,30,2.0,4. p999_trade_value,308800.0,308800.0,0.0,1.0,0.0,0.75,2. BELOW BASELINE,0.0,2.0,0.0
GKOS,Medical,Medical - Instruments,30__2,30,2.0,5. p99_trade_value,273600.0,110400.0,5.0,11.0,0.45454545454545453,0.75,2. BELOW BASELINE,5.0,13.0,0.38461538461538464
GKOS,Medical,Medical - Instruments,30__2,30,2.0,6. p95_trade_value,107500.0,34810.0,30.0,48.0,0.625,0.75,2. BELOW BASELINE,35.0,61.0,0.5737704918032787
GKOS,Medical,Medical - Instruments,30__2,30,2.0,7. p90_trade_value,34160.0,16080.000000000002,29.0,64.0,0.453125,0.75,2. BELOW BASELINE,64.0,125.0,0.512
GKOS,Medical,Medical - Instruments,30__2,30,2.0,8. p75_trade_value,15861.000000000002,8820.0,136.0,180.0,0.7555555555555555,0.75,2. BELOW BASELINE,200.0,305.0,0.6557377049180327
GLPG,Medical,Medical - Biomedical and Genetics,10__0,10,0.0,1. p999999_trade_value,75000.0,75000.0,0.0,1.0,0.0,0.75,2. BELOW BASELINE,0.0,1.0,0.0
GLPG,Medical,Medical - Biomedical and Genetics,10__0,10,0.0,7. p90_trade_value,58750.0,58750.0,1.0,1.0,1.0,0.75,2. BELOW BASELINE,1.0,2.0,0.5
GLPG,Medical,Medical - Biomedical and Genetics,10__0,10,0.0,8. p75_trade_value,50200.0,50000.0,0.0,2.0,0.0,0.75,2. BELOW BASELINE,1.0,4.0,0.25
GLUE,Medical,Medical - Biomedical and Genetics,10__0,10,0.0,1. p999999_trade_value,21060.0,21060.0,1.0,1.0,1.0,0.75,1. ABOVE BASELINE,1.0,1.0,1.0
GLUE,Medical,Medical - Biomedical and Genetics,10__0,10,0.0,8. p75_trade_value,9360.0,9100.0,1.0,2.0,0.5,0.75,2. BELOW BASELINE,2.0,3.0,0.6666666666666666
GMAB,Medical,Medical - Biomedical and Genetics,10__0,10,0.0,1. p999999_trade_value,11000.000000000002,11000.000000000002,0.0,1.0,0.0,0.75,2. BELOW BASELINE,0.0,1.0,0.0
GMAB,Medical,Medical - Biomedical and Genetics,10__0,10,0.0,8. p75_trade_value,10890.0,10890.0,0.0,1.0,0.0,0.75,2. BELOW BASELINE,0.0,2.0,0.0
GMED,Medical,Medical - Instruments,20__1,20,1.0,1. p999999_trade_value,325890.0,325890.0,1.0,1.0,1.0,0.75,1. ABOVE BASELINE,1.0,1.0,1.0
GMED,Medical,Medical - Instruments,20__1,20,1.0,5. p99_trade_value,240000.0,240000.0,1.0,1.0,1.0,0.75,1. ABOVE BASELINE,2.0,2.0,1.0
GMED,Medical,Medical - Instruments,20__1,20,1.0,6. p95_trade_value,211225.0,59500.0,0.0,4.0,0.0,0.75,2. BELOW BASELINE,2.0,6.0,0.3333333333333333
GMED,Medical,Medical - Instruments,20__1,20,1.0,7. p90_trade_value,56000.0,27500.0,2.0,6.0,0.3333333333333333,0.75,2. BELOW BASELINE,4.0,12.0,0.3333333333333333
GMED,Medical,Medical - Instruments,20__1,20,1.0,8. p75_trade_value,21100.0,9500.0,4.0,18.0,0.2222222222222222,0.75,2. BELOW BASELINE,8.0,30.0,0.26666666666666666
GNLX,Medical,Medical - Biomedical and Genetics,0__2,0,2.0,1. p999999_trade_value,3100.0,3100.0,0.0,1.0,0.0,0.75,2. BELOW BASELINE,0.0,1.0,0.0
GPCR,Medical,Medical - Biomedical and Genetics,20__1,20,1.0,1. p999999_trade_value,270000.0,270000.0,0.0,1.0,0.0,0.75,2. BELOW BASELINE,0.0,1.0,0.0
GPCR,Medical,Medical - Biomedical and Genetics,20__1,20,1.0,5. p99_trade_value,210000.0,210000.0,0.0,1.0,0.0,0.75,2. BELOW BASELINE,0.0,2.0,0.0
GPCR,Medical,Medical - Biomedical and Genetics,20__1,20,1.0,6. p95_trade_value,202500.0,35300.0,2.0,7.0,0.2857142857142857,0.75,2. BELOW BASELINE,2.0,9.0,0.2222222222222222
GPCR,Medical,Medical - Biomedical and Genetics,20__1,20,1.0,7. p90_trade_value,26459.999999999996,24250.0,1.0,4.0,0.25,0.75,2. BELOW BASELINE,3.0,13.0,0.23076923076923078
GPCR,Medical,Medical - Biomedical and Genetics,20__1,20,1.0,8. p75_trade_value,22999.999999999996,8580.0,10.0,18.0,0.5555555555555556,0.75,2. BELOW BASELINE,13.0,31.0,0.41935483870967744
GRAL,Medical,Medical - Biomedical and Genetics,25__0,25,0.0,1. p999999_trade_value,93000.0,93000.0,1.0,1.0,1.0,0.75,1. ABOVE BASELINE,1.0,1.0,1.0
GRAL,Medical,Medical - Biomedical and Genetics,25__0,25,0.0,5. p99_trade_value,86975.0,58058.00000000001,0.0,4.0,0.0,0.75,2. BELOW BASELINE,1.0,5.0,0.2
GRAL,Medical,Medical - Biomedical and Genetics,25__0,25,0.0,6. p95_trade_value,39000.0,18780.0,7.0,19.0,0.3684210526315789,0.75,2. BELOW BASELINE,8.0,24.0,0.3333333333333333
GRAL,Medical,Medical - Biomedical and Genetics,25__0,25,0.0,7. p90_trade_value,18500.0,13446.0,11.0,24.0,0.4583333333333333,0.75,2. BELOW BASELINE,19.0,48.0,0.3958333333333333
GRAL,Medical,Medical - Biomedical and Genetics,25__0,25,0.0,8. p75_trade_value,13439.999999999998,8000.0,30.0,70.0,0.42857142857142855,0.75,2. BELOW BASELINE,49.0,118.0,0.4152542372881356
GRFS,Medical,Medical - Drugs,15__0,15,0.0,1. p999999_trade_value,16926.000000000004,16926.000000000004,1.0,1.0,1.0,0.75,1. ABOVE BASELINE,1.0,1.0,1.0
GRFS,Medical,Medical - Drugs,15__0,15,0.0,7. p90_trade_value,16887.0,16887.0,1.0,1.0,1.0,0.75,1. ABOVE BASELINE,2.0,2.0,1.0
GRFS,Medical,Medical - Drugs,15__0,15,0.0,8. p75_trade_value,6000.0,4840.000000000001,0.0,3.0,0.0,0.75,2. BELOW BASELINE,2.0,5.0,0.4
GSK,Medical,Medical - Biomedical and Genetics,25__0,25,0.0,1. p999999_trade_value,447450.0,447450.0,0.0,1.0,0.0,0.75,2. BELOW BASELINE,0.0,1.0,0.0
GSK,Medical,Medical - Biomedical and Genetics,25__0,25,0.0,5. p99_trade_value,325000.0,157000.0,3.0,4.0,0.75,0.75,2. BELOW BASELINE,3.0,5.0,0.6
GSK,Medical,Medical - Biomedical and Genetics,25__0,25,0.0,6. p95_trade_value,150000.0,44400.0,8.0,17.0,0.47058823529411764,0.75,2. BELOW BASELINE,11.0,22.0,0.5
GSK,Medical,Medical - Biomedical and Genetics,25__0,25,0.0,7. p90_trade_value,41112.0,20800.0,11.0,21.0,0.5238095238095238,0.75,2. BELOW BASELINE,22.0,43.0,0.5116279069767442
GSK,Medical,Medical - Biomedical and Genetics,25__0,25,0.0,8. p75_trade_value,20723.0,9408.0,25.0,65.0,0.38461538461538464,0.75,2. BELOW BASELINE,47.0,108.0,0.4351851851851852
HAE,Medical,Medical - Products,20__2,20,2.0,1. p999999_trade_value,990000.0,990000.0,1.0,1.0,1.0,0.75,1. ABOVE BASELINE,1.0,1.0,1.0
HAE,Medical,Medical - Products,20__2,20,2.0,5. p99_trade_value,960000.0,960000.0,1.0,1.0,1.0,0.75,1. ABOVE BASELINE,2.0,2.0,1.0
HAE,Medical,Medical - Products,20__2,20,2.0,6. p95_trade_value,556650.0,162500.0,0.0,7.0,0.0,0.75,2. BELOW BASELINE,2.0,9.0,0.2222222222222222
HAE,Medical,Medical - Products,20__2,20,2.0,7. p90_trade_value,150000.0,47600.0,4.0,8.0,0.5,0.75,2. BELOW BASELINE,6.0,17.0,0.35294117647058826
HAE,Medical,Medical - Products,20__2,20,2.0,8. p75_trade_value,43845.00000000001,13529.999999999998,16.0,24.0,0.6666666666666666,0.75,2. BELOW BASELINE,22.0,41.0,0.5365853658536586
HALO,Medical,Medical - Biomedical and Genetics,20__0,20,0.0,1. p999999_trade_value,35000.0,35000.0,0.0,1.0,0.0,0.75,2. BELOW BASELINE,0.0,1.0,0.0
HALO,Medical,Medical - Biomedical and Genetics,20__0,20,0.0,6. p95_trade_value,32000.0,14200.0,3.0,4.0,0.75,0.75,2. BELOW BASELINE,3.0,5.0,0.6
HALO,Medical,Medical - Biomedical and Genetics,20__0,20,0.0,7. p90_trade_value,14000.0,11200.000000000002,2.0,5.0,0.4,0.75,2. BELOW BASELINE,5.0,10.0,0.5
HALO,Medical,Medical - Biomedical and Genetics,20__0,20,0.0,8. p75_trade_value,11000.000000000002,8550.0,8.0,13.0,0.6153846153846154,0.75,2. BELOW BASELINE,13.0,23.0,0.5652173913043478
HCA,Medical,Medical - Hospital,35__2,35,2.0,1. p999999_trade_value,630000.0,630000.0,1.0,1.0,1.0,0.75,1. ABOVE BASELINE,1.0,1.0,1.0
HCA,Medical,Medical - Hospital,35__2,35,2.0,4. p999_trade_value,476545.00000000006,472553.00000000006,2.0,2.0,1.0,0.75,1. ABOVE BASELINE,3.0,3.0,1.0
HCA,Medical,Medical - Hospital,35__2,35,2.0,5. p99_trade_value,460000.0,173250.0,13.0,20.0,0.65,0.75,2. BELOW BASELINE,16.0,23.0,0.6956521739130435
HCA,Medical,Medical - Hospital,35__2,35,2.0,6. p95_trade_value,171000.00000000003,28980.0,51.0,92.0,0.5543478260869565,0.75,2. BELOW BASELINE,67.0,115.0,0.5826086956521739
HCA,Medical,Medical - Hospital,35__2,35,2.0,7. p90_trade_value,28559.999999999996,19220.0,70.0,115.0,0.6086956521739131,0.75,2. BELOW BASELINE,137.0,230.0,0.5956521739130435
HCA,Medical,Medical - Hospital,35__2,35,2.0,8. p75_trade_value,19200.0,9360.0,175.0,342.0,0.5116959064327485,0.75,2. BELOW BASELINE,312.0,572.0,0.5454545454545454
HCAT,Medical,Medical Info Systems,5__1,5,1.0,1. p999999_trade_value,49610.0,49610.0,1.0,1.0,1.0,0.75,1. ABOVE BASELINE,1.0,1.0,1.0
HCAT,Medical,Medical Info Systems,5__1,5,1.0,8. p75_trade_value,45350.0,45350.0,1.0,1.0,1.0,0.75,1. ABOVE BASELINE,2.0,2.0,1.0
HCM,Medical,Medical - Biomedical and Genetics,0__2,0,2.0,1. p999999_trade_value,5500.0,5500.0,1.0,1.0,1.0,0.75,1. ABOVE BASELINE,1.0,1.0,1.0
HIMS,Medical,Medical Info Systems,45__0,45,0.0,1. p999999_trade_value,2148386.0,2148386.0,0.0,1.0,0.0,0.75,2. BELOW BASELINE,0.0,1.0,0.0
HIMS,Medical,Medical Info Systems,45__0,45,0.0,3. p9999_trade_value,1990362.0000000002,1150000.0,1.0,3.0,0.3333333333333333,0.75,2. BELOW BASELINE,1.0,4.0,0.25
HIMS,Medical,Medical Info Systems,45__0,45,0.0,4. p999_trade_value,1135000.0,337500.0,23.0,35.0,0.6571428571428571,0.75,2. BELOW BASELINE,24.0,39.0,0.6153846153846154
HIMS,Medical,Medical Info Systems,45__0,45,0.0,5. p99_trade_value,337280.0,81600.0,197.0,344.0,0.5726744186046512,0.75,2. BELOW BASELINE,221.0,383.0,0.577023498694517
HIMS,Medical,Medical Info Systems,45__0,45,0.0,6. p95_trade_value,81400.0,30000.0,837.0,1534.0,0.545632333767927,0.75,2. BELOW BASELINE,1058.0,1917.0,0.5519040166927491
HIMS,Medical,Medical Info Systems,45__0,45,0.0,7. p90_trade_value,29970.000000000004,18048.0,1007.0,1910.0,0.5272251308900524,0.75,2. BELOW BASELINE,2065.0,3827.0,0.5395871439770055
HIMS,Medical,Medical Info Systems,45__0,45,0.0,8. p75_trade_value,18040.0,9000.0,3226.0,5816.0,0.5546767537826685,0.75,2. BELOW BASELINE,5291.0,9643.0,0.5486881675827024
HITI,Medical,Medical - Products,5__0,5,0.0,1. p999999_trade_value,4800.0,4800.0,0.0,1.0,0.0,0.75,2. BELOW BASELINE,0.0,1.0,0.0
HNGE,Medical,Medical Info Systems,10__0,10,0.0,1. p999999_trade_value,5375.0,5375.0,1.0,1.0,1.0,0.75,1. ABOVE BASELINE,1.0,1.0,1.0
HNGE,Medical,Medical Info Systems,10__0,10,0.0,8. p75_trade_value,4680.0,4680.0,1.0,1.0,1.0,0.75,1. ABOVE BASELINE,2.0,2.0,1.0
HOLX,Medical,Medical - Instruments,25__2,25,2.0,1. p999999_trade_value,330000.0,330000.0,1.0,1.0,1.0,0.75,1. ABOVE BASELINE,1.0,1.0,1.0
HOLX,Medical,Medical - Instruments,25__2,25,2.0,5. p99_trade_value,228000.0,228000.0,1.0,1.0,1.0,0.75,1. ABOVE BASELINE,2.0,2.0,1.0
HOLX,Medical,Medical - Instruments,25__2,25,2.0,6. p95_trade_value,213000.0,86000.0,1.0,8.0,0.125,0.75,2. BELOW BASELINE,3.0,10.0,0.3
HOLX,Medical,Medical - Instruments,25__2,25,2.0,7. p90_trade_value,74360.0,35000.0,1.0,10.0,0.1,0.75,2. BELOW BASELINE,4.0,20.0,0.2
HOLX,Medical,Medical - Instruments,25__2,25,2.0,8. p75_trade_value,30680.0,10355.0,9.0,26.0,0.34615384615384615,0.75,2. BELOW BASELINE,13.0,46.0,0.2826086956521739
HOWL,Medical,Medical - Biomedical and Genetics,5__0,5,0.0,1. p999999_trade_value,5880.0,5880.0,0.0,1.0,0.0,0.75,2. BELOW BASELINE,0.0,1.0,0.0
HQY,Medical,Medical Services,25__0,25,0.0,1. p999999_trade_value,80000.0,80000.0,1.0,1.0,1.0,0.75,1. ABOVE BASELINE,1.0,1.0,1.0
HQY,Medical,Medical Services,25__0,25,0.0,5. p99_trade_value,41200.0,41200.0,0.0,1.0,0.0,0.75,2. BELOW BASELINE,1.0,2.0,0.5
HQY,Medical,Medical Services,25__0,25,0.0,6. p95_trade_value,20943.0,14490.0,3.0,8.0,0.375,0.75,2. BELOW BASELINE,4.0,10.0,0.4
HQY,Medical,Medical Services,25__0,25,0.0,7. p90_trade_value,14220.000000000002,10000.0,6.0,9.0,0.6666666666666666,0.75,2. BELOW BASELINE,10.0,19.0,0.5263157894736842
HQY,Medical,Medical Services,25__0,25,0.0,8. p75_trade_value,9900.0,6200.0,39.0,47.0,0.8297872340425532,0.75,2. BELOW BASELINE,49.0,66.0,0.7424242424242424
HRMY,Medical,Medical - Biomedical and Genetics,10__0,10,0.0,1. p999999_trade_value,13056.0,13056.0,0.0,1.0,0.0,0.75,2. BELOW BASELINE,0.0,1.0,0.0
HRMY,Medical,Medical - Biomedical and Genetics,10__0,10,0.0,7. p90_trade_value,9450.0,9450.0,1.0,1.0,1.0,0.75,2. BELOW BASELINE,1.0,2.0,0.5
HRMY,Medical,Medical - Biomedical and Genetics,10__0,10,0.0,8. p75_trade_value,6985.000000000001,6985.000000000001,0.0,1.0,0.0,0.75,2. BELOW BASELINE,1.0,3.0,0.3333333333333333
HROW,Medical,Medical - Drugs,20__1,20,1.0,1. p999999_trade_value,442500.0,442500.0,0.0,1.0,0.0,0.75,2. BELOW BASELINE,0.0,1.0,0.0
HROW,Medical,Medical - Drugs,20__1,20,1.0,5. p99_trade_value,405000.00000000006,405000.00000000006,0.0,1.0,0.0,0.75,2. BELOW BASELINE,0.0,2.0,0.0
HROW,Medical,Medical - Drugs,20__1,20,1.0,6. p95_trade_value,240000.0,52500.0,2.0,6.0,0.3333333333333333,0.75,2. BELOW BASELINE,2.0,8.0,0.25
HROW,Medical,Medical - Drugs,20__1,20,1.0,7. p90_trade_value,42500.0,20657.0,3.0,5.0,0.6,0.75,2. BELOW BASELINE,5.0,13.0,0.38461538461538464
HROW,Medical,Medical - Drugs,20__1,20,1.0,8. p75_trade_value,18800.0,8625.0,9.0,19.0,0.47368421052631576,0.75,2. BELOW BASELINE,14.0,32.0,0.4375
HRTX,Medical,Medical - Drugs,5__0,5,0.0,1. p999999_trade_value,5000.0,5000.0,1.0,1.0,1.0,0.75,1. ABOVE BASELINE,1.0,1.0,1.0
HSIC,Medical,Medical - Dental Supplies,15__0,15,0.0,1. p999999_trade_value,110000.0,110000.0,0.0,2.0,0.0,0.75,2. BELOW BASELINE,0.0,2.0,0.0
HSIC,Medical,Medical - Dental Supplies,15__0,15,0.0,6. p95_trade_value,75000.0,75000.0,1.0,1.0,1.0,0.75,2. BELOW BASELINE,1.0,3.0,0.3333333333333333
HSIC,Medical,Medical - Dental Supplies,15__0,15,0.0,7. p90_trade_value,66000.0,60000.0,2.0,4.0,0.5,0.75,2. BELOW BASELINE,3.0,7.0,0.42857142857142855
HSIC,Medical,Medical - Dental Supplies,15__0,15,0.0,8. p75_trade_value,41240.0,11144.000000000002,0.0,6.0,0.0,0.75,2. BELOW BASELINE,3.0,13.0,0.23076923076923078
HUM,Medical,Medical - HMOs,40__2,40,2.0,1. p999999_trade_value,6228000.0,6228000.0,0.0,1.0,0.0,0.75,2. BELOW BASELINE,0.0,1.0,0.0
HUM,Medical,Medical - HMOs,40__2,40,2.0,3. p9999_trade_value,1784118.0,1784118.0,0.0,1.0,0.0,0.75,2. BELOW BASELINE,0.0,2.0,0.0
HUM,Medical,Medical - HMOs,40__2,40,2.0,4. p999_trade_value,1606000.0,496800.0,5.0,15.0,0.3333333333333333,0.75,2. BELOW BASELINE,5.0,17.0,0.29411764705882354
HUM,Medical,Medical - HMOs,40__2,40,2.0,5. p99_trade_value,490000.0,81300.0,50.0,153.0,0.32679738562091504,0.75,2. BELOW BASELINE,55.0,170.0,0.3235294117647059
HUM,Medical,Medical - HMOs,40__2,40,2.0,6. p95_trade_value,81000.0,26520.0,388.0,683.0,0.568081991215227,0.75,2. BELOW BASELINE,443.0,853.0,0.5193434935521688
HUM,Medical,Medical - HMOs,40__2,40,2.0,7. p90_trade_value,26500.0,16100.0,441.0,848.0,0.5200471698113207,0.75,2. BELOW BASELINE,884.0,1701.0,0.5196942974720753
HUM,Medical,Medical - HMOs,40__2,40,2.0,8. p75_trade_value,16094.999999999998,8640.0,1184.0,2550.0,0.46431372549019606,0.75,2. BELOW BASELINE,2068.0,4251.0,0.4864737708774406
HUMA,Medical,Medical - Biomedical and Genetics,25__0,25,0.0,1. p999999_trade_value,29039.999999999996,29039.999999999996,0.0,1.0,0.0,0.75,2. BELOW BASELINE,0.0,1.0,0.0
HUMA,Medical,Medical - Biomedical and Genetics,25__0,25,0.0,5. p99_trade_value,27170.0,24900.0,1.0,2.0,0.5,0.75,2. BELOW BASELINE,1.0,3.0,0.3333333333333333
HUMA,Medical,Medical - Biomedical and Genetics,25__0,25,0.0,6. p95_trade_value,24400.0,14580.000000000002,4.0,9.0,0.4444444444444444,0.75,2. BELOW BASELINE,5.0,12.0,0.4166666666666667
HUMA,Medical,Medical - Biomedical and Genetics,25__0,25,0.0,7. p90_trade_value,14400.0,10300.0,7.0,12.0,0.5833333333333334,0.75,2. BELOW BASELINE,12.0,24.0,0.5
HUMA,Medical,Medical - Biomedical and Genetics,25__0,25,0.0,8. p75_trade_value,10000.0,6100.0,21.0,35.0,0.6,0.75,2. BELOW BASELINE,33.0,59.0,0.559322033898305
HYPR,Medical,Medical - Instruments,5__0,5,0.0,1. p999999_trade_value,12495.0,12495.0,0.0,1.0,0.0,0.75,2. BELOW BASELINE,0.0,1.0,0.0
HYPR,Medical,Medical - Instruments,5__0,5,0.0,8. p75_trade_value,6291.0,6291.0,0.0,1.0,0.0,0.75,2. BELOW BASELINE,0.0,2.0,0.0
IART,Medical,Medical - Instruments,5__1,5,1.0,1. p999999_trade_value,90000.0,90000.0,0.0,1.0,0.0,0.75,2. BELOW BASELINE,0.0,1.0,0.0
IBRX,Medical,Medical - Biomedical and Genetics,20__0,20,0.0,1. p999999_trade_value,175000.0,175000.0,0.0,1.0,0.0,0.75,2. BELOW BASELINE,0.0,1.0,0.0
IBRX,Medical,Medical - Biomedical and Genetics,20__0,20,0.0,5. p99_trade_value,54550.0,54550.0,0.0,1.0,0.0,0.75,2. BELOW BASELINE,0.0,2.0,0.0
IBRX,Medical,Medical - Biomedical and Genetics,20__0,20,0.0,6. p95_trade_value,45700.0,25640.000000000004,0.0,7.0,0.0,0.75,2. BELOW BASELINE,0.0,9.0,0.0
IBRX,Medical,Medical - Biomedical and Genetics,20__0,20,0.0,7. p90_trade_value,22800.0,13986.000000000002,3.0,8.0,0.375,0.75,2. BELOW BASELINE,3.0,17.0,0.17647058823529413
IBRX,Medical,Medical - Biomedical and Genetics,20__0,20,0.0,8. p75_trade_value,13840.0,7220.0,7.0,26.0,0.2692307692307692,0.75,2. BELOW BASELINE,10.0,43.0,0.23255813953488372
ICLR,Medical,Medical Services,25__0,25,0.0,1. p999999_trade_value,766800.0,766800.0,1.0,1.0,1.0,0.75,1. ABOVE BASELINE,1.0,1.0,1.0
ICLR,Medical,Medical Services,25__0,25,0.0,5. p99_trade_value,248400.0,200000.0,1.0,2.0,0.5,0.75,2. BELOW BASELINE,2.0,3.0,0.6666666666666666
ICLR,Medical,Medical Services,25__0,25,0.0,6. p95_trade_value,150000.0,24500.0,8.0,14.0,0.5714285714285714,0.75,2. BELOW BASELINE,10.0,17.0,0.5882352941176471
ICLR,Medical,Medical Services,25__0,25,0.0,7. p90_trade_value,24090.0,17940.0,7.0,12.0,0.5833333333333334,0.75,2. BELOW BASELINE,17.0,29.0,0.5862068965517241
ICLR,Medical,Medical Services,25__0,25,0.0,8. p75_trade_value,17500.0,9450.0,29.0,42.0,0.6904761904761905,0.75,2. BELOW BASELINE,46.0,71.0,0.647887323943662
ICUI,Medical,Medical - Products,15__0,15,0.0,1. p999999_trade_value,89400.0,89400.0,0.0,1.0,0.0,0.75,2. BELOW BASELINE,0.0,1.0,0.0
ICUI,Medical,Medical - Products,15__0,15,0.0,6. p95_trade_value,29000.0,29000.0,0.0,1.0,0.0,0.75,2. BELOW BASELINE,0.0,2.0,0.0
ICUI,Medical,Medical - Products,15__0,15,0.0,7. p90_trade_value,10660.0,10660.0,1.0,1.0,1.0,0.75,2. BELOW BASELINE,1.0,3.0,0.3333333333333333
ICUI,Medical,Medical - Products,15__0,15,0.0,8. p75_trade_value,10200.0,8000.0,2.0,3.0,0.6666666666666666,0.75,2. BELOW BASELINE,3.0,6.0,0.5
IDXX,Medical,Medical - Instruments,25__2,25,2.0,1. p999999_trade_value,577395.0,577395.0,1.0,1.0,1.0,0.75,1. ABOVE BASELINE,1.0,1.0,1.0
IDXX,Medical,Medical - Instruments,25__2,25,2.0,5. p99_trade_value,329928.0,268250.0,0.0,2.0,0.0,0.75,2. BELOW BASELINE,1.0,3.0,0.3333333333333333
IDXX,Medical,Medical - Instruments,25__2,25,2.0,6. p95_trade_value,200000.0,38400.0,2.0,10.0,0.2,0.75,2. BELOW BASELINE,3.0,13.0,0.23076923076923078
IDXX,Medical,Medical - Instruments,25__2,25,2.0,7. p90_trade_value,38397.99999999999,29250.0,1.0,12.0,0.08333333333333333,0.75,2. BELOW BASELINE,4.0,25.0,0.16
IDXX,Medical,Medical - Instruments,25__2,25,2.0,8. p75_trade_value,28000.0,14000.0,21.0,37.0,0.5675675675675675,0.75,2. BELOW BASELINE,25.0,62.0,0.4032258064516129
IDYA,Medical,Medical - Biomedical and Genetics,5__3,5,3.0,1. p999999_trade_value,17615.0,17615.0,0.0,1.0,0.0,0.75,2. BELOW BASELINE,0.0,1.0,0.0
IDYA,Medical,Medical - Biomedical and Genetics,5__3,5,3.0,8. p75_trade_value,5000.0,5000.0,1.0,1.0,1.0,0.75,2. BELOW BASELINE,1.0,2.0,0.5
IFRX,Medical,Medical - Biomedical and Genetics,0__2,0,2.0,1. p999999_trade_value,4440.0,4440.0,0.0,1.0,0.0,0.75,2. BELOW BASELINE,0.0,1.0,0.0
IGMS,Medical,Medical - Biomedical and Genetics,5__0,5,0.0,1. p999999_trade_value,6500.0,6500.0,1.0,1.0,1.0,0.75,1. ABOVE BASELINE,1.0,1.0,1.0
ILMN,Medical,Medical - Biomedical and Genetics,30__2,30,2.0,1. p999999_trade_value,391800.0,391800.0,0.0,1.0,0.0,0.75,2. BELOW BASELINE,0.0,1.0,0.0
ILMN,Medical,Medical - Biomedical and Genetics,30__2,30,2.0,4. p999_trade_value,341600.0,341600.0,0.0,1.0,0.0,0.75,2. BELOW BASELINE,0.0,2.0,0.0
ILMN,Medical,Medical - Biomedical and Genetics,30__2,30,2.0,5. p99_trade_value,336000.0,96250.0,8.0,9.0,0.8888888888888888,0.75,2. BELOW BASELINE,8.0,11.0,0.7272727272727273
ILMN,Medical,Medical - Biomedical and Genetics,30__2,30,2.0,6. p95_trade_value,95000.0,23750.0,16.0,40.0,0.4,0.75,2. BELOW BASELINE,24.0,51.0,0.47058823529411764
ILMN,Medical,Medical - Biomedical and Genetics,30__2,30,2.0,7. p90_trade_value,23500.0,16107.0,29.0,50.0,0.58,0.75,2. BELOW BASELINE,53.0,101.0,0.5247524752475248
ILMN,Medical,Medical - Biomedical and Genetics,30__2,30,2.0,8. p75_trade_value,16100.0,8175.0,90.0,150.0,0.6,0.75,2. BELOW BASELINE,143.0,251.0,0.5697211155378487
IMCR,Medical,Medical - Biomedical and Genetics,10__3,10,3.0,1. p999999_trade_value,218196.0,218196.0,0.0,1.0,0.0,0.75,2. BELOW BASELINE,0.0,1.0,0.0
IMCR,Medical,Medical - Biomedical and Genetics,10__3,10,3.0,7. p90_trade_value,62205.00000000001,62205.00000000001,0.0,1.0,0.0,0.75,2. BELOW BASELINE,0.0,2.0,0.0
IMCR,Medical,Medical - Biomedical and Genetics,10__3,10,3.0,8. p75_trade_value,60291.0,60291.0,0.0,1.0,0.0,0.75,2. BELOW BASELINE,0.0,3.0,0.0
IMNM,Medical,Medical - Biomedical and Genetics,10__0,10,0.0,1. p999999_trade_value,9768.0,9768.0,0.0,1.0,0.0,0.75,2. BELOW BASELINE,0.0,1.0,0.0
IMNM,Medical,Medical - Biomedical and Genetics,10__0,10,0.0,7. p90_trade_value,7000.0,7000.0,1.0,1.0,1.0,0.75,2. BELOW BASELINE,1.0,2.0,0.5
IMNM,Medical,Medical - Biomedical and Genetics,10__0,10,0.0,8. p75_trade_value,5325.0,5325.0,1.0,1.0,1.0,0.75,2. BELOW BASELINE,2.0,3.0,0.6666666666666666
IMTX,Medical,Medical - Biomedical and Genetics,10__0,10,0.0,1. p999999_trade_value,50000.0,50000.0,1.0,1.0,1.0,0.75,1. ABOVE BASELINE,1.0,1.0,1.0
IMTX,Medical,Medical - Biomedical and Genetics,10__0,10,0.0,8. p75_trade_value,28409.999999999996,28409.999999999996,0.0,1.0,0.0,0.75,2. BELOW BASELINE,1.0,2.0,0.5
IMUX,Medical,Medical - Biomedical and Genetics,5__3,5,3.0,1. p999999_trade_value,36000.0,36000.0,0.0,1.0,0.0,0.75,2. BELOW BASELINE,0.0,1.0,0.0
IMVT,Medical,Medical - Biomedical and Genetics,20__2,20,2.0,1. p999999_trade_value,363636.0,363636.0,1.0,1.0,1.0,0.75,1. ABOVE BASELINE,1.0,1.0,1.0
IMVT,Medical,Medical - Biomedical and Genetics,20__2,20,2.0,6. p95_trade_value,280000.0,269190.0,1.0,2.0,0.5,0.75,2. BELOW BASELINE,2.0,3.0,0.6666666666666666
IMVT,Medical,Medical - Biomedical and Genetics,20__2,20,2.0,7. p90_trade_value,175824.0,94499.99999999999,2.0,3.0,0.6666666666666666,0.75,2. BELOW BASELINE,4.0,6.0,0.6666666666666666
IMVT,Medical,Medical - Biomedical and Genetics,20__2,20,2.0,8. p75_trade_value,63000.0,9900.0,3.0,9.0,0.3333333333333333,0.75,2. BELOW BASELINE,7.0,15.0,0.4666666666666667
INBX,Medical,Medical - Biomedical and Genetics,5__0,5,0.0,1. p999999_trade_value,8825.0,8825.0,1.0,1.0,1.0,0.75,1. ABOVE BASELINE,1.0,1.0,1.0
INCY,Medical,Medical - Biomedical and Genetics,30__2,30,2.0,1. p999999_trade_value,250000.0,250000.0,1.0,1.0,1.0,0.75,1. ABOVE BASELINE,1.0,1.0,1.0
INCY,Medical,Medical - Biomedical and Genetics,30__2,30,2.0,5. p99_trade_value,205000.0,97700.0,3.0,7.0,0.42857142857142855,0.75,2. BELOW BASELINE,4.0,8.0,0.5
INCY,Medical,Medical - Biomedical and Genetics,30__2,30,2.0,6. p95_trade_value,88960.0,24720.0,11.0,28.0,0.39285714285714285,0.75,2. BELOW BASELINE,15.0,36.0,0.4166666666666667
INCY,Medical,Medical - Biomedical and Genetics,30__2,30,2.0,7. p90_trade_value,24700.0,15000.0,17.0,35.0,0.4857142857142857,0.75,2. BELOW BASELINE,32.0,71.0,0.4507042253521127
INCY,Medical,Medical - Biomedical and Genetics,30__2,30,2.0,8. p75_trade_value,14700.0,8586.0,31.0,107.0,0.2897196261682243,0.75,2. BELOW BASELINE,63.0,178.0,0.3539325842696629
INDV,Medical,Medical - Drugs,10__3,10,3.0,1. p999999_trade_value,100000.0,100000.0,0.0,1.0,0.0,0.75,2. BELOW BASELINE,0.0,1.0,0.0
INDV,Medical,Medical - Drugs,10__3,10,3.0,8. p75_trade_value,40000.0,23595.0,1.0,2.0,0.5,0.75,2. BELOW BASELINE,1.0,3.0,0.3333333333333333
INMB,Medical,Medical - Biomedical and Genetics,15__0,15,0.0,1. p999999_trade_value,12000.0,12000.0,0.0,1.0,0.0,0.75,2. BELOW BASELINE,0.0,1.0,0.0
INMB,Medical,Medical - Biomedical and Genetics,15__0,15,0.0,6. p95_trade_value,6800.0,6370.0,1.0,2.0,0.5,0.75,2. BELOW BASELINE,1.0,3.0,0.3333333333333333
INMB,Medical,Medical - Biomedical and Genetics,15__0,15,0.0,7. p90_trade_value,6325.000000000001,6150.0,1.0,2.0,0.5,0.75,2. BELOW BASELINE,2.0,5.0,0.4
INMB,Medical,Medical - Biomedical and Genetics,15__0,15,0.0,8. p75_trade_value,6000.0,5232.0,4.0,7.0,0.5714285714285714,0.75,2. BELOW BASELINE,6.0,12.0,0.5
INMD,Medical,Medical - Products,20__0,20,0.0,1. p999999_trade_value,20000.0,20000.0,0.0,1.0,0.0,0.75,2. BELOW BASELINE,0.0,1.0,0.0
INMD,Medical,Medical - Products,20__0,20,0.0,6. p95_trade_value,14820.000000000002,13390.0,3.0,3.0,1.0,0.75,2. BELOW BASELINE,3.0,4.0,0.75
INMD,Medical,Medical - Products,20__0,20,0.0,7. p90_trade_value,11599.999999999998,10000.0,4.0,5.0,0.8,0.75,2. BELOW BASELINE,7.0,9.0,0.7777777777777778
INMD,Medical,Medical - Products,20__0,20,0.0,8. p75_trade_value,9600.0,8240.0,8.0,9.0,0.8888888888888888,0.75,2. BELOW BASELINE,15.0,18.0,0.8333333333333334
INSM,Medical,Medical - Biomedical and Genetics,30__1,30,1.0,1. p999999_trade_value,1792000.0,1792000.0,1.0,1.0,1.0,0.75,2. BELOW BASELINE,1.0,1.0,1.0
INSM,Medical,Medical - Biomedical and Genetics,30__1,30,1.0,4. p999_trade_value,1496265.0000000002,1496265.0000000002,0.0,1.0,0.0,0.75,2. BELOW BASELINE,1.0,2.0,0.5
INSM,Medical,Medical - Biomedical and Genetics,30__1,30,1.0,5. p99_trade_value,455385.00000000006,100800.0,7.0,12.0,0.5833333333333334,0.75,2. BELOW BASELINE,8.0,14.0,0.5714285714285714
INSM,Medical,Medical - Biomedical and Genetics,30__1,30,1.0,6. p95_trade_value,100295.99999999999,24850.0,19.0,52.0,0.36538461538461536,0.75,2. BELOW BASELINE,27.0,66.0,0.4090909090909091
INSM,Medical,Medical - Biomedical and Genetics,30__1,30,1.0,7. p90_trade_value,24750.0,15369.0,23.0,65.0,0.35384615384615387,0.75,2. BELOW BASELINE,50.0,131.0,0.3816793893129771
INSM,Medical,Medical - Biomedical and Genetics,30__1,30,1.0,8. p75_trade_value,15250.0,8580.0,102.0,197.0,0.5177664974619289,0.75,2. BELOW BASELINE,152.0,328.0,0.4634146341463415
INSP,Medical,Medical Info Systems,30__0,30,0.0,1. p999999_trade_value,223510.00000000003,223510.00000000003,1.0,1.0,1.0,0.75,1. ABOVE BASELINE,1.0,1.0,1.0
INSP,Medical,Medical Info Systems,30__0,30,0.0,5. p99_trade_value,222360.0,91680.0,5.0,6.0,0.8333333333333334,0.75,1. ABOVE BASELINE,6.0,7.0,0.8571428571428571
INSP,Medical,Medical Info Systems,30__0,30,0.0,6. p95_trade_value,89700.0,35279.99999999999,18.0,28.0,0.6428571428571429,0.75,2. BELOW BASELINE,24.0,35.0,0.6857142857142857
INSP,Medical,Medical Info Systems,30__0,30,0.0,7. p90_trade_value,33880.0,20570.0,25.0,34.0,0.7352941176470589,0.75,2. BELOW BASELINE,49.0,69.0,0.7101449275362319
INSP,Medical,Medical Info Systems,30__0,30,0.0,8. p75_trade_value,20544.0,10080.0,70.0,104.0,0.6730769230769231,0.75,2. BELOW BASELINE,119.0,173.0,0.6878612716763006
INVA,Medical,Large Cap Pharmaceuticals,5__0,5,0.0,1. p999999_trade_value,7680.0,7680.0,0.0,1.0,0.0,0.75,2. BELOW BASELINE,0.0,1.0,0.0
INZY,Medical,Medical - Biomedical and Genetics,5__0,5,0.0,1. p999999_trade_value,8992.0,8992.0,0.0,1.0,0.0,0.75,2. BELOW BASELINE,0.0,1.0,0.0
IONS,Medical,Medical - Drugs,15__0,15,0.0,1. p999999_trade_value,61695.00000000001,61695.00000000001,0.0,1.0,0.0,0.75,2. BELOW BASELINE,0.0,1.0,0.0
IONS,Medical,Medical - Drugs,15__0,15,0.0,6. p95_trade_value,40000.0,40000.0,1.0,1.0,1.0,0.75,2. BELOW BASELINE,1.0,2.0,0.5
IONS,Medical,Medical - Drugs,15__0,15,0.0,7. p90_trade_value,12000.0,12000.0,0.0,1.0,0.0,0.75,2. BELOW BASELINE,1.0,3.0,0.3333333333333333
IONS,Medical,Medical - Drugs,15__0,15,0.0,8. p75_trade_value,9200.0,7695.0,4.0,4.0,1.0,0.75,2. BELOW BASELINE,5.0,7.0,0.7142857142857143
IOVA,Medical,Medical - Biomedical and Genetics,30__2,30,2.0,1. p999999_trade_value,388500.00000000006,388500.00000000006,1.0,1.0,1.0,0.75,1. ABOVE BASELINE,1.0,1.0,1.0
IOVA,Medical,Medical - Biomedical and Genetics,30__2,30,2.0,5. p99_trade_value,161000.0,52268.99999999999,7.0,9.0,0.7777777777777778,0.75,1. ABOVE BASELINE,8.0,10.0,0.8
IOVA,Medical,Medical - Biomedical and Genetics,30__2,30,2.0,6. p95_trade_value,51726.0,22750.0,27.0,36.0,0.75,0.75,1. ABOVE BASELINE,35.0,46.0,0.7608695652173914
IOVA,Medical,Medical - Biomedical and Genetics,30__2,30,2.0,7. p90_trade_value,22500.0,15480.000000000002,22.0,45.0,0.4888888888888889,0.75,2. BELOW BASELINE,57.0,91.0,0.6263736263736264
IOVA,Medical,Medical - Biomedical and Genetics,30__2,30,2.0,8. p75_trade_value,15345.000000000002,9288.0,63.0,137.0,0.45985401459854014,0.75,2. BELOW BASELINE,120.0,228.0,0.5263157894736842
IQV,Medical,Medical - Instruments,25__2,25,2.0,1. p999999_trade_value,1630800.0000000002,1630800.0000000002,0.0,1.0,0.0,0.75,1. ABOVE BASELINE,0.0,1.0,0.0
IQV,Medical,Medical - Instruments,25__2,25,2.0,5. p99_trade_value,978690.0,360400.0,3.0,4.0,0.75,0.75,1. ABOVE BASELINE,3.0,5.0,0.6
IQV,Medical,Medical - Instruments,25__2,25,2.0,6. p95_trade_value,312000.0,38280.0,10.0,18.0,0.5555555555555556,0.75,2. BELOW BASELINE,13.0,23.0,0.5652173913043478
IQV,Medical,Medical - Instruments,25__2,25,2.0,7. p90_trade_value,37800.0,16430.0,14.0,23.0,0.6086956521739131,0.75,2. BELOW BASELINE,27.0,46.0,0.5869565217391305
IQV,Medical,Medical - Instruments,25__2,25,2.0,8. p75_trade_value,16000.0,7680.000000000001,49.0,67.0,0.7313432835820896,0.75,2. BELOW BASELINE,76.0,113.0,0.672566371681416
IRD,Medical,Medical - Biomedical and Genetics,5__0,5,0.0,2. p99999_trade_value,6059.999999999999,6059.999999999999,0.0,1.0,0.0,0.75,2. BELOW BASELINE,0.0,1.0,0.0
IRON,Medical,Medical - Biomedical and Genetics,15__1,15,1.0,1. p999999_trade_value,238784.0,238784.0,0.0,1.0,0.0,0.75,2. BELOW BASELINE,0.0,1.0,0.0
IRON,Medical,Medical - Biomedical and Genetics,15__1,15,1.0,6. p95_trade_value,230148.0,230148.0,0.0,1.0,0.0,0.75,2. BELOW BASELINE,0.0,2.0,0.0
IRON,Medical,Medical - Biomedical and Genetics,15__1,15,1.0,7. p90_trade_value,160000.0,160000.0,1.0,1.0,1.0,0.75,2. BELOW BASELINE,1.0,3.0,0.3333333333333333
IRON,Medical,Medical - Biomedical and Genetics,15__1,15,1.0,8. p75_trade_value,120000.0,52500.0,5.0,5.0,1.0,0.75,2. BELOW BASELINE,6.0,8.0,0.75
IRTC,Medical,Medical Info Systems,20__0,20,0.0,1. p999999_trade_value,202500.00000000003,202500.00000000003,1.0,1.0,1.0,0.75,1. ABOVE BASELINE,1.0,1.0,1.0
IRTC,Medical,Medical Info Systems,20__0,20,0.0,5. p99_trade_value,90000.0,90000.0,1.0,1.0,1.0,0.75,1. ABOVE BASELINE,2.0,2.0,1.0
IRTC,Medical,Medical Info Systems,20__0,20,0.0,6. p95_trade_value,78000.0,26250.0,3.0,7.0,0.42857142857142855,0.75,2. BELOW BASELINE,5.0,9.0,0.5555555555555556
IRTC,Medical,Medical Info Systems,20__0,20,0.0,7. p90_trade_value,23792.999999999996,16713.000000000004,1.0,12.0,0.08333333333333333,0.75,2. BELOW BASELINE,6.0,21.0,0.2857142857142857
IRTC,Medical,Medical Info Systems,20__0,20,0.0,8. p75_trade_value,16686.0,10368.0,9.0,25.0,0.36,0.75,2. BELOW BASELINE,15.0,46.0,0.32608695652173914
ISRG,Medical,Medical - Instruments,40__0,40,0.0,1. p999999_trade_value,742000.0,742000.0,0.0,1.0,0.0,0.75,2. BELOW BASELINE,0.0,1.0,0.0
ISRG,Medical,Medical - Instruments,40__0,40,0.0,4. p999_trade_value,624000.0,233100.0,2.0,7.0,0.2857142857142857,0.75,2. BELOW BASELINE,2.0,8.0,0.25
ISRG,Medical,Medical - Instruments,40__0,40,0.0,5. p99_trade_value,229000.0,57760.0,47.0,72.0,0.6527777777777778,0.75,2. BELOW BASELINE,49.0,80.0,0.6125
ISRG,Medical,Medical - Instruments,40__0,40,0.0,6. p95_trade_value,57650.0,23520.0,193.0,318.0,0.6069182389937107,0.75,2. BELOW BASELINE,242.0,398.0,0.6080402010050251
ISRG,Medical,Medical - Instruments,40__0,40,0.0,7. p90_trade_value,23460.000000000004,15000.0,237.0,405.0,0.5851851851851851,0.75,2. BELOW BASELINE,479.0,803.0,0.5965130759651308
ISRG,Medical,Medical - Instruments,40__0,40,0.0,8. p75_trade_value,14976.0,8736.0,602.0,1184.0,0.5084459459459459,0.75,2. BELOW BASELINE,1081.0,1987.0,0.5440362355309512
ITGR,Medical,Medical - Instruments,10__0,10,0.0,1. p999999_trade_value,7200.0,7200.0,1.0,1.0,1.0,0.75,1. ABOVE BASELINE,1.0,1.0,1.0
ITGR,Medical,Medical - Instruments,10__0,10,0.0,8. p75_trade_value,6800.0,6800.0,1.0,1.0,1.0,0.75,1. ABOVE BASELINE,2.0,2.0,1.0
ITOS,Medical,Medical - Biomedical and Genetics,15__0,15,0.0,1. p999999_trade_value,149700.0,149700.0,0.0,1.0,0.0,0.75,2. BELOW BASELINE,0.0,1.0,0.0
ITOS,Medical,Medical - Biomedical and Genetics,15__0,15,0.0,6. p95_trade_value,135000.0,51800.0,0.0,2.0,0.0,0.75,2. BELOW BASELINE,0.0,3.0,0.0
ITOS,Medical,Medical - Biomedical and Genetics,15__0,15,0.0,7. p90_trade_value,50000.0,50000.0,0.0,3.0,0.0,0.75,2. BELOW BASELINE,0.0,6.0,0.0
ITOS,Medical,Medical - Biomedical and Genetics,15__0,15,0.0,8. p75_trade_value,25200.0,14300.0,0.0,5.0,0.0,0.75,2. BELOW BASELINE,0.0,11.0,0.0
IVVD,Medical,Medical - Biomedical and Genetics,10__0,10,0.0,1. p999999_trade_value,10000.0,10000.0,1.0,2.0,0.5,0.75,2. BELOW BASELINE,1.0,2.0,0.5
IVVD,Medical,Medical - Biomedical and Genetics,10__0,10,0.0,8. p75_trade_value,9720.0,9720.0,0.0,1.0,0.0,0.75,2. BELOW BASELINE,1.0,3.0,0.3333333333333333
JANX,Medical,Medical - Biomedical and Genetics,25__0,25,0.0,1. p999999_trade_value,400000.0,400000.0,0.0,1.0,0.0,0.75,2. BELOW BASELINE,0.0,1.0,0.0
JANX,Medical,Medical - Biomedical and Genetics,25__0,25,0.0,5. p99_trade_value,326000.0,326000.0,1.0,2.0,0.5,0.75,2. BELOW BASELINE,1.0,3.0,0.3333333333333333
JANX,Medical,Medical - Biomedical and Genetics,25__0,25,0.0,6. p95_trade_value,112500.0,50000.0,12.0,15.0,0.8,0.75,2. BELOW BASELINE,13.0,18.0,0.7222222222222222
JANX,Medical,Medical - Biomedical and Genetics,25__0,25,0.0,7. p90_trade_value,42200.0,23100.0,4.0,12.0,0.3333333333333333,0.75,2. BELOW BASELINE,17.0,30.0,0.5666666666666667
JANX,Medical,Medical - Biomedical and Genetics,25__0,25,0.0,8. p75_trade_value,22000.0,10500.0,12.0,44.0,0.2727272727272727,0.75,2. BELOW BASELINE,29.0,74.0,0.3918918918918919
JAZZ,Medical,Medical - Biomedical and Genetics,20__0,20,0.0,1. p999999_trade_value,140000.0,140000.0,0.0,1.0,0.0,0.75,2. BELOW BASELINE,0.0,1.0,0.0
JAZZ,Medical,Medical - Biomedical and Genetics,20__0,20,0.0,5. p99_trade_value,124925.0,124925.0,0.0,1.0,0.0,0.75,2. BELOW BASELINE,0.0,2.0,0.0
JAZZ,Medical,Medical - Biomedical and Genetics,20__0,20,0.0,6. p95_trade_value,105000.0,34270.0,3.0,4.0,0.75,0.75,2. BELOW BASELINE,3.0,6.0,0.5
JAZZ,Medical,Medical - Biomedical and Genetics,20__0,20,0.0,7. p90_trade_value,28000.0,17020.0,2.0,6.0,0.3333333333333333,0.75,2. BELOW BASELINE,5.0,12.0,0.4166666666666667
JAZZ,Medical,Medical - Biomedical and Genetics,20__0,20,0.0,8. p75_trade_value,14241.0,10000.0,7.0,19.0,0.3684210526315789,0.75,2. BELOW BASELINE,12.0,31.0,0.3870967741935484
JNJ,Medical,Large Cap Pharmaceuticals,40__0,40,0.0,1. p999999_trade_value,984000.0,984000.0,1.0,1.0,1.0,0.75,1. ABOVE BASELINE,1.0,1.0,1.0
JNJ,Medical,Large Cap Pharmaceuticals,40__0,40,0.0,4. p999_trade_value,689500.0,344999.99999999994,5.0,6.0,0.8333333333333334,0.75,1. ABOVE BASELINE,6.0,7.0,0.8571428571428571
JNJ,Medical,Large Cap Pharmaceuticals,40__0,40,0.0,5. p99_trade_value,303000.0,69360.0,30.0,56.0,0.5357142857142857,0.75,2. BELOW BASELINE,36.0,63.0,0.5714285714285714
JNJ,Medical,Large Cap Pharmaceuticals,40__0,40,0.0,6. p95_trade_value,69000.0,24983.0,139.0,252.0,0.5515873015873016,0.75,2. BELOW BASELINE,175.0,315.0,0.5555555555555556
JNJ,Medical,Large Cap Pharmaceuticals,40__0,40,0.0,7. p90_trade_value,24822.0,14800.0,182.0,315.0,0.5777777777777777,0.75,2. BELOW BASELINE,357.0,630.0,0.5666666666666667
JNJ,Medical,Large Cap Pharmaceuticals,40__0,40,0.0,8. p75_trade_value,14750.0,8122.0,515.0,942.0,0.5467091295116773,0.75,2. BELOW BASELINE,872.0,1572.0,0.55470737913486
JSPR,Medical,Medical - Biomedical and Genetics,25__0,25,0.0,1. p999999_trade_value,300000.0,300000.0,1.0,1.0,1.0,0.75,1. ABOVE BASELINE,1.0,1.0,1.0
JSPR,Medical,Medical - Biomedical and Genetics,25__0,25,0.0,5. p99_trade_value,217500.0,180000.0,1.0,2.0,0.5,0.75,2. BELOW BASELINE,2.0,3.0,0.6666666666666666
JSPR,Medical,Medical - Biomedical and Genetics,25__0,25,0.0,6. p95_trade_value,163800.0,37620.0,6.0,9.0,0.6666666666666666,0.75,2. BELOW BASELINE,8.0,12.0,0.6666666666666666
JSPR,Medical,Medical - Biomedical and Genetics,25__0,25,0.0,7. p90_trade_value,36980.0,16340.0,10.0,12.0,0.8333333333333334,0.75,2. BELOW BASELINE,18.0,24.0,0.75
JSPR,Medical,Medical - Biomedical and Genetics,25__0,25,0.0,8. p75_trade_value,16240.0,7713.999999999998,26.0,34.0,0.7647058823529411,0.75,2. BELOW BASELINE,44.0,58.0,0.7586206896551724
KALV,Medical,Medical - Drugs,10__0,10,0.0,1. p999999_trade_value,74000.0,74000.0,1.0,1.0,1.0,0.75,1. ABOVE BASELINE,1.0,1.0,1.0
KALV,Medical,Medical - Drugs,10__0,10,0.0,7. p90_trade_value,40000.0,40000.0,0.0,1.0,0.0,0.75,2. BELOW BASELINE,1.0,2.0,0.5
KALV,Medical,Medical - Drugs,10__0,10,0.0,8. p75_trade_value,10800.0,8662.0,1.0,2.0,0.5,0.75,2. BELOW BASELINE,2.0,4.0,0.5
KNSA,Medical,Medical - Biomedical and Genetics,0__2,0,2.0,1. p999999_trade_value,3400.0,3400.0,1.0,1.0,1.0,0.75,1. ABOVE BASELINE,1.0,1.0,1.0
KOD,Medical,Medical - Biomedical and Genetics,5__0,5,0.0,1. p999999_trade_value,4800.0,4800.0,0.0,1.0,0.0,0.75,2. BELOW BASELINE,0.0,1.0,0.0
KROS,Medical,Medical - Biomedical and Genetics,15__0,15,0.0,1. p999999_trade_value,19000.0,19000.0,0.0,1.0,0.0,0.75,2. BELOW BASELINE,0.0,1.0,0.0
KROS,Medical,Medical - Biomedical and Genetics,15__0,15,0.0,6. p95_trade_value,11400.0,11400.0,0.0,1.0,0.0,0.75,2. BELOW BASELINE,0.0,2.0,0.0
KROS,Medical,Medical - Biomedical and Genetics,15__0,15,0.0,7. p90_trade_value,10750.0,10750.0,0.0,1.0,0.0,0.75,2. BELOW BASELINE,0.0,3.0,0.0
KROS,Medical,Medical - Biomedical and Genetics,15__0,15,0.0,8. p75_trade_value,10500.0,6930.0,0.0,4.0,0.0,0.75,2. BELOW BASELINE,0.0,7.0,0.0
KRYS,Medical,Medical - Biomedical and Genetics,25__2,25,2.0,1. p999999_trade_value,750000.0,750000.0,1.0,1.0,1.0,0.75,1. ABOVE BASELINE,1.0,1.0,1.0
KRYS,Medical,Medical - Biomedical and Genetics,25__2,25,2.0,5. p99_trade_value,700000.0,517175.0,2.0,2.0,1.0,0.75,1. ABOVE BASELINE,3.0,3.0,1.0
KRYS,Medical,Medical - Biomedical and Genetics,25__2,25,2.0,6. p95_trade_value,452100.0,125000.0,3.0,8.0,0.375,0.75,2. BELOW BASELINE,6.0,11.0,0.5454545454545454
KRYS,Medical,Medical - Biomedical and Genetics,25__2,25,2.0,7. p90_trade_value,114000.0,28800.0,7.0,11.0,0.6363636363636364,0.75,2. BELOW BASELINE,13.0,22.0,0.5909090909090909
KRYS,Medical,Medical - Biomedical and Genetics,25__2,25,2.0,8. p75_trade_value,28620.0,7800.0,25.0,32.0,0.78125,0.75,2. BELOW BASELINE,38.0,54.0,0.7037037037037037
KURA,Medical,Medical - Biomedical and Genetics,15__0,15,0.0,1. p999999_trade_value,19992.0,19992.0,0.0,1.0,0.0,0.75,2. BELOW BASELINE,0.0,1.0,0.0
KURA,Medical,Medical - Biomedical and Genetics,15__0,15,0.0,7. p90_trade_value,16344.999999999998,16344.999999999998,1.0,1.0,1.0,0.75,2. BELOW BASELINE,1.0,2.0,0.5
KURA,Medical,Medical - Biomedical and Genetics,15__0,15,0.0,8. p75_trade_value,11000.000000000002,7450.0,0.0,4.0,0.0,0.75,2. BELOW BASELINE,1.0,6.0,0.16666666666666666
KYMR,Medical,Medical - Biomedical and Genetics,15__0,15,0.0,1. p999999_trade_value,7520.0,7520.0,0.0,1.0,0.0,0.75,2. BELOW BASELINE,0.0,1.0,0.0
KYMR,Medical,Medical - Biomedical and Genetics,15__0,15,0.0,6. p95_trade_value,7000.0,7000.0,0.0,1.0,0.0,0.75,2. BELOW BASELINE,0.0,2.0,0.0
KYMR,Medical,Medical - Biomedical and Genetics,15__0,15,0.0,7. p90_trade_value,6160.000000000001,6160.000000000001,1.0,1.0,1.0,0.75,2. BELOW BASELINE,1.0,3.0,0.3333333333333333
KYMR,Medical,Medical - Biomedical and Genetics,15__0,15,0.0,8. p75_trade_value,5945.0,5550.000000000001,1.0,3.0,0.3333333333333333,0.75,2. BELOW BASELINE,2.0,6.0,0.3333333333333333
KZIA,Medical,Medical - Biomedical and Genetics,0__2,0,2.0,1. p999999_trade_value,3885.0,3885.0,0.0,1.0,0.0,0.75,2. BELOW BASELINE,0.0,1.0,0.0
LEGN,Medical,Medical - Biomedical and Genetics,20__0,20,0.0,1. p999999_trade_value,170000.0,170000.0,1.0,1.0,1.0,0.75,1. ABOVE BASELINE,1.0,1.0,1.0
LEGN,Medical,Medical - Biomedical and Genetics,20__0,20,0.0,5. p99_trade_value,65000.0,65000.0,1.0,1.0,1.0,0.75,1. ABOVE BASELINE,2.0,2.0,1.0
LEGN,Medical,Medical - Biomedical and Genetics,20__0,20,0.0,6. p95_trade_value,26450.0,16600.0,6.0,7.0,0.8571428571428571,0.75,1. ABOVE BASELINE,8.0,9.0,0.8888888888888888
LEGN,Medical,Medical - Biomedical and Genetics,20__0,20,0.0,7. p90_trade_value,16425.0,13000.0,7.0,9.0,0.7777777777777778,0.75,1. ABOVE BASELINE,15.0,18.0,0.8333333333333334
LEGN,Medical,Medical - Biomedical and Genetics,20__0,20,0.0,8. p75_trade_value,12600.0,7560.000000000001,14.0,25.0,0.56,0.75,2. BELOW BASELINE,29.0,43.0,0.6744186046511628
LFCR,Medical,Medical - Biomedical and Genetics,5__0,5,0.0,1. p999999_trade_value,3640.0,3640.0,1.0,1.0,1.0,0.75,1. ABOVE BASELINE,1.0,1.0,1.0
LFMD,Medical,Medical Services,20__0,20,0.0,1. p999999_trade_value,130000.0,130000.0,1.0,1.0,1.0,0.75,1. ABOVE BASELINE,1.0,1.0,1.0
LFMD,Medical,Medical Services,20__0,20,0.0,5. p99_trade_value,40375.0,40375.0,1.0,1.0,1.0,0.75,1. ABOVE BASELINE,2.0,2.0,1.0
LFMD,Medical,Medical Services,20__0,20,0.0,6. p95_trade_value,39760.0,32475.0,4.0,4.0,1.0,0.75,1. ABOVE BASELINE,6.0,6.0,1.0
LFMD,Medical,Medical Services,20__0,20,0.0,7. p90_trade_value,26100.0,13695.000000000002,4.0,6.0,0.6666666666666666,0.75,2. BELOW BASELINE,10.0,12.0,0.8333333333333334
LFMD,Medical,Medical Services,20__0,20,0.0,8. p75_trade_value,13585.000000000002,7530.0,14.0,17.0,0.8235294117647058,0.75,2. BELOW BASELINE,24.0,29.0,0.8275862068965517
LFST,Medical,Medical - Outpatient and Home Healthcare,10__3,10,3.0,1. p999999_trade_value,144750.0,144750.0,1.0,1.0,1.0,0.75,1. ABOVE BASELINE,1.0,1.0,1.0
LFST,Medical,Medical - Outpatient and Home Healthcare,10__3,10,3.0,8. p75_trade_value,8560.0,8560.0,1.0,1.0,1.0,0.75,1. ABOVE BASELINE,2.0,2.0,1.0
LFVN,Medical,Medical - Dental Supplies,5__0,5,0.0,1. p999999_trade_value,5000.0,5000.0,0.0,1.0,0.0,0.75,2. BELOW BASELINE,0.0,1.0,0.0
LFVN,Medical,Medical - Dental Supplies,5__0,5,0.0,8. p75_trade_value,3632.0,3632.0,1.0,1.0,1.0,0.75,2. BELOW BASELINE,1.0,2.0,0.5
LGND,Medical,Medical - Biomedical and Genetics,10__0,10,0.0,1. p999999_trade_value,7600.0,7600.0,0.0,1.0,0.0,0.75,2. BELOW BASELINE,0.0,1.0,0.0
LGND,Medical,Medical - Biomedical and Genetics,10__0,10,0.0,8. p75_trade_value,5000.0,5000.0,1.0,1.0,1.0,0.75,2. BELOW BASELINE,1.0,2.0,0.5
LH,Medical,Medical Services,20__1,20,1.0,1. p999999_trade_value,500000.0,500000.0,1.0,1.0,1.0,0.75,1. ABOVE BASELINE,1.0,1.0,1.0
LH,Medical,Medical Services,20__1,20,1.0,5. p99_trade_value,263700.0,263700.0,0.0,1.0,0.0,0.75,2. BELOW BASELINE,1.0,2.0,0.5
LH,Medical,Medical Services,20__1,20,1.0,6. p95_trade_value,195000.0,50000.0,3.0,4.0,0.75,0.75,2. BELOW BASELINE,4.0,6.0,0.6666666666666666
LH,Medical,Medical Services,20__1,20,1.0,7. p90_trade_value,46199.99999999999,18232.0,1.0,6.0,0.16666666666666666,0.75,2. BELOW BASELINE,5.0,12.0,0.4166666666666667
LH,Medical,Medical Services,20__1,20,1.0,8. p75_trade_value,15120.000000000002,12600.0,13.0,16.0,0.8125,0.75,2. BELOW BASELINE,18.0,28.0,0.6428571428571429
LIVN,Medical,Medical - Instruments,10__0,10,0.0,1. p999999_trade_value,9975.0,9975.0,1.0,1.0,1.0,0.75,1. ABOVE BASELINE,1.0,1.0,1.0
LIVN,Medical,Medical - Instruments,10__0,10,0.0,7. p90_trade_value,8415.0,8415.0,0.0,2.0,0.0,0.75,2. BELOW BASELINE,1.0,3.0,0.3333333333333333
LIVN,Medical,Medical - Instruments,10__0,10,0.0,8. p75_trade_value,7300.0,7100.0,0.0,2.0,0.0,0.75,2. BELOW BASELINE,1.0,5.0,0.2
LLY,Medical,Large Cap Pharmaceuticals,50__1,50,1.0,1. p999999_trade_value,4812500.0,4812500.0,0.0,1.0,0.0,0.75,2. BELOW BASELINE,0.0,1.0,0.0
LLY,Medical,Large Cap Pharmaceuticals,50__1,50,1.0,3. p9999_trade_value,2777500.0,847800.0,5.0,8.0,0.625,0.75,2. BELOW BASELINE,5.0,9.0,0.5555555555555556
LLY,Medical,Large Cap Pharmaceuticals,50__1,50,1.0,4. p999_trade_value,800000.0,274500.0,32.0,77.0,0.4155844155844156,0.75,2. BELOW BASELINE,37.0,86.0,0.43023255813953487
LLY,Medical,Large Cap Pharmaceuticals,50__1,50,1.0,5. p99_trade_value,270000.0,70000.0,416.0,772.0,0.538860103626943,0.75,2. BELOW BASELINE,453.0,858.0,0.527972027972028
LLY,Medical,Large Cap Pharmaceuticals,50__1,50,1.0,6. p95_trade_value,69940.0,25984.000000000004,1935.0,3414.0,0.5667838312829525,0.75,2. BELOW BASELINE,2388.0,4272.0,0.5589887640449438
LLY,Medical,Large Cap Pharmaceuticals,50__1,50,1.0,7. p90_trade_value,25970.000000000004,16830.0,2276.0,4281.0,0.5316514832982948,0.75,2. BELOW BASELINE,4664.0,8553.0,0.5453057406757863
LLY,Medical,Large Cap Pharmaceuticals,50__1,50,1.0,8. p75_trade_value,16822.0,9000.0,6515.0,12999.0,0.5011923994153397,0.75,2. BELOW BASELINE,11179.0,21552.0,0.5186989606533037
LMAT,Medical,Medical - Products,5__1,5,1.0,1. p999999_trade_value,47125.0,47125.0,1.0,1.0,1.0,0.75,1. ABOVE BASELINE,1.0,1.0,1.0
LNSR,Medical,Medical - Instruments,5__3,5,3.0,1. p999999_trade_value,27600.0,27600.0,0.0,1.0,0.0,0.75,2. BELOW BASELINE,0.0,1.0,0.0
LNTH,Medical,Medical - Products,25__2,25,2.0,1. p999999_trade_value,1102500.0,1102500.0,1.0,1.0,1.0,0.75,2. BELOW BASELINE,1.0,1.0,1.0
LNTH,Medical,Medical - Products,25__2,25,2.0,5. p99_trade_value,684000.0,472500.0,2.0,4.0,0.5,0.75,2. BELOW BASELINE,3.0,5.0,0.6
LNTH,Medical,Medical - Products,25__2,25,2.0,6. p95_trade_value,337500.0,35150.0,10.0,18.0,0.5555555555555556,0.75,2. BELOW BASELINE,13.0,23.0,0.5652173913043478
LNTH,Medical,Medical - Products,25__2,25,2.0,7. p90_trade_value,32639.999999999996,15282.0,10.0,23.0,0.43478260869565216,0.75,2. BELOW BASELINE,23.0,46.0,0.5
LNTH,Medical,Medical - Products,25__2,25,2.0,8. p75_trade_value,15255.000000000002,8208.0,44.0,68.0,0.6470588235294118,0.75,2. BELOW BASELINE,67.0,114.0,0.5877192982456141
LPTX,Medical,Medical - Biomedical and Genetics,5__0,5,0.0,1. p999999_trade_value,4500.0,4500.0,0.0,1.0,0.0,0.75,2. BELOW BASELINE,0.0,1.0,0.0
LQDA,Medical,Medical - Biomedical and Genetics,25__0,25,0.0,1. p999999_trade_value,284715.0,284715.0,1.0,1.0,1.0,0.75,1. ABOVE BASELINE,1.0,1.0,1.0
LQDA,Medical,Medical - Biomedical and Genetics,25__0,25,0.0,5. p99_trade_value,151515.0,84800.0,1.0,2.0,0.5,0.75,2. BELOW BASELINE,2.0,3.0,0.6666666666666666
LQDA,Medical,Medical - Biomedical and Genetics,25__0,25,0.0,6. p95_trade_value,75000.0,35960.0,0.0,8.0,0.0,0.75,2. BELOW BASELINE,2.0,11.0,0.18181818181818182
LQDA,Medical,Medical - Biomedical and Genetics,25__0,25,0.0,7. p90_trade_value,35000.0,16379.999999999998,4.0,11.0,0.36363636363636365,0.75,2. BELOW BASELINE,6.0,22.0,0.2727272727272727
LQDA,Medical,Medical - Biomedical and Genetics,25__0,25,0.0,8. p75_trade_value,16185.0,8500.0,20.0,32.0,0.625,0.75,2. BELOW BASELINE,26.0,54.0,0.48148148148148145
LRMR,Medical,Medical - Drugs,10__0,10,0.0,1. p999999_trade_value,9000.0,9000.0,0.0,1.0,0.0,0.75,2. BELOW BASELINE,0.0,1.0,0.0
LRMR,Medical,Medical - Drugs,10__0,10,0.0,8. p75_trade_value,5940.0,5940.0,0.0,1.0,0.0,0.75,2. BELOW BASELINE,0.0,2.0,0.0
LXEO,Medical,Medical - Drugs,0__2,0,2.0,1. p999999_trade_value,4500.0,4500.0,0.0,1.0,0.0,0.75,2. BELOW BASELINE,0.0,1.0,0.0
LXRX,Medical,Medical - Biomedical and Genetics,10__0,10,0.0,1. p999999_trade_value,13000.0,13000.0,0.0,1.0,0.0,0.75,2. BELOW BASELINE,0.0,1.0,0.0
LXRX,Medical,Medical - Biomedical and Genetics,10__0,10,0.0,7. p90_trade_value,8370.0,8370.0,0.0,1.0,0.0,0.75,2. BELOW BASELINE,0.0,2.0,0.0
LXRX,Medical,Medical - Biomedical and Genetics,10__0,10,0.0,8. p75_trade_value,8050.0,8050.0,1.0,1.0,1.0,0.75,2. BELOW BASELINE,1.0,3.0,0.3333333333333333
MASI,Medical,Medical - Instruments,20__0,20,0.0,1. p999999_trade_value,222000.0,222000.0,1.0,1.0,1.0,0.75,1. ABOVE BASELINE,1.0,1.0,1.0
MASI,Medical,Medical - Instruments,20__0,20,0.0,5. p99_trade_value,175000.0,175000.0,1.0,1.0,1.0,0.75,1. ABOVE BASELINE,2.0,2.0,1.0
MASI,Medical,Medical - Instruments,20__0,20,0.0,6. p95_trade_value,144000.0,32560.000000000004,4.0,6.0,0.6666666666666666,0.75,2. BELOW BASELINE,6.0,8.0,0.75
MASI,Medical,Medical - Instruments,20__0,20,0.0,7. p90_trade_value,28160.000000000004,18950.0,4.0,8.0,0.5,0.75,2. BELOW BASELINE,10.0,16.0,0.625
MASI,Medical,Medical - Instruments,20__0,20,0.0,8. p75_trade_value,18900.0,10080.000000000002,12.0,22.0,0.5454545454545454,0.75,2. BELOW BASELINE,22.0,38.0,0.5789473684210527
MASS,Medical,Medical - Instruments,5__0,5,0.0,1. p999999_trade_value,4440.000000000001,4440.000000000001,0.0,1.0,0.0,0.75,2. BELOW BASELINE,0.0,1.0,0.0
MBOT,Medical,Medical - Instruments,10__0,10,0.0,1. p999999_trade_value,8720.0,8720.0,1.0,1.0,1.0,0.75,1. ABOVE BASELINE,1.0,1.0,1.0
MBOT,Medical,Medical - Instruments,10__0,10,0.0,8. p75_trade_value,7000.0,7000.0,1.0,1.0,1.0,0.75,1. ABOVE BASELINE,2.0,2.0,1.0
MCK,Medical,Medical - Dental Supplies,35__0,35,0.0,1. p999999_trade_value,450000.0,450000.0,1.0,1.0,1.0,0.75,1. ABOVE BASELINE,1.0,1.0,1.0
MCK,Medical,Medical - Dental Supplies,35__0,35,0.0,4. p999_trade_value,410000.0,270720.0,1.0,3.0,0.3333333333333333,0.75,2. BELOW BASELINE,2.0,4.0,0.5
MCK,Medical,Medical - Dental Supplies,35__0,35,0.0,5. p99_trade_value,232960.0,82800.0,18.0,28.0,0.6428571428571429,0.75,2. BELOW BASELINE,20.0,32.0,0.625
MCK,Medical,Medical - Dental Supplies,35__0,35,0.0,6. p95_trade_value,82720.0,24990.0,70.0,124.0,0.5645161290322581,0.75,2. BELOW BASELINE,90.0,156.0,0.5769230769230769
MCK,Medical,Medical - Dental Supplies,35__0,35,0.0,7. p90_trade_value,24900.000000000004,15100.0,96.0,156.0,0.6153846153846154,0.75,2. BELOW BASELINE,186.0,312.0,0.5961538461538461
MCK,Medical,Medical - Dental Supplies,35__0,35,0.0,8. p75_trade_value,15075.0,8364.0,257.0,467.0,0.550321199143469,0.75,2. BELOW BASELINE,443.0,779.0,0.5686777920410783
MCRB,Medical,Medical - Biomedical and Genetics,10__0,10,0.0,1. p999999_trade_value,31675.0,31675.0,0.0,1.0,0.0,0.75,2. BELOW BASELINE,0.0,1.0,0.0
MCRB,Medical,Medical - Biomedical and Genetics,10__0,10,0.0,7. p90_trade_value,18235.0,18235.0,0.0,1.0,0.0,0.75,2. BELOW BASELINE,0.0,2.0,0.0
MCRB,Medical,Medical - Biomedical and Genetics,10__0,10,0.0,8. p75_trade_value,8100.0,7500.0,0.0,3.0,0.0,0.75,2. BELOW BASELINE,0.0,5.0,0.0
MDGL,Medical,Medical - Drugs,30__0,30,0.0,1. p999999_trade_value,211500.0,211500.0,0.0,1.0,0.0,0.75,2. BELOW BASELINE,0.0,1.0,0.0
MDGL,Medical,Medical - Drugs,30__0,30,0.0,5. p99_trade_value,183450.0,94470.0,5.0,7.0,0.7142857142857143,0.75,2. BELOW BASELINE,5.0,8.0,0.625
MDGL,Medical,Medical - Drugs,30__0,30,0.0,6. p95_trade_value,91799.99999999999,32500.0,17.0,28.0,0.6071428571428571,0.75,2. BELOW BASELINE,22.0,36.0,0.6111111111111112
MDGL,Medical,Medical - Drugs,30__0,30,0.0,7. p90_trade_value,32400.0,21560.0,18.0,35.0,0.5142857142857142,0.75,2. BELOW BASELINE,40.0,71.0,0.5633802816901409
MDGL,Medical,Medical - Drugs,30__0,30,0.0,8. p75_trade_value,21250.0,10881.0,52.0,106.0,0.49056603773584906,0.75,2. BELOW BASELINE,92.0,177.0,0.519774011299435
MDT,Medical,Medical - Products,30__0,30,0.0,1. p999999_trade_value,948000.0,948000.0,1.0,1.0,1.0,0.75,1. ABOVE BASELINE,1.0,1.0,1.0
MDT,Medical,Medical - Products,30__0,30,0.0,4. p999_trade_value,784000.0,784000.0,1.0,1.0,1.0,0.75,1. ABOVE BASELINE,2.0,2.0,1.0
MDT,Medical,Medical - Products,30__0,30,0.0,5. p99_trade_value,526500.0,170800.0,9.0,12.0,0.75,0.75,1. ABOVE BASELINE,11.0,14.0,0.7857142857142857
MDT,Medical,Medical - Products,30__0,30,0.0,6. p95_trade_value,168000.0,36300.00000000001,33.0,52.0,0.6346153846153846,0.75,2. BELOW BASELINE,44.0,66.0,0.6666666666666666
MDT,Medical,Medical - Products,30__0,30,0.0,7. p90_trade_value,35308.0,20286.0,48.0,66.0,0.7272727272727273,0.75,2. BELOW BASELINE,92.0,132.0,0.696969696969697
MDT,Medical,Medical - Products,30__0,30,0.0,8. p75_trade_value,20016.0,9869.999999999998,122.0,197.0,0.6192893401015228,0.75,2. BELOW BASELINE,214.0,329.0,0.6504559270516718
MDXG,Medical,Medical - Biomedical and Genetics,5__0,5,0.0,1. p999999_trade_value,6250.0,6250.0,1.0,1.0,1.0,0.75,1. ABOVE BASELINE,1.0,1.0,1.0
MEDP,Medical,Medical Services,30__0,30,0.0,1. p999999_trade_value,540000.0,540000.0,1.0,1.0,1.0,0.75,1. ABOVE BASELINE,1.0,1.0,1.0
MEDP,Medical,Medical Services,30__0,30,0.0,5. p99_trade_value,369600.0,143520.0,2.0,6.0,0.3333333333333333,0.75,2. BELOW BASELINE,3.0,7.0,0.42857142857142855
MEDP,Medical,Medical Services,30__0,30,0.0,6. p95_trade_value,130000.0,45990.0,19.0,24.0,0.7916666666666666,0.75,2. BELOW BASELINE,22.0,31.0,0.7096774193548387
MEDP,Medical,Medical Services,30__0,30,0.0,7. p90_trade_value,45260.0,28490.000000000004,15.0,31.0,0.4838709677419355,0.75,2. BELOW BASELINE,37.0,62.0,0.5967741935483871
MEDP,Medical,Medical Services,30__0,30,0.0,8. p75_trade_value,26950.0,10890.0,44.0,93.0,0.4731182795698925,0.75,2. BELOW BASELINE,81.0,155.0,0.5225806451612903
MESO,Medical,Medical - Biomedical and Genetics,20__0,20,0.0,1. p999999_trade_value,39000.0,39000.0,0.0,1.0,0.0,0.75,2. BELOW BASELINE,0.0,1.0,0.0
MESO,Medical,Medical - Biomedical and Genetics,20__0,20,0.0,5. p99_trade_value,30000.0,30000.0,0.0,1.0,0.0,0.75,2. BELOW BASELINE,0.0,2.0,0.0
MESO,Medical,Medical - Biomedical and Genetics,20__0,20,0.0,6. p95_trade_value,24800.0,16500.0,2.0,4.0,0.5,0.75,2. BELOW BASELINE,2.0,6.0,0.3333333333333333
MESO,Medical,Medical - Biomedical and Genetics,20__0,20,0.0,7. p90_trade_value,15200.0,13600.0,2.0,5.0,0.4,0.75,2. BELOW BASELINE,4.0,11.0,0.36363636363636365
MESO,Medical,Medical - Biomedical and Genetics,20__0,20,0.0,8. p75_trade_value,13500.0,9315.0,3.0,16.0,0.1875,0.75,2. BELOW BASELINE,7.0,27.0,0.25925925925925924
MGNX,Medical,Medical - Products,5__0,5,0.0,1. p999999_trade_value,7000.0,7000.0,1.0,1.0,1.0,0.75,1. ABOVE BASELINE,1.0,1.0,1.0
MGNX,Medical,Medical - Products,5__0,5,0.0,8. p75_trade_value,5640.0,5640.0,0.0,1.0,0.0,0.75,2. BELOW BASELINE,1.0,2.0,0.5
MGTX,Medical,Medical - Biomedical and Genetics,0__2,0,2.0,1. p999999_trade_value,5500.000000000001,5500.000000000001,0.0,1.0,0.0,0.75,2. BELOW BASELINE,0.0,1.0,0.0
MIRM,Medical,Medical - Biomedical and Genetics,10__0,10,0.0,1. p999999_trade_value,59359.99999999999,59359.99999999999,1.0,1.0,1.0,0.75,1. ABOVE BASELINE,1.0,1.0,1.0
MIRM,Medical,Medical - Biomedical and Genetics,10__0,10,0.0,7. p90_trade_value,40279.99999999999,40279.99999999999,0.0,1.0,0.0,0.75,2. BELOW BASELINE,1.0,2.0,0.5
MIRM,Medical,Medical - Biomedical and Genetics,10__0,10,0.0,8. p75_trade_value,21100.0,13500.0,0.0,2.0,0.0,0.75,2. BELOW BASELINE,1.0,4.0,0.25
MIST,Medical,Medical - Biomedical and Genetics,15__0,15,0.0,1. p999999_trade_value,19450.0,19450.0,0.0,1.0,0.0,0.75,2. BELOW BASELINE,0.0,1.0,0.0
MIST,Medical,Medical - Biomedical and Genetics,15__0,15,0.0,6. p95_trade_value,14950.0,14950.0,0.0,1.0,0.0,0.75,2. BELOW BASELINE,0.0,2.0,0.0
MIST,Medical,Medical - Biomedical and Genetics,15__0,15,0.0,7. p90_trade_value,13500.0,13000.0,0.0,2.0,0.0,0.75,2. BELOW BASELINE,0.0,4.0,0.0
MIST,Medical,Medical - Biomedical and Genetics,15__0,15,0.0,8. p75_trade_value,12600.0,11790.0,0.0,5.0,0.0,0.75,2. BELOW BASELINE,0.0,9.0,0.0
MLTX,Medical,Medical - Biomedical and Genetics,15__0,15,0.0,1. p999999_trade_value,23625.000000000004,23625.000000000004,1.0,1.0,1.0,0.75,1. ABOVE BASELINE,1.0,1.0,1.0
MLTX,Medical,Medical - Biomedical and Genetics,15__0,15,0.0,7. p90_trade_value,10000.0,10000.0,0.0,1.0,0.0,0.75,2. BELOW BASELINE,1.0,2.0,0.5
MLTX,Medical,Medical - Biomedical and Genetics,15__0,15,0.0,8. p75_trade_value,8500.0,7500.0,1.0,3.0,0.3333333333333333,0.75,2. BELOW BASELINE,2.0,5.0,0.4
MLYS,Medical,Medical - Biomedical and Genetics,15__0,15,0.0,1. p999999_trade_value,50000.0,50000.0,0.0,1.0,0.0,0.75,2. BELOW BASELINE,0.0,1.0,0.0
MLYS,Medical,Medical - Biomedical and Genetics,15__0,15,0.0,6. p95_trade_value,47500.0,47500.0,0.0,1.0,0.0,0.75,2. BELOW BASELINE,0.0,2.0,0.0
MLYS,Medical,Medical - Biomedical and Genetics,15__0,15,0.0,7. p90_trade_value,22500.0,8160.000000000001,2.0,2.0,1.0,0.75,2. BELOW BASELINE,2.0,4.0,0.5
MLYS,Medical,Medical - Biomedical and Genetics,15__0,15,0.0,8. p75_trade_value,7019.999999999999,6561.0,3.0,5.0,0.6,0.75,2. BELOW BASELINE,5.0,9.0,0.5555555555555556
MMSI,Medical,Medical - Dental Supplies,20__1,20,1.0,1. p999999_trade_value,275000.0,275000.0,0.0,1.0,0.0,0.75,2. BELOW BASELINE,0.0,1.0,0.0
MMSI,Medical,Medical - Dental Supplies,20__1,20,1.0,6. p95_trade_value,200000.0,9240.0,1.0,3.0,0.3333333333333333,0.75,2. BELOW BASELINE,1.0,4.0,0.25
MMSI,Medical,Medical - Dental Supplies,20__1,20,1.0,7. p90_trade_value,8600.0,8000.0,2.0,3.0,0.6666666666666666,0.75,2. BELOW BASELINE,3.0,7.0,0.42857142857142855
MMSI,Medical,Medical - Dental Supplies,20__1,20,1.0,8. p75_trade_value,7920.0,7920.0,9.0,9.0,1.0,0.75,2. BELOW BASELINE,12.0,16.0,0.75
MNKD,Medical,Medical - Biomedical and Genetics,10__0,10,0.0,1. p999999_trade_value,57681.00000000001,57681.00000000001,1.0,1.0,1.0,0.75,1. ABOVE BASELINE,1.0,1.0,1.0
MNKD,Medical,Medical - Biomedical and Genetics,10__0,10,0.0,7. p90_trade_value,54304.0,54304.0,1.0,1.0,1.0,0.75,1. ABOVE BASELINE,2.0,2.0,1.0
MNKD,Medical,Medical - Biomedical and Genetics,10__0,10,0.0,8. p75_trade_value,11336.0,10700.0,1.0,2.0,0.5,0.75,2. BELOW BASELINE,3.0,4.0,0.75
MNMD,Medical,Medical - Biomedical and Genetics,25__0,25,0.0,1. p999999_trade_value,48330.0,48330.0,1.0,1.0,1.0,0.75,1. ABOVE BASELINE,1.0,1.0,1.0
MNMD,Medical,Medical - Biomedical and Genetics,25__0,25,0.0,5. p99_trade_value,20064.0,20064.0,0.0,1.0,0.0,0.75,2. BELOW BASELINE,1.0,2.0,0.5
MNMD,Medical,Medical - Biomedical and Genetics,25__0,25,0.0,6. p95_trade_value,19600.0,11430.0,2.0,8.0,0.25,0.75,2. BELOW BASELINE,3.0,10.0,0.3
MNMD,Medical,Medical - Biomedical and Genetics,25__0,25,0.0,7. p90_trade_value,10855.0,9430.0,4.0,9.0,0.4444444444444444,0.75,2. BELOW BASELINE,7.0,19.0,0.3684210526315789
MNMD,Medical,Medical - Biomedical and Genetics,25__0,25,0.0,8. p75_trade_value,9000.0,6000.0,12.0,34.0,0.35294117647058826,0.75,2. BELOW BASELINE,19.0,53.0,0.3584905660377358
MODV,Medical,Medical Services,10__0,10,0.0,1. p999999_trade_value,17325.0,17325.0,0.0,1.0,0.0,0.75,2. BELOW BASELINE,0.0,1.0,0.0
MODV,Medical,Medical Services,10__0,10,0.0,7. p90_trade_value,9481.0,9481.0,0.0,1.0,0.0,0.75,2. BELOW BASELINE,0.0,2.0,0.0
MODV,Medical,Medical Services,10__0,10,0.0,8. p75_trade_value,9154.0,7830.0,0.0,3.0,0.0,0.75,2. BELOW BASELINE,0.0,5.0,0.0
MOH,Medical,Medical - HMOs,30__0,30,0.0,1. p999999_trade_value,728640.0,728640.0,1.0,1.0,1.0,0.75,1. ABOVE BASELINE,1.0,1.0,1.0
MOH,Medical,Medical - HMOs,30__0,30,0.0,5. p99_trade_value,297500.0,165000.0,4.0,6.0,0.6666666666666666,0.75,2. BELOW BASELINE,5.0,7.0,0.7142857142857143
MOH,Medical,Medical - HMOs,30__0,30,0.0,6. p95_trade_value,135660.0,24440.0,17.0,24.0,0.7083333333333334,0.75,2. BELOW BASELINE,22.0,31.0,0.7096774193548387
MOH,Medical,Medical - HMOs,30__0,30,0.0,7. p90_trade_value,24200.000000000004,18000.0,23.0,33.0,0.696969696969697,0.75,2. BELOW BASELINE,45.0,64.0,0.703125
MOH,Medical,Medical - HMOs,30__0,30,0.0,8. p75_trade_value,17900.0,10450.0,48.0,90.0,0.5333333333333333,0.75,2. BELOW BASELINE,93.0,154.0,0.6038961038961039
MREO,Medical,Medical - Biomedical and Genetics,10__0,10,0.0,1. p999999_trade_value,6390.000000000001,6390.000000000001,0.0,1.0,0.0,0.75,2. BELOW BASELINE,0.0,1.0,0.0
MREO,Medical,Medical - Biomedical and Genetics,10__0,10,0.0,8. p75_trade_value,5640.0,5640.0,0.0,1.0,0.0,0.75,2. BELOW BASELINE,0.0,2.0,0.0
MRK,Medical,Large Cap Pharmaceuticals,35__1,35,1.0,1. p999999_trade_value,2768600.0,2768600.0,1.0,1.0,1.0,0.75,1. ABOVE BASELINE,1.0,1.0,1.0
MRK,Medical,Large Cap Pharmaceuticals,35__1,35,1.0,4. p999_trade_value,2332600.0,1547800.0,4.0,5.0,0.8,0.75,1. ABOVE BASELINE,5.0,6.0,0.8333333333333334
MRK,Medical,Large Cap Pharmaceuticals,35__1,35,1.0,5. p99_trade_value,1329600.0,98000.0,31.0,50.0,0.62,0.75,2. BELOW BASELINE,36.0,56.0,0.6428571428571429
MRK,Medical,Large Cap Pharmaceuticals,35__1,35,1.0,6. p95_trade_value,97305.0,26400.0,141.0,225.0,0.6266666666666667,0.75,2. BELOW BASELINE,177.0,281.0,0.6298932384341637
MRK,Medical,Large Cap Pharmaceuticals,35__1,35,1.0,7. p90_trade_value,26300.0,15750.0,143.0,279.0,0.5125448028673835,0.75,2. BELOW BASELINE,320.0,560.0,0.5714285714285714
MRK,Medical,Large Cap Pharmaceuticals,35__1,35,1.0,8. p75_trade_value,15691.0,8100.0,432.0,839.0,0.5148986889153755,0.75,2. BELOW BASELINE,752.0,1399.0,0.5375268048606148
MRNA,Medical,Medical - Biomedical and Genetics,40__2,40,2.0,1. p999999_trade_value,3515335.0,3515335.0,0.0,1.0,0.0,0.75,2. BELOW BASELINE,0.0,1.0,0.0
MRNA,Medical,Medical - Biomedical and Genetics,40__2,40,2.0,3. p9999_trade_value,2650560.0,2650560.0,0.0,1.0,0.0,0.75,2. BELOW BASELINE,0.0,2.0,0.0
MRNA,Medical,Medical - Biomedical and Genetics,40__2,40,2.0,4. p999_trade_value,2191068.0,1248000.0,2.0,10.0,0.2,0.75,2. BELOW BASELINE,2.0,12.0,0.16666666666666666
MRNA,Medical,Medical - Biomedical and Genetics,40__2,40,2.0,5. p99_trade_value,1228645.0,216952.0,48.0,108.0,0.4444444444444444,0.75,2. BELOW BASELINE,50.0,120.0,0.4166666666666667
MRNA,Medical,Medical - Biomedical and Genetics,40__2,40,2.0,6. p95_trade_value,215600.0,29700.0,207.0,478.0,0.4330543933054393,0.75,2. BELOW BASELINE,257.0,598.0,0.4297658862876254
MRNA,Medical,Medical - Biomedical and Genetics,40__2,40,2.0,7. p90_trade_value,29634.000000000004,17024.0,287.0,594.0,0.4831649831649832,0.75,2. BELOW BASELINE,544.0,1192.0,0.4563758389261745
MRNA,Medical,Medical - Biomedical and Genetics,40__2,40,2.0,8. p75_trade_value,17010.0,8712.0,893.0,1789.0,0.4991615427613192,0.75,2. BELOW BASELINE,1437.0,2981.0,0.4820530023482053
MRSN,Medical,Medical - Biomedical and Genetics,5__3,5,3.0,1. p999999_trade_value,15075.0,15075.0,0.0,1.0,0.0,0.75,2. BELOW BASELINE,0.0,1.0,0.0
MRUS,Medical,Medical - Biomedical and Genetics,25__2,25,2.0,1. p999999_trade_value,1750000.0,1750000.0,1.0,1.0,1.0,0.75,1. ABOVE BASELINE,1.0,1.0,1.0
MRUS,Medical,Medical - Biomedical and Genetics,25__2,25,2.0,5. p99_trade_value,712535.0,712535.0,1.0,1.0,1.0,0.75,1. ABOVE BASELINE,2.0,2.0,1.0
MRUS,Medical,Medical - Biomedical and Genetics,25__2,25,2.0,6. p95_trade_value,166600.0,60000.0,3.0,8.0,0.375,0.75,2. BELOW BASELINE,5.0,10.0,0.5
MRUS,Medical,Medical - Biomedical and Genetics,25__2,25,2.0,7. p90_trade_value,47250.0,17520.0,4.0,10.0,0.4,0.75,2. BELOW BASELINE,9.0,20.0,0.45
MRUS,Medical,Medical - Biomedical and Genetics,25__2,25,2.0,8. p75_trade_value,16740.0,8100.0,22.0,29.0,0.7586206896551724,0.75,2. BELOW BASELINE,31.0,49.0,0.6326530612244898
MRVI,Medical,Medical - Products,15__0,15,0.0,1. p999999_trade_value,42840.0,42840.0,0.0,1.0,0.0,0.75,2. BELOW BASELINE,0.0,1.0,0.0
MRVI,Medical,Medical - Products,15__0,15,0.0,6. p95_trade_value,23805.0,23805.0,1.0,1.0,1.0,0.75,2. BELOW BASELINE,1.0,2.0,0.5
MRVI,Medical,Medical - Products,15__0,15,0.0,7. p90_trade_value,15294.999999999998,15294.999999999998,0.0,1.0,0.0,0.75,2. BELOW BASELINE,1.0,3.0,0.3333333333333333
MRVI,Medical,Medical - Products,15__0,15,0.0,8. p75_trade_value,14875.0,10219.999999999998,1.0,3.0,0.3333333333333333,0.75,2. BELOW BASELINE,2.0,6.0,0.3333333333333333
MTD,Medical,Medical - Instruments,20__0,20,0.0,1. p999999_trade_value,145800.0,145800.0,1.0,1.0,1.0,0.75,1. ABOVE BASELINE,1.0,1.0,1.0
MTD,Medical,Medical - Instruments,20__0,20,0.0,5. p99_trade_value,132000.0,132000.0,1.0,1.0,1.0,0.75,1. ABOVE BASELINE,2.0,2.0,1.0
MTD,Medical,Medical - Instruments,20__0,20,0.0,6. p95_trade_value,108000.0,16110.0,7.0,7.0,1.0,0.75,1. ABOVE BASELINE,9.0,9.0,1.0
MTD,Medical,Medical - Instruments,20__0,20,0.0,7. p90_trade_value,14760.000000000002,9300.0,6.0,8.0,0.75,0.75,1. ABOVE BASELINE,15.0,17.0,0.8823529411764706
MTD,Medical,Medical - Instruments,20__0,20,0.0,8. p75_trade_value,8790.0,5880.0,18.0,24.0,0.75,0.75,1. ABOVE BASELINE,33.0,41.0,0.8048780487804879
MTSR,Medical,Medical - Biomedical and Genetics,5__3,5,3.0,1. p999999_trade_value,23800.0,23800.0,0.0,1.0,0.0,0.75,2. BELOW BASELINE,0.0,1.0,0.0
MURA,Medical,Medical - Drugs,5__3,5,3.0,1. p999999_trade_value,20300.0,20300.0,1.0,1.0,1.0,0.75,1. ABOVE BASELINE,1.0,1.0,1.0
MURA,Medical,Medical - Drugs,5__3,5,3.0,8. p75_trade_value,18500.0,18500.0,1.0,1.0,1.0,0.75,1. ABOVE BASELINE,2.0,2.0,1.0
MYGN,Medical,Medical - Biomedical and Genetics,15__0,15,0.0,1. p999999_trade_value,22500.0,22500.0,1.0,1.0,1.0,0.75,1. ABOVE BASELINE,1.0,1.0,1.0
MYGN,Medical,Medical - Biomedical and Genetics,15__0,15,0.0,6. p95_trade_value,21280.0,21280.0,1.0,1.0,1.0,0.75,1. ABOVE BASELINE,2.0,2.0,1.0
MYGN,Medical,Medical - Biomedical and Genetics,15__0,15,0.0,7. p90_trade_value,7800.0,7800.0,0.0,1.0,0.0,0.75,2. BELOW BASELINE,2.0,3.0,0.6666666666666666
MYGN,Medical,Medical - Biomedical and Genetics,15__0,15,0.0,8. p75_trade_value,7550.0,7050.0,0.0,3.0,0.0,0.75,2. BELOW BASELINE,2.0,6.0,0.3333333333333333
MYO,Medical,Medical - Products,5__0,5,0.0,1. p999999_trade_value,4550.0,4550.0,0.0,1.0,0.0,0.75,2. BELOW BASELINE,0.0,1.0,0.0
NAGE,Medical,Medical - Biomedical and Genetics,5__0,5,0.0,1. p999999_trade_value,5000.0,5000.0,1.0,1.0,1.0,0.75,1. ABOVE BASELINE,1.0,1.0,1.0
NAGE,Medical,Medical - Biomedical and Genetics,5__0,5,0.0,8. p75_trade_value,4725.0,4725.0,1.0,1.0,1.0,0.75,1. ABOVE BASELINE,2.0,2.0,1.0
NAMS,Medical,Medical - Drugs,15__1,15,1.0,1. p999999_trade_value,490000.0,490000.0,0.0,1.0,0.0,0.75,2. BELOW BASELINE,0.0,1.0,0.0
NAMS,Medical,Medical - Drugs,15__1,15,1.0,6. p95_trade_value,400000.0,400000.0,0.0,1.0,0.0,0.75,2. BELOW BASELINE,0.0,2.0,0.0
NAMS,Medical,Medical - Drugs,15__1,15,1.0,7. p90_trade_value,290000.0,290000.0,0.0,1.0,0.0,0.75,2. BELOW BASELINE,0.0,3.0,0.0
NAMS,Medical,Medical - Drugs,15__1,15,1.0,8. p75_trade_value,150000.0,50000.0,1.0,4.0,0.25,0.75,2. BELOW BASELINE,1.0,7.0,0.14285714285714285
NBIX,Medical,Medical - Drugs,25__0,25,0.0,1. p999999_trade_value,360000.0,360000.0,0.0,1.0,0.0,0.75,2. BELOW BASELINE,0.0,1.0,0.0
NBIX,Medical,Medical - Drugs,25__0,25,0.0,5. p99_trade_value,140000.0,105000.0,1.0,3.0,0.3333333333333333,0.75,2. BELOW BASELINE,1.0,4.0,0.25
NBIX,Medical,Medical - Drugs,25__0,25,0.0,6. p95_trade_value,83904.0,27359.999999999996,6.0,13.0,0.46153846153846156,0.75,2. BELOW BASELINE,7.0,17.0,0.4117647058823529
NBIX,Medical,Medical - Drugs,25__0,25,0.0,7. p90_trade_value,26840.000000000004,19250.0,6.0,17.0,0.35294117647058826,0.75,2. BELOW BASELINE,13.0,34.0,0.38235294117647056
NBIX,Medical,Medical - Drugs,25__0,25,0.0,8. p75_trade_value,19065.0,8968.0,8.0,51.0,0.1568627450980392,0.75,2. BELOW BASELINE,21.0,85.0,0.24705882352941178
NEO,Medical,Medical - Biomedical and Genetics,15__0,15,0.0,1. p999999_trade_value,40000.0,40000.0,0.0,1.0,0.0,0.75,2. BELOW BASELINE,0.0,1.0,0.0
NEO,Medical,Medical - Biomedical and Genetics,15__0,15,0.0,7. p90_trade_value,20655.0,20655.0,0.0,1.0,0.0,0.75,2. BELOW BASELINE,0.0,2.0,0.0
NEO,Medical,Medical - Biomedical and Genetics,15__0,15,0.0,8. p75_trade_value,12599.999999999998,7384.999999999999,1.0,3.0,0.3333333333333333,0.75,2. BELOW BASELINE,1.0,5.0,0.2
NEOG,Medical,Medical - Products,10__0,10,0.0,1. p999999_trade_value,4400.0,4400.0,1.0,1.0,1.0,0.75,1. ABOVE BASELINE,1.0,1.0,1.0
NEOG,Medical,Medical - Products,10__0,10,0.0,8. p75_trade_value,3900.0,3900.0,1.0,1.0,1.0,0.75,1. ABOVE BASELINE,2.0,2.0,1.0
NGNE,Medical,Medical - Biomedical and Genetics,20__0,20,0.0,1. p999999_trade_value,100000.0,100000.0,1.0,1.0,1.0,0.75,1. ABOVE BASELINE,1.0,1.0,1.0
NGNE,Medical,Medical - Biomedical and Genetics,20__0,20,0.0,6. p95_trade_value,53460.0,31900.0,4.0,4.0,1.0,0.75,1. ABOVE BASELINE,5.0,5.0,1.0
NGNE,Medical,Medical - Biomedical and Genetics,20__0,20,0.0,7. p90_trade_value,31280.0,25000.0,4.0,5.0,0.8,0.75,1. ABOVE BASELINE,9.0,10.0,0.9
NGNE,Medical,Medical - Biomedical and Genetics,20__0,20,0.0,8. p75_trade_value,24750.0,6290.000000000001,15.0,15.0,1.0,0.75,1. ABOVE BASELINE,24.0,25.0,0.96
NKTR,Medical,Medical - Drugs,5__0,5,0.0,1. p999999_trade_value,7000.0,7000.0,0.0,1.0,0.0,0.75,2. BELOW BASELINE,0.0,1.0,0.0
NKTR,Medical,Medical - Drugs,5__0,5,0.0,8. p75_trade_value,6039.0,6039.0,0.0,1.0,0.0,0.75,2. BELOW BASELINE,0.0,2.0,0.0
NKTX,Medical,Medical - Biomedical and Genetics,0__2,0,2.0,1. p999999_trade_value,3140.0,3140.0,0.0,1.0,0.0,0.75,2. BELOW BASELINE,0.0,1.0,0.0
NMRA,Medical,Medical - Biomedical and Genetics,30__0,30,0.0,1. p999999_trade_value,900000.0,900000.0,1.0,1.0,1.0,0.75,1. ABOVE BASELINE,1.0,1.0,1.0
NMRA,Medical,Medical - Biomedical and Genetics,30__0,30,0.0,5. p99_trade_value,719250.0,162000.0,7.0,9.0,0.7777777777777778,0.75,1. ABOVE BASELINE,8.0,10.0,0.8
NMRA,Medical,Medical - Biomedical and Genetics,30__0,30,0.0,6. p95_trade_value,141000.0,37400.0,13.0,39.0,0.3333333333333333,0.75,2. BELOW BASELINE,21.0,49.0,0.42857142857142855
NMRA,Medical,Medical - Biomedical and Genetics,30__0,30,0.0,7. p90_trade_value,36735.0,21000.0,19.0,49.0,0.3877551020408163,0.75,2. BELOW BASELINE,40.0,98.0,0.40816326530612246
NMRA,Medical,Medical - Biomedical and Genetics,30__0,30,0.0,8. p75_trade_value,20699.999999999996,9680.000000000002,92.0,146.0,0.6301369863013698,0.75,2. BELOW BASELINE,132.0,244.0,0.5409836065573771
NNVC,Medical,Medical - Drugs,0__2,0,2.0,1. p999999_trade_value,4140.0,4140.0,0.0,1.0,0.0,0.75,2. BELOW BASELINE,0.0,1.0,0.0
NOTV,Medical,Medical - Drugs,5__3,5,3.0,1. p999999_trade_value,29840.000000000004,29840.000000000004,0.0,1.0,0.0,0.75,2. BELOW BASELINE,0.0,1.0,0.0
NPCE,Medical,Medical - Instruments,5__0,5,0.0,1. p999999_trade_value,4000.0,4000.0,0.0,1.0,0.0,0.75,2. BELOW BASELINE,0.0,1.0,0.0
NRIX,Medical,Medical - Biomedical and Genetics,10__0,10,0.0,1. p999999_trade_value,14400.0,14400.0,0.0,1.0,0.0,0.75,2. BELOW BASELINE,0.0,1.0,0.0
NRIX,Medical,Medical - Biomedical and Genetics,10__0,10,0.0,8. p75_trade_value,9875.0,7200.0,0.0,2.0,0.0,0.75,2. BELOW BASELINE,0.0,3.0,0.0
NRXP,Medical,Medical - Drugs,5__0,5,0.0,1. p999999_trade_value,11519.999999999998,11519.999999999998,1.0,1.0,1.0,0.75,1. ABOVE BASELINE,1.0,1.0,1.0
NTLA,Medical,Medical - Biomedical and Genetics,20__0,20,0.0,1. p999999_trade_value,61200.0,61200.0,0.0,1.0,0.0,0.75,2. BELOW BASELINE,0.0,1.0,0.0
NTLA,Medical,Medical - Biomedical and Genetics,20__0,20,0.0,5. p99_trade_value,43945.00000000001,43945.00000000001,1.0,1.0,1.0,0.75,2. BELOW BASELINE,1.0,2.0,0.5
NTLA,Medical,Medical - Biomedical and Genetics,20__0,20,0.0,6. p95_trade_value,33232.0,19880.0,3.0,6.0,0.5,0.75,2. BELOW BASELINE,4.0,8.0,0.5
NTLA,Medical,Medical - Biomedical and Genetics,20__0,20,0.0,7. p90_trade_value,18280.0,13000.0,3.0,8.0,0.375,0.75,2. BELOW BASELINE,7.0,16.0,0.4375
NTLA,Medical,Medical - Biomedical and Genetics,20__0,20,0.0,8. p75_trade_value,12650.0,7980.0,8.0,22.0,0.36363636363636365,0.75,2. BELOW BASELINE,15.0,38.0,0.39473684210526316
NTRA,Medical,Medical Services,35__0,35,0.0,1. p999999_trade_value,945500.0,945500.0,0.0,1.0,0.0,0.75,2. BELOW BASELINE,0.0,1.0,0.0
NTRA,Medical,Medical Services,35__0,35,0.0,4. p999_trade_value,458880.0,325000.0,2.0,2.0,1.0,0.75,2. BELOW BASELINE,2.0,3.0,0.6666666666666666
NTRA,Medical,Medical Services,35__0,35,0.0,5. p99_trade_value,258419.99999999997,75845.0,15.0,24.0,0.625,0.75,2. BELOW BASELINE,17.0,27.0,0.6296296296296297
NTRA,Medical,Medical Services,35__0,35,0.0,6. p95_trade_value,75000.0,21440.0,67.0,110.0,0.6090909090909091,0.75,2. BELOW BASELINE,84.0,137.0,0.6131386861313869
NTRA,Medical,Medical Services,35__0,35,0.0,7. p90_trade_value,21250.0,15660.000000000002,52.0,125.0,0.416,0.75,2. BELOW BASELINE,136.0,262.0,0.5190839694656488
NTRA,Medical,Medical Services,35__0,35,0.0,8. p75_trade_value,15600.0,9940.0,207.0,389.0,0.532133676092545,0.75,2. BELOW BASELINE,343.0,651.0,0.5268817204301075
NUVB,Medical,Medical - Biomedical and Genetics,0__2,0,2.0,1. p999999_trade_value,3500.0,3500.0,1.0,1.0,1.0,0.75,1. ABOVE BASELINE,1.0,1.0,1.0
NUVL,Medical,Medical - Biomedical and Genetics,20__0,20,0.0,1. p999999_trade_value,37500.0,37500.0,0.0,1.0,0.0,0.75,2. BELOW BASELINE,0.0,1.0,0.0
NUVL,Medical,Medical - Biomedical and Genetics,20__0,20,0.0,5. p99_trade_value,31500.0,31500.0,0.0,1.0,0.0,0.75,2. BELOW BASELINE,0.0,2.0,0.0
NUVL,Medical,Medical - Biomedical and Genetics,20__0,20,0.0,6. p95_trade_value,21000.0,14750.0,2.0,4.0,0.5,0.75,2. BELOW BASELINE,2.0,6.0,0.3333333333333333
NUVL,Medical,Medical - Biomedical and Genetics,20__0,20,0.0,7. p90_trade_value,14500.0,11000.000000000002,5.0,5.0,1.0,0.75,2. BELOW BASELINE,7.0,11.0,0.6363636363636364
NUVL,Medical,Medical - Biomedical and Genetics,20__0,20,0.0,8. p75_trade_value,10080.0,7139.999999999999,14.0,16.0,0.875,0.75,2. BELOW BASELINE,21.0,27.0,0.7777777777777778
NVAX,Medical,Medical - Biomedical and Genetics,30__2,30,2.0,1. p999999_trade_value,504000.0,504000.0,0.0,1.0,0.0,0.75,2. BELOW BASELINE,0.0,1.0,0.0
NVAX,Medical,Medical - Biomedical and Genetics,30__2,30,2.0,5. p99_trade_value,479939.99999999994,165000.0,4.0,8.0,0.5,0.75,2. BELOW BASELINE,4.0,9.0,0.4444444444444444
NVAX,Medical,Medical - Biomedical and Genetics,30__2,30,2.0,6. p95_trade_value,152000.0,21956.0,8.0,36.0,0.2222222222222222,0.75,2. BELOW BASELINE,12.0,45.0,0.26666666666666666
NVAX,Medical,Medical - Biomedical and Genetics,30__2,30,2.0,7. p90_trade_value,21919.0,13464.000000000002,11.0,45.0,0.24444444444444444,0.75,2. BELOW BASELINE,23.0,90.0,0.25555555555555554
NVAX,Medical,Medical - Biomedical and Genetics,30__2,30,2.0,8. p75_trade_value,13332.0,7050.0,39.0,133.0,0.2932330827067669,0.75,2. BELOW BASELINE,62.0,223.0,0.27802690582959644
NVCR,Medical,Medical - Biomedical and Genetics,25__0,25,0.0,1. p999999_trade_value,170100.0,170100.0,0.0,1.0,0.0,0.75,2. BELOW BASELINE,0.0,1.0,0.0
NVCR,Medical,Medical - Biomedical and Genetics,25__0,25,0.0,5. p99_trade_value,51000.0,51000.0,0.0,1.0,0.0,0.75,2. BELOW BASELINE,0.0,2.0,0.0
NVCR,Medical,Medical - Biomedical and Genetics,25__0,25,0.0,6. p95_trade_value,27000.0,14500.0,6.0,8.0,0.75,0.75,2. BELOW BASELINE,6.0,10.0,0.6
NVCR,Medical,Medical - Biomedical and Genetics,25__0,25,0.0,7. p90_trade_value,12375.0,10000.0,2.0,9.0,0.2222222222222222,0.75,2. BELOW BASELINE,8.0,19.0,0.42105263157894735
NVCR,Medical,Medical - Biomedical and Genetics,25__0,25,0.0,8. p75_trade_value,9785.0,6450.0,9.0,28.0,0.32142857142857145,0.75,2. BELOW BASELINE,17.0,47.0,0.3617021276595745
NVCT,Medical,Medical - Biomedical and Genetics,10__0,10,0.0,1. p999999_trade_value,6500.0,6500.0,1.0,1.0,1.0,0.75,1. ABOVE BASELINE,1.0,1.0,1.0
NVCT,Medical,Medical - Biomedical and Genetics,10__0,10,0.0,8. p75_trade_value,6000.0,6000.0,0.0,1.0,0.0,0.75,2. BELOW BASELINE,1.0,2.0,0.5
NVO,Medical,Large Cap Pharmaceuticals,40__2,40,2.0,1. p999999_trade_value,1987536.0,1987536.0,0.0,1.0,0.0,0.75,1. ABOVE BASELINE,0.0,1.0,0.0
NVO,Medical,Large Cap Pharmaceuticals,40__2,40,2.0,3. p9999_trade_value,1622400.0,1622400.0,1.0,1.0,1.0,0.75,1. ABOVE BASELINE,1.0,2.0,0.5
NVO,Medical,Large Cap Pharmaceuticals,40__2,40,2.0,4. p999_trade_value,1120028.0,727719.9999999999,6.0,13.0,0.46153846153846156,0.75,2. BELOW BASELINE,7.0,15.0,0.4666666666666667
NVO,Medical,Large Cap Pharmaceuticals,40__2,40,2.0,5. p99_trade_value,717000.0,120189.99999999999,53.0,127.0,0.41732283464566927,0.75,2. BELOW BASELINE,60.0,142.0,0.4225352112676056
NVO,Medical,Large Cap Pharmaceuticals,40__2,40,2.0,6. p95_trade_value,120000.0,27342.0,237.0,565.0,0.4194690265486726,0.75,2. BELOW BASELINE,297.0,707.0,0.4200848656294201
NVO,Medical,Large Cap Pharmaceuticals,40__2,40,2.0,7. p90_trade_value,27323.999999999996,16800.0,315.0,708.0,0.4449152542372881,0.75,2. BELOW BASELINE,612.0,1415.0,0.43250883392226147
NVO,Medical,Large Cap Pharmaceuticals,40__2,40,2.0,8. p75_trade_value,16796.0,8316.0,965.0,2116.0,0.4560491493383743,0.75,2. BELOW BASELINE,1577.0,3531.0,0.4466156896063438
NVS,Medical,Large Cap Pharmaceuticals,30__2,30,2.0,1. p999999_trade_value,196820.0,196820.0,0.0,1.0,0.0,0.75,2. BELOW BASELINE,0.0,1.0,0.0
NVS,Medical,Large Cap Pharmaceuticals,30__2,30,2.0,5. p99_trade_value,114900.0,81700.0,4.0,5.0,0.8,0.75,2. BELOW BASELINE,4.0,6.0,0.6666666666666666
NVS,Medical,Large Cap Pharmaceuticals,30__2,30,2.0,6. p95_trade_value,81120.0,38500.0,14.0,23.0,0.6086956521739131,0.75,2. BELOW BASELINE,18.0,29.0,0.6206896551724138
NVS,Medical,Large Cap Pharmaceuticals,30__2,30,2.0,7. p90_trade_value,36150.0,17019.0,13.0,28.0,0.4642857142857143,0.75,2. BELOW BASELINE,31.0,57.0,0.543859649122807
NVS,Medical,Large Cap Pharmaceuticals,30__2,30,2.0,8. p75_trade_value,16600.0,8460.0,36.0,85.0,0.4235294117647059,0.75,2. BELOW BASELINE,67.0,142.0,0.47183098591549294
NVST,Medical,Medical - Products,15__1,15,1.0,1. p999999_trade_value,225000.0,225000.0,0.0,1.0,0.0,0.75,2. BELOW BASELINE,0.0,1.0,0.0
NVST,Medical,Medical - Products,15__1,15,1.0,6. p95_trade_value,197500.0,197500.0,1.0,1.0,1.0,0.75,2. BELOW BASELINE,1.0,2.0,0.5
NVST,Medical,Medical - Products,15__1,15,1.0,7. p90_trade_value,190000.0,190000.0,1.0,1.0,1.0,0.75,2. BELOW BASELINE,2.0,3.0,0.6666666666666666
NVST,Medical,Medical - Products,15__1,15,1.0,8. p75_trade_value,75000.0,18900.0,4.0,4.0,1.0,0.75,2. BELOW BASELINE,6.0,7.0,0.8571428571428571
OCGN,Medical,Medical - Biomedical and Genetics,10__0,10,0.0,1. p999999_trade_value,9760.0,9760.0,0.0,1.0,0.0,0.75,2. BELOW BASELINE,0.0,1.0,0.0
OCGN,Medical,Medical - Biomedical and Genetics,10__0,10,0.0,8. p75_trade_value,7425.0,7425.0,0.0,1.0,0.0,0.75,2. BELOW BASELINE,0.0,2.0,0.0
OCUL,Medical,Medical - Drugs,10__0,10,0.0,1. p999999_trade_value,47150.0,47150.0,1.0,1.0,1.0,0.75,1. ABOVE BASELINE,1.0,1.0,1.0
OCUL,Medical,Medical - Drugs,10__0,10,0.0,7. p90_trade_value,12000.0,12000.0,0.0,1.0,0.0,0.75,2. BELOW BASELINE,1.0,2.0,0.5
OCUL,Medical,Medical - Drugs,10__0,10,0.0,8. p75_trade_value,11819.999999999998,9430.000000000002,1.0,2.0,0.5,0.75,2. BELOW BASELINE,2.0,4.0,0.5
OFIX,Medical,Medical - Instruments,10__3,10,3.0,1. p999999_trade_value,117544.0,117544.0,0.0,2.0,0.0,0.75,2. BELOW BASELINE,0.0,2.0,0.0
OGN,Medical,Medical Services,15__0,15,0.0,1. p999999_trade_value,130000.0,130000.0,1.0,1.0,1.0,0.75,1. ABOVE BASELINE,1.0,1.0,1.0
OGN,Medical,Medical Services,15__0,15,0.0,6. p95_trade_value,16080.000000000002,15260.0,0.0,2.0,0.0,0.75,2. BELOW BASELINE,1.0,3.0,0.3333333333333333
OGN,Medical,Medical Services,15__0,15,0.0,7. p90_trade_value,15000.0,10131.0,1.0,2.0,0.5,0.75,2. BELOW BASELINE,2.0,5.0,0.4
OGN,Medical,Medical Services,15__0,15,0.0,8. p75_trade_value,9960.0,7500.0,4.0,6.0,0.6666666666666666,0.75,2. BELOW BASELINE,6.0,11.0,0.5454545454545454
OLMA,Medical,Medical - Biomedical and Genetics,10__0,10,0.0,3. p9999_trade_value,12249.999999999998,12249.999999999998,0.0,1.0,0.0,0.75,2. BELOW BASELINE,0.0,1.0,0.0
OLMA,Medical,Medical - Biomedical and Genetics,10__0,10,0.0,8. p75_trade_value,12225.0,12225.0,0.0,1.0,0.0,0.75,2. BELOW BASELINE,0.0,2.0,0.0
OM,Medical,Medical Info Systems,5__0,5,0.0,1. p999999_trade_value,4980.0,4980.0,0.0,1.0,0.0,0.75,2. BELOW BASELINE,0.0,1.0,0.0
OMCL,Medical,Medical Info Systems,15__0,15,0.0,1. p999999_trade_value,38440.0,38440.0,0.0,1.0,0.0,0.75,2. BELOW BASELINE,0.0,1.0,0.0
OMCL,Medical,Medical Info Systems,15__0,15,0.0,6. p95_trade_value,10450.0,10450.0,0.0,1.0,0.0,0.75,2. BELOW BASELINE,0.0,2.0,0.0
OMCL,Medical,Medical Info Systems,15__0,15,0.0,7. p90_trade_value,9204.0,9204.0,0.0,1.0,0.0,0.75,2. BELOW BASELINE,0.0,3.0,0.0
OMCL,Medical,Medical Info Systems,15__0,15,0.0,8. p75_trade_value,9152.000000000002,4650.0,1.0,5.0,0.2,0.75,2. BELOW BASELINE,1.0,8.0,0.125
OMER,Medical,Medical - Products,20__0,20,0.0,1. p999999_trade_value,114000.0,114000.0,0.0,1.0,0.0,0.75,2. BELOW BASELINE,0.0,1.0,0.0
OMER,Medical,Medical - Products,20__0,20,0.0,6. p95_trade_value,90000.0,27944.000000000007,3.0,3.0,1.0,0.75,2. BELOW BASELINE,3.0,4.0,0.75
OMER,Medical,Medical - Products,20__0,20,0.0,7. p90_trade_value,22500.0,12540.0,1.0,3.0,0.3333333333333333,0.75,2. BELOW BASELINE,4.0,7.0,0.5714285714285714
OMER,Medical,Medical - Products,20__0,20,0.0,8. p75_trade_value,10594.999999999998,7245.0,5.0,10.0,0.5,0.75,2. BELOW BASELINE,9.0,17.0,0.5294117647058824
OMI,Medical,Medical - Products,10__0,10,0.0,1. p999999_trade_value,17000.0,17000.0,0.0,1.0,0.0,0.75,2. BELOW BASELINE,0.0,1.0,0.0
OMI,Medical,Medical - Products,10__0,10,0.0,8. p75_trade_value,16380.000000000002,12000.0,1.0,2.0,0.5,0.75,2. BELOW BASELINE,1.0,3.0,0.3333333333333333
ONC,Medical,Medical - Drugs,15__0,15,0.0,1. p999999_trade_value,37500.0,37500.0,2.0,2.0,1.0,0.75,1. ABOVE BASELINE,2.0,2.0,1.0
ONC,Medical,Medical - Drugs,15__0,15,0.0,7. p90_trade_value,33500.0,33500.0,1.0,1.0,1.0,0.75,1. ABOVE BASELINE,3.0,3.0,1.0
ONC,Medical,Medical - Drugs,15__0,15,0.0,8. p75_trade_value,18900.0,8400.0,5.0,5.0,1.0,0.75,1. ABOVE BASELINE,8.0,8.0,1.0
OPCH,Medical,Medical - Outpatient and Home Healthcare,15__0,15,0.0,1. p999999_trade_value,147870.0,147870.0,0.0,1.0,0.0,0.75,2. BELOW BASELINE,0.0,1.0,0.0
OPCH,Medical,Medical - Outpatient and Home Healthcare,15__0,15,0.0,6. p95_trade_value,27000.0,27000.0,0.0,1.0,0.0,0.75,2. BELOW BASELINE,0.0,2.0,0.0
OPCH,Medical,Medical - Outpatient and Home Healthcare,15__0,15,0.0,7. p90_trade_value,18000.0,18000.0,1.0,1.0,1.0,0.75,2. BELOW BASELINE,1.0,3.0,0.3333333333333333
OPCH,Medical,Medical - Outpatient and Home Healthcare,15__0,15,0.0,8. p75_trade_value,14850.0,9900.000000000002,0.0,5.0,0.0,0.75,2. BELOW BASELINE,1.0,8.0,0.125
OPK,Medical,Medical - Instruments,10__0,10,0.0,1. p999999_trade_value,12495.0,12495.0,0.0,2.0,0.0,0.75,2. BELOW BASELINE,0.0,2.0,0.0
ORGO,Medical,Medical - Drugs,10__0,10,0.0,1. p999999_trade_value,6000.0,6000.0,1.0,1.0,1.0,0.75,1. ABOVE BASELINE,1.0,1.0,1.0
ORGO,Medical,Medical - Drugs,10__0,10,0.0,8. p75_trade_value,4950.0,4950.0,1.0,1.0,1.0,0.75,1. ABOVE BASELINE,2.0,2.0,1.0
ORIC,Medical,Medical - Biomedical and Genetics,15__0,15,0.0,1. p999999_trade_value,60000.0,60000.0,1.0,1.0,1.0,0.75,1. ABOVE BASELINE,1.0,1.0,1.0
ORIC,Medical,Medical - Biomedical and Genetics,15__0,15,0.0,6. p95_trade_value,45000.0,45000.0,0.0,1.0,0.0,0.75,2. BELOW BASELINE,1.0,2.0,0.5
ORIC,Medical,Medical - Biomedical and Genetics,15__0,15,0.0,7. p90_trade_value,39852.0,33830.0,2.0,2.0,1.0,0.75,2. BELOW BASELINE,3.0,4.0,0.75
ORIC,Medical,Medical - Biomedical and Genetics,15__0,15,0.0,8. p75_trade_value,23600.0,11741.0,4.0,4.0,1.0,0.75,2. BELOW BASELINE,7.0,8.0,0.875
OTLK,Medical,Medical - Biomedical and Genetics,5__0,5,0.0,1. p999999_trade_value,6175.0,6175.0,0.0,1.0,0.0,0.75,2. BELOW BASELINE,0.0,1.0,0.0
PACB,Medical,Medical - Instruments,20__0,20,0.0,1. p999999_trade_value,54000.0,54000.0,1.0,1.0,1.0,0.75,1. ABOVE BASELINE,1.0,1.0,1.0
PACB,Medical,Medical - Instruments,20__0,20,0.0,6. p95_trade_value,31140.000000000004,19120.0,3.0,3.0,1.0,0.75,1. ABOVE BASELINE,4.0,4.0,1.0
PACB,Medical,Medical - Instruments,20__0,20,0.0,7. p90_trade_value,18000.0,17505.0,3.0,3.0,1.0,0.75,1. ABOVE BASELINE,7.0,7.0,1.0
PACB,Medical,Medical - Instruments,20__0,20,0.0,8. p75_trade_value,17500.0,7180.0,7.0,10.0,0.7,0.75,2. BELOW BASELINE,14.0,17.0,0.8235294117647058
PACS,Medical,Medical Services,25__0,25,0.0,1. p999999_trade_value,60280.00000000001,60280.00000000001,0.0,1.0,0.0,0.75,2. BELOW BASELINE,0.0,1.0,0.0
PACS,Medical,Medical Services,25__0,25,0.0,5. p99_trade_value,50000.0,43860.0,1.0,2.0,0.5,0.75,2. BELOW BASELINE,1.0,3.0,0.3333333333333333
PACS,Medical,Medical Services,25__0,25,0.0,6. p95_trade_value,36000.0,22500.0,1.0,10.0,0.1,0.75,2. BELOW BASELINE,2.0,13.0,0.15384615384615385
PACS,Medical,Medical Services,25__0,25,0.0,7. p90_trade_value,21850.0,15000.0,2.0,9.0,0.2222222222222222,0.75,2. BELOW BASELINE,4.0,22.0,0.18181818181818182
PACS,Medical,Medical Services,25__0,25,0.0,8. p75_trade_value,14129.999999999998,8645.0,3.0,32.0,0.09375,0.75,2. BELOW BASELINE,7.0,54.0,0.12962962962962962
PAHC,Medical,Medical - Products,0__2,0,2.0,1. p999999_trade_value,6435.000000000001,6435.000000000001,0.0,1.0,0.0,0.75,2. BELOW BASELINE,0.0,1.0,0.0
PBH,Medical,Medical - Products,5__0,5,0.0,1. p999999_trade_value,7500.0,7500.0,1.0,1.0,1.0,0.75,1. ABOVE BASELINE,1.0,1.0,1.0
PCRX,Medical,Medical - Biomedical and Genetics,15__0,15,0.0,1. p999999_trade_value,200000.0,200000.0,1.0,1.0,1.0,0.75,1. ABOVE BASELINE,1.0,1.0,1.0
PCRX,Medical,Medical - Biomedical and Genetics,15__0,15,0.0,6. p95_trade_value,50000.0,50000.0,0.0,2.0,0.0,0.75,2. BELOW BASELINE,1.0,3.0,0.3333333333333333
PCRX,Medical,Medical - Biomedical and Genetics,15__0,15,0.0,8. p75_trade_value,31500.0,11954.0,1.0,5.0,0.2,0.75,2. BELOW BASELINE,2.0,8.0,0.25
PCVX,Medical,Medical - Biomedical and Genetics,25__0,25,0.0,1. p999999_trade_value,329000.0,329000.0,1.0,1.0,1.0,0.75,1. ABOVE BASELINE,1.0,1.0,1.0
PCVX,Medical,Medical - Biomedical and Genetics,25__0,25,0.0,5. p99_trade_value,130000.0,93600.0,1.0,3.0,0.3333333333333333,0.75,2. BELOW BASELINE,2.0,4.0,0.5
PCVX,Medical,Medical - Biomedical and Genetics,25__0,25,0.0,6. p95_trade_value,80000.0,20699.999999999996,8.0,13.0,0.6153846153846154,0.75,2. BELOW BASELINE,10.0,17.0,0.5882352941176471
PCVX,Medical,Medical - Biomedical and Genetics,25__0,25,0.0,7. p90_trade_value,19220.0,12500.0,13.0,17.0,0.7647058823529411,0.75,2. BELOW BASELINE,23.0,34.0,0.6764705882352942
PCVX,Medical,Medical - Biomedical and Genetics,25__0,25,0.0,8. p75_trade_value,12250.000000000002,8610.0,16.0,47.0,0.3404255319148936,0.75,2. BELOW BASELINE,39.0,81.0,0.48148148148148145
PEN,Medical,Medical - Instruments,25__0,25,0.0,1. p999999_trade_value,625000.0,625000.0,1.0,1.0,1.0,0.75,1. ABOVE BASELINE,1.0,1.0,1.0
PEN,Medical,Medical - Instruments,25__0,25,0.0,5. p99_trade_value,327600.0,120000.0,1.0,4.0,0.25,0.75,2. BELOW BASELINE,2.0,5.0,0.4
PEN,Medical,Medical - Instruments,25__0,25,0.0,6. p95_trade_value,116400.0,29406.0,10.0,16.0,0.625,0.75,2. BELOW BASELINE,12.0,21.0,0.5714285714285714
PEN,Medical,Medical - Instruments,25__0,25,0.0,7. p90_trade_value,29250.0,21440.0,10.0,20.0,0.5,0.75,2. BELOW BASELINE,22.0,41.0,0.5365853658536586
PEN,Medical,Medical - Instruments,25__0,25,0.0,8. p75_trade_value,20300.0,10750.0,30.0,62.0,0.4838709677419355,0.75,2. BELOW BASELINE,52.0,103.0,0.5048543689320388
PEPG,Medical,Medical - Biomedical and Genetics,10__0,10,0.0,1. p999999_trade_value,11235.0,11235.0,1.0,1.0,1.0,0.75,1. ABOVE BASELINE,1.0,1.0,1.0
PEPG,Medical,Medical - Biomedical and Genetics,10__0,10,0.0,8. p75_trade_value,9980.000000000002,9980.000000000002,1.0,1.0,1.0,0.75,1. ABOVE BASELINE,2.0,2.0,1.0
PFE,Medical,Large Cap Pharmaceuticals,40__0,40,0.0,1. p999999_trade_value,705000.0,705000.0,1.0,1.0,1.0,0.75,1. ABOVE BASELINE,1.0,1.0,1.0
PFE,Medical,Large Cap Pharmaceuticals,40__0,40,0.0,4. p999_trade_value,676475.0,381030.0,4.0,7.0,0.5714285714285714,0.75,2. BELOW BASELINE,5.0,8.0,0.625
PFE,Medical,Large Cap Pharmaceuticals,40__0,40,0.0,5. p99_trade_value,380700.0,102000.0,28.0,66.0,0.42424242424242425,0.75,2. BELOW BASELINE,33.0,74.0,0.44594594594594594
PFE,Medical,Large Cap Pharmaceuticals,40__0,40,0.0,6. p95_trade_value,101844.0,23000.0,140.0,289.0,0.4844290657439446,0.75,2. BELOW BASELINE,173.0,363.0,0.4765840220385675
PFE,Medical,Large Cap Pharmaceuticals,40__0,40,0.0,7. p90_trade_value,22954.000000000004,14663.0,168.0,359.0,0.467966573816156,0.75,2. BELOW BASELINE,341.0,722.0,0.47229916897506924
PFE,Medical,Large Cap Pharmaceuticals,40__0,40,0.0,8. p75_trade_value,14652.000000000002,8000.0,543.0,1088.0,0.4990808823529412,0.75,2. BELOW BASELINE,884.0,1810.0,0.48839779005524864
PGEN,Medical,Medical - Biomedical and Genetics,5__3,5,3.0,1. p999999_trade_value,14000.0,14000.0,1.0,1.0,1.0,0.75,1. ABOVE BASELINE,1.0,1.0,1.0
PGNY,Medical,Medical Services,20__0,20,0.0,1. p999999_trade_value,36000.0,36000.0,1.0,1.0,1.0,0.75,1. ABOVE BASELINE,1.0,1.0,1.0
PGNY,Medical,Medical Services,20__0,20,0.0,6. p95_trade_value,20640.0,17400.0,1.0,2.0,0.5,0.75,2. BELOW BASELINE,2.0,3.0,0.6666666666666666
PGNY,Medical,Medical Services,20__0,20,0.0,7. p90_trade_value,17030.0,13500.0,2.0,3.0,0.6666666666666666,0.75,2. BELOW BASELINE,4.0,6.0,0.6666666666666666
PGNY,Medical,Medical Services,20__0,20,0.0,8. p75_trade_value,12750.0,8150.0,7.0,9.0,0.7777777777777778,0.75,2. BELOW BASELINE,11.0,15.0,0.7333333333333333
PHAT,Medical,Medical - Biomedical and Genetics,20__0,20,0.0,1. p999999_trade_value,34310.0,34310.0,0.0,1.0,0.0,0.75,2. BELOW BASELINE,0.0,1.0,0.0
PHAT,Medical,Medical - Biomedical and Genetics,20__0,20,0.0,6. p95_trade_value,22250.0,14925.0,1.0,2.0,0.5,0.75,2. BELOW BASELINE,1.0,3.0,0.3333333333333333
PHAT,Medical,Medical - Biomedical and Genetics,20__0,20,0.0,7. p90_trade_value,14500.0,9500.0,0.0,3.0,0.0,0.75,2. BELOW BASELINE,1.0,6.0,0.16666666666666666
PHAT,Medical,Medical - Biomedical and Genetics,20__0,20,0.0,8. p75_trade_value,9050.0,7630.000000000001,2.0,9.0,0.2222222222222222,0.75,2. BELOW BASELINE,3.0,15.0,0.2
PHG,Medical,Medical - Products,15__0,15,0.0,1. p999999_trade_value,18875.0,18875.0,0.0,1.0,0.0,0.75,2. BELOW BASELINE,0.0,1.0,0.0
PHG,Medical,Medical - Products,15__0,15,0.0,6. p95_trade_value,18480.0,18480.0,1.0,1.0,1.0,0.75,2. BELOW BASELINE,1.0,2.0,0.5
PHG,Medical,Medical - Products,15__0,15,0.0,7. p90_trade_value,10000.0,10000.0,1.0,1.0,1.0,0.75,2. BELOW BASELINE,2.0,3.0,0.6666666666666666
PHG,Medical,Medical - Products,15__0,15,0.0,8. p75_trade_value,7810.000000000001,7350.0,2.0,3.0,0.6666666666666666,0.75,2. BELOW BASELINE,4.0,6.0,0.6666666666666666
PHR,Medical,Medical Info Systems,10__0,10,0.0,1. p999999_trade_value,70000.0,70000.0,0.0,1.0,0.0,0.75,2. BELOW BASELINE,0.0,1.0,0.0
PHR,Medical,Medical Info Systems,10__0,10,0.0,8. p75_trade_value,61000.0,21000.0,2.0,2.0,1.0,0.75,2. BELOW BASELINE,2.0,3.0,0.6666666666666666
PINC,Medical,Medical Services,15__0,15,0.0,1. p999999_trade_value,75000.0,75000.0,0.0,3.0,0.0,0.75,2. BELOW BASELINE,0.0,3.0,0.0
PINC,Medical,Medical Services,15__0,15,0.0,8. p75_trade_value,8670.0,5000.0,0.0,3.0,0.0,0.75,2. BELOW BASELINE,0.0,6.0,0.0
PLRX,Medical,Medical - Biomedical and Genetics,10__0,10,0.0,1. p999999_trade_value,5000.0,5000.0,0.0,1.0,0.0,0.75,2. BELOW BASELINE,0.0,1.0,0.0
PLRX,Medical,Medical - Biomedical and Genetics,10__0,10,0.0,8. p75_trade_value,4440.0,4440.0,1.0,1.0,1.0,0.75,2. BELOW BASELINE,1.0,2.0,0.5
PLSE,Medical,Medical - Instruments,15__0,15,0.0,1. p999999_trade_value,10000.0,10000.0,1.0,1.0,1.0,0.75,1. ABOVE BASELINE,1.0,1.0,1.0
PLSE,Medical,Medical - Instruments,15__0,15,0.0,7. p90_trade_value,8550.0,8550.0,1.0,1.0,1.0,0.75,1. ABOVE BASELINE,2.0,2.0,1.0
PLSE,Medical,Medical - Instruments,15__0,15,0.0,8. p75_trade_value,8200.0,5649.999999999999,2.0,3.0,0.6666666666666666,0.75,2. BELOW BASELINE,4.0,5.0,0.8
PODD,Medical,Medical - Products,30__0,30,0.0,1. p999999_trade_value,235000.0,235000.0,0.0,1.0,0.0,0.75,2. BELOW BASELINE,0.0,1.0,0.0
PODD,Medical,Medical - Products,30__0,30,0.0,5. p99_trade_value,202500.0,157500.0,2.0,6.0,0.3333333333333333,0.75,2. BELOW BASELINE,2.0,7.0,0.2857142857142857
PODD,Medical,Medical - Products,30__0,30,0.0,6. p95_trade_value,122500.0,36960.0,5.0,27.0,0.18518518518518517,0.75,2. BELOW BASELINE,7.0,34.0,0.20588235294117646
PODD,Medical,Medical - Products,30__0,30,0.0,7. p90_trade_value,36490.0,18130.0,14.0,34.0,0.4117647058823529,0.75,2. BELOW BASELINE,21.0,68.0,0.3088235294117647
PODD,Medical,Medical - Products,30__0,30,0.0,8. p75_trade_value,17930.0,9200.0,32.0,102.0,0.3137254901960784,0.75,2. BELOW BASELINE,53.0,170.0,0.31176470588235294
PPBT,Medical,Medical - Biomedical and Genetics,5__0,5,0.0,1. p999999_trade_value,5600.0,5600.0,1.0,1.0,1.0,0.75,1. ABOVE BASELINE,1.0,1.0,1.0
PRAX,Medical,Medical - Biomedical and Genetics,30__1,30,1.0,1. p999999_trade_value,3800000.0,3800000.0,0.0,1.0,0.0,0.75,2. BELOW BASELINE,0.0,1.0,0.0
PRAX,Medical,Medical - Biomedical and Genetics,30__1,30,1.0,5. p99_trade_value,2618640.0,81250.0,3.0,9.0,0.3333333333333333,0.75,2. BELOW BASELINE,3.0,10.0,0.3
PRAX,Medical,Medical - Biomedical and Genetics,30__1,30,1.0,6. p95_trade_value,60750.0,18200.0,13.0,37.0,0.35135135135135137,0.75,2. BELOW BASELINE,16.0,47.0,0.3404255319148936
PRAX,Medical,Medical - Biomedical and Genetics,30__1,30,1.0,7. p90_trade_value,18125.0,12750.0,16.0,47.0,0.3404255319148936,0.75,2. BELOW BASELINE,32.0,94.0,0.3404255319148936
PRAX,Medical,Medical - Biomedical and Genetics,30__1,30,1.0,8. p75_trade_value,12700.0,8450.0,48.0,145.0,0.3310344827586207,0.75,2. BELOW BASELINE,80.0,239.0,0.33472803347280333
PRCT,Medical,Medical - Instruments,25__0,25,0.0,1. p999999_trade_value,802000.0,802000.0,1.0,1.0,1.0,0.75,1. ABOVE BASELINE,1.0,1.0,1.0
PRCT,Medical,Medical - Instruments,25__0,25,0.0,5. p99_trade_value,764500.0,220000.0,3.0,5.0,0.6,0.75,2. BELOW BASELINE,4.0,6.0,0.6666666666666666
PRCT,Medical,Medical - Instruments,25__0,25,0.0,6. p95_trade_value,192000.0,33110.0,7.0,20.0,0.35,0.75,2. BELOW BASELINE,11.0,26.0,0.4230769230769231
PRCT,Medical,Medical - Instruments,25__0,25,0.0,7. p90_trade_value,31280.0,13299.0,18.0,26.0,0.6923076923076923,0.75,2. BELOW BASELINE,29.0,52.0,0.5576923076923077
PRCT,Medical,Medical - Instruments,25__0,25,0.0,8. p75_trade_value,13200.0,9500.0,36.0,79.0,0.45569620253164556,0.75,2. BELOW BASELINE,65.0,131.0,0.4961832061068702
PRGO,Medical,Medical - Products,15__1,15,1.0,1. p999999_trade_value,1200000.0,1200000.0,1.0,1.0,1.0,0.75,1. ABOVE BASELINE,1.0,1.0,1.0
PRGO,Medical,Medical - Products,15__1,15,1.0,6. p95_trade_value,436000.0,372900.0,2.0,2.0,1.0,0.75,1. ABOVE BASELINE,3.0,3.0,1.0
PRGO,Medical,Medical - Products,15__1,15,1.0,7. p90_trade_value,219912.0,157710.0,0.0,3.0,0.0,0.75,2. BELOW BASELINE,3.0,6.0,0.5
PRGO,Medical,Medical - Products,15__1,15,1.0,8. p75_trade_value,150000.0,37800.0,3.0,7.0,0.42857142857142855,0.75,2. BELOW BASELINE,6.0,13.0,0.46153846153846156
PRME,Medical,Medical - Biomedical and Genetics,0__0,0,0.0,1. p999999_trade_value,15000.0,15000.0,0.0,1.0,0.0,0.75,2. BELOW BASELINE,0.0,1.0,0.0
PROK,Medical,Medical - Drugs,5__3,5,3.0,1. p999999_trade_value,21000.0,21000.0,0.0,1.0,0.0,0.75,2. BELOW BASELINE,0.0,1.0,0.0
PRQR,Medical,Medical - Biomedical and Genetics,15__0,15,0.0,1. p999999_trade_value,68000.0,68000.0,0.0,1.0,0.0,0.75,2. BELOW BASELINE,0.0,1.0,0.0
PRQR,Medical,Medical - Biomedical and Genetics,15__0,15,0.0,6. p95_trade_value,50180.0,50180.0,0.0,1.0,0.0,0.75,2. BELOW BASELINE,0.0,2.0,0.0
PRQR,Medical,Medical - Biomedical and Genetics,15__0,15,0.0,7. p90_trade_value,45500.0,45500.0,0.0,1.0,0.0,0.75,2. BELOW BASELINE,0.0,3.0,0.0
PRQR,Medical,Medical - Biomedical and Genetics,15__0,15,0.0,8. p75_trade_value,42000.0,30000.0,0.0,4.0,0.0,0.75,2. BELOW BASELINE,0.0,7.0,0.0
PRTA,Medical,Medical - Biomedical and Genetics,20__1,20,1.0,1. p999999_trade_value,258750.0,258750.0,0.0,1.0,0.0,0.75,2. BELOW BASELINE,0.0,1.0,0.0
PRTA,Medical,Medical - Biomedical and Genetics,20__1,20,1.0,6. p95_trade_value,142881.0,85956.0,1.0,2.0,0.5,0.75,2. BELOW BASELINE,1.0,3.0,0.3333333333333333
PRTA,Medical,Medical - Biomedical and Genetics,20__1,20,1.0,7. p90_trade_value,43960.0,38298.0,1.0,3.0,0.3333333333333333,0.75,2. BELOW BASELINE,2.0,6.0,0.3333333333333333
PRTA,Medical,Medical - Biomedical and Genetics,20__1,20,1.0,8. p75_trade_value,34000.0,10000.0,2.0,9.0,0.2222222222222222,0.75,2. BELOW BASELINE,4.0,15.0,0.26666666666666666
PRVA,Medical,Medical Info Systems,15__0,15,0.0,1. p999999_trade_value,50000.0,50000.0,1.0,1.0,1.0,0.75,1. ABOVE BASELINE,1.0,1.0,1.0
PRVA,Medical,Medical Info Systems,15__0,15,0.0,7. p90_trade_value,15750.0,15750.0,0.0,1.0,0.0,0.75,2. BELOW BASELINE,1.0,2.0,0.5
PRVA,Medical,Medical Info Systems,15__0,15,0.0,8. p75_trade_value,10625.0,6085.0,0.0,3.0,0.0,0.75,2. BELOW BASELINE,1.0,5.0,0.2
PSNL,Medical,Medical - Generic Drugs,10__0,10,0.0,1. p999999_trade_value,38760.0,38760.0,0.0,1.0,0.0,0.75,2. BELOW BASELINE,0.0,1.0,0.0
PSNL,Medical,Medical - Generic Drugs,10__0,10,0.0,8. p75_trade_value,22814.0,22814.0,0.0,1.0,0.0,0.75,2. BELOW BASELINE,0.0,2.0,0.0
PTCT,Medical,Medical - Biomedical and Genetics,15__1,15,1.0,1. p999999_trade_value,690000.0,690000.0,0.0,1.0,0.0,0.75,2. BELOW BASELINE,0.0,1.0,0.0
PTCT,Medical,Medical - Biomedical and Genetics,15__1,15,1.0,6. p95_trade_value,587755.0,563765.0,1.0,2.0,0.5,0.75,2. BELOW BASELINE,1.0,3.0,0.3333333333333333
PTCT,Medical,Medical - Biomedical and Genetics,15__1,15,1.0,7. p90_trade_value,450000.0,350000.0,2.0,2.0,1.0,0.75,2. BELOW BASELINE,3.0,5.0,0.6
PTCT,Medical,Medical - Biomedical and Genetics,15__1,15,1.0,8. p75_trade_value,315000.0,32960.0,2.0,6.0,0.3333333333333333,0.75,2. BELOW BASELINE,5.0,11.0,0.45454545454545453
PTGX,Medical,Medical - Biomedical and Genetics,20__1,20,1.0,1. p999999_trade_value,452639.99999999994,452639.99999999994,0.0,1.0,0.0,0.75,2. BELOW BASELINE,0.0,1.0,0.0
PTGX,Medical,Medical - Biomedical and Genetics,20__1,20,1.0,6. p95_trade_value,354240.0,50000.0,3.0,3.0,1.0,0.75,2. BELOW BASELINE,3.0,4.0,0.75
PTGX,Medical,Medical - Biomedical and Genetics,20__1,20,1.0,7. p90_trade_value,40000.0,17000.0,3.0,4.0,0.75,0.75,2. BELOW BASELINE,6.0,8.0,0.75
PTGX,Medical,Medical - Biomedical and Genetics,20__1,20,1.0,8. p75_trade_value,16575.0,8190.000000000001,4.0,11.0,0.36363636363636365,0.75,2. BELOW BASELINE,10.0,19.0,0.5263157894736842
PYXS,Medical,Medical - Drugs,20__0,20,0.0,1. p999999_trade_value,117100.0,117100.0,0.0,1.0,0.0,0.75,2. BELOW BASELINE,0.0,1.0,0.0
PYXS,Medical,Medical - Drugs,20__0,20,0.0,6. p95_trade_value,71250.0,24000.0,4.0,5.0,0.8,0.75,2. BELOW BASELINE,4.0,6.0,0.6666666666666666
PYXS,Medical,Medical - Drugs,20__0,20,0.0,7. p90_trade_value,18239.999999999996,15900.0,4.0,4.0,1.0,0.75,2. BELOW BASELINE,8.0,10.0,0.8
PYXS,Medical,Medical - Drugs,20__0,20,0.0,8. p75_trade_value,13300.0,7000.0,7.0,11.0,0.6363636363636364,0.75,2. BELOW BASELINE,15.0,21.0,0.7142857142857143
QDEL,Medical,Medical - Products,20__2,20,2.0,1. p999999_trade_value,525000.0,525000.0,0.0,1.0,0.0,0.75,2. BELOW BASELINE,0.0,1.0,0.0
QDEL,Medical,Medical - Products,20__2,20,2.0,6. p95_trade_value,435000.0,205000.0,1.0,3.0,0.3333333333333333,0.75,2. BELOW BASELINE,1.0,4.0,0.25
QDEL,Medical,Medical - Products,20__2,20,2.0,7. p90_trade_value,135000.0,90000.0,0.0,3.0,0.0,0.75,2. BELOW BASELINE,1.0,7.0,0.14285714285714285
QDEL,Medical,Medical - Products,20__2,20,2.0,8. p75_trade_value,70000.0,28350.0,2.0,9.0,0.2222222222222222,0.75,2. BELOW BASELINE,3.0,16.0,0.1875
QGEN,Medical,Medical - Biomedical and Genetics,20__2,20,2.0,1. p999999_trade_value,476595.0,476595.0,1.0,1.0,1.0,0.75,1. ABOVE BASELINE,1.0,1.0,1.0
QGEN,Medical,Medical - Biomedical and Genetics,20__2,20,2.0,6. p95_trade_value,226435.0,208208.0,3.0,3.0,1.0,0.75,1. ABOVE BASELINE,4.0,4.0,1.0
QGEN,Medical,Medical - Biomedical and Genetics,20__2,20,2.0,7. p90_trade_value,78920.0,67500.0,2.0,3.0,0.6666666666666666,0.75,2. BELOW BASELINE,6.0,7.0,0.8571428571428571
QGEN,Medical,Medical - Biomedical and Genetics,20__2,20,2.0,8. p75_trade_value,45900.0,12000.0,7.0,9.0,0.7777777777777778,0.75,2. BELOW BASELINE,13.0,16.0,0.8125
QIPT,Medical,Medical - Products,5__0,5,0.0,1. p999999_trade_value,4650.0,4650.0,0.0,1.0,0.0,0.75,2. BELOW BASELINE,0.0,1.0,0.0
QNCX,Medical,Medical - Biomedical and Genetics,0__2,0,2.0,1. p999999_trade_value,3020.0000000000005,3020.0000000000005,0.0,1.0,0.0,0.75,2. BELOW BASELINE,0.0,1.0,0.0
QTTB,Medical,Medical - Biomedical and Genetics,20__0,20,0.0,1. p999999_trade_value,31730.0,31730.0,0.0,1.0,0.0,0.75,2. BELOW BASELINE,0.0,1.0,0.0
QTTB,Medical,Medical - Biomedical and Genetics,20__0,20,0.0,6. p95_trade_value,20000.0,15170.000000000002,1.0,4.0,0.25,0.75,2. BELOW BASELINE,1.0,5.0,0.2
QTTB,Medical,Medical - Biomedical and Genetics,20__0,20,0.0,7. p90_trade_value,14175.0,10504.0,3.0,4.0,0.75,0.75,2. BELOW BASELINE,4.0,9.0,0.4444444444444444
QTTB,Medical,Medical - Biomedical and Genetics,20__0,20,0.0,8. p75_trade_value,9430.0,7880.0,6.0,13.0,0.46153846153846156,0.75,2. BELOW BASELINE,10.0,22.0,0.45454545454545453
QURE,Medical,Medical - Biomedical and Genetics,25__0,25,0.0,1. p999999_trade_value,60000.0,60000.0,1.0,1.0,1.0,0.75,1. ABOVE BASELINE,1.0,1.0,1.0
QURE,Medical,Medical - Biomedical and Genetics,25__0,25,0.0,5. p99_trade_value,54000.0,51810.0,1.0,2.0,0.5,0.75,2. BELOW BASELINE,2.0,3.0,0.6666666666666666
QURE,Medical,Medical - Biomedical and Genetics,25__0,25,0.0,6. p95_trade_value,50000.0,29820.0,8.0,12.0,0.6666666666666666,0.75,2. BELOW BASELINE,10.0,15.0,0.6666666666666666
QURE,Medical,Medical - Biomedical and Genetics,25__0,25,0.0,7. p90_trade_value,25650.0,17680.0,12.0,13.0,0.9230769230769231,0.75,2. BELOW BASELINE,22.0,28.0,0.7857142857142857
QURE,Medical,Medical - Biomedical and Genetics,25__0,25,0.0,8. p75_trade_value,17550.0,8836.0,27.0,41.0,0.6585365853658537,0.75,2. BELOW BASELINE,49.0,69.0,0.7101449275362319
RAPP,Medical,Medical - Biomedical and Genetics,0__0,0,0.0,1. p999999_trade_value,10000.0,10000.0,1.0,1.0,1.0,0.75,1. ABOVE BASELINE,1.0,1.0,1.0
RAPT,Medical,Medical - Biomedical and Genetics,10__0,10,0.0,1. p999999_trade_value,9000.0,9000.0,0.0,1.0,0.0,0.75,2. BELOW BASELINE,0.0,1.0,0.0
RAPT,Medical,Medical - Biomedical and Genetics,10__0,10,0.0,8. p75_trade_value,6500.0,6500.0,0.0,1.0,0.0,0.75,2. BELOW BASELINE,0.0,2.0,0.0
RARE,Medical,Medical - Biomedical and Genetics,15__0,15,0.0,1. p999999_trade_value,185000.0,185000.0,1.0,1.0,1.0,0.75,1. ABOVE BASELINE,1.0,1.0,1.0
RARE,Medical,Medical - Biomedical and Genetics,15__0,15,0.0,6. p95_trade_value,97500.0,97500.0,0.0,1.0,0.0,0.75,2. BELOW BASELINE,1.0,2.0,0.5
RARE,Medical,Medical - Biomedical and Genetics,15__0,15,0.0,7. p90_trade_value,92500.0,92500.0,0.0,1.0,0.0,0.75,2. BELOW BASELINE,1.0,3.0,0.3333333333333333
RARE,Medical,Medical - Biomedical and Genetics,15__0,15,0.0,8. p75_trade_value,72500.0,36000.0,0.0,3.0,0.0,0.75,2. BELOW BASELINE,1.0,6.0,0.16666666666666666
RCEL,Medical,Medical - Drugs,0__2,0,2.0,1. p999999_trade_value,6000.0,6000.0,0.0,1.0,0.0,0.75,2. BELOW BASELINE,0.0,1.0,0.0
RCKT,Medical,Medical - Biomedical and Genetics,10__3,10,3.0,1. p999999_trade_value,204120.0,204120.0,0.0,1.0,0.0,0.75,2. BELOW BASELINE,0.0,1.0,0.0
RCKT,Medical,Medical - Biomedical and Genetics,10__3,10,3.0,7. p90_trade_value,110000.0,110000.0,0.0,1.0,0.0,0.75,2. BELOW BASELINE,0.0,2.0,0.0
RCKT,Medical,Medical - Biomedical and Genetics,10__3,10,3.0,8. p75_trade_value,50000.0,30000.0,0.0,2.0,0.0,0.75,2. BELOW BASELINE,0.0,4.0,0.0
RCUS,Medical,Medical - Biomedical and Genetics,15__0,15,0.0,1. p999999_trade_value,73500.0,73500.0,1.0,1.0,1.0,0.75,1. ABOVE BASELINE,1.0,1.0,1.0
RCUS,Medical,Medical - Biomedical and Genetics,15__0,15,0.0,6. p95_trade_value,49335.0,49335.0,1.0,1.0,1.0,0.75,1. ABOVE BASELINE,2.0,2.0,1.0
RCUS,Medical,Medical - Biomedical and Genetics,15__0,15,0.0,7. p90_trade_value,29600.0,26000.0,1.0,2.0,0.5,0.75,2. BELOW BASELINE,3.0,4.0,0.75
RCUS,Medical,Medical - Biomedical and Genetics,15__0,15,0.0,8. p75_trade_value,20370.0,11000.0,4.0,6.0,0.6666666666666666,0.75,2. BELOW BASELINE,7.0,10.0,0.7
RDNT,Medical,Medical - Outpatient and Home Healthcare,20__0,20,0.0,1. p999999_trade_value,232000.0,232000.0,0.0,1.0,0.0,0.75,2. BELOW BASELINE,0.0,1.0,0.0
RDNT,Medical,Medical - Outpatient and Home Healthcare,20__0,20,0.0,5. p99_trade_value,91200.0,91200.0,2.0,2.0,1.0,0.75,2. BELOW BASELINE,2.0,3.0,0.6666666666666666
RDNT,Medical,Medical - Outpatient and Home Healthcare,20__0,20,0.0,6. p95_trade_value,84400.0,40200.0,3.0,6.0,0.5,0.75,2. BELOW BASELINE,5.0,9.0,0.5555555555555556
RDNT,Medical,Medical - Outpatient and Home Healthcare,20__0,20,0.0,7. p90_trade_value,36292.0,10750.0,7.0,8.0,0.875,0.75,2. BELOW BASELINE,12.0,17.0,0.7058823529411765
RDNT,Medical,Medical - Outpatient and Home Healthcare,20__0,20,0.0,8. p75_trade_value,10080.000000000002,6930.000000000001,12.0,24.0,0.5,0.75,2. BELOW BASELINE,24.0,41.0,0.5853658536585366
REGN,Medical,Medical - Biomedical and Genetics,35__0,35,0.0,1. p999999_trade_value,683100.0,683100.0,1.0,1.0,1.0,0.75,1. ABOVE BASELINE,1.0,1.0,1.0
REGN,Medical,Medical - Biomedical and Genetics,35__0,35,0.0,4. p999_trade_value,640000.0,360000.0,1.0,4.0,0.25,0.75,2. BELOW BASELINE,2.0,5.0,0.4
REGN,Medical,Medical - Biomedical and Genetics,35__0,35,0.0,5. p99_trade_value,240000.0,60000.0,30.0,38.0,0.7894736842105263,0.75,2. BELOW BASELINE,32.0,43.0,0.7441860465116279
REGN,Medical,Medical - Biomedical and Genetics,35__0,35,0.0,6. p95_trade_value,57510.0,22800.0,94.0,172.0,0.5465116279069767,0.75,2. BELOW BASELINE,126.0,215.0,0.586046511627907
REGN,Medical,Medical - Biomedical and Genetics,35__0,35,0.0,7. p90_trade_value,22760.000000000004,15000.0,102.0,216.0,0.4722222222222222,0.75,2. BELOW BASELINE,228.0,431.0,0.5290023201856149
REGN,Medical,Medical - Biomedical and Genetics,35__0,35,0.0,8. p75_trade_value,14950.0,8800.0,316.0,643.0,0.49144634525660963,0.75,2. BELOW BASELINE,544.0,1074.0,0.5065176908752328
RENB,Medical,Medical - Biomedical and Genetics,0__2,0,2.0,1. p999999_trade_value,4440.0,4440.0,0.0,1.0,0.0,0.75,2. BELOW BASELINE,0.0,1.0,0.0
REPL,Medical,Medical - Biomedical and Genetics,20__0,20,0.0,1. p999999_trade_value,275000.0,275000.0,1.0,1.0,1.0,0.75,1. ABOVE BASELINE,1.0,1.0,1.0
REPL,Medical,Medical - Biomedical and Genetics,20__0,20,0.0,6. p95_trade_value,23490.0,9450.0,1.0,3.0,0.3333333333333333,0.75,2. BELOW BASELINE,2.0,4.0,0.5
REPL,Medical,Medical - Biomedical and Genetics,20__0,20,0.0,7. p90_trade_value,9300.0,8950.0,2.0,3.0,0.6666666666666666,0.75,2. BELOW BASELINE,4.0,7.0,0.5714285714285714
REPL,Medical,Medical - Biomedical and Genetics,20__0,20,0.0,8. p75_trade_value,7500.0,6000.0,5.0,10.0,0.5,0.75,2. BELOW BASELINE,9.0,17.0,0.5294117647058824
RFL,Medical,Medical - Drugs,0__2,0,2.0,1. p999999_trade_value,5820.0,5820.0,0.0,1.0,0.0,0.75,2. BELOW BASELINE,0.0,1.0,0.0
RGEN,Medical,Medical - Biomedical and Genetics,20__1,20,1.0,1. p999999_trade_value,1043120.0000000001,1043120.0000000001,1.0,1.0,1.0,0.75,2. BELOW BASELINE,1.0,1.0,1.0
RGEN,Medical,Medical - Biomedical and Genetics,20__1,20,1.0,5. p99_trade_value,247519.99999999997,247519.99999999997,0.0,1.0,0.0,0.75,2. BELOW BASELINE,1.0,2.0,0.5
RGEN,Medical,Medical - Biomedical and Genetics,20__1,20,1.0,6. p95_trade_value,188000.0,98400.0,3.0,7.0,0.42857142857142855,0.75,2. BELOW BASELINE,4.0,9.0,0.4444444444444444
RGEN,Medical,Medical - Biomedical and Genetics,20__1,20,1.0,7. p90_trade_value,73000.0,28000.0,2.0,8.0,0.25,0.75,2. BELOW BASELINE,6.0,17.0,0.35294117647058826
RGEN,Medical,Medical - Biomedical and Genetics,20__1,20,1.0,8. p75_trade_value,25480.0,10620.0,17.0,26.0,0.6538461538461539,0.75,2. BELOW BASELINE,23.0,43.0,0.5348837209302325
RGLS,Medical,Medical - Drugs,15__0,15,0.0,1. p999999_trade_value,17675.0,17675.0,1.0,1.0,1.0,0.75,1. ABOVE BASELINE,1.0,1.0,1.0
RGLS,Medical,Medical - Drugs,15__0,15,0.0,6. p95_trade_value,13929.999999999998,13929.999999999998,1.0,1.0,1.0,0.75,1. ABOVE BASELINE,2.0,2.0,1.0
RGLS,Medical,Medical - Drugs,15__0,15,0.0,7. p90_trade_value,12400.0,12400.0,1.0,1.0,1.0,0.75,1. ABOVE BASELINE,3.0,3.0,1.0
RGLS,Medical,Medical - Drugs,15__0,15,0.0,8. p75_trade_value,10335.0,7600.0,3.0,3.0,1.0,0.75,1. ABOVE BASELINE,6.0,6.0,1.0
RGNX,Medical,Medical - Biomedical and Genetics,10__0,10,0.0,1. p999999_trade_value,9625.000000000002,9625.000000000002,1.0,1.0,1.0,0.75,1. ABOVE BASELINE,1.0,1.0,1.0
RGNX,Medical,Medical - Biomedical and Genetics,10__0,10,0.0,7. p90_trade_value,4950.000000000001,4950.000000000001,1.0,1.0,1.0,0.75,1. ABOVE BASELINE,2.0,2.0,1.0
RGNX,Medical,Medical - Biomedical and Genetics,10__0,10,0.0,8. p75_trade_value,4000.0,4000.0,3.0,3.0,1.0,0.75,1. ABOVE BASELINE,5.0,5.0,1.0
RIGL,Medical,Medical - Drugs,10__0,10,0.0,1. p999999_trade_value,16560.0,16560.0,1.0,1.0,1.0,0.75,1. ABOVE BASELINE,1.0,1.0,1.0
RIGL,Medical,Medical - Drugs,10__0,10,0.0,8. p75_trade_value,11726.0,11726.0,1.0,1.0,1.0,0.75,1. ABOVE BASELINE,2.0,2.0,1.0
RLAY,Medical,Medical - Drugs,10__0,10,0.0,1. p999999_trade_value,20520.0,20520.0,1.0,1.0,1.0,0.75,1. ABOVE BASELINE,1.0,1.0,1.0
RLAY,Medical,Medical - Drugs,10__0,10,0.0,7. p90_trade_value,12500.0,12500.0,1.0,1.0,1.0,0.75,1. ABOVE BASELINE,2.0,2.0,1.0
RLAY,Medical,Medical - Drugs,10__0,10,0.0,8. p75_trade_value,8189.999999999999,5000.0,2.0,2.0,1.0,0.75,1. ABOVE BASELINE,4.0,4.0,1.0
RLMD,Medical,Medical - Drugs,15__0,15,0.0,1. p999999_trade_value,12000.0,12000.0,0.0,1.0,0.0,0.75,2. BELOW BASELINE,0.0,1.0,0.0
RLMD,Medical,Medical - Drugs,15__0,15,0.0,7. p90_trade_value,11200.0,11200.0,0.0,1.0,0.0,0.75,2. BELOW BASELINE,0.0,2.0,0.0
RLMD,Medical,Medical - Drugs,15__0,15,0.0,8. p75_trade_value,6420.0,5000.0,1.0,3.0,0.3333333333333333,0.75,2. BELOW BASELINE,1.0,5.0,0.2
RMD,Medical,Medical - Products,30__2,30,2.0,1. p999999_trade_value,380000.0,380000.0,1.0,1.0,1.0,0.75,1. ABOVE BASELINE,1.0,1.0,1.0
RMD,Medical,Medical - Products,30__2,30,2.0,5. p99_trade_value,173250.0,91840.0,5.0,8.0,0.625,0.75,2. BELOW BASELINE,6.0,9.0,0.6666666666666666
RMD,Medical,Medical - Products,30__2,30,2.0,6. p95_trade_value,76800.0,23300.0,14.0,35.0,0.4,0.75,2. BELOW BASELINE,20.0,44.0,0.45454545454545453
RMD,Medical,Medical - Products,30__2,30,2.0,7. p90_trade_value,23250.0,14554.999999999998,19.0,44.0,0.4318181818181818,0.75,2. BELOW BASELINE,39.0,88.0,0.4431818181818182
RMD,Medical,Medical - Products,30__2,30,2.0,8. p75_trade_value,14519.999999999998,9660.0,68.0,132.0,0.5151515151515151,0.75,2. BELOW BASELINE,107.0,220.0,0.4863636363636364
RMTI,Medical,Medical - Products,0__2,0,2.0,1. p999999_trade_value,4190.000000000001,4190.000000000001,0.0,1.0,0.0,0.75,2. BELOW BASELINE,0.0,1.0,0.0
RNA,Medical,Medical - Biomedical and Genetics,20__1,20,1.0,1. p999999_trade_value,520000.0,520000.0,1.0,1.0,1.0,0.75,1. ABOVE BASELINE,1.0,1.0,1.0
RNA,Medical,Medical - Biomedical and Genetics,20__1,20,1.0,6. p95_trade_value,300000.0,120000.0,1.0,3.0,0.3333333333333333,0.75,2. BELOW BASELINE,2.0,4.0,0.5
RNA,Medical,Medical - Biomedical and Genetics,20__1,20,1.0,7. p90_trade_value,102640.00000000001,42750.0,2.0,4.0,0.5,0.75,2. BELOW BASELINE,4.0,8.0,0.5
RNA,Medical,Medical - Biomedical and Genetics,20__1,20,1.0,8. p75_trade_value,36000.0,8009.999999999999,9.0,12.0,0.75,0.75,2. BELOW BASELINE,13.0,20.0,0.65
ROIV,Medical,Medical - Biomedical and Genetics,15__0,15,0.0,1. p999999_trade_value,130000.0,130000.0,1.0,1.0,1.0,0.75,1. ABOVE BASELINE,1.0,1.0,1.0
ROIV,Medical,Medical - Biomedical and Genetics,15__0,15,0.0,6. p95_trade_value,92463.0,92463.0,1.0,1.0,1.0,0.75,1. ABOVE BASELINE,2.0,2.0,1.0
ROIV,Medical,Medical - Biomedical and Genetics,15__0,15,0.0,7. p90_trade_value,86704.0,59536.0,1.0,2.0,0.5,0.75,2. BELOW BASELINE,3.0,4.0,0.75
ROIV,Medical,Medical - Biomedical and Genetics,15__0,15,0.0,8. p75_trade_value,45190.0,23515.0,2.0,5.0,0.4,0.75,2. BELOW BASELINE,5.0,9.0,0.5555555555555556
RPRX,Medical,Medical - Biomedical and Genetics,15__0,15,0.0,1. p999999_trade_value,128000.0,128000.0,1.0,1.0,1.0,0.75,1. ABOVE BASELINE,1.0,1.0,1.0
RPRX,Medical,Medical - Biomedical and Genetics,15__0,15,0.0,6. p95_trade_value,120000.0,120000.0,1.0,1.0,1.0,0.75,1. ABOVE BASELINE,2.0,2.0,1.0
RPRX,Medical,Medical - Biomedical and Genetics,15__0,15,0.0,7. p90_trade_value,77766.00000000001,52320.00000000001,2.0,2.0,1.0,0.75,1. ABOVE BASELINE,4.0,4.0,1.0
RPRX,Medical,Medical - Biomedical and Genetics,15__0,15,0.0,8. p75_trade_value,49875.0,22140.0,4.0,6.0,0.6666666666666666,0.75,2. BELOW BASELINE,8.0,10.0,0.8
RVMD,Medical,Medical - Biomedical and Genetics,25__0,25,0.0,1. p999999_trade_value,118680.0,118680.0,0.0,1.0,0.0,0.75,2. BELOW BASELINE,0.0,1.0,0.0
RVMD,Medical,Medical - Biomedical and Genetics,25__0,25,0.0,5. p99_trade_value,74400.0,66900.0,3.0,3.0,1.0,0.75,2. BELOW BASELINE,3.0,4.0,0.75
RVMD,Medical,Medical - Biomedical and Genetics,25__0,25,0.0,6. p95_trade_value,46550.0,17950.0,12.0,13.0,0.9230769230769231,0.75,2. BELOW BASELINE,15.0,17.0,0.8823529411764706
RVMD,Medical,Medical - Biomedical and Genetics,25__0,25,0.0,7. p90_trade_value,17650.0,12500.0,11.0,14.0,0.7857142857142857,0.75,2. BELOW BASELINE,26.0,31.0,0.8387096774193549
RVMD,Medical,Medical - Biomedical and Genetics,25__0,25,0.0,8. p75_trade_value,12350.0,8900.0,31.0,45.0,0.6888888888888889,0.75,2. BELOW BASELINE,57.0,76.0,0.75
RVPH,Medical,Medical - Drugs,20__0,20,0.0,1. p999999_trade_value,24750.0,24750.0,0.0,1.0,0.0,0.75,2. BELOW BASELINE,0.0,1.0,0.0
RVPH,Medical,Medical - Drugs,20__0,20,0.0,6. p95_trade_value,23688.0,17000.0,0.0,3.0,0.0,0.75,2. BELOW BASELINE,0.0,4.0,0.0
RVPH,Medical,Medical - Drugs,20__0,20,0.0,7. p90_trade_value,14000.0,11700.0,1.0,3.0,0.3333333333333333,0.75,2. BELOW BASELINE,1.0,7.0,0.14285714285714285
RVPH,Medical,Medical - Drugs,20__0,20,0.0,8. p75_trade_value,10150.0,7000.0,0.0,10.0,0.0,0.75,2. BELOW BASELINE,1.0,17.0,0.058823529411764705
RVTY,Medical,Medical Services,20__1,20,1.0,1. p999999_trade_value,333720.0,333720.0,1.0,1.0,1.0,0.75,1. ABOVE BASELINE,1.0,1.0,1.0
RVTY,Medical,Medical Services,20__1,20,1.0,6. p95_trade_value,54394.99999999999,52030.00000000001,2.0,2.0,1.0,0.75,1. ABOVE BASELINE,3.0,3.0,1.0
RVTY,Medical,Medical Services,20__1,20,1.0,7. p90_trade_value,45000.0,17301.0,1.0,3.0,0.3333333333333333,0.75,2. BELOW BASELINE,4.0,6.0,0.6666666666666666
RVTY,Medical,Medical Services,20__1,20,1.0,8. p75_trade_value,11880.000000000002,10250.0,7.0,9.0,0.7777777777777778,0.75,2. BELOW BASELINE,11.0,15.0,0.7333333333333333
RXRX,Medical,Medical - Drugs,30__2,30,2.0,1. p999999_trade_value,360000.0,360000.0,1.0,1.0,1.0,0.75,1. ABOVE BASELINE,1.0,1.0,1.0
RXRX,Medical,Medical - Drugs,30__2,30,2.0,4. p999_trade_value,135966.0,135966.0,1.0,1.0,1.0,0.75,1. ABOVE BASELINE,2.0,2.0,1.0
RXRX,Medical,Medical - Drugs,30__2,30,2.0,5. p99_trade_value,132880.00000000003,55350.0,1.0,9.0,0.1111111111111111,0.75,2. BELOW BASELINE,3.0,11.0,0.2727272727272727
RXRX,Medical,Medical - Drugs,30__2,30,2.0,6. p95_trade_value,55096.0,20370.0,26.0,40.0,0.65,0.75,2. BELOW BASELINE,29.0,51.0,0.5686274509803921
RXRX,Medical,Medical - Drugs,30__2,30,2.0,7. p90_trade_value,20220.0,13365.0,36.0,51.0,0.7058823529411765,0.75,2. BELOW BASELINE,65.0,102.0,0.6372549019607843
RXRX,Medical,Medical - Drugs,30__2,30,2.0,8. p75_trade_value,13300.0,8000.0,93.0,153.0,0.6078431372549019,0.75,2. BELOW BASELINE,158.0,255.0,0.6196078431372549
RXST,Medical,Medical - Instruments,25__0,25,0.0,1. p999999_trade_value,99060.0,99060.0,1.0,1.0,1.0,0.75,1. ABOVE BASELINE,1.0,1.0,1.0
RXST,Medical,Medical - Instruments,25__0,25,0.0,5. p99_trade_value,78000.0,69020.0,3.0,3.0,1.0,0.75,1. ABOVE BASELINE,4.0,4.0,1.0
RXST,Medical,Medical - Instruments,25__0,25,0.0,6. p95_trade_value,66880.0,25740.000000000004,12.0,12.0,1.0,0.75,1. ABOVE BASELINE,16.0,16.0,1.0
RXST,Medical,Medical - Instruments,25__0,25,0.0,7. p90_trade_value,25530.0,17980.0,13.0,15.0,0.8666666666666667,0.75,1. ABOVE BASELINE,29.0,31.0,0.9354838709677419
RXST,Medical,Medical - Instruments,25__0,25,0.0,8. p75_trade_value,17850.0,9570.0,36.0,47.0,0.7659574468085106,0.75,1. ABOVE BASELINE,65.0,78.0,0.8333333333333334
RYTM,Medical,Medical - Biomedical and Genetics,15__0,15,0.0,1. p999999_trade_value,87840.0,87840.0,0.0,1.0,0.0,0.75,2. BELOW BASELINE,0.0,1.0,0.0
RYTM,Medical,Medical - Biomedical and Genetics,15__0,15,0.0,6. p95_trade_value,78750.0,78750.0,2.0,2.0,1.0,0.75,2. BELOW BASELINE,2.0,3.0,0.6666666666666666
RYTM,Medical,Medical - Biomedical and Genetics,15__0,15,0.0,7. p90_trade_value,50000.0,41400.0,2.0,3.0,0.6666666666666666,0.75,2. BELOW BASELINE,4.0,6.0,0.6666666666666666
RYTM,Medical,Medical - Biomedical and Genetics,15__0,15,0.0,8. p75_trade_value,38220.0,19360.000000000004,6.0,8.0,0.75,0.75,2. BELOW BASELINE,10.0,14.0,0.7142857142857143
RZLT,Medical,Medical - Biomedical and Genetics,10__0,10,0.0,1. p999999_trade_value,29159.999999999996,29159.999999999996,0.0,1.0,0.0,0.75,2. BELOW BASELINE,0.0,1.0,0.0
RZLT,Medical,Medical - Biomedical and Genetics,10__0,10,0.0,7. p90_trade_value,8000.0,8000.0,0.0,1.0,0.0,0.75,2. BELOW BASELINE,0.0,2.0,0.0
RZLT,Medical,Medical - Biomedical and Genetics,10__0,10,0.0,8. p75_trade_value,7000.0,7000.0,0.0,1.0,0.0,0.75,2. BELOW BASELINE,0.0,3.0,0.0
SAGE,Medical,Medical - Biomedical and Genetics,10__0,10,0.0,1. p999999_trade_value,5500.000000000001,5500.000000000001,1.0,1.0,1.0,0.75,1. ABOVE BASELINE,1.0,1.0,1.0
SAGE,Medical,Medical - Biomedical and Genetics,10__0,10,0.0,8. p75_trade_value,5400.0,5000.0,2.0,2.0,1.0,0.75,1. ABOVE BASELINE,3.0,3.0,1.0
SANA,Medical,Medical - Biomedical and Genetics,20__0,20,0.0,1. p999999_trade_value,83160.0,83160.0,0.0,1.0,0.0,0.75,2. BELOW BASELINE,0.0,1.0,0.0
SANA,Medical,Medical - Biomedical and Genetics,20__0,20,0.0,6. p95_trade_value,58750.0,30600.0,0.0,4.0,0.0,0.75,2. BELOW BASELINE,0.0,5.0,0.0
SANA,Medical,Medical - Biomedical and Genetics,20__0,20,0.0,7. p90_trade_value,27750.0,21920.0,0.0,4.0,0.0,0.75,2. BELOW BASELINE,0.0,9.0,0.0
SANA,Medical,Medical - Biomedical and Genetics,20__0,20,0.0,8. p75_trade_value,20060.000000000004,8855.000000000002,0.0,14.0,0.0,0.75,2. BELOW BASELINE,0.0,23.0,0.0
SAVA,Medical,Medical - Drugs,35__2,35,2.0,1. p999999_trade_value,1560000.0,1560000.0,0.0,1.0,0.0,0.75,2. BELOW BASELINE,0.0,1.0,0.0
SAVA,Medical,Medical - Drugs,35__2,35,2.0,4. p999_trade_value,772000.0,508364.99999999994,0.0,2.0,0.0,0.75,2. BELOW BASELINE,0.0,3.0,0.0
SAVA,Medical,Medical - Drugs,35__2,35,2.0,5. p99_trade_value,382500.0,97317.0,10.0,26.0,0.38461538461538464,0.75,2. BELOW BASELINE,10.0,29.0,0.3448275862068966
SAVA,Medical,Medical - Drugs,35__2,35,2.0,6. p95_trade_value,90396.0,26988.0,49.0,116.0,0.4224137931034483,0.75,2. BELOW BASELINE,59.0,145.0,0.4068965517241379
SAVA,Medical,Medical - Drugs,35__2,35,2.0,7. p90_trade_value,26879.999999999996,16800.0,69.0,153.0,0.45098039215686275,0.75,2. BELOW BASELINE,128.0,298.0,0.42953020134228187
SAVA,Medical,Medical - Drugs,35__2,35,2.0,8. p75_trade_value,16660.0,8750.0,155.0,429.0,0.3613053613053613,0.75,2. BELOW BASELINE,283.0,727.0,0.3892709766162311
SCPH,Medical,Medical - Biomedical and Genetics,0__2,0,2.0,1. p999999_trade_value,3750.0,3750.0,0.0,1.0,0.0,0.75,2. BELOW BASELINE,0.0,1.0,0.0
SDGR,Medical,Medical Info Systems,20__0,20,0.0,1. p999999_trade_value,105300.0,105300.0,1.0,1.0,1.0,0.75,1. ABOVE BASELINE,1.0,1.0,1.0
SDGR,Medical,Medical Info Systems,20__0,20,0.0,5. p99_trade_value,67500.0,67500.0,1.0,1.0,1.0,0.75,1. ABOVE BASELINE,2.0,2.0,1.0
SDGR,Medical,Medical Info Systems,20__0,20,0.0,6. p95_trade_value,62855.99999999999,14880.000000000002,6.0,7.0,0.8571428571428571,0.75,1. ABOVE BASELINE,8.0,9.0,0.8888888888888888
SDGR,Medical,Medical Info Systems,20__0,20,0.0,7. p90_trade_value,11499.999999999998,9630.0,6.0,8.0,0.75,0.75,1. ABOVE BASELINE,14.0,17.0,0.8235294117647058
SDGR,Medical,Medical Info Systems,20__0,20,0.0,8. p75_trade_value,9600.0,6400.0,15.0,25.0,0.6,0.75,2. BELOW BASELINE,29.0,42.0,0.6904761904761905
SEM,Medical,Medical - HMOs,15__0,15,0.0,1. p999999_trade_value,53600.0,53600.0,0.0,1.0,0.0,0.75,2. BELOW BASELINE,0.0,1.0,0.0
SEM,Medical,Medical - HMOs,15__0,15,0.0,6. p95_trade_value,14065.0,14065.0,0.0,1.0,0.0,0.75,2. BELOW BASELINE,0.0,2.0,0.0
SEM,Medical,Medical - HMOs,15__0,15,0.0,7. p90_trade_value,11020.0,7539.999999999999,0.0,2.0,0.0,0.75,2. BELOW BASELINE,0.0,4.0,0.0
SEM,Medical,Medical - HMOs,15__0,15,0.0,8. p75_trade_value,6640.000000000001,5250.0,2.0,4.0,0.5,0.75,2. BELOW BASELINE,2.0,8.0,0.25
SENS,Medical,Medical Info Systems,5__0,5,0.0,1. p999999_trade_value,5150.0,5150.0,1.0,1.0,1.0,0.75,1. ABOVE BASELINE,1.0,1.0,1.0
SEPN,Medical,Medical - Biomedical and Genetics,5__0,5,0.0,1. p999999_trade_value,5909.999999999999,5909.999999999999,0.0,1.0,0.0,0.75,2. BELOW BASELINE,0.0,1.0,0.0
SEPN,Medical,Medical - Biomedical and Genetics,5__0,5,0.0,8. p75_trade_value,3375.0,3375.0,1.0,1.0,1.0,0.75,2. BELOW BASELINE,1.0,2.0,0.5
SGMO,Medical,Medical - Biomedical and Genetics,20__0,20,0.0,1. p999999_trade_value,37500.0,37500.0,0.0,1.0,0.0,0.75,2. BELOW BASELINE,0.0,1.0,0.0
SGMO,Medical,Medical - Biomedical and Genetics,20__0,20,0.0,6. p95_trade_value,26000.0,16100.0,3.0,4.0,0.75,0.75,2. BELOW BASELINE,3.0,5.0,0.6
SGMO,Medical,Medical - Biomedical and Genetics,20__0,20,0.0,7. p90_trade_value,12490.0,11682.0,1.0,4.0,0.25,0.75,2. BELOW BASELINE,4.0,9.0,0.4444444444444444
SGMO,Medical,Medical - Biomedical and Genetics,20__0,20,0.0,8. p75_trade_value,10500.0,6975.0,5.0,13.0,0.38461538461538464,0.75,2. BELOW BASELINE,9.0,22.0,0.4090909090909091
SGMT,Medical,Medical - Biomedical and Genetics,15__0,15,0.0,1. p999999_trade_value,59150.0,59150.0,0.0,1.0,0.0,0.75,2. BELOW BASELINE,0.0,1.0,0.0
SGMT,Medical,Medical - Biomedical and Genetics,15__0,15,0.0,6. p95_trade_value,11760.0,10750.0,0.0,2.0,0.0,0.75,2. BELOW BASELINE,0.0,3.0,0.0
SGMT,Medical,Medical - Biomedical and Genetics,15__0,15,0.0,7. p90_trade_value,10440.0,8670.0,1.0,3.0,0.3333333333333333,0.75,2. BELOW BASELINE,1.0,6.0,0.16666666666666666
SGMT,Medical,Medical - Biomedical and Genetics,15__0,15,0.0,8. p75_trade_value,8000.0,6650.0,1.0,8.0,0.125,0.75,2. BELOW BASELINE,2.0,14.0,0.14285714285714285
SGRY,Medical,Medical Services,20__0,20,0.0,1. p999999_trade_value,110000.0,110000.0,0.0,1.0,0.0,0.75,2. BELOW BASELINE,0.0,1.0,0.0
SGRY,Medical,Medical Services,20__0,20,0.0,6. p95_trade_value,55350.0,37500.0,1.0,3.0,0.3333333333333333,0.75,2. BELOW BASELINE,1.0,4.0,0.25
SGRY,Medical,Medical Services,20__0,20,0.0,7. p90_trade_value,22500.0,13175.0,1.0,3.0,0.3333333333333333,0.75,2. BELOW BASELINE,2.0,7.0,0.2857142857142857
SGRY,Medical,Medical Services,20__0,20,0.0,8. p75_trade_value,12500.0,8575.0,1.0,11.0,0.09090909090909091,0.75,2. BELOW BASELINE,3.0,18.0,0.16666666666666666
SHC,Medical,Medical Services,5__3,5,3.0,1. p999999_trade_value,28800.0,28800.0,1.0,1.0,1.0,0.75,1. ABOVE BASELINE,1.0,1.0,1.0
SIBN,Medical,Medical - Instruments,5__0,5,0.0,1. p999999_trade_value,6468.000000000001,6468.000000000001,1.0,1.0,1.0,0.75,1. ABOVE BASELINE,1.0,1.0,1.0
SIGA,Medical,Medical - Drugs,10__0,10,0.0,1. p999999_trade_value,11025.0,11025.0,0.0,1.0,0.0,0.75,2. BELOW BASELINE,0.0,1.0,0.0
SIGA,Medical,Medical - Drugs,10__0,10,0.0,8. p75_trade_value,7000.0,7000.0,0.0,1.0,0.0,0.75,2. BELOW BASELINE,0.0,2.0,0.0
SKIN,Medical,Medical Services,0__2,0,2.0,1. p999999_trade_value,3890.0000000000005,3890.0000000000005,0.0,1.0,0.0,0.75,2. BELOW BASELINE,0.0,1.0,0.0
SKYE,Medical,Medical - Biomedical and Genetics,5__0,5,0.0,1. p999999_trade_value,4000.0,4000.0,0.0,1.0,0.0,0.75,2. BELOW BASELINE,0.0,1.0,0.0
SLDB,Medical,Medical - Biomedical and Genetics,15__0,15,0.0,1. p999999_trade_value,12000.0,12000.0,0.0,1.0,0.0,0.75,2. BELOW BASELINE,0.0,1.0,0.0
SLDB,Medical,Medical - Biomedical and Genetics,15__0,15,0.0,6. p95_trade_value,7000.0,7000.0,0.0,1.0,0.0,0.75,2. BELOW BASELINE,0.0,2.0,0.0
SLDB,Medical,Medical - Biomedical and Genetics,15__0,15,0.0,7. p90_trade_value,6650.0,6650.0,0.0,1.0,0.0,0.75,2. BELOW BASELINE,0.0,3.0,0.0
SLDB,Medical,Medical - Biomedical and Genetics,15__0,15,0.0,8. p75_trade_value,5950.0,5525.0,0.0,4.0,0.0,0.75,2. BELOW BASELINE,0.0,7.0,0.0
SLNO,Medical,Medical - Drugs,30__0,30,0.0,1. p999999_trade_value,974350.0,974350.0,0.0,1.0,0.0,0.75,2. BELOW BASELINE,0.0,1.0,0.0
SLNO,Medical,Medical - Drugs,30__0,30,0.0,5. p99_trade_value,645785.0,447439.99999999994,5.0,8.0,0.625,0.75,2. BELOW BASELINE,5.0,9.0,0.5555555555555556
SLNO,Medical,Medical - Drugs,30__0,30,0.0,6. p95_trade_value,436254.0,74132.0,18.0,33.0,0.5454545454545454,0.75,2. BELOW BASELINE,23.0,42.0,0.5476190476190477
SLNO,Medical,Medical - Drugs,30__0,30,0.0,7. p90_trade_value,71280.0,24408.0,13.0,41.0,0.3170731707317073,0.75,2. BELOW BASELINE,36.0,83.0,0.43373493975903615
SLNO,Medical,Medical - Drugs,30__0,30,0.0,8. p75_trade_value,24089.999999999996,9815.0,39.0,125.0,0.312,0.75,2. BELOW BASELINE,75.0,208.0,0.3605769230769231
SLS,Medical,Medical - Biomedical and Genetics,10__0,10,0.0,1. p999999_trade_value,12960.0,12960.0,0.0,1.0,0.0,0.75,2. BELOW BASELINE,0.0,1.0,0.0
SLS,Medical,Medical - Biomedical and Genetics,10__0,10,0.0,8. p75_trade_value,10000.0,9980.000000000002,2.0,2.0,1.0,0.75,2. BELOW BASELINE,2.0,3.0,0.6666666666666666
SMLR,Medical,Medical - Instruments,25__0,25,0.0,1. p999999_trade_value,128000.0,128000.0,0.0,1.0,0.0,0.75,2. BELOW BASELINE,0.0,1.0,0.0
SMLR,Medical,Medical - Instruments,25__0,25,0.0,5. p99_trade_value,45999.99999999999,38870.0,0.0,2.0,0.0,0.75,2. BELOW BASELINE,0.0,3.0,0.0
SMLR,Medical,Medical - Instruments,25__0,25,0.0,6. p95_trade_value,31000.0,19000.0,4.0,11.0,0.36363636363636365,0.75,2. BELOW BASELINE,4.0,14.0,0.2857142857142857
SMLR,Medical,Medical - Instruments,25__0,25,0.0,7. p90_trade_value,18000.0,15040.0,2.0,15.0,0.13333333333333333,0.75,2. BELOW BASELINE,6.0,29.0,0.20689655172413793
SMLR,Medical,Medical - Instruments,25__0,25,0.0,8. p75_trade_value,14600.0,8300.0,10.0,38.0,0.2631578947368421,0.75,2. BELOW BASELINE,16.0,67.0,0.23880597014925373
SMMT,Medical,Medical - Drugs,30__2,30,2.0,1. p999999_trade_value,255000.0,255000.0,1.0,1.0,1.0,0.75,1. ABOVE BASELINE,1.0,1.0,1.0
SMMT,Medical,Medical - Drugs,30__2,30,2.0,4. p999_trade_value,112000.0,112000.0,0.0,1.0,0.0,0.75,2. BELOW BASELINE,1.0,2.0,0.5
SMMT,Medical,Medical - Drugs,30__2,30,2.0,5. p99_trade_value,70312.0,37949.99999999999,10.0,13.0,0.7692307692307693,0.75,2. BELOW BASELINE,11.0,15.0,0.7333333333333333
SMMT,Medical,Medical - Drugs,30__2,30,2.0,6. p95_trade_value,36000.0,19440.0,36.0,56.0,0.6428571428571429,0.75,2. BELOW BASELINE,47.0,71.0,0.6619718309859155
SMMT,Medical,Medical - Drugs,30__2,30,2.0,7. p90_trade_value,19224.0,13679.999999999998,40.0,70.0,0.5714285714285714,0.75,2. BELOW BASELINE,87.0,141.0,0.6170212765957447
SMMT,Medical,Medical - Drugs,30__2,30,2.0,8. p75_trade_value,13650.0,7980.0,134.0,211.0,0.6350710900473934,0.75,2. BELOW BASELINE,221.0,352.0,0.6278409090909091
SNDL,Medical,Medical - Products,5__0,5,0.0,1. p999999_trade_value,5837.0,5837.0,0.0,1.0,0.0,0.75,2. BELOW BASELINE,0.0,1.0,0.0
SNDX,Medical,Medical - Biomedical and Genetics,20__1,20,1.0,1. p999999_trade_value,450870.0,450870.0,0.0,1.0,0.0,0.75,2. BELOW BASELINE,0.0,1.0,0.0
SNDX,Medical,Medical - Biomedical and Genetics,20__1,20,1.0,5. p99_trade_value,239085.0,239085.0,1.0,1.0,1.0,0.75,2. BELOW BASELINE,1.0,2.0,0.5
SNDX,Medical,Medical - Biomedical and Genetics,20__1,20,1.0,6. p95_trade_value,164919.99999999997,65000.0,3.0,5.0,0.6,0.75,2. BELOW BASELINE,4.0,7.0,0.5714285714285714
SNDX,Medical,Medical - Biomedical and Genetics,20__1,20,1.0,7. p90_trade_value,60000.0,34079.99999999999,4.0,7.0,0.5714285714285714,0.75,2. BELOW BASELINE,8.0,14.0,0.5714285714285714
SNDX,Medical,Medical - Biomedical and Genetics,20__1,20,1.0,8. p75_trade_value,32504.999999999996,13529.999999999998,15.0,20.0,0.75,0.75,2. BELOW BASELINE,23.0,34.0,0.6764705882352942
SNN,Medical,Medical - Products,0__2,0,2.0,1. p999999_trade_value,4200.0,4200.0,1.0,1.0,1.0,0.75,1. ABOVE BASELINE,1.0,1.0,1.0
SNY,Medical,Large Cap Pharmaceuticals,25__0,25,0.0,1. p999999_trade_value,217245.00000000003,217245.00000000003,1.0,1.0,1.0,0.75,1. ABOVE BASELINE,1.0,1.0,1.0
SNY,Medical,Large Cap Pharmaceuticals,25__0,25,0.0,5. p99_trade_value,88377.0,79716.0,1.0,2.0,0.5,0.75,2. BELOW BASELINE,2.0,3.0,0.6666666666666666
SNY,Medical,Large Cap Pharmaceuticals,25__0,25,0.0,6. p95_trade_value,69345.0,39270.0,5.0,8.0,0.625,0.75,2. BELOW BASELINE,7.0,11.0,0.6363636363636364
SNY,Medical,Large Cap Pharmaceuticals,25__0,25,0.0,7. p90_trade_value,37500.0,30000.0,8.0,11.0,0.7272727272727273,0.75,2. BELOW BASELINE,15.0,22.0,0.6818181818181818
SNY,Medical,Large Cap Pharmaceuticals,25__0,25,0.0,8. p75_trade_value,29770.0,13000.0,24.0,30.0,0.8,0.75,2. BELOW BASELINE,39.0,52.0,0.75
SOLV,Medical,Medical Services,20__1,20,1.0,1. p999999_trade_value,350000.0,350000.0,1.0,1.0,1.0,0.75,1. ABOVE BASELINE,1.0,1.0,1.0
SOLV,Medical,Medical Services,20__1,20,1.0,5. p99_trade_value,162500.0,162500.0,0.0,1.0,0.0,0.75,2. BELOW BASELINE,1.0,2.0,0.5
SOLV,Medical,Medical Services,20__1,20,1.0,6. p95_trade_value,56700.0,14000.0,4.0,7.0,0.5714285714285714,0.75,2. BELOW BASELINE,5.0,9.0,0.5555555555555556
SOLV,Medical,Medical Services,20__1,20,1.0,7. p90_trade_value,13500.0,9840.0,8.0,10.0,0.8,0.75,2. BELOW BASELINE,13.0,19.0,0.6842105263157895
SOLV,Medical,Medical Services,20__1,20,1.0,8. p75_trade_value,9800.0,8580.000000000002,22.0,24.0,0.9166666666666666,0.75,2. BELOW BASELINE,35.0,43.0,0.813953488372093
SOPH,Medical,Medical Info Systems,5__0,5,0.0,1. p999999_trade_value,4000.0,4000.0,0.0,1.0,0.0,0.75,2. BELOW BASELINE,0.0,1.0,0.0
SPRO,Medical,Medical - Biomedical and Genetics,10__0,10,0.0,1. p999999_trade_value,7800.0,7800.0,1.0,1.0,1.0,0.75,1. ABOVE BASELINE,1.0,1.0,1.0
SPRO,Medical,Medical - Biomedical and Genetics,10__0,10,0.0,8. p75_trade_value,6750.0,4470.0,2.0,2.0,1.0,0.75,1. ABOVE BASELINE,3.0,3.0,1.0
SPRY,Medical,Medical - Drugs,15__0,15,0.0,1. p999999_trade_value,42000.0,42000.0,1.0,1.0,1.0,0.75,1. ABOVE BASELINE,1.0,1.0,1.0
SPRY,Medical,Medical - Drugs,15__0,15,0.0,6. p95_trade_value,31744.0,31744.0,1.0,1.0,1.0,0.75,1. ABOVE BASELINE,2.0,2.0,1.0
SPRY,Medical,Medical - Drugs,15__0,15,0.0,7. p90_trade_value,27500.0,25000.0,2.0,2.0,1.0,0.75,1. ABOVE BASELINE,4.0,4.0,1.0
SPRY,Medical,Medical - Drugs,15__0,15,0.0,8. p75_trade_value,13229.999999999998,5550.0,1.0,6.0,0.16666666666666666,0.75,2. BELOW BASELINE,5.0,10.0,0.5
SRPT,Medical,Medical - Biomedical and Genetics,30__2,30,2.0,1. p999999_trade_value,415000.0,415000.0,1.0,1.0,1.0,0.75,1. ABOVE BASELINE,1.0,1.0,1.0
SRPT,Medical,Medical - Biomedical and Genetics,30__2,30,2.0,4. p999_trade_value,370000.0,370000.0,1.0,1.0,1.0,0.75,1. ABOVE BASELINE,2.0,2.0,1.0
SRPT,Medical,Medical - Biomedical and Genetics,30__2,30,2.0,5. p99_trade_value,176000.00000000003,42000.0,3.0,10.0,0.3,0.75,2. BELOW BASELINE,5.0,12.0,0.4166666666666667
SRPT,Medical,Medical - Biomedical and Genetics,30__2,30,2.0,6. p95_trade_value,40890.0,20699.999999999996,24.0,44.0,0.5454545454545454,0.75,2. BELOW BASELINE,29.0,56.0,0.5178571428571429
SRPT,Medical,Medical - Biomedical and Genetics,30__2,30,2.0,7. p90_trade_value,20592.0,13065.0,27.0,55.0,0.4909090909090909,0.75,2. BELOW BASELINE,56.0,111.0,0.5045045045045045
SRPT,Medical,Medical - Biomedical and Genetics,30__2,30,2.0,8. p75_trade_value,12985.000000000002,8150.0,80.0,167.0,0.47904191616766467,0.75,2. BELOW BASELINE,136.0,278.0,0.4892086330935252
SRRK,Medical,Medical - Biomedical and Genetics,25__0,25,0.0,1. p999999_trade_value,504900.0,504900.0,0.0,1.0,0.0,0.75,2. BELOW BASELINE,0.0,1.0,0.0
SRRK,Medical,Medical - Biomedical and Genetics,25__0,25,0.0,5. p99_trade_value,228250.0,171000.0,0.0,2.0,0.0,0.75,2. BELOW BASELINE,0.0,3.0,0.0
SRRK,Medical,Medical - Biomedical and Genetics,25__0,25,0.0,6. p95_trade_value,132300.0,22605.0,5.0,11.0,0.45454545454545453,0.75,2. BELOW BASELINE,5.0,14.0,0.35714285714285715
SRRK,Medical,Medical - Biomedical and Genetics,25__0,25,0.0,7. p90_trade_value,22194.000000000004,11700.0,6.0,13.0,0.46153846153846156,0.75,2. BELOW BASELINE,11.0,27.0,0.4074074074074074
SRRK,Medical,Medical - Biomedical and Genetics,25__0,25,0.0,8. p75_trade_value,11550.0,7455.0,26.0,41.0,0.6341463414634146,0.75,2. BELOW BASELINE,37.0,68.0,0.5441176470588235
SRTS,Medical,Medical - Instruments,5__0,5,0.0,1. p999999_trade_value,5000.0,5000.0,0.0,1.0,0.0,0.75,2. BELOW BASELINE,0.0,1.0,0.0
STAA,Medical,Medical - Dental Supplies,20__0,20,0.0,1. p999999_trade_value,165000.00000000003,165000.00000000003,1.0,1.0,1.0,0.75,1. ABOVE BASELINE,1.0,1.0,1.0
STAA,Medical,Medical - Dental Supplies,20__0,20,0.0,6. p95_trade_value,64400.0,39920.00000000001,2.0,3.0,0.6666666666666666,0.75,2. BELOW BASELINE,3.0,4.0,0.75
STAA,Medical,Medical - Dental Supplies,20__0,20,0.0,7. p90_trade_value,37500.0,21075.0,2.0,3.0,0.6666666666666666,0.75,2. BELOW BASELINE,5.0,7.0,0.7142857142857143
STAA,Medical,Medical - Dental Supplies,20__0,20,0.0,8. p75_trade_value,18445.0,11067.0,6.0,10.0,0.6,0.75,2. BELOW BASELINE,11.0,17.0,0.6470588235294118
STE,Medical,Medical - Instruments,15__0,15,0.0,1. p999999_trade_value,181500.0,181500.0,0.0,1.0,0.0,0.75,2. BELOW BASELINE,0.0,1.0,0.0
STE,Medical,Medical - Instruments,15__0,15,0.0,6. p95_trade_value,175000.0,165000.0,0.0,2.0,0.0,0.75,2. BELOW BASELINE,0.0,3.0,0.0
STE,Medical,Medical - Instruments,15__0,15,0.0,7. p90_trade_value,18208.0,15680.000000000002,1.0,3.0,0.3333333333333333,0.75,2. BELOW BASELINE,1.0,6.0,0.16666666666666666
STE,Medical,Medical - Instruments,15__0,15,0.0,8. p75_trade_value,15190.0,6889.999999999999,6.0,8.0,0.75,0.75,2. BELOW BASELINE,7.0,14.0,0.5
STIM,Medical,Medical - Instruments,5__0,5,0.0,1. p999999_trade_value,7000.0,7000.0,1.0,1.0,1.0,0.75,1. ABOVE BASELINE,1.0,1.0,1.0
STIM,Medical,Medical - Instruments,5__0,5,0.0,8. p75_trade_value,4600.0,4600.0,1.0,1.0,1.0,0.75,1. ABOVE BASELINE,2.0,2.0,1.0
STOK,Medical,Medical - Biomedical and Genetics,5__0,5,0.0,1. p999999_trade_value,12000.0,12000.0,1.0,1.0,1.0,0.75,1. ABOVE BASELINE,1.0,1.0,1.0
STOK,Medical,Medical - Biomedical and Genetics,5__0,5,0.0,8. p75_trade_value,9000.0,9000.0,0.0,1.0,0.0,0.75,2. BELOW BASELINE,1.0,2.0,0.5
STVN,Medical,Medical - Drugs,5__3,5,3.0,1. p999999_trade_value,19460.0,19460.0,1.0,1.0,1.0,0.75,1. ABOVE BASELINE,1.0,1.0,1.0
STXS,Medical,Medical - Instruments,0__2,0,2.0,1. p999999_trade_value,5250.0,5250.0,0.0,1.0,0.0,0.75,2. BELOW BASELINE,0.0,1.0,0.0
SUPN,Medical,Medical - Generic Drugs,5__0,5,0.0,1. p999999_trade_value,10500.0,10500.0,1.0,1.0,1.0,0.75,1. ABOVE BASELINE,1.0,1.0,1.0
SWTX,Medical,Medical - Biomedical and Genetics,35__1,35,1.0,1. p999999_trade_value,1559040.0,1559040.0,0.0,1.0,0.0,0.75,2. BELOW BASELINE,0.0,1.0,0.0
SWTX,Medical,Medical - Biomedical and Genetics,35__1,35,1.0,4. p999_trade_value,1288015.0,541835.0,1.0,5.0,0.2,0.75,2. BELOW BASELINE,1.0,6.0,0.16666666666666666
SWTX,Medical,Medical - Biomedical and Genetics,35__1,35,1.0,5. p99_trade_value,536800.0,116000.0,12.0,46.0,0.2608695652173913,0.75,2. BELOW BASELINE,13.0,52.0,0.25
SWTX,Medical,Medical - Biomedical and Genetics,35__1,35,1.0,6. p95_trade_value,114920.0,26730.0,48.0,205.0,0.23414634146341465,0.75,2. BELOW BASELINE,61.0,257.0,0.23735408560311283
SWTX,Medical,Medical - Biomedical and Genetics,35__1,35,1.0,7. p90_trade_value,26600.0,16300.0,53.0,256.0,0.20703125,0.75,2. BELOW BASELINE,114.0,513.0,0.2222222222222222
SWTX,Medical,Medical - Biomedical and Genetics,35__1,35,1.0,8. p75_trade_value,16280.000000000002,8600.0,182.0,768.0,0.23697916666666666,0.75,2. BELOW BASELINE,296.0,1281.0,0.23106947697111632
SYK,Medical,Medical - Products,30__2,30,2.0,1. p999999_trade_value,340000.0,340000.0,0.0,1.0,0.0,0.75,2. BELOW BASELINE,0.0,1.0,0.0
SYK,Medical,Medical - Products,30__2,30,2.0,4. p999_trade_value,299406.0,299406.0,1.0,1.0,1.0,0.75,2. BELOW BASELINE,1.0,2.0,0.5
SYK,Medical,Medical - Products,30__2,30,2.0,5. p99_trade_value,257077.99999999997,84650.99999999999,2.0,10.0,0.2,0.75,2. BELOW BASELINE,3.0,12.0,0.25
SYK,Medical,Medical - Products,30__2,30,2.0,6. p95_trade_value,81180.0,29520.0,17.0,44.0,0.38636363636363635,0.75,2. BELOW BASELINE,20.0,56.0,0.35714285714285715
SYK,Medical,Medical - Products,30__2,30,2.0,7. p90_trade_value,29108.0,17220.0,26.0,56.0,0.4642857142857143,0.75,2. BELOW BASELINE,46.0,112.0,0.4107142857142857
SYK,Medical,Medical - Products,30__2,30,2.0,8. p75_trade_value,17010.0,8510.0,101.0,167.0,0.6047904191616766,0.75,2. BELOW BASELINE,147.0,279.0,0.5268817204301075
SYRE,Medical,Medical - Biomedical and Genetics,15__0,15,0.0,1. p999999_trade_value,24750.0,24750.0,0.0,1.0,0.0,0.75,2. BELOW BASELINE,0.0,1.0,0.0
SYRE,Medical,Medical - Biomedical and Genetics,15__0,15,0.0,6. p95_trade_value,14940.0,14940.0,1.0,1.0,1.0,0.75,2. BELOW BASELINE,1.0,2.0,0.5
SYRE,Medical,Medical - Biomedical and Genetics,15__0,15,0.0,7. p90_trade_value,12000.0,12000.0,1.0,1.0,1.0,0.75,2. BELOW BASELINE,2.0,3.0,0.6666666666666666
SYRE,Medical,Medical - Biomedical and Genetics,15__0,15,0.0,8. p75_trade_value,11100.0,10200.0,5.0,5.0,1.0,0.75,2. BELOW BASELINE,7.0,8.0,0.875
TALK,Medical,Medical Info Systems,10__0,10,0.0,1. p999999_trade_value,6000.0,6000.0,1.0,1.0,1.0,0.75,1. ABOVE BASELINE,1.0,1.0,1.0
TALK,Medical,Medical Info Systems,10__0,10,0.0,7. p90_trade_value,5000.0,5000.0,1.0,1.0,1.0,0.75,1. ABOVE BASELINE,2.0,2.0,1.0
TALK,Medical,Medical Info Systems,10__0,10,0.0,8. p75_trade_value,4750.0,4750.0,1.0,1.0,1.0,0.75,1. ABOVE BASELINE,3.0,3.0,1.0
TARA,Medical,Medical - Drugs,10__0,10,0.0,1. p999999_trade_value,13660.0,13660.0,0.0,1.0,0.0,0.75,2. BELOW BASELINE,0.0,1.0,0.0
TARA,Medical,Medical - Drugs,10__0,10,0.0,7. p90_trade_value,9000.0,9000.0,0.0,1.0,0.0,0.75,2. BELOW BASELINE,0.0,2.0,0.0
TARA,Medical,Medical - Drugs,10__0,10,0.0,8. p75_trade_value,6000.0,5775.000000000001,0.0,3.0,0.0,0.75,2. BELOW BASELINE,0.0,5.0,0.0
TARS,Medical,Medical - Biomedical and Genetics,20__1,20,1.0,1. p999999_trade_value,225000.0,225000.0,1.0,1.0,1.0,0.75,1. ABOVE BASELINE,1.0,1.0,1.0
TARS,Medical,Medical - Biomedical and Genetics,20__1,20,1.0,6. p95_trade_value,216000.0,75000.0,3.0,3.0,1.0,0.75,1. ABOVE BASELINE,4.0,4.0,1.0
TARS,Medical,Medical - Biomedical and Genetics,20__1,20,1.0,7. p90_trade_value,36000.0,23625.0,3.0,3.0,1.0,0.75,1. ABOVE BASELINE,7.0,7.0,1.0
TARS,Medical,Medical - Biomedical and Genetics,20__1,20,1.0,8. p75_trade_value,19500.0,8880.000000000002,8.0,9.0,0.8888888888888888,0.75,1. ABOVE BASELINE,15.0,16.0,0.9375
TBPH,Medical,Medical - Drugs,5__3,5,3.0,1. p999999_trade_value,17500.0,17500.0,0.0,1.0,0.0,0.75,2. BELOW BASELINE,0.0,1.0,0.0
TCMD,Medical,Medical - Instruments,0__2,0,2.0,1. p999999_trade_value,7000.0,7000.0,0.0,1.0,0.0,0.75,2. BELOW BASELINE,0.0,1.0,0.0
TDOC,Medical,Medical Services,30__2,30,2.0,1. p999999_trade_value,55520.00000000001,55520.00000000001,0.0,1.0,0.0,0.75,2. BELOW BASELINE,0.0,1.0,0.0
TDOC,Medical,Medical Services,30__2,30,2.0,5. p99_trade_value,55000.0,31250.0,4.0,7.0,0.5714285714285714,0.75,2. BELOW BASELINE,4.0,8.0,0.5
TDOC,Medical,Medical Services,30__2,30,2.0,6. p95_trade_value,29500.0,13019.999999999998,15.0,30.0,0.5,0.75,2. BELOW BASELINE,19.0,38.0,0.5
TDOC,Medical,Medical Services,30__2,30,2.0,7. p90_trade_value,12900.0,9945.0,23.0,37.0,0.6216216216216216,0.75,2. BELOW BASELINE,42.0,75.0,0.56
TDOC,Medical,Medical Services,30__2,30,2.0,8. p75_trade_value,9933.0,6360.0,48.0,111.0,0.43243243243243246,0.75,2. BELOW BASELINE,90.0,186.0,0.4838709677419355
TECH,Medical,Medical - Biomedical and Genetics,15__0,15,0.0,1. p999999_trade_value,35250.0,35250.0,1.0,1.0,1.0,0.75,1. ABOVE BASELINE,1.0,1.0,1.0
TECH,Medical,Medical - Biomedical and Genetics,15__0,15,0.0,6. p95_trade_value,18000.0,18000.0,1.0,1.0,1.0,0.75,1. ABOVE BASELINE,2.0,2.0,1.0
TECH,Medical,Medical - Biomedical and Genetics,15__0,15,0.0,7. p90_trade_value,11760.0,11760.0,1.0,1.0,1.0,0.75,1. ABOVE BASELINE,3.0,3.0,1.0
TECH,Medical,Medical - Biomedical and Genetics,15__0,15,0.0,8. p75_trade_value,9000.0,7200.0,1.0,4.0,0.25,0.75,2. BELOW BASELINE,4.0,7.0,0.5714285714285714
TECX,Medical,Medical - Biomedical and Genetics,10__0,10,0.0,1. p999999_trade_value,11175.0,11175.0,0.0,2.0,0.0,0.75,2. BELOW BASELINE,0.0,2.0,0.0
TEM,Medical,Medical Info Systems,40__0,40,0.0,1. p999999_trade_value,659670.0,659670.0,1.0,1.0,1.0,0.75,1. ABOVE BASELINE,1.0,1.0,1.0
TEM,Medical,Medical Info Systems,40__0,40,0.0,3. p9999_trade_value,570000.0,570000.0,1.0,1.0,1.0,0.75,1. ABOVE BASELINE,2.0,2.0,1.0
TEM,Medical,Medical Info Systems,40__0,40,0.0,4. p999_trade_value,387000.0,215600.0,6.0,15.0,0.4,0.75,2. BELOW BASELINE,8.0,17.0,0.47058823529411764
TEM,Medical,Medical Info Systems,40__0,40,0.0,5. p99_trade_value,206550.0,60270.00000000001,68.0,151.0,0.4503311258278146,0.75,2. BELOW BASELINE,76.0,168.0,0.4523809523809524
TEM,Medical,Medical Info Systems,40__0,40,0.0,6. p95_trade_value,60160.0,24500.0,325.0,669.0,0.4857997010463378,0.75,2. BELOW BASELINE,401.0,837.0,0.47909199522102747
TEM,Medical,Medical Info Systems,40__0,40,0.0,7. p90_trade_value,24420.0,16150.0,437.0,836.0,0.5227272727272727,0.75,2. BELOW BASELINE,838.0,1673.0,0.5008965929468021
TEM,Medical,Medical Info Systems,40__0,40,0.0,8. p75_trade_value,16145.999999999998,8550.0,1380.0,2509.0,0.5500199282582702,0.75,2. BELOW BASELINE,2218.0,4182.0,0.5303682448589192
TERN,Medical,Medical - Biomedical and Genetics,20__0,20,0.0,1. p999999_trade_value,30000.0,30000.0,1.0,1.0,1.0,0.75,1. ABOVE BASELINE,1.0,1.0,1.0
TERN,Medical,Medical - Biomedical and Genetics,20__0,20,0.0,5. p99_trade_value,26950.0,26950.0,0.0,1.0,0.0,0.75,2. BELOW BASELINE,1.0,2.0,0.5
TERN,Medical,Medical - Biomedical and Genetics,20__0,20,0.0,6. p95_trade_value,25864.999999999996,17472.0,2.0,5.0,0.4,0.75,2. BELOW BASELINE,3.0,7.0,0.42857142857142855
TERN,Medical,Medical - Biomedical and Genetics,20__0,20,0.0,7. p90_trade_value,15600.0,10500.0,4.0,7.0,0.5714285714285714,0.75,2. BELOW BASELINE,7.0,14.0,0.5
TERN,Medical,Medical - Biomedical and Genetics,20__0,20,0.0,8. p75_trade_value,10000.0,6475.0,13.0,20.0,0.65,0.75,2. BELOW BASELINE,20.0,34.0,0.5882352941176471
TEVA,Medical,Medical - Generic Drugs,30__1,30,1.0,1. p999999_trade_value,1777556.0000000002,1777556.0000000002,0.0,1.0,0.0,0.75,1. ABOVE BASELINE,0.0,1.0,0.0
TEVA,Medical,Medical - Generic Drugs,30__1,30,1.0,4. p999_trade_value,1680000.0,1680000.0,1.0,1.0,1.0,0.75,1. ABOVE BASELINE,1.0,2.0,0.5
TEVA,Medical,Medical - Generic Drugs,30__1,30,1.0,5. p99_trade_value,1050000.0,175000.0,3.0,9.0,0.3333333333333333,0.75,2. BELOW BASELINE,4.0,11.0,0.36363636363636365
TEVA,Medical,Medical - Generic Drugs,30__1,30,1.0,6. p95_trade_value,174000.0,45370.0,17.0,44.0,0.38636363636363635,0.75,2. BELOW BASELINE,21.0,55.0,0.38181818181818183
TEVA,Medical,Medical - Generic Drugs,30__1,30,1.0,7. p90_trade_value,45288.0,18400.0,33.0,54.0,0.6111111111111112,0.75,2. BELOW BASELINE,54.0,109.0,0.4954128440366973
TEVA,Medical,Medical - Generic Drugs,30__1,30,1.0,8. p75_trade_value,18270.0,8000.0,97.0,164.0,0.5914634146341463,0.75,2. BELOW BASELINE,151.0,273.0,0.5531135531135531
TFX,Medical,Medical - Instruments,15__0,15,0.0,1. p999999_trade_value,42500.0,42500.0,0.0,1.0,0.0,0.75,2. BELOW BASELINE,0.0,1.0,0.0
TFX,Medical,Medical - Instruments,15__0,15,0.0,6. p95_trade_value,18320.0,18320.0,0.0,2.0,0.0,0.75,2. BELOW BASELINE,0.0,3.0,0.0
TFX,Medical,Medical - Instruments,15__0,15,0.0,8. p75_trade_value,16920.0,5609.999999999999,1.0,3.0,0.3333333333333333,0.75,2. BELOW BASELINE,1.0,6.0,0.16666666666666666
TGTX,Medical,Medical - Biomedical and Genetics,30__2,30,2.0,1. p999999_trade_value,205000.0,205000.0,1.0,1.0,1.0,0.75,1. ABOVE BASELINE,1.0,1.0,1.0
TGTX,Medical,Medical - Biomedical and Genetics,30__2,30,2.0,4. p999_trade_value,100000.0,100000.0,0.0,1.0,0.0,0.75,2. BELOW BASELINE,1.0,2.0,0.5
TGTX,Medical,Medical - Biomedical and Genetics,30__2,30,2.0,5. p99_trade_value,71100.0,32000.0,5.0,16.0,0.3125,0.75,2. BELOW BASELINE,6.0,18.0,0.3333333333333333
TGTX,Medical,Medical - Biomedical and Genetics,30__2,30,2.0,6. p95_trade_value,31500.0,17500.0,42.0,73.0,0.5753424657534246,0.75,2. BELOW BASELINE,48.0,91.0,0.5274725274725275
TGTX,Medical,Medical - Biomedical and Genetics,30__2,30,2.0,7. p90_trade_value,17480.0,13125.0,51.0,83.0,0.6144578313253012,0.75,2. BELOW BASELINE,99.0,174.0,0.5689655172413793
TGTX,Medical,Medical - Biomedical and Genetics,30__2,30,2.0,8. p75_trade_value,13110.0,8000.0,146.0,265.0,0.5509433962264151,0.75,2. BELOW BASELINE,245.0,439.0,0.5580865603644647
THC,Medical,Medical - Hospital,30__2,30,2.0,1. p999999_trade_value,292500.0,292500.0,0.0,1.0,0.0,0.75,2. BELOW BASELINE,0.0,1.0,0.0
THC,Medical,Medical - Hospital,30__2,30,2.0,4. p999_trade_value,171500.0,171500.0,1.0,1.0,1.0,0.75,2. BELOW BASELINE,1.0,2.0,0.5
THC,Medical,Medical - Hospital,30__2,30,2.0,5. p99_trade_value,171000.0,60000.0,6.0,15.0,0.4,0.75,2. BELOW BASELINE,7.0,17.0,0.4117647058823529
THC,Medical,Medical - Hospital,30__2,30,2.0,6. p95_trade_value,59850.0,26520.0,35.0,68.0,0.5147058823529411,0.75,2. BELOW BASELINE,42.0,85.0,0.49411764705882355
THC,Medical,Medical - Hospital,30__2,30,2.0,7. p90_trade_value,25550.0,14500.0,43.0,84.0,0.5119047619047619,0.75,2. BELOW BASELINE,85.0,169.0,0.5029585798816568
THC,Medical,Medical - Hospital,30__2,30,2.0,8. p75_trade_value,14400.0,8178.0,136.0,252.0,0.5396825396825397,0.75,2. BELOW BASELINE,221.0,421.0,0.5249406175771971
THTX,Medical,Medical - Biomedical and Genetics,5__0,5,0.0,1. p999999_trade_value,5700.0,5700.0,1.0,1.0,1.0,0.75,1. ABOVE BASELINE,1.0,1.0,1.0
TLRY,Medical,Medical - Products,25__0,25,0.0,1. p999999_trade_value,25599.0,25599.0,1.0,1.0,1.0,0.75,1. ABOVE BASELINE,1.0,1.0,1.0
TLRY,Medical,Medical - Products,25__0,25,0.0,5. p99_trade_value,22500.0,21965.0,2.0,2.0,1.0,0.75,1. ABOVE BASELINE,3.0,3.0,1.0
TLRY,Medical,Medical - Products,25__0,25,0.0,6. p95_trade_value,21528.0,11000.0,4.0,11.0,0.36363636363636365,0.75,2. BELOW BASELINE,7.0,14.0,0.5
TLRY,Medical,Medical - Products,25__0,25,0.0,7. p90_trade_value,10971.0,8500.0,7.0,14.0,0.5,0.75,2. BELOW BASELINE,14.0,28.0,0.5
TLRY,Medical,Medical - Products,25__0,25,0.0,8. p75_trade_value,8184.0,5928.0,12.0,40.0,0.3,0.75,2. BELOW BASELINE,26.0,68.0,0.38235294117647056
TMDX,Medical,Medical - Instruments,35__0,35,0.0,1. p999999_trade_value,840000.0,840000.0,1.0,1.0,1.0,0.75,1. ABOVE BASELINE,1.0,1.0,1.0
TMDX,Medical,Medical - Instruments,35__0,35,0.0,4. p999_trade_value,780000.0,720000.0,2.0,2.0,1.0,0.75,1. ABOVE BASELINE,3.0,3.0,1.0
TMDX,Medical,Medical - Instruments,35__0,35,0.0,5. p99_trade_value,379500.0,81600.0,14.0,24.0,0.5833333333333334,0.75,2. BELOW BASELINE,17.0,27.0,0.6296296296296297
TMDX,Medical,Medical - Instruments,35__0,35,0.0,6. p95_trade_value,78109.99999999999,22720.0,62.0,106.0,0.5849056603773585,0.75,2. BELOW BASELINE,79.0,133.0,0.5939849624060151
TMDX,Medical,Medical - Instruments,35__0,35,0.0,7. p90_trade_value,22599.999999999996,14250.0,81.0,135.0,0.6,0.75,2. BELOW BASELINE,160.0,268.0,0.5970149253731343
TMDX,Medical,Medical - Instruments,35__0,35,0.0,8. p75_trade_value,14100.0,7800.0,203.0,407.0,0.4987714987714988,0.75,2. BELOW BASELINE,363.0,675.0,0.5377777777777778
TMO,Medical,Medical - Instruments,35__0,35,0.0,1. p999999_trade_value,880000.0,880000.0,0.0,1.0,0.0,0.75,2. BELOW BASELINE,0.0,1.0,0.0
TMO,Medical,Medical - Instruments,35__0,35,0.0,4. p999_trade_value,522054.0,355122.0,3.0,3.0,1.0,0.75,2. BELOW BASELINE,3.0,4.0,0.75
TMO,Medical,Medical - Instruments,35__0,35,0.0,5. p99_trade_value,321849.99999999994,70400.0,20.0,36.0,0.5555555555555556,0.75,2. BELOW BASELINE,23.0,40.0,0.575
TMO,Medical,Medical - Instruments,35__0,35,0.0,6. p95_trade_value,68750.0,22154.0,89.0,152.0,0.5855263157894737,0.75,2. BELOW BASELINE,112.0,192.0,0.5833333333333334
TMO,Medical,Medical - Instruments,35__0,35,0.0,7. p90_trade_value,22139.999999999996,14260.0,106.0,192.0,0.5520833333333334,0.75,2. BELOW BASELINE,218.0,384.0,0.5677083333333334
TMO,Medical,Medical - Instruments,35__0,35,0.0,8. p75_trade_value,14240.0,8100.0,343.0,578.0,0.5934256055363322,0.75,2. BELOW BASELINE,561.0,962.0,0.5831600831600832
TNDM,Medical,Medical - Instruments,20__1,20,1.0,1. p999999_trade_value,370000.0,370000.0,0.0,1.0,0.0,0.75,2. BELOW BASELINE,0.0,1.0,0.0
TNDM,Medical,Medical - Instruments,20__1,20,1.0,6. p95_trade_value,255000.0,63000.0,3.0,4.0,0.75,0.75,2. BELOW BASELINE,3.0,5.0,0.6
TNDM,Medical,Medical - Instruments,20__1,20,1.0,7. p90_trade_value,38325.0,28750.0,3.0,4.0,0.75,0.75,2. BELOW BASELINE,6.0,9.0,0.6666666666666666
TNDM,Medical,Medical - Instruments,20__1,20,1.0,8. p75_trade_value,20000.0,8900.0,9.0,12.0,0.75,0.75,2. BELOW BASELINE,15.0,21.0,0.7142857142857143
TNGX,Medical,Medical - Biomedical and Genetics,10__0,10,0.0,1. p999999_trade_value,18000.0,18000.0,0.0,1.0,0.0,0.75,2. BELOW BASELINE,0.0,1.0,0.0
TNGX,Medical,Medical - Biomedical and Genetics,10__0,10,0.0,8. p75_trade_value,5000.0,5000.0,1.0,1.0,1.0,0.75,2. BELOW BASELINE,1.0,2.0,0.5
TNYA,Medical,Medical - Biomedical and Genetics,10__0,10,0.0,1. p999999_trade_value,12225.0,12225.0,0.0,1.0,0.0,0.75,2. BELOW BASELINE,0.0,1.0,0.0
TNYA,Medical,Medical - Biomedical and Genetics,10__0,10,0.0,8. p75_trade_value,7280.0,6200.0,0.0,2.0,0.0,0.75,2. BELOW BASELINE,0.0,3.0,0.0
TPST,Medical,Medical - Drugs,5__0,5,0.0,1. p999999_trade_value,7650.0,7650.0,0.0,1.0,0.0,0.75,2. BELOW BASELINE,0.0,1.0,0.0
TRAW,Medical,Medical - Drugs,15__0,15,0.0,1. p999999_trade_value,39200.0,39200.0,0.0,1.0,0.0,0.75,2. BELOW BASELINE,0.0,1.0,0.0
TRAW,Medical,Medical - Drugs,15__0,15,0.0,6. p95_trade_value,24800.0,24800.0,0.0,1.0,0.0,0.75,2. BELOW BASELINE,0.0,2.0,0.0
TRAW,Medical,Medical - Drugs,15__0,15,0.0,7. p90_trade_value,16000.0,16000.0,0.0,1.0,0.0,0.75,2. BELOW BASELINE,0.0,3.0,0.0
TRAW,Medical,Medical - Drugs,15__0,15,0.0,8. p75_trade_value,12000.0,10000.0,0.0,4.0,0.0,0.75,2. BELOW BASELINE,0.0,7.0,0.0
TRDA,Medical,Medical - Biomedical and Genetics,10__0,10,0.0,1. p999999_trade_value,6116.0,6116.0,1.0,1.0,1.0,0.75,1. ABOVE BASELINE,1.0,1.0,1.0
TRDA,Medical,Medical - Biomedical and Genetics,10__0,10,0.0,8. p75_trade_value,4860.0,4860.0,1.0,1.0,1.0,0.75,1. ABOVE BASELINE,2.0,2.0,1.0
TRML,Medical,Medical - Drugs,0__2,0,2.0,1. p999999_trade_value,7560.000000000001,7560.000000000001,1.0,1.0,1.0,0.75,1. ABOVE BASELINE,1.0,1.0,1.0
TRVI,Medical,Medical - Biomedical and Genetics,15__0,15,0.0,1. p999999_trade_value,100000.0,100000.0,0.0,1.0,0.0,0.75,2. BELOW BASELINE,0.0,1.0,0.0
TRVI,Medical,Medical - Biomedical and Genetics,15__0,15,0.0,6. p95_trade_value,28000.0,24800.0,0.0,2.0,0.0,0.75,2. BELOW BASELINE,0.0,3.0,0.0
TRVI,Medical,Medical - Biomedical and Genetics,15__0,15,0.0,7. p90_trade_value,23079.0,16050.0,1.0,3.0,0.3333333333333333,0.75,2. BELOW BASELINE,1.0,6.0,0.16666666666666666
TRVI,Medical,Medical - Biomedical and Genetics,15__0,15,0.0,8. p75_trade_value,15000.0,9000.0,1.0,8.0,0.125,0.75,2. BELOW BASELINE,2.0,14.0,0.14285714285714285
TSHA,Medical,Medical - Generic Drugs,0__2,0,2.0,1. p999999_trade_value,5700.0,5700.0,1.0,1.0,1.0,0.75,1. ABOVE BASELINE,1.0,1.0,1.0
TVTX,Medical,Medical - Biomedical and Genetics,15__0,15,0.0,1. p999999_trade_value,45000.0,45000.0,0.0,1.0,0.0,0.75,2. BELOW BASELINE,0.0,1.0,0.0
TVTX,Medical,Medical - Biomedical and Genetics,15__0,15,0.0,6. p95_trade_value,19725.0,18000.0,1.0,2.0,0.5,0.75,2. BELOW BASELINE,1.0,3.0,0.3333333333333333
TVTX,Medical,Medical - Biomedical and Genetics,15__0,15,0.0,7. p90_trade_value,14400.0,9900.0,1.0,3.0,0.3333333333333333,0.75,2. BELOW BASELINE,2.0,6.0,0.3333333333333333
TVTX,Medical,Medical - Biomedical and Genetics,15__0,15,0.0,8. p75_trade_value,9000.0,7289.999999999999,3.0,7.0,0.42857142857142855,0.75,2. BELOW BASELINE,5.0,13.0,0.38461538461538464
TWST,Medical,Medical - Biomedical and Genetics,15__0,15,0.0,1. p999999_trade_value,375000.0,375000.0,1.0,1.0,1.0,0.75,1. ABOVE BASELINE,1.0,1.0,1.0
TWST,Medical,Medical - Biomedical and Genetics,15__0,15,0.0,6. p95_trade_value,45000.0,32120.000000000004,1.0,2.0,0.5,0.75,2. BELOW BASELINE,2.0,3.0,0.6666666666666666
TWST,Medical,Medical - Biomedical and Genetics,15__0,15,0.0,7. p90_trade_value,16875.0,12250.000000000002,2.0,3.0,0.6666666666666666,0.75,2. BELOW BASELINE,4.0,6.0,0.6666666666666666
TWST,Medical,Medical - Biomedical and Genetics,15__0,15,0.0,8. p75_trade_value,12000.0,7350.0,5.0,8.0,0.625,0.75,2. BELOW BASELINE,9.0,14.0,0.6428571428571429
TXG,Medical,Medical Info Systems,15__0,15,0.0,1. p999999_trade_value,41510.0,41510.0,0.0,1.0,0.0,0.75,2. BELOW BASELINE,0.0,1.0,0.0
TXG,Medical,Medical Info Systems,15__0,15,0.0,7. p90_trade_value,16740.0,16740.0,0.0,1.0,0.0,0.75,2. BELOW BASELINE,0.0,2.0,0.0
TXG,Medical,Medical Info Systems,15__0,15,0.0,8. p75_trade_value,16000.0,14879.999999999998,1.0,3.0,0.3333333333333333,0.75,2. BELOW BASELINE,1.0,5.0,0.2
TYRA,Medical,Medical - Biomedical and Genetics,10__3,10,3.0,1. p999999_trade_value,295000.0,295000.0,1.0,1.0,1.0,0.75,1. ABOVE BASELINE,1.0,1.0,1.0
TYRA,Medical,Medical - Biomedical and Genetics,10__3,10,3.0,8. p75_trade_value,164000.0,142500.0,0.0,2.0,0.0,0.75,2. BELOW BASELINE,1.0,3.0,0.3333333333333333
UHS,Medical,Medical - Hospital,25__2,25,2.0,1. p999999_trade_value,1569000.0,1569000.0,0.0,1.0,0.0,0.75,2. BELOW BASELINE,0.0,1.0,0.0
UHS,Medical,Medical - Hospital,25__2,25,2.0,5. p99_trade_value,930020.0000000001,862950.0,1.0,6.0,0.16666666666666666,0.75,2. BELOW BASELINE,1.0,7.0,0.14285714285714285
UHS,Medical,Medical - Hospital,25__2,25,2.0,6. p95_trade_value,808500.0000000001,42140.0,12.0,21.0,0.5714285714285714,0.75,2. BELOW BASELINE,13.0,28.0,0.4642857142857143
UHS,Medical,Medical - Hospital,25__2,25,2.0,7. p90_trade_value,41760.0,20880.0,15.0,27.0,0.5555555555555556,0.75,2. BELOW BASELINE,28.0,55.0,0.509090909090909
UHS,Medical,Medical - Hospital,25__2,25,2.0,8. p75_trade_value,20828.0,9040.0,55.0,82.0,0.6707317073170732,0.75,2. BELOW BASELINE,83.0,137.0,0.6058394160583942
UNH,Medical,Medical - HMOs,50__3,50,3.0,1. p999999_trade_value,1591795.0,1591795.0,1.0,1.0,1.0,0.75,2. BELOW BASELINE,1.0,1.0,1.0
UNH,Medical,Medical - HMOs,50__3,50,3.0,3. p9999_trade_value,1426503.0,565000.0,5.0,8.0,0.625,0.75,2. BELOW BASELINE,6.0,9.0,0.6666666666666666
UNH,Medical,Medical - HMOs,50__3,50,3.0,4. p999_trade_value,552000.0,229104.0,60.0,74.0,0.8108108108108109,0.75,2. BELOW BASELINE,66.0,83.0,0.7951807228915663
UNH,Medical,Medical - HMOs,50__3,50,3.0,5. p99_trade_value,227500.0,69450.0,437.0,746.0,0.5857908847184986,0.75,2. BELOW BASELINE,503.0,829.0,0.6067551266586249
UNH,Medical,Medical - HMOs,50__3,50,3.0,6. p95_trade_value,69375.0,25900.0,1611.0,3316.0,0.48582629674306393,0.75,2. BELOW BASELINE,2114.0,4145.0,0.5100120627261762
UNH,Medical,Medical - HMOs,50__3,50,3.0,7. p90_trade_value,25884.999999999996,16195.000000000002,1868.0,4141.0,0.4510987684134267,0.75,2. BELOW BASELINE,3982.0,8286.0,0.4805696355298093
UNH,Medical,Medical - HMOs,50__3,50,3.0,8. p75_trade_value,16190.0,8625.0,5825.0,12441.0,0.46820995096857165,0.75,2. BELOW BASELINE,9807.0,20727.0,0.47315096251266464
URGN,Medical,Medical - Biomedical and Genetics,25__0,25,0.0,1. p999999_trade_value,165000.00000000003,165000.00000000003,1.0,1.0,1.0,0.75,1. ABOVE BASELINE,1.0,1.0,1.0
URGN,Medical,Medical - Biomedical and Genetics,25__0,25,0.0,5. p99_trade_value,51150.00000000001,30060.000000000004,3.0,4.0,0.75,0.75,1. ABOVE BASELINE,4.0,5.0,0.8
URGN,Medical,Medical - Biomedical and Genetics,25__0,25,0.0,6. p95_trade_value,26789.999999999996,15625.0,15.0,19.0,0.7894736842105263,0.75,1. ABOVE BASELINE,19.0,24.0,0.7916666666666666
URGN,Medical,Medical - Biomedical and Genetics,25__0,25,0.0,7. p90_trade_value,15525.0,11550.000000000002,16.0,24.0,0.6666666666666666,0.75,2. BELOW BASELINE,35.0,48.0,0.7291666666666666
URGN,Medical,Medical - Biomedical and Genetics,25__0,25,0.0,8. p75_trade_value,11340.0,8500.0,58.0,75.0,0.7733333333333333,0.75,2. BELOW BASELINE,93.0,123.0,0.7560975609756098
USNA,Medical,Medical - Drugs,0__2,0,2.0,1. p999999_trade_value,5000.0,5000.0,0.0,1.0,0.0,0.75,2. BELOW BASELINE,0.0,1.0,0.0
USPH,Medical,Medical - Outpatient and Home Healthcare,10__0,10,0.0,1. p999999_trade_value,8000.0,8000.0,0.0,1.0,0.0,0.75,2. BELOW BASELINE,0.0,1.0,0.0
USPH,Medical,Medical - Outpatient and Home Healthcare,10__0,10,0.0,8. p75_trade_value,7789.999999999999,7200.0,0.0,2.0,0.0,0.75,2. BELOW BASELINE,0.0,3.0,0.0
UTHR,Medical,Medical - Drugs,20__1,20,1.0,1. p999999_trade_value,220000.0,220000.0,1.0,1.0,1.0,0.75,1. ABOVE BASELINE,1.0,1.0,1.0
UTHR,Medical,Medical - Drugs,20__1,20,1.0,6. p95_trade_value,201000.0,70560.0,2.0,4.0,0.5,0.75,2. BELOW BASELINE,3.0,5.0,0.6
UTHR,Medical,Medical - Drugs,20__1,20,1.0,7. p90_trade_value,46060.0,17939.999999999996,4.0,5.0,0.8,0.75,2. BELOW BASELINE,7.0,10.0,0.7
UTHR,Medical,Medical - Drugs,20__1,20,1.0,8. p75_trade_value,15600.0,10080.0,3.0,15.0,0.2,0.75,2. BELOW BASELINE,10.0,25.0,0.4
VCEL,Medical,Medical - Biomedical and Genetics,15__0,15,0.0,1. p999999_trade_value,56000.0,56000.0,1.0,1.0,1.0,0.75,1. ABOVE BASELINE,1.0,1.0,1.0
VCEL,Medical,Medical - Biomedical and Genetics,15__0,15,0.0,6. p95_trade_value,52360.0,52360.0,1.0,1.0,1.0,0.75,1. ABOVE BASELINE,2.0,2.0,1.0
VCEL,Medical,Medical - Biomedical and Genetics,15__0,15,0.0,7. p90_trade_value,50000.0,43000.0,2.0,2.0,1.0,0.75,1. ABOVE BASELINE,4.0,4.0,1.0
VCEL,Medical,Medical - Biomedical and Genetics,15__0,15,0.0,8. p75_trade_value,37500.0,17755.0,5.0,6.0,0.8333333333333334,0.75,1. ABOVE BASELINE,9.0,10.0,0.9
VCYT,Medical,Medical - Instruments,15__0,15,0.0,1. p999999_trade_value,100000.0,100000.0,0.0,1.0,0.0,0.75,2. BELOW BASELINE,0.0,1.0,0.0
VCYT,Medical,Medical - Instruments,15__0,15,0.0,6. p95_trade_value,18760.0,13760.0,1.0,2.0,0.5,0.75,2. BELOW BASELINE,1.0,3.0,0.3333333333333333
VCYT,Medical,Medical - Instruments,15__0,15,0.0,7. p90_trade_value,13440.0,13420.000000000002,0.0,2.0,0.0,0.75,2. BELOW BASELINE,1.0,5.0,0.2
VCYT,Medical,Medical - Instruments,15__0,15,0.0,8. p75_trade_value,12480.000000000002,7030.0,2.0,6.0,0.3333333333333333,0.75,2. BELOW BASELINE,3.0,11.0,0.2727272727272727
VEEV,Medical,Medical Info Systems,35__0,35,0.0,1. p999999_trade_value,218625.0,218625.0,0.0,1.0,0.0,0.75,2. BELOW BASELINE,0.0,1.0,0.0
VEEV,Medical,Medical Info Systems,35__0,35,0.0,4. p999_trade_value,173138.0,173138.0,0.0,1.0,0.0,0.75,2. BELOW BASELINE,0.0,2.0,0.0
VEEV,Medical,Medical Info Systems,35__0,35,0.0,5. p99_trade_value,160000.0,43260.0,7.0,18.0,0.3888888888888889,0.75,2. BELOW BASELINE,7.0,20.0,0.35
VEEV,Medical,Medical Info Systems,35__0,35,0.0,6. p95_trade_value,42900.0,20139.999999999996,34.0,77.0,0.44155844155844154,0.75,2. BELOW BASELINE,41.0,97.0,0.422680412371134
VEEV,Medical,Medical Info Systems,35__0,35,0.0,7. p90_trade_value,19800.0,13716.0,42.0,97.0,0.4329896907216495,0.75,2. BELOW BASELINE,83.0,194.0,0.42783505154639173
VEEV,Medical,Medical Info Systems,35__0,35,0.0,8. p75_trade_value,13695.000000000002,7830.000000000001,156.0,290.0,0.5379310344827586,0.75,2. BELOW BASELINE,239.0,484.0,0.493801652892562
VERA,Medical,Medical - Biomedical and Genetics,25__0,25,0.0,1. p999999_trade_value,1200000.0,1200000.0,1.0,1.0,1.0,0.75,2. BELOW BASELINE,1.0,1.0,1.0
VERA,Medical,Medical - Biomedical and Genetics,25__0,25,0.0,5. p99_trade_value,450000.0,110700.0,1.0,2.0,0.5,0.75,2. BELOW BASELINE,2.0,3.0,0.6666666666666666
VERA,Medical,Medical - Biomedical and Genetics,25__0,25,0.0,6. p95_trade_value,105000.0,39000.0,5.0,9.0,0.5555555555555556,0.75,2. BELOW BASELINE,7.0,12.0,0.5833333333333334
VERA,Medical,Medical - Biomedical and Genetics,25__0,25,0.0,7. p90_trade_value,38000.0,21800.0,5.0,12.0,0.4166666666666667,0.75,2. BELOW BASELINE,12.0,24.0,0.5
VERA,Medical,Medical - Biomedical and Genetics,25__0,25,0.0,8. p75_trade_value,21000.0,9720.0,22.0,36.0,0.6111111111111112,0.75,2. BELOW BASELINE,34.0,60.0,0.5666666666666667
VERU,Medical,Medical - Products,15__0,15,0.0,1. p999999_trade_value,17216.0,17216.0,0.0,1.0,0.0,0.75,2. BELOW BASELINE,0.0,1.0,0.0
VERU,Medical,Medical - Products,15__0,15,0.0,6. p95_trade_value,10192.000000000002,10192.000000000002,0.0,1.0,0.0,0.75,2. BELOW BASELINE,0.0,2.0,0.0
VERU,Medical,Medical - Products,15__0,15,0.0,7. p90_trade_value,10010.0,10010.0,1.0,1.0,1.0,0.75,2. BELOW BASELINE,1.0,3.0,0.3333333333333333
VERU,Medical,Medical - Products,15__0,15,0.0,8. p75_trade_value,9984.0,5075.0,3.0,5.0,0.6,0.75,2. BELOW BASELINE,4.0,8.0,0.5
VERV,Medical,Medical - Drugs,10__0,10,0.0,1. p999999_trade_value,13100.0,13100.0,1.0,1.0,1.0,0.75,1. ABOVE BASELINE,1.0,1.0,1.0
VERV,Medical,Medical - Drugs,10__0,10,0.0,8. p75_trade_value,9930.000000000002,9930.000000000002,0.0,1.0,0.0,0.75,2. BELOW BASELINE,1.0,2.0,0.5
VIR,Medical,Medical - Biomedical and Genetics,15__0,15,0.0,1. p999999_trade_value,50000.0,50000.0,1.0,1.0,1.0,0.75,1. ABOVE BASELINE,1.0,1.0,1.0
VIR,Medical,Medical - Biomedical and Genetics,15__0,15,0.0,6. p95_trade_value,15760.000000000002,12000.0,0.0,3.0,0.0,0.75,2. BELOW BASELINE,1.0,4.0,0.25
VIR,Medical,Medical - Biomedical and Genetics,15__0,15,0.0,7. p90_trade_value,11440.0,11440.0,0.0,1.0,0.0,0.75,2. BELOW BASELINE,1.0,5.0,0.2
VIR,Medical,Medical - Biomedical and Genetics,15__0,15,0.0,8. p75_trade_value,9900.0,7909.999999999999,4.0,7.0,0.5714285714285714,0.75,2. BELOW BASELINE,5.0,12.0,0.4166666666666667
VKTX,Medical,Medical - Biomedical and Genetics,40__0,40,0.0,1. p999999_trade_value,1340000.0,1340000.0,1.0,1.0,1.0,0.75,2. BELOW BASELINE,1.0,1.0,1.0
VKTX,Medical,Medical - Biomedical and Genetics,40__0,40,0.0,4. p999_trade_value,738000.0,200000.0,3.0,8.0,0.375,0.75,2. BELOW BASELINE,4.0,9.0,0.4444444444444444
VKTX,Medical,Medical - Biomedical and Genetics,40__0,40,0.0,5. p99_trade_value,186000.0,60000.0,26.0,77.0,0.33766233766233766,0.75,2. BELOW BASELINE,30.0,86.0,0.3488372093023256
VKTX,Medical,Medical - Biomedical and Genetics,40__0,40,0.0,6. p95_trade_value,59400.0,24900.000000000004,128.0,340.0,0.3764705882352941,0.75,2. BELOW BASELINE,158.0,426.0,0.37089201877934275
VKTX,Medical,Medical - Biomedical and Genetics,40__0,40,0.0,7. p90_trade_value,24830.0,16000.0,172.0,434.0,0.39631336405529954,0.75,2. BELOW BASELINE,330.0,860.0,0.38372093023255816
VKTX,Medical,Medical - Biomedical and Genetics,40__0,40,0.0,8. p75_trade_value,15990.0,8910.0,505.0,1266.0,0.3988941548183254,0.75,2. BELOW BASELINE,835.0,2126.0,0.3927563499529633
VNDA,Medical,Medical - Biomedical and Genetics,5__0,5,0.0,1. p999999_trade_value,6370.0,6370.0,1.0,1.0,1.0,0.75,1. ABOVE BASELINE,1.0,1.0,1.0
VRDN,Medical,Medical - Biomedical and Genetics,20__0,20,0.0,1. p999999_trade_value,109720.0,109720.0,1.0,1.0,1.0,0.75,1. ABOVE BASELINE,1.0,1.0,1.0
VRDN,Medical,Medical - Biomedical and Genetics,20__0,20,0.0,6. p95_trade_value,53580.00000000001,18660.0,2.0,3.0,0.6666666666666666,0.75,2. BELOW BASELINE,3.0,4.0,0.75
VRDN,Medical,Medical - Biomedical and Genetics,20__0,20,0.0,7. p90_trade_value,18000.0,14700.0,1.0,3.0,0.3333333333333333,0.75,2. BELOW BASELINE,4.0,7.0,0.5714285714285714
VRDN,Medical,Medical - Biomedical and Genetics,20__0,20,0.0,8. p75_trade_value,14619.999999999998,9000.0,8.0,9.0,0.8888888888888888,0.75,2. BELOW BASELINE,12.0,16.0,0.75
VRNA,Medical,Medical - Biomedical and Genetics,30__1,30,1.0,1. p999999_trade_value,1275600.0,1275600.0,2.0,2.0,1.0,0.75,2. BELOW BASELINE,2.0,2.0,1.0
VRNA,Medical,Medical - Biomedical and Genetics,30__1,30,1.0,5. p99_trade_value,1125600.0,135120.0,3.0,11.0,0.2727272727272727,0.75,2. BELOW BASELINE,5.0,13.0,0.38461538461538464
VRNA,Medical,Medical - Biomedical and Genetics,30__1,30,1.0,6. p95_trade_value,135000.0,37620.0,23.0,49.0,0.46938775510204084,0.75,2. BELOW BASELINE,28.0,62.0,0.45161290322580644
VRNA,Medical,Medical - Biomedical and Genetics,30__1,30,1.0,7. p90_trade_value,37595.00000000001,24095.999999999996,9.0,62.0,0.14516129032258066,0.75,2. BELOW BASELINE,37.0,124.0,0.29838709677419356
VRNA,Medical,Medical - Biomedical and Genetics,30__1,30,1.0,8. p75_trade_value,23980.0,12500.0,58.0,189.0,0.30687830687830686,0.75,2. BELOW BASELINE,95.0,313.0,0.3035143769968051
VRTX,Medical,Medical - Biomedical and Genetics,35__0,35,0.0,1. p999999_trade_value,475000.0,475000.0,1.0,1.0,1.0,0.75,1. ABOVE BASELINE,1.0,1.0,1.0
VRTX,Medical,Medical - Biomedical and Genetics,35__0,35,0.0,4. p999_trade_value,339200.0,231750.0,3.0,4.0,0.75,0.75,1. ABOVE BASELINE,4.0,5.0,0.8
VRTX,Medical,Medical - Biomedical and Genetics,35__0,35,0.0,5. p99_trade_value,210000.0,46979.99999999999,28.0,39.0,0.717948717948718,0.75,2. BELOW BASELINE,32.0,44.0,0.7272727272727273
VRTX,Medical,Medical - Biomedical and Genetics,35__0,35,0.0,6. p95_trade_value,46900.0,23070.0,118.0,173.0,0.6820809248554913,0.75,2. BELOW BASELINE,150.0,217.0,0.6912442396313364
VRTX,Medical,Medical - Biomedical and Genetics,35__0,35,0.0,7. p90_trade_value,23000.0,16500.0,142.0,218.0,0.6513761467889908,0.75,2. BELOW BASELINE,292.0,435.0,0.671264367816092
VRTX,Medical,Medical - Biomedical and Genetics,35__0,35,0.0,8. p75_trade_value,16470.0,8730.0,362.0,648.0,0.558641975308642,0.75,2. BELOW BASELINE,654.0,1083.0,0.6038781163434903
VSTM,Medical,Medical - Biomedical and Genetics,15__0,15,0.0,1. p999999_trade_value,14250.0,14250.0,0.0,1.0,0.0,0.75,2. BELOW BASELINE,0.0,1.0,0.0
VSTM,Medical,Medical - Biomedical and Genetics,15__0,15,0.0,6. p95_trade_value,10560.0,10560.0,1.0,1.0,1.0,0.75,2. BELOW BASELINE,1.0,2.0,0.5
VSTM,Medical,Medical - Biomedical and Genetics,15__0,15,0.0,7. p90_trade_value,10000.0,10000.0,0.0,1.0,0.0,0.75,2. BELOW BASELINE,1.0,3.0,0.3333333333333333
VSTM,Medical,Medical - Biomedical and Genetics,15__0,15,0.0,8. p75_trade_value,9950.0,7594.999999999999,3.0,4.0,0.75,0.75,2. BELOW BASELINE,4.0,7.0,0.5714285714285714
VTRS,Medical,Medical Services,15__0,15,0.0,1. p999999_trade_value,77952.0,77952.0,1.0,1.0,1.0,0.75,1. ABOVE BASELINE,1.0,1.0,1.0
VTRS,Medical,Medical Services,15__0,15,0.0,6. p95_trade_value,54000.0,53707.99999999999,1.0,2.0,0.5,0.75,2. BELOW BASELINE,2.0,3.0,0.6666666666666666
VTRS,Medical,Medical Services,15__0,15,0.0,7. p90_trade_value,45000.0,29568.0,0.0,2.0,0.0,0.75,2. BELOW BASELINE,2.0,5.0,0.4
VTRS,Medical,Medical Services,15__0,15,0.0,8. p75_trade_value,25000.0,9700.0,2.0,7.0,0.2857142857142857,0.75,2. BELOW BASELINE,4.0,12.0,0.3333333333333333
VTYX,Medical,Medical - Biomedical and Genetics,10__0,10,0.0,1. p999999_trade_value,12400.0,12400.0,0.0,1.0,0.0,0.75,2. BELOW BASELINE,0.0,1.0,0.0
VTYX,Medical,Medical - Biomedical and Genetics,10__0,10,0.0,8. p75_trade_value,10000.0,10000.0,0.0,1.0,0.0,0.75,2. BELOW BASELINE,0.0,2.0,0.0
VXRT,Medical,Medical - Drugs,5__0,5,0.0,1. p999999_trade_value,4920.0,4920.0,0.0,1.0,0.0,0.75,2. BELOW BASELINE,0.0,1.0,0.0
VYGR,Medical,Medical - Biomedical and Genetics,5__0,5,0.0,1. p999999_trade_value,13500.0,13500.0,0.0,1.0,0.0,0.75,2. BELOW BASELINE,0.0,1.0,0.0
VYGR,Medical,Medical - Biomedical and Genetics,5__0,5,0.0,8. p75_trade_value,12750.000000000002,12750.000000000002,0.0,1.0,0.0,0.75,2. BELOW BASELINE,0.0,2.0,0.0
WAT,Medical,Medical - Instruments,25__2,25,2.0,1. p999999_trade_value,475000.0,475000.0,0.0,1.0,0.0,0.75,2. BELOW BASELINE,0.0,1.0,0.0
WAT,Medical,Medical - Instruments,25__2,25,2.0,5. p99_trade_value,367999.99999999994,220800.0,1.0,2.0,0.5,0.75,2. BELOW BASELINE,1.0,3.0,0.3333333333333333
WAT,Medical,Medical - Instruments,25__2,25,2.0,6. p95_trade_value,211500.0,45725.0,8.0,8.0,1.0,0.75,2. BELOW BASELINE,9.0,11.0,0.8181818181818182
WAT,Medical,Medical - Instruments,25__2,25,2.0,7. p90_trade_value,38976.0,27047.999999999996,7.0,10.0,0.7,0.75,2. BELOW BASELINE,16.0,21.0,0.7619047619047619
WAT,Medical,Medical - Instruments,25__2,25,2.0,8. p75_trade_value,26550.0,10500.0,19.0,32.0,0.59375,0.75,2. BELOW BASELINE,35.0,53.0,0.660377358490566
WGS,Medical,Medical Services,35__2,35,2.0,1. p999999_trade_value,1080000.0,1080000.0,1.0,1.0,1.0,0.75,2. BELOW BASELINE,1.0,1.0,1.0
WGS,Medical,Medical Services,35__2,35,2.0,4. p999_trade_value,570000.0,485639.99999999994,1.0,2.0,0.5,0.75,2. BELOW BASELINE,2.0,3.0,0.6666666666666666
WGS,Medical,Medical Services,35__2,35,2.0,5. p99_trade_value,306600.0,70000.0,12.0,21.0,0.5714285714285714,0.75,2. BELOW BASELINE,14.0,24.0,0.5833333333333334
WGS,Medical,Medical Services,35__2,35,2.0,6. p95_trade_value,69750.0,30800.0,51.0,93.0,0.5483870967741935,0.75,2. BELOW BASELINE,65.0,117.0,0.5555555555555556
WGS,Medical,Medical Services,35__2,35,2.0,7. p90_trade_value,30525.0,17746.0,79.0,117.0,0.6752136752136753,0.75,2. BELOW BASELINE,144.0,234.0,0.6153846153846154
WGS,Medical,Medical Services,35__2,35,2.0,8. p75_trade_value,17685.0,8856.0,224.0,351.0,0.6381766381766382,0.75,2. BELOW BASELINE,368.0,585.0,0.629059829059829
WST,Medical,Medical - Dental Supplies,25__0,25,0.0,1. p999999_trade_value,631200.0,631200.0,1.0,1.0,1.0,0.75,1. ABOVE BASELINE,1.0,1.0,1.0
WST,Medical,Medical - Dental Supplies,25__0,25,0.0,5. p99_trade_value,494000.0,103500.0,2.0,3.0,0.6666666666666666,0.75,2. BELOW BASELINE,3.0,4.0,0.75
WST,Medical,Medical - Dental Supplies,25__0,25,0.0,6. p95_trade_value,99600.00000000001,25000.0,14.0,16.0,0.875,0.75,2. BELOW BASELINE,17.0,20.0,0.85
WST,Medical,Medical - Dental Supplies,25__0,25,0.0,7. p90_trade_value,24500.000000000004,15260.0,7.0,20.0,0.35,0.75,2. BELOW BASELINE,24.0,40.0,0.6
WST,Medical,Medical - Dental Supplies,25__0,25,0.0,8. p75_trade_value,15100.0,11310.0,44.0,56.0,0.7857142857142857,0.75,2. BELOW BASELINE,68.0,96.0,0.7083333333333334
WVE,Medical,Medical - Biomedical and Genetics,20__0,20,0.0,1. p999999_trade_value,92040.0,92040.0,0.0,1.0,0.0,0.75,2. BELOW BASELINE,0.0,1.0,0.0
WVE,Medical,Medical - Biomedical and Genetics,20__0,20,0.0,5. p99_trade_value,76350.0,76350.0,0.0,1.0,0.0,0.75,2. BELOW BASELINE,0.0,2.0,0.0
WVE,Medical,Medical - Biomedical and Genetics,20__0,20,0.0,6. p95_trade_value,42130.0,15000.0,0.0,5.0,0.0,0.75,2. BELOW BASELINE,0.0,7.0,0.0
WVE,Medical,Medical - Biomedical and Genetics,20__0,20,0.0,7. p90_trade_value,14940.0,12919.999999999998,2.0,6.0,0.3333333333333333,0.75,2. BELOW BASELINE,2.0,13.0,0.15384615384615385
WVE,Medical,Medical - Biomedical and Genetics,20__0,20,0.0,8. p75_trade_value,12719.999999999998,7500.0,5.0,20.0,0.25,0.75,2. BELOW BASELINE,7.0,33.0,0.21212121212121213
XENE,Medical,Medical - Biomedical and Genetics,15__1,15,1.0,1. p999999_trade_value,490000.0,490000.0,1.0,1.0,1.0,0.75,1. ABOVE BASELINE,1.0,1.0,1.0
XENE,Medical,Medical - Biomedical and Genetics,15__1,15,1.0,6. p95_trade_value,210000.0,210000.0,0.0,1.0,0.0,0.75,2. BELOW BASELINE,1.0,2.0,0.5
XENE,Medical,Medical - Biomedical and Genetics,15__1,15,1.0,7. p90_trade_value,160000.0,160000.0,1.0,1.0,1.0,0.75,2. BELOW BASELINE,2.0,3.0,0.6666666666666666
XENE,Medical,Medical - Biomedical and Genetics,15__1,15,1.0,8. p75_trade_value,87500.0,70000.0,4.0,4.0,1.0,0.75,2. BELOW BASELINE,6.0,7.0,0.8571428571428571
XERS,Medical,Medical - Drugs,5__0,5,0.0,1. p999999_trade_value,5200.0,5200.0,1.0,1.0,1.0,0.75,1. ABOVE BASELINE,1.0,1.0,1.0
XFOR,Medical,Medical - Biomedical and Genetics,10__0,10,0.0,1. p999999_trade_value,7455.0,7455.0,0.0,1.0,0.0,0.75,2. BELOW BASELINE,0.0,1.0,0.0
XFOR,Medical,Medical - Biomedical and Genetics,10__0,10,0.0,8. p75_trade_value,6000.0,6000.0,0.0,1.0,0.0,0.75,2. BELOW BASELINE,0.0,2.0,0.0
XRAY,Medical,Medical - Dental Supplies,15__0,15,0.0,1. p999999_trade_value,15000.0,15000.0,0.0,1.0,0.0,0.75,2. BELOW BASELINE,0.0,1.0,0.0
XRAY,Medical,Medical - Dental Supplies,15__0,15,0.0,6. p95_trade_value,10600.0,10600.0,0.0,1.0,0.0,0.75,2. BELOW BASELINE,0.0,2.0,0.0
XRAY,Medical,Medical - Dental Supplies,15__0,15,0.0,7. p90_trade_value,10000.0,10000.0,0.0,1.0,0.0,0.75,2. BELOW BASELINE,0.0,3.0,0.0
XRAY,Medical,Medical - Dental Supplies,15__0,15,0.0,8. p75_trade_value,7540.000000000001,5580.0,0.0,3.0,0.0,0.75,2. BELOW BASELINE,0.0,6.0,0.0
YMAB,Medical,Medical - Biomedical and Genetics,0__2,0,2.0,1. p999999_trade_value,3069.0,3069.0,0.0,1.0,0.0,0.75,2. BELOW BASELINE,0.0,1.0,0.0
ZBH,Medical,Medical - Products,20__1,20,1.0,1. p999999_trade_value,385560.00000000006,385560.00000000006,1.0,1.0,1.0,0.75,1. ABOVE BASELINE,1.0,1.0,1.0
ZBH,Medical,Medical - Products,20__1,20,1.0,6. p95_trade_value,190888.0,43500.0,3.0,4.0,0.75,0.75,1. ABOVE BASELINE,4.0,5.0,0.8
ZBH,Medical,Medical - Products,20__1,20,1.0,7. p90_trade_value,38670.0,22950.0,3.0,5.0,0.6,0.75,2. BELOW BASELINE,7.0,10.0,0.7
ZBH,Medical,Medical - Products,20__1,20,1.0,8. p75_trade_value,18260.000000000004,9750.0,12.0,15.0,0.8,0.75,2. BELOW BASELINE,19.0,25.0,0.76
ZIMV,Medical,Medical - Products,5__3,5,3.0,1. p999999_trade_value,20000.0,20000.0,0.0,1.0,0.0,0.75,2. BELOW BASELINE,0.0,1.0,0.0
ZLAB,Medical,Medical - Biomedical and Genetics,15__0,15,0.0,1. p999999_trade_value,30600.0,30600.0,0.0,1.0,0.0,0.75,2. BELOW BASELINE,0.0,1.0,0.0
ZLAB,Medical,Medical - Biomedical and Genetics,15__0,15,0.0,6. p95_trade_value,24800.0,24800.0,0.0,1.0,0.0,0.75,2. BELOW BASELINE,0.0,2.0,0.0
ZLAB,Medical,Medical - Biomedical and Genetics,15__0,15,0.0,7. p90_trade_value,11599.999999999998,11599.999999999998,1.0,1.0,1.0,0.75,2. BELOW BASELINE,1.0,3.0,0.3333333333333333
ZLAB,Medical,Medical - Biomedical and Genetics,15__0,15,0.0,8. p75_trade_value,7000.0,5250.0,2.0,5.0,0.4,0.75,2. BELOW BASELINE,3.0,8.0,0.375
ZNTL,Medical,Medical - Biomedical and Genetics,15__0,15,0.0,1. p999999_trade_value,9310.0,9310.0,1.0,1.0,1.0,0.75,1. ABOVE BASELINE,1.0,1.0,1.0
ZNTL,Medical,Medical - Biomedical and Genetics,15__0,15,0.0,7. p90_trade_value,9250.0,9250.0,1.0,1.0,1.0,0.75,1. ABOVE BASELINE,2.0,2.0,1.0
ZNTL,Medical,Medical - Biomedical and Genetics,15__0,15,0.0,8. p75_trade_value,6000.0,5505.0,2.0,3.0,0.6666666666666666,0.75,2. BELOW BASELINE,4.0,5.0,0.8
ZTS,Medical,Medical - Drugs,30__0,30,0.0,1. p999999_trade_value,1150500.0,1150500.0,1.0,1.0,1.0,0.75,1. ABOVE BASELINE,1.0,1.0,1.0
ZTS,Medical,Medical - Drugs,30__0,30,0.0,4. p999_trade_value,880000.0,880000.0,1.0,1.0,1.0,0.75,1. ABOVE BASELINE,2.0,2.0,1.0
ZTS,Medical,Medical - Drugs,30__0,30,0.0,5. p99_trade_value,663000.0,219780.00000000003,6.0,10.0,0.6,0.75,2. BELOW BASELINE,8.0,12.0,0.6666666666666666
ZTS,Medical,Medical - Drugs,30__0,30,0.0,6. p95_trade_value,218540.0,27000.0,21.0,46.0,0.45652173913043476,0.75,2. BELOW BASELINE,29.0,58.0,0.5
ZTS,Medical,Medical - Drugs,30__0,30,0.0,7. p90_trade_value,26880.0,16170.000000000002,30.0,57.0,0.5263157894736842,0.75,2. BELOW BASELINE,59.0,115.0,0.5130434782608696
ZTS,Medical,Medical - Drugs,30__0,30,0.0,8. p75_trade_value,16125.0,8835.0,74.0,171.0,0.4327485380116959,0.75,2. BELOW BASELINE,133.0,286.0,0.46503496503496505
ZVRA,Medical,Medical - Drugs,15__0,15,0.0,1. p999999_trade_value,13300.0,13300.0,0.0,1.0,0.0,0.75,2. BELOW BASELINE,0.0,1.0,0.0
ZVRA,Medical,Medical - Drugs,15__0,15,0.0,6. p95_trade_value,13000.0,13000.0,0.0,1.0,0.0,0.75,2. BELOW BASELINE,0.0,2.0,0.0
ZVRA,Medical,Medical - Drugs,15__0,15,0.0,7. p90_trade_value,10560.0,9980.000000000002,0.0,2.0,0.0,0.75,2. BELOW BASELINE,0.0,4.0,0.0
ZVRA,Medical,Medical - Drugs,15__0,15,0.0,8. p75_trade_value,9945.0,7500.0,1.0,6.0,0.16666666666666666,0.75,2. BELOW BASELINE,1.0,10.0,0.1
ZYME,Medical,Medical - Biomedical and Genetics,10__0,10,0.0,1. p999999_trade_value,11840.0,11840.0,1.0,1.0,1.0,0.75,1. ABOVE BASELINE,1.0,1.0,1.0
ZYME,Medical,Medical - Biomedical and Genetics,10__0,10,0.0,8. p75_trade_value,6720.0,6720.0,1.0,1.0,1.0,0.75,1. ABOVE BASELINE,2.0,2.0,1.0
