security,sector,industry,final_cluster,trade_volume_bin,cluster,trade_value_category,category_minimum,categiry_maximum,option_ticker,security_1,option_type,strike_price,expiration,conditions,correction,exchange,price,sip_timestamp,size,trade_value,data_date,option_condition_name,sector_1,industry_1,security_open,security_high,security_low,security_close,trade_rank,trade_value_log10,trade_value_bin,itm,itm_expiration_day,itm_expriation_close,otm
AMTM,Construction,Engineering - R and D Services,25__1,25,1.0,1. p999999_trade_value,390000.0,390000.0,O:AMTM241220C00025000,AMTM,C,25.0,2024-12-20,231,0,302,2.6,1733250638320000000,1500,390000.0,2024-12-03,Single Leg Floor Trade,Construction,Engineering - R and D Services,23.63,24.53,23.6151,24.27,1,5.5910646070264995,1,1,0,0,0
CHX,Construction,Engineering - R and D Services,0__0,0,0.0,1. p999999_trade_value,3375.0,3375.0,O:CHX241018P00030000,CHX,P,30.0,2024-10-18,209,0,320,0.45,1727190892446000000,75,3375.0,2024-09-24,Automatic Execution,Construction,Engineering - R and D Services,31.55,31.66,30.92,31.0,1,3.5282737771670436,1,1,1,1,0
FLR,Construction,Engineering - R and D Services,25__1,25,1.0,7. p90_trade_value,15540.0,24000.0,O:FLR240920C00050000,FLR,C,50.0,2024-09-20,229,0,308,0.85,1725371017348000000,200,17000.0,2024-09-03,Single Leg Cross Non ISO,Construction,Engineering - R and D Services,49.5,49.94,47.21,47.32,50,4.230448921378274,2,0,0,0,1
FLR,Construction,Engineering - R and D Services,25__1,25,1.0,8. p75_trade_value,8000.0,15500.0,O:FLR241018P00045000,FLR,P,45.0,2024-10-18,229,0,302,0.87,1726757092245000000,125,10875.0,2024-09-19,Single Leg Cross Non ISO,Construction,Engineering - R and D Services,47.11,47.4799,46.26,47.45,90,4.036429265626675,4,0,0,0,1
FLR,Construction,Engineering - R and D Services,25__1,25,1.0,7. p90_trade_value,15540.0,24000.0,O:FLR241115C00057500,FLR,C,57.5,2024-11-15,209,0,319,1.95,1729097419547000000,95,18525.0,2024-10-16,Automatic Execution,Construction,Engineering - R and D Services,51.26,55.75,51.155,54.61,44,4.267758216651366,2,1,0,0,0
FLR,Construction,Engineering - R and D Services,25__1,25,1.0,8. p75_trade_value,8000.0,15500.0,O:FLR241115C00057500,FLR,C,57.5,2024-11-15,209,0,301,1.05,1729087743433000000,80,8400.0,2024-10-16,Automatic Execution,Construction,Engineering - R and D Services,51.26,55.75,51.155,54.61,130,3.9242792860618816,5,1,0,0,0
FLR,Construction,Engineering - R and D Services,25__1,25,1.0,7. p90_trade_value,15540.0,24000.0,O:FLR241115C00057500,FLR,C,57.5,2024-11-15,209,0,323,0.95,1729087736246000000,187,17765.0,2024-10-16,Automatic Execution,Construction,Engineering - R and D Services,51.26,55.75,51.155,54.61,46,4.249565211825347,2,1,0,0,0
FLR,Construction,Engineering - R and D Services,25__1,25,1.0,8. p75_trade_value,8000.0,15500.0,O:FLR241115C00057500,FLR,C,57.5,2024-11-15,209,0,307,1.65,1729090054248000000,50,8250.0,2024-10-16,Automatic Execution,Construction,Engineering - R and D Services,51.26,55.75,51.155,54.61,134,3.916453948549925,5,1,0,0,0
FLR,Construction,Engineering - R and D Services,25__1,25,1.0,8. p75_trade_value,8000.0,15500.0,O:FLR241115C00057500,FLR,C,57.5,2024-11-15,209,0,316,1.75,1729091162457000000,46,8050.0,2024-10-16,Automatic Execution,Construction,Engineering - R and D Services,51.26,55.75,51.155,54.61,136,3.9057958803678687,5,1,0,0,0
FLR,Construction,Engineering - R and D Services,25__1,25,1.0,6. p95_trade_value,25000.0,177905.0,O:FLR241115C00057500,FLR,C,57.5,2024-11-15,219,0,300,1.05,1729087743432000000,282,29610.000000000004,2024-10-16,Intermarket Sweep Order,Construction,Engineering - R and D Services,51.26,55.75,51.155,54.61,26,4.471438407389299,1,1,0,0,0
FLR,Construction,Engineering - R and D Services,25__1,25,1.0,8. p75_trade_value,8000.0,15500.0,O:FLR241115C00057500,FLR,C,57.5,2024-11-15,219,0,308,2.55,1729107335250000000,44,11219.999999999998,2024-10-16,Intermarket Sweep Order,Construction,Engineering - R and D Services,51.26,55.75,51.155,54.61,84,4.049992856920142,3,1,0,0,0
FLR,Construction,Engineering - R and D Services,25__1,25,1.0,8. p75_trade_value,8000.0,15500.0,O:FLR241115C00057500,FLR,C,57.5,2024-11-15,209,0,319,1.65,1729090054248000000,72,11880.0,2024-10-16,Automatic Execution,Construction,Engineering - R and D Services,51.26,55.75,51.155,54.61,76,4.074816440645175,3,1,0,0,0
FLR,Construction,Engineering - R and D Services,25__1,25,1.0,8. p75_trade_value,8000.0,15500.0,O:FLR241115C00057500,FLR,C,57.5,2024-11-15,219,0,309,1.05,1729087743432000000,130,13650.0,2024-10-16,Intermarket Sweep Order,Construction,Engineering - R and D Services,51.26,55.75,51.155,54.61,68,4.135132651376775,3,1,0,0,0
FLR,Construction,Engineering - R and D Services,25__1,25,1.0,1. p999999_trade_value,759990.0,759990.0,O:FLR241115C00057500,FLR,C,57.5,2024-11-15,231,0,323,1.05,1729087795852000000,7238,759990.0,2024-10-16,Single Leg Floor Trade,Construction,Engineering - R and D Services,51.26,55.75,51.155,54.61,1,5.880807877842119,1,1,0,0,0
FLR,Construction,Engineering - R and D Services,25__1,25,1.0,8. p75_trade_value,8000.0,15500.0,O:FLR241115C00057500,FLR,C,57.5,2024-11-15,209,0,316,1.75,1729091174003000000,50,8750.0,2024-10-16,Automatic Execution,Construction,Engineering - R and D Services,51.26,55.75,51.155,54.61,123,3.942008053022313,5,1,0,0,0
FLR,Construction,Engineering - R and D Services,25__1,25,1.0,8. p75_trade_value,8000.0,15500.0,O:FLR241115C00057500,FLR,C,57.5,2024-11-15,209,0,323,1.5,1729089271505000000,60,9000.0,2024-10-16,Automatic Execution,Construction,Engineering - R and D Services,51.26,55.75,51.155,54.61,115,3.9542425094393248,5,1,0,0,0
FLR,Construction,Engineering - R and D Services,25__1,25,1.0,8. p75_trade_value,8000.0,15500.0,O:FLR241115C00057500,FLR,C,57.5,2024-11-15,227,0,323,1.84,1729090618463000000,50,9200.0,2024-10-16,Single Leg Auction Non ISO,Construction,Engineering - R and D Services,51.26,55.75,51.155,54.61,111,3.963787827345555,4,1,0,0,0
FLR,Construction,Engineering - R and D Services,25__1,25,1.0,8. p75_trade_value,8000.0,15500.0,O:FLR241115C00057500,FLR,C,57.5,2024-11-15,219,0,307,0.95,1729087736246000000,90,8550.0,2024-10-16,Intermarket Sweep Order,Construction,Engineering - R and D Services,51.26,55.75,51.155,54.61,127,3.931966114728173,5,1,0,0,0
FLR,Construction,Engineering - R and D Services,25__1,25,1.0,6. p95_trade_value,25000.0,177905.0,O:FLR241115C00057500,FLR,C,57.5,2024-11-15,209,0,320,1.95,1729094375473000000,199,38805.0,2024-10-16,Automatic Execution,Construction,Engineering - R and D Services,51.26,55.75,51.155,54.61,20,4.588887687772225,1,1,0,0,0
FLR,Construction,Engineering - R and D Services,25__1,25,1.0,6. p95_trade_value,25000.0,177905.0,O:FLR241115C00057500,FLR,C,57.5,2024-11-15,209,0,316,1.5,1729089271686000000,199,29850.0,2024-10-16,Automatic Execution,Construction,Engineering - R and D Services,51.26,55.75,51.155,54.61,25,4.474944335465388,1,1,0,0,0
FLR,Construction,Engineering - R and D Services,25__1,25,1.0,8. p75_trade_value,8000.0,15500.0,O:FLR241115C00057500,FLR,C,57.5,2024-11-15,235,0,301,1.5,1729089254039000000,98,14700.0,2024-10-16,Multi Leg floor trade,Construction,Engineering - R and D Services,51.26,55.75,51.155,54.61,62,4.1673173347481764,3,1,0,0,0
FLR,Construction,Engineering - R and D Services,25__1,25,1.0,8. p75_trade_value,8000.0,15500.0,O:FLR241115C00057500,FLR,C,57.5,2024-11-15,219,0,300,1.05,1729087743432000000,81,8505.0,2024-10-16,Intermarket Sweep Order,Construction,Engineering - R and D Services,51.26,55.75,51.155,54.61,128,3.929674317948588,5,1,0,0,0
FLR,Construction,Engineering - R and D Services,25__1,25,1.0,8. p75_trade_value,8000.0,15500.0,O:FLR241115C00057500,FLR,C,57.5,2024-11-15,209,0,313,1.55,1729089606925000000,95,14725.0,2024-10-16,Automatic Execution,Construction,Engineering - R and D Services,51.26,55.75,51.155,54.61,61,4.168055303459139,3,1,0,0,0
FLR,Construction,Engineering - R and D Services,25__1,25,1.0,8. p75_trade_value,8000.0,15500.0,O:FLR241115C00060000,FLR,C,60.0,2024-11-15,235,0,301,0.95,1729089254039000000,98,9310.0,2024-10-16,Multi Leg floor trade,Construction,Engineering - R and D Services,51.26,55.75,51.155,54.61,108,3.9689496809813427,4,1,0,0,0
FLR,Construction,Engineering - R and D Services,25__1,25,1.0,8. p75_trade_value,8000.0,15500.0,O:FLR241115C00057500,FLR,C,57.5,2024-11-15,209,0,300,2.5,1729172682257000000,55,13750.0,2024-10-17,Automatic Execution,Construction,Engineering - R and D Services,54.5,55.05,53.28,53.88,67,4.138302698166282,3,1,0,0,0
FLR,Construction,Engineering - R and D Services,25__1,25,1.0,8. p75_trade_value,8000.0,15500.0,O:FLR241115C00057500,FLR,C,57.5,2024-11-15,209,0,302,2.5,1729172682258000000,36,9000.0,2024-10-17,Automatic Execution,Construction,Engineering - R and D Services,54.5,55.05,53.28,53.88,117,3.9542425094393248,5,1,0,0,0
FLR,Construction,Engineering - R and D Services,25__1,25,1.0,8. p75_trade_value,8000.0,15500.0,O:FLR241115P00052500,FLR,P,52.5,2024-11-15,219,0,319,2.05,1729193307755000000,41,8405.0,2024-10-17,Intermarket Sweep Order,Construction,Engineering - R and D Services,54.5,55.05,53.28,53.88,129,3.9245377177754897,5,1,1,1,0
FLR,Construction,Engineering - R and D Services,25__1,25,1.0,8. p75_trade_value,8000.0,15500.0,O:FLR241115P00052500,FLR,P,52.5,2024-11-15,219,0,307,2.0,1729179190913000000,48,9600.0,2024-10-17,Intermarket Sweep Order,Construction,Engineering - R and D Services,54.5,55.05,53.28,53.88,103,3.9822712330395684,4,1,1,1,0
FLR,Construction,Engineering - R and D Services,25__1,25,1.0,8. p75_trade_value,8000.0,15500.0,O:FLR241115P00052500,FLR,P,52.5,2024-11-15,219,0,315,2.0,1729179838723000000,77,15400.0,2024-10-17,Intermarket Sweep Order,Construction,Engineering - R and D Services,54.5,55.05,53.28,53.88,59,4.187520720836463,3,1,1,1,0
FLR,Construction,Engineering - R and D Services,25__1,25,1.0,8. p75_trade_value,8000.0,15500.0,O:FLR241115P00052500,FLR,P,52.5,2024-11-15,209,0,323,2.0,1729179190913000000,60,12000.0,2024-10-17,Automatic Execution,Construction,Engineering - R and D Services,54.5,55.05,53.28,53.88,75,4.079181246047625,3,1,1,1,0
FLR,Construction,Engineering - R and D Services,25__1,25,1.0,8. p75_trade_value,8000.0,15500.0,O:FLR241115C00057500,FLR,C,57.5,2024-11-15,209,0,319,2.0,1729261954754000000,50,10000.0,2024-10-18,Automatic Execution,Construction,Engineering - R and D Services,54.32,55.25,53.71,55.0,96,4.0,4,1,0,0,0
FLR,Construction,Engineering - R and D Services,25__1,25,1.0,8. p75_trade_value,8000.0,15500.0,O:FLR241115C00057500,FLR,C,57.5,2024-11-15,227,0,300,2.04,1729263352576000000,41,8364.0,2024-10-18,Single Leg Auction Non ISO,Construction,Engineering - R and D Services,54.32,55.25,53.71,55.0,131,3.9224140241456342,5,1,0,0,0
FLR,Construction,Engineering - R and D Services,25__1,25,1.0,8. p75_trade_value,8000.0,15500.0,O:FLR241115C00057500,FLR,C,57.5,2024-11-15,227,0,301,2.04,1729263343341000000,44,8976.0,2024-10-18,Single Leg Auction Non ISO,Construction,Engineering - R and D Services,54.32,55.25,53.71,55.0,118,3.953082843912086,5,1,0,0,0
FLR,Construction,Engineering - R and D Services,25__1,25,1.0,7. p90_trade_value,15540.0,24000.0,O:FLR241115C00060000,FLR,C,60.0,2024-11-15,209,0,323,1.5,1729518608142000000,111,16650.0,2024-10-21,Automatic Execution,Construction,Engineering - R and D Services,54.94,55.86,53.73,53.86,51,4.221414237842339,2,1,0,0,0
FLR,Construction,Engineering - R and D Services,25__1,25,1.0,6. p95_trade_value,25000.0,177905.0,O:FLR241115C00060000,FLR,C,60.0,2024-11-15,209,0,316,1.45,1729518475806000000,241,34945.0,2024-10-21,Automatic Execution,Construction,Engineering - R and D Services,54.94,55.86,53.73,53.86,23,4.543385044809844,1,1,0,0,0
FLR,Construction,Engineering - R and D Services,25__1,25,1.0,7. p90_trade_value,15540.0,24000.0,O:FLR241115C00062500,FLR,C,62.5,2024-11-15,209,0,316,0.95,1729518475806000000,206,19570.0,2024-10-21,Automatic Execution,Construction,Engineering - R and D Services,54.94,55.86,53.73,53.86,38,4.291590825658001,2,0,0,0,1
FLR,Construction,Engineering - R and D Services,25__1,25,1.0,7. p90_trade_value,15540.0,24000.0,O:FLR241115C00055000,FLR,C,55.0,2024-11-15,209,0,304,2.0,1729695110335000000,100,20000.0,2024-10-23,Automatic Execution,Construction,Engineering - R and D Services,53.5,54.42,52.09,52.83,36,4.301029995663981,2,1,0,0,0
FLR,Construction,Engineering - R and D Services,25__1,25,1.0,8. p75_trade_value,8000.0,15500.0,O:FLR241115C00057500,FLR,C,57.5,2024-11-15,209,0,309,1.0,1729697039806000000,146,14600.0,2024-10-23,Automatic Execution,Construction,Engineering - R and D Services,53.5,54.42,52.09,52.83,63,4.164352855784437,3,1,0,0,0
FLR,Construction,Engineering - R and D Services,25__1,25,1.0,8. p75_trade_value,8000.0,15500.0,O:FLR241115C00055000,FLR,C,55.0,2024-11-15,209,0,322,1.8,1729867220994000000,55,9900.0,2024-10-25,Automatic Execution,Construction,Engineering - R and D Services,52.93,53.1727,51.81,52.28,99,3.99563519459755,4,1,0,0,0
FLR,Construction,Engineering - R and D Services,25__1,25,1.0,6. p95_trade_value,25000.0,177905.0,O:FLR241115C00055000,FLR,C,55.0,2024-11-15,209,0,304,1.95,1730214970249000000,200,39000.0,2024-10-29,Automatic Execution,Construction,Engineering - R and D Services,53.25,53.561387,52.83,53.2,19,4.5910646070264995,1,1,0,0,0
FLR,Construction,Engineering - R and D Services,25__1,25,1.0,8. p75_trade_value,8000.0,15500.0,O:FLR241115P00052500,FLR,P,52.5,2024-11-15,227,0,312,2.11,1730214183017000000,50,10550.0,2024-10-29,Single Leg Auction Non ISO,Construction,Engineering - R and D Services,53.25,53.561387,52.83,53.2,93,4.023252459633712,4,1,1,1,0
FLR,Construction,Engineering - R and D Services,25__1,25,1.0,8. p75_trade_value,8000.0,15500.0,O:FLR241115C00055000,FLR,C,55.0,2024-11-15,209,0,300,2.2,1730817983009000000,45,9900.000000000002,2024-11-05,Automatic Execution,Construction,Engineering - R and D Services,52.85,54.7,52.7308,54.59,98,3.99563519459755,4,1,0,0,0
FLR,Construction,Engineering - R and D Services,25__1,25,1.0,5. p99_trade_value,191400.0,491400.0,O:FLR241115C00057500,FLR,C,57.5,2024-11-15,235,0,323,1.95,1730824246056000000,1800,351000.0,2024-11-05,Multi Leg floor trade,Construction,Engineering - R and D Services,52.85,54.7,52.7308,54.59,3,5.545307116465824,1,1,0,0,0
FLR,Construction,Engineering - R and D Services,25__1,25,1.0,8. p75_trade_value,8000.0,15500.0,O:FLR241115C00065000,FLR,C,65.0,2024-11-15,209,0,308,0.8,1730910668131000000,100,8000.0,2024-11-06,Automatic Execution,Construction,Engineering - R and D Services,56.93,60.1,56.43,58.74,140,3.9030899869919438,5,0,0,0,1
FLR,Construction,Engineering - R and D Services,25__1,25,1.0,8. p75_trade_value,8000.0,15500.0,O:FLR241115C00060000,FLR,C,60.0,2024-11-15,209,0,308,2.35,1730994917404000000,50,11750.0,2024-11-07,Automatic Execution,Construction,Engineering - R and D Services,58.5,59.84,58.27,58.93,77,4.0700378666077555,3,0,0,0,1
FLR,Construction,Engineering - R and D Services,25__1,25,1.0,7. p90_trade_value,15540.0,24000.0,O:FLR241115C00060000,FLR,C,60.0,2024-11-15,209,0,316,2.0,1731006605489000000,99,19800.0,2024-11-07,Automatic Execution,Construction,Engineering - R and D Services,58.5,59.84,58.27,58.93,37,4.296665190261531,2,0,0,0,1
FLR,Construction,Engineering - R and D Services,25__1,25,1.0,8. p75_trade_value,8000.0,15500.0,O:FLR241115C00062500,FLR,C,62.5,2024-11-15,209,0,313,1.45,1731000064437000000,60,8700.0,2024-11-07,Automatic Execution,Construction,Engineering - R and D Services,58.5,59.84,58.27,58.93,125,3.9395192526186187,5,0,0,0,1
FLR,Construction,Engineering - R and D Services,25__1,25,1.0,5. p99_trade_value,191400.0,491400.0,O:FLR241115P00057500,FLR,P,57.5,2024-11-15,231,0,301,1.65,1730998491298000000,1160,191400.0,2024-11-07,Single Leg Floor Trade,Construction,Engineering - R and D Services,58.5,59.84,58.27,58.93,6,5.281941933440825,1,1,1,1,0
FLR,Construction,Engineering - R and D Services,25__1,25,1.0,6. p95_trade_value,25000.0,177905.0,O:FLR241115P00057500,FLR,P,57.5,2024-11-15,231,0,301,1.6,1730998491298000000,290,46400.0,2024-11-07,Single Leg Floor Trade,Construction,Engineering - R and D Services,58.5,59.84,58.27,58.93,14,4.666517980554881,1,1,1,1,0
FLR,Construction,Engineering - R and D Services,25__1,25,1.0,5. p99_trade_value,191400.0,491400.0,O:FLR241115P00057500,FLR,P,57.5,2024-11-15,241,0,323,1.6,1731002089262000000,1500,240000.0,2024-11-07,Stock Options Cross,Construction,Engineering - R and D Services,58.5,59.84,58.27,58.93,5,5.380211241711606,1,1,1,1,0
FLR,Construction,Engineering - R and D Services,25__1,25,1.0,8. p75_trade_value,8000.0,15500.0,O:FLR250117C00065000,FLR,C,65.0,2025-01-17,234,0,302,0.08,1735848491014000000,1700,13600.0,2025-01-02,Multi Leg Cross,Construction,Engineering - R and D Services,49.74,50.185,48.96,49.27,69,4.133538908370218,3,0,0,0,1
FLR,Construction,Engineering - R and D Services,25__1,25,1.0,8. p75_trade_value,8000.0,15500.0,O:FLR250221C00055000,FLR,C,55.0,2025-02-21,209,0,308,2.05,1737557187480000000,50,10249.999999999998,2025-01-22,Automatic Execution,Construction,Engineering - R and D Services,54.28,54.69,53.5,54.26,95,4.010723865391773,4,1,0,0,0
FLR,Construction,Engineering - R and D Services,25__1,25,1.0,7. p90_trade_value,15540.0,24000.0,O:FLR250221C00060000,FLR,C,60.0,2025-02-21,209,0,308,1.85,1737653028231000000,123,22755.0,2025-01-23,Automatic Execution,Construction,Engineering - R and D Services,53.86,56.5,53.61,55.28,33,4.357076839842412,2,0,0,0,1
FLR,Construction,Engineering - R and D Services,25__1,25,1.0,7. p90_trade_value,15540.0,24000.0,O:FLR250221C00060000,FLR,C,60.0,2025-02-21,235,0,301,1.5,1737658142024000000,130,19500.0,2025-01-23,Multi Leg floor trade,Construction,Engineering - R and D Services,53.86,56.5,53.61,55.28,39,4.290034611362518,2,0,0,0,1
FLR,Construction,Engineering - R and D Services,25__1,25,1.0,7. p90_trade_value,15540.0,24000.0,O:FLR250221C00060000,FLR,C,60.0,2025-02-21,209,0,308,1.85,1737653029739000000,84,15540.0,2025-01-23,Automatic Execution,Construction,Engineering - R and D Services,53.86,56.5,53.61,55.28,56,4.191451014464896,2,0,0,0,1
FLR,Construction,Engineering - R and D Services,25__1,25,1.0,7. p90_trade_value,15540.0,24000.0,O:FLR250221C00060000,FLR,C,60.0,2025-02-21,219,0,308,1.65,1737652533897000000,97,16004.999999999998,2025-01-23,Intermarket Sweep Order,Construction,Engineering - R and D Services,53.86,56.5,53.61,55.28,53,4.204255678480151,2,0,0,0,1
FLR,Construction,Engineering - R and D Services,25__1,25,1.0,8. p75_trade_value,8000.0,15500.0,O:FLR250221C00060000,FLR,C,60.0,2025-02-21,209,0,308,1.8,1737653003078000000,49,8820.0,2025-01-23,Automatic Execution,Construction,Engineering - R and D Services,53.86,56.5,53.61,55.28,119,3.94546858513182,5,0,0,0,1
FLR,Construction,Engineering - R and D Services,25__1,25,1.0,8. p75_trade_value,8000.0,15500.0,O:FLR250221C00060000,FLR,C,60.0,2025-02-21,209,0,316,1.75,1737652559137000000,56,9800.0,2025-01-23,Automatic Execution,Construction,Engineering - R and D Services,53.86,56.5,53.61,55.28,100,3.9912260756924947,4,0,0,0,1
FLR,Construction,Engineering - R and D Services,25__1,25,1.0,8. p75_trade_value,8000.0,15500.0,O:FLR250221C00060000,FLR,C,60.0,2025-02-21,209,0,308,1.75,1737652950042000000,59,10325.0,2025-01-23,Automatic Execution,Construction,Engineering - R and D Services,53.86,56.5,53.61,55.28,94,4.013890060328438,4,0,0,0,1
FLR,Construction,Engineering - R and D Services,25__1,25,1.0,8. p75_trade_value,8000.0,15500.0,O:FLR250221C00060000,FLR,C,60.0,2025-02-21,209,0,308,1.8,1737653006536000000,67,12060.0,2025-01-23,Automatic Execution,Construction,Engineering - R and D Services,53.86,56.5,53.61,55.28,73,4.0813473078041325,3,0,0,0,1
FLR,Construction,Engineering - R and D Services,25__1,25,1.0,8. p75_trade_value,8000.0,15500.0,O:FLR250221C00060000,FLR,C,60.0,2025-02-21,209,0,316,1.75,1737652550664000000,52,9100.0,2025-01-23,Automatic Execution,Construction,Engineering - R and D Services,53.86,56.5,53.61,55.28,113,3.9590413923210934,5,0,0,0,1
FLR,Construction,Engineering - R and D Services,25__1,25,1.0,8. p75_trade_value,8000.0,15500.0,O:FLR250221C00060000,FLR,C,60.0,2025-02-21,227,0,301,1.07,1737737521739000000,75,8025.0,2025-01-24,Single Leg Auction Non ISO,Construction,Engineering - R and D Services,55.23,55.375,54.02,54.57,139,3.90444504107691,5,0,0,0,1
FLR,Construction,Engineering - R and D Services,25__1,25,1.0,6. p95_trade_value,25000.0,177905.0,O:FLR250221P00042500,FLR,P,42.5,2025-02-21,209,0,300,0.7,1739386016653000000,523,36610.0,2025-02-12,Automatic Execution,Construction,Engineering - R and D Services,46.89,47.7153,46.29,46.36,21,4.563599728881531,1,1,1,1,0
FLR,Construction,Engineering - R and D Services,25__1,25,1.0,6. p95_trade_value,25000.0,177905.0,O:FLR250221P00042500,FLR,P,42.5,2025-02-21,209,0,302,0.7,1739386016659000000,744,52079.99999999999,2025-02-12,Automatic Execution,Construction,Engineering - R and D Services,46.89,47.7153,46.29,46.36,12,4.7166709755601355,1,1,1,1,0
FLR,Construction,Engineering - R and D Services,25__1,25,1.0,5. p99_trade_value,191400.0,491400.0,O:FLR250221P00042500,FLR,P,42.5,2025-02-21,235,0,323,0.75,1739386097896000000,6552,491400.0,2025-02-12,Multi Leg floor trade,Construction,Engineering - R and D Services,46.89,47.7153,46.29,46.36,2,5.691435152144062,1,1,1,1,0
FLR,Construction,Engineering - R and D Services,25__1,25,1.0,6. p95_trade_value,25000.0,177905.0,O:FLR250221P00042500,FLR,P,42.5,2025-02-21,209,0,304,0.7,1739386016659000000,744,52079.99999999999,2025-02-12,Automatic Execution,Construction,Engineering - R and D Services,46.89,47.7153,46.29,46.36,11,4.7166709755601355,1,1,1,1,0
FLR,Construction,Engineering - R and D Services,25__1,25,1.0,6. p95_trade_value,25000.0,177905.0,O:FLR250221P00042500,FLR,P,42.5,2025-02-21,209,0,325,0.7,1739386016659000000,484,33879.99999999999,2025-02-12,Automatic Execution,Construction,Engineering - R and D Services,46.89,47.7153,46.29,46.36,24,4.529943401658669,1,1,1,1,0
FLR,Construction,Engineering - R and D Services,25__1,25,1.0,6. p95_trade_value,25000.0,177905.0,O:FLR250221P00042500,FLR,P,42.5,2025-02-21,209,0,313,0.7,1739386016653000000,625,43750.0,2025-02-12,Automatic Execution,Construction,Engineering - R and D Services,46.89,47.7153,46.29,46.36,15,4.640978057358332,1,1,1,1,0
FLR,Construction,Engineering - R and D Services,25__1,25,1.0,7. p90_trade_value,15540.0,24000.0,O:FLR250221C00050000,FLR,C,50.0,2025-02-21,209,0,320,0.8,1739477706063000000,254,20320.0,2025-02-13,Automatic Execution,Construction,Engineering - R and D Services,46.75,46.75,44.3,44.93,35,4.307923703611881,2,0,0,0,1
FLR,Construction,Engineering - R and D Services,25__1,25,1.0,7. p90_trade_value,15540.0,24000.0,O:FLR250221C00050000,FLR,C,50.0,2025-02-21,209,0,320,0.75,1739477694303000000,254,19050.0,2025-02-13,Automatic Execution,Construction,Engineering - R and D Services,46.75,46.75,44.3,44.93,40,4.279894980011638,2,0,0,0,1
FLR,Construction,Engineering - R and D Services,25__1,25,1.0,8. p75_trade_value,8000.0,15500.0,O:FLR250221C00050000,FLR,C,50.0,2025-02-21,209,0,316,0.75,1739477694301000000,126,9450.0,2025-02-13,Automatic Execution,Construction,Engineering - R and D Services,46.75,46.75,44.3,44.93,107,3.975431808509263,4,0,0,0,1
FLR,Construction,Engineering - R and D Services,25__1,25,1.0,8. p75_trade_value,8000.0,15500.0,O:FLR250221C00050000,FLR,C,50.0,2025-02-21,209,0,302,0.85,1739477722025000000,135,11475.0,2025-02-13,Automatic Execution,Construction,Engineering - R and D Services,46.75,46.75,44.3,44.93,78,4.0597526942092985,3,0,0,0,1
FLR,Construction,Engineering - R and D Services,25__1,25,1.0,8. p75_trade_value,8000.0,15500.0,O:FLR250221P00040000,FLR,P,40.0,2025-02-21,233,0,312,0.58,1739462850511000000,160,9280.0,2025-02-13,Multi Leg Auction,Construction,Engineering - R and D Services,46.75,46.75,44.3,44.93,109,3.967547976218862,4,1,1,1,0
FLR,Construction,Engineering - R and D Services,25__1,25,1.0,8. p75_trade_value,8000.0,15500.0,O:FLR250221P00040000,FLR,P,40.0,2025-02-21,233,0,312,0.58,1739462850511000000,239,13862.0,2025-02-13,Multi Leg Auction,Construction,Engineering - R and D Services,46.75,46.75,44.3,44.93,66,4.141825894511075,3,1,1,1,0
FLR,Construction,Engineering - R and D Services,25__1,25,1.0,6. p95_trade_value,25000.0,177905.0,O:FLR250221P00042500,FLR,P,42.5,2025-02-21,233,0,312,1.17,1739462850511000000,239,27963.0,2025-02-13,Multi Leg Auction,Construction,Engineering - R and D Services,46.75,46.75,44.3,44.93,27,4.446583762694299,1,1,1,1,0
FLR,Construction,Engineering - R and D Services,25__1,25,1.0,7. p90_trade_value,15540.0,24000.0,O:FLR250221P00042500,FLR,P,42.5,2025-02-21,233,0,312,1.17,1739462850511000000,160,18720.0,2025-02-13,Multi Leg Auction,Construction,Engineering - R and D Services,46.75,46.75,44.3,44.93,41,4.272305844402086,2,1,1,1,0
FLR,Construction,Engineering - R and D Services,25__1,25,1.0,8. p75_trade_value,8000.0,15500.0,O:FLR250221C00047500,FLR,C,47.5,2025-02-21,209,0,316,1.0,1739566603820000000,154,15400.0,2025-02-14,Automatic Execution,Construction,Engineering - R and D Services,45.07,45.31,42.94,43.4,58,4.187520720836463,3,0,0,0,1
FLR,Construction,Engineering - R and D Services,25__1,25,1.0,5. p99_trade_value,191400.0,491400.0,O:FLR250221P00040000,FLR,P,40.0,2025-02-21,231,0,302,1.15,1739562134287000000,2860,328899.99999999994,2025-02-14,Single Leg Floor Trade,Construction,Engineering - R and D Services,45.07,45.31,42.94,43.4,4,5.5170638734826545,1,1,1,1,0
FLR,Construction,Engineering - R and D Services,25__1,25,1.0,8. p75_trade_value,8000.0,15500.0,O:FLR250221P00042500,FLR,P,42.5,2025-02-21,209,0,319,2.1,1739565551947000000,54,11340.0,2025-02-14,Automatic Execution,Construction,Engineering - R and D Services,45.07,45.31,42.94,43.4,80,4.054613054556888,3,1,1,1,0
FLR,Construction,Engineering - R and D Services,25__1,25,1.0,7. p90_trade_value,15540.0,24000.0,O:FLR250221P00042500,FLR,P,42.5,2025-02-21,209,0,320,1.85,1739557775302000000,124,22940.0,2025-02-14,Automatic Execution,Construction,Engineering - R and D Services,45.07,45.31,42.94,43.4,32,4.360593413565248,2,1,1,1,0
FLR,Construction,Engineering - R and D Services,25__1,25,1.0,6. p95_trade_value,25000.0,177905.0,O:FLR250321C00050000,FLR,C,50.0,2025-03-21,235,0,323,0.1,1739983129136000000,9773,97730.0,2025-02-19,Multi Leg floor trade,Construction,Engineering - R and D Services,39.4,39.98,38.51,39.53,8,4.990027898770295,1,0,0,0,1
FLR,Construction,Engineering - R and D Services,25__1,25,1.0,8. p75_trade_value,8000.0,15500.0,O:FLR250321P00037500,FLR,P,37.5,2025-03-21,209,0,308,1.0,1740066648422000000,90,9000.0,2025-02-20,Automatic Execution,Construction,Engineering - R and D Services,40.01,40.28,39.13,39.83,116,3.9542425094393248,5,1,1,0,0
FLR,Construction,Engineering - R and D Services,25__1,25,1.0,8. p75_trade_value,8000.0,15500.0,O:FLR250321P00037500,FLR,P,37.5,2025-03-21,227,0,309,0.95,1740064363937000000,100,9500.0,2025-02-20,Single Leg Auction Non ISO,Construction,Engineering - R and D Services,40.01,40.28,39.13,39.83,105,3.9777236052888476,4,1,1,0,0
FLR,Construction,Engineering - R and D Services,25__1,25,1.0,7. p90_trade_value,15540.0,24000.0,O:FLR250321C00040000,FLR,C,40.0,2025-03-21,219,0,316,0.95,1740422515942000000,184,17480.0,2025-02-24,Intermarket Sweep Order,Construction,Engineering - R and D Services,38.08,38.3799,37.1,37.16,47,4.242541428298384,2,0,0,0,1
FLR,Construction,Engineering - R and D Services,25__1,25,1.0,8. p75_trade_value,8000.0,15500.0,O:FLR250321C00040000,FLR,C,40.0,2025-03-21,209,0,316,1.04,1741015490257000000,96,9984.0,2025-03-03,Automatic Execution,Construction,Engineering - R and D Services,38.72,38.8434,36.54,36.92,97,3.9993045723383487,4,0,0,0,1
FLR,Construction,Engineering - R and D Services,25__1,25,1.0,8. p75_trade_value,8000.0,15500.0,O:FLR250321C00040000,FLR,C,40.0,2025-03-21,209,0,300,0.95,1741015477898000000,88,8360.0,2025-03-03,Automatic Execution,Construction,Engineering - R and D Services,38.72,38.8434,36.54,36.92,132,3.9222062774390163,5,0,0,0,1
FLR,Construction,Engineering - R and D Services,25__1,25,1.0,8. p75_trade_value,8000.0,15500.0,O:FLR250321C00040000,FLR,C,40.0,2025-03-21,209,0,318,0.95,1741015473540000000,114,10830.0,2025-03-03,Automatic Execution,Construction,Engineering - R and D Services,38.72,38.8434,36.54,36.92,91,4.03462845662532,4,0,0,0,1
FLR,Construction,Engineering - R and D Services,25__1,25,1.0,8. p75_trade_value,8000.0,15500.0,O:FLR250321C00040000,FLR,C,40.0,2025-03-21,209,0,316,0.95,1741015526796000000,100,9500.0,2025-03-03,Automatic Execution,Construction,Engineering - R and D Services,38.72,38.8434,36.54,36.92,106,3.9777236052888476,4,0,0,0,1
FLR,Construction,Engineering - R and D Services,25__1,25,1.0,8. p75_trade_value,8000.0,15500.0,O:FLR250321C00040000,FLR,C,40.0,2025-03-21,209,0,320,1.05,1741015490256000000,87,9135.0,2025-03-03,Automatic Execution,Construction,Engineering - R and D Services,38.72,38.8434,36.54,36.92,112,3.9607085516885565,4,0,0,0,1
FLR,Construction,Engineering - R and D Services,25__1,25,1.0,6. p95_trade_value,25000.0,177905.0,O:FLR250321C00040000,FLR,C,40.0,2025-03-21,209,0,316,1.05,1741015490257000000,414,43470.00000000001,2025-03-03,Automatic Execution,Construction,Engineering - R and D Services,38.72,38.8434,36.54,36.92,16,4.638189640190837,1,0,0,0,1
FLR,Construction,Engineering - R and D Services,25__1,25,1.0,7. p90_trade_value,15540.0,24000.0,O:FLR250321C00040000,FLR,C,40.0,2025-03-21,209,0,316,0.9,1741015473212000000,193,17370.0,2025-03-03,Automatic Execution,Construction,Engineering - R and D Services,38.72,38.8434,36.54,36.92,48,4.239799818447099,2,0,0,0,1
FLR,Construction,Engineering - R and D Services,25__1,25,1.0,6. p95_trade_value,25000.0,177905.0,O:FLR250321C00040000,FLR,C,40.0,2025-03-21,227,0,323,0.33,1741272185190000000,2254,74382.0,2025-03-06,Single Leg Auction Non ISO,Construction,Engineering - R and D Services,36.21,36.99,35.42,36.58,9,4.871467851587975,1,0,0,0,1
FLR,Construction,Engineering - R and D Services,25__1,25,1.0,8. p75_trade_value,8000.0,15500.0,O:FLR250417C00040000,FLR,C,40.0,2025-04-17,209,0,320,0.95,1743001144653000000,101,9594.999999999998,2025-03-26,Automatic Execution,Construction,Engineering - R and D Services,38.57,38.845,37.54,37.74,104,3.9820449790714902,4,0,0,0,1
FLR,Construction,Engineering - R and D Services,25__1,25,1.0,8. p75_trade_value,8000.0,15500.0,O:FLR250417C00040000,FLR,C,40.0,2025-04-17,209,0,309,1.15,1742996727610000000,76,8740.0,2025-03-26,Automatic Execution,Construction,Engineering - R and D Services,38.57,38.845,37.54,37.74,124,3.941511432634403,5,0,0,0,1
FLR,Construction,Engineering - R and D Services,25__1,25,1.0,6. p95_trade_value,25000.0,177905.0,O:FLR250417C00037500,FLR,C,37.5,2025-04-17,227,0,312,0.77,1743440627446000000,628,48356.0,2025-03-31,Single Leg Auction Non ISO,Construction,Engineering - R and D Services,35.27,35.9,34.69,35.82,13,4.684450368909678,1,0,0,0,1
FLR,Construction,Engineering - R and D Services,25__1,25,1.0,8. p75_trade_value,8000.0,15500.0,O:FLR250417C00037500,FLR,C,37.5,2025-04-17,227,0,312,0.77,1743440627446000000,183,14091.0,2025-03-31,Single Leg Auction Non ISO,Construction,Engineering - R and D Services,35.27,35.9,34.69,35.82,65,4.148941814902911,3,0,0,0,1
FLR,Construction,Engineering - R and D Services,25__1,25,1.0,7. p90_trade_value,15540.0,24000.0,O:FLR250516C00035000,FLR,C,35.0,2025-05-16,209,0,308,1.8,1745243429019000000,103,18540.0,2025-04-21,Automatic Execution,Construction,Engineering - R and D Services,33.7,33.915,32.445,33.01,43,4.2681097298084785,2,1,1,1,0
FLR,Construction,Engineering - R and D Services,25__1,25,1.0,7. p90_trade_value,15540.0,24000.0,O:FLR250516P00030000,FLR,P,30.0,2025-05-16,209,0,316,1.15,1745255226026000000,140,16100.0,2025-04-21,Automatic Execution,Construction,Engineering - R and D Services,33.7,33.915,32.445,33.01,52,4.20682587603185,2,0,0,0,1
FLR,Construction,Engineering - R and D Services,25__1,25,1.0,8. p75_trade_value,8000.0,15500.0,O:FLR250516P00030000,FLR,P,30.0,2025-05-16,209,0,313,1.15,1745255226026000000,70,8050.0,2025-04-21,Automatic Execution,Construction,Engineering - R and D Services,33.7,33.915,32.445,33.01,137,3.9057958803678687,5,0,0,0,1
FLR,Construction,Engineering - R and D Services,25__1,25,1.0,8. p75_trade_value,8000.0,15500.0,O:FLR250516P00030000,FLR,P,30.0,2025-05-16,209,0,302,1.15,1745255226026000000,70,8050.0,2025-04-21,Automatic Execution,Construction,Engineering - R and D Services,33.7,33.915,32.445,33.01,138,3.9057958803678687,5,0,0,0,1
FLR,Construction,Engineering - R and D Services,25__1,25,1.0,8. p75_trade_value,8000.0,15500.0,O:FLR250516C00037500,FLR,C,37.5,2025-05-16,209,0,323,1.55,1746107333562000000,100,15500.0,2025-05-01,Automatic Execution,Construction,Engineering - R and D Services,35.8,36.41,35.43,35.78,57,4.190331698170292,3,1,1,1,0
FLR,Construction,Engineering - R and D Services,25__1,25,1.0,8. p75_trade_value,8000.0,15500.0,O:FLR250516P00035000,FLR,P,35.0,2025-05-16,209,0,315,1.75,1746123640803000000,52,9100.0,2025-05-01,Automatic Execution,Construction,Engineering - R and D Services,35.8,36.41,35.43,35.78,114,3.9590413923210934,5,1,0,0,0
FLR,Construction,Engineering - R and D Services,25__1,25,1.0,8. p75_trade_value,8000.0,15500.0,O:FLR250620C00042500,FLR,C,42.5,2025-06-20,219,0,300,1.05,1748008790219000000,109,11445.0,2025-05-23,Intermarket Sweep Order,Construction,Engineering - R and D Services,37.66,41.33,37.66,41.04,79,4.058615797010562,3,1,0,0,0
FLR,Construction,Engineering - R and D Services,25__1,25,1.0,8. p75_trade_value,8000.0,15500.0,O:FLR250620C00042500,FLR,C,42.5,2025-06-20,219,0,313,1.15,1748008790486000000,95,10924.999999999998,2025-05-23,Intermarket Sweep Order,Construction,Engineering - R and D Services,37.66,41.33,37.66,41.04,87,4.038421445642459,4,1,0,0,0
FLR,Construction,Engineering - R and D Services,25__1,25,1.0,8. p75_trade_value,8000.0,15500.0,O:FLR250620C00042500,FLR,C,42.5,2025-06-20,227,0,309,1.19,1748009691502000000,73,8686.999999999998,2025-05-23,Single Leg Auction Non ISO,Construction,Engineering - R and D Services,37.66,41.33,37.66,41.04,126,3.9388698215129865,5,1,0,0,0
FLR,Construction,Engineering - R and D Services,25__1,25,1.0,8. p75_trade_value,8000.0,15500.0,O:FLR250620C00042500,FLR,C,42.5,2025-06-20,209,0,300,1.65,1748028540881000000,73,12044.999999999998,2025-05-23,Automatic Execution,Construction,Engineering - R and D Services,37.66,41.33,37.66,41.04,74,4.080806804334362,3,1,0,0,0
FLR,Construction,Engineering - R and D Services,25__1,25,1.0,8. p75_trade_value,8000.0,15500.0,O:FLR250620C00042500,FLR,C,42.5,2025-06-20,219,0,316,1.05,1748008790267000000,79,8295.0,2025-05-23,Intermarket Sweep Order,Construction,Engineering - R and D Services,37.66,41.33,37.66,41.04,133,3.9188163903603797,5,1,0,0,0
FLR,Construction,Engineering - R and D Services,25__1,25,1.0,8. p75_trade_value,8000.0,15500.0,O:FLR250620C00042500,FLR,C,42.5,2025-06-20,219,0,316,1.05,1748008790297000000,88,9240.0,2025-05-23,Intermarket Sweep Order,Construction,Engineering - R and D Services,37.66,41.33,37.66,41.04,110,3.9656719712201065,4,1,0,0,0
FLR,Construction,Engineering - R and D Services,25__1,25,1.0,8. p75_trade_value,8000.0,15500.0,O:FLR250620C00042500,FLR,C,42.5,2025-06-20,227,0,309,1.2,1748009695068000000,73,8760.0,2025-05-23,Single Leg Auction Non ISO,Construction,Engineering - R and D Services,37.66,41.33,37.66,41.04,122,3.9425041061680806,5,1,0,0,0
FLR,Construction,Engineering - R and D Services,25__1,25,1.0,8. p75_trade_value,8000.0,15500.0,O:FLR250620C00042500,FLR,C,42.5,2025-06-20,219,0,313,1.15,1748008790408000000,98,11269.999999999998,2025-05-23,Intermarket Sweep Order,Construction,Engineering - R and D Services,37.66,41.33,37.66,41.04,83,4.051923916046107,3,1,0,0,0
FLR,Construction,Engineering - R and D Services,25__1,25,1.0,8. p75_trade_value,8000.0,15500.0,O:FLR250620C00042500,FLR,C,42.5,2025-06-20,219,0,313,1.15,1748008790438000000,95,10924.999999999998,2025-05-23,Intermarket Sweep Order,Construction,Engineering - R and D Services,37.66,41.33,37.66,41.04,86,4.038421445642459,4,1,0,0,0
FLR,Construction,Engineering - R and D Services,25__1,25,1.0,8. p75_trade_value,8000.0,15500.0,O:FLR250620C00042500,FLR,C,42.5,2025-06-20,209,0,323,1.6,1748024896273000000,95,15200.0,2025-05-23,Automatic Execution,Construction,Engineering - R and D Services,37.66,41.33,37.66,41.04,60,4.181843587944773,3,1,0,0,0
FLR,Construction,Engineering - R and D Services,25__1,25,1.0,8. p75_trade_value,8000.0,15500.0,O:FLR250620C00042500,FLR,C,42.5,2025-06-20,219,0,313,1.15,1748008790468000000,95,10924.999999999998,2025-05-23,Intermarket Sweep Order,Construction,Engineering - R and D Services,37.66,41.33,37.66,41.04,88,4.038421445642459,4,1,0,0,0
FLR,Construction,Engineering - R and D Services,25__1,25,1.0,7. p90_trade_value,15540.0,24000.0,O:FLR250620C00042500,FLR,C,42.5,2025-06-20,227,0,323,1.2,1748009554353000000,200,24000.0,2025-05-23,Single Leg Auction Non ISO,Construction,Engineering - R and D Services,37.66,41.33,37.66,41.04,29,4.380211241711606,2,1,0,0,0
FLR,Construction,Engineering - R and D Services,25__1,25,1.0,7. p90_trade_value,15540.0,24000.0,O:FLR250620C00042500,FLR,C,42.5,2025-06-20,219,0,316,1.15,1748008790374000000,202,23230.0,2025-05-23,Intermarket Sweep Order,Construction,Engineering - R and D Services,37.66,41.33,37.66,41.04,31,4.366049209800235,2,1,0,0,0
FLR,Construction,Engineering - R and D Services,25__1,25,1.0,7. p90_trade_value,15540.0,24000.0,O:FLR250620C00042500,FLR,C,42.5,2025-06-20,227,0,309,1.2,1748009611952000000,200,24000.0,2025-05-23,Single Leg Auction Non ISO,Construction,Engineering - R and D Services,37.66,41.33,37.66,41.04,30,4.380211241711606,2,1,0,0,0
FLR,Construction,Engineering - R and D Services,25__1,25,1.0,7. p90_trade_value,15540.0,24000.0,O:FLR250620C00042500,FLR,C,42.5,2025-06-20,209,0,316,1.6,1748024896228000000,100,16000.0,2025-05-23,Automatic Execution,Construction,Engineering - R and D Services,37.66,41.33,37.66,41.04,54,4.204119982655925,2,1,0,0,0
FLR,Construction,Engineering - R and D Services,25__1,25,1.0,8. p75_trade_value,8000.0,15500.0,O:FLR250620C00042500,FLR,C,42.5,2025-06-20,219,0,313,1.15,1748008790454000000,95,10924.999999999998,2025-05-23,Intermarket Sweep Order,Construction,Engineering - R and D Services,37.66,41.33,37.66,41.04,89,4.038421445642459,4,1,0,0,0
FLR,Construction,Engineering - R and D Services,25__1,25,1.0,6. p95_trade_value,25000.0,177905.0,O:FLR250620C00042500,FLR,C,42.5,2025-06-20,228,0,312,1.15,1748008792293000000,1547,177905.0,2025-05-23,Single Leg Auction ISO,Construction,Engineering - R and D Services,37.66,41.33,37.66,41.04,7,5.250188154052979,1,1,0,0,0
FLR,Construction,Engineering - R and D Services,25__1,25,1.0,8. p75_trade_value,8000.0,15500.0,O:FLR250620C00042500,FLR,C,42.5,2025-06-20,219,0,315,1.15,1748008790502000000,94,10810.0,2025-05-23,Intermarket Sweep Order,Construction,Engineering - R and D Services,37.66,41.33,37.66,41.04,92,4.03382569395331,4,1,0,0,0
FLR,Construction,Engineering - R and D Services,25__1,25,1.0,8. p75_trade_value,8000.0,15500.0,O:FLR250620C00042500,FLR,C,42.5,2025-06-20,219,0,313,1.15,1748008790501000000,95,10924.999999999998,2025-05-23,Intermarket Sweep Order,Construction,Engineering - R and D Services,37.66,41.33,37.66,41.04,85,4.038421445642459,4,1,0,0,0
FLR,Construction,Engineering - R and D Services,25__1,25,1.0,8. p75_trade_value,8000.0,15500.0,O:FLR250620C00042500,FLR,C,42.5,2025-06-20,219,0,316,1.05,1748008790194000000,108,11340.0,2025-05-23,Intermarket Sweep Order,Construction,Engineering - R and D Services,37.66,41.33,37.66,41.04,81,4.054613054556888,3,1,0,0,0
FLR,Construction,Engineering - R and D Services,25__1,25,1.0,8. p75_trade_value,8000.0,15500.0,O:FLR250620C00042500,FLR,C,42.5,2025-06-20,219,0,313,1.15,1748008790421000000,98,11269.999999999998,2025-05-23,Intermarket Sweep Order,Construction,Engineering - R and D Services,37.66,41.33,37.66,41.04,82,4.051923916046107,3,1,0,0,0
FLR,Construction,Engineering - R and D Services,25__1,25,1.0,8. p75_trade_value,8000.0,15500.0,O:FLR250620C00045000,FLR,C,45.0,2025-06-20,209,0,318,0.4,1748008302975000000,220,8800.0,2025-05-23,Automatic Execution,Construction,Engineering - R and D Services,37.66,41.33,37.66,41.04,121,3.9444826721501687,5,1,0,0,0
FLR,Construction,Engineering - R and D Services,25__1,25,1.0,8. p75_trade_value,8000.0,15500.0,O:FLR250620C00045000,FLR,C,45.0,2025-06-20,232,0,322,1.51,1748362137606000000,80,12080.0,2025-05-27,Multi Leg auto-electronic trade,Construction,Engineering - R and D Services,42.25,43.86,41.42,43.54,72,4.082066934285113,3,1,0,0,0
FLR,Construction,Engineering - R and D Services,25__1,25,1.0,7. p90_trade_value,15540.0,24000.0,O:FLR250620C00045000,FLR,C,45.0,2025-06-20,209,0,308,1.5,1748361999186000000,124,18600.0,2025-05-27,Automatic Execution,Construction,Engineering - R and D Services,42.25,43.86,41.42,43.54,42,4.269512944217916,2,1,0,0,0
FLR,Construction,Engineering - R and D Services,25__1,25,1.0,6. p95_trade_value,25000.0,177905.0,O:FLR250620C00045000,FLR,C,45.0,2025-06-20,227,0,312,1.24,1748354081687000000,499,61876.0,2025-05-27,Single Leg Auction Non ISO,Construction,Engineering - R and D Services,42.25,43.86,41.42,43.54,10,4.791522230785625,1,1,0,0,0
FLR,Construction,Engineering - R and D Services,25__1,25,1.0,6. p95_trade_value,25000.0,177905.0,O:FLR250620C00045000,FLR,C,45.0,2025-06-20,209,0,318,1.6,1748373653047000000,249,39840.0,2025-05-27,Automatic Execution,Construction,Engineering - R and D Services,42.25,43.86,41.42,43.54,18,4.600319329751661,1,1,0,0,0
FLR,Construction,Engineering - R and D Services,25__1,25,1.0,6. p95_trade_value,25000.0,177905.0,O:FLR250620C00047500,FLR,C,47.5,2025-06-20,227,0,323,0.84,1748357276899000000,500,42000.0,2025-05-27,Single Leg Auction Non ISO,Construction,Engineering - R and D Services,42.25,43.86,41.42,43.54,17,4.623249290397901,1,1,0,0,0
FLR,Construction,Engineering - R and D Services,25__1,25,1.0,7. p90_trade_value,15540.0,24000.0,O:FLR250620C00045000,FLR,C,45.0,2025-06-20,209,0,308,1.05,1748461491453000000,152,15960.0,2025-05-28,Automatic Execution,Construction,Engineering - R and D Services,43.55,43.74,42.08,42.44,55,4.203032887014711,2,1,0,0,0
FLR,Construction,Engineering - R and D Services,25__1,25,1.0,7. p90_trade_value,15540.0,24000.0,O:FLR250620C00045000,FLR,C,45.0,2025-06-20,209,0,308,1.2,1748444102035000000,187,22440.0,2025-05-28,Automatic Execution,Construction,Engineering - R and D Services,43.55,43.74,42.08,42.44,34,4.351022852584124,2,1,0,0,0
FLR,Construction,Engineering - R and D Services,25__1,25,1.0,8. p75_trade_value,8000.0,15500.0,O:FLR250620C00045000,FLR,C,45.0,2025-06-20,209,0,316,1.05,1748461364022000000,92,9660.0,2025-05-28,Automatic Execution,Construction,Engineering - R and D Services,43.55,43.74,42.08,42.44,102,3.9849771264154934,4,1,0,0,0
FLR,Construction,Engineering - R and D Services,25__1,25,1.0,8. p75_trade_value,8000.0,15500.0,O:FLR250620C00045000,FLR,C,45.0,2025-06-20,209,0,308,1.05,1748526505017000000,123,12915.0,2025-05-29,Automatic Execution,Construction,Engineering - R and D Services,42.8,43.08,41.19,42.16,70,4.111094410509336,3,1,0,0,0
FLR,Construction,Engineering - R and D Services,25__1,25,1.0,8. p75_trade_value,8000.0,15500.0,O:FLR250620C00045000,FLR,C,45.0,2025-06-20,209,0,320,0.8,1748536735534000000,159,12720.0,2025-05-29,Automatic Execution,Construction,Engineering - R and D Services,42.8,43.08,41.19,42.16,71,4.104487111312395,3,1,0,0,0
FLR,Construction,Engineering - R and D Services,25__1,25,1.0,6. p95_trade_value,25000.0,177905.0,O:FLR250620C00045000,FLR,C,45.0,2025-06-20,209,0,308,1.05,1748526482305000000,339,35595.0,2025-05-29,Automatic Execution,Construction,Engineering - R and D Services,42.8,43.08,41.19,42.16,22,4.55138899727302,1,1,0,0,0
FLR,Construction,Engineering - R and D Services,25__1,25,1.0,8. p75_trade_value,8000.0,15500.0,O:FLR250620P00040000,FLR,P,40.0,2025-06-20,209,0,304,1.05,1748536204639000000,84,8820.0,2025-05-29,Automatic Execution,Construction,Engineering - R and D Services,42.8,43.08,41.19,42.16,120,3.94546858513182,5,0,0,0,1
FLR,Construction,Engineering - R and D Services,25__1,25,1.0,8. p75_trade_value,8000.0,15500.0,O:FLR250620C00045000,FLR,C,45.0,2025-06-20,209,0,316,0.6,1748613420827000000,135,8100.0,2025-05-30,Automatic Execution,Construction,Engineering - R and D Services,41.96,42.24,41.07,41.58,135,3.90848501887865,5,1,0,0,0
FLR,Construction,Engineering - R and D Services,25__1,25,1.0,7. p90_trade_value,15540.0,24000.0,O:FLR250620C00042500,FLR,C,42.5,2025-06-20,209,0,308,0.9,1748873812959000000,191,17190.0,2025-06-02,Automatic Execution,Construction,Engineering - R and D Services,41.57,41.58,40.41,41.15,49,4.235275876687052,2,1,0,0,0
FLR,Construction,Engineering - R and D Services,25__1,25,1.0,8. p75_trade_value,8000.0,15500.0,O:FLR250620C00042500,FLR,C,42.5,2025-06-20,227,0,304,0.97,1748875348961000000,100,9700.0,2025-06-02,Single Leg Auction Non ISO,Construction,Engineering - R and D Services,41.57,41.58,40.41,41.15,101,3.9867717342662448,4,1,0,0,0
FLR,Construction,Engineering - R and D Services,25__1,25,1.0,8. p75_trade_value,8000.0,15500.0,O:FLR250620C00045000,FLR,C,45.0,2025-06-20,227,0,323,0.39,1748875337135000000,362,14118.0,2025-06-02,Single Leg Auction Non ISO,Construction,Engineering - R and D Services,41.57,41.58,40.41,41.15,64,4.149773177559665,3,1,0,0,0
FLR,Construction,Engineering - R and D Services,25__1,25,1.0,7. p90_trade_value,15540.0,24000.0,O:FLR250620C00045000,FLR,C,45.0,2025-06-20,209,0,318,0.9,1748957928326000000,199,17910.0,2025-06-03,Automatic Execution,Construction,Engineering - R and D Services,42.49,43.69,42.09,43.39,45,4.253095585849032,2,1,0,0,0
FLR,Construction,Engineering - R and D Services,25__1,25,1.0,6. p95_trade_value,25000.0,177905.0,O:FLR250620C00045000,FLR,C,45.0,2025-06-20,209,0,323,1.0,1749222830934000000,250,25000.0,2025-06-06,Automatic Execution,Construction,Engineering - R and D Services,43.47,44.56,43.17,44.43,28,4.3979400086720375,1,1,0,0,0
KBR,Construction,Engineering - R and D Services,20__0,20,0.0,8. p75_trade_value,12599.999999999998,36000.0,O:KBR241115C00072500,KBR,C,72.5,2024-11-15,209,0,320,1.85,1729625775871000000,145,26825.0,2024-10-22,Automatic Execution,Construction,Engineering - R and D Services,71.08,71.38,70.37,70.4,11,4.428539730637989,3,1,0,0,0
KBR,Construction,Engineering - R and D Services,20__0,20,0.0,8. p75_trade_value,12599.999999999998,36000.0,O:KBR241220C00062500,KBR,C,62.5,2024-12-20,209,0,300,1.1,1732218358756000000,159,17490.0,2024-11-21,Automatic Execution,Construction,Engineering - R and D Services,58.32,60.595,57.785,60.23,13,4.242789809478676,4,0,0,0,1
KBR,Construction,Engineering - R and D Services,20__0,20,0.0,1. p999999_trade_value,67032.0,67032.0,O:KBR250117C00060000,KBR,C,60.0,2025-01-17,227,0,301,1.52,1734621523383000000,441,67032.0,2024-12-19,Single Leg Auction Non ISO,Construction,Engineering - R and D Services,57.54,59.765,56.92,57.36,1,4.826282177412611,1,1,1,0,0
KBR,Construction,Engineering - R and D Services,20__0,20,0.0,8. p75_trade_value,12599.999999999998,36000.0,O:KBR250117C00060000,KBR,C,60.0,2025-01-17,209,0,313,1.5,1734622092469000000,85,12750.0,2024-12-19,Automatic Execution,Construction,Engineering - R and D Services,57.54,59.765,56.92,57.36,17,4.105510184769974,5,1,1,0,0
KBR,Construction,Engineering - R and D Services,20__0,20,0.0,8. p75_trade_value,12599.999999999998,36000.0,O:KBR250117C00060000,KBR,C,60.0,2025-01-17,209,0,320,1.0,1734623876368000000,139,13900.0,2024-12-19,Automatic Execution,Construction,Engineering - R and D Services,57.54,59.765,56.92,57.36,15,4.143014800254095,4,1,1,0,0
KBR,Construction,Engineering - R and D Services,20__0,20,0.0,7. p90_trade_value,38000.0,39920.00000000001,O:KBR250117C00060000,KBR,C,60.0,2025-01-17,231,0,301,0.95,1734635929807000000,400,38000.0,2024-12-19,Single Leg Floor Trade,Construction,Engineering - R and D Services,57.54,59.765,56.92,57.36,8,4.57978359661681,2,1,1,0,0
KBR,Construction,Engineering - R and D Services,20__0,20,0.0,7. p90_trade_value,38000.0,39920.00000000001,O:KBR250117C00060000,KBR,C,60.0,2025-01-17,231,0,301,0.95,1734641909392000000,400,38000.0,2024-12-19,Single Leg Floor Trade,Construction,Engineering - R and D Services,57.54,59.765,56.92,57.36,7,4.57978359661681,2,1,1,0,0
KBR,Construction,Engineering - R and D Services,20__0,20,0.0,6. p95_trade_value,40000.0,48960.0,O:KBR250117C00060000,KBR,C,60.0,2025-01-17,231,0,301,0.9,1734719240831000000,544,48960.0,2024-12-20,Single Leg Floor Trade,Construction,Engineering - R and D Services,56.67,57.96,56.57,56.99,2,4.689841409137505,1,1,1,0,0
KBR,Construction,Engineering - R and D Services,20__0,20,0.0,6. p95_trade_value,40000.0,48960.0,O:KBR250117C00060000,KBR,C,60.0,2025-01-17,227,0,308,0.85,1734713289278000000,499,42415.0,2024-12-20,Single Leg Auction Non ISO,Construction,Engineering - R and D Services,56.67,57.96,56.57,56.99,3,4.627519471337683,1,1,1,0,0
KBR,Construction,Engineering - R and D Services,20__0,20,0.0,7. p90_trade_value,38000.0,39920.00000000001,O:KBR250117C00060000,KBR,C,60.0,2025-01-17,228,0,308,0.8,1734709583977000000,486,38880.0,2024-12-20,Single Leg Auction ISO,Construction,Engineering - R and D Services,56.67,57.96,56.57,56.99,6,4.589726256254237,2,1,1,0,0
KBR,Construction,Engineering - R and D Services,20__0,20,0.0,7. p90_trade_value,38000.0,39920.00000000001,O:KBR250117C00060000,KBR,C,60.0,2025-01-17,228,0,308,0.8,1734710483298000000,499,39920.00000000001,2024-12-20,Single Leg Auction ISO,Construction,Engineering - R and D Services,56.67,57.96,56.57,56.99,5,4.601190532615334,2,1,1,0,0
KBR,Construction,Engineering - R and D Services,20__0,20,0.0,6. p95_trade_value,40000.0,48960.0,O:KBR250117C00060000,KBR,C,60.0,2025-01-17,231,0,301,0.8,1734712267571000000,500,40000.0,2024-12-20,Single Leg Floor Trade,Construction,Engineering - R and D Services,56.67,57.96,56.57,56.99,4,4.6020599913279625,1,1,1,0,0
KBR,Construction,Engineering - R and D Services,20__0,20,0.0,8. p75_trade_value,12599.999999999998,36000.0,O:KBR250117C00060000,KBR,C,60.0,2025-01-17,231,0,301,0.9,1734718556288000000,400,36000.0,2024-12-20,Single Leg Floor Trade,Construction,Engineering - R and D Services,56.67,57.96,56.57,56.99,9,4.556302500767287,3,1,1,0,0
KBR,Construction,Engineering - R and D Services,20__0,20,0.0,8. p75_trade_value,12599.999999999998,36000.0,O:KBR250321C00052500,KBR,C,52.5,2025-03-21,209,0,316,1.4,1740429267428000000,90,12599.999999999998,2025-02-24,Automatic Execution,Construction,Engineering - R and D Services,49.48,50.38,47.55,50.17,18,4.1003705451175625,5,1,0,0,0
KBR,Construction,Engineering - R and D Services,20__0,20,0.0,8. p75_trade_value,12599.999999999998,36000.0,O:KBR250321P00047500,KBR,P,47.5,2025-03-21,227,0,323,1.66,1740429187053000000,77,12782.0,2025-02-24,Single Leg Auction Non ISO,Construction,Engineering - R and D Services,49.48,50.38,47.55,50.17,16,4.106598813212537,4,1,0,0,0
KBR,Construction,Engineering - R and D Services,20__0,20,0.0,8. p75_trade_value,12599.999999999998,36000.0,O:KBR250321P00047500,KBR,P,47.5,2025-03-21,209,0,320,1.95,1740414123992000000,77,15015.0,2025-02-24,Automatic Execution,Construction,Engineering - R and D Services,49.48,50.38,47.55,50.17,14,4.176525336535,4,1,0,0,0
KBR,Construction,Engineering - R and D Services,20__0,20,0.0,8. p75_trade_value,12599.999999999998,36000.0,O:KBR250321C00050000,KBR,C,50.0,2025-03-21,231,0,301,0.95,1740581768545000000,230,21850.0,2025-02-26,Single Leg Floor Trade,Construction,Engineering - R and D Services,47.6,48.285,47.16,47.88,12,4.339451441306441,3,1,1,1,0
KBR,Construction,Engineering - R and D Services,20__0,20,0.0,8. p75_trade_value,12599.999999999998,36000.0,O:KBR250321C00050000,KBR,C,50.0,2025-03-21,231,0,301,0.9,1740581768545000000,345,31050.0,2025-02-26,Single Leg Floor Trade,Construction,Engineering - R and D Services,47.6,48.285,47.16,47.88,10,4.492061604512599,3,1,1,1,0
MAGN,Construction,Engineering - R and D Services,10__2,10,2.0,1. p999999_trade_value,132000.0,132000.0,O:MAGN250221C00022500,MAGN,C,22.5,2025-02-21,234,0,302,1.32,1738856644003000000,1000,132000.0,2025-02-06,Multi Leg Cross,Construction,Engineering - R and D Services,17.98,21.3,17.98,20.25,1,5.12057393120585,1,1,0,0,0
PWR,Construction,Engineering - R and D Services,35__1,35,1.0,5. p99_trade_value,144000.0,712000.0,O:PWR240920C00280000,PWR,C,280.0,2024-09-20,242,0,313,5.0,1724687580348000000,300,150000.0,2024-08-26,Stock Options floor trade,Construction,Engineering - R and D Services,273.28,276.31,270.37,271.01,19,5.176091259055681,1,1,1,1,0
PWR,Construction,Engineering - R and D Services,35__1,35,1.0,7. p90_trade_value,16000.0,27389.999999999996,O:PWR240920P00270000,PWR,P,270.0,2024-09-20,209,0,313,6.9,1724691297445000000,38,26220.0,2024-08-26,Automatic Execution,Construction,Engineering - R and D Services,273.28,276.31,270.37,271.01,101,4.418632687354066,2,1,0,0,0
PWR,Construction,Engineering - R and D Services,35__1,35,1.0,6. p95_trade_value,27950.0,137310.0,O:PWR240920P00240000,PWR,P,240.0,2024-09-20,235,0,300,3.5,1725565722382000000,300,105000.0,2024-09-05,Multi Leg floor trade,Construction,Engineering - R and D Services,254.92,255.13,250.15,251.39,27,5.021189299069938,1,0,0,0,1
PWR,Construction,Engineering - R and D Services,35__1,35,1.0,8. p75_trade_value,8550.0,15994.0,O:PWR240920P00210000,PWR,P,210.0,2024-09-20,227,0,308,0.5,1725636258041000000,268,13400.0,2024-09-06,Single Leg Auction Non ISO,Construction,Engineering - R and D Services,252.12,254.86,247.075,247.92,250,4.127104798364807,3,0,0,0,1
PWR,Construction,Engineering - R and D Services,35__1,35,1.0,8. p75_trade_value,8550.0,15994.0,O:PWR240920P00230000,PWR,P,230.0,2024-09-20,209,0,323,2.3,1725637856770000000,45,10349.999999999998,2024-09-06,Automatic Execution,Construction,Engineering - R and D Services,252.12,254.86,247.075,247.92,371,4.014940349792936,4,0,0,0,1
PWR,Construction,Engineering - R and D Services,35__1,35,1.0,5. p99_trade_value,144000.0,712000.0,O:PWR240920C00280000,PWR,C,280.0,2024-09-20,235,0,313,2.0,1726244808535000000,1300,260000.0,2024-09-13,Multi Leg floor trade,Construction,Engineering - R and D Services,270.45,272.7,268.16,269.54,7,5.414973347970818,1,1,1,1,0
PWR,Construction,Engineering - R and D Services,35__1,35,1.0,8. p75_trade_value,8550.0,15994.0,O:PWR241018C00300000,PWR,C,300.0,2024-10-18,233,0,312,5.54,1726771438918000000,27,14958.000000000002,2024-09-19,Multi Leg Auction,Construction,Engineering - R and D Services,281.48,291.71,277.53,289.73,219,4.174873528887417,3,1,1,1,0
PWR,Construction,Engineering - R and D Services,35__1,35,1.0,8. p75_trade_value,8550.0,15994.0,O:PWR241018C00300000,PWR,C,300.0,2024-10-18,209,0,315,5.6,1726772745121000000,16,8960.0,2024-09-19,Automatic Execution,Construction,Engineering - R and D Services,281.48,291.71,277.53,289.73,448,3.9523080096621253,5,1,1,1,0
PWR,Construction,Engineering - R and D Services,35__1,35,1.0,6. p95_trade_value,27950.0,137310.0,O:PWR241018C00300000,PWR,C,300.0,2024-10-18,233,0,312,5.55,1726771438918000000,82,45510.0,2024-09-19,Multi Leg Auction,Construction,Engineering - R and D Services,281.48,291.71,277.53,289.73,61,4.658106835506393,1,1,1,1,0
PWR,Construction,Engineering - R and D Services,35__1,35,1.0,6. p95_trade_value,27950.0,137310.0,O:PWR241018C00300000,PWR,C,300.0,2024-10-18,227,0,301,5.71,1726772745220000000,71,40541.0,2024-09-19,Single Leg Auction Non ISO,Construction,Engineering - R and D Services,281.48,291.71,277.53,289.73,65,4.607894456964924,1,1,1,1,0
PWR,Construction,Engineering - R and D Services,35__1,35,1.0,7. p90_trade_value,16000.0,27389.999999999996,O:PWR241018C00310000,PWR,C,310.0,2024-10-18,209,0,322,2.85,1726772072393000000,80,22800.0,2024-09-19,Automatic Execution,Construction,Engineering - R and D Services,281.48,291.71,277.53,289.73,123,4.357934847000454,2,1,1,1,0
PWR,Construction,Engineering - R and D Services,35__1,35,1.0,8. p75_trade_value,8550.0,15994.0,O:PWR241018C00310000,PWR,C,310.0,2024-10-18,227,0,323,3.0,1726861800577000000,29,8700.0,2024-09-20,Single Leg Auction Non ISO,Construction,Engineering - R and D Services,286.97,293.8,281.6,290.89,469,3.9395192526186187,5,1,1,1,0
PWR,Construction,Engineering - R and D Services,35__1,35,1.0,8. p75_trade_value,8550.0,15994.0,O:PWR241018C00300000,PWR,C,300.0,2024-10-18,219,0,315,8.1,1727121427263000000,12,9719.999999999998,2024-09-23,Intermarket Sweep Order,Construction,Engineering - R and D Services,293.41,298.185,291.16,296.13,402,3.9876662649262746,5,1,1,1,0
PWR,Construction,Engineering - R and D Services,35__1,35,1.0,8. p75_trade_value,8550.0,15994.0,O:PWR241018C00310000,PWR,C,310.0,2024-10-18,227,0,323,4.77,1727113441896000000,20,9540.0,2024-09-23,Single Leg Auction Non ISO,Construction,Engineering - R and D Services,293.41,298.185,291.16,296.13,411,3.979548374704095,5,1,1,1,0
PWR,Construction,Engineering - R and D Services,35__1,35,1.0,5. p99_trade_value,144000.0,712000.0,O:PWR241018C00310000,PWR,C,310.0,2024-10-18,233,0,308,5.45,1727287327763000000,692,377140.0,2024-09-25,Multi Leg Auction,Construction,Engineering - R and D Services,299.02,302.24,296.83,297.94,6,5.5765025967334,1,1,1,1,0
PWR,Construction,Engineering - R and D Services,35__1,35,1.0,8. p75_trade_value,8550.0,15994.0,O:PWR241018P00260000,PWR,P,260.0,2024-10-18,227,0,302,0.45,1727883295518000000,287,12915.0,2024-10-02,Single Leg Auction Non ISO,Construction,Engineering - R and D Services,295.04,299.6,293.41,299.09,260,4.111094410509336,3,0,0,0,1
PWR,Construction,Engineering - R and D Services,35__1,35,1.0,8. p75_trade_value,8550.0,15994.0,O:PWR241018P00300000,PWR,P,300.0,2024-10-18,209,0,313,6.0,1728064669830000000,24,14400.0,2024-10-04,Automatic Execution,Construction,Engineering - R and D Services,305.0,306.46,301.0032,305.72,230,4.158362492095249,3,0,0,0,1
PWR,Construction,Engineering - R and D Services,35__1,35,1.0,8. p75_trade_value,8550.0,15994.0,O:PWR241018P00300000,PWR,P,300.0,2024-10-18,219,0,315,3.8,1728322684563000000,36,13679.999999999998,2024-10-07,Intermarket Sweep Order,Construction,Engineering - R and D Services,301.35,308.31,301.35,307.51,245,4.136086097384097,3,0,0,0,1
PWR,Construction,Engineering - R and D Services,35__1,35,1.0,7. p90_trade_value,16000.0,27389.999999999996,O:PWR241115C00340000,PWR,C,340.0,2024-11-15,233,0,312,4.25,1729093991538000000,47,19975.0,2024-10-16,Multi Leg Auction,Construction,Engineering - R and D Services,307.36,313.7559,306.3673,312.22,142,4.300486787986029,2,0,0,0,1
PWR,Construction,Engineering - R and D Services,35__1,35,1.0,6. p95_trade_value,27950.0,137310.0,O:PWR241115C00340000,PWR,C,340.0,2024-11-15,233,0,312,4.26,1729093991538000000,67,28541.999999999996,2024-10-16,Multi Leg Auction,Construction,Engineering - R and D Services,307.36,313.7559,306.3673,312.22,95,4.455484401803545,1,0,0,0,1
PWR,Construction,Engineering - R and D Services,35__1,35,1.0,5. p99_trade_value,144000.0,712000.0,O:PWR241115P00300000,PWR,P,300.0,2024-11-15,227,0,323,8.7,1729174473728000000,249,216629.99999999997,2024-10-17,Single Leg Auction Non ISO,Construction,Engineering - R and D Services,316.2,316.2843,311.6501,313.14,9,5.335718599714355,1,1,0,0,0
PWR,Construction,Engineering - R and D Services,35__1,35,1.0,5. p99_trade_value,144000.0,712000.0,O:PWR241115P00300000,PWR,P,300.0,2024-11-15,227,0,302,8.7,1729174473728000000,249,216629.99999999997,2024-10-17,Single Leg Auction Non ISO,Construction,Engineering - R and D Services,316.2,316.2843,311.6501,313.14,10,5.335718599714355,1,1,0,0,0
PWR,Construction,Engineering - R and D Services,35__1,35,1.0,8. p75_trade_value,8550.0,15994.0,O:PWR241115P00300000,PWR,P,300.0,2024-11-15,209,0,319,7.8,1729187190272000000,15,11700.0,2024-10-17,Automatic Execution,Construction,Engineering - R and D Services,316.2,316.2843,311.6501,313.14,302,4.068185861746161,4,1,0,0,0
PWR,Construction,Engineering - R and D Services,35__1,35,1.0,8. p75_trade_value,8550.0,15994.0,O:PWR241115P00300000,PWR,P,300.0,2024-11-15,232,0,304,8.55,1729192599047000000,10,8550.0,2024-10-17,Multi Leg auto-electronic trade,Construction,Engineering - R and D Services,316.2,316.2843,311.6501,313.14,485,3.931966114728173,5,1,0,0,0
PWR,Construction,Engineering - R and D Services,35__1,35,1.0,8. p75_trade_value,8550.0,15994.0,O:PWR241115P00300000,PWR,P,300.0,2024-11-15,232,0,304,8.64,1729192653151000000,10,8640.0,2024-10-17,Multi Leg auto-electronic trade,Construction,Engineering - R and D Services,316.2,316.2843,311.6501,313.14,472,3.936513742478893,5,1,0,0,0
PWR,Construction,Engineering - R and D Services,35__1,35,1.0,8. p75_trade_value,8550.0,15994.0,O:PWR241115P00300000,PWR,P,300.0,2024-11-15,232,0,304,8.55,1729192611218000000,10,8550.0,2024-10-17,Multi Leg auto-electronic trade,Construction,Engineering - R and D Services,316.2,316.2843,311.6501,313.14,488,3.931966114728173,6,1,0,0,0
PWR,Construction,Engineering - R and D Services,35__1,35,1.0,8. p75_trade_value,8550.0,15994.0,O:PWR241115P00300000,PWR,P,300.0,2024-11-15,232,0,304,8.56,1729192601762000000,10,8560.0,2024-10-17,Multi Leg auto-electronic trade,Construction,Engineering - R and D Services,316.2,316.2843,311.6501,313.14,483,3.932473764677153,5,1,0,0,0
PWR,Construction,Engineering - R and D Services,35__1,35,1.0,8. p75_trade_value,8550.0,15994.0,O:PWR241115P00300000,PWR,P,300.0,2024-11-15,232,0,322,8.56,1729192601762000000,10,8560.0,2024-10-17,Multi Leg auto-electronic trade,Construction,Engineering - R and D Services,316.2,316.2843,311.6501,313.14,484,3.932473764677153,5,1,0,0,0
PWR,Construction,Engineering - R and D Services,35__1,35,1.0,8. p75_trade_value,8550.0,15994.0,O:PWR241115P00300000,PWR,P,300.0,2024-11-15,209,0,313,7.8,1729187190328000000,15,11700.0,2024-10-17,Automatic Execution,Construction,Engineering - R and D Services,316.2,316.2843,311.6501,313.14,301,4.068185861746161,4,1,0,0,0
PWR,Construction,Engineering - R and D Services,35__1,35,1.0,8. p75_trade_value,8550.0,15994.0,O:PWR241115P00300000,PWR,P,300.0,2024-11-15,209,0,313,7.8,1729187190328000000,15,11700.0,2024-10-17,Automatic Execution,Construction,Engineering - R and D Services,316.2,316.2843,311.6501,313.14,300,4.068185861746161,4,1,0,0,0
PWR,Construction,Engineering - R and D Services,35__1,35,1.0,8. p75_trade_value,8550.0,15994.0,O:PWR241115P00300000,PWR,P,300.0,2024-11-15,209,0,313,7.8,1729187190328000000,15,11700.0,2024-10-17,Automatic Execution,Construction,Engineering - R and D Services,316.2,316.2843,311.6501,313.14,299,4.068185861746161,4,1,0,0,0
PWR,Construction,Engineering - R and D Services,35__1,35,1.0,8. p75_trade_value,8550.0,15994.0,O:PWR241115P00300000,PWR,P,300.0,2024-11-15,209,0,313,7.8,1729187190272000000,13,10140.0,2024-10-17,Automatic Execution,Construction,Engineering - R and D Services,316.2,316.2843,311.6501,313.14,380,4.006037954997317,4,1,0,0,0
PWR,Construction,Engineering - R and D Services,35__1,35,1.0,8. p75_trade_value,8550.0,15994.0,O:PWR241115C00320000,PWR,C,320.0,2024-11-15,209,0,313,10.8,1729274482023000000,8,8640.0,2024-10-18,Automatic Execution,Construction,Engineering - R and D Services,314.1,314.71,310.63,314.27,471,3.936513742478893,5,1,1,1,0
PWR,Construction,Engineering - R and D Services,35__1,35,1.0,7. p90_trade_value,16000.0,27389.999999999996,O:PWR241115C00340000,PWR,C,340.0,2024-11-15,209,0,323,4.7,1729281575457000000,49,23030.0,2024-10-18,Automatic Execution,Construction,Engineering - R and D Services,314.1,314.71,310.63,314.27,117,4.362293937964231,2,0,0,0,1
PWR,Construction,Engineering - R and D Services,35__1,35,1.0,8. p75_trade_value,8550.0,15994.0,O:PWR241115P00300000,PWR,P,300.0,2024-11-15,209,0,315,7.9,1729272398809000000,13,10270.0,2024-10-18,Automatic Execution,Construction,Engineering - R and D Services,314.1,314.71,310.63,314.27,375,4.011570443597278,4,1,0,0,0
PWR,Construction,Engineering - R and D Services,35__1,35,1.0,8. p75_trade_value,8550.0,15994.0,O:PWR241115P00310000,PWR,P,310.0,2024-11-15,209,0,318,12.2,1729280008258000000,8,9760.0,2024-10-18,Automatic Execution,Construction,Engineering - R and D Services,314.1,314.71,310.63,314.27,401,3.9894498176666917,5,1,0,0,0
PWR,Construction,Engineering - R and D Services,35__1,35,1.0,8. p75_trade_value,8550.0,15994.0,O:PWR241115P00310000,PWR,P,310.0,2024-11-15,209,0,313,11.5,1729275354529000000,13,14950.0,2024-10-18,Automatic Execution,Construction,Engineering - R and D Services,314.1,314.71,310.63,314.27,220,4.174641192660449,3,1,0,0,0
PWR,Construction,Engineering - R and D Services,35__1,35,1.0,8. p75_trade_value,8550.0,15994.0,O:PWR241115P00310000,PWR,P,310.0,2024-11-15,209,0,319,12.2,1729280008258000000,10,12200.0,2024-10-18,Automatic Execution,Construction,Engineering - R and D Services,314.1,314.71,310.63,314.27,283,4.086359830674748,3,1,0,0,0
PWR,Construction,Engineering - R and D Services,35__1,35,1.0,8. p75_trade_value,8550.0,15994.0,O:PWR241115P00310000,PWR,P,310.0,2024-11-15,209,0,313,10.4,1729520552641000000,10,10400.0,2024-10-21,Automatic Execution,Construction,Engineering - R and D Services,314.57,317.91,313.76,317.64,367,4.017033339298781,4,1,0,0,0
PWR,Construction,Engineering - R and D Services,35__1,35,1.0,8. p75_trade_value,8550.0,15994.0,O:PWR241115P00300000,PWR,P,300.0,2024-11-15,209,0,315,10.0,1729713128783000000,9,9000.0,2024-10-23,Automatic Execution,Construction,Engineering - R and D Services,313.16,314.99,305.29,306.63,443,3.9542425094393248,5,1,0,0,0
PWR,Construction,Engineering - R and D Services,35__1,35,1.0,6. p95_trade_value,27950.0,137310.0,O:PWR241115C00320000,PWR,C,320.0,2024-11-15,209,0,308,9.3,1729791034589000000,108,100440.00000000001,2024-10-24,Automatic Execution,Construction,Engineering - R and D Services,308.83,310.97,306.925,309.87,30,5.001906704040885,1,1,1,1,0
PWR,Construction,Engineering - R and D Services,35__1,35,1.0,8. p75_trade_value,8550.0,15994.0,O:PWR241115P00260000,PWR,P,260.0,2024-11-15,209,0,325,1.15,1729874449763000000,101,11615.0,2024-10-25,Automatic Execution,Construction,Engineering - R and D Services,310.94,311.13,306.38,308.17,305,4.065019214136254,4,0,0,0,1
PWR,Construction,Engineering - R and D Services,35__1,35,1.0,8. p75_trade_value,8550.0,15994.0,O:PWR241115P00260000,PWR,P,260.0,2024-11-15,209,0,307,1.15,1729874449901000000,91,10465.0,2024-10-25,Automatic Execution,Construction,Engineering - R and D Services,310.94,311.13,306.38,308.17,364,4.019739232674706,4,0,0,0,1
PWR,Construction,Engineering - R and D Services,35__1,35,1.0,8. p75_trade_value,8550.0,15994.0,O:PWR241115P00260000,PWR,P,260.0,2024-11-15,209,0,312,1.15,1729874449901000000,88,10119.999999999998,2024-10-25,Automatic Execution,Construction,Engineering - R and D Services,310.94,311.13,306.38,308.17,381,4.00518051250378,4,0,0,0,1
PWR,Construction,Engineering - R and D Services,35__1,35,1.0,7. p90_trade_value,16000.0,27389.999999999996,O:PWR241115P00260000,PWR,P,260.0,2024-11-15,209,0,304,1.15,1729874449763000000,164,18860.0,2024-10-25,Automatic Execution,Construction,Engineering - R and D Services,310.94,311.13,306.38,308.17,147,4.27554168840131,2,0,0,0,1
PWR,Construction,Engineering - R and D Services,35__1,35,1.0,8. p75_trade_value,8550.0,15994.0,O:PWR241115P00260000,PWR,P,260.0,2024-11-15,209,0,302,1.15,1729874449763000000,104,11960.0,2024-10-25,Automatic Execution,Construction,Engineering - R and D Services,310.94,311.13,306.38,308.17,291,4.077731179652392,3,0,0,0,1
PWR,Construction,Engineering - R and D Services,35__1,35,1.0,8. p75_trade_value,8550.0,15994.0,O:PWR241115C00330000,PWR,C,330.0,2024-11-15,219,0,323,6.7,1730135617020000000,20,13400.0,2024-10-28,Intermarket Sweep Order,Construction,Engineering - R and D Services,310.72,315.3,309.9,313.36,251,4.127104798364807,3,1,0,0,0
PWR,Construction,Engineering - R and D Services,35__1,35,1.0,4. p999_trade_value,1034000.0,1034000.0,O:PWR241115C00320000,PWR,C,320.0,2024-11-15,235,0,323,9.4,1730299233643000000,1100,1034000.0,2024-10-30,Multi Leg floor trade,Construction,Engineering - R and D Services,311.34,315.88,310.96,311.63,2,6.014520538757924,1,1,1,1,0
PWR,Construction,Engineering - R and D Services,35__1,35,1.0,8. p75_trade_value,8550.0,15994.0,O:PWR241115C00340000,PWR,C,340.0,2024-11-15,219,0,323,3.2,1730300339788000000,30,9600.0,2024-10-30,Intermarket Sweep Order,Construction,Engineering - R and D Services,311.34,315.88,310.96,311.63,405,3.9822712330395684,5,0,0,0,1
PWR,Construction,Engineering - R and D Services,35__1,35,1.0,8. p75_trade_value,8550.0,15994.0,O:PWR241115C00340000,PWR,C,340.0,2024-11-15,209,0,325,2.9,1730318116506000000,39,11310.0,2024-10-30,Automatic Execution,Construction,Engineering - R and D Services,311.34,315.88,310.96,311.63,321,4.053462604925455,4,0,0,0,1
PWR,Construction,Engineering - R and D Services,35__1,35,1.0,7. p90_trade_value,16000.0,27389.999999999996,O:PWR241115C00340000,PWR,C,340.0,2024-11-15,227,0,308,3.21,1730298132512000000,76,24396.0,2024-10-30,Single Leg Auction Non ISO,Construction,Engineering - R and D Services,311.34,315.88,310.96,311.63,112,4.387318624685664,2,0,0,0,1
PWR,Construction,Engineering - R and D Services,35__1,35,1.0,5. p99_trade_value,144000.0,712000.0,O:PWR241115C00340000,PWR,C,340.0,2024-11-15,227,0,308,3.2,1730298132512000000,522,167040.0,2024-10-30,Single Leg Auction Non ISO,Construction,Engineering - R and D Services,311.34,315.88,310.96,311.63,17,5.222820481322168,1,0,0,0,1
PWR,Construction,Engineering - R and D Services,35__1,35,1.0,8. p75_trade_value,8550.0,15994.0,O:PWR241115P00270000,PWR,P,270.0,2024-11-15,209,0,325,1.05,1730318078776000000,100,10500.0,2024-10-30,Automatic Execution,Construction,Engineering - R and D Services,311.34,315.88,310.96,311.63,359,4.021189299069938,4,0,0,0,1
PWR,Construction,Engineering - R and D Services,35__1,35,1.0,8. p75_trade_value,8550.0,15994.0,O:PWR241115P00270000,PWR,P,270.0,2024-11-15,209,0,325,1.05,1730318070943000000,100,10500.0,2024-10-30,Automatic Execution,Construction,Engineering - R and D Services,311.34,315.88,310.96,311.63,360,4.021189299069938,4,0,0,0,1
PWR,Construction,Engineering - R and D Services,35__1,35,1.0,8. p75_trade_value,8550.0,15994.0,O:PWR241115P00300000,PWR,P,300.0,2024-11-15,209,0,312,7.0,1730307188781000000,22,15400.0,2024-10-30,Automatic Execution,Construction,Engineering - R and D Services,311.34,315.88,310.96,311.63,212,4.187520720836463,3,1,0,0,0
PWR,Construction,Engineering - R and D Services,35__1,35,1.0,7. p90_trade_value,16000.0,27389.999999999996,O:PWR241115P00300000,PWR,P,300.0,2024-11-15,209,0,316,7.5,1730308294757000000,27,20250.0,2024-10-30,Automatic Execution,Construction,Engineering - R and D Services,311.34,315.88,310.96,311.63,140,4.306425027550687,2,1,0,0,0
PWR,Construction,Engineering - R and D Services,35__1,35,1.0,6. p95_trade_value,27950.0,137310.0,O:PWR241115P00300000,PWR,P,300.0,2024-11-15,209,0,312,7.0,1730307184927000000,48,33600.0,2024-10-30,Automatic Execution,Construction,Engineering - R and D Services,311.34,315.88,310.96,311.63,79,4.526339277389844,1,1,0,0,0
PWR,Construction,Engineering - R and D Services,35__1,35,1.0,6. p95_trade_value,27950.0,137310.0,O:PWR241115P00300000,PWR,P,300.0,2024-11-15,209,0,301,7.0,1730307170495000000,117,81900.0,2024-10-30,Automatic Execution,Construction,Engineering - R and D Services,311.34,315.88,310.96,311.63,40,4.913283901760418,1,1,0,0,0
PWR,Construction,Engineering - R and D Services,35__1,35,1.0,6. p95_trade_value,27950.0,137310.0,O:PWR241115P00300000,PWR,P,300.0,2024-11-15,209,0,312,7.5,1730308294740000000,119,89250.0,2024-10-30,Automatic Execution,Construction,Engineering - R and D Services,311.34,315.88,310.96,311.63,36,4.950608224784231,1,1,0,0,0
PWR,Construction,Engineering - R and D Services,35__1,35,1.0,6. p95_trade_value,27950.0,137310.0,O:PWR241115P00300000,PWR,P,300.0,2024-11-15,209,0,312,7.5,1730308295252000000,51,38250.0,2024-10-30,Automatic Execution,Construction,Engineering - R and D Services,311.34,315.88,310.96,311.63,70,4.582631439489637,1,1,0,0,0
PWR,Construction,Engineering - R and D Services,35__1,35,1.0,6. p95_trade_value,27950.0,137310.0,O:PWR241115P00300000,PWR,P,300.0,2024-11-15,209,0,312,7.0,1730307181087000000,49,34300.0,2024-10-30,Automatic Execution,Construction,Engineering - R and D Services,311.34,315.88,310.96,311.63,75,4.535294120042771,1,1,0,0,0
PWR,Construction,Engineering - R and D Services,35__1,35,1.0,6. p95_trade_value,27950.0,137310.0,O:PWR241115P00300000,PWR,P,300.0,2024-11-15,209,0,312,7.0,1730307184930000000,48,33600.0,2024-10-30,Automatic Execution,Construction,Engineering - R and D Services,311.34,315.88,310.96,311.63,80,4.526339277389844,1,1,0,0,0
PWR,Construction,Engineering - R and D Services,35__1,35,1.0,8. p75_trade_value,8550.0,15994.0,O:PWR241115P00300000,PWR,P,300.0,2024-11-15,209,0,312,7.5,1730308294748000000,19,14250.0,2024-10-30,Automatic Execution,Construction,Engineering - R and D Services,311.34,315.88,310.96,311.63,234,4.153814864344529,3,1,0,0,0
PWR,Construction,Engineering - R and D Services,35__1,35,1.0,6. p95_trade_value,27950.0,137310.0,O:PWR241115P00300000,PWR,P,300.0,2024-11-15,209,0,312,7.5,1730308295244000000,81,60750.0,2024-10-30,Automatic Execution,Construction,Engineering - R and D Services,311.34,315.88,310.96,311.63,51,4.78354628227035,1,1,0,0,0
PWR,Construction,Engineering - R and D Services,35__1,35,1.0,8. p75_trade_value,8550.0,15994.0,O:PWR241115P00300000,PWR,P,300.0,2024-11-15,209,0,316,7.5,1730308295254000000,20,15000.0,2024-10-30,Automatic Execution,Construction,Engineering - R and D Services,311.34,315.88,310.96,311.63,218,4.176091259055681,3,1,0,0,0
PWR,Construction,Engineering - R and D Services,35__1,35,1.0,7. p90_trade_value,16000.0,27389.999999999996,O:PWR241115P00300000,PWR,P,300.0,2024-11-15,231,0,301,7.1,1730308717702000000,36,25560.0,2024-10-30,Single Leg Floor Trade,Construction,Engineering - R and D Services,311.34,315.88,310.96,311.63,105,4.407560849486362,2,1,0,0,0
PWR,Construction,Engineering - R and D Services,35__1,35,1.0,7. p90_trade_value,16000.0,27389.999999999996,O:PWR241115P00300000,PWR,P,300.0,2024-11-15,231,0,301,7.2,1730308717702000000,36,25920.0,2024-10-30,Single Leg Floor Trade,Construction,Engineering - R and D Services,311.34,315.88,310.96,311.63,103,4.413634997198556,2,1,0,0,0
PWR,Construction,Engineering - R and D Services,35__1,35,1.0,7. p90_trade_value,16000.0,27389.999999999996,O:PWR241115P00300000,PWR,P,300.0,2024-11-15,209,0,312,7.5,1730308295257000000,23,17250.0,2024-10-30,Automatic Execution,Construction,Engineering - R and D Services,311.34,315.88,310.96,311.63,174,4.236789099409293,2,1,0,0,0
PWR,Construction,Engineering - R and D Services,35__1,35,1.0,7. p90_trade_value,16000.0,27389.999999999996,O:PWR241115P00300000,PWR,P,300.0,2024-11-15,209,0,323,7.0,1730307170493000000,30,21000.0,2024-10-30,Automatic Execution,Construction,Engineering - R and D Services,311.34,315.88,310.96,311.63,133,4.3222192947339195,2,1,0,0,0
PWR,Construction,Engineering - R and D Services,35__1,35,1.0,7. p90_trade_value,16000.0,27389.999999999996,O:PWR241115P00300000,PWR,P,300.0,2024-11-15,209,0,312,7.5,1730308294754000000,29,21750.0,2024-10-30,Automatic Execution,Construction,Engineering - R and D Services,311.34,315.88,310.96,311.63,129,4.337459261290656,2,1,0,0,0
PWR,Construction,Engineering - R and D Services,35__1,35,1.0,8. p75_trade_value,8550.0,15994.0,O:PWR241115P00300000,PWR,P,300.0,2024-11-15,209,0,312,7.5,1730308297299000000,12,9000.0,2024-10-30,Automatic Execution,Construction,Engineering - R and D Services,311.34,315.88,310.96,311.63,439,3.9542425094393248,5,1,0,0,0
PWR,Construction,Engineering - R and D Services,35__1,35,1.0,8. p75_trade_value,8550.0,15994.0,O:PWR241115P00300000,PWR,P,300.0,2024-11-15,209,0,312,7.4,1730308295241000000,15,11100.0,2024-10-30,Automatic Execution,Construction,Engineering - R and D Services,311.34,315.88,310.96,311.63,329,4.045322978786658,4,1,0,0,0
PWR,Construction,Engineering - R and D Services,35__1,35,1.0,6. p95_trade_value,27950.0,137310.0,O:PWR241115P00300000,PWR,P,300.0,2024-11-15,209,0,312,7.5,1730308294752000000,79,59250.0,2024-10-30,Automatic Execution,Construction,Engineering - R and D Services,311.34,315.88,310.96,311.63,52,4.772688354682141,1,1,0,0,0
PWR,Construction,Engineering - R and D Services,35__1,35,1.0,7. p90_trade_value,16000.0,27389.999999999996,O:PWR241115P00300000,PWR,P,300.0,2024-11-15,209,0,316,7.0,1730307184932000000,26,18200.0,2024-10-30,Automatic Execution,Construction,Engineering - R and D Services,311.34,315.88,310.96,311.63,153,4.260071387985075,2,1,0,0,0
PWR,Construction,Engineering - R and D Services,35__1,35,1.0,6. p95_trade_value,27950.0,137310.0,O:PWR241115P00300000,PWR,P,300.0,2024-11-15,209,0,312,6.9,1730307170499000000,62,42780.0,2024-10-30,Automatic Execution,Construction,Engineering - R and D Services,311.34,315.88,310.96,311.63,64,4.631240780235509,1,1,0,0,0
PWR,Construction,Engineering - R and D Services,35__1,35,1.0,8. p75_trade_value,8550.0,15994.0,O:PWR241115P00310000,PWR,P,310.0,2024-11-15,209,0,313,9.4,1730303474356000000,10,9400.0,2024-10-30,Automatic Execution,Construction,Engineering - R and D Services,311.34,315.88,310.96,311.63,419,3.9731278535996988,5,1,0,0,0
PWR,Construction,Engineering - R and D Services,35__1,35,1.0,7. p90_trade_value,16000.0,27389.999999999996,O:PWR241115C00310000,PWR,C,310.0,2024-11-15,232,0,302,7.7,1730386687571000000,26,20020.0,2024-10-31,Multi Leg auto-electronic trade,Construction,Engineering - R and D Services,299.14,307.32,293.26,301.63,141,4.3014640731433,2,1,1,1,0
PWR,Construction,Engineering - R and D Services,35__1,35,1.0,7. p90_trade_value,16000.0,27389.999999999996,O:PWR241115C00310000,PWR,C,310.0,2024-11-15,209,0,316,8.3,1730388234304000000,21,17430.0,2024-10-31,Automatic Execution,Construction,Engineering - R and D Services,299.14,307.32,293.26,301.63,167,4.241297387109993,2,1,1,1,0
PWR,Construction,Engineering - R and D Services,35__1,35,1.0,8. p75_trade_value,8550.0,15994.0,O:PWR241115C00310000,PWR,C,310.0,2024-11-15,209,0,316,8.7,1730389799087000000,11,9569.999999999998,2024-10-31,Automatic Execution,Construction,Engineering - R and D Services,299.14,307.32,293.26,301.63,409,3.9809119377768436,5,1,1,1,0
PWR,Construction,Engineering - R and D Services,35__1,35,1.0,8. p75_trade_value,8550.0,15994.0,O:PWR241115C00310000,PWR,C,310.0,2024-11-15,209,0,315,8.0,1730387684782000000,17,13600.0,2024-10-31,Automatic Execution,Construction,Engineering - R and D Services,299.14,307.32,293.26,301.63,246,4.133538908370218,3,1,1,1,0
PWR,Construction,Engineering - R and D Services,35__1,35,1.0,7. p90_trade_value,16000.0,27389.999999999996,O:PWR241115C00310000,PWR,C,310.0,2024-11-15,232,0,301,7.7,1730386687565000000,30,23100.0,2024-10-31,Multi Leg auto-electronic trade,Construction,Engineering - R and D Services,299.14,307.32,293.26,301.63,115,4.363611979892144,2,1,1,1,0
PWR,Construction,Engineering - R and D Services,35__1,35,1.0,7. p90_trade_value,16000.0,27389.999999999996,O:PWR241115C00310000,PWR,C,310.0,2024-11-15,209,0,316,8.0,1730387832576000000,21,16800.0,2024-10-31,Automatic Execution,Construction,Engineering - R and D Services,299.14,307.32,293.26,301.63,184,4.225309281725863,2,1,1,1,0
PWR,Construction,Engineering - R and D Services,35__1,35,1.0,7. p90_trade_value,16000.0,27389.999999999996,O:PWR241115C00310000,PWR,C,310.0,2024-11-15,209,0,316,8.0,1730387685349000000,21,16800.0,2024-10-31,Automatic Execution,Construction,Engineering - R and D Services,299.14,307.32,293.26,301.63,183,4.225309281725863,2,1,1,1,0
PWR,Construction,Engineering - R and D Services,35__1,35,1.0,7. p90_trade_value,16000.0,27389.999999999996,O:PWR241115C00310000,PWR,C,310.0,2024-11-15,209,0,316,8.0,1730387684769000000,21,16800.0,2024-10-31,Automatic Execution,Construction,Engineering - R and D Services,299.14,307.32,293.26,301.63,181,4.225309281725863,2,1,1,1,0
PWR,Construction,Engineering - R and D Services,35__1,35,1.0,7. p90_trade_value,16000.0,27389.999999999996,O:PWR241115C00310000,PWR,C,310.0,2024-11-15,209,0,316,8.3,1730388234297000000,21,17430.0,2024-10-31,Automatic Execution,Construction,Engineering - R and D Services,299.14,307.32,293.26,301.63,166,4.241297387109993,2,1,1,1,0
PWR,Construction,Engineering - R and D Services,35__1,35,1.0,7. p90_trade_value,16000.0,27389.999999999996,O:PWR241115C00310000,PWR,C,310.0,2024-11-15,209,0,316,8.0,1730387685342000000,21,16800.0,2024-10-31,Automatic Execution,Construction,Engineering - R and D Services,299.14,307.32,293.26,301.63,182,4.225309281725863,2,1,1,1,0
PWR,Construction,Engineering - R and D Services,35__1,35,1.0,7. p90_trade_value,16000.0,27389.999999999996,O:PWR241115C00310000,PWR,C,310.0,2024-11-15,232,0,313,7.7,1730386687565000000,32,24640.0,2024-10-31,Multi Leg auto-electronic trade,Construction,Engineering - R and D Services,299.14,307.32,293.26,301.63,111,4.391640703492388,2,1,1,1,0
PWR,Construction,Engineering - R and D Services,35__1,35,1.0,7. p90_trade_value,16000.0,27389.999999999996,O:PWR241115C00310000,PWR,C,310.0,2024-11-15,209,0,316,8.3,1730388193904000000,21,17430.0,2024-10-31,Automatic Execution,Construction,Engineering - R and D Services,299.14,307.32,293.26,301.63,168,4.241297387109993,2,1,1,1,0
PWR,Construction,Engineering - R and D Services,35__1,35,1.0,8. p75_trade_value,8550.0,15994.0,O:PWR241115C00320000,PWR,C,320.0,2024-11-15,232,0,304,4.2,1730386659508000000,30,12600.0,2024-10-31,Multi Leg auto-electronic trade,Construction,Engineering - R and D Services,299.14,307.32,293.26,301.63,267,4.1003705451175625,3,1,1,1,0
PWR,Construction,Engineering - R and D Services,35__1,35,1.0,8. p75_trade_value,8550.0,15994.0,O:PWR241115C00320000,PWR,C,320.0,2024-11-15,232,0,301,4.2,1730386659504000000,30,12600.0,2024-10-31,Multi Leg auto-electronic trade,Construction,Engineering - R and D Services,299.14,307.32,293.26,301.63,268,4.1003705451175625,3,1,1,1,0
PWR,Construction,Engineering - R and D Services,35__1,35,1.0,8. p75_trade_value,8550.0,15994.0,O:PWR241115C00320000,PWR,C,320.0,2024-11-15,209,0,316,4.1,1730386660373000000,21,8610.0,2024-10-31,Automatic Execution,Construction,Engineering - R and D Services,299.14,307.32,293.26,301.63,475,3.935003151453655,5,1,1,1,0
PWR,Construction,Engineering - R and D Services,35__1,35,1.0,8. p75_trade_value,8550.0,15994.0,O:PWR241115C00320000,PWR,C,320.0,2024-11-15,232,0,302,4.2,1730386659504000000,33,13860.0,2024-10-31,Multi Leg auto-electronic trade,Construction,Engineering - R and D Services,299.14,307.32,293.26,301.63,240,4.141763230275788,3,1,1,1,0
PWR,Construction,Engineering - R and D Services,35__1,35,1.0,8. p75_trade_value,8550.0,15994.0,O:PWR241115C00320000,PWR,C,320.0,2024-11-15,232,0,308,4.17,1730386659404000000,30,12510.0,2024-10-31,Multi Leg auto-electronic trade,Construction,Engineering - R and D Services,299.14,307.32,293.26,301.63,271,4.09725730969342,3,1,1,1,0
PWR,Construction,Engineering - R and D Services,35__1,35,1.0,8. p75_trade_value,8550.0,15994.0,O:PWR241115C00320000,PWR,C,320.0,2024-11-15,232,0,313,4.17,1730386659504000000,30,12510.0,2024-10-31,Multi Leg auto-electronic trade,Construction,Engineering - R and D Services,299.14,307.32,293.26,301.63,270,4.09725730969342,3,1,1,1,0
PWR,Construction,Engineering - R and D Services,35__1,35,1.0,8. p75_trade_value,8550.0,15994.0,O:PWR241115C00320000,PWR,C,320.0,2024-11-15,232,0,312,4.2,1730386659804000000,30,12600.0,2024-10-31,Multi Leg auto-electronic trade,Construction,Engineering - R and D Services,299.14,307.32,293.26,301.63,266,4.1003705451175625,3,1,1,1,0
PWR,Construction,Engineering - R and D Services,35__1,35,1.0,8. p75_trade_value,8550.0,15994.0,O:PWR241115C00320000,PWR,C,320.0,2024-11-15,232,0,302,4.2,1730386660373000000,21,8820.0,2024-10-31,Multi Leg auto-electronic trade,Construction,Engineering - R and D Services,299.14,307.32,293.26,301.63,457,3.94546858513182,5,1,1,1,0
PWR,Construction,Engineering - R and D Services,35__1,35,1.0,7. p90_trade_value,16000.0,27389.999999999996,O:PWR241115C00320000,PWR,C,320.0,2024-11-15,232,0,322,4.2,1730386659506000000,39,16380.000000000002,2024-10-31,Multi Leg auto-electronic trade,Construction,Engineering - R and D Services,299.14,307.32,293.26,301.63,189,4.214313897424399,2,1,1,1,0
PWR,Construction,Engineering - R and D Services,35__1,35,1.0,7. p90_trade_value,16000.0,27389.999999999996,O:PWR241115P00290000,PWR,P,290.0,2024-11-15,232,0,302,5.2,1730386659504000000,33,17160.0,2024-10-31,Multi Leg auto-electronic trade,Construction,Engineering - R and D Services,299.14,307.32,293.26,301.63,176,4.2345172835126865,2,0,0,0,1
PWR,Construction,Engineering - R and D Services,35__1,35,1.0,8. p75_trade_value,8550.0,15994.0,O:PWR241115P00290000,PWR,P,290.0,2024-11-15,232,0,301,5.2,1730386659504000000,30,15600.0,2024-10-31,Multi Leg auto-electronic trade,Construction,Engineering - R and D Services,299.14,307.32,293.26,301.63,207,4.193124598354461,3,0,0,0,1
PWR,Construction,Engineering - R and D Services,35__1,35,1.0,7. p90_trade_value,16000.0,27389.999999999996,O:PWR241115P00290000,PWR,P,290.0,2024-11-15,232,0,322,5.2,1730386659505000000,39,20280.0,2024-10-31,Multi Leg auto-electronic trade,Construction,Engineering - R and D Services,299.14,307.32,293.26,301.63,138,4.307067950661298,2,0,0,0,1
PWR,Construction,Engineering - R and D Services,35__1,35,1.0,8. p75_trade_value,8550.0,15994.0,O:PWR241115P00290000,PWR,P,290.0,2024-11-15,232,0,313,5.23,1730386659504000000,30,15690.0,2024-10-31,Multi Leg auto-electronic trade,Construction,Engineering - R and D Services,299.14,307.32,293.26,301.63,205,4.195622943586937,3,0,0,0,1
PWR,Construction,Engineering - R and D Services,35__1,35,1.0,8. p75_trade_value,8550.0,15994.0,O:PWR241115P00290000,PWR,P,290.0,2024-11-15,232,0,312,5.2,1730386659804000000,30,15600.0,2024-10-31,Multi Leg auto-electronic trade,Construction,Engineering - R and D Services,299.14,307.32,293.26,301.63,210,4.193124598354461,3,0,0,0,1
PWR,Construction,Engineering - R and D Services,35__1,35,1.0,8. p75_trade_value,8550.0,15994.0,O:PWR241115P00290000,PWR,P,290.0,2024-11-15,232,0,304,5.2,1730386659508000000,30,15600.0,2024-10-31,Multi Leg auto-electronic trade,Construction,Engineering - R and D Services,299.14,307.32,293.26,301.63,209,4.193124598354461,3,0,0,0,1
PWR,Construction,Engineering - R and D Services,35__1,35,1.0,8. p75_trade_value,8550.0,15994.0,O:PWR241115P00290000,PWR,P,290.0,2024-11-15,232,0,308,5.23,1730386659404000000,30,15690.0,2024-10-31,Multi Leg auto-electronic trade,Construction,Engineering - R and D Services,299.14,307.32,293.26,301.63,204,4.195622943586937,3,0,0,0,1
PWR,Construction,Engineering - R and D Services,35__1,35,1.0,8. p75_trade_value,8550.0,15994.0,O:PWR241115P00290000,PWR,P,290.0,2024-11-15,232,0,302,5.2,1730386660373000000,21,10920.0,2024-10-31,Multi Leg auto-electronic trade,Construction,Engineering - R and D Services,299.14,307.32,293.26,301.63,337,4.038222638368718,4,0,0,0,1
PWR,Construction,Engineering - R and D Services,35__1,35,1.0,8. p75_trade_value,8550.0,15994.0,O:PWR241115C00310000,PWR,C,310.0,2024-11-15,209,0,316,8.4,1730472988102000000,19,15960.0,2024-11-01,Automatic Execution,Construction,Engineering - R and D Services,305.52,309.5699,301.69,303.5,197,4.203032887014711,3,1,1,1,0
PWR,Construction,Engineering - R and D Services,35__1,35,1.0,6. p95_trade_value,27950.0,137310.0,O:PWR241115C00310000,PWR,C,310.0,2024-11-15,209,0,322,8.8,1730477555703000000,95,83600.00000000001,2024-11-01,Automatic Execution,Construction,Engineering - R and D Services,305.52,309.5699,301.69,303.5,39,4.922206277439017,1,1,1,1,0
PWR,Construction,Engineering - R and D Services,35__1,35,1.0,8. p75_trade_value,8550.0,15994.0,O:PWR241115C00320000,PWR,C,320.0,2024-11-15,232,0,313,4.18,1730483423721000000,22,9196.0,2024-11-01,Multi Leg auto-electronic trade,Construction,Engineering - R and D Services,305.52,309.5699,301.69,303.5,433,3.9635989625972416,5,1,1,1,0
PWR,Construction,Engineering - R and D Services,35__1,35,1.0,6. p95_trade_value,27950.0,137310.0,O:PWR241115P00300000,PWR,P,300.0,2024-11-15,209,0,316,8.1,1730478337003000000,82,66420.0,2024-11-01,Automatic Execution,Construction,Engineering - R and D Services,305.52,309.5699,301.69,303.5,48,4.822298871262366,1,1,0,0,0
PWR,Construction,Engineering - R and D Services,35__1,35,1.0,7. p90_trade_value,16000.0,27389.999999999996,O:PWR241115C00320000,PWR,C,320.0,2024-11-15,209,0,316,4.5,1730749944477000000,55,24750.0,2024-11-04,Automatic Execution,Construction,Engineering - R and D Services,304.76,308.68,301.56,304.32,110,4.393575203269587,2,1,1,1,0
PWR,Construction,Engineering - R and D Services,35__1,35,1.0,7. p90_trade_value,16000.0,27389.999999999996,O:PWR241115C00340000,PWR,C,340.0,2024-11-15,227,0,312,0.35,1730918247238000000,519,18164.999999999996,2024-11-06,Single Leg Auction Non ISO,Construction,Engineering - R and D Services,310.0,312.19,298.08,310.82,155,4.259235402198733,2,0,0,0,1
PWR,Construction,Engineering - R and D Services,35__1,35,1.0,7. p90_trade_value,16000.0,27389.999999999996,O:PWR241115P00290000,PWR,P,290.0,2024-11-15,209,0,316,2.5,1730903760616000000,75,18750.0,2024-11-06,Automatic Execution,Construction,Engineering - R and D Services,310.0,312.19,298.08,310.82,148,4.273001272063738,2,0,0,0,1
PWR,Construction,Engineering - R and D Services,35__1,35,1.0,6. p95_trade_value,27950.0,137310.0,O:PWR241220C00360000,PWR,C,360.0,2024-12-20,227,0,312,4.45,1732219552638000000,104,46280.0,2024-11-21,Single Leg Auction Non ISO,Construction,Engineering - R and D Services,335.92,342.28,334.7,340.01,59,4.665393350279712,1,0,0,0,1
PWR,Construction,Engineering - R and D Services,35__1,35,1.0,6. p95_trade_value,27950.0,137310.0,O:PWR241220C00360000,PWR,C,360.0,2024-12-20,227,0,312,4.45,1732219552638000000,151,67195.0,2024-11-21,Single Leg Auction Non ISO,Construction,Engineering - R and D Services,335.92,342.28,334.7,340.01,47,4.827336958274101,1,0,0,0,1
PWR,Construction,Engineering - R and D Services,35__1,35,1.0,7. p90_trade_value,16000.0,27389.999999999996,O:PWR241220P00300000,PWR,P,300.0,2024-12-20,209,0,304,1.0,1732215198508000000,205,20500.0,2024-11-21,Automatic Execution,Construction,Engineering - R and D Services,335.92,342.28,334.7,340.01,136,4.311753861055754,2,0,0,0,1
PWR,Construction,Engineering - R and D Services,35__1,35,1.0,7. p90_trade_value,16000.0,27389.999999999996,O:PWR241220P00300000,PWR,P,300.0,2024-12-20,209,0,304,0.95,1732215268461000000,172,16340.0,2024-11-21,Automatic Execution,Construction,Engineering - R and D Services,335.92,342.28,334.7,340.01,190,4.213252052196396,2,0,0,0,1
PWR,Construction,Engineering - R and D Services,35__1,35,1.0,1. p999999_trade_value,1082263.0,1082263.0,O:PWR241220C00350000,PWR,C,350.0,2024-12-20,233,0,312,6.37,1732292347918000000,1699,1082263.0,2024-11-22,Multi Leg Auction,Construction,Engineering - R and D Services,340.76,343.7,337.935,341.92,1,6.034332811204396,1,1,0,0,0
PWR,Construction,Engineering - R and D Services,35__1,35,1.0,8. p75_trade_value,8550.0,15994.0,O:PWR241220C00370000,PWR,C,370.0,2024-12-20,209,0,316,2.25,1732305783551000000,57,12825.0,2024-11-22,Automatic Execution,Construction,Engineering - R and D Services,340.76,343.7,337.935,341.92,262,4.108057373783854,3,0,0,0,1
PWR,Construction,Engineering - R and D Services,35__1,35,1.0,8. p75_trade_value,8550.0,15994.0,O:PWR241220P00320000,PWR,P,320.0,2024-12-20,209,0,320,1.9,1733427561898000000,61,11590.0,2024-12-05,Automatic Execution,Construction,Engineering - R and D Services,333.48,339.0881,330.13,334.97,310,4.064083435963596,4,1,1,0,0
PWR,Construction,Engineering - R and D Services,35__1,35,1.0,7. p90_trade_value,16000.0,27389.999999999996,O:PWR241220P00320000,PWR,P,320.0,2024-12-20,209,0,301,1.9,1733427561898000000,139,26409.999999999996,2024-12-05,Automatic Execution,Construction,Engineering - R and D Services,333.48,339.0881,330.13,334.97,99,4.421768401206924,2,1,1,0,0
PWR,Construction,Engineering - R and D Services,35__1,35,1.0,8. p75_trade_value,8550.0,15994.0,O:PWR241220P00320000,PWR,P,320.0,2024-12-20,209,0,316,1.9,1733427561872000000,50,9500.0,2024-12-05,Automatic Execution,Construction,Engineering - R and D Services,333.48,339.0881,330.13,334.97,413,3.9777236052888476,5,1,1,0,0
PWR,Construction,Engineering - R and D Services,35__1,35,1.0,6. p95_trade_value,27950.0,137310.0,O:PWR241220C00350000,PWR,C,350.0,2024-12-20,235,0,301,1.6,1734365684910000000,530,84800.0,2024-12-16,Multi Leg floor trade,Construction,Engineering - R and D Services,337.6,343.44,336.58,342.5,38,4.928395852256714,1,0,0,0,1
PWR,Construction,Engineering - R and D Services,35__1,35,1.0,6. p95_trade_value,27950.0,137310.0,O:PWR250117C00330000,PWR,C,330.0,2025-01-17,235,0,313,9.4,1734641477680000000,100,94000.0,2024-12-19,Multi Leg floor trade,Construction,Engineering - R and D Services,324.9,328.6797,319.21,322.59,33,4.973127853599698,1,1,1,1,0
PWR,Construction,Engineering - R and D Services,35__1,35,1.0,6. p95_trade_value,27950.0,137310.0,O:PWR250117C00330000,PWR,C,330.0,2025-01-17,235,0,301,10.3,1734634335786000000,100,103000.0,2024-12-19,Multi Leg floor trade,Construction,Engineering - R and D Services,324.9,328.6797,319.21,322.59,29,5.012837224705172,1,1,1,1,0
PWR,Construction,Engineering - R and D Services,35__1,35,1.0,6. p95_trade_value,27950.0,137310.0,O:PWR250117C00330000,PWR,C,330.0,2025-01-17,235,0,313,9.0,1734628264174000000,100,90000.0,2024-12-19,Multi Leg floor trade,Construction,Engineering - R and D Services,324.9,328.6797,319.21,322.59,35,4.954242509439325,1,1,1,1,0
PWR,Construction,Engineering - R and D Services,35__1,35,1.0,6. p95_trade_value,27950.0,137310.0,O:PWR250117C00330000,PWR,C,330.0,2025-01-17,235,0,301,10.4,1734637932161000000,100,104000.0,2024-12-19,Multi Leg floor trade,Construction,Engineering - R and D Services,324.9,328.6797,319.21,322.59,28,5.017033339298781,1,1,1,1,0
PWR,Construction,Engineering - R and D Services,35__1,35,1.0,6. p95_trade_value,27950.0,137310.0,O:PWR250117C00330000,PWR,C,330.0,2025-01-17,235,0,301,10.0,1734624299144000000,100,100000.0,2024-12-19,Multi Leg floor trade,Construction,Engineering - R and D Services,324.9,328.6797,319.21,322.59,31,5.0,1,1,1,1,0
PWR,Construction,Engineering - R and D Services,35__1,35,1.0,6. p95_trade_value,27950.0,137310.0,O:PWR250117C00350000,PWR,C,350.0,2025-01-17,235,0,301,4.0,1734637932161000000,100,40000.0,2024-12-19,Multi Leg floor trade,Construction,Engineering - R and D Services,324.9,328.6797,319.21,322.59,68,4.6020599913279625,1,0,0,0,1
PWR,Construction,Engineering - R and D Services,35__1,35,1.0,6. p95_trade_value,27950.0,137310.0,O:PWR250117C00350000,PWR,C,350.0,2025-01-17,235,0,301,4.0,1734624299144000000,100,40000.0,2024-12-19,Multi Leg floor trade,Construction,Engineering - R and D Services,324.9,328.6797,319.21,322.59,66,4.6020599913279625,1,0,0,0,1
PWR,Construction,Engineering - R and D Services,35__1,35,1.0,6. p95_trade_value,27950.0,137310.0,O:PWR250117C00350000,PWR,C,350.0,2025-01-17,235,0,313,3.0,1734628264174000000,100,30000.0,2024-12-19,Multi Leg floor trade,Construction,Engineering - R and D Services,324.9,328.6797,319.21,322.59,91,4.477121254719663,1,0,0,0,1
PWR,Construction,Engineering - R and D Services,35__1,35,1.0,6. p95_trade_value,27950.0,137310.0,O:PWR250117C00350000,PWR,C,350.0,2025-01-17,235,0,301,4.0,1734634335786000000,100,40000.0,2024-12-19,Multi Leg floor trade,Construction,Engineering - R and D Services,324.9,328.6797,319.21,322.59,67,4.6020599913279625,1,0,0,0,1
PWR,Construction,Engineering - R and D Services,35__1,35,1.0,6. p95_trade_value,27950.0,137310.0,O:PWR250117C00350000,PWR,C,350.0,2025-01-17,235,0,313,3.2,1734641477679000000,100,32000.0,2024-12-19,Multi Leg floor trade,Construction,Engineering - R and D Services,324.9,328.6797,319.21,322.59,84,4.505149978319906,1,0,0,0,1
PWR,Construction,Engineering - R and D Services,35__1,35,1.0,8. p75_trade_value,8550.0,15994.0,O:PWR250117P00300000,PWR,P,300.0,2025-01-17,233,0,304,4.2,1734633826939000000,25,10500.0,2024-12-19,Multi Leg Auction,Construction,Engineering - R and D Services,324.9,328.6797,319.21,322.59,361,4.021189299069938,4,0,0,0,1
PWR,Construction,Engineering - R and D Services,35__1,35,1.0,7. p90_trade_value,16000.0,27389.999999999996,O:PWR250117P00310000,PWR,P,310.0,2025-01-17,209,0,313,7.4,1734628502360000000,35,25900.0,2024-12-19,Automatic Execution,Construction,Engineering - R and D Services,324.9,328.6797,319.21,322.59,104,4.413299764081252,2,1,0,0,0
PWR,Construction,Engineering - R and D Services,35__1,35,1.0,5. p99_trade_value,144000.0,712000.0,O:PWR250117C00340000,PWR,C,340.0,2025-01-17,233,0,323,5.65,1734708656547000000,300,169500.0,2024-12-20,Multi Leg Auction,Construction,Engineering - R and D Services,319.58,330.92,319.3206,328.41,16,5.229169702539101,1,1,1,0,0
PWR,Construction,Engineering - R and D Services,35__1,35,1.0,8. p75_trade_value,8550.0,15994.0,O:PWR250117C00340000,PWR,C,340.0,2025-01-17,233,0,323,6.85,1734710206877000000,15,10275.0,2024-12-20,Multi Leg Auction,Construction,Engineering - R and D Services,319.58,330.92,319.3206,328.41,374,4.011781830548107,4,1,1,0,0
PWR,Construction,Engineering - R and D Services,35__1,35,1.0,8. p75_trade_value,8550.0,15994.0,O:PWR250117C00340000,PWR,C,340.0,2025-01-17,233,0,323,7.9,1734721856379000000,15,11850.0,2024-12-20,Multi Leg Auction,Construction,Engineering - R and D Services,319.58,330.92,319.3206,328.41,293,4.073718350346122,4,1,1,0,0
PWR,Construction,Engineering - R and D Services,35__1,35,1.0,8. p75_trade_value,8550.0,15994.0,O:PWR250117C00340000,PWR,C,340.0,2025-01-17,233,0,323,7.23,1734712384595000000,15,10845.0,2024-12-20,Multi Leg Auction,Construction,Engineering - R and D Services,319.58,330.92,319.3206,328.41,342,4.035229556350212,4,1,1,0,0
PWR,Construction,Engineering - R and D Services,35__1,35,1.0,8. p75_trade_value,8550.0,15994.0,O:PWR250117C00340000,PWR,C,340.0,2025-01-17,233,0,323,6.85,1734710206877000000,15,10275.0,2024-12-20,Multi Leg Auction,Construction,Engineering - R and D Services,319.58,330.92,319.3206,328.41,373,4.011781830548107,4,1,1,0,0
PWR,Construction,Engineering - R and D Services,35__1,35,1.0,8. p75_trade_value,8550.0,15994.0,O:PWR250117C00340000,PWR,C,340.0,2025-01-17,233,0,323,8.06,1734723151208000000,15,12090.0,2024-12-20,Multi Leg Auction,Construction,Engineering - R and D Services,319.58,330.92,319.3206,328.41,287,4.082426300860772,3,1,1,0,0
PWR,Construction,Engineering - R and D Services,35__1,35,1.0,8. p75_trade_value,8550.0,15994.0,O:PWR250117C00340000,PWR,C,340.0,2025-01-17,233,0,323,7.6,1734716883443000000,15,11400.0,2024-12-20,Multi Leg Auction,Construction,Engineering - R and D Services,319.58,330.92,319.3206,328.41,313,4.056904851336473,4,1,1,0,0
PWR,Construction,Engineering - R and D Services,35__1,35,1.0,8. p75_trade_value,8550.0,15994.0,O:PWR250117C00340000,PWR,C,340.0,2025-01-17,233,0,323,7.8,1734725385328000000,15,11700.0,2024-12-20,Multi Leg Auction,Construction,Engineering - R and D Services,319.58,330.92,319.3206,328.41,304,4.068185861746161,4,1,1,0,0
PWR,Construction,Engineering - R and D Services,35__1,35,1.0,5. p99_trade_value,144000.0,712000.0,O:PWR250117C00340000,PWR,C,340.0,2025-01-17,233,0,323,5.65,1734708306444000000,300,169500.0,2024-12-20,Multi Leg Auction,Construction,Engineering - R and D Services,319.58,330.92,319.3206,328.41,15,5.229169702539101,1,1,1,0,0
PWR,Construction,Engineering - R and D Services,35__1,35,1.0,8. p75_trade_value,8550.0,15994.0,O:PWR250117C00340000,PWR,C,340.0,2025-01-17,233,0,323,7.55,1734718996168000000,15,11325.0,2024-12-20,Multi Leg Auction,Construction,Engineering - R and D Services,319.58,330.92,319.3206,328.41,319,4.05403821068487,4,1,1,0,0
PWR,Construction,Engineering - R and D Services,35__1,35,1.0,8. p75_trade_value,8550.0,15994.0,O:PWR250117C00340000,PWR,C,340.0,2025-01-17,233,0,323,7.55,1734718996168000000,15,11325.0,2024-12-20,Multi Leg Auction,Construction,Engineering - R and D Services,319.58,330.92,319.3206,328.41,318,4.05403821068487,4,1,1,0,0
PWR,Construction,Engineering - R and D Services,35__1,35,1.0,8. p75_trade_value,8550.0,15994.0,O:PWR250117C00340000,PWR,C,340.0,2025-01-17,209,0,316,6.0,1734708114383000000,16,9600.0,2024-12-20,Automatic Execution,Construction,Engineering - R and D Services,319.58,330.92,319.3206,328.41,408,3.9822712330395684,5,1,1,0,0
PWR,Construction,Engineering - R and D Services,35__1,35,1.0,7. p90_trade_value,16000.0,27389.999999999996,O:PWR250117C00340000,PWR,C,340.0,2025-01-17,233,0,323,7.35,1734727623730000000,30,22050.0,2024-12-20,Multi Leg Auction,Construction,Engineering - R and D Services,319.58,330.92,319.3206,328.41,126,4.343408593803857,2,1,1,0,0
PWR,Construction,Engineering - R and D Services,35__1,35,1.0,7. p90_trade_value,16000.0,27389.999999999996,O:PWR250117C00340000,PWR,C,340.0,2025-01-17,233,0,323,7.35,1734727623730000000,30,22050.0,2024-12-20,Multi Leg Auction,Construction,Engineering - R and D Services,319.58,330.92,319.3206,328.41,125,4.343408593803857,2,1,1,0,0
PWR,Construction,Engineering - R and D Services,35__1,35,1.0,8. p75_trade_value,8550.0,15994.0,O:PWR250117C00340000,PWR,C,340.0,2025-01-17,233,0,323,7.8,1734725385328000000,15,11700.0,2024-12-20,Multi Leg Auction,Construction,Engineering - R and D Services,319.58,330.92,319.3206,328.41,303,4.068185861746161,4,1,1,0,0
PWR,Construction,Engineering - R and D Services,35__1,35,1.0,8. p75_trade_value,8550.0,15994.0,O:PWR250117C00340000,PWR,C,340.0,2025-01-17,233,0,323,7.9,1734721856379000000,15,11850.0,2024-12-20,Multi Leg Auction,Construction,Engineering - R and D Services,319.58,330.92,319.3206,328.41,294,4.073718350346122,4,1,1,0,0
PWR,Construction,Engineering - R and D Services,35__1,35,1.0,8. p75_trade_value,8550.0,15994.0,O:PWR250117C00340000,PWR,C,340.0,2025-01-17,233,0,323,7.6,1734716883443000000,15,11400.0,2024-12-20,Multi Leg Auction,Construction,Engineering - R and D Services,319.58,330.92,319.3206,328.41,314,4.056904851336473,4,1,1,0,0
PWR,Construction,Engineering - R and D Services,35__1,35,1.0,8. p75_trade_value,8550.0,15994.0,O:PWR250117C00340000,PWR,C,340.0,2025-01-17,233,0,323,8.06,1734723151208000000,15,12090.0,2024-12-20,Multi Leg Auction,Construction,Engineering - R and D Services,319.58,330.92,319.3206,328.41,286,4.082426300860772,3,1,1,0,0
PWR,Construction,Engineering - R and D Services,35__1,35,1.0,8. p75_trade_value,8550.0,15994.0,O:PWR250117C00340000,PWR,C,340.0,2025-01-17,233,0,323,7.23,1734712384595000000,15,10845.0,2024-12-20,Multi Leg Auction,Construction,Engineering - R and D Services,319.58,330.92,319.3206,328.41,341,4.035229556350212,4,1,1,0,0
PWR,Construction,Engineering - R and D Services,35__1,35,1.0,6. p95_trade_value,27950.0,137310.0,O:PWR250117C00350000,PWR,C,350.0,2025-01-17,233,0,304,5.09,1734714490716000000,85,43265.0,2024-12-20,Multi Leg Auction,Construction,Engineering - R and D Services,319.58,330.92,319.3206,328.41,63,4.636136708051051,1,0,0,0,1
PWR,Construction,Engineering - R and D Services,35__1,35,1.0,7. p90_trade_value,16000.0,27389.999999999996,O:PWR250117P00300000,PWR,P,300.0,2025-01-17,209,0,325,1.4,1735061189460000000,129,18060.0,2024-12-24,Automatic Execution,Construction,Engineering - R and D Services,329.81,330.81,327.2801,330.81,157,4.256717745977487,2,0,0,0,1
PWR,Construction,Engineering - R and D Services,35__1,35,1.0,8. p75_trade_value,8550.0,15994.0,O:PWR250117P00300000,PWR,P,300.0,2025-01-17,209,0,302,1.4,1735061189457000000,63,8819.999999999998,2024-12-24,Automatic Execution,Construction,Engineering - R and D Services,329.81,330.81,327.2801,330.81,458,3.94546858513182,5,0,0,0,1
PWR,Construction,Engineering - R and D Services,35__1,35,1.0,7. p90_trade_value,16000.0,27389.999999999996,O:PWR250117P00300000,PWR,P,300.0,2025-01-17,209,0,303,1.4,1735061189456000000,155,21700.0,2024-12-24,Automatic Execution,Construction,Engineering - R and D Services,329.81,330.81,327.2801,330.81,130,4.336459733848529,2,0,0,0,1
PWR,Construction,Engineering - R and D Services,35__1,35,1.0,7. p90_trade_value,16000.0,27389.999999999996,O:PWR250117P00300000,PWR,P,300.0,2025-01-17,209,0,304,1.4,1735061189456000000,164,22960.0,2024-12-24,Automatic Execution,Construction,Engineering - R and D Services,329.81,330.81,327.2801,330.81,118,4.360971883725936,2,0,0,0,1
PWR,Construction,Engineering - R and D Services,35__1,35,1.0,7. p90_trade_value,16000.0,27389.999999999996,O:PWR250117P00300000,PWR,P,300.0,2025-01-17,209,0,302,1.4,1735061189456000000,165,23099.999999999996,2024-12-24,Automatic Execution,Construction,Engineering - R and D Services,329.81,330.81,327.2801,330.81,116,4.363611979892144,2,0,0,0,1
PWR,Construction,Engineering - R and D Services,35__1,35,1.0,8. p75_trade_value,8550.0,15994.0,O:PWR250117P00300000,PWR,P,300.0,2025-01-17,209,0,312,1.4,1735061189456000000,101,14139.999999999998,2024-12-24,Automatic Execution,Construction,Engineering - R and D Services,329.81,330.81,327.2801,330.81,236,4.15044940946088,3,0,0,0,1
PWR,Construction,Engineering - R and D Services,35__1,35,1.0,7. p90_trade_value,16000.0,27389.999999999996,O:PWR250117P00320000,PWR,P,320.0,2025-01-17,209,0,309,9.6,1735324526512000000,17,16319.999999999998,2024-12-27,Automatic Execution,Construction,Engineering - R and D Services,328.15,329.39,320.39,323.14,191,4.212720154417842,2,1,0,0,0
PWR,Construction,Engineering - R and D Services,35__1,35,1.0,8. p75_trade_value,8550.0,15994.0,O:PWR250117P00320000,PWR,P,320.0,2025-01-17,209,0,323,9.6,1735324526510000000,10,9600.0,2024-12-27,Automatic Execution,Construction,Engineering - R and D Services,328.15,329.39,320.39,323.14,407,3.9822712330395684,5,1,0,0,0
PWR,Construction,Engineering - R and D Services,35__1,35,1.0,8. p75_trade_value,8550.0,15994.0,O:PWR250117P00320000,PWR,P,320.0,2025-01-17,209,0,320,8.1,1735324767037000000,11,8910.0,2024-12-27,Automatic Execution,Construction,Engineering - R and D Services,328.15,329.39,320.39,323.14,451,3.949877704036875,5,1,0,0,0
PWR,Construction,Engineering - R and D Services,35__1,35,1.0,8. p75_trade_value,8550.0,15994.0,O:PWR250117P00320000,PWR,P,320.0,2025-01-17,209,0,301,9.6,1735324526511000000,9,8640.0,2024-12-27,Automatic Execution,Construction,Engineering - R and D Services,328.15,329.39,320.39,323.14,474,3.936513742478893,5,1,0,0,0
PWR,Construction,Engineering - R and D Services,35__1,35,1.0,8. p75_trade_value,8550.0,15994.0,O:PWR250117P00320000,PWR,P,320.0,2025-01-17,209,0,320,7.8,1735324810757000000,11,8580.0,2024-12-27,Automatic Execution,Construction,Engineering - R and D Services,328.15,329.39,320.39,323.14,481,3.9334872878487053,5,1,0,0,0
PWR,Construction,Engineering - R and D Services,35__1,35,1.0,8. p75_trade_value,8550.0,15994.0,O:PWR250117P00320000,PWR,P,320.0,2025-01-17,209,0,300,9.6,1735324526508000000,11,10560.0,2024-12-27,Automatic Execution,Construction,Engineering - R and D Services,328.15,329.39,320.39,323.14,356,4.023663918197793,4,1,0,0,0
PWR,Construction,Engineering - R and D Services,35__1,35,1.0,7. p90_trade_value,16000.0,27389.999999999996,O:PWR250117P00320000,PWR,P,320.0,2025-01-17,209,0,300,9.6,1735324526533000000,18,17280.0,2024-12-27,Automatic Execution,Construction,Engineering - R and D Services,328.15,329.39,320.39,323.14,171,4.237543738142874,2,1,0,0,0
PWR,Construction,Engineering - R and D Services,35__1,35,1.0,8. p75_trade_value,8550.0,15994.0,O:PWR250117C00330000,PWR,C,330.0,2025-01-17,209,0,304,5.1,1735584473011000000,23,11730.0,2024-12-30,Automatic Execution,Construction,Engineering - R and D Services,319.12,322.4,313.82,318.98,298,4.069298012115529,4,1,1,1,0
PWR,Construction,Engineering - R and D Services,35__1,35,1.0,8. p75_trade_value,8550.0,15994.0,O:PWR250117P00290000,PWR,P,290.0,2025-01-17,227,0,323,1.52,1735846088305000000,86,13072.0,2025-01-02,Single Leg Auction Non ISO,Construction,Engineering - R and D Services,318.54,320.56,312.07,315.5,258,4.11634203918834,3,0,0,0,1
PWR,Construction,Engineering - R and D Services,35__1,35,1.0,8. p75_trade_value,8550.0,15994.0,O:PWR250117P00300000,PWR,P,300.0,2025-01-17,209,0,320,2.4,1735837693151000000,65,15600.0,2025-01-02,Automatic Execution,Construction,Engineering - R and D Services,318.54,320.56,312.07,315.5,208,4.193124598354461,3,0,0,0,1
PWR,Construction,Engineering - R and D Services,35__1,35,1.0,6. p95_trade_value,27950.0,137310.0,O:PWR250117P00310000,PWR,P,310.0,2025-01-17,209,0,316,5.7,1735839036335000000,59,33630.0,2025-01-02,Automatic Execution,Construction,Engineering - R and D Services,318.54,320.56,312.07,315.5,78,4.526726867314635,1,1,0,0,0
PWR,Construction,Engineering - R and D Services,35__1,35,1.0,8. p75_trade_value,8550.0,15994.0,O:PWR250117C00330000,PWR,C,330.0,2025-01-17,209,0,318,6.0,1735929263116000000,20,12000.0,2025-01-03,Automatic Execution,Construction,Engineering - R and D Services,318.2,327.21,317.1,326.52,290,4.079181246047625,3,1,1,1,0
PWR,Construction,Engineering - R and D Services,35__1,35,1.0,5. p99_trade_value,144000.0,712000.0,O:PWR250117P00300000,PWR,P,300.0,2025-01-17,231,0,301,3.0,1736357864306000000,600,180000.0,2025-01-08,Single Leg Floor Trade,Construction,Engineering - R and D Services,317.57,319.56,307.5647,312.2,13,5.2552725051033065,1,0,0,0,1
PWR,Construction,Engineering - R and D Services,35__1,35,1.0,5. p99_trade_value,144000.0,712000.0,O:PWR250117P00300000,PWR,P,300.0,2025-01-17,231,0,301,2.9,1736362811872000000,600,174000.0,2025-01-08,Single Leg Floor Trade,Construction,Engineering - R and D Services,317.57,319.56,307.5647,312.2,14,5.2405492482825995,1,0,0,0,1
PWR,Construction,Engineering - R and D Services,35__1,35,1.0,7. p90_trade_value,16000.0,27389.999999999996,O:PWR250117P00300000,PWR,P,300.0,2025-01-17,227,0,301,3.42,1736521550644000000,50,17100.0,2025-01-10,Single Leg Auction Non ISO,Construction,Engineering - R and D Services,309.31,314.64,307.3975,313.48,178,4.232996110392154,2,0,0,0,1
PWR,Construction,Engineering - R and D Services,35__1,35,1.0,7. p90_trade_value,16000.0,27389.999999999996,O:PWR250117P00300000,PWR,P,300.0,2025-01-17,227,0,301,3.42,1736521550644000000,50,17100.0,2025-01-10,Single Leg Auction Non ISO,Construction,Engineering - R and D Services,309.31,314.64,307.3975,313.48,177,4.232996110392154,2,0,0,0,1
PWR,Construction,Engineering - R and D Services,35__1,35,1.0,8. p75_trade_value,8550.0,15994.0,O:PWR250221C00360000,PWR,C,360.0,2025-02-21,209,0,308,14.3,1737655870242000000,6,8580.000000000002,2025-01-23,Automatic Execution,Construction,Engineering - R and D Services,355.5,359.67,352.6301,354.75,479,3.9334872878487057,5,1,0,0,0
PWR,Construction,Engineering - R and D Services,35__1,35,1.0,6. p95_trade_value,27950.0,137310.0,O:PWR250221P00350000,PWR,P,350.0,2025-02-21,231,0,323,9.4,1737659544920000000,35,32900.0,2025-01-23,Single Leg Floor Trade,Construction,Engineering - R and D Services,355.5,359.67,352.6301,354.75,82,4.517195897949974,1,1,1,1,0
PWR,Construction,Engineering - R and D Services,35__1,35,1.0,8. p75_trade_value,8550.0,15994.0,O:PWR250221P00330000,PWR,P,330.0,2025-02-21,209,0,319,3.9,1737742997899000000,22,8580.0,2025-01-24,Automatic Execution,Construction,Engineering - R and D Services,358.07,362.0,352.69,358.03,482,3.9334872878487053,5,1,1,1,0
PWR,Construction,Engineering - R and D Services,35__1,35,1.0,7. p90_trade_value,16000.0,27389.999999999996,O:PWR250221P00280000,PWR,P,280.0,2025-02-21,209,0,308,9.1,1738011263659000000,25,22750.0,2025-01-27,Automatic Execution,Construction,Engineering - R and D Services,314.94,325.0,291.91,292.43,124,4.356981400993131,2,1,1,1,0
PWR,Construction,Engineering - R and D Services,35__1,35,1.0,6. p95_trade_value,27950.0,137310.0,O:PWR250221P00280000,PWR,P,280.0,2025-02-21,209,0,308,9.1,1738011276357000000,32,29120.0,2025-01-27,Automatic Execution,Construction,Engineering - R and D Services,314.94,325.0,291.91,292.43,93,4.464191370640999,1,1,1,1,0
PWR,Construction,Engineering - R and D Services,35__1,35,1.0,7. p90_trade_value,16000.0,27389.999999999996,O:PWR250221P00280000,PWR,P,280.0,2025-02-21,209,0,308,9.1,1738011268768000000,24,21839.999999999996,2025-01-27,Automatic Execution,Construction,Engineering - R and D Services,314.94,325.0,291.91,292.43,128,4.339252634032699,2,1,1,1,0
PWR,Construction,Engineering - R and D Services,35__1,35,1.0,8. p75_trade_value,8550.0,15994.0,O:PWR250221P00280000,PWR,P,280.0,2025-02-21,209,0,308,9.1,1738011256994000000,17,15469.999999999998,2025-01-27,Automatic Execution,Construction,Engineering - R and D Services,314.94,325.0,291.91,292.43,211,4.189490313699367,3,1,1,1,0
PWR,Construction,Engineering - R and D Services,35__1,35,1.0,8. p75_trade_value,8550.0,15994.0,O:PWR250221P00280000,PWR,P,280.0,2025-02-21,209,0,308,9.0,1738011251718000000,12,10800.0,2025-01-27,Automatic Execution,Construction,Engineering - R and D Services,314.94,325.0,291.91,292.43,344,4.033423755486949,4,1,1,1,0
PWR,Construction,Engineering - R and D Services,35__1,35,1.0,8. p75_trade_value,8550.0,15994.0,O:PWR250221P00280000,PWR,P,280.0,2025-02-21,209,0,307,9.3,1738011505917000000,12,11160.0,2025-01-27,Automatic Execution,Construction,Engineering - R and D Services,314.94,325.0,291.91,292.43,328,4.04766419460156,4,1,1,1,0
PWR,Construction,Engineering - R and D Services,35__1,35,1.0,7. p90_trade_value,16000.0,27389.999999999996,O:PWR250221P00280000,PWR,P,280.0,2025-02-21,209,0,308,9.3,1738011503920000000,18,16740.0,2025-01-27,Automatic Execution,Construction,Engineering - R and D Services,314.94,325.0,291.91,292.43,186,4.223755453657241,2,1,1,1,0
PWR,Construction,Engineering - R and D Services,35__1,35,1.0,6. p95_trade_value,27950.0,137310.0,O:PWR250221P00290000,PWR,P,290.0,2025-02-21,227,0,312,11.77,1738003649656000000,31,36487.0,2025-01-27,Single Leg Auction Non ISO,Construction,Engineering - R and D Services,314.94,325.0,291.91,292.43,71,4.562138156677707,1,1,1,1,0
PWR,Construction,Engineering - R and D Services,35__1,35,1.0,7. p90_trade_value,16000.0,27389.999999999996,O:PWR250221P00290000,PWR,P,290.0,2025-02-21,227,0,312,11.8,1738003649656000000,15,17700.0,2025-01-27,Single Leg Auction Non ISO,Construction,Engineering - R and D Services,314.94,325.0,291.91,292.43,162,4.247973266361806,2,1,1,1,0
PWR,Construction,Engineering - R and D Services,35__1,35,1.0,6. p95_trade_value,27950.0,137310.0,O:PWR250221P00290000,PWR,P,290.0,2025-02-21,209,0,316,12.7,1738009088805000000,43,54610.0,2025-01-27,Automatic Execution,Construction,Engineering - R and D Services,314.94,325.0,291.91,292.43,57,4.7372721765355434,1,1,1,1,0
PWR,Construction,Engineering - R and D Services,35__1,35,1.0,6. p95_trade_value,27950.0,137310.0,O:PWR250221P00290000,PWR,P,290.0,2025-02-21,209,0,320,10.9,1737996381495000000,28,30520.0,2025-01-27,Automatic Execution,Construction,Engineering - R and D Services,314.94,325.0,291.91,292.43,87,4.484584529282843,1,1,1,1,0
PWR,Construction,Engineering - R and D Services,35__1,35,1.0,5. p99_trade_value,144000.0,712000.0,O:PWR250221P00290000,PWR,P,290.0,2025-02-21,227,0,312,11.62,1738003649656000000,196,227752.0,2025-01-27,Single Leg Auction Non ISO,Construction,Engineering - R and D Services,314.94,325.0,291.91,292.43,8,5.357462199410788,1,1,1,1,0
PWR,Construction,Engineering - R and D Services,35__1,35,1.0,8. p75_trade_value,8550.0,15994.0,O:PWR250221P00290000,PWR,P,290.0,2025-02-21,232,0,304,10.68,1738006337680000000,12,12816.0,2025-01-27,Multi Leg auto-electronic trade,Construction,Engineering - R and D Services,314.94,325.0,291.91,292.43,263,4.107752498740163,3,1,1,1,0
PWR,Construction,Engineering - R and D Services,35__1,35,1.0,8. p75_trade_value,8550.0,15994.0,O:PWR250221P00290000,PWR,P,290.0,2025-02-21,209,0,320,10.9,1737996381495000000,12,13080.000000000002,2025-01-27,Automatic Execution,Construction,Engineering - R and D Services,314.94,325.0,291.91,292.43,257,4.116607743988249,3,1,1,1,0
PWR,Construction,Engineering - R and D Services,35__1,35,1.0,8. p75_trade_value,8550.0,15994.0,O:PWR250221P00290000,PWR,P,290.0,2025-02-21,209,0,316,6.1,1737989320470000000,17,10369.999999999998,2025-01-27,Automatic Execution,Construction,Engineering - R and D Services,314.94,325.0,291.91,292.43,369,4.015778756389041,4,1,1,1,0
PWR,Construction,Engineering - R and D Services,35__1,35,1.0,7. p90_trade_value,16000.0,27389.999999999996,O:PWR250221P00290000,PWR,P,290.0,2025-02-21,232,0,313,10.96,1738006338308000000,24,26304.000000000004,2025-01-27,Multi Leg auto-electronic trade,Construction,Engineering - R and D Services,314.94,325.0,291.91,292.43,100,4.420021795859957,2,1,1,1,0
PWR,Construction,Engineering - R and D Services,35__1,35,1.0,7. p90_trade_value,16000.0,27389.999999999996,O:PWR250221P00290000,PWR,P,290.0,2025-02-21,209,0,301,12.7,1738009088772000000,18,22860.0,2025-01-27,Automatic Execution,Construction,Engineering - R and D Services,314.94,325.0,291.91,292.43,120,4.359076226059263,2,1,1,1,0
PWR,Construction,Engineering - R and D Services,35__1,35,1.0,8. p75_trade_value,8550.0,15994.0,O:PWR250221P00270000,PWR,P,270.0,2025-02-21,227,0,323,3.84,1738074972788000000,25,9600.0,2025-01-28,Single Leg Auction Non ISO,Construction,Engineering - R and D Services,311.42,311.42,290.43,293.98,406,3.9822712330395684,5,1,1,1,0
PWR,Construction,Engineering - R and D Services,35__1,35,1.0,8. p75_trade_value,8550.0,15994.0,O:PWR250221P00270000,PWR,P,270.0,2025-02-21,233,0,312,4.4,1738096318224000000,25,11000.000000000002,2025-01-28,Multi Leg Auction,Construction,Engineering - R and D Services,311.42,311.42,290.43,293.98,333,4.041392685158225,4,1,1,1,0
PWR,Construction,Engineering - R and D Services,35__1,35,1.0,8. p75_trade_value,8550.0,15994.0,O:PWR250221P00290000,PWR,P,290.0,2025-02-21,209,0,300,10.3,1738085861702000000,10,10300.0,2025-01-28,Automatic Execution,Construction,Engineering - R and D Services,311.42,311.42,290.43,293.98,372,4.012837224705172,4,1,1,1,0
PWR,Construction,Engineering - R and D Services,35__1,35,1.0,8. p75_trade_value,8550.0,15994.0,O:PWR250221P00290000,PWR,P,290.0,2025-02-21,232,0,312,10.58,1738093536893000000,10,10580.0,2025-01-28,Multi Leg auto-electronic trade,Construction,Engineering - R and D Services,311.42,311.42,290.43,293.98,353,4.024485667699167,4,1,1,1,0
PWR,Construction,Engineering - R and D Services,35__1,35,1.0,8. p75_trade_value,8550.0,15994.0,O:PWR250221P00290000,PWR,P,290.0,2025-02-21,209,0,316,11.8,1738083496991000000,13,15340.0,2025-01-28,Automatic Execution,Construction,Engineering - R and D Services,311.42,311.42,290.43,293.98,213,4.185825359612962,3,1,1,1,0
PWR,Construction,Engineering - R and D Services,35__1,35,1.0,7. p90_trade_value,16000.0,27389.999999999996,O:PWR250221C00310000,PWR,C,310.0,2025-02-21,209,0,313,10.0,1738168233791000000,26,26000.0,2025-01-29,Automatic Execution,Construction,Engineering - R and D Services,295.0,305.3175,293.59,297.8,102,4.414973347970818,2,1,0,0,0
PWR,Construction,Engineering - R and D Services,35__1,35,1.0,8. p75_trade_value,8550.0,15994.0,O:PWR250221C00310000,PWR,C,310.0,2025-02-21,232,0,312,7.57,1738161330404000000,12,9084.0,2025-01-29,Multi Leg auto-electronic trade,Construction,Engineering - R and D Services,295.0,305.3175,293.59,297.8,436,3.9582771255476974,5,1,0,0,0
PWR,Construction,Engineering - R and D Services,35__1,35,1.0,7. p90_trade_value,16000.0,27389.999999999996,O:PWR250221C00310000,PWR,C,310.0,2025-02-21,232,0,312,9.85,1738164640624000000,17,16745.0,2025-01-29,Multi Leg auto-electronic trade,Construction,Engineering - R and D Services,295.0,305.3175,293.59,297.8,185,4.223885151875885,2,1,0,0,0
PWR,Construction,Engineering - R and D Services,35__1,35,1.0,7. p90_trade_value,16000.0,27389.999999999996,O:PWR250221C00310000,PWR,C,310.0,2025-02-21,209,0,313,10.5,1738168284981000000,20,21000.0,2025-01-29,Automatic Execution,Construction,Engineering - R and D Services,295.0,305.3175,293.59,297.8,134,4.3222192947339195,2,1,0,0,0
PWR,Construction,Engineering - R and D Services,35__1,35,1.0,8. p75_trade_value,8550.0,15994.0,O:PWR250221C00320000,PWR,C,320.0,2025-02-21,209,0,308,7.3,1738169696193000000,17,12410.0,2025-01-29,Automatic Execution,Construction,Engineering - R and D Services,295.0,305.3175,293.59,297.8,276,4.09377178149873,3,1,0,0,0
PWR,Construction,Engineering - R and D Services,35__1,35,1.0,8. p75_trade_value,8550.0,15994.0,O:PWR250221C00320000,PWR,C,320.0,2025-02-21,209,0,308,7.3,1738169548402000000,14,10220.0,2025-01-29,Automatic Execution,Construction,Engineering - R and D Services,295.0,305.3175,293.59,297.8,379,4.009450895798694,4,1,0,0,0
PWR,Construction,Engineering - R and D Services,35__1,35,1.0,8. p75_trade_value,8550.0,15994.0,O:PWR250221C00320000,PWR,C,320.0,2025-02-21,209,0,313,7.1,1738168289253000000,20,14200.0,2025-01-29,Automatic Execution,Construction,Engineering - R and D Services,295.0,305.3175,293.59,297.8,235,4.152288344383057,3,1,0,0,0
PWR,Construction,Engineering - R and D Services,35__1,35,1.0,8. p75_trade_value,8550.0,15994.0,O:PWR250221C00320000,PWR,C,320.0,2025-02-21,209,0,308,6.7,1738168981105000000,18,12060.0,2025-01-29,Automatic Execution,Construction,Engineering - R and D Services,295.0,305.3175,293.59,297.8,289,4.0813473078041325,3,1,0,0,0
PWR,Construction,Engineering - R and D Services,35__1,35,1.0,8. p75_trade_value,8550.0,15994.0,O:PWR250221C00320000,PWR,C,320.0,2025-02-21,209,0,308,6.9,1738169017060000000,16,11040.0,2025-01-29,Automatic Execution,Construction,Engineering - R and D Services,295.0,305.3175,293.59,297.8,330,4.04296907339318,4,1,0,0,0
PWR,Construction,Engineering - R and D Services,35__1,35,1.0,8. p75_trade_value,8550.0,15994.0,O:PWR250221C00320000,PWR,C,320.0,2025-02-21,209,0,308,6.6,1738168962466000000,14,9240.0,2025-01-29,Automatic Execution,Construction,Engineering - R and D Services,295.0,305.3175,293.59,297.8,430,3.9656719712201065,5,1,0,0,0
PWR,Construction,Engineering - R and D Services,35__1,35,1.0,8. p75_trade_value,8550.0,15994.0,O:PWR250221C00320000,PWR,C,320.0,2025-02-21,209,0,308,7.1,1738169036810000000,13,9230.0,2025-01-29,Automatic Execution,Construction,Engineering - R and D Services,295.0,305.3175,293.59,297.8,431,3.965201701025912,5,1,0,0,0
PWR,Construction,Engineering - R and D Services,35__1,35,1.0,8. p75_trade_value,8550.0,15994.0,O:PWR250221C00320000,PWR,C,320.0,2025-02-21,209,0,308,6.8,1738168979101000000,16,10880.0,2025-01-29,Automatic Execution,Construction,Engineering - R and D Services,295.0,305.3175,293.59,297.8,340,4.036628895362161,4,1,0,0,0
PWR,Construction,Engineering - R and D Services,35__1,35,1.0,8. p75_trade_value,8550.0,15994.0,O:PWR250221C00320000,PWR,C,320.0,2025-02-21,209,0,308,6.8,1738168953587000000,16,10880.0,2025-01-29,Automatic Execution,Construction,Engineering - R and D Services,295.0,305.3175,293.59,297.8,339,4.036628895362161,4,1,0,0,0
PWR,Construction,Engineering - R and D Services,35__1,35,1.0,8. p75_trade_value,8550.0,15994.0,O:PWR250221C00320000,PWR,C,320.0,2025-02-21,209,0,308,6.8,1738169019064000000,13,8840.0,2025-01-29,Automatic Execution,Construction,Engineering - R and D Services,295.0,305.3175,293.59,297.8,454,3.946452265013073,5,1,0,0,0
PWR,Construction,Engineering - R and D Services,35__1,35,1.0,8. p75_trade_value,8550.0,15994.0,O:PWR250221C00320000,PWR,C,320.0,2025-02-21,209,0,308,6.8,1738168993601000000,14,9520.0,2025-01-29,Automatic Execution,Construction,Engineering - R and D Services,295.0,305.3175,293.59,297.8,412,3.9786369483844743,5,1,0,0,0
PWR,Construction,Engineering - R and D Services,35__1,35,1.0,7. p90_trade_value,16000.0,27389.999999999996,O:PWR250221C00320000,PWR,C,320.0,2025-02-21,209,0,308,7.1,1738169062406000000,25,17750.0,2025-01-29,Automatic Execution,Construction,Engineering - R and D Services,295.0,305.3175,293.59,297.8,161,4.249198357391113,2,1,0,0,0
PWR,Construction,Engineering - R and D Services,35__1,35,1.0,7. p90_trade_value,16000.0,27389.999999999996,O:PWR250221C00320000,PWR,C,320.0,2025-02-21,209,0,316,7.2,1738169682213000000,30,21600.0,2025-01-29,Automatic Execution,Construction,Engineering - R and D Services,295.0,305.3175,293.59,297.8,132,4.334453751150931,2,1,0,0,0
PWR,Construction,Engineering - R and D Services,35__1,35,1.0,8. p75_trade_value,8550.0,15994.0,O:PWR250221C00320000,PWR,C,320.0,2025-02-21,209,0,308,6.6,1738168941089000000,13,8580.0,2025-01-29,Automatic Execution,Construction,Engineering - R and D Services,295.0,305.3175,293.59,297.8,480,3.9334872878487053,5,1,0,0,0
PWR,Construction,Engineering - R and D Services,35__1,35,1.0,8. p75_trade_value,8550.0,15994.0,O:PWR250221C00320000,PWR,C,320.0,2025-02-21,209,0,308,6.8,1738169003695000000,16,10880.0,2025-01-29,Automatic Execution,Construction,Engineering - R and D Services,295.0,305.3175,293.59,297.8,338,4.036628895362161,4,1,0,0,0
PWR,Construction,Engineering - R and D Services,35__1,35,1.0,8. p75_trade_value,8550.0,15994.0,O:PWR250221C00320000,PWR,C,320.0,2025-02-21,209,0,308,7.3,1738169073329000000,20,14600.0,2025-01-29,Automatic Execution,Construction,Engineering - R and D Services,295.0,305.3175,293.59,297.8,225,4.164352855784437,3,1,0,0,0
PWR,Construction,Engineering - R and D Services,35__1,35,1.0,8. p75_trade_value,8550.0,15994.0,O:PWR250221C00320000,PWR,C,320.0,2025-02-21,209,0,308,6.6,1738168944916000000,15,9900.0,2025-01-29,Automatic Execution,Construction,Engineering - R and D Services,295.0,305.3175,293.59,297.8,391,3.99563519459755,5,1,0,0,0
PWR,Construction,Engineering - R and D Services,35__1,35,1.0,8. p75_trade_value,8550.0,15994.0,O:PWR250221C00320000,PWR,C,320.0,2025-02-21,209,0,308,7.0,1738169038814000000,19,13300.0,2025-01-29,Automatic Execution,Construction,Engineering - R and D Services,295.0,305.3175,293.59,297.8,253,4.123851640967086,3,1,0,0,0
PWR,Construction,Engineering - R and D Services,35__1,35,1.0,8. p75_trade_value,8550.0,15994.0,O:PWR250221C00320000,PWR,C,320.0,2025-02-21,209,0,308,7.0,1738169049653000000,13,9100.0,2025-01-29,Automatic Execution,Construction,Engineering - R and D Services,295.0,305.3175,293.59,297.8,435,3.9590413923210934,5,1,0,0,0
PWR,Construction,Engineering - R and D Services,35__1,35,1.0,8. p75_trade_value,8550.0,15994.0,O:PWR250221C00320000,PWR,C,320.0,2025-02-21,209,0,308,7.0,1738169043966000000,15,10500.0,2025-01-29,Automatic Execution,Construction,Engineering - R and D Services,295.0,305.3175,293.59,297.8,362,4.021189299069938,4,1,0,0,0
PWR,Construction,Engineering - R and D Services,35__1,35,1.0,8. p75_trade_value,8550.0,15994.0,O:PWR250221C00320000,PWR,C,320.0,2025-02-21,209,0,308,6.7,1738168968893000000,13,8710.0,2025-01-29,Automatic Execution,Construction,Engineering - R and D Services,295.0,305.3175,293.59,297.8,468,3.9400181550076634,5,1,0,0,0
PWR,Construction,Engineering - R and D Services,35__1,35,1.0,8. p75_trade_value,8550.0,15994.0,O:PWR250221C00320000,PWR,C,320.0,2025-02-21,209,0,308,6.7,1738168990108000000,13,8710.0,2025-01-29,Automatic Execution,Construction,Engineering - R and D Services,295.0,305.3175,293.59,297.8,467,3.9400181550076634,5,1,0,0,0
PWR,Construction,Engineering - R and D Services,35__1,35,1.0,8. p75_trade_value,8550.0,15994.0,O:PWR250221C00320000,PWR,C,320.0,2025-02-21,209,0,308,6.7,1738168995608000000,13,8710.0,2025-01-29,Automatic Execution,Construction,Engineering - R and D Services,295.0,305.3175,293.59,297.8,466,3.9400181550076634,5,1,0,0,0
PWR,Construction,Engineering - R and D Services,35__1,35,1.0,8. p75_trade_value,8550.0,15994.0,O:PWR250221C00320000,PWR,C,320.0,2025-02-21,209,0,308,7.3,1738169370387000000,12,8760.0,2025-01-29,Automatic Execution,Construction,Engineering - R and D Services,295.0,305.3175,293.59,297.8,463,3.9425041061680806,5,1,0,0,0
PWR,Construction,Engineering - R and D Services,35__1,35,1.0,8. p75_trade_value,8550.0,15994.0,O:PWR250221C00320000,PWR,C,320.0,2025-02-21,209,0,316,6.7,1738168230254000000,20,13400.0,2025-01-29,Automatic Execution,Construction,Engineering - R and D Services,295.0,305.3175,293.59,297.8,249,4.127104798364807,3,1,0,0,0
PWR,Construction,Engineering - R and D Services,35__1,35,1.0,8. p75_trade_value,8550.0,15994.0,O:PWR250221C00320000,PWR,C,320.0,2025-02-21,209,0,313,6.8,1738168247050000000,20,13600.0,2025-01-29,Automatic Execution,Construction,Engineering - R and D Services,295.0,305.3175,293.59,297.8,247,4.133538908370218,3,1,0,0,0
PWR,Construction,Engineering - R and D Services,35__1,35,1.0,8. p75_trade_value,8550.0,15994.0,O:PWR250221C00320000,PWR,C,320.0,2025-02-21,209,0,308,7.2,1738169058020000000,20,14400.0,2025-01-29,Automatic Execution,Construction,Engineering - R and D Services,295.0,305.3175,293.59,297.8,231,4.158362492095249,3,1,0,0,0
PWR,Construction,Engineering - R and D Services,35__1,35,1.0,8. p75_trade_value,8550.0,15994.0,O:PWR250221C00320000,PWR,C,320.0,2025-02-21,209,0,308,6.9,1738169008528000000,18,12420.0,2025-01-29,Automatic Execution,Construction,Engineering - R and D Services,295.0,305.3175,293.59,297.8,274,4.094121595840561,3,1,0,0,0
PWR,Construction,Engineering - R and D Services,35__1,35,1.0,8. p75_trade_value,8550.0,15994.0,O:PWR250221C00320000,PWR,C,320.0,2025-02-21,209,0,308,6.8,1738169010533000000,13,8840.0,2025-01-29,Automatic Execution,Construction,Engineering - R and D Services,295.0,305.3175,293.59,297.8,455,3.946452265013073,5,1,0,0,0
PWR,Construction,Engineering - R and D Services,35__1,35,1.0,8. p75_trade_value,8550.0,15994.0,O:PWR250221C00320000,PWR,C,320.0,2025-02-21,209,0,308,6.7,1738168985095000000,17,11390.0,2025-01-29,Automatic Execution,Construction,Engineering - R and D Services,295.0,305.3175,293.59,297.8,317,4.0565237240791,4,1,0,0,0
PWR,Construction,Engineering - R and D Services,35__1,35,1.0,8. p75_trade_value,8550.0,15994.0,O:PWR250221C00320000,PWR,C,320.0,2025-02-21,209,0,308,6.7,1738168958699000000,14,9380.0,2025-01-29,Automatic Execution,Construction,Engineering - R and D Services,295.0,305.3175,293.59,297.8,425,3.9722028383790646,5,1,0,0,0
PWR,Construction,Engineering - R and D Services,35__1,35,1.0,8. p75_trade_value,8550.0,15994.0,O:PWR250221C00340000,PWR,C,340.0,2025-02-21,209,0,318,3.3,1738163432749000000,37,12210.0,2025-01-29,Automatic Execution,Construction,Engineering - R and D Services,295.0,305.3175,293.59,297.8,282,4.086715663944882,3,0,0,0,1
PWR,Construction,Engineering - R and D Services,35__1,35,1.0,8. p75_trade_value,8550.0,15994.0,O:PWR250221P00280000,PWR,P,280.0,2025-02-21,209,0,316,6.3,1738169157249000000,23,14490.0,2025-01-29,Automatic Execution,Construction,Engineering - R and D Services,295.0,305.3175,293.59,297.8,229,4.161068385471174,3,1,1,1,0
PWR,Construction,Engineering - R and D Services,35__1,35,1.0,8. p75_trade_value,8550.0,15994.0,O:PWR250221P00280000,PWR,P,280.0,2025-02-21,209,0,323,6.3,1738169157247000000,22,13860.0,2025-01-29,Automatic Execution,Construction,Engineering - R and D Services,295.0,305.3175,293.59,297.8,241,4.141763230275788,3,1,1,1,0
PWR,Construction,Engineering - R and D Services,35__1,35,1.0,6. p95_trade_value,27950.0,137310.0,O:PWR250221C00330000,PWR,C,330.0,2025-02-21,209,0,325,5.25,1738252323604000000,60,31500.0,2025-01-30,Automatic Execution,Construction,Engineering - R and D Services,302.95,311.81,299.0,309.29,86,4.498310553789601,1,0,0,0,1
PWR,Construction,Engineering - R and D Services,35__1,35,1.0,8. p75_trade_value,8550.0,15994.0,O:PWR250221C00330000,PWR,C,330.0,2025-02-21,209,0,319,5.3,1738259449222000000,17,9010.0,2025-01-30,Automatic Execution,Construction,Engineering - R and D Services,302.95,311.81,299.0,309.29,438,3.954724790979063,5,0,0,0,1
PWR,Construction,Engineering - R and D Services,35__1,35,1.0,8. p75_trade_value,8550.0,15994.0,O:PWR250221P00290000,PWR,P,290.0,2025-02-21,232,0,313,7.4,1738248999102000000,14,10360.0,2025-01-30,Multi Leg auto-electronic trade,Construction,Engineering - R and D Services,302.95,311.81,299.0,309.29,370,4.015359755409214,4,1,1,1,0
PWR,Construction,Engineering - R and D Services,35__1,35,1.0,8. p75_trade_value,8550.0,15994.0,O:PWR250221C00320000,PWR,C,320.0,2025-02-21,209,0,315,10.7,1738338935755000000,10,10700.0,2025-01-31,Automatic Execution,Construction,Engineering - R and D Services,315.37,316.97,302.97,307.61,348,4.02938377768521,4,1,0,0,0
PWR,Construction,Engineering - R and D Services,35__1,35,1.0,8. p75_trade_value,8550.0,15994.0,O:PWR250221C00320000,PWR,C,320.0,2025-02-21,209,0,320,10.0,1738338392598000000,11,11000.0,2025-01-31,Automatic Execution,Construction,Engineering - R and D Services,315.37,316.97,302.97,307.61,334,4.041392685158225,4,1,0,0,0
PWR,Construction,Engineering - R and D Services,35__1,35,1.0,8. p75_trade_value,8550.0,15994.0,O:PWR250221C00320000,PWR,C,320.0,2025-02-21,209,0,320,10.0,1738338392858000000,11,11000.0,2025-01-31,Automatic Execution,Construction,Engineering - R and D Services,315.37,316.97,302.97,307.61,335,4.041392685158225,4,1,0,0,0
PWR,Construction,Engineering - R and D Services,35__1,35,1.0,8. p75_trade_value,8550.0,15994.0,O:PWR250221C00320000,PWR,C,320.0,2025-02-21,209,0,315,10.0,1738338392598000000,10,10000.0,2025-01-31,Automatic Execution,Construction,Engineering - R and D Services,315.37,316.97,302.97,307.61,389,4.0,5,1,0,0,0
PWR,Construction,Engineering - R and D Services,35__1,35,1.0,8. p75_trade_value,8550.0,15994.0,O:PWR250221C00320000,PWR,C,320.0,2025-02-21,209,0,315,10.0,1738338393903000000,10,10000.0,2025-01-31,Automatic Execution,Construction,Engineering - R and D Services,315.37,316.97,302.97,307.61,388,4.0,4,1,0,0,0
PWR,Construction,Engineering - R and D Services,35__1,35,1.0,8. p75_trade_value,8550.0,15994.0,O:PWR250221C00320000,PWR,C,320.0,2025-02-21,209,0,322,10.7,1738338935755000000,9,9630.0,2025-01-31,Automatic Execution,Construction,Engineering - R and D Services,315.37,316.97,302.97,307.61,404,3.9836262871245345,5,1,0,0,0
PWR,Construction,Engineering - R and D Services,35__1,35,1.0,8. p75_trade_value,8550.0,15994.0,O:PWR250221C00320000,PWR,C,320.0,2025-02-21,209,0,322,10.0,1738338392597000000,9,9000.0,2025-01-31,Automatic Execution,Construction,Engineering - R and D Services,315.37,316.97,302.97,307.61,441,3.9542425094393248,5,1,0,0,0
PWR,Construction,Engineering - R and D Services,35__1,35,1.0,8. p75_trade_value,8550.0,15994.0,O:PWR250221C00320000,PWR,C,320.0,2025-02-21,209,0,322,10.0,1738338393903000000,9,9000.0,2025-01-31,Automatic Execution,Construction,Engineering - R and D Services,315.37,316.97,302.97,307.61,440,3.9542425094393248,5,1,0,0,0
PWR,Construction,Engineering - R and D Services,35__1,35,1.0,8. p75_trade_value,8550.0,15994.0,O:PWR250221C00320000,PWR,C,320.0,2025-02-21,209,0,308,9.5,1738348327386000000,10,9500.0,2025-01-31,Automatic Execution,Construction,Engineering - R and D Services,315.37,316.97,302.97,307.61,414,3.9777236052888476,5,1,0,0,0
PWR,Construction,Engineering - R and D Services,35__1,35,1.0,8. p75_trade_value,8550.0,15994.0,O:PWR250221C00320000,PWR,C,320.0,2025-02-21,209,0,322,9.5,1738338324476000000,9,8550.0,2025-01-31,Automatic Execution,Construction,Engineering - R and D Services,315.37,316.97,302.97,307.61,487,3.931966114728173,6,1,0,0,0
PWR,Construction,Engineering - R and D Services,35__1,35,1.0,8. p75_trade_value,8550.0,15994.0,O:PWR250221C00320000,PWR,C,320.0,2025-02-21,209,0,308,6.4,1738593556816000000,14,8960.0,2025-02-03,Automatic Execution,Construction,Engineering - R and D Services,298.31,306.835,296.97,301.82,447,3.9523080096621253,5,1,0,0,0
PWR,Construction,Engineering - R and D Services,35__1,35,1.0,8. p75_trade_value,8550.0,15994.0,O:PWR250221P00290000,PWR,P,290.0,2025-02-21,209,0,304,6.1,1738597578771000000,18,10980.0,2025-02-03,Automatic Execution,Construction,Engineering - R and D Services,298.31,306.835,296.97,301.82,336,4.040602340114073,4,1,1,1,0
PWR,Construction,Engineering - R and D Services,35__1,35,1.0,8. p75_trade_value,8550.0,15994.0,O:PWR250221P00290000,PWR,P,290.0,2025-02-21,209,0,318,6.2,1738597578771000000,14,8680.0,2025-02-03,Automatic Execution,Construction,Engineering - R and D Services,298.31,306.835,296.97,301.82,470,3.938519725176492,5,1,1,1,0
PWR,Construction,Engineering - R and D Services,35__1,35,1.0,7. p90_trade_value,16000.0,27389.999999999996,O:PWR250221C00310000,PWR,C,310.0,2025-02-21,209,0,313,8.7,1738698885151000000,20,17400.0,2025-02-04,Automatic Execution,Construction,Engineering - R and D Services,304.5,307.64,299.345,299.98,170,4.2405492482825995,2,1,0,0,0
PWR,Construction,Engineering - R and D Services,35__1,35,1.0,8. p75_trade_value,8550.0,15994.0,O:PWR250221P00290000,PWR,P,290.0,2025-02-21,209,0,320,7.2,1738788525054000000,14,10080.0,2025-02-05,Automatic Execution,Construction,Engineering - R and D Services,303.33,307.83,297.81,298.75,383,4.003460532109506,4,1,1,1,0
PWR,Construction,Engineering - R and D Services,35__1,35,1.0,6. p95_trade_value,27950.0,137310.0,O:PWR250221C00330000,PWR,C,330.0,2025-02-21,232,0,304,5.15,1738863795486000000,157,80855.0,2025-02-06,Multi Leg auto-electronic trade,Construction,Engineering - R and D Services,299.74,311.595,298.0,311.08,41,4.907706881450425,1,0,0,0,1
PWR,Construction,Engineering - R and D Services,35__1,35,1.0,8. p75_trade_value,8550.0,15994.0,O:PWR250221C00360000,PWR,C,360.0,2025-02-21,232,0,304,0.75,1738863795486000000,157,11775.0,2025-02-06,Multi Leg auto-electronic trade,Construction,Engineering - R and D Services,299.74,311.595,298.0,311.08,295,4.070960915800934,4,0,0,0,1
PWR,Construction,Engineering - R and D Services,35__1,35,1.0,6. p95_trade_value,27950.0,137310.0,O:PWR250221P00300000,PWR,P,300.0,2025-02-21,209,0,313,6.5,1738944237186000000,100,65000.0,2025-02-07,Automatic Execution,Construction,Engineering - R and D Services,314.71,320.41,311.12,312.24,49,4.812913356642856,1,1,1,1,0
PWR,Construction,Engineering - R and D Services,35__1,35,1.0,8. p75_trade_value,8550.0,15994.0,O:PWR250221P00280000,PWR,P,280.0,2025-02-21,209,0,316,4.5,1739377086192000000,21,9450.0,2025-02-12,Automatic Execution,Construction,Engineering - R and D Services,294.34,299.61,293.58,298.33,417,3.975431808509263,5,1,1,1,0
PWR,Construction,Engineering - R and D Services,35__1,35,1.0,8. p75_trade_value,8550.0,15994.0,O:PWR250221P00270000,PWR,P,270.0,2025-02-21,209,0,313,4.3,1739551648627000000,37,15910.0,2025-02-14,Automatic Execution,Construction,Engineering - R and D Services,292.2,294.41,282.7201,285.45,200,4.201670179646581,3,1,1,1,0
PWR,Construction,Engineering - R and D Services,35__1,35,1.0,8. p75_trade_value,8550.0,15994.0,O:PWR250221P00270000,PWR,P,270.0,2025-02-21,209,0,313,4.3,1739551648627000000,37,15910.0,2025-02-14,Automatic Execution,Construction,Engineering - R and D Services,292.2,294.41,282.7201,285.45,201,4.201670179646581,3,1,1,1,0
PWR,Construction,Engineering - R and D Services,35__1,35,1.0,8. p75_trade_value,8550.0,15994.0,O:PWR250221P00270000,PWR,P,270.0,2025-02-21,209,0,313,4.3,1739551648627000000,23,9890.0,2025-02-14,Automatic Execution,Construction,Engineering - R and D Services,292.2,294.41,282.7201,285.45,393,3.9951962915971793,5,1,1,1,0
PWR,Construction,Engineering - R and D Services,35__1,35,1.0,8. p75_trade_value,8550.0,15994.0,O:PWR250221P00270000,PWR,P,270.0,2025-02-21,209,0,313,4.3,1739551648627000000,37,15910.0,2025-02-14,Automatic Execution,Construction,Engineering - R and D Services,292.2,294.41,282.7201,285.45,199,4.201670179646581,3,1,1,1,0
PWR,Construction,Engineering - R and D Services,35__1,35,1.0,8. p75_trade_value,8550.0,15994.0,O:PWR250221P00270000,PWR,P,270.0,2025-02-21,209,0,313,4.3,1739551648627000000,23,9890.0,2025-02-14,Automatic Execution,Construction,Engineering - R and D Services,292.2,294.41,282.7201,285.45,394,3.9951962915971793,5,1,1,1,0
PWR,Construction,Engineering - R and D Services,35__1,35,1.0,5. p99_trade_value,144000.0,712000.0,O:PWR250221P00270000,PWR,P,270.0,2025-02-21,231,0,302,5.0,1739551828533000000,365,182500.0,2025-02-14,Single Leg Floor Trade,Construction,Engineering - R and D Services,292.2,294.41,282.7201,285.45,12,5.261262868792493,1,1,1,1,0
PWR,Construction,Engineering - R and D Services,35__1,35,1.0,8. p75_trade_value,8550.0,15994.0,O:PWR250221P00270000,PWR,P,270.0,2025-02-21,209,0,313,4.6,1739551663827000000,23,10580.0,2025-02-14,Automatic Execution,Construction,Engineering - R and D Services,292.2,294.41,282.7201,285.45,354,4.024485667699167,4,1,1,1,0
PWR,Construction,Engineering - R and D Services,35__1,35,1.0,6. p95_trade_value,27950.0,137310.0,O:PWR250221P00270000,PWR,P,270.0,2025-02-21,209,0,320,4.3,1739551648695000000,65,27950.0,2025-02-14,Automatic Execution,Construction,Engineering - R and D Services,292.2,294.41,282.7201,285.45,97,4.446381812222442,1,1,1,1,0
PWR,Construction,Engineering - R and D Services,35__1,35,1.0,7. p90_trade_value,16000.0,27389.999999999996,O:PWR250221P00270000,PWR,P,270.0,2025-02-21,231,0,302,5.0,1739551828446000000,50,25000.0,2025-02-14,Single Leg Floor Trade,Construction,Engineering - R and D Services,292.2,294.41,282.7201,285.45,107,4.3979400086720375,2,1,1,1,0
PWR,Construction,Engineering - R and D Services,35__1,35,1.0,7. p90_trade_value,16000.0,27389.999999999996,O:PWR250221P00270000,PWR,P,270.0,2025-02-21,209,0,313,4.5,1739551659113000000,37,16650.0,2025-02-14,Automatic Execution,Construction,Engineering - R and D Services,292.2,294.41,282.7201,285.45,188,4.221414237842339,2,1,1,1,0
PWR,Construction,Engineering - R and D Services,35__1,35,1.0,7. p90_trade_value,16000.0,27389.999999999996,O:PWR250221P00270000,PWR,P,270.0,2025-02-21,209,0,313,4.5,1739551659113000000,37,16650.0,2025-02-14,Automatic Execution,Construction,Engineering - R and D Services,292.2,294.41,282.7201,285.45,187,4.221414237842339,2,1,1,1,0
PWR,Construction,Engineering - R and D Services,35__1,35,1.0,8. p75_trade_value,8550.0,15994.0,O:PWR250221P00280000,PWR,P,280.0,2025-02-21,209,0,308,9.4,1739557394582000000,13,12220.0,2025-02-14,Automatic Execution,Construction,Engineering - R and D Services,292.2,294.41,282.7201,285.45,281,4.087071205906535,3,1,1,1,0
PWR,Construction,Engineering - R and D Services,35__1,35,1.0,8. p75_trade_value,8550.0,15994.0,O:PWR250221P00280000,PWR,P,280.0,2025-02-21,209,0,308,9.3,1739557398523000000,13,12090.0,2025-02-14,Automatic Execution,Construction,Engineering - R and D Services,292.2,294.41,282.7201,285.45,288,4.082426300860772,3,1,1,1,0
PWR,Construction,Engineering - R and D Services,35__1,35,1.0,6. p95_trade_value,27950.0,137310.0,O:PWR250221P00280000,PWR,P,280.0,2025-02-21,209,0,308,9.1,1739557625463000000,43,39130.0,2025-02-14,Automatic Execution,Construction,Engineering - R and D Services,292.2,294.41,282.7201,285.45,69,4.59250984790068,1,1,1,1,0
PWR,Construction,Engineering - R and D Services,35__1,35,1.0,6. p95_trade_value,27950.0,137310.0,O:PWR250221P00280000,PWR,P,280.0,2025-02-21,209,0,308,9.1,1739557593039000000,49,44590.0,2025-02-14,Automatic Execution,Construction,Engineering - R and D Services,292.2,294.41,282.7201,285.45,62,4.649237472349607,1,1,1,1,0
PWR,Construction,Engineering - R and D Services,35__1,35,1.0,8. p75_trade_value,8550.0,15994.0,O:PWR250221C00290000,PWR,C,290.0,2025-02-21,232,0,308,9.36,1739912110465000000,10,9360.0,2025-02-18,Multi Leg auto-electronic trade,Construction,Engineering - R and D Services,285.81,287.96,281.54,287.59,426,3.971275848738105,5,1,1,0,0
PWR,Construction,Engineering - R and D Services,35__1,35,1.0,8. p75_trade_value,8550.0,15994.0,O:PWR250221P00280000,PWR,P,280.0,2025-02-21,232,0,313,9.08,1739896141736000000,10,9080.0,2025-02-18,Multi Leg auto-electronic trade,Construction,Engineering - R and D Services,285.81,287.96,281.54,287.59,437,3.958085848521085,5,1,1,1,0
PWR,Construction,Engineering - R and D Services,35__1,35,1.0,8. p75_trade_value,8550.0,15994.0,O:PWR250221P00280000,PWR,P,280.0,2025-02-21,232,0,301,9.38,1739896141735000000,15,14070.000000000002,2025-02-18,Multi Leg auto-electronic trade,Construction,Engineering - R and D Services,285.81,287.96,281.54,287.59,237,4.1482940974347455,3,1,1,1,0
PWR,Construction,Engineering - R and D Services,35__1,35,1.0,7. p90_trade_value,16000.0,27389.999999999996,O:PWR250221C00300000,PWR,C,300.0,2025-02-21,232,0,322,7.29,1739991902930000000,25,18225.0,2025-02-19,Multi Leg auto-electronic trade,Construction,Engineering - R and D Services,286.21,293.75,285.11,292.07,152,4.260667536990012,2,1,0,0,0
PWR,Construction,Engineering - R and D Services,35__1,35,1.0,8. p75_trade_value,8550.0,15994.0,O:PWR250221C00300000,PWR,C,300.0,2025-02-21,232,0,308,7.06,1739991899915000000,15,10590.0,2025-02-19,Multi Leg auto-electronic trade,Construction,Engineering - R and D Services,286.21,293.75,285.11,292.07,352,4.024895960107485,4,1,0,0,0
PWR,Construction,Engineering - R and D Services,35__1,35,1.0,7. p90_trade_value,16000.0,27389.999999999996,O:PWR250221C00300000,PWR,C,300.0,2025-02-21,232,0,308,7.2,1739991902085000000,24,17280.0,2025-02-19,Multi Leg auto-electronic trade,Construction,Engineering - R and D Services,286.21,293.75,285.11,292.07,173,4.237543738142874,2,1,0,0,0
PWR,Construction,Engineering - R and D Services,35__1,35,1.0,7. p90_trade_value,16000.0,27389.999999999996,O:PWR250221C00300000,PWR,C,300.0,2025-02-21,232,0,322,7.04,1739991898898000000,26,18304.0,2025-02-19,Multi Leg auto-electronic trade,Construction,Engineering - R and D Services,286.21,293.75,285.11,292.07,151,4.26254600711293,2,1,0,0,0
PWR,Construction,Engineering - R and D Services,35__1,35,1.0,8. p75_trade_value,8550.0,15994.0,O:PWR250221C00300000,PWR,C,300.0,2025-02-21,232,0,302,5.55,1739979641764000000,18,9990.0,2025-02-19,Multi Leg auto-electronic trade,Construction,Engineering - R and D Services,286.21,293.75,285.11,292.07,390,3.9995654882259823,5,1,0,0,0
PWR,Construction,Engineering - R and D Services,35__1,35,1.0,8. p75_trade_value,8550.0,15994.0,O:PWR250221C00300000,PWR,C,300.0,2025-02-21,232,0,322,7.09,1739991899913000000,15,10635.0,2025-02-19,Multi Leg auto-electronic trade,Construction,Engineering - R and D Services,286.21,293.75,285.11,292.07,350,4.0267374942387475,4,1,0,0,0
PWR,Construction,Engineering - R and D Services,35__1,35,1.0,8. p75_trade_value,8550.0,15994.0,O:PWR250221C00300000,PWR,C,300.0,2025-02-21,236,0,301,5.7,1739979639284000000,17,9690.0,2025-02-19,Multi Leg auto-electronic trade against single leg(s),Construction,Engineering - R and D Services,286.21,293.75,285.11,292.07,403,3.986323777050765,5,1,0,0,0
PWR,Construction,Engineering - R and D Services,35__1,35,1.0,8. p75_trade_value,8550.0,15994.0,O:PWR250221C00300000,PWR,C,300.0,2025-02-21,232,0,308,5.57,1739979641761000000,24,13368.0,2025-02-19,Multi Leg auto-electronic trade,Construction,Engineering - R and D Services,286.21,293.75,285.11,292.07,252,4.126066436885335,3,1,0,0,0
PWR,Construction,Engineering - R and D Services,35__1,35,1.0,8. p75_trade_value,8550.0,15994.0,O:PWR250221C00300000,PWR,C,300.0,2025-02-21,236,0,322,5.7,1739979642398000000,19,10830.0,2025-02-19,Multi Leg auto-electronic trade against single leg(s),Construction,Engineering - R and D Services,286.21,293.75,285.11,292.07,343,4.03462845662532,4,1,0,0,0
PWR,Construction,Engineering - R and D Services,35__1,35,1.0,8. p75_trade_value,8550.0,15994.0,O:PWR250221C00300000,PWR,C,300.0,2025-02-21,209,0,325,5.49,1739979658849000000,24,13176.0,2025-02-19,Automatic Execution,Construction,Engineering - R and D Services,286.21,293.75,285.11,292.07,255,4.119783586161698,3,1,0,0,0
PWR,Construction,Engineering - R and D Services,35__1,35,1.0,8. p75_trade_value,8550.0,15994.0,O:PWR250221C00300000,PWR,C,300.0,2025-02-21,232,0,322,7.27,1739991902085000000,18,13085.999999999998,2025-02-19,Multi Leg auto-electronic trade,Construction,Engineering - R and D Services,286.21,293.75,285.11,292.07,256,4.116806915962344,3,1,0,0,0
PWR,Construction,Engineering - R and D Services,35__1,35,1.0,8. p75_trade_value,8550.0,15994.0,O:PWR250221C00300000,PWR,C,300.0,2025-02-21,232,0,312,5.54,1739979639629000000,23,12742.0,2025-02-19,Multi Leg auto-electronic trade,Construction,Engineering - R and D Services,286.21,293.75,285.11,292.07,265,4.1052376007460225,3,1,0,0,0
PWR,Construction,Engineering - R and D Services,35__1,35,1.0,8. p75_trade_value,8550.0,15994.0,O:PWR250221C00300000,PWR,C,300.0,2025-02-21,232,0,302,7.27,1739991902085000000,22,15994.0,2025-02-19,Multi Leg auto-electronic trade,Construction,Engineering - R and D Services,286.21,293.75,285.11,292.07,196,4.203957091681244,3,1,0,0,0
PWR,Construction,Engineering - R and D Services,35__1,35,1.0,8. p75_trade_value,8550.0,15994.0,O:PWR250221C00300000,PWR,C,300.0,2025-02-21,232,0,301,7.1,1739991901363000000,22,15619.999999999998,2025-02-19,Multi Leg auto-electronic trade,Construction,Engineering - R and D Services,286.21,293.75,285.11,292.07,206,4.193681029541281,3,1,0,0,0
PWR,Construction,Engineering - R and D Services,35__1,35,1.0,8. p75_trade_value,8550.0,15994.0,O:PWR250221C00300000,PWR,C,300.0,2025-02-21,232,0,302,7.24,1739991900945000000,13,9412.0,2025-02-19,Multi Leg auto-electronic trade,Construction,Engineering - R and D Services,286.21,293.75,285.11,292.07,418,3.9736819185039836,5,1,0,0,0
PWR,Construction,Engineering - R and D Services,35__1,35,1.0,8. p75_trade_value,8550.0,15994.0,O:PWR250221C00300000,PWR,C,300.0,2025-02-21,232,0,304,5.51,1739979640357000000,21,11571.0,2025-02-19,Multi Leg auto-electronic trade,Construction,Engineering - R and D Services,286.21,293.75,285.11,292.07,311,4.063370893585704,4,1,0,0,0
PWR,Construction,Engineering - R and D Services,35__1,35,1.0,8. p75_trade_value,8550.0,15994.0,O:PWR250221C00300000,PWR,C,300.0,2025-02-21,232,0,304,7.29,1739991901464000000,12,8748.0,2025-02-19,Multi Leg auto-electronic trade,Construction,Engineering - R and D Services,286.21,293.75,285.11,292.07,465,3.9419087743655994,5,1,0,0,0
PWR,Construction,Engineering - R and D Services,35__1,35,1.0,7. p90_trade_value,16000.0,27389.999999999996,O:PWR250221C00300000,PWR,C,300.0,2025-02-21,232,0,313,7.0,1739991898896000000,26,18200.0,2025-02-19,Multi Leg auto-electronic trade,Construction,Engineering - R and D Services,286.21,293.75,285.11,292.07,154,4.260071387985075,2,1,0,0,0
PWR,Construction,Engineering - R and D Services,35__1,35,1.0,8. p75_trade_value,8550.0,15994.0,O:PWR250221C00300000,PWR,C,300.0,2025-02-21,232,0,308,7.21,1739991902930000000,17,12257.0,2025-02-19,Multi Leg auto-electronic trade,Construction,Engineering - R and D Services,286.21,293.75,285.11,292.07,280,4.088384186097703,3,1,0,0,0
PWR,Construction,Engineering - R and D Services,35__1,35,1.0,6. p95_trade_value,27950.0,137310.0,O:PWR250221C00300000,PWR,C,300.0,2025-02-21,209,0,313,6.9,1739977069604000000,199,137310.0,2025-02-19,Automatic Execution,Construction,Engineering - R and D Services,286.21,293.75,285.11,292.07,21,5.137702167146962,1,1,0,0,0
PWR,Construction,Engineering - R and D Services,35__1,35,1.0,8. p75_trade_value,8550.0,15994.0,O:PWR250221C00300000,PWR,C,300.0,2025-02-21,232,0,301,5.7,1739979637707000000,15,8550.0,2025-02-19,Multi Leg auto-electronic trade,Construction,Engineering - R and D Services,286.21,293.75,285.11,292.07,486,3.931966114728173,6,1,0,0,0
PWR,Construction,Engineering - R and D Services,35__1,35,1.0,8. p75_trade_value,8550.0,15994.0,O:PWR250221C00300000,PWR,C,300.0,2025-02-21,232,0,312,7.04,1739991899831000000,16,11264.0,2025-02-19,Multi Leg auto-electronic trade,Construction,Engineering - R and D Services,286.21,293.75,285.11,292.07,324,4.051692641798037,4,1,0,0,0
PWR,Construction,Engineering - R and D Services,35__1,35,1.0,8. p75_trade_value,8550.0,15994.0,O:PWR250221C00300000,PWR,C,300.0,2025-02-21,232,0,304,7.2,1739991900644000000,14,10080.0,2025-02-19,Multi Leg auto-electronic trade,Construction,Engineering - R and D Services,286.21,293.75,285.11,292.07,384,4.003460532109506,4,1,0,0,0
PWR,Construction,Engineering - R and D Services,35__1,35,1.0,8. p75_trade_value,8550.0,15994.0,O:PWR250221C00300000,PWR,C,300.0,2025-02-21,232,0,308,7.17,1739991900943000000,13,9321.0,2025-02-19,Multi Leg auto-electronic trade,Construction,Engineering - R and D Services,286.21,293.75,285.11,292.07,428,3.969462507974637,5,1,0,0,0
PWR,Construction,Engineering - R and D Services,35__1,35,1.0,8. p75_trade_value,8550.0,15994.0,O:PWR250221C00300000,PWR,C,300.0,2025-02-21,232,0,313,7.16,1739991902931000000,13,9308.0,2025-02-19,Multi Leg auto-electronic trade,Construction,Engineering - R and D Services,286.21,293.75,285.11,292.07,429,3.9688563746146923,5,1,0,0,0
PWR,Construction,Engineering - R and D Services,35__1,35,1.0,8. p75_trade_value,8550.0,15994.0,O:PWR250221C00300000,PWR,C,300.0,2025-02-21,232,0,304,7.04,1739991898896000000,15,10560.0,2025-02-19,Multi Leg auto-electronic trade,Construction,Engineering - R and D Services,286.21,293.75,285.11,292.07,357,4.023663918197793,4,1,0,0,0
PWR,Construction,Engineering - R and D Services,35__1,35,1.0,8. p75_trade_value,8550.0,15994.0,O:PWR250221C00300000,PWR,C,300.0,2025-02-21,232,0,313,7.21,1739991903666000000,21,15141.0,2025-02-19,Multi Leg auto-electronic trade,Construction,Engineering - R and D Services,286.21,293.75,285.11,292.07,216,4.1801545594533485,3,1,0,0,0
PWR,Construction,Engineering - R and D Services,35__1,35,1.0,8. p75_trade_value,8550.0,15994.0,O:PWR250221C00300000,PWR,C,300.0,2025-02-21,232,0,300,7.21,1739991903666000000,21,15141.0,2025-02-19,Multi Leg auto-electronic trade,Construction,Engineering - R and D Services,286.21,293.75,285.11,292.07,217,4.1801545594533485,3,1,0,0,0
PWR,Construction,Engineering - R and D Services,35__1,35,1.0,7. p90_trade_value,16000.0,27389.999999999996,O:PWR250221C00300000,PWR,C,300.0,2025-02-21,232,0,302,7.04,1739991898897000000,26,18304.0,2025-02-19,Multi Leg auto-electronic trade,Construction,Engineering - R and D Services,286.21,293.75,285.11,292.07,150,4.26254600711293,2,1,0,0,0
PWR,Construction,Engineering - R and D Services,35__1,35,1.0,7. p90_trade_value,16000.0,27389.999999999996,O:PWR250221C00300000,PWR,C,300.0,2025-02-21,232,0,300,7.08,1739991902085000000,28,19824.0,2025-02-19,Multi Leg auto-electronic trade,Construction,Engineering - R and D Services,286.21,293.75,285.11,292.07,144,4.297191289031988,2,1,0,0,0
PWR,Construction,Engineering - R and D Services,35__1,35,1.0,8. p75_trade_value,8550.0,15994.0,O:PWR250221C00300000,PWR,C,300.0,2025-02-21,232,0,300,5.54,1739979640358000000,19,10526.0,2025-02-19,Multi Leg auto-electronic trade,Construction,Engineering - R and D Services,286.21,293.75,285.11,292.07,358,4.022263365681258,4,1,0,0,0
PWR,Construction,Engineering - R and D Services,35__1,35,1.0,8. p75_trade_value,8550.0,15994.0,O:PWR250221C00300000,PWR,C,300.0,2025-02-21,232,0,322,5.53,1739979641157000000,21,11613.000000000002,2025-02-19,Multi Leg auto-electronic trade,Construction,Engineering - R and D Services,286.21,293.75,285.11,292.07,306,4.064944426038617,4,1,0,0,0
PWR,Construction,Engineering - R and D Services,35__1,35,1.0,8. p75_trade_value,8550.0,15994.0,O:PWR250221C00300000,PWR,C,300.0,2025-02-21,232,0,308,5.58,1739979640358000000,16,8928.0,2025-02-19,Multi Leg auto-electronic trade,Construction,Engineering - R and D Services,286.21,293.75,285.11,292.07,449,3.9507541815935037,5,1,0,0,0
PWR,Construction,Engineering - R and D Services,35__1,35,1.0,8. p75_trade_value,8550.0,15994.0,O:PWR250221C00300000,PWR,C,300.0,2025-02-21,232,0,308,5.54,1739979639528000000,16,8864.0,2025-02-19,Multi Leg auto-electronic trade,Construction,Engineering - R and D Services,286.21,293.75,285.11,292.07,452,3.9476297473843545,5,1,0,0,0
PWR,Construction,Engineering - R and D Services,35__1,35,1.0,8. p75_trade_value,8550.0,15994.0,O:PWR250221C00300000,PWR,C,300.0,2025-02-21,232,0,302,7.3,1739991901465000000,14,10220.0,2025-02-19,Multi Leg auto-electronic trade,Construction,Engineering - R and D Services,286.21,293.75,285.11,292.07,378,4.009450895798694,4,1,0,0,0
PWR,Construction,Engineering - R and D Services,35__1,35,1.0,8. p75_trade_value,8550.0,15994.0,O:PWR250221C00300000,PWR,C,300.0,2025-02-21,232,0,301,5.7,1739979639430000000,26,14820.000000000002,2025-02-19,Multi Leg auto-electronic trade,Construction,Engineering - R and D Services,286.21,293.75,285.11,292.07,221,4.17084820364331,3,1,0,0,0
PWR,Construction,Engineering - R and D Services,35__1,35,1.0,8. p75_trade_value,8550.0,15994.0,O:PWR250221C00300000,PWR,C,300.0,2025-02-21,232,0,323,7.16,1739991901462000000,12,8592.0,2025-02-19,Multi Leg auto-electronic trade,Construction,Engineering - R and D Services,286.21,293.75,285.11,292.07,478,3.9340942683554805,5,1,0,0,0
PWR,Construction,Engineering - R and D Services,35__1,35,1.0,8. p75_trade_value,8550.0,15994.0,O:PWR250221C00300000,PWR,C,300.0,2025-02-21,232,0,300,7.17,1739991901463000000,12,8604.0,2025-02-19,Multi Leg auto-electronic trade,Construction,Engineering - R and D Services,286.21,293.75,285.11,292.07,476,3.934700401715425,5,1,0,0,0
PWR,Construction,Engineering - R and D Services,35__1,35,1.0,8. p75_trade_value,8550.0,15994.0,O:PWR250221C00300000,PWR,C,300.0,2025-02-21,232,0,312,7.19,1739991901043000000,14,10066.000000000002,2025-02-19,Multi Leg auto-electronic trade,Construction,Engineering - R and D Services,286.21,293.75,285.11,292.07,385,4.002856926061121,4,1,0,0,0
PWR,Construction,Engineering - R and D Services,35__1,35,1.0,8. p75_trade_value,8550.0,15994.0,O:PWR250221C00300000,PWR,C,300.0,2025-02-21,232,0,302,5.5,1739979640598000000,16,8800.0,2025-02-19,Multi Leg auto-electronic trade,Construction,Engineering - R and D Services,286.21,293.75,285.11,292.07,461,3.9444826721501687,5,1,0,0,0
PWR,Construction,Engineering - R and D Services,35__1,35,1.0,8. p75_trade_value,8550.0,15994.0,O:PWR250221C00300000,PWR,C,300.0,2025-02-21,232,0,308,5.56,1739979641456000000,19,10563.999999999998,2025-02-19,Multi Leg auto-electronic trade,Construction,Engineering - R and D Services,286.21,293.75,285.11,292.07,355,4.023828392534886,4,1,0,0,0
PWR,Construction,Engineering - R and D Services,35__1,35,1.0,5. p99_trade_value,144000.0,712000.0,O:PWR250221C00310000,PWR,C,310.0,2025-02-21,235,0,301,4.6,1739996761594000000,861,396060.0,2025-02-19,Multi Leg floor trade,Construction,Engineering - R and D Services,286.21,293.75,285.11,292.07,5,5.597760983135228,1,0,0,0,1
PWR,Construction,Engineering - R and D Services,35__1,35,1.0,5. p99_trade_value,144000.0,712000.0,O:PWR250221C00320000,PWR,C,320.0,2025-02-21,235,0,301,2.36,1739996761594000000,861,203195.99999999997,2025-02-19,Multi Leg floor trade,Construction,Engineering - R and D Services,286.21,293.75,285.11,292.07,11,5.307915154423761,1,0,0,0,1
PWR,Construction,Engineering - R and D Services,35__1,35,1.0,8. p75_trade_value,8550.0,15994.0,O:PWR250221C00320000,PWR,C,320.0,2025-02-21,209,0,316,2.15,1739995949950000000,41,8815.0,2025-02-19,Automatic Execution,Construction,Engineering - R and D Services,286.21,293.75,285.11,292.07,459,3.945222316635341,5,0,0,0,1
PWR,Construction,Engineering - R and D Services,35__1,35,1.0,8. p75_trade_value,8550.0,15994.0,O:PWR250321C00300000,PWR,C,300.0,2025-03-21,209,0,315,11.6,1739989500721000000,10,11600.0,2025-02-19,Automatic Execution,Construction,Engineering - R and D Services,286.21,293.75,285.11,292.07,309,4.064457989226918,4,1,0,0,0
PWR,Construction,Engineering - R and D Services,35__1,35,1.0,8. p75_trade_value,8550.0,15994.0,O:PWR250321C00300000,PWR,C,300.0,2025-03-21,227,0,323,12.71,1739998579502000000,12,15252.000000000002,2025-02-19,Single Leg Auction Non ISO,Construction,Engineering - R and D Services,286.21,293.75,285.11,292.07,215,4.183326796601633,3,1,0,0,0
PWR,Construction,Engineering - R and D Services,35__1,35,1.0,8. p75_trade_value,8550.0,15994.0,O:PWR250321C00300000,PWR,C,300.0,2025-03-21,209,0,315,12.5,1739995946640000000,9,11250.0,2025-02-19,Automatic Execution,Construction,Engineering - R and D Services,286.21,293.75,285.11,292.07,325,4.051152522447381,4,1,0,0,0
PWR,Construction,Engineering - R and D Services,35__1,35,1.0,8. p75_trade_value,8550.0,15994.0,O:PWR250321C00300000,PWR,C,300.0,2025-03-21,209,0,320,12.5,1739995946640000000,10,12500.0,2025-02-19,Automatic Execution,Construction,Engineering - R and D Services,286.21,293.75,285.11,292.07,273,4.096910013008056,3,1,0,0,0
PWR,Construction,Engineering - R and D Services,35__1,35,1.0,8. p75_trade_value,8550.0,15994.0,O:PWR250321C00300000,PWR,C,300.0,2025-03-21,209,0,320,12.5,1739992329666000000,10,12500.0,2025-02-19,Automatic Execution,Construction,Engineering - R and D Services,286.21,293.75,285.11,292.07,272,4.096910013008056,3,1,0,0,0
PWR,Construction,Engineering - R and D Services,35__1,35,1.0,8. p75_trade_value,8550.0,15994.0,O:PWR250321C00300000,PWR,C,300.0,2025-03-21,209,0,322,12.5,1739995946640000000,7,8750.0,2025-02-19,Automatic Execution,Construction,Engineering - R and D Services,286.21,293.75,285.11,292.07,464,3.942008053022313,5,1,0,0,0
PWR,Construction,Engineering - R and D Services,35__1,35,1.0,8. p75_trade_value,8550.0,15994.0,O:PWR250321P00250000,PWR,P,250.0,2025-03-21,232,0,308,2.33,1740071313149000000,56,13048.000000000002,2025-02-20,Multi Leg auto-electronic trade,Construction,Engineering - R and D Services,307.575,309.41,275.825,281.16,259,4.11554394803222,3,1,0,0,0
PWR,Construction,Engineering - R and D Services,35__1,35,1.0,8. p75_trade_value,8550.0,15994.0,O:PWR250321P00250000,PWR,P,250.0,2025-03-21,232,0,308,2.23,1740071295624000000,44,9812.0,2025-02-20,Multi Leg auto-electronic trade,Construction,Engineering - R and D Services,307.575,309.41,275.825,281.16,399,3.991757539534348,5,1,0,0,0
PWR,Construction,Engineering - R and D Services,35__1,35,1.0,8. p75_trade_value,8550.0,15994.0,O:PWR250321P00250000,PWR,P,250.0,2025-03-21,232,0,308,2.23,1740071295624000000,44,9812.0,2025-02-20,Multi Leg auto-electronic trade,Construction,Engineering - R and D Services,307.575,309.41,275.825,281.16,400,3.991757539534348,5,1,0,0,0
PWR,Construction,Engineering - R and D Services,35__1,35,1.0,6. p95_trade_value,27950.0,137310.0,O:PWR250321P00250000,PWR,P,250.0,2025-03-21,232,0,308,2.2,1740071295620000000,145,31900.0,2025-02-20,Multi Leg auto-electronic trade,Construction,Engineering - R and D Services,307.575,309.41,275.825,281.16,85,4.503790683057181,1,1,0,0,0
PWR,Construction,Engineering - R and D Services,35__1,35,1.0,6. p95_trade_value,27950.0,137310.0,O:PWR250321P00250000,PWR,P,250.0,2025-03-21,232,0,308,2.33,1740071313141000000,145,33785.0,2025-02-20,Multi Leg auto-electronic trade,Construction,Engineering - R and D Services,307.575,309.41,275.825,281.16,77,4.528723923260994,1,1,0,0,0
PWR,Construction,Engineering - R and D Services,35__1,35,1.0,6. p95_trade_value,27950.0,137310.0,O:PWR250321P00250000,PWR,P,250.0,2025-03-21,232,0,308,2.33,1740071313136000000,145,33785.0,2025-02-20,Multi Leg auto-electronic trade,Construction,Engineering - R and D Services,307.575,309.41,275.825,281.16,76,4.528723923260994,1,1,0,0,0
PWR,Construction,Engineering - R and D Services,35__1,35,1.0,7. p90_trade_value,16000.0,27389.999999999996,O:PWR250321P00250000,PWR,P,250.0,2025-03-21,232,0,308,2.33,1740071313149000000,87,20271.0,2025-02-20,Multi Leg auto-electronic trade,Construction,Engineering - R and D Services,307.575,309.41,275.825,281.16,139,4.306875173644637,2,1,0,0,0
PWR,Construction,Engineering - R and D Services,35__1,35,1.0,8. p75_trade_value,8550.0,15994.0,O:PWR250321P00250000,PWR,P,250.0,2025-03-21,232,0,308,2.23,1740071295624000000,44,9812.0,2025-02-20,Multi Leg auto-electronic trade,Construction,Engineering - R and D Services,307.575,309.41,275.825,281.16,398,3.991757539534348,5,1,0,0,0
PWR,Construction,Engineering - R and D Services,35__1,35,1.0,6. p95_trade_value,27950.0,137310.0,O:PWR250321P00260000,PWR,P,260.0,2025-03-21,232,0,308,3.95,1740071295620000000,145,57275.0,2025-02-20,Multi Leg auto-electronic trade,Construction,Engineering - R and D Services,307.575,309.41,275.825,281.16,56,4.757965097861435,1,1,0,0,0
PWR,Construction,Engineering - R and D Services,35__1,35,1.0,7. p90_trade_value,16000.0,27389.999999999996,O:PWR250321P00260000,PWR,P,260.0,2025-03-21,232,0,308,3.98,1740071295624000000,44,17512.0,2025-02-20,Multi Leg auto-electronic trade,Construction,Engineering - R and D Services,307.575,309.41,275.825,281.16,164,4.2433357485598755,2,1,0,0,0
PWR,Construction,Engineering - R and D Services,35__1,35,1.0,7. p90_trade_value,16000.0,27389.999999999996,O:PWR250321P00260000,PWR,P,260.0,2025-03-21,232,0,308,3.98,1740071295624000000,44,17512.0,2025-02-20,Multi Leg auto-electronic trade,Construction,Engineering - R and D Services,307.575,309.41,275.825,281.16,163,4.2433357485598755,2,1,0,0,0
PWR,Construction,Engineering - R and D Services,35__1,35,1.0,6. p95_trade_value,27950.0,137310.0,O:PWR250321P00260000,PWR,P,260.0,2025-03-21,232,0,308,4.08,1740071313136000000,145,59160.0,2025-02-20,Multi Leg auto-electronic trade,Construction,Engineering - R and D Services,307.575,309.41,275.825,281.16,54,4.772028165324855,1,1,0,0,0
PWR,Construction,Engineering - R and D Services,35__1,35,1.0,7. p90_trade_value,16000.0,27389.999999999996,O:PWR250321P00260000,PWR,P,260.0,2025-03-21,232,0,308,4.08,1740071313149000000,56,22848.0,2025-02-20,Multi Leg auto-electronic trade,Construction,Engineering - R and D Services,307.575,309.41,275.825,281.16,121,4.35884819009608,2,1,0,0,0
PWR,Construction,Engineering - R and D Services,35__1,35,1.0,7. p90_trade_value,16000.0,27389.999999999996,O:PWR250321P00260000,PWR,P,260.0,2025-03-21,232,0,308,3.98,1740071295624000000,44,17512.0,2025-02-20,Multi Leg auto-electronic trade,Construction,Engineering - R and D Services,307.575,309.41,275.825,281.16,165,4.2433357485598755,2,1,0,0,0
PWR,Construction,Engineering - R and D Services,35__1,35,1.0,6. p95_trade_value,27950.0,137310.0,O:PWR250321P00260000,PWR,P,260.0,2025-03-21,232,0,308,4.08,1740071313149000000,87,35496.0,2025-02-20,Multi Leg auto-electronic trade,Construction,Engineering - R and D Services,307.575,309.41,275.825,281.16,72,4.550179415708499,1,1,0,0,0
PWR,Construction,Engineering - R and D Services,35__1,35,1.0,6. p95_trade_value,27950.0,137310.0,O:PWR250321P00260000,PWR,P,260.0,2025-03-21,232,0,308,4.08,1740071313141000000,145,59160.0,2025-02-20,Multi Leg auto-electronic trade,Construction,Engineering - R and D Services,307.575,309.41,275.825,281.16,53,4.772028165324855,1,1,0,0,0
PWR,Construction,Engineering - R and D Services,35__1,35,1.0,7. p90_trade_value,16000.0,27389.999999999996,O:PWR250321C00310000,PWR,C,310.0,2025-03-21,237,0,304,2.44,1740158413994000000,90,21960.0,2025-02-21,Stock Options Auction,Construction,Engineering - R and D Services,290.9,290.9875,267.86,269.36,127,4.341632335778054,2,0,0,0,1
PWR,Construction,Engineering - R and D Services,35__1,35,1.0,8. p75_trade_value,8550.0,15994.0,O:PWR250321C00280000,PWR,C,280.0,2025-03-21,209,0,308,5.2,1740414092955000000,20,10400.0,2025-02-24,Automatic Execution,Construction,Engineering - R and D Services,269.69,271.095,258.64,259.36,368,4.017033339298781,4,0,0,0,1
PWR,Construction,Engineering - R and D Services,35__1,35,1.0,5. p99_trade_value,144000.0,712000.0,O:PWR250321P00250000,PWR,P,250.0,2025-03-21,235,0,323,7.2,1740412935498000000,200,144000.0,2025-02-24,Multi Leg floor trade,Construction,Engineering - R and D Services,269.69,271.095,258.64,259.36,20,5.158362492095249,1,1,0,0,0
PWR,Construction,Engineering - R and D Services,35__1,35,1.0,5. p99_trade_value,144000.0,712000.0,O:PWR250321C00270000,PWR,C,270.0,2025-03-21,235,0,301,8.9,1740510813832000000,800,712000.0,2025-02-25,Multi Leg floor trade,Construction,Engineering - R and D Services,259.47,269.41,253.44,264.39,3,5.852479993636856,1,1,1,0,0
PWR,Construction,Engineering - R and D Services,35__1,35,1.0,8. p75_trade_value,8550.0,15994.0,O:PWR250321C00270000,PWR,C,270.0,2025-03-21,227,0,323,11.28,1740515370012000000,10,11280.0,2025-02-25,Single Leg Auction Non ISO,Construction,Engineering - R and D Services,259.47,269.41,253.44,264.39,322,4.052309099647323,4,1,1,0,0
PWR,Construction,Engineering - R and D Services,35__1,35,1.0,8. p75_trade_value,8550.0,15994.0,O:PWR250321C00280000,PWR,C,280.0,2025-03-21,209,0,308,4.3,1740505621848000000,25,10750.0,2025-02-25,Automatic Execution,Construction,Engineering - R and D Services,259.47,269.41,253.44,264.39,346,4.031408464251625,4,0,0,0,1
PWR,Construction,Engineering - R and D Services,35__1,35,1.0,8. p75_trade_value,8550.0,15994.0,O:PWR250321C00280000,PWR,C,280.0,2025-03-21,209,0,308,4.7,1740507623449000000,20,9400.0,2025-02-25,Automatic Execution,Construction,Engineering - R and D Services,259.47,269.41,253.44,264.39,423,3.9731278535996988,5,0,0,0,1
PWR,Construction,Engineering - R and D Services,35__1,35,1.0,8. p75_trade_value,8550.0,15994.0,O:PWR250321C00280000,PWR,C,280.0,2025-03-21,209,0,308,4.2,1740505612233000000,30,12600.0,2025-02-25,Automatic Execution,Construction,Engineering - R and D Services,259.47,269.41,253.44,264.39,269,4.1003705451175625,3,0,0,0,1
PWR,Construction,Engineering - R and D Services,35__1,35,1.0,6. p95_trade_value,27950.0,137310.0,O:PWR250321C00300000,PWR,C,300.0,2025-03-21,235,0,301,1.5,1740510813869000000,800,120000.0,2025-02-25,Multi Leg floor trade,Construction,Engineering - R and D Services,259.47,269.41,253.44,264.39,22,5.079181246047625,1,0,0,0,1
PWR,Construction,Engineering - R and D Services,35__1,35,1.0,6. p95_trade_value,27950.0,137310.0,O:PWR250321C00300000,PWR,C,300.0,2025-03-21,227,0,323,1.27,1740506211974000000,258,32766.000000000004,2025-02-25,Single Leg Auction Non ISO,Construction,Engineering - R and D Services,259.47,269.41,253.44,264.39,83,4.515423426919187,1,0,0,0,1
PWR,Construction,Engineering - R and D Services,35__1,35,1.0,8. p75_trade_value,8550.0,15994.0,O:PWR250321P00240000,PWR,P,240.0,2025-03-21,209,0,320,3.0,1740512431156000000,30,9000.0,2025-02-25,Automatic Execution,Construction,Engineering - R and D Services,259.47,269.41,253.44,264.39,444,3.9542425094393248,5,1,0,0,0
PWR,Construction,Engineering - R and D Services,35__1,35,1.0,6. p95_trade_value,27950.0,137310.0,O:PWR250321P00250000,PWR,P,250.0,2025-03-21,227,0,308,5.42,1740510659362000000,100,54200.0,2025-02-25,Single Leg Auction Non ISO,Construction,Engineering - R and D Services,259.47,269.41,253.44,264.39,58,4.733999286538387,1,1,0,0,0
PWR,Construction,Engineering - R and D Services,35__1,35,1.0,7. p90_trade_value,16000.0,27389.999999999996,O:PWR250321C00280000,PWR,C,280.0,2025-03-21,209,0,316,8.9,1740588606736000000,20,17800.0,2025-02-26,Automatic Execution,Construction,Engineering - R and D Services,270.4,276.0,267.995,268.81,160,4.250420002308894,2,0,0,0,1
PWR,Construction,Engineering - R and D Services,35__1,35,1.0,8. p75_trade_value,8550.0,15994.0,O:PWR250321C00290000,PWR,C,290.0,2025-03-21,232,0,322,4.78,1740602700742000000,25,11950.0,2025-02-26,Multi Leg auto-electronic trade,Construction,Engineering - R and D Services,270.4,276.0,267.995,268.81,292,4.077367905284157,4,0,0,0,1
PWR,Construction,Engineering - R and D Services,35__1,35,1.0,6. p95_trade_value,27950.0,137310.0,O:PWR250321C00290000,PWR,C,290.0,2025-03-21,232,0,313,4.71,1740602715895000000,152,71592.0,2025-02-26,Multi Leg auto-electronic trade,Construction,Engineering - R and D Services,270.4,276.0,267.995,268.81,45,4.854864495073668,1,0,0,0,1
PWR,Construction,Engineering - R and D Services,35__1,35,1.0,8. p75_trade_value,8550.0,15994.0,O:PWR250321C00320000,PWR,C,320.0,2025-03-21,232,0,313,0.7,1740602715895000000,152,10640.0,2025-02-26,Multi Leg auto-electronic trade,Construction,Engineering - R and D Services,270.4,276.0,267.995,268.81,349,4.0269416279590295,4,0,0,0,1
PWR,Construction,Engineering - R and D Services,35__1,35,1.0,7. p90_trade_value,16000.0,27389.999999999996,O:PWR250321P00230000,PWR,P,230.0,2025-03-21,232,0,313,1.19,1740602715895000000,152,18088.0,2025-02-26,Multi Leg auto-electronic trade,Construction,Engineering - R and D Services,270.4,276.0,267.995,268.81,156,4.257390549337304,2,0,0,0,1
PWR,Construction,Engineering - R and D Services,35__1,35,1.0,6. p95_trade_value,27950.0,137310.0,O:PWR250321P00260000,PWR,P,260.0,2025-03-21,209,0,313,6.0,1740589385204000000,50,30000.0,2025-02-26,Automatic Execution,Construction,Engineering - R and D Services,270.4,276.0,267.995,268.81,90,4.477121254719663,1,1,0,0,0
PWR,Construction,Engineering - R and D Services,35__1,35,1.0,8. p75_trade_value,8550.0,15994.0,O:PWR250321C00280000,PWR,C,280.0,2025-03-21,209,0,308,3.8,1740756799645000000,29,11019.999999999998,2025-02-28,Automatic Execution,Construction,Engineering - R and D Services,259.16,262.51,255.01,259.63,332,4.042181594515766,4,0,0,0,1
PWR,Construction,Engineering - R and D Services,35__1,35,1.0,8. p75_trade_value,8550.0,15994.0,O:PWR250321P00240000,PWR,P,240.0,2025-03-21,209,0,307,3.4,1740762415564000000,33,11220.0,2025-02-28,Automatic Execution,Construction,Engineering - R and D Services,259.16,262.51,255.01,259.63,327,4.049992856920142,4,1,0,0,0
PWR,Construction,Engineering - R and D Services,35__1,35,1.0,6. p95_trade_value,27950.0,137310.0,O:PWR250321P00240000,PWR,P,240.0,2025-03-21,231,0,323,3.4,1740775917095000000,83,28220.0,2025-02-28,Single Leg Floor Trade,Construction,Engineering - R and D Services,259.16,262.51,255.01,259.63,96,4.450557009418329,1,1,0,0,0
PWR,Construction,Engineering - R and D Services,35__1,35,1.0,6. p95_trade_value,27950.0,137310.0,O:PWR250321P00240000,PWR,P,240.0,2025-03-21,231,0,323,4.0,1740769394156000000,83,33200.0,2025-02-28,Single Leg Floor Trade,Construction,Engineering - R and D Services,259.16,262.51,255.01,259.63,81,4.521138083704036,1,1,0,0,0
PWR,Construction,Engineering - R and D Services,35__1,35,1.0,7. p90_trade_value,16000.0,27389.999999999996,O:PWR250321P00240000,PWR,P,240.0,2025-03-21,231,0,323,3.3,1740773174551000000,83,27389.999999999996,2025-02-28,Single Leg Floor Trade,Construction,Engineering - R and D Services,259.16,262.51,255.01,259.63,98,4.437592032253962,2,1,0,0,0
PWR,Construction,Engineering - R and D Services,35__1,35,1.0,8. p75_trade_value,8550.0,15994.0,O:PWR250321P00240000,PWR,P,240.0,2025-03-21,231,0,323,3.4,1740774678928000000,42,14279.999999999998,2025-02-28,Single Leg Floor Trade,Construction,Engineering - R and D Services,259.16,262.51,255.01,259.63,233,4.154728207440155,3,1,0,0,0
PWR,Construction,Engineering - R and D Services,35__1,35,1.0,8. p75_trade_value,8550.0,15994.0,O:PWR250321P00240000,PWR,P,240.0,2025-03-21,231,0,323,3.3,1740774678928000000,41,13529.999999999998,2025-02-28,Single Leg Floor Trade,Construction,Engineering - R and D Services,259.16,262.51,255.01,259.63,248,4.1312977965976225,3,1,0,0,0
PWR,Construction,Engineering - R and D Services,35__1,35,1.0,8. p75_trade_value,8550.0,15994.0,O:PWR250321P00240000,PWR,P,240.0,2025-03-21,231,0,323,3.4,1740772198574000000,41,13940.0,2025-02-28,Single Leg Floor Trade,Construction,Engineering - R and D Services,259.16,262.51,255.01,259.63,238,4.144262773761991,3,1,0,0,0
PWR,Construction,Engineering - R and D Services,35__1,35,1.0,8. p75_trade_value,8550.0,15994.0,O:PWR250321P00240000,PWR,P,240.0,2025-03-21,231,0,323,3.5,1740772198574000000,42,14700.0,2025-02-28,Single Leg Floor Trade,Construction,Engineering - R and D Services,259.16,262.51,255.01,259.63,223,4.1673173347481764,3,1,0,0,0
PWR,Construction,Engineering - R and D Services,35__1,35,1.0,8. p75_trade_value,8550.0,15994.0,O:PWR250321P00240000,PWR,P,240.0,2025-03-21,219,0,316,3.8,1740767424466000000,26,9880.0,2025-02-28,Intermarket Sweep Order,Construction,Engineering - R and D Services,259.16,262.51,255.01,259.63,396,3.9947569445876283,5,1,0,0,0
PWR,Construction,Engineering - R and D Services,35__1,35,1.0,8. p75_trade_value,8550.0,15994.0,O:PWR250321P00250000,PWR,P,250.0,2025-03-21,209,0,301,6.7,1740775751552000000,17,11390.0,2025-02-28,Automatic Execution,Construction,Engineering - R and D Services,259.16,262.51,255.01,259.63,315,4.0565237240791,4,1,0,0,0
PWR,Construction,Engineering - R and D Services,35__1,35,1.0,8. p75_trade_value,8550.0,15994.0,O:PWR250321P00250000,PWR,P,250.0,2025-03-21,209,0,302,6.7,1740775751552000000,17,11390.0,2025-02-28,Automatic Execution,Construction,Engineering - R and D Services,259.16,262.51,255.01,259.63,316,4.0565237240791,4,1,0,0,0
PWR,Construction,Engineering - R and D Services,35__1,35,1.0,8. p75_trade_value,8550.0,15994.0,O:PWR250321P00230000,PWR,P,230.0,2025-03-21,232,0,313,2.31,1741027373736000000,49,11319.0,2025-03-03,Multi Leg auto-electronic trade,Construction,Engineering - R and D Services,261.66,264.5,248.67,250.91,320,4.053808059920658,4,0,0,0,1
PWR,Construction,Engineering - R and D Services,35__1,35,1.0,6. p95_trade_value,27950.0,137310.0,O:PWR250321P00240000,PWR,P,240.0,2025-03-21,235,0,300,9.1,1741105500811000000,100,91000.0,2025-03-04,Multi Leg floor trade,Construction,Engineering - R and D Services,244.67,256.31,241.44,249.63,34,4.959041392321094,1,1,0,0,0
PWR,Construction,Engineering - R and D Services,35__1,35,1.0,7. p90_trade_value,16000.0,27389.999999999996,O:PWR250321P00230000,PWR,P,230.0,2025-03-21,209,0,316,3.6,1741194787350000000,51,18360.0,2025-03-05,Automatic Execution,Construction,Engineering - R and D Services,250.29,255.005,246.82,253.16,149,4.2638726768652235,2,0,0,0,1
PWR,Construction,Engineering - R and D Services,35__1,35,1.0,8. p75_trade_value,8550.0,15994.0,O:PWR250321P00230000,PWR,P,230.0,2025-03-21,209,0,309,3.2,1741190969279000000,27,8640.0,2025-03-05,Automatic Execution,Construction,Engineering - R and D Services,250.29,255.005,246.82,253.16,473,3.936513742478893,5,0,0,0,1
PWR,Construction,Engineering - R and D Services,35__1,35,1.0,7. p90_trade_value,16000.0,27389.999999999996,O:PWR250321P00230000,PWR,P,230.0,2025-03-21,209,0,316,3.6,1741192913449000000,48,17280.0,2025-03-05,Automatic Execution,Construction,Engineering - R and D Services,250.29,255.005,246.82,253.16,172,4.237543738142874,2,0,0,0,1
PWR,Construction,Engineering - R and D Services,35__1,35,1.0,8. p75_trade_value,8550.0,15994.0,O:PWR250321P00240000,PWR,P,240.0,2025-03-21,209,0,316,5.2,1741187446517000000,17,8840.0,2025-03-05,Automatic Execution,Construction,Engineering - R and D Services,250.29,255.005,246.82,253.16,456,3.946452265013073,5,1,0,0,0
PWR,Construction,Engineering - R and D Services,35__1,35,1.0,6. p95_trade_value,27950.0,137310.0,O:PWR250321P00240000,PWR,P,240.0,2025-03-21,209,0,316,5.2,1741189998631000000,57,29640.000000000004,2025-03-05,Automatic Execution,Construction,Engineering - R and D Services,250.29,255.005,246.82,253.16,92,4.471878199307291,1,1,0,0,0
PWR,Construction,Engineering - R and D Services,35__1,35,1.0,6. p95_trade_value,27950.0,137310.0,O:PWR250321P00230000,PWR,P,230.0,2025-03-21,209,0,316,6.1,1741272380221000000,146,89059.99999999999,2025-03-06,Automatic Execution,Construction,Engineering - R and D Services,243.51,246.46,238.52,240.88,37,4.949682690795204,1,0,0,0,1
PWR,Construction,Engineering - R and D Services,35__1,35,1.0,8. p75_trade_value,8550.0,15994.0,O:PWR250321P00230000,PWR,P,230.0,2025-03-21,209,0,316,4.9,1741273631628000000,23,11270.0,2025-03-06,Automatic Execution,Construction,Engineering - R and D Services,243.51,246.46,238.52,240.88,323,4.051923916046107,4,0,0,0,1
PWR,Construction,Engineering - R and D Services,35__1,35,1.0,6. p95_trade_value,27950.0,137310.0,O:PWR250321P00230000,PWR,P,230.0,2025-03-21,209,0,313,6.0,1741282579117000000,98,58800.0,2025-03-06,Automatic Execution,Construction,Engineering - R and D Services,243.51,246.46,238.52,240.88,55,4.769377326076138,1,0,0,0,1
PWR,Construction,Engineering - R and D Services,35__1,35,1.0,6. p95_trade_value,27950.0,137310.0,O:PWR250321P00230000,PWR,P,230.0,2025-03-21,209,0,316,4.8,1741272915649000000,63,30239.999999999996,2025-03-06,Automatic Execution,Construction,Engineering - R and D Services,243.51,246.46,238.52,240.88,89,4.480581786829169,1,0,0,0,1
PWR,Construction,Engineering - R and D Services,35__1,35,1.0,8. p75_trade_value,8550.0,15994.0,O:PWR250321P00230000,PWR,P,230.0,2025-03-21,209,0,301,5.9,1741293364314000000,21,12390.0,2025-03-06,Automatic Execution,Construction,Engineering - R and D Services,243.51,246.46,238.52,240.88,277,4.093071306376063,3,0,0,0,1
PWR,Construction,Engineering - R and D Services,35__1,35,1.0,8. p75_trade_value,8550.0,15994.0,O:PWR250321P00230000,PWR,P,230.0,2025-03-21,209,0,316,4.9,1741273631622000000,28,13720.000000000002,2025-03-06,Automatic Execution,Construction,Engineering - R and D Services,243.51,246.46,238.52,240.88,244,4.137354111370733,3,0,0,0,1
PWR,Construction,Engineering - R and D Services,35__1,35,1.0,7. p90_trade_value,16000.0,27389.999999999996,O:PWR250321P00230000,PWR,P,230.0,2025-03-21,209,0,316,5.7,1741293240936000000,38,21660.0,2025-03-06,Automatic Execution,Construction,Engineering - R and D Services,243.51,246.46,238.52,240.88,131,4.335658452289302,2,0,0,0,1
PWR,Construction,Engineering - R and D Services,35__1,35,1.0,7. p90_trade_value,16000.0,27389.999999999996,O:PWR250321P00230000,PWR,P,230.0,2025-03-21,209,0,301,6.0,1741293240950000000,29,17400.0,2025-03-06,Automatic Execution,Construction,Engineering - R and D Services,243.51,246.46,238.52,240.88,169,4.2405492482825995,2,0,0,0,1
PWR,Construction,Engineering - R and D Services,35__1,35,1.0,8. p75_trade_value,8550.0,15994.0,O:PWR250321P00210000,PWR,P,210.0,2025-03-21,209,0,308,2.35,1741628237950000000,40,9400.0,2025-03-10,Automatic Execution,Construction,Engineering - R and D Services,236.95,241.25,231.31,236.71,424,3.9731278535996988,5,0,0,0,1
PWR,Construction,Engineering - R and D Services,35__1,35,1.0,8. p75_trade_value,8550.0,15994.0,O:PWR250417C00280000,PWR,C,280.0,2025-04-17,232,0,322,6.15,1742319074019000000,17,10455.000000000002,2025-03-18,Multi Leg auto-electronic trade,Construction,Engineering - R and D Services,263.67,266.86,261.5001,263.36,365,4.019324037153691,4,0,0,0,1
PWR,Construction,Engineering - R and D Services,35__1,35,1.0,8. p75_trade_value,8550.0,15994.0,O:PWR250417C00280000,PWR,C,280.0,2025-04-17,232,0,313,6.15,1742319104283000000,20,12300.0,2025-03-18,Multi Leg auto-electronic trade,Construction,Engineering - R and D Services,263.67,266.86,261.5001,263.36,279,4.089905111439398,3,0,0,0,1
PWR,Construction,Engineering - R and D Services,35__1,35,1.0,8. p75_trade_value,8550.0,15994.0,O:PWR250417C00280000,PWR,C,280.0,2025-04-17,209,0,308,9.0,1742412016607000000,10,9000.0,2025-03-19,Automatic Execution,Construction,Engineering - R and D Services,265.2,273.14,262.4072,270.4,442,3.9542425094393248,5,0,0,0,1
PWR,Construction,Engineering - R and D Services,35__1,35,1.0,8. p75_trade_value,8550.0,15994.0,O:PWR250417C00280000,PWR,C,280.0,2025-04-17,209,0,308,9.4,1742483999917000000,10,9400.0,2025-03-20,Automatic Execution,Construction,Engineering - R and D Services,266.5,274.11,264.95,271.1,421,3.9731278535996988,5,0,0,0,1
PWR,Construction,Engineering - R and D Services,35__1,35,1.0,8. p75_trade_value,8550.0,15994.0,O:PWR250417C00280000,PWR,C,280.0,2025-04-17,209,0,308,9.4,1742484000850000000,10,9400.0,2025-03-20,Automatic Execution,Construction,Engineering - R and D Services,266.5,274.11,264.95,271.1,420,3.9731278535996988,5,0,0,0,1
PWR,Construction,Engineering - R and D Services,35__1,35,1.0,8. p75_trade_value,8550.0,15994.0,O:PWR250417C00280000,PWR,C,280.0,2025-04-17,209,0,308,9.5,1742484006372000000,10,9500.0,2025-03-20,Automatic Execution,Construction,Engineering - R and D Services,266.5,274.11,264.95,271.1,415,3.9777236052888476,5,0,0,0,1
PWR,Construction,Engineering - R and D Services,35__1,35,1.0,8. p75_trade_value,8550.0,15994.0,O:PWR250417C00280000,PWR,C,280.0,2025-04-17,209,0,308,9.4,1742483999919000000,10,9400.0,2025-03-20,Automatic Execution,Construction,Engineering - R and D Services,266.5,274.11,264.95,271.1,422,3.9731278535996988,5,0,0,0,1
PWR,Construction,Engineering - R and D Services,35__1,35,1.0,7. p90_trade_value,16000.0,27389.999999999996,O:PWR250417C00290000,PWR,C,290.0,2025-04-17,232,0,323,4.75,1742479032872000000,50,23750.0,2025-03-20,Multi Leg auto-electronic trade,Construction,Engineering - R and D Services,266.5,274.11,264.95,271.1,114,4.375663613960885,2,0,0,0,1
PWR,Construction,Engineering - R and D Services,35__1,35,1.0,7. p90_trade_value,16000.0,27389.999999999996,O:PWR250417C00290000,PWR,C,290.0,2025-04-17,232,0,304,4.77,1742479032884000000,52,24803.999999999996,2025-03-20,Multi Leg auto-electronic trade,Construction,Engineering - R and D Services,266.5,274.11,264.95,271.1,108,4.394521722674913,2,0,0,0,1
PWR,Construction,Engineering - R and D Services,35__1,35,1.0,7. p90_trade_value,16000.0,27389.999999999996,O:PWR250417C00290000,PWR,C,290.0,2025-04-17,232,0,300,4.79,1742479032775000000,50,23950.0,2025-03-20,Multi Leg auto-electronic trade,Construction,Engineering - R and D Services,266.5,274.11,264.95,271.1,113,4.379305517750582,2,0,0,0,1
PWR,Construction,Engineering - R and D Services,35__1,35,1.0,8. p75_trade_value,8550.0,15994.0,O:PWR250417C00290000,PWR,C,290.0,2025-04-17,232,0,302,4.77,1742479032861000000,20,9540.0,2025-03-20,Multi Leg auto-electronic trade,Construction,Engineering - R and D Services,266.5,274.11,264.95,271.1,410,3.979548374704095,5,0,0,0,1
PWR,Construction,Engineering - R and D Services,35__1,35,1.0,8. p75_trade_value,8550.0,15994.0,O:PWR250417C00290000,PWR,C,290.0,2025-04-17,232,0,304,4.77,1742479032884000000,22,10494.0,2025-03-20,Multi Leg auto-electronic trade,Construction,Engineering - R and D Services,266.5,274.11,264.95,271.1,363,4.02094105986232,4,0,0,0,1
PWR,Construction,Engineering - R and D Services,35__1,35,1.0,6. p95_trade_value,27950.0,137310.0,O:PWR250417C00290000,PWR,C,290.0,2025-04-17,232,0,308,4.75,1742479032758000000,64,30400.0,2025-03-20,Multi Leg auto-electronic trade,Construction,Engineering - R and D Services,266.5,274.11,264.95,271.1,88,4.482873583608754,1,0,0,0,1
PWR,Construction,Engineering - R and D Services,35__1,35,1.0,6. p95_trade_value,27950.0,137310.0,O:PWR250417C00290000,PWR,C,290.0,2025-04-17,232,0,313,4.79,1742479032766000000,74,35446.0,2025-03-20,Multi Leg auto-electronic trade,Construction,Engineering - R and D Services,266.5,274.11,264.95,271.1,73,4.549567233145539,1,0,0,0,1
PWR,Construction,Engineering - R and D Services,35__1,35,1.0,6. p95_trade_value,27950.0,137310.0,O:PWR250417C00290000,PWR,C,290.0,2025-04-17,232,0,312,4.8,1742479032778000000,60,28800.0,2025-03-20,Multi Leg auto-electronic trade,Construction,Engineering - R and D Services,266.5,274.11,264.95,271.1,94,4.459392487759231,1,0,0,0,1
PWR,Construction,Engineering - R and D Services,35__1,35,1.0,6. p95_trade_value,27950.0,137310.0,O:PWR250417C00290000,PWR,C,290.0,2025-04-17,232,0,301,5.1,1742479032764000000,90,45899.99999999999,2025-03-20,Multi Leg auto-electronic trade,Construction,Engineering - R and D Services,266.5,274.11,264.95,271.1,60,4.661812685537261,1,0,0,0,1
PWR,Construction,Engineering - R and D Services,35__1,35,1.0,7. p90_trade_value,16000.0,27389.999999999996,O:PWR250417C00290000,PWR,C,290.0,2025-04-17,209,0,308,5.2,1742496778909000000,49,25480.0,2025-03-20,Automatic Execution,Construction,Engineering - R and D Services,266.5,274.11,264.95,271.1,106,4.406199423663312,2,0,0,0,1
PWR,Construction,Engineering - R and D Services,35__1,35,1.0,6. p95_trade_value,27950.0,137310.0,O:PWR250417C00280000,PWR,C,280.0,2025-04-17,233,0,302,6.95,1742579170126000000,160,111200.0,2025-03-21,Multi Leg Auction,Construction,Engineering - R and D Services,268.6,270.14,265.0,268.22,24,5.046104787246039,1,0,0,0,1
PWR,Construction,Engineering - R and D Services,35__1,35,1.0,7. p90_trade_value,16000.0,27389.999999999996,O:PWR250417C00300000,PWR,C,300.0,2025-04-17,227,0,304,2.08,1742574460390000000,98,20384.0,2025-03-21,Single Leg Auction Non ISO,Construction,Engineering - R and D Services,268.6,270.14,265.0,268.22,137,4.309289410655256,2,0,0,0,1
PWR,Construction,Engineering - R and D Services,35__1,35,1.0,7. p90_trade_value,16000.0,27389.999999999996,O:PWR250417C00310000,PWR,C,310.0,2025-04-17,233,0,302,1.01,1742579170126000000,160,16160.0,2025-03-21,Multi Leg Auction,Construction,Engineering - R and D Services,268.6,270.14,265.0,268.22,192,4.208441356438567,2,0,0,0,1
PWR,Construction,Engineering - R and D Services,35__1,35,1.0,8. p75_trade_value,8550.0,15994.0,O:PWR250417P00210000,PWR,P,210.0,2025-04-17,233,0,302,0.92,1742579170126000000,160,14720.000000000002,2025-03-21,Multi Leg Auction,Construction,Engineering - R and D Services,268.6,270.14,265.0,268.22,222,4.16790781000148,3,0,0,0,1
PWR,Construction,Engineering - R and D Services,35__1,35,1.0,8. p75_trade_value,8550.0,15994.0,O:PWR250417C00280000,PWR,C,280.0,2025-04-17,209,0,320,8.8,1742832869089000000,15,13200.0,2025-03-24,Automatic Execution,Construction,Engineering - R and D Services,274.74,279.75,273.83,278.4,254,4.12057393120585,3,0,0,0,1
PWR,Construction,Engineering - R and D Services,35__1,35,1.0,8. p75_trade_value,8550.0,15994.0,O:PWR250417C00280000,PWR,C,280.0,2025-04-17,209,0,301,10.0,1742824020642000000,9,9000.0,2025-03-24,Automatic Execution,Construction,Engineering - R and D Services,274.74,279.75,273.83,278.4,445,3.9542425094393248,5,0,0,0,1
PWR,Construction,Engineering - R and D Services,35__1,35,1.0,8. p75_trade_value,8550.0,15994.0,O:PWR250417C00310000,PWR,C,310.0,2025-04-17,232,0,304,1.54,1742843460348000000,64,9856.0,2025-03-24,Multi Leg auto-electronic trade,Construction,Engineering - R and D Services,274.74,279.75,273.83,278.4,397,3.99370069482035,5,0,0,0,1
PWR,Construction,Engineering - R and D Services,35__1,35,1.0,8. p75_trade_value,8550.0,15994.0,O:PWR250417P00220000,PWR,P,220.0,2025-04-17,232,0,304,0.88,1742999290682000000,106,9328.0,2025-03-26,Multi Leg auto-electronic trade,Construction,Engineering - R and D Services,275.31,275.85,259.08,260.64,427,3.969788537414939,5,0,0,0,1
PWR,Construction,Engineering - R and D Services,35__1,35,1.0,6. p95_trade_value,27950.0,137310.0,O:PWR250417P00250000,PWR,P,250.0,2025-04-17,231,0,301,8.0,1743094250270000000,100,80000.0,2025-03-27,Single Leg Floor Trade,Construction,Engineering - R and D Services,257.46,258.6,250.68,254.88,42,4.903089986991944,1,1,0,0,0
PWR,Construction,Engineering - R and D Services,35__1,35,1.0,6. p95_trade_value,27950.0,137310.0,O:PWR250417C00270000,PWR,C,270.0,2025-04-17,227,0,301,3.03,1743441284470000000,249,75446.99999999999,2025-03-31,Single Leg Auction Non ISO,Construction,Engineering - R and D Services,248.8,254.88,244.7,254.18,44,4.877641975598041,1,1,1,0,0
PWR,Construction,Engineering - R and D Services,35__1,35,1.0,7. p90_trade_value,16000.0,27389.999999999996,O:PWR250417P00240000,PWR,P,240.0,2025-04-17,209,0,318,6.0,1743435459891000000,30,18000.0,2025-03-31,Automatic Execution,Construction,Engineering - R and D Services,248.8,254.88,244.7,254.18,158,4.2552725051033065,2,1,0,0,0
PWR,Construction,Engineering - R and D Services,35__1,35,1.0,7. p90_trade_value,16000.0,27389.999999999996,O:PWR250417P00240000,PWR,P,240.0,2025-04-17,209,0,304,6.0,1743435459891000000,38,22800.0,2025-03-31,Automatic Execution,Construction,Engineering - R and D Services,248.8,254.88,244.7,254.18,122,4.357934847000454,2,1,0,0,0
PWR,Construction,Engineering - R and D Services,35__1,35,1.0,7. p90_trade_value,16000.0,27389.999999999996,O:PWR250417P00240000,PWR,P,240.0,2025-04-17,209,0,301,6.0,1743435459891000000,30,18000.0,2025-03-31,Automatic Execution,Construction,Engineering - R and D Services,248.8,254.88,244.7,254.18,159,4.2552725051033065,2,1,0,0,0
PWR,Construction,Engineering - R and D Services,35__1,35,1.0,8. p75_trade_value,8550.0,15994.0,O:PWR250417P00210000,PWR,P,210.0,2025-04-17,229,0,300,1.45,1743691295745000000,100,14500.0,2025-04-03,Single Leg Cross Non ISO,Construction,Engineering - R and D Services,248.69,256.77,248.69,252.04,227,4.161368002234975,3,0,0,0,1
PWR,Construction,Engineering - R and D Services,35__1,35,1.0,8. p75_trade_value,8550.0,15994.0,O:PWR250417P00210000,PWR,P,210.0,2025-04-17,229,0,300,1.0,1743691255175000000,100,10000.0,2025-04-03,Single Leg Cross Non ISO,Construction,Engineering - R and D Services,248.69,256.77,248.69,252.04,386,4.0,4,0,0,0,1
PWR,Construction,Engineering - R and D Services,35__1,35,1.0,8. p75_trade_value,8550.0,15994.0,O:PWR250417P00210000,PWR,P,210.0,2025-04-17,229,0,300,1.0,1743691213061000000,100,10000.0,2025-04-03,Single Leg Cross Non ISO,Construction,Engineering - R and D Services,248.69,256.77,248.69,252.04,387,4.0,4,0,0,0,1
PWR,Construction,Engineering - R and D Services,35__1,35,1.0,8. p75_trade_value,8550.0,15994.0,O:PWR250417P00210000,PWR,P,210.0,2025-04-17,229,0,300,1.45,1743691200959000000,100,14500.0,2025-04-03,Single Leg Cross Non ISO,Construction,Engineering - R and D Services,248.69,256.77,248.69,252.04,228,4.161368002234975,3,0,0,0,1
PWR,Construction,Engineering - R and D Services,35__1,35,1.0,8. p75_trade_value,8550.0,15994.0,O:PWR250417P00220000,PWR,P,220.0,2025-04-17,232,0,313,4.3,1743782784161000000,23,9890.0,2025-04-04,Multi Leg auto-electronic trade,Construction,Engineering - R and D Services,243.12,245.95,232.35,239.47,392,3.9951962915971793,5,0,0,0,1
PWR,Construction,Engineering - R and D Services,35__1,35,1.0,7. p90_trade_value,16000.0,27389.999999999996,O:PWR250417P00220000,PWR,P,220.0,2025-04-17,232,0,313,4.09,1743782784910000000,42,17178.0,2025-04-04,Multi Leg auto-electronic trade,Construction,Engineering - R and D Services,243.12,245.95,232.35,239.47,175,4.234972598405243,2,0,0,0,1
PWR,Construction,Engineering - R and D Services,35__1,35,1.0,8. p75_trade_value,8550.0,15994.0,O:PWR250417P00220000,PWR,P,220.0,2025-04-17,232,0,313,4.3,1743782785722000000,27,11610.0,2025-04-04,Multi Leg auto-electronic trade,Construction,Engineering - R and D Services,243.12,245.95,232.35,239.47,307,4.064832219738574,4,0,0,0,1
PWR,Construction,Engineering - R and D Services,35__1,35,1.0,7. p90_trade_value,16000.0,27389.999999999996,O:PWR250417C00280000,PWR,C,280.0,2025-04-17,232,0,301,1.99,1744639379403000000,100,19900.0,2025-04-14,Multi Leg auto-electronic trade,Construction,Engineering - R and D Services,275.29,277.7,269.67,274.3,143,4.298853076409706,2,0,0,0,1
PWR,Construction,Engineering - R and D Services,35__1,35,1.0,7. p90_trade_value,16000.0,27389.999999999996,O:PWR250417C00280000,PWR,C,280.0,2025-04-17,232,0,313,2.48,1744639332275000000,100,24800.0,2025-04-14,Multi Leg auto-electronic trade,Construction,Engineering - R and D Services,275.29,277.7,269.67,274.3,109,4.394451680826216,2,0,0,0,1
PWR,Construction,Engineering - R and D Services,35__1,35,1.0,8. p75_trade_value,8550.0,15994.0,O:PWR250516C00290000,PWR,C,290.0,2025-05-16,209,0,316,5.95,1744918964107000000,15,8925.0,2025-04-17,Automatic Execution,Construction,Engineering - R and D Services,271.05,271.5,264.61,267.22,450,3.9506082247842307,5,1,1,1,0
PWR,Construction,Engineering - R and D Services,35__1,35,1.0,8. p75_trade_value,8550.0,15994.0,O:PWR250516C00300000,PWR,C,300.0,2025-05-16,237,0,304,3.46,1744910509252000000,34,11764.0,2025-04-17,Stock Options Auction,Construction,Engineering - R and D Services,271.05,271.5,264.61,267.22,296,4.070555015835032,4,1,1,1,0
PWR,Construction,Engineering - R and D Services,35__1,35,1.0,8. p75_trade_value,8550.0,15994.0,O:PWR250516C00300000,PWR,C,300.0,2025-05-16,237,0,304,3.46,1744910509252000000,34,11764.0,2025-04-17,Stock Options Auction,Construction,Engineering - R and D Services,271.05,271.5,264.61,267.22,297,4.070555015835032,4,1,1,1,0
PWR,Construction,Engineering - R and D Services,35__1,35,1.0,5. p99_trade_value,144000.0,712000.0,O:PWR250516P00250000,PWR,P,250.0,2025-05-16,231,0,313,8.4,1744899986631000000,763,640920.0,2025-04-17,Single Leg Floor Trade,Construction,Engineering - R and D Services,271.05,271.5,264.61,267.22,4,5.806803824016762,1,0,0,0,1
PWR,Construction,Engineering - R and D Services,35__1,35,1.0,6. p95_trade_value,27950.0,137310.0,O:PWR250516P00240000,PWR,P,240.0,2025-05-16,209,0,313,9.6,1745251968152000000,100,96000.0,2025-04-21,Automatic Execution,Construction,Engineering - R and D Services,262.68,263.36,251.04,253.77,32,4.982271233039568,1,0,0,0,1
PWR,Construction,Engineering - R and D Services,35__1,35,1.0,5. p99_trade_value,144000.0,712000.0,O:PWR250516C00280000,PWR,C,280.0,2025-05-16,227,0,312,6.1,1745336444556000000,270,164700.0,2025-04-22,Single Leg Auction Non ISO,Construction,Engineering - R and D Services,257.0,263.77,254.98,261.85,18,5.216693599169754,1,1,1,1,0
PWR,Construction,Engineering - R and D Services,35__1,35,1.0,8. p75_trade_value,8550.0,15994.0,O:PWR250516C00280000,PWR,C,280.0,2025-05-16,232,0,308,5.33,1745331442730000000,27,14391.0,2025-04-22,Multi Leg auto-electronic trade,Construction,Engineering - R and D Services,257.0,263.77,254.98,261.85,232,4.158090973185559,3,1,1,1,0
PWR,Construction,Engineering - R and D Services,35__1,35,1.0,6. p95_trade_value,27950.0,137310.0,O:PWR250516P00240000,PWR,P,240.0,2025-05-16,209,0,313,7.0,1745350354054000000,100,70000.0,2025-04-22,Automatic Execution,Construction,Engineering - R and D Services,257.0,263.77,254.98,261.85,46,4.845098040014257,1,0,0,0,1
PWR,Construction,Engineering - R and D Services,35__1,35,1.0,8. p75_trade_value,8550.0,15994.0,O:PWR250516P00250000,PWR,P,250.0,2025-05-16,232,0,303,9.78,1745334976912000000,9,8802.0,2025-04-22,Multi Leg auto-electronic trade,Construction,Engineering - R and D Services,257.0,263.77,254.98,261.85,460,3.9445813642269263,5,0,0,0,1
PWR,Construction,Engineering - R and D Services,35__1,35,1.0,8. p75_trade_value,8550.0,15994.0,O:PWR250516P00250000,PWR,P,250.0,2025-05-16,232,0,312,9.74,1745334973532000000,9,8766.0,2025-04-22,Multi Leg auto-electronic trade,Construction,Engineering - R and D Services,257.0,263.77,254.98,261.85,462,3.9428014663179405,5,0,0,0,1
PWR,Construction,Engineering - R and D Services,35__1,35,1.0,7. p90_trade_value,16000.0,27389.999999999996,O:PWR250516C00300000,PWR,C,300.0,2025-05-16,209,0,308,7.4,1745416465711000000,28,20720.0,2025-04-23,Automatic Execution,Construction,Engineering - R and D Services,277.28,284.554,273.76,274.31,135,4.316389751073196,2,1,1,1,0
PWR,Construction,Engineering - R and D Services,35__1,35,1.0,6. p95_trade_value,27950.0,137310.0,O:PWR250516C00300000,PWR,C,300.0,2025-05-16,209,0,308,7.1,1745418304589000000,49,34790.0,2025-04-23,Automatic Execution,Construction,Engineering - R and D Services,277.28,284.554,273.76,274.31,74,4.541454428747589,1,1,1,1,0
PWR,Construction,Engineering - R and D Services,35__1,35,1.0,8. p75_trade_value,8550.0,15994.0,O:PWR250516C00300000,PWR,C,300.0,2025-05-16,209,0,308,7.3,1745416596224000000,20,14600.0,2025-04-23,Automatic Execution,Construction,Engineering - R and D Services,277.28,284.554,273.76,274.31,224,4.164352855784437,3,1,1,1,0
PWR,Construction,Engineering - R and D Services,35__1,35,1.0,8. p75_trade_value,8550.0,15994.0,O:PWR250516C00300000,PWR,C,300.0,2025-05-16,209,0,308,6.9,1745417965839000000,20,13800.0,2025-04-23,Automatic Execution,Construction,Engineering - R and D Services,277.28,284.554,273.76,274.31,242,4.139879086401237,3,1,1,1,0
PWR,Construction,Engineering - R and D Services,35__1,35,1.0,8. p75_trade_value,8550.0,15994.0,O:PWR250516C00300000,PWR,C,300.0,2025-05-16,209,0,308,7.6,1745416447339000000,13,9880.0,2025-04-23,Automatic Execution,Construction,Engineering - R and D Services,277.28,284.554,273.76,274.31,395,3.9947569445876283,5,1,1,1,0
PWR,Construction,Engineering - R and D Services,35__1,35,1.0,8. p75_trade_value,8550.0,15994.0,O:PWR250516C00300000,PWR,C,300.0,2025-05-16,209,0,308,6.3,1745425833538000000,17,10710.0,2025-04-23,Automatic Execution,Construction,Engineering - R and D Services,277.28,284.554,273.76,274.31,347,4.029789470831855,4,1,1,1,0
PWR,Construction,Engineering - R and D Services,35__1,35,1.0,8. p75_trade_value,8550.0,15994.0,O:PWR250516C00300000,PWR,C,300.0,2025-05-16,209,0,308,7.3,1745416453027000000,17,12410.0,2025-04-23,Automatic Execution,Construction,Engineering - R and D Services,277.28,284.554,273.76,274.31,275,4.09377178149873,3,1,1,1,0
PWR,Construction,Engineering - R and D Services,35__1,35,1.0,8. p75_trade_value,8550.0,15994.0,O:PWR250516C00300000,PWR,C,300.0,2025-05-16,209,0,308,6.4,1745425837037000000,18,11520.0,2025-04-23,Automatic Execution,Construction,Engineering - R and D Services,277.28,284.554,273.76,274.31,312,4.061452479087193,4,1,1,1,0
PWR,Construction,Engineering - R and D Services,35__1,35,1.0,8. p75_trade_value,8550.0,15994.0,O:PWR250516C00300000,PWR,C,300.0,2025-05-16,209,0,308,6.6,1745436362711000000,24,15839.999999999998,2025-04-23,Automatic Execution,Construction,Engineering - R and D Services,277.28,284.554,273.76,274.31,203,4.199755177253475,3,1,1,1,0
PWR,Construction,Engineering - R and D Services,35__1,35,1.0,8. p75_trade_value,8550.0,15994.0,O:PWR250516C00300000,PWR,C,300.0,2025-05-16,209,0,308,7.3,1745416467717000000,21,15329.999999999998,2025-04-23,Automatic Execution,Construction,Engineering - R and D Services,277.28,284.554,273.76,274.31,214,4.185542154854375,3,1,1,1,0
PWR,Construction,Engineering - R and D Services,35__1,35,1.0,8. p75_trade_value,8550.0,15994.0,O:PWR250516C00300000,PWR,C,300.0,2025-05-16,209,0,316,6.4,1745425835814000000,16,10240.0,2025-04-23,Automatic Execution,Construction,Engineering - R and D Services,277.28,284.554,273.76,274.31,377,4.010299956639812,4,1,1,1,0
PWR,Construction,Engineering - R and D Services,35__1,35,1.0,8. p75_trade_value,8550.0,15994.0,O:PWR250516C00300000,PWR,C,300.0,2025-05-16,209,0,308,7.5,1745416449446000000,15,11250.0,2025-04-23,Automatic Execution,Construction,Engineering - R and D Services,277.28,284.554,273.76,274.31,326,4.051152522447381,4,1,1,1,0
PWR,Construction,Engineering - R and D Services,35__1,35,1.0,8. p75_trade_value,8550.0,15994.0,O:PWR250516C00300000,PWR,C,300.0,2025-05-16,209,0,308,7.3,1745416455825000000,19,13869.999999999998,2025-04-23,Automatic Execution,Construction,Engineering - R and D Services,277.28,284.554,273.76,274.31,239,4.142076461073285,3,1,1,1,0
PWR,Construction,Engineering - R and D Services,35__1,35,1.0,8. p75_trade_value,8550.0,15994.0,O:PWR250516C00300000,PWR,C,300.0,2025-05-16,209,0,323,6.4,1745425837037000000,20,12800.0,2025-04-23,Automatic Execution,Construction,Engineering - R and D Services,277.28,284.554,273.76,274.31,264,4.107209969647869,3,1,1,1,0
PWR,Construction,Engineering - R and D Services,35__1,35,1.0,8. p75_trade_value,8550.0,15994.0,O:PWR250516C00300000,PWR,C,300.0,2025-05-16,209,0,308,7.3,1745416473905000000,13,9490.0,2025-04-23,Automatic Execution,Construction,Engineering - R and D Services,277.28,284.554,273.76,274.31,416,3.977266212427293,5,1,1,1,0
PWR,Construction,Engineering - R and D Services,35__1,35,1.0,6. p95_trade_value,27950.0,137310.0,O:PWR250516P00240000,PWR,P,240.0,2025-05-16,209,0,313,4.0,1745432241303000000,200,80000.0,2025-04-23,Automatic Execution,Construction,Engineering - R and D Services,277.28,284.554,273.76,274.31,43,4.903089986991944,1,0,0,0,1
PWR,Construction,Engineering - R and D Services,35__1,35,1.0,6. p95_trade_value,27950.0,137310.0,O:PWR250516P00260000,PWR,P,260.0,2025-05-16,209,0,313,11.0,1745436982855000000,100,110000.0,2025-04-23,Automatic Execution,Construction,Engineering - R and D Services,277.28,284.554,273.76,274.31,26,5.041392685158225,1,0,0,0,1
PWR,Construction,Engineering - R and D Services,35__1,35,1.0,8. p75_trade_value,8550.0,15994.0,O:PWR250516P00260000,PWR,P,260.0,2025-05-16,209,0,320,3.7,1746035277167000000,43,15910.0,2025-04-30,Automatic Execution,Construction,Engineering - R and D Services,284.51,294.25,281.17,292.69,202,4.201670179646581,3,0,0,0,1
PWR,Construction,Engineering - R and D Services,35__1,35,1.0,8. p75_trade_value,8550.0,15994.0,O:PWR250516P00270000,PWR,P,270.0,2025-05-16,227,0,312,6.08,1746040001217000000,20,12160.0,2025-04-30,Single Leg Auction Non ISO,Construction,Engineering - R and D Services,284.51,294.25,281.17,292.69,284,4.084933574936716,3,0,0,0,1
PWR,Construction,Engineering - R and D Services,35__1,35,1.0,8. p75_trade_value,8550.0,15994.0,O:PWR250516P00270000,PWR,P,270.0,2025-05-16,209,0,320,5.4,1746028952171000000,20,10800.0,2025-04-30,Automatic Execution,Construction,Engineering - R and D Services,284.51,294.25,281.17,292.69,345,4.033423755486949,4,0,0,0,1
PWR,Construction,Engineering - R and D Services,35__1,35,1.0,8. p75_trade_value,8550.0,15994.0,O:PWR250516P00270000,PWR,P,270.0,2025-05-16,209,0,320,5.5,1746029254559000000,25,13750.0,2025-04-30,Automatic Execution,Construction,Engineering - R and D Services,284.51,294.25,281.17,292.69,243,4.138302698166282,3,0,0,0,1
PWR,Construction,Engineering - R and D Services,35__1,35,1.0,8. p75_trade_value,8550.0,15994.0,O:PWR250516P00270000,PWR,P,270.0,2025-05-16,209,0,320,5.9,1746030384048000000,15,8850.0,2025-04-30,Automatic Execution,Construction,Engineering - R and D Services,284.51,294.25,281.17,292.69,453,3.9469432706978256,5,0,0,0,1
PWR,Construction,Engineering - R and D Services,35__1,35,1.0,6. p95_trade_value,27950.0,137310.0,O:PWR250516P00270000,PWR,P,270.0,2025-05-16,209,0,313,7.5,1746022978517000000,150,112500.0,2025-04-30,Automatic Execution,Construction,Engineering - R and D Services,284.51,294.25,281.17,292.69,23,5.051152522447381,1,0,0,0,1
PWR,Construction,Engineering - R and D Services,35__1,35,1.0,8. p75_trade_value,8550.0,15994.0,O:PWR250516P00270000,PWR,P,270.0,2025-05-16,227,0,312,6.08,1746040001217000000,20,12160.0,2025-04-30,Single Leg Auction Non ISO,Construction,Engineering - R and D Services,284.51,294.25,281.17,292.69,285,4.084933574936716,3,0,0,0,1
PWR,Construction,Engineering - R and D Services,35__1,35,1.0,8. p75_trade_value,8550.0,15994.0,O:PWR250516P00280000,PWR,P,280.0,2025-05-16,227,0,312,9.38,1746026872340000000,17,15946.0,2025-04-30,Single Leg Auction Non ISO,Construction,Engineering - R and D Services,284.51,294.25,281.17,292.69,198,4.202651759757338,3,0,0,0,1
PWR,Construction,Engineering - R and D Services,35__1,35,1.0,8. p75_trade_value,8550.0,15994.0,O:PWR250516P00280000,PWR,P,280.0,2025-05-16,209,0,313,9.1,1746038592737000000,16,14560.0,2025-04-30,Automatic Execution,Construction,Engineering - R and D Services,284.51,294.25,281.17,292.69,226,4.163161374977018,3,0,0,0,1
PWR,Construction,Engineering - R and D Services,35__1,35,1.0,7. p90_trade_value,16000.0,27389.999999999996,O:PWR250516P00280000,PWR,P,280.0,2025-05-16,209,0,313,8.8,1746037300083000000,26,22880.0,2025-04-30,Automatic Execution,Construction,Engineering - R and D Services,284.51,294.25,281.17,292.69,119,4.359456020120986,2,0,0,0,1
PWR,Construction,Engineering - R and D Services,35__1,35,1.0,8. p75_trade_value,8550.0,15994.0,O:PWR250516P00300000,PWR,P,300.0,2025-05-16,209,0,325,2.65,1746120640440000000,40,10600.0,2025-05-01,Automatic Execution,Construction,Engineering - R and D Services,320.21,330.595,312.3001,321.93,351,4.02530586526477,4,0,0,0,1
PWR,Construction,Engineering - R and D Services,35__1,35,1.0,8. p75_trade_value,8550.0,15994.0,O:PWR250516C00330000,PWR,C,330.0,2025-05-16,209,0,313,4.0,1746545304872000000,23,9200.0,2025-05-06,Automatic Execution,Construction,Engineering - R and D Services,319.11,322.32,316.375,317.65,432,3.963787827345555,5,1,1,1,0
PWR,Construction,Engineering - R and D Services,35__1,35,1.0,8. p75_trade_value,8550.0,15994.0,O:PWR250516C00330000,PWR,C,330.0,2025-05-16,209,0,313,3.9,1746544029195000000,23,8970.0,2025-05-06,Automatic Execution,Construction,Engineering - R and D Services,319.11,322.32,316.375,317.65,446,3.952792443044092,5,1,1,1,0
PWR,Construction,Engineering - R and D Services,35__1,35,1.0,8. p75_trade_value,8550.0,15994.0,O:PWR250516P00310000,PWR,P,310.0,2025-05-16,209,0,316,4.1,1746628215616000000,25,10249.999999999998,2025-05-07,Automatic Execution,Construction,Engineering - R and D Services,319.69,325.0,315.45,323.59,376,4.010723865391773,4,0,0,0,1
PWR,Construction,Engineering - R and D Services,35__1,35,1.0,8. p75_trade_value,8550.0,15994.0,O:PWR250620C00350000,PWR,C,350.0,2025-06-20,209,0,308,8.6,1747856199311000000,10,8600.0,2025-05-21,Automatic Execution,Construction,Engineering - R and D Services,341.62,348.9,340.73,341.23,477,3.934498451243568,5,1,0,0,0
PWR,Construction,Engineering - R and D Services,35__1,35,1.0,8. p75_trade_value,8550.0,15994.0,O:PWR250620C00350000,PWR,C,350.0,2025-06-20,233,0,302,10.42,1747835351678000000,10,10420.0,2025-05-21,Multi Leg Auction,Construction,Engineering - R and D Services,341.62,348.9,340.73,341.23,366,4.0178677189635055,4,1,0,0,0
PWR,Construction,Engineering - R and D Services,35__1,35,1.0,8. p75_trade_value,8550.0,15994.0,O:PWR250620C00350000,PWR,C,350.0,2025-06-20,232,0,308,5.8,1747941254551000000,20,11600.0,2025-05-22,Multi Leg auto-electronic trade,Construction,Engineering - R and D Services,336.5,337.2,320.56,330.83,308,4.064457989226918,4,1,0,0,0
PWR,Construction,Engineering - R and D Services,35__1,35,1.0,6. p95_trade_value,27950.0,137310.0,O:PWR250620P00310000,PWR,P,310.0,2025-06-20,209,0,313,5.5,1747920842725000000,200,110000.0,2025-05-22,Automatic Execution,Construction,Engineering - R and D Services,336.5,337.2,320.56,330.83,25,5.041392685158225,1,0,0,0,1
PWR,Construction,Engineering - R and D Services,35__1,35,1.0,6. p95_trade_value,27950.0,137310.0,O:PWR250620P00320000,PWR,P,320.0,2025-06-20,227,0,309,9.96,1747920889688000000,65,64740.00000000001,2025-05-22,Single Leg Auction Non ISO,Construction,Engineering - R and D Services,336.5,337.2,320.56,330.83,50,4.8111726950665545,1,0,0,0,1
PWR,Construction,Engineering - R and D Services,35__1,35,1.0,7. p90_trade_value,16000.0,27389.999999999996,O:PWR250620P00320000,PWR,P,320.0,2025-06-20,227,0,312,9.96,1747920889687000000,17,16932.000000000004,2025-05-22,Single Leg Auction Non ISO,Construction,Engineering - R and D Services,336.5,337.2,320.56,330.83,180,4.228708259801973,2,0,0,0,1
PWR,Construction,Engineering - R and D Services,35__1,35,1.0,7. p90_trade_value,16000.0,27389.999999999996,O:PWR250620P00320000,PWR,P,320.0,2025-06-20,227,0,312,9.96,1747920889687000000,17,16932.000000000004,2025-05-22,Single Leg Auction Non ISO,Construction,Engineering - R and D Services,336.5,337.2,320.56,330.83,179,4.228708259801973,2,0,0,0,1
PWR,Construction,Engineering - R and D Services,35__1,35,1.0,8. p75_trade_value,8550.0,15994.0,O:PWR250620C00350000,PWR,C,350.0,2025-06-20,209,0,320,7.0,1748027611646000000,13,9100.0,2025-05-23,Automatic Execution,Construction,Engineering - R and D Services,329.2,336.7932,326.885,335.36,434,3.9590413923210934,5,1,0,0,0
PWR,Construction,Engineering - R and D Services,35__1,35,1.0,8. p75_trade_value,8550.0,15994.0,O:PWR250620C00360000,PWR,C,360.0,2025-06-20,231,0,301,4.6,1748372859870000000,22,10119.999999999998,2025-05-27,Single Leg Floor Trade,Construction,Engineering - R and D Services,339.83,343.44,337.35,342.35,382,4.00518051250378,4,1,0,0,0
PWR,Construction,Engineering - R and D Services,35__1,35,1.0,7. p90_trade_value,16000.0,27389.999999999996,O:PWR250620P00330000,PWR,P,330.0,2025-06-20,209,0,301,6.4,1748456399149000000,25,16000.0,2025-05-28,Automatic Execution,Construction,Engineering - R and D Services,342.92,343.52,338.57,340.32,195,4.204119982655925,3,0,0,0,1
PWR,Construction,Engineering - R and D Services,35__1,35,1.0,7. p90_trade_value,16000.0,27389.999999999996,O:PWR250620P00330000,PWR,P,330.0,2025-06-20,209,0,301,6.4,1748456393164000000,25,16000.0,2025-05-28,Automatic Execution,Construction,Engineering - R and D Services,342.92,343.52,338.57,340.32,194,4.204119982655925,2,0,0,0,1
PWR,Construction,Engineering - R and D Services,35__1,35,1.0,7. p90_trade_value,16000.0,27389.999999999996,O:PWR250620P00330000,PWR,P,330.0,2025-06-20,209,0,301,6.4,1748456387431000000,25,16000.0,2025-05-28,Automatic Execution,Construction,Engineering - R and D Services,342.92,343.52,338.57,340.32,193,4.204119982655925,2,0,0,0,1
PWR,Construction,Engineering - R and D Services,35__1,35,1.0,8. p75_trade_value,8550.0,15994.0,O:PWR250620P00310000,PWR,P,310.0,2025-06-20,227,0,312,1.78,1748525537990000000,62,11036.0,2025-05-29,Single Leg Auction Non ISO,Construction,Engineering - R and D Services,343.52,344.0,336.57,339.74,331,4.042811691807148,4,0,0,0,1
PWR,Construction,Engineering - R and D Services,35__1,35,1.0,7. p90_trade_value,16000.0,27389.999999999996,O:PWR250620P00310000,PWR,P,310.0,2025-06-20,227,0,309,1.88,1748525538081000000,104,19552.0,2025-05-29,Single Leg Auction Non ISO,Construction,Engineering - R and D Services,343.52,344.0,336.57,339.74,146,4.29119118856246,2,0,0,0,1
PWR,Construction,Engineering - R and D Services,35__1,35,1.0,8. p75_trade_value,8550.0,15994.0,O:PWR250620C00370000,PWR,C,370.0,2025-06-20,209,0,316,2.8,1748959047191000000,44,12319.999999999998,2025-06-03,Automatic Execution,Construction,Engineering - R and D Services,347.57,357.94,347.0,356.49,278,4.090610707828406,3,0,0,0,1
PWR,Construction,Engineering - R and D Services,35__1,35,1.0,8. p75_trade_value,8550.0,15994.0,O:PWR250620C00370000,PWR,C,370.0,2025-06-20,209,0,316,3.0,1748959056577000000,43,12900.0,2025-06-03,Automatic Execution,Construction,Engineering - R and D Services,347.57,357.94,347.0,356.49,261,4.110589710299249,3,0,0,0,1
PWR,Construction,Engineering - R and D Services,35__1,35,1.0,7. p90_trade_value,16000.0,27389.999999999996,O:PWR250620P00340000,PWR,P,340.0,2025-06-20,232,0,308,4.5,1749577631882000000,44,19800.0,2025-06-10,Multi Leg auto-electronic trade,Construction,Engineering - R and D Services,356.48,357.11,341.93,348.76,145,4.296665190261531,2,0,0,0,1
STRL,Construction,Engineering - R and D Services,25__1,25,1.0,1. p999999_trade_value,70250.0,70250.0,O:STRL250117P00160000,STRL,P,160.0,2025-01-17,235,0,301,2.5,1736347717228000000,281,70250.0,2025-01-08,Multi Leg floor trade,Construction,Engineering - R and D Services,163.57,167.87,161.65,167.05,1,4.846646328577117,1,1,0,0,0
TSSI,Construction,Engineering - R and D Services,20__0,20,0.0,1. p999999_trade_value,26946.000000000004,26946.000000000004,O:TSSI250516C00007500,TSSI,C,7.5,2025-05-16,232,0,302,0.54,1745351110965000000,499,26946.000000000004,2025-04-22,Multi Leg auto-electronic trade,Construction,Engineering - R and D Services,6.81,6.9936,6.6,6.72,1,4.430494305446358,1,1,1,1,0
