security,sector,industry,final_cluster,trade_volume_bin,cluster,trade_value_category,category_minimum,categiry_maximum,option_ticker,security_1,option_type,strike_price,expiration,conditions,correction,exchange,price,sip_timestamp,size,trade_value,data_date,option_condition_name,sector_1,industry_1,securty_open,security_high,security_low,security_close,trade_rank,trade_value_log10,trade_value_bin,itm,itm_expiration_day,itm_expriation_close,otm
BA,Aerospace,Aerospace - Defense,50__3,50,3.0,5. p99_trade_value,57000.0,210960.0,O:BA240920P00170000,BA,P,170.0,2024-09-20,209,0,325,4.25,1724781391141000000,250,106250.0,2024-08-27,Automatic Execution,Aerospace,Aerospace - Defense,173.62,173.93,171.25,173.05,205,5.026328938722349,1,1,1,1,0
BA,Aerospace,Aerospace - Defense,50__3,50,3.0,5. p99_trade_value,57000.0,210960.0,O:BA240920C00190000,BA,C,190.0,2024-09-20,209,0,313,1.15,1724948337720000000,1087,125005.0,2024-08-29,Automatic Execution,Aerospace,Aerospace - Defense,171.71,175.28,170.62,172.26,166,5.096927384439907,1,0,0,0,1
BA,Aerospace,Aerospace - Defense,50__3,50,3.0,5. p99_trade_value,57000.0,210960.0,O:BA240920C00175000,BA,C,175.0,2024-09-20,231,0,301,4.2,1725037706868000000,150,63000.0,2024-08-30,Single Leg Floor Trade,Aerospace,Aerospace - Defense,173.14,174.36,171.49,173.74,558,4.799340549453582,1,0,0,0,1
BA,Aerospace,Aerospace - Defense,50__3,50,3.0,5. p99_trade_value,57000.0,210960.0,O:BA240906P00157500,BA,P,157.5,2024-09-06,209,0,313,2.15,1725374065234000000,299,64285.0,2024-09-03,Automatic Execution,Aerospace,Aerospace - Defense,167.03,169.6,158.3,161.02,532,4.808109648240035,1,1,1,0,0
BA,Aerospace,Aerospace - Defense,50__3,50,3.0,5. p99_trade_value,57000.0,210960.0,O:BA240913P00155000,BA,P,155.0,2024-09-13,209,0,316,1.9,1725371316832000000,300,57000.0,2024-09-03,Automatic Execution,Aerospace,Aerospace - Defense,167.03,169.6,158.3,161.02,669,4.7558748556724915,1,0,0,0,1
BA,Aerospace,Aerospace - Defense,50__3,50,3.0,5. p99_trade_value,57000.0,210960.0,O:BA240920P00150000,BA,P,150.0,2024-09-20,209,0,313,2.22,1725375796348000000,300,66600.00000000001,2024-09-03,Automatic Execution,Aerospace,Aerospace - Defense,167.03,169.6,158.3,161.02,497,4.823474229170301,1,0,0,0,1
BA,Aerospace,Aerospace - Defense,50__3,50,3.0,5. p99_trade_value,57000.0,210960.0,O:BA240920P00155000,BA,P,155.0,2024-09-20,209,0,313,2.25,1725370741268000000,300,67500.0,2024-09-03,Automatic Execution,Aerospace,Aerospace - Defense,167.03,169.6,158.3,161.02,488,4.829303772831025,1,1,1,1,0
BA,Aerospace,Aerospace - Defense,50__3,50,3.0,5. p99_trade_value,57000.0,210960.0,O:BA240920P00157500,BA,P,157.5,2024-09-20,209,0,316,4.5,1725374895063000000,147,66150.0,2024-09-03,Automatic Execution,Aerospace,Aerospace - Defense,167.03,169.6,158.3,161.02,506,4.8205298485235195,1,1,1,1,0
BA,Aerospace,Aerospace - Defense,50__3,50,3.0,5. p99_trade_value,57000.0,210960.0,O:BA240927P00155000,BA,P,155.0,2024-09-27,209,0,313,2.17,1725370327378000000,300,65100.0,2024-09-03,Automatic Execution,Aerospace,Aerospace - Defense,167.03,169.6,158.3,161.02,519,4.813580988568192,1,1,1,0,0
BA,Aerospace,Aerospace - Defense,50__3,50,3.0,5. p99_trade_value,57000.0,210960.0,O:BA240920P00160000,BA,P,160.0,2024-09-20,209,0,313,3.25,1725464140739000000,198,64350.0,2024-09-04,Automatic Execution,Aerospace,Aerospace - Defense,160.28,166.7,160.28,163.22,531,4.808548551240405,1,1,1,1,0
BA,Aerospace,Aerospace - Defense,50__3,50,3.0,5. p99_trade_value,57000.0,210960.0,O:BA240920P00160000,BA,P,160.0,2024-09-20,209,0,315,3.2,1725463984651000000,200,64000.0,2024-09-04,Automatic Execution,Aerospace,Aerospace - Defense,160.28,166.7,160.28,163.22,535,4.8061799739838875,1,1,1,1,0
BA,Aerospace,Aerospace - Defense,50__3,50,3.0,5. p99_trade_value,57000.0,210960.0,O:BA240920P00160000,BA,P,160.0,2024-09-20,227,0,323,2.95,1725461772290000000,200,59000.0,2024-09-04,Single Leg Auction Non ISO,Aerospace,Aerospace - Defense,160.28,166.7,160.28,163.22,630,4.770852011642144,1,1,1,1,0
BA,Aerospace,Aerospace - Defense,50__3,50,3.0,5. p99_trade_value,57000.0,210960.0,O:BA241004P00155000,BA,P,155.0,2024-10-04,209,0,313,3.75,1725457623553000000,200,75000.0,2024-09-04,Automatic Execution,Aerospace,Aerospace - Defense,160.28,166.7,160.28,163.22,419,4.8750612633917,1,1,1,1,0
BA,Aerospace,Aerospace - Defense,50__3,50,3.0,5. p99_trade_value,57000.0,210960.0,O:BA240920P00160000,BA,P,160.0,2024-09-20,209,0,300,3.65,1725561684373000000,160,58400.0,2024-09-05,Automatic Execution,Aerospace,Aerospace - Defense,164.15,164.6163,160.1,162.15,643,4.7664128471124,1,1,1,1,0
BA,Aerospace,Aerospace - Defense,50__3,50,3.0,5. p99_trade_value,57000.0,210960.0,O:BA240920P00160000,BA,P,160.0,2024-09-20,209,0,325,4.32,1725555255551000000,160,69120.0,2024-09-05,Automatic Execution,Aerospace,Aerospace - Defense,164.15,164.6163,160.1,162.15,478,4.839603729470837,1,1,1,1,0
BA,Aerospace,Aerospace - Defense,50__3,50,3.0,4. p999_trade_value,211650.0,771344.0,O:BA240920P00160000,BA,P,160.0,2024-09-20,209,0,325,4.86,1725550838416000000,563,273618.0,2024-09-05,Automatic Execution,Aerospace,Aerospace - Defense,164.15,164.6163,160.1,162.15,43,5.43714466411364,1,1,1,1,0
BA,Aerospace,Aerospace - Defense,50__3,50,3.0,5. p99_trade_value,57000.0,210960.0,O:BA240920P00155000,BA,P,155.0,2024-09-20,209,0,307,3.75,1725642580335000000,253,94875.0,2024-09-06,Automatic Execution,Aerospace,Aerospace - Defense,162.5,162.85,156.695,157.62,262,4.977151788903536,1,1,1,1,0
BA,Aerospace,Aerospace - Defense,50__3,50,3.0,5. p99_trade_value,57000.0,210960.0,O:BA241004P00155000,BA,P,155.0,2024-10-04,209,0,303,5.25,1725644111893000000,175,91875.0,2024-09-06,Automatic Execution,Aerospace,Aerospace - Defense,162.5,162.85,156.695,157.62,280,4.963197352092251,1,1,1,1,0
BA,Aerospace,Aerospace - Defense,50__3,50,3.0,5. p99_trade_value,57000.0,210960.0,O:BA241004P00155000,BA,P,155.0,2024-10-04,209,0,302,5.25,1725644111942000000,139,72975.0,2024-09-06,Automatic Execution,Aerospace,Aerospace - Defense,162.5,162.85,156.695,157.62,438,4.863174103660052,1,1,1,1,0
BA,Aerospace,Aerospace - Defense,50__3,50,3.0,5. p99_trade_value,57000.0,210960.0,O:BA241004P00155000,BA,P,155.0,2024-10-04,209,0,316,5.54,1725642135611000000,149,82546.0,2024-09-06,Automatic Execution,Aerospace,Aerospace - Defense,162.5,162.85,156.695,157.62,350,4.9166960331407035,1,1,1,1,0
BA,Aerospace,Aerospace - Defense,50__3,50,3.0,5. p99_trade_value,57000.0,210960.0,O:BA240920C00170000,BA,C,170.0,2024-09-20,209,0,325,2.4,1725888768308000000,400,96000.0,2024-09-09,Automatic Execution,Aerospace,Aerospace - Defense,162.3,164.55,161.11,162.91,254,4.982271233039568,1,0,0,0,1
BA,Aerospace,Aerospace - Defense,50__3,50,3.0,5. p99_trade_value,57000.0,210960.0,O:BA240913P00155000,BA,P,155.0,2024-09-13,209,0,313,1.61,1725984007886000000,500,80500.0,2024-09-10,Automatic Execution,Aerospace,Aerospace - Defense,162.61,163.9,157.93,160.07,371,4.905795880367869,1,0,0,0,1
BA,Aerospace,Aerospace - Defense,50__3,50,3.0,5. p99_trade_value,57000.0,210960.0,O:BA240920C00162500,BA,C,162.5,2024-09-20,209,0,303,2.17,1726065995167000000,275,59675.0,2024-09-11,Automatic Execution,Aerospace,Aerospace - Defense,159.79,161.8699,156.1,161.33,620,4.775792427678792,1,1,0,0,0
BA,Aerospace,Aerospace - Defense,50__3,50,3.0,5. p99_trade_value,57000.0,210960.0,O:BA240920P00152500,BA,P,152.5,2024-09-20,209,0,307,2.5,1726062932585000000,441,110250.0,2024-09-11,Automatic Execution,Aerospace,Aerospace - Defense,159.79,161.8699,156.1,161.33,192,5.0423785981398765,1,0,0,0,1
BA,Aerospace,Aerospace - Defense,50__3,50,3.0,5. p99_trade_value,57000.0,210960.0,O:BA240920P00150000,BA,P,150.0,2024-09-20,209,0,303,1.53,1726247846971000000,463,70839.0,2024-09-13,Automatic Execution,Aerospace,Aerospace - Defense,159.78,162.8899,155.6,156.77,461,4.850272421835552,1,0,0,0,1
BA,Aerospace,Aerospace - Defense,50__3,50,3.0,5. p99_trade_value,57000.0,210960.0,O:BA240927P00155000,BA,P,155.0,2024-09-27,209,0,313,3.9,1726257536938000000,199,77610.0,2024-09-13,Automatic Execution,Aerospace,Aerospace - Defense,159.78,162.8899,155.6,156.77,389,4.889917683436206,1,1,1,0,0
BA,Aerospace,Aerospace - Defense,50__3,50,3.0,5. p99_trade_value,57000.0,210960.0,O:BA241004P00155000,BA,P,155.0,2024-10-04,209,0,313,5.1,1726245769142000000,120,61200.0,2024-09-13,Automatic Execution,Aerospace,Aerospace - Defense,159.78,162.8899,155.6,156.77,584,4.786751422145561,1,1,1,1,0
BA,Aerospace,Aerospace - Defense,50__3,50,3.0,5. p99_trade_value,57000.0,210960.0,O:BA241004P00155000,BA,P,155.0,2024-10-04,209,0,313,4.65,1726252056738000000,124,57660.0,2024-09-13,Automatic Execution,Aerospace,Aerospace - Defense,159.78,162.8899,155.6,156.77,660,4.760874638052189,1,1,1,1,0
BA,Aerospace,Aerospace - Defense,50__3,50,3.0,5. p99_trade_value,57000.0,210960.0,O:BA241004P00155000,BA,P,155.0,2024-10-04,209,0,313,3.4,1726234511087000000,300,102000.0,2024-09-13,Automatic Execution,Aerospace,Aerospace - Defense,159.78,162.8899,155.6,156.77,220,5.008600171761918,1,1,1,1,0
BA,Aerospace,Aerospace - Defense,50__3,50,3.0,5. p99_trade_value,57000.0,210960.0,O:BA241004P00155000,BA,P,155.0,2024-10-04,209,0,313,4.8,1726254350842000000,200,96000.0,2024-09-13,Automatic Execution,Aerospace,Aerospace - Defense,159.78,162.8899,155.6,156.77,256,4.982271233039568,1,1,1,1,0
BA,Aerospace,Aerospace - Defense,50__3,50,3.0,5. p99_trade_value,57000.0,210960.0,O:BA241004P00155000,BA,P,155.0,2024-10-04,209,0,313,4.65,1726252799570000000,175,81375.00000000001,2024-09-13,Automatic Execution,Aerospace,Aerospace - Defense,159.78,162.8899,155.6,156.77,360,4.910491001576249,1,1,1,1,0
BA,Aerospace,Aerospace - Defense,50__3,50,3.0,4. p999_trade_value,211650.0,771344.0,O:BA241004P00155000,BA,P,155.0,2024-10-04,209,0,315,4.8,1726257386879000000,498,239040.0,2024-09-13,Automatic Execution,Aerospace,Aerospace - Defense,159.78,162.8899,155.6,156.77,52,5.378470580135304,1,1,1,1,0
BA,Aerospace,Aerospace - Defense,50__3,50,3.0,5. p99_trade_value,57000.0,210960.0,O:BA240920P00155000,BA,P,155.0,2024-09-20,209,0,316,2.01,1726598920054000000,499,100298.99999999999,2024-09-17,Automatic Execution,Aerospace,Aerospace - Defense,156.17,158.88,155.14,156.39,226,5.001296603043879,1,1,1,1,0
BA,Aerospace,Aerospace - Defense,50__3,50,3.0,5. p99_trade_value,57000.0,210960.0,O:BA241018P00150000,BA,P,150.0,2024-10-18,233,0,302,3.72,1726767759674000000,250,93000.0,2024-09-19,Multi Leg Auction,Aerospace,Aerospace - Defense,157.0,157.18,154.27,154.59,275,4.968482948553935,1,1,0,0,0
BA,Aerospace,Aerospace - Defense,50__3,50,3.0,5. p99_trade_value,57000.0,210960.0,O:BA241018C00160000,BA,C,160.0,2024-10-18,209,0,303,3.5,1726841480856000000,293,102550.0,2024-09-20,Automatic Execution,Aerospace,Aerospace - Defense,154.01,154.64,152.6,153.29,219,5.010935664704385,1,0,0,0,1
BA,Aerospace,Aerospace - Defense,50__3,50,3.0,5. p99_trade_value,57000.0,210960.0,O:BA241018C00160000,BA,C,160.0,2024-10-18,209,0,303,4.0,1726843422937000000,328,131200.0,2024-09-20,Automatic Execution,Aerospace,Aerospace - Defense,154.01,154.64,152.6,153.29,155,5.117933835039642,1,0,0,0,1
BA,Aerospace,Aerospace - Defense,50__3,50,3.0,5. p99_trade_value,57000.0,210960.0,O:BA241018P00145000,BA,P,145.0,2024-10-18,209,0,316,2.73,1726842821551000000,216,58967.99999999999,2024-09-20,Automatic Execution,Aerospace,Aerospace - Defense,154.01,154.64,152.6,153.29,632,4.770616398191687,1,0,0,0,1
BA,Aerospace,Aerospace - Defense,50__3,50,3.0,5. p99_trade_value,57000.0,210960.0,O:BA241018C00170000,BA,C,170.0,2024-10-18,209,0,307,2.2,1727116229333000000,340,74800.00000000001,2024-09-23,Automatic Execution,Aerospace,Aerospace - Defense,153.0,158.43,151.65,156.3,423,4.873901597864461,1,0,0,0,1
BA,Aerospace,Aerospace - Defense,50__3,50,3.0,4. p999_trade_value,211650.0,771344.0,O:BA241018P00145000,BA,P,145.0,2024-10-18,241,0,323,1.9,1727120885758000000,2250,427500.0,2024-09-23,Stock Options Cross,Aerospace,Aerospace - Defense,153.0,158.43,151.65,156.3,21,5.630936119064192,1,0,0,0,1
BA,Aerospace,Aerospace - Defense,50__3,50,3.0,5. p99_trade_value,57000.0,210960.0,O:BA241018C00160000,BA,C,160.0,2024-10-18,209,0,301,3.95,1727206379309000000,150,59250.0,2024-09-24,Automatic Execution,Aerospace,Aerospace - Defense,155.8,155.9,153.69,155.81,627,4.772688354682141,1,0,0,0,1
BA,Aerospace,Aerospace - Defense,50__3,50,3.0,5. p99_trade_value,57000.0,210960.0,O:BA241018C00160000,BA,C,160.0,2024-10-18,209,0,303,3.95,1727274512806000000,160,63200.0,2024-09-25,Automatic Execution,Aerospace,Aerospace - Defense,156.42,157.22,152.045,152.22,556,4.800717078282385,1,0,0,0,1
BA,Aerospace,Aerospace - Defense,50__3,50,3.0,5. p99_trade_value,57000.0,210960.0,O:BA241018C00160000,BA,C,160.0,2024-10-18,209,0,313,4.55,1727272834154000000,128,58240.0,2024-09-25,Automatic Execution,Aerospace,Aerospace - Defense,156.42,157.22,152.045,152.22,646,4.7652213663049805,1,0,0,0,1
BA,Aerospace,Aerospace - Defense,50__3,50,3.0,5. p99_trade_value,57000.0,210960.0,O:BA241011C00157500,BA,C,157.5,2024-10-11,209,0,313,4.1,1727365708366000000,199,81590.0,2024-09-26,Automatic Execution,Aerospace,Aerospace - Defense,153.94,157.33,152.66,154.58,359,4.911636933129442,1,1,0,0,0
BA,Aerospace,Aerospace - Defense,50__3,50,3.0,5. p99_trade_value,57000.0,210960.0,O:BA241018C00162500,BA,C,162.5,2024-10-18,227,0,323,3.3,1727369493842000000,300,99000.0,2024-09-26,Single Leg Auction Non ISO,Aerospace,Aerospace - Defense,153.94,157.33,152.66,154.58,239,4.99563519459755,1,0,0,0,1
BA,Aerospace,Aerospace - Defense,50__3,50,3.0,5. p99_trade_value,57000.0,210960.0,O:BA241018P00150000,BA,P,150.0,2024-10-18,231,0,301,2.79,1727367351467000000,225,62775.0,2024-09-26,Single Leg Floor Trade,Aerospace,Aerospace - Defense,153.94,157.33,152.66,154.58,562,4.79778672138496,1,1,0,0,0
BA,Aerospace,Aerospace - Defense,50__3,50,3.0,5. p99_trade_value,57000.0,210960.0,O:BA241011C00157500,BA,C,157.5,2024-10-11,227,0,323,4.45,1727464032093000000,149,66305.0,2024-09-27,Single Leg Auction Non ISO,Aerospace,Aerospace - Defense,155.365,157.33,154.39,156.32,505,4.821546279393206,1,1,0,0,0
BA,Aerospace,Aerospace - Defense,50__3,50,3.0,5. p99_trade_value,57000.0,210960.0,O:BA241018C00160000,BA,C,160.0,2024-10-18,227,0,301,4.76,1727452418878000000,125,59500.0,2024-09-27,Single Leg Auction Non ISO,Aerospace,Aerospace - Defense,155.365,157.33,154.39,156.32,624,4.77451696572855,1,0,0,0,1
BA,Aerospace,Aerospace - Defense,50__3,50,3.0,5. p99_trade_value,57000.0,210960.0,O:BA241018C00160000,BA,C,160.0,2024-10-18,209,0,320,4.35,1727447003105000000,203,88305.0,2024-09-27,Automatic Execution,Aerospace,Aerospace - Defense,155.365,157.33,154.39,156.32,311,4.94598529486785,1,0,0,0,1
BA,Aerospace,Aerospace - Defense,50__3,50,3.0,5. p99_trade_value,57000.0,210960.0,O:BA241018C00160000,BA,C,160.0,2024-10-18,227,0,301,4.76,1727452418878000000,125,59500.0,2024-09-27,Single Leg Auction Non ISO,Aerospace,Aerospace - Defense,155.365,157.33,154.39,156.32,623,4.77451696572855,1,0,0,0,1
BA,Aerospace,Aerospace - Defense,50__3,50,3.0,5. p99_trade_value,57000.0,210960.0,O:BA241018C00160000,BA,C,160.0,2024-10-18,209,0,320,3.95,1727456290020000000,146,57670.00000000001,2024-09-27,Automatic Execution,Aerospace,Aerospace - Defense,155.365,157.33,154.39,156.32,659,4.760949951410898,1,0,0,0,1
BA,Aerospace,Aerospace - Defense,50__3,50,3.0,5. p99_trade_value,57000.0,210960.0,O:BA241018C00160000,BA,C,160.0,2024-10-18,242,0,300,2.59,1727723911656000000,600,155400.0,2024-09-30,Stock Options floor trade,Aerospace,Aerospace - Defense,154.79,155.3,151.24,152.04,115,5.191451014464896,1,0,0,0,1
BA,Aerospace,Aerospace - Defense,50__3,50,3.0,5. p99_trade_value,57000.0,210960.0,O:BA241018P00145000,BA,P,145.0,2024-10-18,242,0,300,2.49,1727723218624000000,475,118275.0,2024-09-30,Stock Options floor trade,Aerospace,Aerospace - Defense,154.79,155.3,151.24,152.04,179,5.072892956720603,1,0,0,0,1
BA,Aerospace,Aerospace - Defense,50__3,50,3.0,5. p99_trade_value,57000.0,210960.0,O:BA241018P00150000,BA,P,150.0,2024-10-18,242,0,300,4.35,1727723352854000000,300,130500.0,2024-09-30,Stock Options floor trade,Aerospace,Aerospace - Defense,154.79,155.3,151.24,152.04,157,5.1156105116743,1,1,0,0,0
BA,Aerospace,Aerospace - Defense,50__3,50,3.0,5. p99_trade_value,57000.0,210960.0,O:BA241025P00145000,BA,P,145.0,2024-10-25,209,0,313,3.85,1727713848091000000,205,78925.0,2024-09-30,Automatic Execution,Aerospace,Aerospace - Defense,154.79,155.3,151.24,152.04,383,4.897214590564255,1,0,0,0,1
BA,Aerospace,Aerospace - Defense,50__3,50,3.0,5. p99_trade_value,57000.0,210960.0,O:BA241018C00160000,BA,C,160.0,2024-10-18,232,0,308,2.34,1727789672866000000,247,57798.0,2024-10-01,Multi Leg auto-electronic trade,Aerospace,Aerospace - Defense,151.46,156.4,149.49,154.22,657,4.761912810669808,1,0,0,0,1
BA,Aerospace,Aerospace - Defense,50__3,50,3.0,5. p99_trade_value,57000.0,210960.0,O:BA241018C00160000,BA,C,160.0,2024-10-18,232,0,323,2.26,1727789665330000000,400,90399.99999999999,2024-10-01,Multi Leg auto-electronic trade,Aerospace,Aerospace - Defense,151.46,156.4,149.49,154.22,289,4.956168430475363,1,0,0,0,1
BA,Aerospace,Aerospace - Defense,50__3,50,3.0,5. p99_trade_value,57000.0,210960.0,O:BA241018C00160000,BA,C,160.0,2024-10-18,232,0,308,2.85,1727794381135000000,200,57000.0,2024-10-01,Multi Leg auto-electronic trade,Aerospace,Aerospace - Defense,151.46,156.4,149.49,154.22,672,4.7558748556724915,1,0,0,0,1
BA,Aerospace,Aerospace - Defense,50__3,50,3.0,5. p99_trade_value,57000.0,210960.0,O:BA241018P00145000,BA,P,145.0,2024-10-18,209,0,313,3.4,1727790001985000000,179,60860.0,2024-10-01,Automatic Execution,Aerospace,Aerospace - Defense,151.46,156.4,149.49,154.22,589,4.784331948022149,1,0,0,0,1
BA,Aerospace,Aerospace - Defense,50__3,50,3.0,5. p99_trade_value,57000.0,210960.0,O:BA241025P00145000,BA,P,145.0,2024-10-25,209,0,319,3.25,1727810709248000000,180,58500.0,2024-10-01,Automatic Execution,Aerospace,Aerospace - Defense,151.46,156.4,149.49,154.22,642,4.76715586608218,1,0,0,0,1
BA,Aerospace,Aerospace - Defense,50__3,50,3.0,5. p99_trade_value,57000.0,210960.0,O:BA241011P00152500,BA,P,152.5,2024-10-11,209,0,303,3.35,1727896504701000000,190,63650.0,2024-10-02,Automatic Execution,Aerospace,Aerospace - Defense,153.765,154.8499,152.835,152.89,551,4.8037984079896745,1,1,1,1,0
BA,Aerospace,Aerospace - Defense,50__3,50,3.0,4. p999_trade_value,211650.0,771344.0,O:BA241018P00145000,BA,P,145.0,2024-10-18,241,0,323,1.78,1727893491403000000,2000,356000.0,2024-10-02,Stock Options Cross,Aerospace,Aerospace - Defense,153.765,154.8499,152.835,152.89,29,5.551449997972875,1,0,0,0,1
BA,Aerospace,Aerospace - Defense,50__3,50,3.0,5. p99_trade_value,57000.0,210960.0,O:BA241025C00155000,BA,C,155.0,2024-10-25,209,0,322,6.5,1727881274777000000,100,65000.0,2024-10-02,Automatic Execution,Aerospace,Aerospace - Defense,153.765,154.8499,152.835,152.89,520,4.812913356642856,1,1,1,1,0
BA,Aerospace,Aerospace - Defense,50__3,50,3.0,5. p99_trade_value,57000.0,210960.0,O:BA241025C00155000,BA,C,155.0,2024-10-25,209,0,322,6.5,1727881277960000000,100,65000.0,2024-10-02,Automatic Execution,Aerospace,Aerospace - Defense,153.765,154.8499,152.835,152.89,521,4.812913356642856,1,1,1,1,0
BA,Aerospace,Aerospace - Defense,50__3,50,3.0,5. p99_trade_value,57000.0,210960.0,O:BA241018C00157500,BA,C,157.5,2024-10-18,209,0,316,3.3,1728069584529000000,174,57419.99999999999,2024-10-04,Automatic Execution,Aerospace,Aerospace - Defense,152.26,155.0,150.85,155.0,664,4.7590631881604875,1,1,0,0,0
BA,Aerospace,Aerospace - Defense,50__3,50,3.0,5. p99_trade_value,57000.0,210960.0,O:BA241018P00147000,BA,P,147.0,2024-10-18,235,0,300,2.32,1728067278206000000,450,104400.0,2024-10-04,Multi Leg floor trade,Aerospace,Aerospace - Defense,152.26,155.0,150.85,155.0,213,5.018700498666243,1,1,0,0,0
BA,Aerospace,Aerospace - Defense,50__3,50,3.0,5. p99_trade_value,57000.0,210960.0,O:BA241025P00145000,BA,P,145.0,2024-10-25,209,0,320,3.9,1728051015863000000,211,82290.0,2024-10-04,Automatic Execution,Aerospace,Aerospace - Defense,152.26,155.0,150.85,155.0,354,4.915347062324192,1,0,0,0,1
BA,Aerospace,Aerospace - Defense,50__3,50,3.0,5. p99_trade_value,57000.0,210960.0,O:BA241018C00160000,BA,C,160.0,2024-10-18,209,0,313,3.25,1728315316099000000,495,160875.0,2024-10-07,Automatic Execution,Aerospace,Aerospace - Defense,155.0,158.7599,154.68,155.91,108,5.206488559912443,1,0,0,0,1
BA,Aerospace,Aerospace - Defense,50__3,50,3.0,5. p99_trade_value,57000.0,210960.0,O:BA241018C00160000,BA,C,160.0,2024-10-18,227,0,312,3.33,1728314363370000000,250,83250.0,2024-10-07,Single Leg Auction Non ISO,Aerospace,Aerospace - Defense,155.0,158.7599,154.68,155.91,345,4.920384242178358,1,0,0,0,1
BA,Aerospace,Aerospace - Defense,50__3,50,3.0,5. p99_trade_value,57000.0,210960.0,O:BA241018C00160000,BA,C,160.0,2024-10-18,227,0,312,3.28,1728316342167000000,250,82000.0,2024-10-07,Single Leg Auction Non ISO,Aerospace,Aerospace - Defense,155.0,158.7599,154.68,155.91,356,4.913813852383717,1,0,0,0,1
BA,Aerospace,Aerospace - Defense,50__3,50,3.0,5. p99_trade_value,57000.0,210960.0,O:BA241018C00160000,BA,C,160.0,2024-10-18,227,0,312,3.28,1728316342167000000,250,82000.0,2024-10-07,Single Leg Auction Non ISO,Aerospace,Aerospace - Defense,155.0,158.7599,154.68,155.91,357,4.913813852383717,1,0,0,0,1
BA,Aerospace,Aerospace - Defense,50__3,50,3.0,5. p99_trade_value,57000.0,210960.0,O:BA241018C00160000,BA,C,160.0,2024-10-18,227,0,312,3.33,1728314363370000000,250,83250.0,2024-10-07,Single Leg Auction Non ISO,Aerospace,Aerospace - Defense,155.0,158.7599,154.68,155.91,344,4.920384242178358,1,0,0,0,1
BA,Aerospace,Aerospace - Defense,50__3,50,3.0,5. p99_trade_value,57000.0,210960.0,O:BA241018C00162500,BA,C,162.5,2024-10-18,209,0,316,2.65,1728312147995000000,241,63865.0,2024-10-07,Automatic Execution,Aerospace,Aerospace - Defense,155.0,158.7599,154.68,155.91,544,4.805262916511676,1,0,0,0,1
BA,Aerospace,Aerospace - Defense,50__3,50,3.0,5. p99_trade_value,57000.0,210960.0,O:BA241018P00145000,BA,P,145.0,2024-10-18,231,0,301,0.98,1728319432761000000,1000,98000.0,2024-10-07,Single Leg Floor Trade,Aerospace,Aerospace - Defense,155.0,158.7599,154.68,155.91,245,4.991226075692495,1,0,0,0,1
BA,Aerospace,Aerospace - Defense,50__3,50,3.0,5. p99_trade_value,57000.0,210960.0,O:BA241018C00160000,BA,C,160.0,2024-10-18,209,0,315,0.9,1728480963316000000,672,60480.00000000001,2024-10-09,Automatic Execution,Aerospace,Aerospace - Defense,152.05,152.19,148.8,149.37,597,4.78161178249315,1,0,0,0,1
BA,Aerospace,Aerospace - Defense,50__3,50,3.0,5. p99_trade_value,57000.0,210960.0,O:BA241101C00155000,BA,C,155.0,2024-11-01,209,0,316,5.6,1728490356790000000,169,94640.0,2024-10-09,Automatic Execution,Aerospace,Aerospace - Defense,152.05,152.19,148.8,149.37,266,4.976074731619874,1,1,1,0,0
BA,Aerospace,Aerospace - Defense,50__3,50,3.0,5. p99_trade_value,57000.0,210960.0,O:BA241025P00145000,BA,P,145.0,2024-10-25,232,0,308,3.9,1728656166375000000,196,76440.0,2024-10-11,Multi Leg auto-electronic trade,Aerospace,Aerospace - Defense,146.3,151.12,146.3,151.02,410,4.883320678382975,1,0,0,0,1
BA,Aerospace,Aerospace - Defense,50__3,50,3.0,5. p99_trade_value,57000.0,210960.0,O:BA241101P00145000,BA,P,145.0,2024-11-01,232,0,308,4.7,1728656166375000000,196,92120.0,2024-10-11,Multi Leg auto-electronic trade,Aerospace,Aerospace - Defense,146.3,151.12,146.3,151.02,278,4.964353929292193,1,0,0,0,1
BA,Aerospace,Aerospace - Defense,50__3,50,3.0,5. p99_trade_value,57000.0,210960.0,O:BA241025C00160000,BA,C,160.0,2024-10-25,209,0,315,1.5,1728915785811000000,1108,166200.0,2024-10-14,Automatic Execution,Aerospace,Aerospace - Defense,148.0,150.09,146.02,148.99,100,5.220631019448092,1,1,0,0,0
BA,Aerospace,Aerospace - Defense,50__3,50,3.0,4. p999_trade_value,211650.0,771344.0,O:BA241108C00165000,BA,C,165.0,2024-11-08,209,0,315,2.1,1728915785805000000,1199,251790.0,2024-10-14,Automatic Execution,Aerospace,Aerospace - Defense,148.0,150.09,146.02,148.99,48,5.401038477832768,1,0,0,0,1
BA,Aerospace,Aerospace - Defense,50__3,50,3.0,4. p999_trade_value,211650.0,771344.0,O:BA241025C00155000,BA,C,155.0,2024-10-25,209,0,313,4.6,1729092744366000000,500,230000.0,2024-10-16,Automatic Execution,Aerospace,Aerospace - Defense,151.91,154.99,151.34,154.9,56,5.361727836017593,1,1,1,1,0
BA,Aerospace,Aerospace - Defense,50__3,50,3.0,4. p999_trade_value,211650.0,771344.0,O:BA241025C00155000,BA,C,155.0,2024-10-25,209,0,325,4.6,1729092599332000000,487,224019.99999999997,2024-10-16,Automatic Execution,Aerospace,Aerospace - Defense,151.91,154.99,151.34,154.9,61,5.350286792896209,1,1,1,1,0
BA,Aerospace,Aerospace - Defense,50__3,50,3.0,5. p99_trade_value,57000.0,210960.0,O:BA241025C00155000,BA,C,155.0,2024-10-25,227,0,312,4.2,1729098273402000000,369,154980.0,2024-10-16,Single Leg Auction Non ISO,Aerospace,Aerospace - Defense,151.91,154.99,151.34,154.9,116,5.1902756565569605,1,1,1,1,0
BA,Aerospace,Aerospace - Defense,50__3,50,3.0,5. p99_trade_value,57000.0,210960.0,O:BA241025C00155000,BA,C,155.0,2024-10-25,227,0,312,4.2,1729098202437000000,355,149100.0,2024-10-16,Single Leg Auction Non ISO,Aerospace,Aerospace - Defense,151.91,154.99,151.34,154.9,129,5.173477643452995,1,1,1,1,0
BA,Aerospace,Aerospace - Defense,50__3,50,3.0,5. p99_trade_value,57000.0,210960.0,O:BA241115C00160000,BA,C,160.0,2024-11-15,227,0,302,6.0,1729102386330000000,108,64800.0,2024-10-16,Single Leg Auction Non ISO,Aerospace,Aerospace - Defense,151.91,154.99,151.34,154.9,524,4.811575005870593,1,1,0,0,0
BA,Aerospace,Aerospace - Defense,50__3,50,3.0,4. p999_trade_value,211650.0,771344.0,O:BA241115C00165000,BA,C,165.0,2024-11-15,209,0,315,4.25,1729102270863000000,498,211650.0,2024-10-16,Automatic Execution,Aerospace,Aerospace - Defense,151.91,154.99,151.34,154.9,68,5.325618272810029,1,0,0,0,1
BA,Aerospace,Aerospace - Defense,50__3,50,3.0,5. p99_trade_value,57000.0,210960.0,O:BA241115C00165000,BA,C,165.0,2024-11-15,209,0,313,4.2,1729102170966000000,498,209160.0,2024-10-16,Automatic Execution,Aerospace,Aerospace - Defense,151.91,154.99,151.34,154.9,70,5.320478633157618,1,0,0,0,1
BA,Aerospace,Aerospace - Defense,50__3,50,3.0,5. p99_trade_value,57000.0,210960.0,O:BA241115C00165000,BA,C,165.0,2024-11-15,209,0,325,4.15,1729091519309000000,277,114955.00000000001,2024-10-16,Automatic Execution,Aerospace,Aerospace - Defense,151.91,154.99,151.34,154.9,183,5.060527865776542,1,0,0,0,1
BA,Aerospace,Aerospace - Defense,50__3,50,3.0,5. p99_trade_value,57000.0,210960.0,O:BA241115C00160000,BA,C,160.0,2024-11-15,209,0,315,6.7,1729178340273000000,134,89780.0,2024-10-17,Automatic Execution,Aerospace,Aerospace - Defense,155.0,157.14,154.25,155.31,298,4.953179601065634,1,1,0,0,0
BA,Aerospace,Aerospace - Defense,50__3,50,3.0,5. p99_trade_value,57000.0,210960.0,O:BA241115C00160000,BA,C,160.0,2024-11-15,209,0,303,6.2,1729189628843000000,120,74400.0,2024-10-17,Automatic Execution,Aerospace,Aerospace - Defense,155.0,157.14,154.25,155.31,424,4.871572935545879,1,1,0,0,0
BA,Aerospace,Aerospace - Defense,50__3,50,3.0,5. p99_trade_value,57000.0,210960.0,O:BA241115C00160000,BA,C,160.0,2024-11-15,209,0,313,5.7,1729275575292000000,124,70680.0,2024-10-18,Automatic Execution,Aerospace,Aerospace - Defense,155.84,156.37,153.9,155.0,463,4.849296540834726,1,1,0,0,0
BA,Aerospace,Aerospace - Defense,50__3,50,3.0,5. p99_trade_value,57000.0,210960.0,O:BA241025C00165000,BA,C,165.0,2024-10-25,235,0,301,2.97,1729521986522000000,220,65340.00000000001,2024-10-21,Multi Leg floor trade,Aerospace,Aerospace - Defense,160.25,163.44,158.36,159.82,517,4.815179130139419,1,0,0,0,1
BA,Aerospace,Aerospace - Defense,50__3,50,3.0,5. p99_trade_value,57000.0,210960.0,O:BA241025C00170000,BA,C,170.0,2024-10-25,241,0,323,1.12,1729527769107000000,1600,179200.00000000003,2024-10-21,Stock Options Cross,Aerospace,Aerospace - Defense,160.25,163.44,158.36,159.82,88,5.253338005326106,1,0,0,0,1
BA,Aerospace,Aerospace - Defense,50__3,50,3.0,5. p99_trade_value,57000.0,210960.0,O:BA241025C00170000,BA,C,170.0,2024-10-25,209,0,313,1.25,1729517480425000000,480,60000.0,2024-10-21,Automatic Execution,Aerospace,Aerospace - Defense,160.25,163.44,158.36,159.82,607,4.778151250383644,1,0,0,0,1
BA,Aerospace,Aerospace - Defense,50__3,50,3.0,5. p99_trade_value,57000.0,210960.0,O:BA241101C00180000,BA,C,180.0,2024-11-01,209,0,325,0.9,1729517524739000000,700,63000.0,2024-10-21,Automatic Execution,Aerospace,Aerospace - Defense,160.25,163.44,158.36,159.82,560,4.799340549453582,1,0,0,0,1
BA,Aerospace,Aerospace - Defense,50__3,50,3.0,5. p99_trade_value,57000.0,210960.0,O:BA241115C00170000,BA,C,170.0,2024-11-15,209,0,323,5.0,1729517713094000000,121,60500.0,2024-10-21,Automatic Execution,Aerospace,Aerospace - Defense,160.25,163.44,158.36,159.82,595,4.781755374652469,1,0,0,0,1
BA,Aerospace,Aerospace - Defense,50__3,50,3.0,3. p9999_trade_value,782000.0,960844.0,O:BA241115C00170000,BA,C,170.0,2024-11-15,241,0,323,4.1,1729519772894000000,2000,820000.0,2024-10-21,Stock Options Cross,Aerospace,Aerospace - Defense,160.25,163.44,158.36,159.82,4,5.913813852383717,1,0,0,0,1
BA,Aerospace,Aerospace - Defense,50__3,50,3.0,3. p9999_trade_value,782000.0,960844.0,O:BA241115C00180000,BA,C,180.0,2024-11-15,209,0,313,1.78,1729519154413000000,5398,960844.0,2024-10-21,Automatic Execution,Aerospace,Aerospace - Defense,160.25,163.44,158.36,159.82,2,5.982652882529392,1,0,0,0,1
BA,Aerospace,Aerospace - Defense,50__3,50,3.0,4. p999_trade_value,211650.0,771344.0,O:BA241115P00150000,BA,P,150.0,2024-11-15,241,0,323,3.1,1729519772893000000,2000,620000.0,2024-10-21,Stock Options Cross,Aerospace,Aerospace - Defense,160.25,163.44,158.36,159.82,12,5.7923916894982534,1,1,1,1,0
BA,Aerospace,Aerospace - Defense,50__3,50,3.0,5. p99_trade_value,57000.0,210960.0,O:BA241101C00165000,BA,C,165.0,2024-11-01,209,0,313,3.2,1729618132573000000,392,125440.00000000001,2024-10-22,Automatic Execution,Aerospace,Aerospace - Defense,160.5,160.66,158.37,159.88,164,5.098436045340363,1,0,0,0,1
BA,Aerospace,Aerospace - Defense,50__3,50,3.0,5. p99_trade_value,57000.0,210960.0,O:BA241101C00165000,BA,C,165.0,2024-11-01,209,0,313,3.2,1729618132573000000,608,194560.0,2024-10-22,Automatic Execution,Aerospace,Aerospace - Defense,160.5,160.66,158.37,159.88,76,5.2890535575926405,1,0,0,0,1
BA,Aerospace,Aerospace - Defense,50__3,50,3.0,5. p99_trade_value,57000.0,210960.0,O:BA241101C00170000,BA,C,170.0,2024-11-01,227,0,302,2.0,1729624559911000000,300,60000.0,2024-10-22,Single Leg Auction Non ISO,Aerospace,Aerospace - Defense,160.5,160.66,158.37,159.88,608,4.778151250383644,1,0,0,0,1
BA,Aerospace,Aerospace - Defense,50__3,50,3.0,5. p99_trade_value,57000.0,210960.0,O:BA241115P00145000,BA,P,145.0,2024-11-15,231,0,301,1.9,1729617583341000000,425,80750.0,2024-10-22,Single Leg Floor Trade,Aerospace,Aerospace - Defense,160.5,160.66,158.37,159.88,368,4.9071425310031405,1,1,1,1,0
BA,Aerospace,Aerospace - Defense,50__3,50,3.0,5. p99_trade_value,57000.0,210960.0,O:BA241101C00167500,BA,C,167.5,2024-11-01,232,0,308,1.37,1729713028219000000,649,88913.00000000001,2024-10-23,Multi Leg auto-electronic trade,Aerospace,Aerospace - Defense,160.0,161.4725,153.53,157.06,304,4.948965263956776,1,0,0,0,1
BA,Aerospace,Aerospace - Defense,50__3,50,3.0,5. p99_trade_value,57000.0,210960.0,O:BA241101C00167500,BA,C,167.5,2024-11-01,232,0,323,1.37,1729713028219000000,649,88913.00000000001,2024-10-23,Multi Leg auto-electronic trade,Aerospace,Aerospace - Defense,160.0,161.4725,153.53,157.06,305,4.948965263956776,1,0,0,0,1
BA,Aerospace,Aerospace - Defense,50__3,50,3.0,5. p99_trade_value,57000.0,210960.0,O:BA241108C00162500,BA,C,162.5,2024-11-08,209,0,300,3.9,1729713546564000000,232,90480.0,2024-10-23,Automatic Execution,Aerospace,Aerospace - Defense,160.0,161.4725,153.53,157.06,288,4.956552591917399,1,0,0,0,1
BA,Aerospace,Aerospace - Defense,50__3,50,3.0,5. p99_trade_value,57000.0,210960.0,O:BA241101C00162500,BA,C,162.5,2024-11-01,231,0,301,1.18,1729776800979000000,500,59000.0,2024-10-24,Single Leg Floor Trade,Aerospace,Aerospace - Defense,152.61,155.89,151.98,155.2,631,4.770852011642144,1,0,0,0,1
BA,Aerospace,Aerospace - Defense,50__3,50,3.0,4. p999_trade_value,211650.0,771344.0,O:BA241115P00146000,BA,P,146.0,2024-11-15,241,0,323,2.43,1729798273598000000,3000,729000.0000000001,2024-10-24,Stock Options Cross,Aerospace,Aerospace - Defense,152.61,155.89,151.98,155.2,9,5.862727528317975,1,1,1,1,0
BA,Aerospace,Aerospace - Defense,50__3,50,3.0,5. p99_trade_value,57000.0,210960.0,O:BA241122P00150000,BA,P,150.0,2024-11-22,209,0,307,4.25,1729798786720000000,300,127500.0,2024-10-24,Automatic Execution,Aerospace,Aerospace - Defense,152.61,155.89,151.98,155.2,162,5.105510184769974,1,1,1,1,0
BA,Aerospace,Aerospace - Defense,50__3,50,3.0,5. p99_trade_value,57000.0,210960.0,O:BA241108C00157500,BA,C,157.5,2024-11-08,233,0,312,4.19,1729885615698000000,219,91761.00000000001,2024-10-25,Multi Leg Auction,Aerospace,Aerospace - Defense,156.2,157.48,154.5202,155.01,282,4.962658137806414,1,1,0,0,0
BA,Aerospace,Aerospace - Defense,50__3,50,3.0,5. p99_trade_value,57000.0,210960.0,O:BA241108C00157500,BA,C,157.5,2024-11-08,232,0,322,4.17,1729885583195000000,145,60465.0,2024-10-25,Multi Leg auto-electronic trade,Aerospace,Aerospace - Defense,156.2,157.48,154.5202,155.01,598,4.781504057208733,1,1,0,0,0
BA,Aerospace,Aerospace - Defense,50__3,50,3.0,5. p99_trade_value,57000.0,210960.0,O:BA241108C00157500,BA,C,157.5,2024-11-08,233,0,312,4.19,1729885615698000000,219,91761.00000000001,2024-10-25,Multi Leg Auction,Aerospace,Aerospace - Defense,156.2,157.48,154.5202,155.01,281,4.962658137806414,1,1,0,0,0
BA,Aerospace,Aerospace - Defense,50__3,50,3.0,5. p99_trade_value,57000.0,210960.0,O:BA241108C00157500,BA,C,157.5,2024-11-08,232,0,322,4.19,1729885583192000000,145,60755.00000000001,2024-10-25,Multi Leg auto-electronic trade,Aerospace,Aerospace - Defense,156.2,157.48,154.5202,155.01,592,4.78358202520127,1,1,0,0,0
BA,Aerospace,Aerospace - Defense,50__3,50,3.0,5. p99_trade_value,57000.0,210960.0,O:BA241108P00150000,BA,P,150.0,2024-11-08,231,0,323,2.77,1729876041492000000,400,110800.0,2024-10-25,Single Leg Floor Trade,Aerospace,Aerospace - Defense,156.2,157.48,154.5202,155.01,190,5.044539760392411,1,1,1,0,0
BA,Aerospace,Aerospace - Defense,50__3,50,3.0,5. p99_trade_value,57000.0,210960.0,O:BA241115C00160000,BA,C,160.0,2024-11-15,209,0,325,4.5,1729864110503000000,187,84150.0,2024-10-25,Automatic Execution,Aerospace,Aerospace - Defense,156.2,157.48,154.5202,155.01,335,4.9250541203118425,1,0,0,0,1
BA,Aerospace,Aerospace - Defense,50__3,50,3.0,5. p99_trade_value,57000.0,210960.0,O:BA241101C00162500,BA,C,162.5,2024-11-01,231,0,323,0.46,1730135087005000000,2000,92000.0,2024-10-28,Single Leg Floor Trade,Aerospace,Aerospace - Defense,153.5,155.2,150.61,150.69,279,4.963787827345556,1,0,0,0,1
BA,Aerospace,Aerospace - Defense,50__3,50,3.0,5. p99_trade_value,57000.0,210960.0,O:BA241115C00160000,BA,C,160.0,2024-11-15,232,0,301,2.92,1730141263016000000,640,186880.0,2024-10-28,Multi Leg auto-electronic trade,Aerospace,Aerospace - Defense,153.5,155.2,150.61,150.69,80,5.271562825432305,1,0,0,0,1
BA,Aerospace,Aerospace - Defense,50__3,50,3.0,5. p99_trade_value,57000.0,210960.0,O:BA241115C00160000,BA,C,160.0,2024-11-15,232,0,300,2.84,1730142210317000000,325,92300.0,2024-10-28,Multi Leg auto-electronic trade,Aerospace,Aerospace - Defense,153.5,155.2,150.61,150.69,277,4.965201701025912,1,0,0,0,1
BA,Aerospace,Aerospace - Defense,50__3,50,3.0,5. p99_trade_value,57000.0,210960.0,O:BA241115C00160000,BA,C,160.0,2024-11-15,227,0,323,2.87,1730141448748000000,250,71750.0,2024-10-28,Single Leg Auction Non ISO,Aerospace,Aerospace - Defense,153.5,155.2,150.61,150.69,451,4.85582190540603,1,0,0,0,1
BA,Aerospace,Aerospace - Defense,50__3,50,3.0,5. p99_trade_value,57000.0,210960.0,O:BA241115C00160000,BA,C,160.0,2024-11-15,232,0,300,3.15,1730140251380000000,281,88515.0,2024-10-28,Multi Leg auto-electronic trade,Aerospace,Aerospace - Defense,153.5,155.2,150.61,150.69,308,4.947016873694681,1,0,0,0,1
BA,Aerospace,Aerospace - Defense,50__3,50,3.0,4. p999_trade_value,211650.0,771344.0,O:BA241115C00160000,BA,C,160.0,2024-11-15,232,0,308,3.15,1730140256972000000,1102,347130.0,2024-10-28,Multi Leg auto-electronic trade,Aerospace,Aerospace - Defense,153.5,155.2,150.61,150.69,30,5.540492148305367,1,0,0,0,1
BA,Aerospace,Aerospace - Defense,50__3,50,3.0,5. p99_trade_value,57000.0,210960.0,O:BA241115C00167500,BA,C,167.5,2024-11-15,236,0,322,1.2,1730142199856000000,654,78480.0,2024-10-28,Multi Leg auto-electronic trade against single leg(s),Aerospace,Aerospace - Defense,153.5,155.2,150.61,150.69,385,4.894758994371892,1,0,0,0,1
BA,Aerospace,Aerospace - Defense,50__3,50,3.0,4. p999_trade_value,211650.0,771344.0,O:BA241115C00167500,BA,C,167.5,2024-11-15,232,0,308,1.33,1730140256972000000,2204,293132.0,2024-10-28,Multi Leg auto-electronic trade,Aerospace,Aerospace - Defense,153.5,155.2,150.61,150.69,40,5.467063231146833,1,0,0,0,1
BA,Aerospace,Aerospace - Defense,50__3,50,3.0,5. p99_trade_value,57000.0,210960.0,O:BA241115C00167500,BA,C,167.5,2024-11-15,232,0,300,1.18,1730142210317000000,650,76700.0,2024-10-28,Multi Leg auto-electronic trade,Aerospace,Aerospace - Defense,153.5,155.2,150.61,150.69,401,4.884795363948981,1,0,0,0,1
BA,Aerospace,Aerospace - Defense,50__3,50,3.0,5. p99_trade_value,57000.0,210960.0,O:BA241115C00167500,BA,C,167.5,2024-11-15,232,0,301,1.21,1730141263016000000,1280,154880.0,2024-10-28,Multi Leg auto-electronic trade,Aerospace,Aerospace - Defense,153.5,155.2,150.61,150.69,117,5.189995339964319,1,0,0,0,1
BA,Aerospace,Aerospace - Defense,50__3,50,3.0,3. p9999_trade_value,782000.0,960844.0,O:BA241115P00150000,BA,P,150.0,2024-11-15,229,0,313,3.91,1730133186029000000,2000,782000.0,2024-10-28,Single Leg Cross Non ISO,Aerospace,Aerospace - Defense,153.5,155.2,150.61,150.69,6,5.893206753059848,1,1,1,1,0
BA,Aerospace,Aerospace - Defense,50__3,50,3.0,3. p9999_trade_value,782000.0,960844.0,O:BA241115P00150000,BA,P,150.0,2024-11-15,229,0,313,3.91,1730133441514000000,2000,782000.0,2024-10-28,Single Leg Cross Non ISO,Aerospace,Aerospace - Defense,153.5,155.2,150.61,150.69,7,5.893206753059848,1,1,1,1,0
BA,Aerospace,Aerospace - Defense,50__3,50,3.0,3. p9999_trade_value,782000.0,960844.0,O:BA241115P00150000,BA,P,150.0,2024-11-15,241,0,323,3.95,1730133380026000000,2000,790000.0,2024-10-28,Stock Options Cross,Aerospace,Aerospace - Defense,153.5,155.2,150.61,150.69,5,5.897627091290442,1,1,1,1,0
BA,Aerospace,Aerospace - Defense,50__3,50,3.0,4. p999_trade_value,211650.0,771344.0,O:BA241101C00160000,BA,C,160.0,2024-11-01,233,0,312,1.02,1730213852619000000,2998,305796.0,2024-10-29,Multi Leg Auction,Aerospace,Aerospace - Defense,147.86,155.99,147.58,152.98,36,5.485431800274179,1,0,0,0,1
BA,Aerospace,Aerospace - Defense,50__3,50,3.0,5. p99_trade_value,57000.0,210960.0,O:BA241101C00165000,BA,C,165.0,2024-11-01,233,0,312,0.29,1730213852619000000,2998,86942.0,2024-10-29,Multi Leg Auction,Aerospace,Aerospace - Defense,147.86,155.99,147.58,152.98,319,4.939229626411216,1,0,0,0,1
BA,Aerospace,Aerospace - Defense,50__3,50,3.0,5. p99_trade_value,57000.0,210960.0,O:BA241101P00145000,BA,P,145.0,2024-11-01,227,0,323,0.77,1730209132649000000,749,57673.0,2024-10-29,Single Leg Auction Non ISO,Aerospace,Aerospace - Defense,147.86,155.99,147.58,152.98,658,4.760972542871948,1,0,0,0,1
BA,Aerospace,Aerospace - Defense,50__3,50,3.0,5. p99_trade_value,57000.0,210960.0,O:BA241115C00160000,BA,C,160.0,2024-11-15,209,0,323,3.5,1730213174870000000,166,58100.0,2024-10-29,Automatic Execution,Aerospace,Aerospace - Defense,147.86,155.99,147.58,152.98,649,4.764176132390331,1,0,0,0,1
BA,Aerospace,Aerospace - Defense,50__3,50,3.0,5. p99_trade_value,57000.0,210960.0,O:BA241115C00160000,BA,C,160.0,2024-11-15,209,0,318,2.74,1730211102003000000,356,97544.0,2024-10-29,Automatic Execution,Aerospace,Aerospace - Defense,147.86,155.99,147.58,152.98,250,4.989200560793263,1,0,0,0,1
BA,Aerospace,Aerospace - Defense,50__3,50,3.0,5. p99_trade_value,57000.0,210960.0,O:BA241115C00160000,BA,C,160.0,2024-11-15,219,0,323,2.83,1730218796179000000,250,70750.0,2024-10-29,Intermarket Sweep Order,Aerospace,Aerospace - Defense,147.86,155.99,147.58,152.98,462,4.849726444196328,1,0,0,0,1
BA,Aerospace,Aerospace - Defense,50__3,50,3.0,5. p99_trade_value,57000.0,210960.0,O:BA241115C00160000,BA,C,160.0,2024-11-15,209,0,315,3.85,1730215843548000000,203,78155.0,2024-10-29,Automatic Execution,Aerospace,Aerospace - Defense,147.86,155.99,147.58,152.98,387,4.892956767421714,1,0,0,0,1
BA,Aerospace,Aerospace - Defense,50__3,50,3.0,4. p999_trade_value,211650.0,771344.0,O:BA241115C00160000,BA,C,160.0,2024-11-15,241,0,323,2.68,1730211644637000000,2000,536000.0,2024-10-29,Stock Options Cross,Aerospace,Aerospace - Defense,147.86,155.99,147.58,152.98,14,5.72916478969277,1,0,0,0,1
BA,Aerospace,Aerospace - Defense,50__3,50,3.0,5. p99_trade_value,57000.0,210960.0,O:BA241115C00170000,BA,C,170.0,2024-11-15,241,0,323,0.84,1730211644637000000,2000,168000.0,2024-10-29,Stock Options Cross,Aerospace,Aerospace - Defense,147.86,155.99,147.58,152.98,99,5.225309281725863,1,0,0,0,1
BA,Aerospace,Aerospace - Defense,50__3,50,3.0,4. p999_trade_value,211650.0,771344.0,O:BA241115P00140000,BA,P,140.0,2024-11-15,241,0,323,1.31,1730211644637000000,2000,262000.0,2024-10-29,Stock Options Cross,Aerospace,Aerospace - Defense,147.86,155.99,147.58,152.98,46,5.418301291319746,1,1,1,0,0
BA,Aerospace,Aerospace - Defense,50__3,50,3.0,5. p99_trade_value,57000.0,210960.0,O:BA241115P00145000,BA,P,145.0,2024-11-15,233,0,304,2.63,1730209690239000000,250,65750.0,2024-10-29,Multi Leg Auction,Aerospace,Aerospace - Defense,147.86,155.99,147.58,152.98,510,4.8178957571617955,1,1,1,1,0
BA,Aerospace,Aerospace - Defense,50__3,50,3.0,5. p99_trade_value,57000.0,210960.0,O:BA241115C00175000,BA,C,175.0,2024-11-15,209,0,325,0.5,1730295037742000000,1199,59950.0,2024-10-30,Automatic Execution,Aerospace,Aerospace - Defense,152.51,156.91,152.51,154.29,612,4.777789187434868,1,0,0,0,1
BA,Aerospace,Aerospace - Defense,50__3,50,3.0,5. p99_trade_value,57000.0,210960.0,O:BA241115P00145000,BA,P,145.0,2024-11-15,209,0,323,1.35,1730309449928000000,467,63045.00000000001,2024-10-30,Automatic Execution,Aerospace,Aerospace - Defense,152.51,156.91,152.51,154.29,557,4.799650649061118,1,1,1,1,0
BA,Aerospace,Aerospace - Defense,50__3,50,3.0,4. p999_trade_value,211650.0,771344.0,O:BA241108C00157500,BA,C,157.5,2024-11-08,232,0,308,1.19,1730388414104000000,3608,429351.99999999994,2024-10-31,Multi Leg auto-electronic trade,Aerospace,Aerospace - Defense,154.31,154.48,147.88,149.31,20,5.632813490262435,1,1,0,0,0
BA,Aerospace,Aerospace - Defense,50__3,50,3.0,5. p99_trade_value,57000.0,210960.0,O:BA241115C00160000,BA,C,160.0,2024-11-15,232,0,304,1.44,1730403244996000000,500,72000.0,2024-10-31,Multi Leg auto-electronic trade,Aerospace,Aerospace - Defense,154.31,154.48,147.88,149.31,449,4.857332496431268,1,0,0,0,1
BA,Aerospace,Aerospace - Defense,50__3,50,3.0,4. p999_trade_value,211650.0,771344.0,O:BA241108C00157500,BA,C,157.5,2024-11-08,232,0,300,2.52,1730488659890000000,1058,266616.0,2024-11-01,Multi Leg auto-electronic trade,Aerospace,Aerospace - Defense,152.78,156.0,151.23,154.59,45,5.425886208480711,1,1,0,0,0
BA,Aerospace,Aerospace - Defense,50__3,50,3.0,5. p99_trade_value,57000.0,210960.0,O:BA241115C00160000,BA,C,160.0,2024-11-15,227,0,323,2.63,1730471091453000000,397,104410.99999999999,2024-11-01,Single Leg Auction Non ISO,Aerospace,Aerospace - Defense,152.78,156.0,151.23,154.59,212,5.018746255252873,1,0,0,0,1
BA,Aerospace,Aerospace - Defense,50__3,50,3.0,5. p99_trade_value,57000.0,210960.0,O:BA241115C00162500,BA,C,162.5,2024-11-15,232,0,308,2.04,1730471561268000000,298,60791.99999999999,2024-11-01,Multi Leg auto-electronic trade,Aerospace,Aerospace - Defense,152.78,156.0,151.23,154.59,591,4.783846431502154,1,0,0,0,1
BA,Aerospace,Aerospace - Defense,50__3,50,3.0,5. p99_trade_value,57000.0,210960.0,O:BA241129C00170000,BA,C,170.0,2024-11-29,209,0,313,1.9,1730473092883000000,469,89109.99999999999,2024-11-01,Automatic Execution,Aerospace,Aerospace - Defense,152.78,156.0,151.23,154.59,302,4.949926443667912,1,0,0,0,1
BA,Aerospace,Aerospace - Defense,50__3,50,3.0,5. p99_trade_value,57000.0,210960.0,O:BA241108C00157500,BA,C,157.5,2024-11-08,227,0,323,2.9,1730732815724000000,297,86130.0,2024-11-04,Single Leg Auction Non ISO,Aerospace,Aerospace - Defense,154.62,156.72,152.46,155.07,325,4.935154447216169,1,1,0,0,0
BA,Aerospace,Aerospace - Defense,50__3,50,3.0,5. p99_trade_value,57000.0,210960.0,O:BA241108C00157500,BA,C,157.5,2024-11-08,235,0,313,2.75,1730735315223000000,500,137500.0,2024-11-04,Multi Leg floor trade,Aerospace,Aerospace - Defense,154.62,156.72,152.46,155.07,145,5.138302698166282,1,1,0,0,0
BA,Aerospace,Aerospace - Defense,50__3,50,3.0,5. p99_trade_value,57000.0,210960.0,O:BA241115C00170000,BA,C,170.0,2024-11-15,235,0,323,0.79,1730753472161000000,1245,98355.0,2024-11-04,Multi Leg floor trade,Aerospace,Aerospace - Defense,154.62,156.72,152.46,155.07,242,4.992796442722197,1,0,0,0,1
BA,Aerospace,Aerospace - Defense,50__3,50,3.0,5. p99_trade_value,57000.0,210960.0,O:BA241115C00160000,BA,C,160.0,2024-11-15,209,0,313,2.8,1730817361548000000,375,105000.0,2024-11-05,Automatic Execution,Aerospace,Aerospace - Defense,157.47,157.66,150.65,151.0,208,5.021189299069938,1,0,0,0,1
BA,Aerospace,Aerospace - Defense,50__3,50,3.0,5. p99_trade_value,57000.0,210960.0,O:BA241122C00155000,BA,C,155.0,2024-11-22,209,0,313,2.55,1730916492485000000,248,63240.0,2024-11-06,Automatic Execution,Aerospace,Aerospace - Defense,152.3,153.2,144.13,147.16,554,4.800991861260171,1,0,0,0,1
BA,Aerospace,Aerospace - Defense,50__3,50,3.0,5. p99_trade_value,57000.0,210960.0,O:BA241122C00155000,BA,C,155.0,2024-11-22,227,0,323,2.84,1731005883663000000,450,127800.0,2024-11-07,Single Leg Auction Non ISO,Aerospace,Aerospace - Defense,148.8,152.8,148.03,150.98,161,5.106530853822381,1,0,0,0,1
BA,Aerospace,Aerospace - Defense,50__3,50,3.0,5. p99_trade_value,57000.0,210960.0,O:BA241129C00160000,BA,C,160.0,2024-11-29,227,0,304,2.4,1730995313653000000,722,173280.0,2024-11-07,Single Leg Auction Non ISO,Aerospace,Aerospace - Defense,148.8,152.8,148.03,150.98,96,5.238748439281245,1,0,0,0,1
BA,Aerospace,Aerospace - Defense,50__3,50,3.0,5. p99_trade_value,57000.0,210960.0,O:BA241129C00160000,BA,C,160.0,2024-11-29,227,0,304,2.4,1730995313653000000,275,66000.0,2024-11-07,Single Leg Auction Non ISO,Aerospace,Aerospace - Defense,148.8,152.8,148.03,150.98,508,4.819543935541868,1,0,0,0,1
BA,Aerospace,Aerospace - Defense,50__3,50,3.0,5. p99_trade_value,57000.0,210960.0,O:BA241115P00149000,BA,P,149.0,2024-11-15,232,0,308,2.25,1731080667122000000,387,87075.0,2024-11-08,Multi Leg auto-electronic trade,Aerospace,Aerospace - Defense,151.12,152.6,149.43,151.68,318,4.939893483130274,1,1,1,1,0
BA,Aerospace,Aerospace - Defense,50__3,50,3.0,5. p99_trade_value,57000.0,210960.0,O:BA241129C00150000,BA,C,150.0,2024-11-29,209,0,303,2.85,1731438767631000000,250,71250.0,2024-11-12,Automatic Execution,Aerospace,Aerospace - Defense,148.4,148.5,143.85,145.17,457,4.852784868680548,1,1,1,1,0
BA,Aerospace,Aerospace - Defense,50__3,50,3.0,5. p99_trade_value,57000.0,210960.0,O:BA241115P00139000,BA,P,139.0,2024-11-15,233,0,302,1.12,1731526765342000000,540,60480.00000000001,2024-11-13,Multi Leg Auction,Aerospace,Aerospace - Defense,145.58,145.58,139.1,139.97,596,4.78161178249315,1,1,1,0,0
BA,Aerospace,Aerospace - Defense,50__3,50,3.0,5. p99_trade_value,57000.0,210960.0,O:BA241122C00145000,BA,C,145.0,2024-11-22,209,0,313,1.14,1731695300869000000,775,88349.99999999999,2024-11-15,Automatic Execution,Aerospace,Aerospace - Defense,138.14,140.3247,137.03,140.19,310,4.946206553842782,1,1,1,1,0
BA,Aerospace,Aerospace - Defense,50__3,50,3.0,5. p99_trade_value,57000.0,210960.0,O:BA241122P00135000,BA,P,135.0,2024-11-22,219,0,304,1.9,1731681120255000000,809,153710.0,2024-11-15,Intermarket Sweep Order,Aerospace,Aerospace - Defense,138.14,140.3247,137.03,140.19,119,5.1867021225651015,1,0,0,0,1
BA,Aerospace,Aerospace - Defense,50__3,50,3.0,5. p99_trade_value,57000.0,210960.0,O:BA241122C00146000,BA,C,146.0,2024-11-22,209,0,304,1.79,1731952732373000000,403,72137.0,2024-11-18,Automatic Execution,Aerospace,Aerospace - Defense,140.255,144.69,138.2,143.87,447,4.8581580771210024,1,1,1,1,0
BA,Aerospace,Aerospace - Defense,50__3,50,3.0,5. p99_trade_value,57000.0,210960.0,O:BA241122C00146000,BA,C,146.0,2024-11-22,209,0,304,1.53,1731952068500000000,500,76500.0,2024-11-18,Automatic Execution,Aerospace,Aerospace - Defense,140.255,144.69,138.2,143.87,406,4.883661435153617,1,1,1,1,0
BA,Aerospace,Aerospace - Defense,50__3,50,3.0,5. p99_trade_value,57000.0,210960.0,O:BA241122C00146000,BA,C,146.0,2024-11-22,209,0,313,1.62,1731951899066000000,499,80838.00000000001,2024-11-18,Automatic Execution,Aerospace,Aerospace - Defense,140.255,144.69,138.2,143.87,365,4.907615560166021,1,1,1,1,0
BA,Aerospace,Aerospace - Defense,50__3,50,3.0,5. p99_trade_value,57000.0,210960.0,O:BA241122C00146000,BA,C,146.0,2024-11-22,209,0,307,1.78,1732049491038000000,500,89000.0,2024-11-19,Automatic Execution,Aerospace,Aerospace - Defense,143.0,145.99,142.6901,145.6,303,4.949390006644912,1,1,1,1,0
BA,Aerospace,Aerospace - Defense,50__3,50,3.0,5. p99_trade_value,57000.0,210960.0,O:BA241122C00146000,BA,C,146.0,2024-11-22,209,0,307,1.8,1732049548444000000,499,89820.0,2024-11-19,Automatic Execution,Aerospace,Aerospace - Defense,143.0,145.99,142.6901,145.6,297,4.953373050726696,1,1,1,1,0
BA,Aerospace,Aerospace - Defense,50__3,50,3.0,5. p99_trade_value,57000.0,210960.0,O:BA241122C00146000,BA,C,146.0,2024-11-22,227,0,323,1.78,1732049809614000000,436,77608.0,2024-11-19,Single Leg Auction Non ISO,Aerospace,Aerospace - Defense,143.0,145.99,142.6901,145.6,390,4.88990649157748,1,1,1,1,0
BA,Aerospace,Aerospace - Defense,50__3,50,3.0,5. p99_trade_value,57000.0,210960.0,O:BA241122C00146000,BA,C,146.0,2024-11-22,209,0,313,1.79,1732049684979000000,343,61397.0,2024-11-19,Automatic Execution,Aerospace,Aerospace - Defense,143.0,145.99,142.6901,145.6,583,4.788147151022664,1,1,1,1,0
BA,Aerospace,Aerospace - Defense,50__3,50,3.0,5. p99_trade_value,57000.0,210960.0,O:BA241206P00140000,BA,P,140.0,2024-12-06,209,0,316,2.09,1732046858223000000,309,64580.99999999999,2024-11-19,Automatic Execution,Aerospace,Aerospace - Defense,143.0,145.99,142.6901,145.6,529,4.810104765535889,1,0,0,0,1
BA,Aerospace,Aerospace - Defense,50__3,50,3.0,5. p99_trade_value,57000.0,210960.0,O:BA241206C00160000,BA,C,160.0,2024-12-06,209,0,313,0.68,1732127319655000000,1249,84932.0,2024-11-20,Automatic Execution,Aerospace,Aerospace - Defense,146.04,147.3,145.0201,146.08,331,4.929071351080371,1,1,0,0,0
BA,Aerospace,Aerospace - Defense,50__3,50,3.0,5. p99_trade_value,57000.0,210960.0,O:BA241220C00150000,BA,C,150.0,2024-12-20,231,0,301,4.75,1732114839866000000,150,71250.0,2024-11-20,Single Leg Floor Trade,Aerospace,Aerospace - Defense,146.04,147.3,145.0201,146.08,456,4.852784868680548,1,1,1,1,0
BA,Aerospace,Aerospace - Defense,50__3,50,3.0,5. p99_trade_value,57000.0,210960.0,O:BA241220C00160000,BA,C,160.0,2024-12-20,209,0,313,2.0,1732299170644000000,500,100000.0,2024-11-22,Automatic Execution,Aerospace,Aerospace - Defense,143.61,150.339,143.49,149.29,228,5.0,1,1,1,1,0
BA,Aerospace,Aerospace - Defense,50__3,50,3.0,5. p99_trade_value,57000.0,210960.0,O:BA241220C00160000,BA,C,160.0,2024-12-20,209,0,313,2.0,1732299169067000000,499,99800.0,2024-11-22,Automatic Execution,Aerospace,Aerospace - Defense,143.61,150.339,143.49,149.29,231,4.999130541287371,1,1,1,1,0
BA,Aerospace,Aerospace - Defense,50__3,50,3.0,5. p99_trade_value,57000.0,210960.0,O:BA241220C00165000,BA,C,165.0,2024-12-20,227,0,323,1.64,1732553264230000000,999,163836.0,2024-11-25,Single Leg Auction Non ISO,Aerospace,Aerospace - Defense,150.7,153.28,150.26,153.1,101,5.21440933627368,1,1,1,1,0
BA,Aerospace,Aerospace - Defense,50__3,50,3.0,5. p99_trade_value,57000.0,210960.0,O:BA241220C00165000,BA,C,165.0,2024-12-20,227,0,323,1.47,1732549557229000000,501,73647.0,2024-11-25,Single Leg Auction Non ISO,Aerospace,Aerospace - Defense,150.7,153.28,150.26,153.1,428,4.8671550606154215,1,1,1,1,0
BA,Aerospace,Aerospace - Defense,50__3,50,3.0,5. p99_trade_value,57000.0,210960.0,O:BA241220C00165000,BA,C,165.0,2024-12-20,227,0,323,1.47,1732549557229000000,499,73353.0,2024-11-25,Single Leg Auction Non ISO,Aerospace,Aerospace - Defense,150.7,153.28,150.26,153.1,433,4.865417880371566,1,1,1,1,0
BA,Aerospace,Aerospace - Defense,50__3,50,3.0,5. p99_trade_value,57000.0,210960.0,O:BA241220P00135000,BA,P,135.0,2024-12-20,232,0,323,0.69,1732547185978000000,1584,109295.99999999999,2024-11-25,Multi Leg auto-electronic trade,Aerospace,Aerospace - Defense,150.7,153.28,150.26,153.1,198,5.03860426799073,1,0,0,0,1
BA,Aerospace,Aerospace - Defense,50__3,50,3.0,5. p99_trade_value,57000.0,210960.0,O:BA241220P00143000,BA,P,143.0,2024-12-20,232,0,323,2.06,1732547185978000000,792,163152.0,2024-11-25,Multi Leg auto-electronic trade,Aerospace,Aerospace - Defense,150.7,153.28,150.26,153.1,103,5.212592401958647,1,0,0,0,1
BA,Aerospace,Aerospace - Defense,50__3,50,3.0,5. p99_trade_value,57000.0,210960.0,O:BA241220P00145000,BA,P,145.0,2024-12-20,232,0,304,2.3,1732554653757000000,686,157780.0,2024-11-25,Multi Leg auto-electronic trade,Aerospace,Aerospace - Defense,150.7,153.28,150.26,153.1,111,5.198051951724344,1,0,0,0,1
BA,Aerospace,Aerospace - Defense,50__3,50,3.0,5. p99_trade_value,57000.0,210960.0,O:BA241213C00160000,BA,C,160.0,2024-12-13,227,0,323,2.58,1732897754298000000,300,77400.0,2024-11-29,Single Leg Auction Non ISO,Aerospace,Aerospace - Defense,153.0,157.5025,152.85,155.44,396,4.888740960682893,1,1,1,1,0
BA,Aerospace,Aerospace - Defense,50__3,50,3.0,5. p99_trade_value,57000.0,210960.0,O:BA241220P00135000,BA,P,135.0,2024-12-20,209,0,301,0.27,1732895500119000000,2371,64017.00000000001,2024-11-29,Automatic Execution,Aerospace,Aerospace - Defense,153.0,157.5025,152.85,155.44,534,4.806295318137176,1,0,0,0,1
BA,Aerospace,Aerospace - Defense,50__3,50,3.0,5. p99_trade_value,57000.0,210960.0,O:BA241227C00160000,BA,C,160.0,2024-12-27,233,0,302,3.7,1732899798115000000,243,89910.0,2024-11-29,Multi Leg Auction,Aerospace,Aerospace - Defense,153.0,157.5025,152.85,155.44,296,4.953807997665307,1,1,1,1,0
BA,Aerospace,Aerospace - Defense,50__3,50,3.0,5. p99_trade_value,57000.0,210960.0,O:BA241220P00155000,BA,P,155.0,2024-12-20,209,0,307,3.45,1733164853898000000,173,59685.0,2024-12-02,Automatic Execution,Aerospace,Aerospace - Defense,155.91,160.35,155.7,156.54,619,4.7758651982020695,1,1,0,0,0
BA,Aerospace,Aerospace - Defense,50__3,50,3.0,5. p99_trade_value,57000.0,210960.0,O:BA241220P00155000,BA,P,155.0,2024-12-20,209,0,307,3.45,1733164825728000000,288,99360.0,2024-12-02,Automatic Execution,Aerospace,Aerospace - Defense,155.91,160.35,155.7,156.54,236,4.997211582832505,1,1,0,0,0
BA,Aerospace,Aerospace - Defense,50__3,50,3.0,5. p99_trade_value,57000.0,210960.0,O:BA241206C00160000,BA,C,160.0,2024-12-06,209,0,303,0.97,1733245354800000000,875,84875.0,2024-12-03,Automatic Execution,Aerospace,Aerospace - Defense,156.0,156.6486,154.42,155.0,332,4.928779787288558,1,1,0,0,0
BA,Aerospace,Aerospace - Defense,50__3,50,3.0,5. p99_trade_value,57000.0,210960.0,O:BA241206P00152500,BA,P,152.5,2024-12-06,227,0,323,1.23,1733236632774000000,468,57564.0,2024-12-03,Single Leg Auction Non ISO,Aerospace,Aerospace - Defense,156.0,156.6486,154.42,155.0,662,4.760150964513522,1,0,0,0,1
BA,Aerospace,Aerospace - Defense,50__3,50,3.0,5. p99_trade_value,57000.0,210960.0,O:BA241213C00157500,BA,C,157.5,2024-12-13,209,0,313,3.15,1733254997392000000,205,64575.0,2024-12-03,Automatic Execution,Aerospace,Aerospace - Defense,156.0,156.6486,154.42,155.0,530,4.810064414845355,1,1,1,1,0
BA,Aerospace,Aerospace - Defense,50__3,50,3.0,5. p99_trade_value,57000.0,210960.0,O:BA241213C00157500,BA,C,157.5,2024-12-13,209,0,313,3.15,1733254657718000000,295,92925.0,2024-12-03,Automatic Execution,Aerospace,Aerospace - Defense,156.0,156.6486,154.42,155.0,276,4.968132569767763,1,1,1,1,0
BA,Aerospace,Aerospace - Defense,50__3,50,3.0,5. p99_trade_value,57000.0,210960.0,O:BA241220P00150000,BA,P,150.0,2024-12-20,209,0,316,2.24,1733325755184000000,292,65408.00000000001,2024-12-04,Automatic Execution,Aerospace,Aerospace - Defense,155.88,160.2,154.21,158.28,516,4.815630869782581,1,0,0,0,1
BA,Aerospace,Aerospace - Defense,50__3,50,3.0,5. p99_trade_value,57000.0,210960.0,O:BA241220C00175000,BA,C,175.0,2024-12-20,209,0,302,0.5,1733496316249000000,1250,62500.0,2024-12-06,Automatic Execution,Aerospace,Aerospace - Defense,157.03,158.9533,153.37,153.93,565,4.795880017344075,1,1,1,1,0
BA,Aerospace,Aerospace - Defense,50__3,50,3.0,4. p999_trade_value,211650.0,771344.0,O:BA241220C00165000,BA,C,165.0,2024-12-20,233,0,304,2.25,1733769824194000000,1499,337275.0,2024-12-09,Multi Leg Auction,Aerospace,Aerospace - Defense,154.27,161.95,154.27,157.04,33,5.527984150959642,1,1,1,1,0
BA,Aerospace,Aerospace - Defense,50__3,50,3.0,4. p999_trade_value,211650.0,771344.0,O:BA241220C00165000,BA,C,165.0,2024-12-20,229,0,313,2.53,1733763614559000000,2500,632499.9999999999,2024-12-09,Single Leg Cross Non ISO,Aerospace,Aerospace - Defense,154.27,161.95,154.27,157.04,11,5.801060529847855,1,1,1,1,0
BA,Aerospace,Aerospace - Defense,50__3,50,3.0,5. p99_trade_value,57000.0,210960.0,O:BA241213C00170000,BA,C,170.0,2024-12-13,209,0,307,1.21,1733845507306000000,496,60016.0,2024-12-10,Automatic Execution,Aerospace,Aerospace - Defense,160.0,166.68,159.42,164.1,606,4.778267046806648,1,1,1,0,0
BA,Aerospace,Aerospace - Defense,50__3,50,3.0,5. p99_trade_value,57000.0,210960.0,O:BA241213C00170000,BA,C,170.0,2024-12-13,209,0,303,1.28,1733847155791000000,499,63872.0,2024-12-10,Automatic Execution,Aerospace,Aerospace - Defense,160.0,166.68,159.42,164.1,543,4.805310515271258,1,1,1,0,0
BA,Aerospace,Aerospace - Defense,50__3,50,3.0,5. p99_trade_value,57000.0,210960.0,O:BA241213C00170000,BA,C,170.0,2024-12-13,209,0,316,0.83,1733844589071000000,1199,99517.0,2024-12-10,Automatic Execution,Aerospace,Aerospace - Defense,160.0,166.68,159.42,164.1,234,4.997897275474923,1,1,1,0,0
BA,Aerospace,Aerospace - Defense,50__3,50,3.0,5. p99_trade_value,57000.0,210960.0,O:BA241213C00170000,BA,C,170.0,2024-12-13,209,0,320,1.3,1733845522948000000,499,64870.00000000001,2024-12-10,Automatic Execution,Aerospace,Aerospace - Defense,160.0,166.68,159.42,164.1,522,4.812043897930227,1,1,1,0,0
BA,Aerospace,Aerospace - Defense,50__3,50,3.0,5. p99_trade_value,57000.0,210960.0,O:BA241220C00170000,BA,C,170.0,2024-12-20,209,0,301,2.6,1733847122388000000,260,67600.0,2024-12-10,Automatic Execution,Aerospace,Aerospace - Defense,160.0,166.68,159.42,164.1,487,4.8299466959416355,1,1,1,1,0
BA,Aerospace,Aerospace - Defense,50__3,50,3.0,5. p99_trade_value,57000.0,210960.0,O:BA241220C00180000,BA,C,180.0,2024-12-20,209,0,315,0.65,1733858990013000000,980,63700.0,2024-12-10,Automatic Execution,Aerospace,Aerospace - Defense,160.0,166.68,159.42,164.1,548,4.804139432335351,1,1,1,0,0
BA,Aerospace,Aerospace - Defense,50__3,50,3.0,5. p99_trade_value,57000.0,210960.0,O:BA241213C00170000,BA,C,170.0,2024-12-13,209,0,323,1.29,1733927468743000000,1417,182793.0,2024-12-11,Automatic Execution,Aerospace,Aerospace - Defense,165.52,169.3,164.381,165.96,83,5.2619595605467095,1,1,1,0,0
BA,Aerospace,Aerospace - Defense,50__3,50,3.0,5. p99_trade_value,57000.0,210960.0,O:BA241213C00172500,BA,C,172.5,2024-12-13,209,0,315,1.0,1733928224897000000,756,75600.0,2024-12-11,Automatic Execution,Aerospace,Aerospace - Defense,165.52,169.3,164.381,165.96,417,4.878521795501206,1,0,0,0,1
BA,Aerospace,Aerospace - Defense,50__3,50,3.0,5. p99_trade_value,57000.0,210960.0,O:BA241220C00170000,BA,C,170.0,2024-12-20,209,0,303,3.3,1733927691993000000,200,66000.0,2024-12-11,Automatic Execution,Aerospace,Aerospace - Defense,165.52,169.3,164.381,165.96,507,4.819543935541868,1,1,1,1,0
BA,Aerospace,Aerospace - Defense,50__3,50,3.0,5. p99_trade_value,57000.0,210960.0,O:BA241220C00180000,BA,C,180.0,2024-12-20,231,0,301,0.78,1733930219513000000,1300,101400.0,2024-12-11,Single Leg Floor Trade,Aerospace,Aerospace - Defense,165.52,169.3,164.381,165.96,221,5.006037954997317,1,1,1,0,0
BA,Aerospace,Aerospace - Defense,50__3,50,3.0,4. p999_trade_value,211650.0,771344.0,O:BA241220C00170000,BA,C,170.0,2024-12-20,232,0,303,2.16,1734014111328000000,1250,270000.0,2024-12-12,Multi Leg auto-electronic trade,Aerospace,Aerospace - Defense,168.23,168.82,165.6501,167.75,44,5.431363764158987,1,1,1,1,0
BA,Aerospace,Aerospace - Defense,50__3,50,3.0,5. p99_trade_value,57000.0,210960.0,O:BA241227C00170000,BA,C,170.0,2024-12-27,209,0,319,3.4,1734014026836000000,298,101320.0,2024-12-12,Automatic Execution,Aerospace,Aerospace - Defense,168.23,168.82,165.6501,167.75,222,5.005695181118511,1,1,1,1,0
BA,Aerospace,Aerospace - Defense,50__3,50,3.0,5. p99_trade_value,57000.0,210960.0,O:BA241227C00170000,BA,C,170.0,2024-12-27,209,0,304,3.45,1734016106604000000,181,62445.00000000001,2024-12-12,Automatic Execution,Aerospace,Aerospace - Defense,168.23,168.82,165.6501,167.75,568,4.795497669942459,1,1,1,1,0
BA,Aerospace,Aerospace - Defense,50__3,50,3.0,5. p99_trade_value,57000.0,210960.0,O:BA241227C00170000,BA,C,170.0,2024-12-27,209,0,304,4.35,1734020997636000000,198,86130.0,2024-12-12,Automatic Execution,Aerospace,Aerospace - Defense,168.23,168.82,165.6501,167.75,326,4.935154447216169,1,1,1,1,0
BA,Aerospace,Aerospace - Defense,50__3,50,3.0,5. p99_trade_value,57000.0,210960.0,O:BA250103C00190000,BA,C,190.0,2025-01-03,232,0,323,1.0,1734381045654000000,599,59900.0,2024-12-16,Multi Leg auto-electronic trade,Aerospace,Aerospace - Defense,168.09,175.2,166.1,173.17,614,4.7774268223893115,1,0,0,0,1
BA,Aerospace,Aerospace - Defense,50__3,50,3.0,5. p99_trade_value,57000.0,210960.0,O:BA250103P00160000,BA,P,160.0,2025-01-03,232,0,323,1.09,1734381045654000000,599,65291.00000000001,2024-12-16,Multi Leg auto-electronic trade,Aerospace,Aerospace - Defense,168.09,175.2,166.1,173.17,518,4.814853320329935,1,0,0,0,1
BA,Aerospace,Aerospace - Defense,50__3,50,3.0,5. p99_trade_value,57000.0,210960.0,O:BA241220C00180000,BA,C,180.0,2024-12-20,227,0,312,1.1,1734546693527000000,1286,141460.0,2024-12-18,Single Leg Auction Non ISO,Aerospace,Aerospace - Defense,173.28,177.94,171.002,172.62,140,5.150633653746429,1,1,1,0,0
BA,Aerospace,Aerospace - Defense,50__3,50,3.0,5. p99_trade_value,57000.0,210960.0,O:BA241227C00180000,BA,C,180.0,2024-12-27,209,0,315,3.0,1734539974256000000,300,90000.0,2024-12-18,Automatic Execution,Aerospace,Aerospace - Defense,173.28,177.94,171.002,172.62,294,4.954242509439325,1,1,1,1,0
BA,Aerospace,Aerospace - Defense,50__3,50,3.0,5. p99_trade_value,57000.0,210960.0,O:BA250110C00180000,BA,C,180.0,2025-01-10,209,0,313,4.4,1734549526243000000,273,120120.0,2024-12-18,Automatic Execution,Aerospace,Aerospace - Defense,173.28,177.94,171.002,172.62,174,5.0796153235269434,1,1,0,0,0
BA,Aerospace,Aerospace - Defense,50__3,50,3.0,5. p99_trade_value,57000.0,210960.0,O:BA250117C00180000,BA,C,180.0,2025-01-17,232,0,304,6.51,1734542380116000000,187,121736.99999999999,2024-12-18,Multi Leg auto-electronic trade,Aerospace,Aerospace - Defense,173.28,177.94,171.002,172.62,170,5.085422595104691,1,1,0,0,0
BA,Aerospace,Aerospace - Defense,50__3,50,3.0,5. p99_trade_value,57000.0,210960.0,O:BA250117C00180000,BA,C,180.0,2025-01-17,209,0,304,4.9,1734552988579000000,150,73500.0,2024-12-18,Automatic Execution,Aerospace,Aerospace - Defense,173.28,177.94,171.002,172.62,432,4.866287339084195,1,1,0,0,0
BA,Aerospace,Aerospace - Defense,50__3,50,3.0,5. p99_trade_value,57000.0,210960.0,O:BA250117C00180000,BA,C,180.0,2025-01-17,209,0,307,5.4,1734551209875000000,125,67500.0,2024-12-18,Automatic Execution,Aerospace,Aerospace - Defense,173.28,177.94,171.002,172.62,489,4.829303772831025,1,1,0,0,0
BA,Aerospace,Aerospace - Defense,50__3,50,3.0,5. p99_trade_value,57000.0,210960.0,O:BA250117C00180000,BA,C,180.0,2025-01-17,232,0,308,6.52,1734542380115000000,234,152567.99999999997,2024-12-18,Multi Leg auto-electronic trade,Aerospace,Aerospace - Defense,173.28,177.94,171.002,172.62,121,5.183463453142063,1,1,0,0,0
BA,Aerospace,Aerospace - Defense,50__3,50,3.0,5. p99_trade_value,57000.0,210960.0,O:BA250117C00180000,BA,C,180.0,2025-01-17,232,0,308,4.88,1734555025812000000,200,97600.0,2024-12-18,Multi Leg auto-electronic trade,Aerospace,Aerospace - Defense,173.28,177.94,171.002,172.62,249,4.989449817666692,1,1,0,0,0
BA,Aerospace,Aerospace - Defense,50__3,50,3.0,5. p99_trade_value,57000.0,210960.0,O:BA250117C00180000,BA,C,180.0,2025-01-17,232,0,302,6.51,1734542380116000000,140,91140.0,2024-12-18,Multi Leg auto-electronic trade,Aerospace,Aerospace - Defense,173.28,177.94,171.002,172.62,285,4.95970902424643,1,1,0,0,0
BA,Aerospace,Aerospace - Defense,50__3,50,3.0,5. p99_trade_value,57000.0,210960.0,O:BA250117C00180000,BA,C,180.0,2025-01-17,209,0,304,5.5,1734551200683000000,200,110000.0,2024-12-18,Automatic Execution,Aerospace,Aerospace - Defense,173.28,177.94,171.002,172.62,194,5.041392685158225,1,1,0,0,0
BA,Aerospace,Aerospace - Defense,50__3,50,3.0,5. p99_trade_value,57000.0,210960.0,O:BA250117C00180000,BA,C,180.0,2025-01-17,227,0,312,6.26,1734545340729000000,123,76998.0,2024-12-18,Single Leg Auction Non ISO,Aerospace,Aerospace - Defense,173.28,177.94,171.002,172.62,399,4.886479444649828,1,1,0,0,0
BA,Aerospace,Aerospace - Defense,50__3,50,3.0,5. p99_trade_value,57000.0,210960.0,O:BA250117C00180000,BA,C,180.0,2025-01-17,227,0,323,6.17,1734545509034000000,124,76508.0,2024-12-18,Single Leg Auction Non ISO,Aerospace,Aerospace - Defense,173.28,177.94,171.002,172.62,404,4.883706849195477,1,1,0,0,0
BA,Aerospace,Aerospace - Defense,50__3,50,3.0,5. p99_trade_value,57000.0,210960.0,O:BA250117C00180000,BA,C,180.0,2025-01-17,227,0,312,6.22,1734546726064000000,122,75883.99999999999,2024-12-18,Single Leg Auction Non ISO,Aerospace,Aerospace - Defense,173.28,177.94,171.002,172.62,414,4.880150215365567,1,1,0,0,0
BA,Aerospace,Aerospace - Defense,50__3,50,3.0,5. p99_trade_value,57000.0,210960.0,O:BA250117C00180000,BA,C,180.0,2025-01-17,232,0,304,6.16,1734545731807000000,249,153384.0,2024-12-18,Multi Leg auto-electronic trade,Aerospace,Aerospace - Defense,173.28,177.94,171.002,172.62,120,5.1857800592601615,1,1,0,0,0
BA,Aerospace,Aerospace - Defense,50__3,50,3.0,5. p99_trade_value,57000.0,210960.0,O:BA250117C00180000,BA,C,180.0,2025-01-17,209,0,319,6.2,1734546921581000000,200,124000.0,2024-12-18,Automatic Execution,Aerospace,Aerospace - Defense,173.28,177.94,171.002,172.62,168,5.093421685162235,1,1,0,0,0
BA,Aerospace,Aerospace - Defense,50__3,50,3.0,5. p99_trade_value,57000.0,210960.0,O:BA250117C00185000,BA,C,185.0,2025-01-17,239,0,302,3.73,1734551521708000000,350,130550.0,2024-12-18,Multi Leg floor trade against single leg(s),Aerospace,Aerospace - Defense,173.28,177.94,171.002,172.62,156,5.1157768761589635,1,0,0,0,1
BA,Aerospace,Aerospace - Defense,50__3,50,3.0,5. p99_trade_value,57000.0,210960.0,O:BA250117C00185000,BA,C,185.0,2025-01-17,232,0,304,4.25,1734545731807000000,249,105825.0,2024-12-18,Multi Leg auto-electronic trade,Aerospace,Aerospace - Defense,173.28,177.94,171.002,172.62,207,5.024588277146048,1,0,0,0,1
BA,Aerospace,Aerospace - Defense,50__3,50,3.0,5. p99_trade_value,57000.0,210960.0,O:BA250117C00185000,BA,C,185.0,2025-01-17,232,0,308,3.32,1734555025812000000,200,66400.0,2024-12-18,Multi Leg auto-electronic trade,Aerospace,Aerospace - Defense,173.28,177.94,171.002,172.62,504,4.8221680793680175,1,0,0,0,1
BA,Aerospace,Aerospace - Defense,50__3,50,3.0,5. p99_trade_value,57000.0,210960.0,O:BA250117P00170000,BA,P,170.0,2025-01-17,227,0,323,4.42,1734535333461000000,240,106080.0,2024-12-18,Single Leg Auction Non ISO,Aerospace,Aerospace - Defense,173.28,177.94,171.002,172.62,206,5.025633511060698,1,1,1,0,0
BA,Aerospace,Aerospace - Defense,50__3,50,3.0,5. p99_trade_value,57000.0,210960.0,O:BA250117P00170000,BA,P,170.0,2025-01-17,231,0,301,4.5,1734535430075000000,360,162000.0,2024-12-18,Single Leg Floor Trade,Aerospace,Aerospace - Defense,173.28,177.94,171.002,172.62,106,5.209515014542631,1,1,1,0,0
BA,Aerospace,Aerospace - Defense,50__3,50,3.0,5. p99_trade_value,57000.0,210960.0,O:BA241220C00180000,BA,C,180.0,2024-12-20,227,0,323,1.35,1734634019541000000,600,81000.0,2024-12-19,Single Leg Auction Non ISO,Aerospace,Aerospace - Defense,175.0,179.5788,173.72,177.04,364,4.9084850188786495,1,1,1,0,0
BA,Aerospace,Aerospace - Defense,50__3,50,3.0,5. p99_trade_value,57000.0,210960.0,O:BA241220C00180000,BA,C,180.0,2024-12-20,209,0,313,1.0,1734636072136000000,598,59800.0,2024-12-19,Automatic Execution,Aerospace,Aerospace - Defense,175.0,179.5788,173.72,177.04,617,4.776701183988411,1,1,1,0,0
BA,Aerospace,Aerospace - Defense,50__3,50,3.0,5. p99_trade_value,57000.0,210960.0,O:BA241220C00180000,BA,C,180.0,2024-12-20,209,0,313,1.2,1734623907007000000,486,58319.99999999999,2024-12-19,Automatic Execution,Aerospace,Aerospace - Defense,175.0,179.5788,173.72,177.04,644,4.7658175153099185,1,1,1,0,0
BA,Aerospace,Aerospace - Defense,50__3,50,3.0,5. p99_trade_value,57000.0,210960.0,O:BA241227C00180000,BA,C,180.0,2024-12-27,209,0,315,2.81,1734629414804000000,500,140500.0,2024-12-19,Automatic Execution,Aerospace,Aerospace - Defense,175.0,179.5788,173.72,177.04,141,5.1476763242410986,1,1,1,1,0
BA,Aerospace,Aerospace - Defense,50__3,50,3.0,5. p99_trade_value,57000.0,210960.0,O:BA241227C00180000,BA,C,180.0,2024-12-27,209,0,325,3.0,1734625467297000000,300,90000.0,2024-12-19,Automatic Execution,Aerospace,Aerospace - Defense,175.0,179.5788,173.72,177.04,295,4.954242509439325,1,1,1,1,0
BA,Aerospace,Aerospace - Defense,50__3,50,3.0,5. p99_trade_value,57000.0,210960.0,O:BA241227C00180000,BA,C,180.0,2024-12-27,209,0,315,2.81,1734629414804000000,300,84300.0,2024-12-19,Automatic Execution,Aerospace,Aerospace - Defense,175.0,179.5788,173.72,177.04,334,4.925827574624742,1,1,1,1,0
BA,Aerospace,Aerospace - Defense,50__3,50,3.0,5. p99_trade_value,57000.0,210960.0,O:BA250110C00180000,BA,C,180.0,2025-01-10,209,0,316,5.9,1734633234127000000,133,78470.0,2024-12-19,Automatic Execution,Aerospace,Aerospace - Defense,175.0,179.5788,173.72,177.04,386,4.89470365260923,1,1,0,0,0
BA,Aerospace,Aerospace - Defense,50__3,50,3.0,5. p99_trade_value,57000.0,210960.0,O:BA250110C00180000,BA,C,180.0,2025-01-10,227,0,323,6.07,1734623915565000000,100,60700.0,2024-12-19,Single Leg Auction Non ISO,Aerospace,Aerospace - Defense,175.0,179.5788,173.72,177.04,594,4.7831886910752575,1,1,0,0,0
BA,Aerospace,Aerospace - Defense,50__3,50,3.0,5. p99_trade_value,57000.0,210960.0,O:BA250117C00180000,BA,C,180.0,2025-01-17,231,0,301,6.65,1734631857176000000,200,133000.0,2024-12-19,Single Leg Floor Trade,Aerospace,Aerospace - Defense,175.0,179.5788,173.72,177.04,154,5.123851640967086,1,1,0,0,0
BA,Aerospace,Aerospace - Defense,50__3,50,3.0,5. p99_trade_value,57000.0,210960.0,O:BA250117C00180000,BA,C,180.0,2025-01-17,209,0,304,6.0,1734622993384000000,261,156600.0,2024-12-19,Automatic Execution,Aerospace,Aerospace - Defense,175.0,179.5788,173.72,177.04,113,5.194791757721925,1,1,0,0,0
BA,Aerospace,Aerospace - Defense,50__3,50,3.0,5. p99_trade_value,57000.0,210960.0,O:BA250117C00180000,BA,C,180.0,2025-01-17,232,0,308,6.9,1734638811318000000,149,102810.00000000001,2024-12-19,Multi Leg auto-electronic trade,Aerospace,Aerospace - Defense,175.0,179.5788,173.72,177.04,217,5.01203535914953,1,1,0,0,0
BA,Aerospace,Aerospace - Defense,50__3,50,3.0,5. p99_trade_value,57000.0,210960.0,O:BA250117C00180000,BA,C,180.0,2025-01-17,232,0,323,6.89,1734638811318000000,149,102660.99999999999,2024-12-19,Multi Leg auto-electronic trade,Aerospace,Aerospace - Defense,175.0,179.5788,173.72,177.04,218,5.0114054903199,1,1,0,0,0
BA,Aerospace,Aerospace - Defense,50__3,50,3.0,5. p99_trade_value,57000.0,210960.0,O:BA250117C00180000,BA,C,180.0,2025-01-17,227,0,323,5.31,1734621043359000000,134,71154.0,2024-12-19,Single Leg Auction Non ISO,Aerospace,Aerospace - Defense,175.0,179.5788,173.72,177.04,459,4.852199319446277,1,1,0,0,0
BA,Aerospace,Aerospace - Defense,50__3,50,3.0,5. p99_trade_value,57000.0,210960.0,O:BA250117C00180000,BA,C,180.0,2025-01-17,233,0,302,7.77,1734635397737000000,75,58275.0,2024-12-19,Multi Leg Auction,Aerospace,Aerospace - Defense,175.0,179.5788,173.72,177.04,645,4.765482282192615,1,1,0,0,0
BA,Aerospace,Aerospace - Defense,50__3,50,3.0,5. p99_trade_value,57000.0,210960.0,O:BA250117C00185000,BA,C,185.0,2025-01-17,232,0,323,4.91,1734638811318000000,149,73159.0,2024-12-19,Multi Leg auto-electronic trade,Aerospace,Aerospace - Defense,175.0,179.5788,173.72,177.04,435,4.864267760535243,1,0,0,0,1
BA,Aerospace,Aerospace - Defense,50__3,50,3.0,5. p99_trade_value,57000.0,210960.0,O:BA250117C00185000,BA,C,185.0,2025-01-17,232,0,308,4.91,1734638811318000000,149,73159.0,2024-12-19,Multi Leg auto-electronic trade,Aerospace,Aerospace - Defense,175.0,179.5788,173.72,177.04,436,4.864267760535243,1,0,0,0,1
BA,Aerospace,Aerospace - Defense,50__3,50,3.0,5. p99_trade_value,57000.0,210960.0,O:BA250117C00185000,BA,C,185.0,2025-01-17,219,0,313,4.9,1734629420725000000,123,60270.00000000001,2024-12-19,Intermarket Sweep Order,Aerospace,Aerospace - Defense,175.0,179.5788,173.72,177.04,601,4.780101191467912,1,0,0,0,1
BA,Aerospace,Aerospace - Defense,50__3,50,3.0,5. p99_trade_value,57000.0,210960.0,O:BA250117C00210000,BA,C,210.0,2025-01-17,227,0,302,0.58,1734623040643000000,2000,116000.0,2024-12-19,Single Leg Auction Non ISO,Aerospace,Aerospace - Defense,175.0,179.5788,173.72,177.04,180,5.064457989226918,1,0,0,0,1
BA,Aerospace,Aerospace - Defense,50__3,50,3.0,5. p99_trade_value,57000.0,210960.0,O:BA250103P00175000,BA,P,175.0,2025-01-03,232,0,313,3.2,1734709628060000000,187,59840.0,2024-12-20,Multi Leg auto-electronic trade,Aerospace,Aerospace - Defense,176.86,182.0,175.31,177.35,615,4.776991584856405,1,1,1,1,0
BA,Aerospace,Aerospace - Defense,50__3,50,3.0,5. p99_trade_value,57000.0,210960.0,O:BA250117C00190000,BA,C,190.0,2025-01-17,232,0,312,3.83,1734715894499000000,150,57450.0,2024-12-20,Multi Leg auto-electronic trade,Aerospace,Aerospace - Defense,176.86,182.0,175.31,177.35,663,4.759290033024304,1,0,0,0,1
BA,Aerospace,Aerospace - Defense,50__3,50,3.0,4. p999_trade_value,211650.0,771344.0,O:BA250117C00195000,BA,C,195.0,2025-01-17,241,0,323,2.2,1734713316736000000,1000,220000.0,2024-12-20,Stock Options Cross,Aerospace,Aerospace - Defense,176.86,182.0,175.31,177.35,63,5.342422680822207,1,0,0,0,1
BA,Aerospace,Aerospace - Defense,50__3,50,3.0,4. p999_trade_value,211650.0,771344.0,O:BA250117P00175000,BA,P,175.0,2025-01-17,209,0,325,4.95,1734712041978000000,629,311355.0,2024-12-20,Automatic Execution,Aerospace,Aerospace - Defense,176.86,182.0,175.31,177.35,35,5.4932558443788375,1,1,1,1,0
BA,Aerospace,Aerospace - Defense,50__3,50,3.0,5. p99_trade_value,57000.0,210960.0,O:BA250110C00180000,BA,C,180.0,2025-01-10,209,0,303,4.35,1734965040820000000,419,182265.0,2024-12-23,Automatic Execution,Aerospace,Aerospace - Defense,178.12,179.65,174.2901,177.69,85,5.260703279920933,1,1,0,0,0
BA,Aerospace,Aerospace - Defense,50__3,50,3.0,5. p99_trade_value,57000.0,210960.0,O:BA250110C00185000,BA,C,185.0,2025-01-10,209,0,316,2.52,1734986394110000000,247,62244.00000000001,2024-12-23,Automatic Execution,Aerospace,Aerospace - Defense,178.12,179.65,174.2901,177.69,572,4.7940974940412096,1,0,0,0,1
BA,Aerospace,Aerospace - Defense,50__3,50,3.0,5. p99_trade_value,57000.0,210960.0,O:BA250117P00170000,BA,P,170.0,2025-01-17,209,0,325,3.2,1734983977787000000,200,64000.0,2024-12-23,Automatic Execution,Aerospace,Aerospace - Defense,178.12,179.65,174.2901,177.69,538,4.8061799739838875,1,1,1,0,0
BA,Aerospace,Aerospace - Defense,50__3,50,3.0,5. p99_trade_value,57000.0,210960.0,O:BA250117C00187500,BA,C,187.5,2025-01-17,209,0,316,2.79,1735063048703000000,240,66960.0,2024-12-24,Automatic Execution,Aerospace,Aerospace - Defense,177.69,180.95,177.5,179.34,495,4.825815444985204,1,0,0,0,1
BA,Aerospace,Aerospace - Defense,50__3,50,3.0,5. p99_trade_value,57000.0,210960.0,O:BA250117C00190000,BA,C,190.0,2025-01-17,209,0,316,2.57,1735054995788000000,238,61166.0,2024-12-24,Automatic Execution,Aerospace,Aerospace - Defense,177.69,180.95,177.5,179.34,585,4.7865100803878065,1,0,0,0,1
BA,Aerospace,Aerospace - Defense,50__3,50,3.0,5. p99_trade_value,57000.0,210960.0,O:BA250103P00177500,BA,P,177.5,2025-01-03,233,0,302,1.63,1735244510288000000,428,69764.0,2024-12-26,Multi Leg Auction,Aerospace,Aerospace - Defense,178.98,182.57,178.33,180.38,475,4.8436313734171295,1,1,1,1,0
BA,Aerospace,Aerospace - Defense,50__3,50,3.0,5. p99_trade_value,57000.0,210960.0,O:BA250117C00192500,BA,C,192.5,2025-01-17,209,0,316,1.97,1735227103396000000,358,70526.0,2024-12-26,Automatic Execution,Aerospace,Aerospace - Defense,178.98,182.57,178.33,180.38,467,4.848349252805467,1,0,0,0,1
BA,Aerospace,Aerospace - Defense,50__3,50,3.0,5. p99_trade_value,57000.0,210960.0,O:BA250117P00170000,BA,P,170.0,2025-01-17,231,0,323,1.82,1735228863716000000,521,94822.0,2024-12-26,Single Leg Floor Trade,Aerospace,Aerospace - Defense,178.98,182.57,178.33,180.38,263,4.976909111284599,1,1,1,0,0
BA,Aerospace,Aerospace - Defense,50__3,50,3.0,5. p99_trade_value,57000.0,210960.0,O:BA250124C00195000,BA,C,195.0,2025-01-24,209,0,303,2.67,1735231701426000000,249,66483.0,2024-12-26,Automatic Execution,Aerospace,Aerospace - Defense,178.98,182.57,178.33,180.38,502,4.822710608460311,1,0,0,0,1
BA,Aerospace,Aerospace - Defense,50__3,50,3.0,5. p99_trade_value,57000.0,210960.0,O:BA250103P00170000,BA,P,170.0,2025-01-03,209,0,313,3.0,1735569368492000000,199,59700.0,2024-12-30,Automatic Execution,Aerospace,Aerospace - Defense,173.72,178.17,170.15,176.55,618,4.775974331129369,1,1,1,1,0
BA,Aerospace,Aerospace - Defense,50__3,50,3.0,5. p99_trade_value,57000.0,210960.0,O:BA250103P00170000,BA,P,170.0,2025-01-03,209,0,304,0.58,1735579287619000000,1000,58000.0,2024-12-30,Automatic Execution,Aerospace,Aerospace - Defense,173.72,178.17,170.15,176.55,652,4.763427993562937,1,1,1,1,0
BA,Aerospace,Aerospace - Defense,50__3,50,3.0,5. p99_trade_value,57000.0,210960.0,O:BA250110P00170000,BA,P,170.0,2025-01-10,209,0,319,2.95,1735570847378000000,207,61065.00000000001,2024-12-30,Automatic Execution,Aerospace,Aerospace - Defense,173.72,178.17,170.15,176.55,587,4.785792361435081,1,1,1,0,0
BA,Aerospace,Aerospace - Defense,50__3,50,3.0,5. p99_trade_value,57000.0,210960.0,O:BA250117C00180000,BA,C,180.0,2025-01-17,209,0,304,3.4,1735570356805000000,200,68000.0,2024-12-30,Automatic Execution,Aerospace,Aerospace - Defense,173.72,178.17,170.15,176.55,486,4.832508912706237,1,0,0,0,1
BA,Aerospace,Aerospace - Defense,50__3,50,3.0,5. p99_trade_value,57000.0,210960.0,O:BA250117C00180000,BA,C,180.0,2025-01-17,209,0,304,3.4,1735572858857000000,200,68000.0,2024-12-30,Automatic Execution,Aerospace,Aerospace - Defense,173.72,178.17,170.15,176.55,485,4.832508912706237,1,0,0,0,1
BA,Aerospace,Aerospace - Defense,50__3,50,3.0,5. p99_trade_value,57000.0,210960.0,O:BA250117C00180000,BA,C,180.0,2025-01-17,209,0,304,3.0,1735571225197000000,400,120000.0,2024-12-30,Automatic Execution,Aerospace,Aerospace - Defense,173.72,178.17,170.15,176.55,175,5.079181246047625,1,0,0,0,1
BA,Aerospace,Aerospace - Defense,50__3,50,3.0,5. p99_trade_value,57000.0,210960.0,O:BA250117P00165000,BA,P,165.0,2025-01-17,209,0,316,3.4,1735569145130000000,250,85000.0,2024-12-30,Automatic Execution,Aerospace,Aerospace - Defense,173.72,178.17,170.15,176.55,330,4.929418925714293,1,1,0,0,0
BA,Aerospace,Aerospace - Defense,50__3,50,3.0,5. p99_trade_value,57000.0,210960.0,O:BA250117P00165000,BA,P,165.0,2025-01-17,209,0,316,3.9,1735569186278000000,250,97500.0,2024-12-30,Automatic Execution,Aerospace,Aerospace - Defense,173.72,178.17,170.15,176.55,251,4.989004615698537,1,1,0,0,0
BA,Aerospace,Aerospace - Defense,50__3,50,3.0,5. p99_trade_value,57000.0,210960.0,O:BA250124C00180000,BA,C,180.0,2025-01-24,233,0,308,5.47,1735578059659000000,250,136750.0,2024-12-30,Multi Leg Auction,Aerospace,Aerospace - Defense,173.72,178.17,170.15,176.55,147,5.135927335005468,1,1,1,0,0
BA,Aerospace,Aerospace - Defense,50__3,50,3.0,5. p99_trade_value,57000.0,210960.0,O:BA250110C00182500,BA,C,182.5,2025-01-10,227,0,301,1.72,1735665721267000000,600,103200.0,2024-12-31,Single Leg Auction Non ISO,Aerospace,Aerospace - Defense,177.54,179.3499,175.82,177.0,216,5.013679697291193,1,0,0,0,1
BA,Aerospace,Aerospace - Defense,50__3,50,3.0,5. p99_trade_value,57000.0,210960.0,O:BA250117C00180000,BA,C,180.0,2025-01-17,209,0,304,4.6,1735660260282000000,300,138000.0,2024-12-31,Automatic Execution,Aerospace,Aerospace - Defense,177.54,179.3499,175.82,177.0,143,5.139879086401237,1,0,0,0,1
BA,Aerospace,Aerospace - Defense,50__3,50,3.0,5. p99_trade_value,57000.0,210960.0,O:BA250117C00180000,BA,C,180.0,2025-01-17,209,0,304,4.5,1735656584963000000,400,180000.0,2024-12-31,Automatic Execution,Aerospace,Aerospace - Defense,177.54,179.3499,175.82,177.0,86,5.2552725051033065,1,0,0,0,1
BA,Aerospace,Aerospace - Defense,50__3,50,3.0,4. p999_trade_value,211650.0,771344.0,O:BA250117C00182500,BA,C,182.5,2025-01-17,235,0,300,2.95,1735666422680000000,950,280250.0,2024-12-31,Multi Leg floor trade,Aerospace,Aerospace - Defense,177.54,179.3499,175.82,177.0,42,5.447545621267011,1,0,0,0,1
BA,Aerospace,Aerospace - Defense,50__3,50,3.0,4. p999_trade_value,211650.0,771344.0,O:BA250117P00170000,BA,P,170.0,2025-01-17,235,0,300,2.55,1735666422679000000,950,242250.0,2024-12-31,Multi Leg floor trade,Aerospace,Aerospace - Defense,177.54,179.3499,175.82,177.0,51,5.384263785722803,1,1,1,0,0
BA,Aerospace,Aerospace - Defense,50__3,50,3.0,5. p99_trade_value,57000.0,210960.0,O:BA250124C00185000,BA,C,185.0,2025-01-24,209,0,313,3.1,1735671768699000000,498,154380.0,2024-12-31,Automatic Execution,Aerospace,Aerospace - Defense,177.54,179.3499,175.82,177.0,118,5.18859103659399,1,0,0,0,1
BA,Aerospace,Aerospace - Defense,50__3,50,3.0,5. p99_trade_value,57000.0,210960.0,O:BA250124C00190000,BA,C,190.0,2025-01-24,209,0,325,1.87,1735671762297000000,499,93313.00000000001,2024-12-31,Automatic Execution,Aerospace,Aerospace - Defense,177.54,179.3499,175.82,177.0,273,4.969942152159889,1,0,0,0,1
BA,Aerospace,Aerospace - Defense,50__3,50,3.0,5. p99_trade_value,57000.0,210960.0,O:BA250117C00185000,BA,C,185.0,2025-01-17,227,0,302,0.95,1735834474078000000,1010,95950.0,2025-01-02,Single Leg Auction Non ISO,Aerospace,Aerospace - Defense,178.31,179.19,169.82,171.87,258,4.982044979071491,1,0,0,0,1
BA,Aerospace,Aerospace - Defense,50__3,50,3.0,4. p999_trade_value,211650.0,771344.0,O:BA250131P00150000,BA,P,150.0,2025-01-31,231,0,301,1.07,1735831364733000000,2100,224700.0,2025-01-02,Single Leg Floor Trade,Aerospace,Aerospace - Defense,178.31,179.19,169.82,171.87,59,5.351603072419129,1,0,0,0,1
BA,Aerospace,Aerospace - Defense,50__3,50,3.0,5. p99_trade_value,57000.0,210960.0,O:BA250131P00165000,BA,P,165.0,2025-01-31,209,0,313,4.7,1735934140858000000,133,62510.0,2025-01-03,Automatic Execution,Aerospace,Aerospace - Defense,171.4,173.98,169.8,169.9,564,4.795949498902803,1,1,0,0,0
BA,Aerospace,Aerospace - Defense,50__3,50,3.0,4. p999_trade_value,211650.0,771344.0,O:BA250117C00175000,BA,C,175.0,2025-01-17,241,0,323,2.92,1736188151749000000,1000,292000.0,2025-01-06,Stock Options Cross,Aerospace,Aerospace - Defense,173.5,173.9442,170.19,170.78,41,5.465382851448418,1,1,0,0,0
BA,Aerospace,Aerospace - Defense,50__3,50,3.0,5. p99_trade_value,57000.0,210960.0,O:BA250117C00180000,BA,C,180.0,2025-01-17,241,0,323,1.4,1736188151749000000,1000,140000.0,2025-01-06,Stock Options Cross,Aerospace,Aerospace - Defense,173.5,173.9442,170.19,170.78,142,5.146128035678238,1,0,0,0,1
BA,Aerospace,Aerospace - Defense,50__3,50,3.0,5. p99_trade_value,57000.0,210960.0,O:BA250131P00165000,BA,P,165.0,2025-01-31,209,0,307,4.15,1736178328061000000,183,75945.0,2025-01-06,Automatic Execution,Aerospace,Aerospace - Defense,173.5,173.9442,170.19,170.78,413,4.880499186442522,1,1,0,0,0
BA,Aerospace,Aerospace - Defense,50__3,50,3.0,5. p99_trade_value,57000.0,210960.0,O:BA250117C00180000,BA,C,180.0,2025-01-17,209,0,313,1.75,1736262588354000000,450,78750.0,2025-01-07,Automatic Execution,Aerospace,Aerospace - Defense,171.165,175.02,170.8,172.51,384,4.896250562461638,1,0,0,0,1
BA,Aerospace,Aerospace - Defense,50__3,50,3.0,5. p99_trade_value,57000.0,210960.0,O:BA250117P00170000,BA,P,170.0,2025-01-17,232,0,302,2.56,1736263156047000000,250,64000.0,2025-01-07,Multi Leg auto-electronic trade,Aerospace,Aerospace - Defense,171.165,175.02,170.8,172.51,537,4.8061799739838875,1,1,1,0,0
BA,Aerospace,Aerospace - Defense,50__3,50,3.0,5. p99_trade_value,57000.0,210960.0,O:BA250117P00170000,BA,P,170.0,2025-01-17,232,0,302,2.56,1736263156047000000,250,64000.0,2025-01-07,Multi Leg auto-electronic trade,Aerospace,Aerospace - Defense,171.165,175.02,170.8,172.51,536,4.8061799739838875,1,1,1,0,0
BA,Aerospace,Aerospace - Defense,50__3,50,3.0,5. p99_trade_value,57000.0,210960.0,O:BA250124C00177500,BA,C,177.5,2025-01-24,209,0,313,2.7,1736367870407000000,530,143100.0,2025-01-08,Automatic Execution,Aerospace,Aerospace - Defense,171.15,173.78,169.61,171.76,137,5.155639633759776,1,1,1,0,0
BA,Aerospace,Aerospace - Defense,50__3,50,3.0,5. p99_trade_value,57000.0,210960.0,O:BA250131P00150000,BA,P,150.0,2025-01-31,227,0,308,0.88,1736347159466000000,2249,197912.0,2025-01-08,Single Leg Auction Non ISO,Aerospace,Aerospace - Defense,171.15,173.78,169.61,171.76,74,5.296472127585801,1,0,0,0,1
BA,Aerospace,Aerospace - Defense,50__3,50,3.0,5. p99_trade_value,57000.0,210960.0,O:BA250131C00175000,BA,C,175.0,2025-01-31,233,0,302,5.7,1736535818367000000,220,125400.0,2025-01-10,Multi Leg Auction,Aerospace,Aerospace - Defense,171.49,173.535,167.41,172.0,165,5.098297536494697,1,1,1,1,0
BA,Aerospace,Aerospace - Defense,50__3,50,3.0,5. p99_trade_value,57000.0,210960.0,O:BA250131C00175000,BA,C,175.0,2025-01-31,232,0,308,3.82,1736525822963000000,160,61119.99999999999,2025-01-10,Multi Leg auto-electronic trade,Aerospace,Aerospace - Defense,171.49,173.535,167.41,172.0,586,4.7861833455676335,1,1,1,1,0
BA,Aerospace,Aerospace - Defense,50__3,50,3.0,5. p99_trade_value,57000.0,210960.0,O:BA250207C00175000,BA,C,175.0,2025-02-07,232,0,308,4.64,1736525822963000000,160,74240.0,2025-01-10,Multi Leg auto-electronic trade,Aerospace,Aerospace - Defense,171.49,173.535,167.41,172.0,426,4.870637963210806,1,1,1,1,0
BA,Aerospace,Aerospace - Defense,50__3,50,3.0,5. p99_trade_value,57000.0,210960.0,O:BA250131C00185000,BA,C,185.0,2025-01-31,209,0,323,2.0,1736778615769000000,438,87600.0,2025-01-13,Automatic Execution,Aerospace,Aerospace - Defense,171.18,172.5,167.91,170.57,316,4.942504106168081,1,1,0,0,0
BA,Aerospace,Aerospace - Defense,50__3,50,3.0,5. p99_trade_value,57000.0,210960.0,O:BA250131C00170000,BA,C,170.0,2025-01-31,209,0,303,4.45,1736971024634000000,181,80545.0,2025-01-15,Automatic Execution,Aerospace,Aerospace - Defense,169.01,169.99,165.9701,166.2,370,4.9060385858501165,1,1,1,1,0
BA,Aerospace,Aerospace - Defense,50__3,50,3.0,5. p99_trade_value,57000.0,210960.0,O:BA250131C00170000,BA,C,170.0,2025-01-31,209,0,313,4.5,1736971197187000000,183,82350.0,2025-01-15,Automatic Execution,Aerospace,Aerospace - Defense,169.01,169.99,165.9701,166.2,353,4.915663603505773,1,1,1,1,0
BA,Aerospace,Aerospace - Defense,50__3,50,3.0,5. p99_trade_value,57000.0,210960.0,O:BA250131C00170000,BA,C,170.0,2025-01-31,209,0,313,4.45,1736971084736000000,147,65415.0,2025-01-15,Automatic Execution,Aerospace,Aerospace - Defense,169.01,169.99,165.9701,166.2,515,4.8156773457291076,1,1,1,1,0
BA,Aerospace,Aerospace - Defense,50__3,50,3.0,5. p99_trade_value,57000.0,210960.0,O:BA250131P00160000,BA,P,160.0,2025-01-31,232,0,308,2.84,1736959643594000000,241,68444.0,2025-01-15,Multi Leg auto-electronic trade,Aerospace,Aerospace - Defense,169.01,169.99,165.9701,166.2,482,4.835335382621906,1,0,0,0,1
BA,Aerospace,Aerospace - Defense,50__3,50,3.0,5. p99_trade_value,57000.0,210960.0,O:BA250131P00160000,BA,P,160.0,2025-01-31,209,0,325,1.78,1737051395382000000,998,177644.0,2025-01-16,Automatic Execution,Aerospace,Aerospace - Defense,166.79,170.6399,166.57,168.93,90,5.249550543596265,1,0,0,0,1
BA,Aerospace,Aerospace - Defense,50__3,50,3.0,5. p99_trade_value,57000.0,210960.0,O:BA250124C00172500,BA,C,172.5,2025-01-24,209,0,315,2.5,1737125955249000000,237,59250.0,2025-01-17,Automatic Execution,Aerospace,Aerospace - Defense,169.795,171.77,169.45,171.09,626,4.772688354682141,1,1,1,1,0
BA,Aerospace,Aerospace - Defense,50__3,50,3.0,5. p99_trade_value,57000.0,210960.0,O:BA250131P00160000,BA,P,160.0,2025-01-31,209,0,313,1.5,1737135472542000000,797,119550.0,2025-01-17,Automatic Execution,Aerospace,Aerospace - Defense,169.795,171.77,169.45,171.09,176,5.077549580451794,1,0,0,0,1
BA,Aerospace,Aerospace - Defense,50__3,50,3.0,5. p99_trade_value,57000.0,210960.0,O:BA250221C00180000,BA,C,180.0,2025-02-21,209,0,315,5.0,1737557310093000000,183,91500.0,2025-01-22,Automatic Execution,Aerospace,Aerospace - Defense,175.29,176.23,173.88,174.8,283,4.9614210940664485,1,1,1,0,0
BA,Aerospace,Aerospace - Defense,50__3,50,3.0,3. p9999_trade_value,782000.0,960844.0,O:BA250131C00180000,BA,C,180.0,2025-01-31,227,0,301,4.17,1737662034719000000,1990,829829.9999999999,2025-01-23,Single Leg Auction Non ISO,Aerospace,Aerospace - Defense,174.01,178.6699,173.75,178.5,3,5.918989131383464,1,1,1,0,0
BA,Aerospace,Aerospace - Defense,50__3,50,3.0,5. p99_trade_value,57000.0,210960.0,O:BA250131C00180000,BA,C,180.0,2025-01-31,209,0,313,4.0,1737655883537000000,159,63600.0,2025-01-23,Automatic Execution,Aerospace,Aerospace - Defense,174.01,178.6699,173.75,178.5,552,4.803457115648414,1,1,1,0,0
BA,Aerospace,Aerospace - Defense,50__3,50,3.0,5. p99_trade_value,57000.0,210960.0,O:BA250221C00180000,BA,C,180.0,2025-02-21,232,0,303,6.38,1737665679376000000,100,63800.0,2025-01-23,Multi Leg auto-electronic trade,Aerospace,Aerospace - Defense,174.01,178.6699,173.75,178.5,546,4.804820678721162,1,1,1,0,0
BA,Aerospace,Aerospace - Defense,50__3,50,3.0,5. p99_trade_value,57000.0,210960.0,O:BA250131P00160000,BA,P,160.0,2025-01-31,209,0,313,0.33,1737998163682000000,1794,59202.0,2025-01-27,Automatic Execution,Aerospace,Aerospace - Defense,175.55,178.18,174.4,175.16,628,4.772336378585961,1,0,0,0,1
BA,Aerospace,Aerospace - Defense,50__3,50,3.0,5. p99_trade_value,57000.0,210960.0,O:BA250131P00170000,BA,P,170.0,2025-01-31,233,0,304,1.16,1737991758170000000,500,58000.0,2025-01-27,Multi Leg Auction,Aerospace,Aerospace - Defense,175.55,178.18,174.4,175.16,653,4.763427993562937,1,0,0,0,1
BA,Aerospace,Aerospace - Defense,50__3,50,3.0,5. p99_trade_value,57000.0,210960.0,O:BA250207C00180000,BA,C,180.0,2025-02-07,209,0,301,3.2,1738011411691000000,268,85760.0,2025-01-27,Automatic Execution,Aerospace,Aerospace - Defense,175.55,178.18,174.4,175.16,328,4.933284772348695,1,1,1,1,0
BA,Aerospace,Aerospace - Defense,50__3,50,3.0,5. p99_trade_value,57000.0,210960.0,O:BA250207C00180000,BA,C,180.0,2025-02-07,209,0,325,4.2,1737988968262000000,200,84000.0,2025-01-27,Automatic Execution,Aerospace,Aerospace - Defense,175.55,178.18,174.4,175.16,337,4.924279286061882,1,1,1,1,0
BA,Aerospace,Aerospace - Defense,50__3,50,3.0,5. p99_trade_value,57000.0,210960.0,O:BA250221C00180000,BA,C,180.0,2025-02-21,209,0,325,5.28,1737993093758000000,132,69696.0,2025-01-27,Automatic Execution,Aerospace,Aerospace - Defense,175.55,178.18,174.4,175.16,476,4.843207853739663,1,1,1,0,0
BA,Aerospace,Aerospace - Defense,50__3,50,3.0,5. p99_trade_value,57000.0,210960.0,O:BA250221C00180000,BA,C,180.0,2025-02-21,233,0,302,4.8,1738002944949000000,199,95520.0,2025-01-27,Multi Leg Auction,Aerospace,Aerospace - Defense,175.55,178.18,174.4,175.16,259,4.980094313785294,1,1,1,0,0
BA,Aerospace,Aerospace - Defense,50__3,50,3.0,5. p99_trade_value,57000.0,210960.0,O:BA250221C00180000,BA,C,180.0,2025-02-21,233,0,302,4.8,1738002944949000000,200,96000.0,2025-01-27,Multi Leg Auction,Aerospace,Aerospace - Defense,175.55,178.18,174.4,175.16,255,4.982271233039568,1,1,1,0,0
BA,Aerospace,Aerospace - Defense,50__3,50,3.0,5. p99_trade_value,57000.0,210960.0,O:BA250221C00180000,BA,C,180.0,2025-02-21,209,0,315,5.05,1737993903864000000,193,97465.0,2025-01-27,Automatic Execution,Aerospace,Aerospace - Defense,175.55,178.18,174.4,175.16,252,4.988848687126435,1,1,1,0,0
BA,Aerospace,Aerospace - Defense,50__3,50,3.0,5. p99_trade_value,57000.0,210960.0,O:BA250221C00180000,BA,C,180.0,2025-02-21,227,0,302,4.88,1738005953762000000,250,122000.0,2025-01-27,Single Leg Auction Non ISO,Aerospace,Aerospace - Defense,175.55,178.18,174.4,175.16,169,5.086359830674748,1,1,1,0,0
BA,Aerospace,Aerospace - Defense,50__3,50,3.0,5. p99_trade_value,57000.0,210960.0,O:BA250221C00180000,BA,C,180.0,2025-02-21,209,0,316,4.88,1738005953646000000,200,97600.0,2025-01-27,Automatic Execution,Aerospace,Aerospace - Defense,175.55,178.18,174.4,175.16,248,4.989449817666692,1,1,1,0,0
BA,Aerospace,Aerospace - Defense,50__3,50,3.0,4. p999_trade_value,211650.0,771344.0,O:BA250221C00180000,BA,C,180.0,2025-02-21,209,0,316,5.15,1737993028176000000,498,256470.00000000003,2025-01-27,Automatic Execution,Aerospace,Aerospace - Defense,175.55,178.18,174.4,175.16,47,5.409036571800908,1,1,1,0,0
BA,Aerospace,Aerospace - Defense,50__3,50,3.0,5. p99_trade_value,57000.0,210960.0,O:BA250221C00180000,BA,C,180.0,2025-02-21,209,0,325,5.28,1737993093633000000,299,157872.0,2025-01-27,Automatic Execution,Aerospace,Aerospace - Defense,175.55,178.18,174.4,175.16,110,5.198305110858242,1,1,1,0,0
BA,Aerospace,Aerospace - Defense,50__3,50,3.0,4. p999_trade_value,211650.0,771344.0,O:BA250221C00180000,BA,C,180.0,2025-02-21,232,0,312,4.74,1738003528674000000,500,237000.0,2025-01-27,Multi Leg auto-electronic trade,Aerospace,Aerospace - Defense,175.55,178.18,174.4,175.16,53,5.3747483460101035,1,1,1,0,0
BA,Aerospace,Aerospace - Defense,50__3,50,3.0,5. p99_trade_value,57000.0,210960.0,O:BA250221C00180000,BA,C,180.0,2025-02-21,209,0,315,5.05,1737993903864000000,300,151500.0,2025-01-27,Automatic Execution,Aerospace,Aerospace - Defense,175.55,178.18,174.4,175.16,124,5.1804126328383235,1,1,1,0,0
BA,Aerospace,Aerospace - Defense,50__3,50,3.0,5. p99_trade_value,57000.0,210960.0,O:BA250221C00180000,BA,C,180.0,2025-02-21,209,0,316,4.5,1738010083882000000,171,76950.0,2025-01-27,Automatic Execution,Aerospace,Aerospace - Defense,175.55,178.18,174.4,175.16,400,4.886208624167497,1,1,1,0,0
BA,Aerospace,Aerospace - Defense,50__3,50,3.0,5. p99_trade_value,57000.0,210960.0,O:BA250221C00200000,BA,C,200.0,2025-02-21,232,0,312,0.62,1738003528674000000,1000,62000.0,2025-01-27,Multi Leg auto-electronic trade,Aerospace,Aerospace - Defense,175.55,178.18,174.4,175.16,574,4.7923916894982534,1,0,0,0,1
BA,Aerospace,Aerospace - Defense,50__3,50,3.0,5. p99_trade_value,57000.0,210960.0,O:BA250221P00165000,BA,P,165.0,2025-02-21,235,0,313,2.66,1738005117279000000,300,79800.0,2025-01-27,Multi Leg floor trade,Aerospace,Aerospace - Defense,175.55,178.18,174.4,175.16,374,4.90200289135073,1,0,0,0,1
BA,Aerospace,Aerospace - Defense,50__3,50,3.0,5. p99_trade_value,57000.0,210960.0,O:BA250131P00170000,BA,P,170.0,2025-01-31,209,0,315,0.7,1738095025150000000,828,57959.99999999999,2025-01-28,Automatic Execution,Aerospace,Aerospace - Defense,181.31,188.48,174.02,177.78,656,4.763128376799137,1,0,0,0,1
BA,Aerospace,Aerospace - Defense,50__3,50,3.0,5. p99_trade_value,57000.0,210960.0,O:BA250131P00172500,BA,P,172.5,2025-01-31,209,0,313,1.57,1738095784106000000,380,59660.0,2025-01-28,Automatic Execution,Aerospace,Aerospace - Defense,181.31,188.48,174.02,177.78,621,4.775683249026044,1,1,0,0,0
BA,Aerospace,Aerospace - Defense,50__3,50,3.0,5. p99_trade_value,57000.0,210960.0,O:BA250207P00170000,BA,P,170.0,2025-02-07,231,0,301,1.82,1738095137913000000,400,72800.0,2025-01-28,Single Leg Floor Trade,Aerospace,Aerospace - Defense,181.31,188.48,174.02,177.78,440,4.862131379313038,1,0,0,0,1
BA,Aerospace,Aerospace - Defense,50__3,50,3.0,5. p99_trade_value,57000.0,210960.0,O:BA250214C00190000,BA,C,190.0,2025-02-14,209,0,316,3.8,1738079420515000000,200,76000.0,2025-01-28,Automatic Execution,Aerospace,Aerospace - Defense,181.31,188.48,174.02,177.78,412,4.880813592280791,1,0,0,0,1
BA,Aerospace,Aerospace - Defense,50__3,50,3.0,4. p999_trade_value,211650.0,771344.0,O:BA250221C00190000,BA,C,190.0,2025-02-21,233,0,323,2.19,1738092090749000000,1998,437562.0,2025-01-28,Multi Leg Auction,Aerospace,Aerospace - Defense,181.31,188.48,174.02,177.78,18,5.641039598730082,1,0,0,0,1
BA,Aerospace,Aerospace - Defense,50__3,50,3.0,4. p999_trade_value,211650.0,771344.0,O:BA250221C00190000,BA,C,190.0,2025-02-21,233,0,323,2.19,1738092090749000000,2998,656562.0,2025-01-28,Multi Leg Auction,Aerospace,Aerospace - Defense,181.31,188.48,174.02,177.78,10,5.817275743352379,1,0,0,0,1
BA,Aerospace,Aerospace - Defense,50__3,50,3.0,5. p99_trade_value,57000.0,210960.0,O:BA250221C00190000,BA,C,190.0,2025-02-21,209,0,320,4.1,1738076772715000000,156,63959.99999999999,2025-01-28,Automatic Execution,Aerospace,Aerospace - Defense,181.31,188.48,174.02,177.78,540,4.805908455074197,1,0,0,0,1
BA,Aerospace,Aerospace - Defense,50__3,50,3.0,5. p99_trade_value,57000.0,210960.0,O:BA250221C00190000,BA,C,190.0,2025-02-21,209,0,316,4.9,1738077810932000000,156,76440.00000000001,2025-01-28,Automatic Execution,Aerospace,Aerospace - Defense,181.31,188.48,174.02,177.78,409,4.883320678382975,1,0,0,0,1
BA,Aerospace,Aerospace - Defense,50__3,50,3.0,5. p99_trade_value,57000.0,210960.0,O:BA250221C00195000,BA,C,195.0,2025-02-21,219,0,302,2.36,1738075477334000000,358,84488.0,2025-01-28,Intermarket Sweep Order,Aerospace,Aerospace - Defense,181.31,188.48,174.02,177.78,333,4.926795029613981,1,0,0,0,1
BA,Aerospace,Aerospace - Defense,50__3,50,3.0,4. p999_trade_value,211650.0,771344.0,O:BA250221C00195000,BA,C,195.0,2025-02-21,233,0,323,1.22,1738092090749000000,1998,243756.0,2025-01-28,Multi Leg Auction,Aerospace,Aerospace - Defense,181.31,188.48,174.02,177.78,50,5.3869553145647115,1,0,0,0,1
BA,Aerospace,Aerospace - Defense,50__3,50,3.0,5. p99_trade_value,57000.0,210960.0,O:BA250221C00195000,BA,C,195.0,2025-02-21,219,0,309,2.36,1738075477334000000,353,83308.0,2025-01-28,Intermarket Sweep Order,Aerospace,Aerospace - Defense,181.31,188.48,174.02,177.78,343,4.9206867083579295,1,0,0,0,1
BA,Aerospace,Aerospace - Defense,50__3,50,3.0,5. p99_trade_value,57000.0,210960.0,O:BA250221C00195000,BA,C,195.0,2025-02-21,219,0,300,2.36,1738075477334000000,286,67495.99999999999,2025-01-28,Intermarket Sweep Order,Aerospace,Aerospace - Defense,181.31,188.48,174.02,177.78,491,4.82927803609915,1,0,0,0,1
BA,Aerospace,Aerospace - Defense,50__3,50,3.0,5. p99_trade_value,57000.0,210960.0,O:BA250221C00195000,BA,C,195.0,2025-02-21,219,0,301,2.36,1738075477343000000,428,101008.0,2025-01-28,Intermarket Sweep Order,Aerospace,Aerospace - Defense,181.31,188.48,174.02,177.78,223,5.0043557719832785,1,0,0,0,1
BA,Aerospace,Aerospace - Defense,50__3,50,3.0,5. p99_trade_value,57000.0,210960.0,O:BA250221C00195000,BA,C,195.0,2025-02-21,219,0,304,2.36,1738075477334000000,324,76464.0,2025-01-28,Intermarket Sweep Order,Aerospace,Aerospace - Defense,181.31,188.48,174.02,177.78,408,4.883457013176718,1,0,0,0,1
BA,Aerospace,Aerospace - Defense,50__3,50,3.0,5. p99_trade_value,57000.0,210960.0,O:BA250221C00195000,BA,C,195.0,2025-02-21,219,0,302,2.36,1738075477334000000,324,76464.0,2025-01-28,Intermarket Sweep Order,Aerospace,Aerospace - Defense,181.31,188.48,174.02,177.78,407,4.883457013176718,1,0,0,0,1
BA,Aerospace,Aerospace - Defense,50__3,50,3.0,4. p999_trade_value,211650.0,771344.0,O:BA250221C00195000,BA,C,195.0,2025-02-21,233,0,323,1.22,1738092090749000000,2998,365756.0,2025-01-28,Multi Leg Auction,Aerospace,Aerospace - Defense,181.31,188.48,174.02,177.78,27,5.563191459187009,1,0,0,0,1
BA,Aerospace,Aerospace - Defense,50__3,50,3.0,5. p99_trade_value,57000.0,210960.0,O:BA250221C00200000,BA,C,200.0,2025-02-21,209,0,307,2.45,1738078500148000000,407,99715.00000000001,2025-01-28,Automatic Execution,Aerospace,Aerospace - Defense,181.31,188.48,174.02,177.78,232,4.998760493589753,1,0,0,0,1
BA,Aerospace,Aerospace - Defense,50__3,50,3.0,5. p99_trade_value,57000.0,210960.0,O:BA250221C00200000,BA,C,200.0,2025-02-21,209,0,307,2.42,1738078493091000000,478,115676.0,2025-01-28,Automatic Execution,Aerospace,Aerospace - Defense,181.31,188.48,174.02,177.78,181,5.06324326259255,1,0,0,0,1
BA,Aerospace,Aerospace - Defense,50__3,50,3.0,5. p99_trade_value,57000.0,210960.0,O:BA250214C00185000,BA,C,185.0,2025-02-14,231,0,301,1.05,1738168716946000000,850,89250.0,2025-01-29,Single Leg Floor Trade,Aerospace,Aerospace - Defense,179.125,182.55,170.65,173.66,300,4.950608224784231,1,1,1,0,0
BA,Aerospace,Aerospace - Defense,50__3,50,3.0,5. p99_trade_value,57000.0,210960.0,O:BA250131C00180000,BA,C,180.0,2025-01-31,233,0,302,0.69,1738269454306000000,2255,155594.99999999997,2025-01-30,Multi Leg Auction,Aerospace,Aerospace - Defense,174.59,179.94,173.7218,179.53,114,5.191995636951234,1,1,1,0,0
BA,Aerospace,Aerospace - Defense,50__3,50,3.0,5. p99_trade_value,57000.0,210960.0,O:BA250207C00180000,BA,C,180.0,2025-02-07,209,0,315,2.4,1738250603643000000,290,69600.0,2025-01-30,Automatic Execution,Aerospace,Aerospace - Defense,174.59,179.94,173.7218,179.53,477,4.842609239610562,1,1,1,1,0
BA,Aerospace,Aerospace - Defense,50__3,50,3.0,5. p99_trade_value,57000.0,210960.0,O:BA250221C00180000,BA,C,180.0,2025-02-21,227,0,302,4.0,1738249516162000000,203,81200.0,2025-01-30,Single Leg Auction Non ISO,Aerospace,Aerospace - Defense,174.59,179.94,173.7218,179.53,361,4.909556029241175,1,1,1,0,0
BA,Aerospace,Aerospace - Defense,50__3,50,3.0,5. p99_trade_value,57000.0,210960.0,O:BA250228C00180000,BA,C,180.0,2025-02-28,209,0,304,5.3,1738264309679000000,136,72080.0,2025-01-30,Automatic Execution,Aerospace,Aerospace - Defense,174.59,179.94,173.7218,179.53,448,4.857814777971006,1,1,0,0,0
BA,Aerospace,Aerospace - Defense,50__3,50,3.0,5. p99_trade_value,57000.0,210960.0,O:BA250207P00175000,BA,P,175.0,2025-02-07,233,0,304,2.39,1738356964893000000,500,119500.0,2025-01-31,Multi Leg Auction,Aerospace,Aerospace - Defense,180.51,181.78,175.74,176.52,177,5.077367905284157,1,1,0,0,0
BA,Aerospace,Aerospace - Defense,50__3,50,3.0,5. p99_trade_value,57000.0,210960.0,O:BA250221P00172500,BA,P,172.5,2025-02-21,209,0,316,3.0,1738350828475000000,257,77100.0,2025-01-31,Automatic Execution,Aerospace,Aerospace - Defense,180.51,181.78,175.74,176.52,398,4.887054378050957,1,0,0,0,1
BA,Aerospace,Aerospace - Defense,50__3,50,3.0,5. p99_trade_value,57000.0,210960.0,O:BA250207P00172500,BA,P,172.5,2025-02-07,209,0,307,1.46,1738686325247000000,398,58108.00000000001,2025-02-04,Automatic Execution,Aerospace,Aerospace - Defense,176.9,177.45,174.25,176.23,648,4.764235927858125,1,0,0,0,1
BA,Aerospace,Aerospace - Defense,50__3,50,3.0,5. p99_trade_value,57000.0,210960.0,O:BA250207P00172500,BA,P,172.5,2025-02-07,209,0,325,1.14,1738696227908000000,723,82421.99999999999,2025-02-04,Automatic Execution,Aerospace,Aerospace - Defense,176.9,177.45,174.25,176.23,352,4.916043148631004,1,0,0,0,1
BA,Aerospace,Aerospace - Defense,50__3,50,3.0,5. p99_trade_value,57000.0,210960.0,O:BA250221C00180000,BA,C,180.0,2025-02-21,209,0,313,2.72,1738690689766000000,400,108800.0,2025-02-04,Automatic Execution,Aerospace,Aerospace - Defense,176.9,177.45,174.25,176.23,201,5.036628895362161,1,1,1,0,0
BA,Aerospace,Aerospace - Defense,50__3,50,3.0,5. p99_trade_value,57000.0,210960.0,O:BA250221C00190000,BA,C,190.0,2025-02-21,235,0,301,0.74,1738686107149000000,1400,103600.0,2025-02-04,Multi Leg floor trade,Aerospace,Aerospace - Defense,176.9,177.45,174.25,176.23,215,5.015359755409214,1,0,0,0,1
BA,Aerospace,Aerospace - Defense,50__3,50,3.0,5. p99_trade_value,57000.0,210960.0,O:BA250221P00167500,BA,P,167.5,2025-02-21,209,0,307,0.75,1738767125307000000,974,73050.0,2025-02-05,Automatic Execution,Aerospace,Aerospace - Defense,176.0,181.86,175.505,181.84,437,4.863620220270316,1,0,0,0,1
BA,Aerospace,Aerospace - Defense,50__3,50,3.0,5. p99_trade_value,57000.0,210960.0,O:BA250221C00187500,BA,C,187.5,2025-02-21,235,0,301,3.14,1738875164242000000,484,151976.0,2025-02-06,Multi Leg floor trade,Aerospace,Aerospace - Defense,182.0,185.85,182.0,184.8,122,5.181775009717628,1,1,0,0,0
BA,Aerospace,Aerospace - Defense,50__3,50,3.0,4. p999_trade_value,211650.0,771344.0,O:BA250221C00187500,BA,C,187.5,2025-02-21,235,0,301,3.13,1738875164242000000,968,302983.99999999994,2025-02-06,Multi Leg floor trade,Aerospace,Aerospace - Defense,182.0,185.85,182.0,184.8,37,5.481419694854842,1,1,0,0,0
BA,Aerospace,Aerospace - Defense,50__3,50,3.0,5. p99_trade_value,57000.0,210960.0,O:BA250221C00190000,BA,C,190.0,2025-02-21,232,0,323,2.0,1738853130351000000,332,66400.0,2025-02-06,Multi Leg auto-electronic trade,Aerospace,Aerospace - Defense,182.0,185.85,182.0,184.8,503,4.8221680793680175,1,0,0,0,1
BA,Aerospace,Aerospace - Defense,50__3,50,3.0,5. p99_trade_value,57000.0,210960.0,O:BA250214P00180000,BA,P,180.0,2025-02-14,233,0,304,2.19,1738947631638000000,500,109500.0,2025-02-07,Multi Leg Auction,Aerospace,Aerospace - Defense,185.26,186.1087,180.93,181.49,196,5.039414119176137,1,1,0,0,0
BA,Aerospace,Aerospace - Defense,50__3,50,3.0,5. p99_trade_value,57000.0,210960.0,O:BA250314C00200000,BA,C,200.0,2025-03-14,209,0,307,2.05,1739393606778000000,1000,205000.0,2025-02-12,Automatic Execution,Aerospace,Aerospace - Defense,178.34,186.27,178.25,186.25,71,5.311753861055754,1,0,0,0,1
BA,Aerospace,Aerospace - Defense,50__3,50,3.0,4. p999_trade_value,211650.0,771344.0,O:BA250221C00190000,BA,C,190.0,2025-02-21,227,0,323,2.24,1739460505943000000,998,223552.00000000006,2025-02-13,Single Leg Auction Non ISO,Aerospace,Aerospace - Defense,187.0,188.24,185.09,185.44,62,5.349378559621534,1,0,0,0,1
BA,Aerospace,Aerospace - Defense,50__3,50,3.0,5. p99_trade_value,57000.0,210960.0,O:BA250221C00190000,BA,C,190.0,2025-02-21,227,0,323,1.95,1739462337136000000,900,175500.0,2025-02-13,Single Leg Auction Non ISO,Aerospace,Aerospace - Defense,187.0,188.24,185.09,185.44,92,5.244277120801843,1,0,0,0,1
BA,Aerospace,Aerospace - Defense,50__3,50,3.0,5. p99_trade_value,57000.0,210960.0,O:BA250314C00195000,BA,C,195.0,2025-03-14,231,0,301,3.0,1739459305404000000,300,90000.0,2025-02-13,Single Leg Floor Trade,Aerospace,Aerospace - Defense,187.0,188.24,185.09,185.44,291,4.954242509439325,1,0,0,0,1
BA,Aerospace,Aerospace - Defense,50__3,50,3.0,5. p99_trade_value,57000.0,210960.0,O:BA250228C00187500,BA,C,187.5,2025-02-28,231,0,301,2.88,1739548691746000000,397,114335.99999999999,2025-02-14,Single Leg Floor Trade,Aerospace,Aerospace - Defense,186.75,186.82,183.575,184.42,184,5.058182994522346,1,1,0,0,0
BA,Aerospace,Aerospace - Defense,50__3,50,3.0,5. p99_trade_value,57000.0,210960.0,O:BA250228C00192500,BA,C,192.5,2025-02-28,209,0,307,1.43,1739553085983000000,878,125554.0,2025-02-14,Automatic Execution,Aerospace,Aerospace - Defense,186.75,186.82,183.575,184.42,163,5.098830553371164,1,0,0,0,1
BA,Aerospace,Aerospace - Defense,50__3,50,3.0,5. p99_trade_value,57000.0,210960.0,O:BA250228P00182500,BA,P,182.5,2025-02-28,235,0,323,2.25,1739910007156000000,500,112500.0,2025-02-18,Multi Leg floor trade,Aerospace,Aerospace - Defense,185.68,188.66,184.22,184.97,187,5.051152522447381,1,1,1,1,0
BA,Aerospace,Aerospace - Defense,50__3,50,3.0,5. p99_trade_value,57000.0,210960.0,O:BA250221C00190000,BA,C,190.0,2025-02-21,209,0,316,1.0,1739979147924000000,1359,135900.0,2025-02-19,Automatic Execution,Aerospace,Aerospace - Defense,185.31,187.2299,181.83,186.15,149,5.133219456732494,1,0,0,0,1
BA,Aerospace,Aerospace - Defense,50__3,50,3.0,5. p99_trade_value,57000.0,210960.0,O:BA250221C00190000,BA,C,190.0,2025-02-21,209,0,316,0.75,1739986899658000000,999,74925.0,2025-02-19,Automatic Execution,Aerospace,Aerospace - Defense,185.31,187.2299,181.83,186.15,421,4.874626751617682,1,0,0,0,1
BA,Aerospace,Aerospace - Defense,50__3,50,3.0,5. p99_trade_value,57000.0,210960.0,O:BA250228P00180000,BA,P,180.0,2025-02-28,235,0,301,1.51,1739992108528000000,400,60400.0,2025-02-19,Multi Leg floor trade,Aerospace,Aerospace - Defense,185.31,187.2299,181.83,186.15,599,4.781036938621132,1,1,1,1,0
BA,Aerospace,Aerospace - Defense,50__3,50,3.0,5. p99_trade_value,57000.0,210960.0,O:BA250321P00175000,BA,P,175.0,2025-03-21,227,0,308,2.5,1739976914968000000,499,124750.0,2025-02-19,Single Leg Auction Non ISO,Aerospace,Aerospace - Defense,185.31,187.2299,181.83,186.15,167,5.096040554295428,1,1,1,0,0
BA,Aerospace,Aerospace - Defense,50__3,50,3.0,5. p99_trade_value,57000.0,210960.0,O:BA250321P00180000,BA,P,180.0,2025-03-21,232,0,303,4.31,1739982085818000000,195,84045.0,2025-02-19,Multi Leg auto-electronic trade,Aerospace,Aerospace - Defense,185.31,187.2299,181.83,186.15,336,4.92451188152325,1,1,1,1,0
BA,Aerospace,Aerospace - Defense,50__3,50,3.0,5. p99_trade_value,57000.0,210960.0,O:BA250228P00180000,BA,P,180.0,2025-02-28,235,0,323,2.82,1740083871310000000,250,70500.0,2025-02-20,Multi Leg floor trade,Aerospace,Aerospace - Defense,185.58,185.8,180.11,180.88,469,4.848189116991398,1,1,1,1,0
BA,Aerospace,Aerospace - Defense,50__3,50,3.0,5. p99_trade_value,57000.0,210960.0,O:BA250321P00150000,BA,P,150.0,2025-03-21,227,0,323,0.29,1740068696046000000,2381,69049.0,2025-02-20,Single Leg Auction Non ISO,Aerospace,Aerospace - Defense,185.58,185.8,180.11,180.88,479,4.839157393303836,1,1,0,0,0
BA,Aerospace,Aerospace - Defense,50__3,50,3.0,5. p99_trade_value,57000.0,210960.0,O:BA250321C00190000,BA,C,190.0,2025-03-21,235,0,300,2.92,1740428241765000000,320,93440.0,2025-02-24,Multi Leg floor trade,Aerospace,Aerospace - Defense,177.475,183.04,176.55,179.91,272,4.970532829768325,1,0,0,0,1
BA,Aerospace,Aerospace - Defense,50__3,50,3.0,4. p999_trade_value,211650.0,771344.0,O:BA250321C00200000,BA,C,200.0,2025-03-21,235,0,300,0.95,1740428241766000000,3840,364800.0,2025-02-24,Multi Leg floor trade,Aerospace,Aerospace - Defense,177.475,183.04,176.55,179.91,28,5.562054829656379,1,0,0,0,1
BA,Aerospace,Aerospace - Defense,50__3,50,3.0,5. p99_trade_value,57000.0,210960.0,O:BA250321C00200000,BA,C,200.0,2025-03-21,229,0,313,0.89,1740428597080000000,2000,178000.0,2025-02-24,Single Leg Cross Non ISO,Aerospace,Aerospace - Defense,177.475,183.04,176.55,179.91,89,5.250420002308894,1,0,0,0,1
BA,Aerospace,Aerospace - Defense,50__3,50,3.0,5. p99_trade_value,57000.0,210960.0,O:BA250321C00215000,BA,C,215.0,2025-03-21,235,0,300,0.14,1740428241766000000,4284,59976.00000000001,2025-02-24,Multi Leg floor trade,Aerospace,Aerospace - Defense,177.475,183.04,176.55,179.91,611,4.777977497838056,1,0,0,0,1
BA,Aerospace,Aerospace - Defense,50__3,50,3.0,5. p99_trade_value,57000.0,210960.0,O:BA250321C00190000,BA,C,190.0,2025-03-21,239,0,302,2.19,1740515143146000000,800,175200.0,2025-02-25,Multi Leg floor trade against single leg(s),Aerospace,Aerospace - Defense,180.45,181.88,176.34,178.27,93,5.243534101832062,1,0,0,0,1
BA,Aerospace,Aerospace - Defense,50__3,50,3.0,5. p99_trade_value,57000.0,210960.0,O:BA250321C00180000,BA,C,180.0,2025-03-21,239,0,302,3.76,1740602002590000000,160,60159.99999999999,2025-02-26,Multi Leg floor trade against single leg(s),Aerospace,Aerospace - Defense,179.49,179.49,171.83,173.04,604,4.779307827583586,1,1,1,0,0
BA,Aerospace,Aerospace - Defense,50__3,50,3.0,5. p99_trade_value,57000.0,210960.0,O:BA250321C00180000,BA,C,180.0,2025-03-21,239,0,302,3.76,1740601814245000000,160,60159.99999999999,2025-02-26,Multi Leg floor trade against single leg(s),Aerospace,Aerospace - Defense,179.49,179.49,171.83,173.04,605,4.779307827583586,1,1,1,0,0
BA,Aerospace,Aerospace - Defense,50__3,50,3.0,4. p999_trade_value,211650.0,771344.0,O:BA250321C00180000,BA,C,180.0,2025-03-21,239,0,302,3.76,1740601814310000000,600,225600.0,2025-02-26,Multi Leg floor trade against single leg(s),Aerospace,Aerospace - Defense,179.49,179.49,171.83,173.04,57,5.353339095311305,1,1,1,0,0
BA,Aerospace,Aerospace - Defense,50__3,50,3.0,5. p99_trade_value,57000.0,210960.0,O:BA250321C00190000,BA,C,190.0,2025-03-21,239,0,302,1.22,1740601814245000000,600,73200.0,2025-02-26,Multi Leg floor trade against single leg(s),Aerospace,Aerospace - Defense,179.49,179.49,171.83,173.04,434,4.864511081058392,1,0,0,0,1
BA,Aerospace,Aerospace - Defense,50__3,50,3.0,5. p99_trade_value,57000.0,210960.0,O:BA250321C00180000,BA,C,180.0,2025-03-21,227,0,323,4.58,1740671305618000000,150,68700.0,2025-02-27,Single Leg Auction Non ISO,Aerospace,Aerospace - Defense,174.52,177.15,173.59,173.83,480,4.83695673705955,1,1,1,0,0
BA,Aerospace,Aerospace - Defense,50__3,50,3.0,5. p99_trade_value,57000.0,210960.0,O:BA250307C00180000,BA,C,180.0,2025-03-07,209,0,307,1.75,1740756201438000000,436,76300.0,2025-02-28,Automatic Execution,Aerospace,Aerospace - Defense,174.36,176.3,173.4811,174.63,411,4.882524537954881,1,0,0,0,1
BA,Aerospace,Aerospace - Defense,50__3,50,3.0,5. p99_trade_value,57000.0,210960.0,O:BA250321P00150000,BA,P,150.0,2025-03-21,235,0,300,2.75,1741104052924000000,500,137500.0,2025-03-04,Multi Leg floor trade,Aerospace,Aerospace - Defense,167.37,168.38,156.69,158.9,144,5.138302698166282,1,1,0,0,0
BA,Aerospace,Aerospace - Defense,50__3,50,3.0,5. p99_trade_value,57000.0,210960.0,O:BA250328P00155000,BA,P,155.0,2025-03-28,209,0,313,4.25,1741099881984000000,190,80750.0,2025-03-04,Automatic Execution,Aerospace,Aerospace - Defense,167.37,168.38,156.69,158.9,367,4.9071425310031405,1,1,0,0,0
BA,Aerospace,Aerospace - Defense,50__3,50,3.0,4. p999_trade_value,211650.0,771344.0,O:BA250321P00155000,BA,P,155.0,2025-03-21,229,0,300,2.82,1741198380557000000,1200,338400.0,2025-03-05,Single Leg Cross Non ISO,Aerospace,Aerospace - Defense,159.96,164.33,158.81,163.16,32,5.529430354366986,1,1,0,0,0
BA,Aerospace,Aerospace - Defense,50__3,50,3.0,5. p99_trade_value,57000.0,210960.0,O:BA250314P00157500,BA,P,157.5,2025-03-14,209,0,313,3.7,1741289535234000000,182,67340.0,2025-03-06,Automatic Execution,Aerospace,Aerospace - Defense,161.42,162.69,157.94,158.43,493,4.82827311205207,1,1,0,0,0
BA,Aerospace,Aerospace - Defense,50__3,50,3.0,5. p99_trade_value,57000.0,210960.0,O:BA250321P00150000,BA,P,150.0,2025-03-21,231,0,323,2.35,1741287230477000000,250,58750.0,2025-03-06,Single Leg Floor Trade,Aerospace,Aerospace - Defense,161.42,162.69,157.94,158.43,639,4.769007870943774,1,1,0,0,0
BA,Aerospace,Aerospace - Defense,50__3,50,3.0,5. p99_trade_value,57000.0,210960.0,O:BA250404P00155000,BA,P,155.0,2025-04-04,209,0,316,4.9,1741271820030000000,228,111720.0,2025-03-06,Automatic Execution,Aerospace,Aerospace - Defense,161.42,162.69,157.94,158.43,188,5.048130927028968,1,1,1,1,0
BA,Aerospace,Aerospace - Defense,50__3,50,3.0,5. p99_trade_value,57000.0,210960.0,O:BA250404P00155000,BA,P,155.0,2025-04-04,209,0,319,4.9,1741271820030000000,190,93100.00000000001,2025-03-06,Automatic Execution,Aerospace,Aerospace - Defense,161.42,162.69,157.94,158.43,274,4.968949680981343,1,1,1,1,0
BA,Aerospace,Aerospace - Defense,50__3,50,3.0,5. p99_trade_value,57000.0,210960.0,O:BA250314C00165000,BA,C,165.0,2025-03-14,241,0,323,0.59,1741373609267000000,1500,88500.0,2025-03-07,Stock Options Cross,Aerospace,Aerospace - Defense,157.19,158.36,149.05,154.18,309,4.946943270697825,1,0,0,0,1
BA,Aerospace,Aerospace - Defense,50__3,50,3.0,5. p99_trade_value,57000.0,210960.0,O:BA250321P00145000,BA,P,145.0,2025-03-21,227,0,323,3.63,1741614370351000000,300,108900.0,2025-03-10,Single Leg Auction Non ISO,Aerospace,Aerospace - Defense,150.03,150.39,146.3,148.15,200,5.037027879755775,1,0,0,0,1
BA,Aerospace,Aerospace - Defense,50__3,50,3.0,5. p99_trade_value,57000.0,210960.0,O:BA250321C00165000,BA,C,165.0,2025-03-21,232,0,312,2.23,1741809512213000000,389,86747.0,2025-03-12,Multi Leg auto-electronic trade,Aerospace,Aerospace - Defense,157.0,159.54,153.6113,158.8,322,4.938254464373869,1,1,1,1,0
BA,Aerospace,Aerospace - Defense,50__3,50,3.0,5. p99_trade_value,57000.0,210960.0,O:BA250321C00170000,BA,C,170.0,2025-03-21,227,0,304,0.69,1741793476708000000,1442,99497.99999999999,2025-03-12,Single Leg Auction Non ISO,Aerospace,Aerospace - Defense,157.0,159.54,153.6113,158.8,235,4.997814351120666,1,1,1,1,0
BA,Aerospace,Aerospace - Defense,50__3,50,3.0,5. p99_trade_value,57000.0,210960.0,O:BA250411C00165000,BA,C,165.0,2025-04-11,209,0,323,4.25,1741787504601000000,166,70550.0,2025-03-12,Automatic Execution,Aerospace,Aerospace - Defense,157.0,159.54,153.6113,158.8,465,4.848497018090367,1,1,0,0,0
BA,Aerospace,Aerospace - Defense,50__3,50,3.0,5. p99_trade_value,57000.0,210960.0,O:BA250417C00175000,BA,C,175.0,2025-04-17,209,0,313,2.18,1742323506658000000,262,57116.00000000001,2025-03-18,Automatic Execution,Aerospace,Aerospace - Defense,161.44,162.23,158.79,161.57,668,4.756757784924351,1,1,0,0,0
BA,Aerospace,Aerospace - Defense,50__3,50,3.0,5. p99_trade_value,57000.0,210960.0,O:BA250417C00185000,BA,C,185.0,2025-04-17,209,0,325,1.9,1742406977278000000,459,87209.99999999999,2025-03-19,Automatic Execution,Aerospace,Aerospace - Defense,165.32,174.2,165.0,172.62,317,4.94056628649009,1,0,0,0,1
BA,Aerospace,Aerospace - Defense,50__3,50,3.0,5. p99_trade_value,57000.0,210960.0,O:BA250417P00150000,BA,P,150.0,2025-04-17,233,0,300,0.91,1742394388999000000,1040,94640.0,2025-03-19,Multi Leg Auction,Aerospace,Aerospace - Defense,165.32,174.2,165.0,172.62,265,4.976074731619874,1,1,0,0,0
BA,Aerospace,Aerospace - Defense,50__3,50,3.0,5. p99_trade_value,57000.0,210960.0,O:BA250417C00175000,BA,C,175.0,2025-04-17,209,0,303,5.55,1742492873522000000,149,82695.0,2025-03-20,Automatic Execution,Aerospace,Aerospace - Defense,171.14,173.1,170.31,172.83,348,4.91747925153495,1,1,0,0,0
BA,Aerospace,Aerospace - Defense,50__3,50,3.0,5. p99_trade_value,57000.0,210960.0,O:BA250328C00195000,BA,C,195.0,2025-03-28,241,0,323,0.52,1742577903442000000,1600,83200.0,2025-03-21,Stock Options Cross,Aerospace,Aerospace - Defense,172.06,183.46,170.77,178.11,346,4.920123326290724,1,0,0,0,1
BA,Aerospace,Aerospace - Defense,50__3,50,3.0,5. p99_trade_value,57000.0,210960.0,O:BA250404C00185000,BA,C,185.0,2025-04-04,209,0,304,3.0,1742581451721000000,238,71400.0,2025-03-21,Automatic Execution,Aerospace,Aerospace - Defense,172.06,183.46,170.77,178.11,453,4.853698211776174,1,0,0,0,1
BA,Aerospace,Aerospace - Defense,50__3,50,3.0,5. p99_trade_value,57000.0,210960.0,O:BA250417C00185000,BA,C,185.0,2025-04-17,209,0,316,2.73,1742567284571000000,218,59514.0,2025-03-21,Automatic Execution,Aerospace,Aerospace - Defense,172.06,183.46,170.77,178.11,622,4.774619140645361,1,0,0,0,1
BA,Aerospace,Aerospace - Defense,50__3,50,3.0,5. p99_trade_value,57000.0,210960.0,O:BA250417C00185000,BA,C,185.0,2025-04-17,235,0,301,5.2,1742569878785000000,140,72800.0,2025-03-21,Multi Leg floor trade,Aerospace,Aerospace - Defense,172.06,183.46,170.77,178.11,442,4.862131379313038,1,0,0,0,1
BA,Aerospace,Aerospace - Defense,50__3,50,3.0,5. p99_trade_value,57000.0,210960.0,O:BA250417C00190000,BA,C,190.0,2025-04-17,235,0,300,2.7,1742584230001000000,600,162000.0,2025-03-21,Multi Leg floor trade,Aerospace,Aerospace - Defense,172.06,183.46,170.77,178.11,105,5.209515014542631,1,0,0,0,1
BA,Aerospace,Aerospace - Defense,50__3,50,3.0,5. p99_trade_value,57000.0,210960.0,O:BA250417C00200000,BA,C,200.0,2025-04-17,209,0,313,1.2,1742571290269000000,500,60000.0,2025-03-21,Automatic Execution,Aerospace,Aerospace - Defense,172.06,183.46,170.77,178.11,610,4.778151250383644,1,0,0,0,1
BA,Aerospace,Aerospace - Defense,50__3,50,3.0,5. p99_trade_value,57000.0,210960.0,O:BA250417C00200000,BA,C,200.0,2025-04-17,209,0,313,1.5,1742570497097000000,486,72900.0,2025-03-21,Automatic Execution,Aerospace,Aerospace - Defense,172.06,183.46,170.77,178.11,439,4.862727528317975,1,0,0,0,1
BA,Aerospace,Aerospace - Defense,50__3,50,3.0,5. p99_trade_value,57000.0,210960.0,O:BA250417C00200000,BA,C,200.0,2025-04-17,209,0,325,1.35,1742575585607000000,992,133920.0,2025-03-21,Automatic Execution,Aerospace,Aerospace - Defense,172.06,183.46,170.77,178.11,151,5.126845440649185,1,0,0,0,1
BA,Aerospace,Aerospace - Defense,50__3,50,3.0,5. p99_trade_value,57000.0,210960.0,O:BA250417C00200000,BA,C,200.0,2025-04-17,227,0,302,1.55,1742579000819000000,500,77500.0,2025-03-21,Single Leg Auction Non ISO,Aerospace,Aerospace - Defense,172.06,183.46,170.77,178.11,395,4.889301702506311,1,0,0,0,1
BA,Aerospace,Aerospace - Defense,50__3,50,3.0,5. p99_trade_value,57000.0,210960.0,O:BA250417C00200000,BA,C,200.0,2025-04-17,209,0,325,1.6,1742579061877000000,498,79680.0,2025-03-21,Automatic Execution,Aerospace,Aerospace - Defense,172.06,183.46,170.77,178.11,376,4.901349325415643,1,0,0,0,1
BA,Aerospace,Aerospace - Defense,50__3,50,3.0,5. p99_trade_value,57000.0,210960.0,O:BA250417C00185000,BA,C,185.0,2025-04-17,209,0,303,5.0,1742823032835000000,182,91000.0,2025-03-24,Automatic Execution,Aerospace,Aerospace - Defense,182.03,184.4,180.4411,180.9,286,4.959041392321094,1,0,0,0,1
BA,Aerospace,Aerospace - Defense,50__3,50,3.0,1. p999999_trade_value,1071000.0,1071000.0,O:BA250417C00185000,BA,C,185.0,2025-04-17,229,0,300,5.1,1742830983898000000,2100,1071000.0,2025-03-24,Single Leg Cross Non ISO,Aerospace,Aerospace - Defense,182.03,184.4,180.4411,180.9,1,6.029789470831855,1,0,0,0,1
BA,Aerospace,Aerospace - Defense,50__3,50,3.0,5. p99_trade_value,57000.0,210960.0,O:BA250417P00170000,BA,P,170.0,2025-04-17,209,0,316,1.9,1742829101644000000,577,109630.0,2025-03-24,Automatic Execution,Aerospace,Aerospace - Defense,182.03,184.4,180.4411,180.9,195,5.039929414108561,1,1,1,1,0
BA,Aerospace,Aerospace - Defense,50__3,50,3.0,5. p99_trade_value,57000.0,210960.0,O:BA250417C00200000,BA,C,200.0,2025-04-17,209,0,313,1.1,1742913699045000000,750,82500.00000000001,2025-03-25,Automatic Execution,Aerospace,Aerospace - Defense,182.16,183.85,180.36,182.59,351,4.9164539485499255,1,0,0,0,1
BA,Aerospace,Aerospace - Defense,50__3,50,3.0,5. p99_trade_value,57000.0,210960.0,O:BA250328C00185000,BA,C,185.0,2025-03-28,209,0,313,1.2,1743001522612000000,734,88080.0,2025-03-26,Automatic Execution,Aerospace,Aerospace - Defense,182.525,183.2278,177.28,178.55,313,4.944877305963695,1,0,0,0,1
BA,Aerospace,Aerospace - Defense,50__3,50,3.0,5. p99_trade_value,57000.0,210960.0,O:BA250417C00185000,BA,C,185.0,2025-04-17,209,0,313,3.2,1743013922144000000,310,99200.0,2025-03-26,Automatic Execution,Aerospace,Aerospace - Defense,182.525,183.2278,177.28,178.55,237,4.9965116721541785,1,0,0,0,1
BA,Aerospace,Aerospace - Defense,50__3,50,3.0,5. p99_trade_value,57000.0,210960.0,O:BA250417P00175000,BA,P,175.0,2025-04-17,209,0,313,4.05,1743013899815000000,496,200880.0,2025-03-26,Automatic Execution,Aerospace,Aerospace - Defense,182.525,183.2278,177.28,178.55,72,5.302936699704866,1,1,1,1,0
BA,Aerospace,Aerospace - Defense,50__3,50,3.0,5. p99_trade_value,57000.0,210960.0,O:BA250417P00175000,BA,P,175.0,2025-04-17,209,0,313,4.15,1743014164804000000,269,111635.00000000001,2025-03-26,Automatic Execution,Aerospace,Aerospace - Defense,182.525,183.2278,177.28,178.55,189,5.047800376714501,1,1,1,1,0
BA,Aerospace,Aerospace - Defense,50__3,50,3.0,5. p99_trade_value,57000.0,210960.0,O:BA250417P00162500,BA,P,162.5,2025-04-17,232,0,312,0.85,1743102826404000000,900,76500.0,2025-03-27,Multi Leg auto-electronic trade,Aerospace,Aerospace - Defense,178.53,182.22,178.0334,179.11,405,4.883661435153617,1,1,1,1,0
BA,Aerospace,Aerospace - Defense,50__3,50,3.0,4. p999_trade_value,211650.0,771344.0,O:BA250417P00172500,BA,P,172.5,2025-04-17,232,0,312,2.59,1743102826404000000,900,233100.0,2025-03-27,Multi Leg auto-electronic trade,Aerospace,Aerospace - Defense,178.53,182.22,178.0334,179.11,54,5.367542273520577,1,1,1,1,0
BA,Aerospace,Aerospace - Defense,50__3,50,3.0,5. p99_trade_value,57000.0,210960.0,O:BA250417P00172500,BA,P,172.5,2025-04-17,232,0,312,2.59,1743102826404000000,224,58016.0,2025-03-27,Multi Leg auto-electronic trade,Aerospace,Aerospace - Defense,178.53,182.22,178.0334,179.11,651,4.763547782415414,1,1,1,1,0
BA,Aerospace,Aerospace - Defense,50__3,50,3.0,4. p999_trade_value,211650.0,771344.0,O:BA250417C00180000,BA,C,180.0,2025-04-17,227,0,323,3.31,1743172628207000000,1198,396538.0,2025-03-28,Single Leg Auction Non ISO,Aerospace,Aerospace - Defense,177.75,178.5,172.45,173.31,22,5.598284811829012,1,0,0,0,1
BA,Aerospace,Aerospace - Defense,50__3,50,3.0,5. p99_trade_value,57000.0,210960.0,O:BA250417C00182500,BA,C,182.5,2025-04-17,209,0,316,2.43,1743189849055000000,236,57348.0,2025-03-28,Automatic Execution,Aerospace,Aerospace - Defense,177.75,178.5,172.45,173.31,666,4.758518276568418,1,0,0,0,1
BA,Aerospace,Aerospace - Defense,50__3,50,3.0,5. p99_trade_value,57000.0,210960.0,O:BA250417P00167500,BA,P,167.5,2025-04-17,209,0,319,3.15,1743191546545000000,195,61425.0,2025-03-28,Automatic Execution,Aerospace,Aerospace - Defense,177.75,178.5,172.45,173.31,582,4.788345165152118,1,1,1,1,0
BA,Aerospace,Aerospace - Defense,50__3,50,3.0,5. p99_trade_value,57000.0,210960.0,O:BA250417P00170000,BA,P,170.0,2025-04-17,235,0,300,3.35,1743174875108000000,200,67000.0,2025-03-28,Multi Leg floor trade,Aerospace,Aerospace - Defense,177.75,178.5,172.45,173.31,494,4.826074802700826,1,1,1,1,0
BA,Aerospace,Aerospace - Defense,50__3,50,3.0,5. p99_trade_value,57000.0,210960.0,O:BA250411P00165000,BA,P,165.0,2025-04-11,232,0,308,3.82,1743428498446000000,150,57300.0,2025-03-31,Multi Leg auto-electronic trade,Aerospace,Aerospace - Defense,170.65,172.2099,166.792,170.55,667,4.75815462196739,1,1,1,1,0
BA,Aerospace,Aerospace - Defense,50__3,50,3.0,5. p99_trade_value,57000.0,210960.0,O:BA250417P00165000,BA,P,165.0,2025-04-17,209,0,307,4.6,1743429018559000000,153,70380.0,2025-03-31,Automatic Execution,Aerospace,Aerospace - Defense,170.65,172.2099,166.792,170.55,471,4.847449262499173,1,1,1,1,0
BA,Aerospace,Aerospace - Defense,50__3,50,3.0,5. p99_trade_value,57000.0,210960.0,O:BA250417P00165000,BA,P,165.0,2025-04-17,209,0,307,4.6,1743429020963000000,227,104419.99999999999,2025-03-31,Automatic Execution,Aerospace,Aerospace - Defense,170.65,172.2099,166.792,170.55,211,5.018783688874697,1,1,1,1,0
BA,Aerospace,Aerospace - Defense,50__3,50,3.0,5. p99_trade_value,57000.0,210960.0,O:BA250417P00165000,BA,P,165.0,2025-04-17,209,0,307,4.6,1743429017169000000,131,60259.99999999999,2025-03-31,Automatic Execution,Aerospace,Aerospace - Defense,170.65,172.2099,166.792,170.55,603,4.780029127337338,1,1,1,1,0
BA,Aerospace,Aerospace - Defense,50__3,50,3.0,5. p99_trade_value,57000.0,210960.0,O:BA250417P00165000,BA,P,165.0,2025-04-17,209,0,307,4.55,1743429025731000000,137,62335.0,2025-03-31,Automatic Execution,Aerospace,Aerospace - Defense,170.65,172.2099,166.792,170.55,571,4.794731963813519,1,1,1,1,0
BA,Aerospace,Aerospace - Defense,50__3,50,3.0,5. p99_trade_value,57000.0,210960.0,O:BA250417P00165000,BA,P,165.0,2025-04-17,209,0,307,4.5,1743429036518000000,214,96300.0,2025-03-31,Automatic Execution,Aerospace,Aerospace - Defense,170.65,172.2099,166.792,170.55,253,4.983626287124535,1,1,1,1,0
BA,Aerospace,Aerospace - Defense,50__3,50,3.0,5. p99_trade_value,57000.0,210960.0,O:BA250417P00165000,BA,P,165.0,2025-04-17,209,0,307,4.6,1743429025213000000,182,83720.0,2025-03-31,Automatic Execution,Aerospace,Aerospace - Defense,170.65,172.2099,166.792,170.55,340,4.9228292196666485,1,1,1,1,0
BA,Aerospace,Aerospace - Defense,50__3,50,3.0,5. p99_trade_value,57000.0,210960.0,O:BA250411C00180000,BA,C,180.0,2025-04-11,209,0,325,0.8,1743515061180000000,2489,199120.0,2025-04-01,Automatic Execution,Aerospace,Aerospace - Defense,170.0,170.975,164.2191,168.17,73,5.299114883600537,1,0,0,0,1
BA,Aerospace,Aerospace - Defense,50__3,50,3.0,5. p99_trade_value,57000.0,210960.0,O:BA250417C00175000,BA,C,175.0,2025-04-17,232,0,308,2.76,1743519482222000000,213,58788.0,2025-04-01,Multi Leg auto-electronic trade,Aerospace,Aerospace - Defense,170.0,170.975,164.2191,168.17,638,4.769288685503955,1,0,0,0,1
BA,Aerospace,Aerospace - Defense,50__3,50,3.0,5. p99_trade_value,57000.0,210960.0,O:BA250417C00180000,BA,C,180.0,2025-04-17,209,0,313,1.55,1743519538906000000,500,77500.0,2025-04-01,Automatic Execution,Aerospace,Aerospace - Defense,170.0,170.975,164.2191,168.17,392,4.889301702506311,1,0,0,0,1
BA,Aerospace,Aerospace - Defense,50__3,50,3.0,4. p999_trade_value,211650.0,771344.0,O:BA250417P00160000,BA,P,160.0,2025-04-17,235,0,313,2.67,1743518474611000000,2315,618105.0,2025-04-01,Multi Leg floor trade,Aerospace,Aerospace - Defense,170.0,170.975,164.2191,168.17,13,5.791062256718547,1,1,1,0,0
BA,Aerospace,Aerospace - Defense,50__3,50,3.0,5. p99_trade_value,57000.0,210960.0,O:BA250425C00175000,BA,C,175.0,2025-04-25,209,0,323,5.0,1743523792707000000,143,71500.0,2025-04-01,Automatic Execution,Aerospace,Aerospace - Defense,170.0,170.975,164.2191,168.17,452,4.854306041801081,1,1,1,1,0
BA,Aerospace,Aerospace - Defense,50__3,50,3.0,5. p99_trade_value,57000.0,210960.0,O:BA250425C00175000,BA,C,175.0,2025-04-25,209,0,307,4.9,1743523862386000000,200,98000.00000000001,2025-04-01,Automatic Execution,Aerospace,Aerospace - Defense,170.0,170.975,164.2191,168.17,244,4.991226075692495,1,1,1,1,0
BA,Aerospace,Aerospace - Defense,50__3,50,3.0,5. p99_trade_value,57000.0,210960.0,O:BA250425C00175000,BA,C,175.0,2025-04-25,209,0,313,3.7,1743533433029000000,199,73630.0,2025-04-01,Automatic Execution,Aerospace,Aerospace - Defense,170.0,170.975,164.2191,168.17,429,4.867054800476701,1,1,1,1,0
BA,Aerospace,Aerospace - Defense,50__3,50,3.0,5. p99_trade_value,57000.0,210960.0,O:BA250411P00165000,BA,P,165.0,2025-04-11,209,0,313,3.1,1743601153521000000,250,77500.0,2025-04-02,Automatic Execution,Aerospace,Aerospace - Defense,166.4,170.38,165.55,168.56,394,4.889301702506311,1,1,1,1,0
BA,Aerospace,Aerospace - Defense,50__3,50,3.0,5. p99_trade_value,57000.0,210960.0,O:BA250425C00175000,BA,C,175.0,2025-04-25,209,0,303,3.95,1743601145237000000,200,79000.0,2025-04-02,Automatic Execution,Aerospace,Aerospace - Defense,166.4,170.38,165.55,168.56,381,4.897627091290442,1,1,1,1,0
BA,Aerospace,Aerospace - Defense,50__3,50,3.0,5. p99_trade_value,57000.0,210960.0,O:BA250417C00165000,BA,C,165.0,2025-04-17,233,0,312,1.4,1743707285981000000,1400,195999.99999999997,2025-04-03,Multi Leg Auction,Aerospace,Aerospace - Defense,160.0,160.21,150.41,150.91,75,5.292256071356476,1,0,0,0,1
BA,Aerospace,Aerospace - Defense,50__3,50,3.0,5. p99_trade_value,57000.0,210960.0,O:BA250417C00170000,BA,C,170.0,2025-04-17,233,0,312,0.7,1743707285981000000,1400,97999.99999999999,2025-04-03,Multi Leg Auction,Aerospace,Aerospace - Defense,160.0,160.21,150.41,150.91,246,4.991226075692495,1,0,0,0,1
BA,Aerospace,Aerospace - Defense,50__3,50,3.0,5. p99_trade_value,57000.0,210960.0,O:BA250417P00150000,BA,P,150.0,2025-04-17,209,0,316,3.35,1743690066860000000,237,79395.0,2025-04-03,Automatic Execution,Aerospace,Aerospace - Defense,160.0,160.21,150.41,150.91,378,4.899793153046949,1,1,0,0,0
BA,Aerospace,Aerospace - Defense,50__3,50,3.0,5. p99_trade_value,57000.0,210960.0,O:BA250417C00160000,BA,C,160.0,2025-04-17,233,0,309,1.16,1743782835276000000,500,58000.0,2025-04-04,Multi Leg Auction,Aerospace,Aerospace - Defense,143.3,146.0,132.79,136.59,654,4.763427993562937,1,1,1,1,0
BA,Aerospace,Aerospace - Defense,50__3,50,3.0,5. p99_trade_value,57000.0,210960.0,O:BA250425C00150000,BA,C,150.0,2025-04-25,209,0,316,4.99,1743773517204000000,200,99800.0,2025-04-04,Automatic Execution,Aerospace,Aerospace - Defense,143.3,146.0,132.79,136.59,230,4.999130541287371,1,1,1,1,0
BA,Aerospace,Aerospace - Defense,50__3,50,3.0,5. p99_trade_value,57000.0,210960.0,O:BA250425C00150000,BA,C,150.0,2025-04-25,209,0,316,4.99,1743773524461000000,150,74850.0,2025-04-04,Automatic Execution,Aerospace,Aerospace - Defense,143.3,146.0,132.79,136.59,422,4.8741918046790715,1,1,1,1,0
BA,Aerospace,Aerospace - Defense,50__3,50,3.0,5. p99_trade_value,57000.0,210960.0,O:BA250425C00150000,BA,C,150.0,2025-04-25,209,0,316,4.99,1743773523645000000,200,99800.0,2025-04-04,Automatic Execution,Aerospace,Aerospace - Defense,143.3,146.0,132.79,136.59,229,4.999130541287371,1,1,1,1,0
BA,Aerospace,Aerospace - Defense,50__3,50,3.0,5. p99_trade_value,57000.0,210960.0,O:BA250425C00150000,BA,C,150.0,2025-04-25,227,0,312,4.51,1743777198102000000,200,90200.0,2025-04-04,Single Leg Auction Non ISO,Aerospace,Aerospace - Defense,143.3,146.0,132.79,136.59,290,4.955206537541942,1,1,1,1,0
BA,Aerospace,Aerospace - Defense,50__3,50,3.0,5. p99_trade_value,57000.0,210960.0,O:BA250425C00150000,BA,C,150.0,2025-04-25,227,0,312,4.51,1743777198102000000,199,89749.0,2025-04-04,Single Leg Auction Non ISO,Aerospace,Aerospace - Defense,143.3,146.0,132.79,136.59,299,4.953029618287667,1,1,1,1,0
BA,Aerospace,Aerospace - Defense,50__3,50,3.0,4. p999_trade_value,211650.0,771344.0,O:BA250425C00150000,BA,C,150.0,2025-04-25,209,0,316,4.51,1743777197916000000,499,225048.99999999997,2025-04-04,Automatic Execution,Aerospace,Aerospace - Defense,143.3,146.0,132.79,136.59,58,5.35227708750135,1,1,1,1,0
BA,Aerospace,Aerospace - Defense,50__3,50,3.0,4. p999_trade_value,211650.0,771344.0,O:BA250425C00150000,BA,C,150.0,2025-04-25,209,0,316,4.99,1743773524461000000,450,224550.0,2025-04-04,Automatic Execution,Aerospace,Aerospace - Defense,143.3,146.0,132.79,136.59,60,5.351313059398733,1,1,1,1,0
BA,Aerospace,Aerospace - Defense,50__3,50,3.0,5. p99_trade_value,57000.0,210960.0,O:BA250425C00155000,BA,C,155.0,2025-04-25,227,0,323,3.34,1743796017610000000,200,66800.0,2025-04-04,Single Leg Auction Non ISO,Aerospace,Aerospace - Defense,143.3,146.0,132.79,136.59,496,4.824776462475546,1,1,1,1,0
BA,Aerospace,Aerospace - Defense,50__3,50,3.0,5. p99_trade_value,57000.0,210960.0,O:BA250502P00125000,BA,P,125.0,2025-05-02,209,0,307,4.0,1743774280345000000,200,80000.0,2025-04-04,Automatic Execution,Aerospace,Aerospace - Defense,143.3,146.0,132.79,136.59,372,4.903089986991944,1,0,0,0,1
BA,Aerospace,Aerospace - Defense,50__3,50,3.0,5. p99_trade_value,57000.0,210960.0,O:BA250411P00128000,BA,P,128.0,2025-04-11,209,0,316,4.7,1744034322767000000,136,63920.00000000001,2025-04-07,Automatic Execution,Aerospace,Aerospace - Defense,132.05,143.9722,128.8801,138.86,542,4.805636766305935,1,0,0,0,1
BA,Aerospace,Aerospace - Defense,50__3,50,3.0,5. p99_trade_value,57000.0,210960.0,O:BA250417P00090000,BA,P,90.0,2025-04-17,232,0,304,0.71,1744039807590000000,924,65604.0,2025-04-07,Multi Leg auto-electronic trade,Aerospace,Aerospace - Defense,132.05,143.9722,128.8801,138.86,513,4.816930319939182,1,0,0,0,1
BA,Aerospace,Aerospace - Defense,50__3,50,3.0,5. p99_trade_value,57000.0,210960.0,O:BA250417P00110000,BA,P,110.0,2025-04-17,232,0,304,2.61,1744039807590000000,462,120582.0,2025-04-07,Multi Leg auto-electronic trade,Aerospace,Aerospace - Defense,132.05,143.9722,128.8801,138.86,173,5.081282482894406,1,0,0,0,1
BA,Aerospace,Aerospace - Defense,50__3,50,3.0,5. p99_trade_value,57000.0,210960.0,O:BA250417P00124000,BA,P,124.0,2025-04-17,209,0,316,5.0,1744038933610000000,167,83500.0,2025-04-07,Automatic Execution,Aerospace,Aerospace - Defense,132.05,143.9722,128.8801,138.86,342,4.921686475483602,1,0,0,0,1
BA,Aerospace,Aerospace - Defense,50__3,50,3.0,5. p99_trade_value,57000.0,210960.0,O:BA250425C00145000,BA,C,145.0,2025-04-25,232,0,308,6.78,1744036445015000000,91,61698.0,2025-04-07,Multi Leg auto-electronic trade,Aerospace,Aerospace - Defense,132.05,143.9722,128.8801,138.86,579,4.790271086188157,1,1,1,1,0
BA,Aerospace,Aerospace - Defense,50__3,50,3.0,5. p99_trade_value,57000.0,210960.0,O:BA250502C00145000,BA,C,145.0,2025-05-02,227,0,302,7.96,1744055613732000000,80,63679.99999999999,2025-04-07,Single Leg Auction Non ISO,Aerospace,Aerospace - Defense,132.05,143.9722,128.8801,138.86,550,4.804003054729613,1,1,1,1,0
BA,Aerospace,Aerospace - Defense,50__3,50,3.0,5. p99_trade_value,57000.0,210960.0,O:BA250425C00150000,BA,C,150.0,2025-04-25,209,0,313,6.8,1744124485342000000,123,83640.0,2025-04-08,Automatic Execution,Aerospace,Aerospace - Defense,146.85,147.77,137.4,139.39,341,4.922414024145635,1,1,1,1,0
BA,Aerospace,Aerospace - Defense,50__3,50,3.0,5. p99_trade_value,57000.0,210960.0,O:BA250425C00152500,BA,C,152.5,2025-04-25,227,0,323,5.12,1744132696404000000,122,62464.0,2025-04-08,Single Leg Auction Non ISO,Aerospace,Aerospace - Defense,146.85,147.77,137.4,139.39,567,4.795629791650579,1,1,1,1,0
BA,Aerospace,Aerospace - Defense,50__3,50,3.0,5. p99_trade_value,57000.0,210960.0,O:BA250425P00135000,BA,P,135.0,2025-04-25,209,0,307,6.25,1744132679751000000,161,100625.0,2025-04-08,Automatic Execution,Aerospace,Aerospace - Defense,146.85,147.77,137.4,139.39,224,5.002705893375925,1,0,0,0,1
BA,Aerospace,Aerospace - Defense,50__3,50,3.0,5. p99_trade_value,57000.0,210960.0,O:BA250425P00135000,BA,P,135.0,2025-04-25,209,0,316,8.05,1744140369974000000,75,60375.0,2025-04-08,Automatic Execution,Aerospace,Aerospace - Defense,146.85,147.77,137.4,139.39,600,4.780857143759569,1,0,0,0,1
BA,Aerospace,Aerospace - Defense,50__3,50,3.0,5. p99_trade_value,57000.0,210960.0,O:BA250417C00167500,BA,C,167.5,2025-04-17,209,0,313,1.7,1744221114879000000,375,63750.0,2025-04-09,Automatic Execution,Aerospace,Aerospace - Defense,138.845,162.43,137.9431,160.82,547,4.804480189105993,1,0,0,0,1
BA,Aerospace,Aerospace - Defense,50__3,50,3.0,5. p99_trade_value,57000.0,210960.0,O:BA250509P00140000,BA,P,140.0,2025-05-09,209,0,319,7.25,1744301966836000000,82,59450.0,2025-04-10,Automatic Execution,Aerospace,Aerospace - Defense,154.98,157.345,149.41,155.52,625,4.774151858954711,1,0,0,0,1
BA,Aerospace,Aerospace - Defense,50__3,50,3.0,5. p99_trade_value,57000.0,210960.0,O:BA250509P00140000,BA,P,140.0,2025-05-09,209,0,312,7.25,1744301966836000000,99,71775.0,2025-04-10,Automatic Execution,Aerospace,Aerospace - Defense,154.98,157.345,149.41,155.52,450,4.855973201168544,1,0,0,0,1
BA,Aerospace,Aerospace - Defense,50__3,50,3.0,5. p99_trade_value,57000.0,210960.0,O:BA250509P00140000,BA,P,140.0,2025-05-09,209,0,300,7.25,1744301966836000000,80,58000.0,2025-04-10,Automatic Execution,Aerospace,Aerospace - Defense,154.98,157.345,149.41,155.52,655,4.763427993562937,1,0,0,0,1
BA,Aerospace,Aerospace - Defense,50__3,50,3.0,5. p99_trade_value,57000.0,210960.0,O:BA250425C00160000,BA,C,160.0,2025-04-25,209,0,325,6.1,1744393594015000000,249,151890.0,2025-04-11,Automatic Execution,Aerospace,Aerospace - Defense,154.62,157.59,152.0,156.84,123,5.1815291821065035,1,1,1,1,0
BA,Aerospace,Aerospace - Defense,50__3,50,3.0,5. p99_trade_value,57000.0,210960.0,O:BA250425C00160000,BA,C,160.0,2025-04-25,209,0,320,6.4,1744379047522000000,250,160000.0,2025-04-11,Automatic Execution,Aerospace,Aerospace - Defense,154.62,157.59,152.0,156.84,109,5.204119982655925,1,1,1,1,0
BA,Aerospace,Aerospace - Defense,50__3,50,3.0,5. p99_trade_value,57000.0,210960.0,O:BA250425C00160000,BA,C,160.0,2025-04-25,209,0,307,6.4,1744400821383000000,104,66560.0,2025-04-11,Automatic Execution,Aerospace,Aerospace - Defense,154.62,157.59,152.0,156.84,501,4.823213313282667,1,1,1,1,0
BA,Aerospace,Aerospace - Defense,50__3,50,3.0,5. p99_trade_value,57000.0,210960.0,O:BA250425C00160000,BA,C,160.0,2025-04-25,209,0,307,6.35,1744401152660000000,202,128269.99999999999,2025-04-11,Automatic Execution,Aerospace,Aerospace - Defense,154.62,157.59,152.0,156.84,159,5.108125094738599,1,1,1,1,0
BA,Aerospace,Aerospace - Defense,50__3,50,3.0,5. p99_trade_value,57000.0,210960.0,O:BA250425C00160000,BA,C,160.0,2025-04-25,209,0,307,6.4,1744401180257000000,164,104960.00000000001,2025-04-11,Automatic Execution,Aerospace,Aerospace - Defense,154.62,157.59,152.0,156.84,209,5.0210238220315855,1,1,1,1,0
BA,Aerospace,Aerospace - Defense,50__3,50,3.0,5. p99_trade_value,57000.0,210960.0,O:BA250425C00160000,BA,C,160.0,2025-04-25,209,0,307,6.4,1744401073071000000,214,136960.0,2025-04-11,Automatic Execution,Aerospace,Aerospace - Defense,154.62,157.59,152.0,156.84,146,5.136593747333078,1,1,1,1,0
BA,Aerospace,Aerospace - Defense,50__3,50,3.0,5. p99_trade_value,57000.0,210960.0,O:BA250425C00160000,BA,C,160.0,2025-04-25,209,0,307,6.3,1744401025371000000,189,119070.0,2025-04-11,Automatic Execution,Aerospace,Aerospace - Defense,154.62,157.59,152.0,156.84,178,5.075802353626826,1,1,1,1,0
BA,Aerospace,Aerospace - Defense,50__3,50,3.0,5. p99_trade_value,57000.0,210960.0,O:BA250425C00160000,BA,C,160.0,2025-04-25,209,0,307,6.35,1744400942300000000,154,97790.0,2025-04-11,Automatic Execution,Aerospace,Aerospace - Defense,154.62,157.59,152.0,156.84,247,4.990294446128439,1,1,1,1,0
BA,Aerospace,Aerospace - Defense,50__3,50,3.0,5. p99_trade_value,57000.0,210960.0,O:BA250425C00160000,BA,C,160.0,2025-04-25,209,0,307,6.35,1744400704037000000,110,69850.0,2025-04-11,Automatic Execution,Aerospace,Aerospace - Defense,154.62,157.59,152.0,156.84,474,4.8441664104502005,1,1,1,1,0
BA,Aerospace,Aerospace - Defense,50__3,50,3.0,5. p99_trade_value,57000.0,210960.0,O:BA250425C00160000,BA,C,160.0,2025-04-25,209,0,307,6.35,1744400747944000000,116,73659.99999999999,2025-04-11,Automatic Execution,Aerospace,Aerospace - Defense,154.62,157.59,152.0,156.84,427,4.867231714518894,1,1,1,1,0
BA,Aerospace,Aerospace - Defense,50__3,50,3.0,5. p99_trade_value,57000.0,210960.0,O:BA250425C00160000,BA,C,160.0,2025-04-25,209,0,316,6.1,1744390555879000000,124,75640.0,2025-04-11,Automatic Execution,Aerospace,Aerospace - Defense,154.62,157.59,152.0,156.84,415,4.878751520173002,1,1,1,1,0
BA,Aerospace,Aerospace - Defense,50__3,50,3.0,5. p99_trade_value,57000.0,210960.0,O:BA250425C00160000,BA,C,160.0,2025-04-25,209,0,307,6.3,1744400958774000000,156,98280.0,2025-04-11,Automatic Execution,Aerospace,Aerospace - Defense,154.62,157.59,152.0,156.84,243,4.992465147808043,1,1,1,1,0
BA,Aerospace,Aerospace - Defense,50__3,50,3.0,5. p99_trade_value,57000.0,210960.0,O:BA250425C00160000,BA,C,160.0,2025-04-25,209,0,313,6.0,1744386005929000000,249,149400.0,2025-04-11,Automatic Execution,Aerospace,Aerospace - Defense,154.62,157.59,152.0,156.84,128,5.17435059747938,1,1,1,1,0
BA,Aerospace,Aerospace - Defense,50__3,50,3.0,5. p99_trade_value,57000.0,210960.0,O:BA250425C00160000,BA,C,160.0,2025-04-25,209,0,307,6.4,1744401173922000000,147,94080.0,2025-04-11,Automatic Execution,Aerospace,Aerospace - Defense,154.62,157.59,152.0,156.84,269,4.973497308732063,1,1,1,1,0
BA,Aerospace,Aerospace - Defense,50__3,50,3.0,5. p99_trade_value,57000.0,210960.0,O:BA250425C00160000,BA,C,160.0,2025-04-25,209,0,307,6.3,1744400663767000000,140,88200.0,2025-04-11,Automatic Execution,Aerospace,Aerospace - Defense,154.62,157.59,152.0,156.84,312,4.945468585131819,1,1,1,1,0
BA,Aerospace,Aerospace - Defense,50__3,50,3.0,5. p99_trade_value,57000.0,210960.0,O:BA250425C00160000,BA,C,160.0,2025-04-25,209,0,307,6.4,1744400915041000000,133,85120.0,2025-04-11,Automatic Execution,Aerospace,Aerospace - Defense,154.62,157.59,152.0,156.84,329,4.930031614950973,1,1,1,1,0
BA,Aerospace,Aerospace - Defense,50__3,50,3.0,5. p99_trade_value,57000.0,210960.0,O:BA250425C00165000,BA,C,165.0,2025-04-25,209,0,325,4.0,1744398827390000000,273,109200.0,2025-04-11,Automatic Execution,Aerospace,Aerospace - Defense,154.62,157.59,152.0,156.84,199,5.038222638368718,1,1,1,1,0
BA,Aerospace,Aerospace - Defense,50__3,50,3.0,5. p99_trade_value,57000.0,210960.0,O:BA250417P00157500,BA,P,157.5,2025-04-17,209,0,319,2.31,1744659766987000000,345,79695.0,2025-04-14,Automatic Execution,Aerospace,Aerospace - Defense,159.82,162.55,157.6001,159.28,375,4.901431074965418,1,1,1,0,0
BA,Aerospace,Aerospace - Defense,50__3,50,3.0,5. p99_trade_value,57000.0,210960.0,O:BA250425C00165000,BA,C,165.0,2025-04-25,209,0,316,4.1,1744638451076000000,197,80770.0,2025-04-14,Automatic Execution,Aerospace,Aerospace - Defense,159.82,162.55,157.6001,159.28,366,4.907250082881329,1,1,1,1,0
BA,Aerospace,Aerospace - Defense,50__3,50,3.0,5. p99_trade_value,57000.0,210960.0,O:BA250425P00152500,BA,P,152.5,2025-04-25,209,0,316,3.5,1744642823718000000,221,77350.0,2025-04-14,Automatic Execution,Aerospace,Aerospace - Defense,159.82,162.55,157.6001,159.28,397,4.888460318035387,1,0,0,0,1
BA,Aerospace,Aerospace - Defense,50__3,50,3.0,5. p99_trade_value,57000.0,210960.0,O:BA250417P00155000,BA,P,155.0,2025-04-17,232,0,308,2.99,1744723857656000000,600,179400.00000000003,2025-04-15,Multi Leg auto-electronic trade,Aerospace,Aerospace - Defense,155.275,159.1201,155.275,155.52,87,5.253822438708073,1,1,0,0,0
BA,Aerospace,Aerospace - Defense,50__3,50,3.0,5. p99_trade_value,57000.0,210960.0,O:BA250425P00152500,BA,P,152.5,2025-04-25,209,0,316,5.25,1744727185130000000,144,75600.0,2025-04-15,Automatic Execution,Aerospace,Aerospace - Defense,155.275,159.1201,155.275,155.52,416,4.878521795501206,1,0,0,0,1
BA,Aerospace,Aerospace - Defense,50__3,50,3.0,4. p999_trade_value,211650.0,771344.0,O:BA250425P00155000,BA,P,155.0,2025-04-25,232,0,308,5.69,1744723857656000000,600,341400.00000000006,2025-04-15,Multi Leg auto-electronic trade,Aerospace,Aerospace - Defense,155.275,159.1201,155.275,155.52,31,5.533263516778715,1,1,0,0,0
BA,Aerospace,Aerospace - Defense,50__3,50,3.0,5. p99_trade_value,57000.0,210960.0,O:BA250516C00160000,BA,C,160.0,2025-05-16,209,0,319,6.3,1744811204317000000,100,63000.0,2025-04-16,Automatic Execution,Aerospace,Aerospace - Defense,154.365,157.6589,153.545,156.47,559,4.799340549453582,1,1,1,1,0
BA,Aerospace,Aerospace - Defense,50__3,50,3.0,5. p99_trade_value,57000.0,210960.0,O:BA250516C00170000,BA,C,170.0,2025-05-16,232,0,313,3.5,1744826096852000000,226,79100.0,2025-04-16,Multi Leg auto-electronic trade,Aerospace,Aerospace - Defense,154.365,157.6589,153.545,156.47,380,4.898176483497677,1,1,1,1,0
BA,Aerospace,Aerospace - Defense,50__3,50,3.0,5. p99_trade_value,57000.0,210960.0,O:BA250516C00170000,BA,C,170.0,2025-05-16,232,0,313,3.5,1744826113432000000,259,90650.0,2025-04-16,Multi Leg auto-electronic trade,Aerospace,Aerospace - Defense,154.365,157.6589,153.545,156.47,287,4.957367808431528,1,1,1,1,0
BA,Aerospace,Aerospace - Defense,50__3,50,3.0,5. p99_trade_value,57000.0,210960.0,O:BA250516P00130000,BA,P,130.0,2025-05-16,232,0,313,1.76,1744826113432000000,518,91168.0,2025-04-16,Multi Leg auto-electronic trade,Aerospace,Aerospace - Defense,154.365,157.6589,153.545,156.47,284,4.959842427559383,1,0,0,0,1
BA,Aerospace,Aerospace - Defense,50__3,50,3.0,5. p99_trade_value,57000.0,210960.0,O:BA250425C00165000,BA,C,165.0,2025-04-25,232,0,308,4.95,1744913857561000000,200,99000.0,2025-04-17,Multi Leg auto-electronic trade,Aerospace,Aerospace - Defense,157.13,163.9,157.0,161.9,240,4.99563519459755,1,1,1,1,0
BA,Aerospace,Aerospace - Defense,50__3,50,3.0,5. p99_trade_value,57000.0,210960.0,O:BA250425C00170000,BA,C,170.0,2025-04-25,209,0,313,1.85,1744902434841000000,914,169090.0,2025-04-17,Automatic Execution,Aerospace,Aerospace - Defense,157.13,163.9,157.0,161.9,98,5.228117924136845,1,1,1,1,0
BA,Aerospace,Aerospace - Defense,50__3,50,3.0,4. p999_trade_value,211650.0,771344.0,O:BA250425C00170000,BA,C,170.0,2025-04-25,209,0,315,2.22,1744917600084000000,990,219780.00000000003,2025-04-17,Automatic Execution,Aerospace,Aerospace - Defense,157.13,163.9,157.0,161.9,65,5.3419881690481885,1,1,1,1,0
BA,Aerospace,Aerospace - Defense,50__3,50,3.0,5. p99_trade_value,57000.0,210960.0,O:BA250425C00170000,BA,C,170.0,2025-04-25,209,0,313,2.21,1744917543816000000,641,141661.0,2025-04-17,Automatic Execution,Aerospace,Aerospace - Defense,157.13,163.9,157.0,161.9,138,5.151250303203928,1,1,1,1,0
BA,Aerospace,Aerospace - Defense,50__3,50,3.0,5. p99_trade_value,57000.0,210960.0,O:BA250502P00152500,BA,P,152.5,2025-05-02,209,0,325,4.1,1744897555213000000,140,57400.0,2025-04-17,Automatic Execution,Aerospace,Aerospace - Defense,157.13,163.9,157.0,161.9,665,4.758911892397974,1,0,0,0,1
BA,Aerospace,Aerospace - Defense,50__3,50,3.0,5. p99_trade_value,57000.0,210960.0,O:BA250502P00152500,BA,P,152.5,2025-05-02,209,0,313,3.1,1744919580625000000,200,62000.0,2025-04-17,Automatic Execution,Aerospace,Aerospace - Defense,157.13,163.9,157.0,161.9,577,4.7923916894982534,1,0,0,0,1
BA,Aerospace,Aerospace - Defense,50__3,50,3.0,5. p99_trade_value,57000.0,210960.0,O:BA250516C00165000,BA,C,165.0,2025-05-16,209,0,313,7.35,1744916505561000000,106,77909.99999999999,2025-04-17,Automatic Execution,Aerospace,Aerospace - Defense,157.13,163.9,157.0,161.9,388,4.891593204348965,1,1,1,1,0
BA,Aerospace,Aerospace - Defense,50__3,50,3.0,5. p99_trade_value,57000.0,210960.0,O:BA250516C00165000,BA,C,165.0,2025-05-16,209,0,307,7.3,1744917628783000000,200,146000.0,2025-04-17,Automatic Execution,Aerospace,Aerospace - Defense,157.13,163.9,157.0,161.9,134,5.164352855784437,1,1,1,1,0
BA,Aerospace,Aerospace - Defense,50__3,50,3.0,5. p99_trade_value,57000.0,210960.0,O:BA250516C00165000,BA,C,165.0,2025-05-16,209,0,313,7.35,1744916674323000000,129,94815.0,2025-04-17,Automatic Execution,Aerospace,Aerospace - Defense,157.13,163.9,157.0,161.9,264,4.976877049383444,1,1,1,1,0
BA,Aerospace,Aerospace - Defense,50__3,50,3.0,5. p99_trade_value,57000.0,210960.0,O:BA250516C00165000,BA,C,165.0,2025-05-16,209,0,313,7.4,1744916598441000000,219,162060.0,2025-04-17,Automatic Execution,Aerospace,Aerospace - Defense,157.13,163.9,157.0,161.9,104,5.209675834571095,1,1,1,1,0
BA,Aerospace,Aerospace - Defense,50__3,50,3.0,5. p99_trade_value,57000.0,210960.0,O:BA250516C00165000,BA,C,165.0,2025-05-16,209,0,307,7.9,1744915379522000000,199,157210.0,2025-04-17,Automatic Execution,Aerospace,Aerospace - Defense,157.13,163.9,157.0,161.9,112,5.196480167700148,1,1,1,1,0
BA,Aerospace,Aerospace - Defense,50__3,50,3.0,5. p99_trade_value,57000.0,210960.0,O:BA250516C00165000,BA,C,165.0,2025-05-16,209,0,307,7.45,1744916266312000000,199,148255.0,2025-04-17,Automatic Execution,Aerospace,Aerospace - Defense,157.13,163.9,157.0,161.9,131,5.171009349157999,1,1,1,1,0
BA,Aerospace,Aerospace - Defense,50__3,50,3.0,5. p99_trade_value,57000.0,210960.0,O:BA250516C00170000,BA,C,170.0,2025-05-16,231,0,301,4.8,1744906154795000000,200,96000.0,2025-04-17,Single Leg Floor Trade,Aerospace,Aerospace - Defense,157.13,163.9,157.0,161.9,257,4.982271233039568,1,1,1,1,0
BA,Aerospace,Aerospace - Defense,50__3,50,3.0,5. p99_trade_value,57000.0,210960.0,O:BA250516C00170000,BA,C,170.0,2025-05-16,209,0,307,4.55,1744906031674000000,356,161980.0,2025-04-17,Automatic Execution,Aerospace,Aerospace - Defense,157.13,163.9,157.0,161.9,107,5.2094613946299875,1,1,1,1,0
BA,Aerospace,Aerospace - Defense,50__3,50,3.0,5. p99_trade_value,57000.0,210960.0,O:BA250516C00170000,BA,C,170.0,2025-05-16,209,0,307,4.45,1744903266058000000,199,88555.0,2025-04-17,Automatic Execution,Aerospace,Aerospace - Defense,157.13,163.9,157.0,161.9,307,4.947213087390638,1,1,1,1,0
BA,Aerospace,Aerospace - Defense,50__3,50,3.0,5. p99_trade_value,57000.0,210960.0,O:BA250516C00170000,BA,C,170.0,2025-05-16,209,0,303,4.8,1744906123875000000,183,87840.0,2025-04-17,Automatic Execution,Aerospace,Aerospace - Defense,157.13,163.9,157.0,161.9,315,4.9436923271060165,1,1,1,1,0
BA,Aerospace,Aerospace - Defense,50__3,50,3.0,5. p99_trade_value,57000.0,210960.0,O:BA250516C00170000,BA,C,170.0,2025-05-16,209,0,304,4.3,1744905808034000000,200,86000.0,2025-04-17,Automatic Execution,Aerospace,Aerospace - Defense,157.13,163.9,157.0,161.9,327,4.9344984512435675,1,1,1,1,0
BA,Aerospace,Aerospace - Defense,50__3,50,3.0,5. p99_trade_value,57000.0,210960.0,O:BA250516C00170000,BA,C,170.0,2025-05-16,209,0,307,4.7,1744906109535000000,199,93530.0,2025-04-17,Automatic Execution,Aerospace,Aerospace - Defense,157.13,163.9,157.0,161.9,271,4.970950934345424,1,1,1,1,0
BA,Aerospace,Aerospace - Defense,50__3,50,3.0,5. p99_trade_value,57000.0,210960.0,O:BA250516C00170000,BA,C,170.0,2025-05-16,209,0,307,4.8,1744906133245000000,199,95520.0,2025-04-17,Automatic Execution,Aerospace,Aerospace - Defense,157.13,163.9,157.0,161.9,260,4.980094313785294,1,1,1,1,0
BA,Aerospace,Aerospace - Defense,50__3,50,3.0,4. p999_trade_value,211650.0,771344.0,O:BA250516P00145000,BA,P,145.0,2025-05-16,227,0,301,3.88,1744899632827000000,1988,771344.0,2025-04-17,Single Leg Auction Non ISO,Aerospace,Aerospace - Defense,157.13,163.9,157.0,161.9,8,5.887248105655502,1,0,0,0,1
BA,Aerospace,Aerospace - Defense,50__3,50,3.0,5. p99_trade_value,57000.0,210960.0,O:BA250516P00150000,BA,P,150.0,2025-05-16,239,0,302,4.92,1744899024113000000,130,63960.0,2025-04-17,Multi Leg floor trade against single leg(s),Aerospace,Aerospace - Defense,157.13,163.9,157.0,161.9,539,4.8059084550741975,1,0,0,0,1
BA,Aerospace,Aerospace - Defense,50__3,50,3.0,5. p99_trade_value,57000.0,210960.0,O:BA250516P00155000,BA,P,155.0,2025-05-16,209,0,313,6.35,1744905975694000000,213,135255.0,2025-04-17,Automatic Execution,Aerospace,Aerospace - Defense,157.13,163.9,157.0,161.9,150,5.131153328730713,1,0,0,0,1
BA,Aerospace,Aerospace - Defense,50__3,50,3.0,4. p999_trade_value,211650.0,771344.0,O:BA250516P00155000,BA,P,155.0,2025-05-16,209,0,325,5.5,1744919744480000000,400,220000.0,2025-04-17,Automatic Execution,Aerospace,Aerospace - Defense,157.13,163.9,157.0,161.9,64,5.342422680822207,1,0,0,0,1
BA,Aerospace,Aerospace - Defense,50__3,50,3.0,5. p99_trade_value,57000.0,210960.0,O:BA250425C00165000,BA,C,165.0,2025-04-25,233,0,304,2.55,1745264565218000000,679,173144.99999999997,2025-04-21,Multi Leg Auction,Aerospace,Aerospace - Defense,160.0,160.0,156.47,159.34,97,5.238409954714457,1,1,1,1,0
BA,Aerospace,Aerospace - Defense,50__3,50,3.0,4. p999_trade_value,211650.0,771344.0,O:BA250425C00165000,BA,C,165.0,2025-04-25,233,0,304,2.55,1745264565218000000,836,213179.99999999997,2025-04-21,Multi Leg Auction,Aerospace,Aerospace - Defense,160.0,160.0,156.47,159.34,67,5.328746457872971,1,1,1,1,0
BA,Aerospace,Aerospace - Defense,50__3,50,3.0,5. p99_trade_value,57000.0,210960.0,O:BA250425C00165000,BA,C,165.0,2025-04-25,233,0,304,2.55,1745264565218000000,577,147135.0,2025-04-21,Multi Leg Auction,Aerospace,Aerospace - Defense,160.0,160.0,156.47,159.34,132,5.167715993589686,1,1,1,1,0
BA,Aerospace,Aerospace - Defense,50__3,50,3.0,5. p99_trade_value,57000.0,210960.0,O:BA250425P00145000,BA,P,145.0,2025-04-25,227,0,301,1.34,1745242430333000000,531,71154.00000000001,2025-04-21,Single Leg Auction Non ISO,Aerospace,Aerospace - Defense,160.0,160.0,156.47,159.34,458,4.852199319446277,1,0,0,0,1
BA,Aerospace,Aerospace - Defense,50__3,50,3.0,5. p99_trade_value,57000.0,210960.0,O:BA250425P00145000,BA,P,145.0,2025-04-25,227,0,301,1.34,1745242430333000000,453,60702.0,2025-04-21,Single Leg Auction Non ISO,Aerospace,Aerospace - Defense,160.0,160.0,156.47,159.34,593,4.78320300037764,1,0,0,0,1
BA,Aerospace,Aerospace - Defense,50__3,50,3.0,5. p99_trade_value,57000.0,210960.0,O:BA250425P00150000,BA,P,150.0,2025-04-25,233,0,304,2.22,1745264565218000000,679,150738.0,2025-04-21,Multi Leg Auction,Aerospace,Aerospace - Defense,160.0,160.0,156.47,159.34,126,5.17822274873114,1,0,0,0,1
BA,Aerospace,Aerospace - Defense,50__3,50,3.0,5. p99_trade_value,57000.0,210960.0,O:BA250425P00150000,BA,P,150.0,2025-04-25,233,0,304,2.22,1745264565218000000,836,185592.0,2025-04-21,Multi Leg Auction,Aerospace,Aerospace - Defense,160.0,160.0,156.47,159.34,82,5.268559251889655,1,0,0,0,1
BA,Aerospace,Aerospace - Defense,50__3,50,3.0,5. p99_trade_value,57000.0,210960.0,O:BA250425P00150000,BA,P,150.0,2025-04-25,233,0,304,2.22,1745264565218000000,577,128094.0,2025-04-21,Multi Leg Auction,Aerospace,Aerospace - Defense,160.0,160.0,156.47,159.34,160,5.10752878760637,1,0,0,0,1
BA,Aerospace,Aerospace - Defense,50__3,50,3.0,5. p99_trade_value,57000.0,210960.0,O:BA250502P00155000,BA,P,155.0,2025-05-02,209,0,307,5.55,1745259674594000000,199,110445.0,2025-04-21,Automatic Execution,Aerospace,Aerospace - Defense,160.0,160.0,156.47,159.34,191,5.043146059532383,1,0,0,0,1
BA,Aerospace,Aerospace - Defense,50__3,50,3.0,4. p999_trade_value,211650.0,771344.0,O:BA250502P00155000,BA,P,155.0,2025-05-02,209,0,307,4.75,1745265540329000000,997,473575.0,2025-04-21,Automatic Execution,Aerospace,Aerospace - Defense,160.0,160.0,156.47,159.34,15,5.675388767936522,1,0,0,0,1
BA,Aerospace,Aerospace - Defense,50__3,50,3.0,5. p99_trade_value,57000.0,210960.0,O:BA250502P00155000,BA,P,155.0,2025-05-02,209,0,307,5.7,1745256844212000000,199,113430.0,2025-04-21,Automatic Execution,Aerospace,Aerospace - Defense,160.0,160.0,156.47,159.34,186,5.054727932082198,1,0,0,0,1
BA,Aerospace,Aerospace - Defense,50__3,50,3.0,5. p99_trade_value,57000.0,210960.0,O:BA250502P00155000,BA,P,155.0,2025-05-02,209,0,307,5.7,1745256439146000000,101,57570.00000000001,2025-04-21,Automatic Execution,Aerospace,Aerospace - Defense,160.0,160.0,156.47,159.34,661,4.760196229455134,1,0,0,0,1
BA,Aerospace,Aerospace - Defense,50__3,50,3.0,5. p99_trade_value,57000.0,210960.0,O:BA250502P00155000,BA,P,155.0,2025-05-02,209,0,320,5.5,1745259821893000000,200,110000.0,2025-04-21,Automatic Execution,Aerospace,Aerospace - Defense,160.0,160.0,156.47,159.34,193,5.041392685158225,1,0,0,0,1
BA,Aerospace,Aerospace - Defense,50__3,50,3.0,5. p99_trade_value,57000.0,210960.0,O:BA250502P00155000,BA,P,155.0,2025-05-02,209,0,307,5.2,1745264318064000000,200,104000.0,2025-04-21,Automatic Execution,Aerospace,Aerospace - Defense,160.0,160.0,156.47,159.34,214,5.017033339298781,1,0,0,0,1
BA,Aerospace,Aerospace - Defense,50__3,50,3.0,4. p999_trade_value,211650.0,771344.0,O:BA250516C00165000,BA,C,165.0,2025-05-16,235,0,301,5.59,1745255793550000000,800,447200.0,2025-04-21,Multi Leg floor trade,Aerospace,Aerospace - Defense,160.0,160.0,156.47,159.34,17,5.650501794878367,1,1,1,1,0
BA,Aerospace,Aerospace - Defense,50__3,50,3.0,4. p999_trade_value,211650.0,771344.0,O:BA250516C00165000,BA,C,165.0,2025-05-16,209,0,325,5.6,1745255867278000000,673,376880.0,2025-04-21,Automatic Execution,Aerospace,Aerospace - Defense,160.0,160.0,156.47,159.34,26,5.576203091230178,1,1,1,1,0
BA,Aerospace,Aerospace - Defense,50__3,50,3.0,5. p99_trade_value,57000.0,210960.0,O:BA250516C00165000,BA,C,165.0,2025-05-16,209,0,307,5.45,1745243227922000000,172,93740.0,2025-04-21,Automatic Execution,Aerospace,Aerospace - Defense,160.0,160.0,156.47,159.34,270,4.971924949184191,1,1,1,1,0
BA,Aerospace,Aerospace - Defense,50__3,50,3.0,5. p99_trade_value,57000.0,210960.0,O:BA250516C00165000,BA,C,165.0,2025-05-16,209,0,325,5.6,1745255867382000000,127,71120.0,2025-04-21,Automatic Execution,Aerospace,Aerospace - Defense,160.0,160.0,156.47,159.34,460,4.851991747962157,1,1,1,1,0
BA,Aerospace,Aerospace - Defense,50__3,50,3.0,5. p99_trade_value,57000.0,210960.0,O:BA250516C00170000,BA,C,170.0,2025-05-16,209,0,307,3.6,1745242739000000000,399,143640.0,2025-04-21,Automatic Execution,Aerospace,Aerospace - Defense,160.0,160.0,156.47,159.34,136,5.157275396454035,1,1,1,1,0
BA,Aerospace,Aerospace - Defense,50__3,50,3.0,5. p99_trade_value,57000.0,210960.0,O:BA250516C00170000,BA,C,170.0,2025-05-16,209,0,307,3.6,1745242677748000000,250,90000.0,2025-04-21,Automatic Execution,Aerospace,Aerospace - Defense,160.0,160.0,156.47,159.34,292,4.954242509439325,1,1,1,1,0
BA,Aerospace,Aerospace - Defense,50__3,50,3.0,5. p99_trade_value,57000.0,210960.0,O:BA250516C00185000,BA,C,185.0,2025-05-16,235,0,301,1.11,1745255793550000000,800,88800.00000000001,2025-04-21,Multi Leg floor trade,Aerospace,Aerospace - Defense,160.0,160.0,156.47,159.34,306,4.948412965778601,1,1,1,1,0
BA,Aerospace,Aerospace - Defense,50__3,50,3.0,5. p99_trade_value,57000.0,210960.0,O:BA250516P00150000,BA,P,150.0,2025-05-16,231,0,323,5.0,1745246203971000000,300,150000.0,2025-04-21,Single Leg Floor Trade,Aerospace,Aerospace - Defense,160.0,160.0,156.47,159.34,127,5.176091259055681,1,0,0,0,1
BA,Aerospace,Aerospace - Defense,50__3,50,3.0,4. p999_trade_value,211650.0,771344.0,O:BA250425C00165000,BA,C,165.0,2025-04-25,235,0,313,2.95,1745345462300000000,1575,464625.0,2025-04-22,Multi Leg floor trade,Aerospace,Aerospace - Defense,162.5,163.09,158.5,162.52,16,5.667102574103782,1,1,1,1,0
BA,Aerospace,Aerospace - Defense,50__3,50,3.0,4. p999_trade_value,211650.0,771344.0,O:BA250502C00170000,BA,C,170.0,2025-05-02,235,0,313,2.45,1745345462301000000,1575,385875.00000000006,2025-04-22,Multi Leg floor trade,Aerospace,Aerospace - Defense,162.5,163.09,158.5,162.52,24,5.586446642490152,1,1,1,1,0
BA,Aerospace,Aerospace - Defense,50__3,50,3.0,4. p999_trade_value,211650.0,771344.0,O:BA250509P00145000,BA,P,145.0,2025-05-09,241,0,323,2.12,1745330004152000000,1427,302524.0,2025-04-22,Stock Options Cross,Aerospace,Aerospace - Defense,162.5,163.09,158.5,162.52,38,5.480759834043399,1,0,0,0,1
BA,Aerospace,Aerospace - Defense,50__3,50,3.0,5. p99_trade_value,57000.0,210960.0,O:BA250516C00165000,BA,C,165.0,2025-05-16,235,0,300,6.76,1745347054254000000,90,60840.0,2025-04-22,Multi Leg floor trade,Aerospace,Aerospace - Defense,162.5,163.09,158.5,162.52,590,4.784189205380961,1,1,1,1,0
BA,Aerospace,Aerospace - Defense,50__3,50,3.0,5. p99_trade_value,57000.0,210960.0,O:BA250516C00165000,BA,C,165.0,2025-05-16,233,0,308,6.08,1745331499269000000,200,121600.0,2025-04-22,Multi Leg Auction,Aerospace,Aerospace - Defense,162.5,163.09,158.5,162.52,172,5.084933574936716,1,1,1,1,0
BA,Aerospace,Aerospace - Defense,50__3,50,3.0,5. p99_trade_value,57000.0,210960.0,O:BA250516C00165000,BA,C,165.0,2025-05-16,209,0,313,6.05,1745344205794000000,97,58685.0,2025-04-22,Automatic Execution,Aerospace,Aerospace - Defense,162.5,163.09,158.5,162.52,640,4.768527108918714,1,1,1,1,0
BA,Aerospace,Aerospace - Defense,50__3,50,3.0,5. p99_trade_value,57000.0,210960.0,O:BA250516C00170000,BA,C,170.0,2025-05-16,209,0,320,4.1,1745332993815000000,211,86509.99999999999,2025-04-22,Automatic Execution,Aerospace,Aerospace - Defense,162.5,163.09,158.5,162.52,323,4.9370663120174285,1,1,1,1,0
BA,Aerospace,Aerospace - Defense,50__3,50,3.0,5. p99_trade_value,57000.0,210960.0,O:BA250516C00170000,BA,C,170.0,2025-05-16,209,0,320,4.1,1745332982098000000,211,86509.99999999999,2025-04-22,Automatic Execution,Aerospace,Aerospace - Defense,162.5,163.09,158.5,162.52,324,4.9370663120174285,1,1,1,1,0
BA,Aerospace,Aerospace - Defense,50__3,50,3.0,5. p99_trade_value,57000.0,210960.0,O:BA250516C00175000,BA,C,175.0,2025-05-16,232,0,312,3.11,1745347616000000000,366,113826.0,2025-04-22,Multi Leg auto-electronic trade,Aerospace,Aerospace - Defense,162.5,163.09,158.5,162.52,185,5.056241474421248,1,1,1,1,0
BA,Aerospace,Aerospace - Defense,50__3,50,3.0,5. p99_trade_value,57000.0,210960.0,O:BA250516C00175000,BA,C,175.0,2025-05-16,232,0,304,3.09,1745347615899000000,440,135960.0,2025-04-22,Multi Leg auto-electronic trade,Aerospace,Aerospace - Defense,162.5,163.09,158.5,162.52,148,5.1334111559110225,1,1,1,1,0
BA,Aerospace,Aerospace - Defense,50__3,50,3.0,5. p99_trade_value,57000.0,210960.0,O:BA250516C00175000,BA,C,175.0,2025-05-16,232,0,312,3.12,1745347616206000000,226,70512.0,2025-04-22,Multi Leg auto-electronic trade,Aerospace,Aerospace - Defense,162.5,163.09,158.5,162.52,468,4.848263033165844,1,1,1,1,0
BA,Aerospace,Aerospace - Defense,50__3,50,3.0,5. p99_trade_value,57000.0,210960.0,O:BA250516C00175000,BA,C,175.0,2025-05-16,232,0,300,3.15,1745347615899000000,460,144900.0,2025-04-22,Multi Leg auto-electronic trade,Aerospace,Aerospace - Defense,162.5,163.09,158.5,162.52,135,5.161068385471174,1,1,1,1,0
BA,Aerospace,Aerospace - Defense,50__3,50,3.0,5. p99_trade_value,57000.0,210960.0,O:BA250516C00175000,BA,C,175.0,2025-05-16,232,0,300,3.15,1745347668181000000,196,61740.0,2025-04-22,Multi Leg auto-electronic trade,Aerospace,Aerospace - Defense,162.5,163.09,158.5,162.52,578,4.790566625146076,1,1,1,1,0
BA,Aerospace,Aerospace - Defense,50__3,50,3.0,5. p99_trade_value,57000.0,210960.0,O:BA250516C00175000,BA,C,175.0,2025-05-16,232,0,312,3.13,1745347616409000000,186,58217.99999999999,2025-04-22,Multi Leg auto-electronic trade,Aerospace,Aerospace - Defense,162.5,163.09,158.5,162.52,647,4.765057281764364,1,1,1,1,0
BA,Aerospace,Aerospace - Defense,50__3,50,3.0,5. p99_trade_value,57000.0,210960.0,O:BA250516P00150000,BA,P,150.0,2025-05-16,209,0,313,4.2,1745344898873000000,192,80640.00000000001,2025-04-22,Automatic Execution,Aerospace,Aerospace - Defense,162.5,163.09,158.5,162.52,369,4.90655051910145,1,0,0,0,1
BA,Aerospace,Aerospace - Defense,50__3,50,3.0,5. p99_trade_value,57000.0,210960.0,O:BA250516C00180000,BA,C,180.0,2025-05-16,235,0,323,3.85,1745433058404000000,500,192500.0,2025-04-23,Multi Leg floor trade,Aerospace,Aerospace - Defense,174.0,176.58,169.91,172.37,77,5.28443073384452,1,1,1,1,0
BA,Aerospace,Aerospace - Defense,50__3,50,3.0,5. p99_trade_value,57000.0,210960.0,O:BA250516C00180000,BA,C,180.0,2025-05-16,209,0,320,3.95,1745433617221000000,194,76630.0,2025-04-23,Automatic Execution,Aerospace,Aerospace - Defense,174.0,176.58,169.91,172.37,402,4.884398825556686,1,1,1,1,0
BA,Aerospace,Aerospace - Defense,50__3,50,3.0,5. p99_trade_value,57000.0,210960.0,O:BA250516C00185000,BA,C,185.0,2025-05-16,209,0,307,2.19,1745415770993000000,265,58035.0,2025-04-23,Automatic Execution,Aerospace,Aerospace - Defense,174.0,176.58,169.91,172.37,650,4.763689988776926,1,1,1,1,0
BA,Aerospace,Aerospace - Defense,50__3,50,3.0,5. p99_trade_value,57000.0,210960.0,O:BA250516C00185000,BA,C,185.0,2025-05-16,235,0,323,1.95,1745415860449000000,910,177450.0,2025-04-23,Multi Leg floor trade,Aerospace,Aerospace - Defense,174.0,176.58,169.91,172.37,91,5.249076003683611,1,1,1,1,0
BA,Aerospace,Aerospace - Defense,50__3,50,3.0,5. p99_trade_value,57000.0,210960.0,O:BA250516C00185000,BA,C,185.0,2025-05-16,209,0,307,2.22,1745415769995000000,281,62382.00000000001,2025-04-23,Automatic Execution,Aerospace,Aerospace - Defense,174.0,176.58,169.91,172.37,570,4.795059294355719,1,1,1,1,0
BA,Aerospace,Aerospace - Defense,50__3,50,3.0,5. p99_trade_value,57000.0,210960.0,O:BA250516C00185000,BA,C,185.0,2025-05-16,209,0,307,2.17,1745415794471000000,346,75082.0,2025-04-23,Automatic Execution,Aerospace,Aerospace - Defense,174.0,176.58,169.91,172.37,418,4.875535832641306,1,1,1,1,0
BA,Aerospace,Aerospace - Defense,50__3,50,3.0,5. p99_trade_value,57000.0,210960.0,O:BA250502C00177500,BA,C,177.5,2025-05-02,209,0,307,3.1,1745511165457000000,190,58900.0,2025-04-24,Automatic Execution,Aerospace,Aerospace - Defense,171.2,177.4,169.0,176.26,635,4.770115294787102,1,1,1,1,0
BA,Aerospace,Aerospace - Defense,50__3,50,3.0,4. p999_trade_value,211650.0,771344.0,O:BA250516C00180000,BA,C,180.0,2025-05-16,209,0,315,4.7,1745521260440000000,917,430990.00000000006,2025-04-24,Automatic Execution,Aerospace,Aerospace - Defense,171.2,177.4,169.0,176.26,19,5.6344671936057384,1,1,1,1,0
BA,Aerospace,Aerospace - Defense,50__3,50,3.0,5. p99_trade_value,57000.0,210960.0,O:BA250516C00185000,BA,C,185.0,2025-05-16,209,0,307,2.87,1745599484348000000,235,67445.0,2025-04-25,Automatic Execution,Aerospace,Aerospace - Defense,176.5,180.325,175.86,177.95,492,4.828949759005728,1,1,1,1,0
BA,Aerospace,Aerospace - Defense,50__3,50,3.0,5. p99_trade_value,57000.0,210960.0,O:BA250516P00175000,BA,P,175.0,2025-05-16,232,0,312,4.93,1745602877114000000,142,70006.0,2025-04-25,Multi Leg auto-electronic trade,Aerospace,Aerospace - Defense,176.5,180.325,175.86,177.95,472,4.8451352636602865,1,0,0,0,1
BA,Aerospace,Aerospace - Defense,50__3,50,3.0,5. p99_trade_value,57000.0,210960.0,O:BA250502C00185000,BA,C,185.0,2025-05-02,209,0,307,1.95,1745854295665000000,898,175110.0,2025-04-28,Automatic Execution,Aerospace,Aerospace - Defense,182.75,184.53,180.75,182.3,94,5.243310948029823,1,1,1,1,0
BA,Aerospace,Aerospace - Defense,50__3,50,3.0,5. p99_trade_value,57000.0,210960.0,O:BA250502C00185000,BA,C,185.0,2025-05-02,209,0,325,2.0,1745854822033000000,299,59800.0,2025-04-28,Automatic Execution,Aerospace,Aerospace - Defense,182.75,184.53,180.75,182.3,616,4.776701183988411,1,1,1,1,0
BA,Aerospace,Aerospace - Defense,50__3,50,3.0,5. p99_trade_value,57000.0,210960.0,O:BA250516C00195000,BA,C,195.0,2025-05-16,235,0,300,1.24,1745848046040000000,500,62000.0,2025-04-28,Multi Leg floor trade,Aerospace,Aerospace - Defense,182.75,184.53,180.75,182.3,576,4.7923916894982534,1,1,1,1,0
BA,Aerospace,Aerospace - Defense,50__3,50,3.0,5. p99_trade_value,57000.0,210960.0,O:BA250516P00172500,BA,P,172.5,2025-05-16,235,0,301,2.88,1745860776414000000,225,64800.0,2025-04-28,Multi Leg floor trade,Aerospace,Aerospace - Defense,182.75,184.53,180.75,182.3,523,4.811575005870593,1,0,0,0,1
BA,Aerospace,Aerospace - Defense,50__3,50,3.0,5. p99_trade_value,57000.0,210960.0,O:BA250523P00180000,BA,P,180.0,2025-05-23,209,0,307,5.2,1745850150474000000,158,82160.0,2025-04-28,Automatic Execution,Aerospace,Aerospace - Defense,182.75,184.53,180.75,182.3,355,4.914660430589222,1,1,0,0,0
BA,Aerospace,Aerospace - Defense,50__3,50,3.0,5. p99_trade_value,57000.0,210960.0,O:BA250523P00180000,BA,P,180.0,2025-05-23,209,0,325,5.17,1745850148887000000,150,77550.0,2025-04-28,Automatic Execution,Aerospace,Aerospace - Defense,182.75,184.53,180.75,182.3,391,4.889581802149624,1,1,0,0,0
BA,Aerospace,Aerospace - Defense,50__3,50,3.0,5. p99_trade_value,57000.0,210960.0,O:BA250523P00180000,BA,P,180.0,2025-05-23,235,0,301,6.1,1745848263247000000,100,61000.0,2025-04-28,Multi Leg floor trade,Aerospace,Aerospace - Defense,182.75,184.53,180.75,182.3,588,4.785329835010767,1,1,0,0,0
BA,Aerospace,Aerospace - Defense,50__3,50,3.0,5. p99_trade_value,57000.0,210960.0,O:BA250502C00185000,BA,C,185.0,2025-05-02,209,0,315,1.27,1746042319033000000,650,82550.0,2025-04-30,Automatic Execution,Aerospace,Aerospace - Defense,178.47,183.79,177.63,183.24,349,4.916717077598812,1,1,1,1,0
BA,Aerospace,Aerospace - Defense,50__3,50,3.0,5. p99_trade_value,57000.0,210960.0,O:BA250530C00190000,BA,C,190.0,2025-05-30,209,0,325,2.83,1746019892726000000,500,141500.0,2025-04-30,Automatic Execution,Aerospace,Aerospace - Defense,178.47,183.79,177.63,183.24,139,5.150756439860309,1,1,1,1,0
BA,Aerospace,Aerospace - Defense,50__3,50,3.0,5. p99_trade_value,57000.0,210960.0,O:BA250530C00185000,BA,C,185.0,2025-05-30,209,0,313,6.85,1746109851043000000,100,68500.0,2025-05-01,Automatic Execution,Aerospace,Aerospace - Defense,182.85,184.75,182.03,182.89,481,4.835690571492425,1,1,1,1,0
BA,Aerospace,Aerospace - Defense,50__3,50,3.0,5. p99_trade_value,57000.0,210960.0,O:BA250509C00190000,BA,C,190.0,2025-05-09,209,0,313,1.65,1746213243657000000,450,74250.0,2025-05-02,Automatic Execution,Aerospace,Aerospace - Defense,185.0,187.58,184.08,185.46,425,4.87069645798925,1,1,1,1,0
BA,Aerospace,Aerospace - Defense,50__3,50,3.0,5. p99_trade_value,57000.0,210960.0,O:BA250509C00190000,BA,C,190.0,2025-05-09,209,0,307,1.48,1746193110708000000,400,59200.0,2025-05-02,Automatic Execution,Aerospace,Aerospace - Defense,185.0,187.58,184.08,185.46,629,4.77232170672292,1,1,1,1,0
BA,Aerospace,Aerospace - Defense,50__3,50,3.0,4. p999_trade_value,211650.0,771344.0,O:BA250516C00190000,BA,C,190.0,2025-05-16,229,0,300,2.82,1746200672341000000,1350,380700.0,2025-05-02,Single Leg Cross Non ISO,Aerospace,Aerospace - Defense,185.0,187.58,184.08,185.46,25,5.5805828768143675,1,1,1,1,0
BA,Aerospace,Aerospace - Defense,50__3,50,3.0,5. p99_trade_value,57000.0,210960.0,O:BA250516C00192500,BA,C,192.5,2025-05-16,209,0,307,2.5,1746204306558000000,246,61500.0,2025-05-02,Automatic Execution,Aerospace,Aerospace - Defense,185.0,187.58,184.08,185.46,580,4.788875115775417,1,1,1,1,0
BA,Aerospace,Aerospace - Defense,50__3,50,3.0,5. p99_trade_value,57000.0,210960.0,O:BA250530C00190000,BA,C,190.0,2025-05-30,227,0,323,5.0,1746196278502000000,200,100000.0,2025-05-02,Single Leg Auction Non ISO,Aerospace,Aerospace - Defense,185.0,187.58,184.08,185.46,227,5.0,1,1,1,1,0
BA,Aerospace,Aerospace - Defense,50__3,50,3.0,5. p99_trade_value,57000.0,210960.0,O:BA250516C00200000,BA,C,200.0,2025-05-16,209,0,313,1.25,1746718940347000000,500,62500.0,2025-05-08,Automatic Execution,Aerospace,Aerospace - Defense,186.76,194.75,186.22,191.7,566,4.795880017344075,1,1,1,1,0
BA,Aerospace,Aerospace - Defense,50__3,50,3.0,5. p99_trade_value,57000.0,210960.0,O:BA250516C00200000,BA,C,200.0,2025-05-16,209,0,313,2.1,1746721164975000000,312,65520.00000000001,2025-05-08,Automatic Execution,Aerospace,Aerospace - Defense,186.76,194.75,186.22,191.7,514,4.816373888752362,1,1,1,1,0
BA,Aerospace,Aerospace - Defense,50__3,50,3.0,5. p99_trade_value,57000.0,210960.0,O:BA250516C00200000,BA,C,200.0,2025-05-16,235,0,301,1.24,1746719722879000000,500,62000.0,2025-05-08,Multi Leg floor trade,Aerospace,Aerospace - Defense,186.76,194.75,186.22,191.7,575,4.7923916894982534,1,1,1,1,0
BA,Aerospace,Aerospace - Defense,50__3,50,3.0,5. p99_trade_value,57000.0,210960.0,O:BA250516C00200000,BA,C,200.0,2025-05-16,209,0,313,2.07,1746721174563000000,349,72243.0,2025-05-08,Automatic Execution,Aerospace,Aerospace - Defense,186.76,194.75,186.22,191.7,446,4.858795772416098,1,1,1,1,0
BA,Aerospace,Aerospace - Defense,50__3,50,3.0,5. p99_trade_value,57000.0,210960.0,O:BA250516C00200000,BA,C,200.0,2025-05-16,209,0,325,2.04,1746721190954000000,388,79152.0,2025-05-08,Automatic Execution,Aerospace,Aerospace - Defense,186.76,194.75,186.22,191.7,379,4.898461893020106,1,1,1,1,0
BA,Aerospace,Aerospace - Defense,50__3,50,3.0,5. p99_trade_value,57000.0,210960.0,O:BA250516C00200000,BA,C,200.0,2025-05-16,232,0,313,1.49,1746815443284000000,1000,149000.0,2025-05-09,Multi Leg auto-electronic trade,Aerospace,Aerospace - Defense,193.55,195.3,192.18,194.85,130,5.173186268412274,1,1,1,1,0
BA,Aerospace,Aerospace - Defense,50__3,50,3.0,4. p999_trade_value,211650.0,771344.0,O:BA250516P00185000,BA,P,185.0,2025-05-16,234,0,301,0.74,1746818986373000000,3350,247900.0,2025-05-09,Multi Leg Cross,Aerospace,Aerospace - Defense,193.55,195.3,192.18,194.85,49,5.394276526767821,1,0,0,0,1
BA,Aerospace,Aerospace - Defense,50__3,50,3.0,5. p99_trade_value,57000.0,210960.0,O:BA250530P00180000,BA,P,180.0,2025-05-30,209,0,313,1.91,1746804960025000000,990,189090.0,2025-05-09,Automatic Execution,Aerospace,Aerospace - Defense,193.55,195.3,192.18,194.85,79,5.276668561845278,1,0,0,0,1
BA,Aerospace,Aerospace - Defense,50__3,50,3.0,5. p99_trade_value,57000.0,210960.0,O:BA250606P00190000,BA,P,190.0,2025-06-06,231,0,301,5.4,1746805856433000000,200,108000.0,2025-05-09,Single Leg Floor Trade,Aerospace,Aerospace - Defense,193.55,195.3,192.18,194.85,202,5.033423755486949,1,0,0,0,1
BA,Aerospace,Aerospace - Defense,50__3,50,3.0,5. p99_trade_value,57000.0,210960.0,O:BA250516P00192500,BA,P,192.5,2025-05-16,232,0,308,1.62,1747060288507000000,384,62208.00000000001,2025-05-12,Multi Leg auto-electronic trade,Aerospace,Aerospace - Defense,198.16,198.78,193.06,198.53,573,4.793846238910162,1,0,0,0,1
BA,Aerospace,Aerospace - Defense,50__3,50,3.0,5. p99_trade_value,57000.0,210960.0,O:BA250530C00205000,BA,C,205.0,2025-05-30,227,0,323,2.37,1747079372856000000,277,65649.0,2025-05-12,Single Leg Auction Non ISO,Aerospace,Aerospace - Defense,198.16,198.78,193.06,198.53,512,4.817228115074553,1,1,1,1,0
BA,Aerospace,Aerospace - Defense,50__3,50,3.0,5. p99_trade_value,57000.0,210960.0,O:BA250516C00210000,BA,C,210.0,2025-05-16,209,0,309,0.57,1747143195573000000,1000,57000.0,2025-05-13,Automatic Execution,Aerospace,Aerospace - Defense,200.295,205.73,199.67,203.42,670,4.7558748556724915,1,0,0,0,1
BA,Aerospace,Aerospace - Defense,50__3,50,3.0,5. p99_trade_value,57000.0,210960.0,O:BA250530C00210000,BA,C,210.0,2025-05-30,209,0,325,2.09,1747143583820000000,700,146300.0,2025-05-13,Automatic Execution,Aerospace,Aerospace - Defense,200.295,205.73,199.67,203.42,133,5.165244326125311,1,1,0,0,0
BA,Aerospace,Aerospace - Defense,50__3,50,3.0,5. p99_trade_value,57000.0,210960.0,O:BA250606C00220000,BA,C,220.0,2025-06-06,227,0,302,1.33,1747154075821000000,470,62510.0,2025-05-13,Single Leg Auction Non ISO,Aerospace,Aerospace - Defense,200.295,205.73,199.67,203.42,563,4.795949498902803,1,0,0,0,1
BA,Aerospace,Aerospace - Defense,50__3,50,3.0,5. p99_trade_value,57000.0,210960.0,O:BA250606C00220000,BA,C,220.0,2025-06-06,209,0,313,1.18,1747152234246000000,499,58881.99999999999,2025-05-13,Automatic Execution,Aerospace,Aerospace - Defense,200.295,205.73,199.67,203.42,636,4.769982552929515,1,0,0,0,1
BA,Aerospace,Aerospace - Defense,50__3,50,3.0,5. p99_trade_value,57000.0,210960.0,O:BA250516C00210000,BA,C,210.0,2025-05-16,209,0,325,2.31,1747231712409000000,500,115500.0,2025-05-14,Automatic Execution,Aerospace,Aerospace - Defense,205.8,209.66,204.05,204.72,182,5.062581984228163,1,0,0,0,1
BA,Aerospace,Aerospace - Defense,50__3,50,3.0,5. p99_trade_value,57000.0,210960.0,O:BA250516C00210000,BA,C,210.0,2025-05-16,209,0,307,1.94,1747233211901000000,363,70422.0,2025-05-14,Automatic Execution,Aerospace,Aerospace - Defense,205.8,209.66,204.05,204.72,470,4.847708354966339,1,0,0,0,1
BA,Aerospace,Aerospace - Defense,50__3,50,3.0,5. p99_trade_value,57000.0,210960.0,O:BA250516C00210000,BA,C,210.0,2025-05-16,209,0,325,2.18,1747237627817000000,376,81968.0,2025-05-14,Automatic Execution,Aerospace,Aerospace - Defense,205.8,209.66,204.05,204.72,358,4.913644338532266,1,0,0,0,1
BA,Aerospace,Aerospace - Defense,50__3,50,3.0,5. p99_trade_value,57000.0,210960.0,O:BA250516C00210000,BA,C,210.0,2025-05-16,227,0,300,0.6,1747250941628000000,999,59940.0,2025-05-14,Single Leg Auction Non ISO,Aerospace,Aerospace - Defense,205.8,209.66,204.05,204.72,613,4.777716738609626,1,0,0,0,1
BA,Aerospace,Aerospace - Defense,50__3,50,3.0,5. p99_trade_value,57000.0,210960.0,O:BA250523C00210000,BA,C,210.0,2025-05-23,209,0,315,3.3,1747231888302000000,200,66000.0,2025-05-14,Automatic Execution,Aerospace,Aerospace - Defense,205.8,209.66,204.05,204.72,509,4.819543935541868,1,0,0,0,1
BA,Aerospace,Aerospace - Defense,50__3,50,3.0,5. p99_trade_value,57000.0,210960.0,O:BA250523C00215000,BA,C,215.0,2025-05-23,209,0,320,2.32,1747231778485000000,304,70528.0,2025-05-14,Automatic Execution,Aerospace,Aerospace - Defense,205.8,209.66,204.05,204.72,466,4.848361568499653,1,0,0,0,1
BA,Aerospace,Aerospace - Defense,50__3,50,3.0,5. p99_trade_value,57000.0,210960.0,O:BA250523C00215000,BA,C,215.0,2025-05-23,209,0,313,1.95,1747238877226000000,377,73515.0,2025-05-14,Automatic Execution,Aerospace,Aerospace - Defense,205.8,209.66,204.05,204.72,430,4.866375961568311,1,0,0,0,1
BA,Aerospace,Aerospace - Defense,50__3,50,3.0,5. p99_trade_value,57000.0,210960.0,O:BA250523C00215000,BA,C,215.0,2025-05-23,232,0,309,1.71,1747236257848000000,378,64638.0,2025-05-14,Multi Leg auto-electronic trade,Aerospace,Aerospace - Defense,205.8,209.66,204.05,204.72,528,4.810487910229379,1,0,0,0,1
BA,Aerospace,Aerospace - Defense,50__3,50,3.0,5. p99_trade_value,57000.0,210960.0,O:BA250523C00215000,BA,C,215.0,2025-05-23,232,0,308,1.7,1747236257859000000,518,88060.0,2025-05-14,Multi Leg auto-electronic trade,Aerospace,Aerospace - Defense,205.8,209.66,204.05,204.72,314,4.944778681123507,1,0,0,0,1
BA,Aerospace,Aerospace - Defense,50__3,50,3.0,5. p99_trade_value,57000.0,210960.0,O:BA250523C00220000,BA,C,220.0,2025-05-23,209,0,313,1.04,1747231875354000000,1821,189384.0,2025-05-14,Automatic Execution,Aerospace,Aerospace - Defense,205.8,209.66,204.05,204.72,78,5.277343285093701,1,0,0,0,1
BA,Aerospace,Aerospace - Defense,50__3,50,3.0,5. p99_trade_value,57000.0,210960.0,O:BA250523P00202500,BA,P,202.5,2025-05-23,209,0,307,2.63,1747230134107000000,250,65750.0,2025-05-14,Automatic Execution,Aerospace,Aerospace - Defense,205.8,209.66,204.05,204.72,511,4.8178957571617955,1,1,1,1,0
BA,Aerospace,Aerospace - Defense,50__3,50,3.0,5. p99_trade_value,57000.0,210960.0,O:BA250613C00210000,BA,C,210.0,2025-06-13,209,0,301,5.95,1747243420243000000,150,89250.0,2025-05-14,Automatic Execution,Aerospace,Aerospace - Defense,205.8,209.66,204.05,204.72,301,4.950608224784231,1,1,0,0,0
BA,Aerospace,Aerospace - Defense,50__3,50,3.0,5. p99_trade_value,57000.0,210960.0,O:BA250613C00210000,BA,C,210.0,2025-06-13,227,0,302,6.47,1747241808408000000,108,69876.0,2025-05-14,Single Leg Auction Non ISO,Aerospace,Aerospace - Defense,205.8,209.66,204.05,204.72,473,4.84432803615565,1,1,0,0,0
BA,Aerospace,Aerospace - Defense,50__3,50,3.0,5. p99_trade_value,57000.0,210960.0,O:BA250523C00210000,BA,C,210.0,2025-05-23,209,0,319,2.42,1747329906631000000,260,62919.99999999999,2025-05-15,Automatic Execution,Aerospace,Aerospace - Defense,207.35,208.6,205.42,206.24,561,4.798788713951249,1,0,0,0,1
BA,Aerospace,Aerospace - Defense,50__3,50,3.0,5. p99_trade_value,57000.0,210960.0,O:BA250523C00210000,BA,C,210.0,2025-05-23,209,0,325,3.27,1747316001430000000,372,121644.0,2025-05-15,Automatic Execution,Aerospace,Aerospace - Defense,207.35,208.6,205.42,206.24,171,5.085090692542184,1,0,0,0,1
BA,Aerospace,Aerospace - Defense,50__3,50,3.0,5. p99_trade_value,57000.0,210960.0,O:BA250523P00200000,BA,P,200.0,2025-05-23,209,0,313,1.23,1747324871663000000,500,61500.0,2025-05-15,Automatic Execution,Aerospace,Aerospace - Defense,207.35,208.6,205.42,206.24,581,4.788875115775417,1,1,1,0,0
BA,Aerospace,Aerospace - Defense,50__3,50,3.0,5. p99_trade_value,57000.0,210960.0,O:BA250606C00210000,BA,C,210.0,2025-06-06,209,0,307,5.85,1747315916645000000,100,58500.0,2025-05-15,Automatic Execution,Aerospace,Aerospace - Defense,207.35,208.6,205.42,206.24,641,4.76715586608218,1,1,1,1,0
BA,Aerospace,Aerospace - Defense,50__3,50,3.0,5. p99_trade_value,57000.0,210960.0,O:BA250613P00185000,BA,P,185.0,2025-06-13,209,0,313,1.2,1747316774721000000,500,60000.0,2025-05-15,Automatic Execution,Aerospace,Aerospace - Defense,207.35,208.6,205.42,206.24,609,4.778151250383644,1,0,0,0,1
BA,Aerospace,Aerospace - Defense,50__3,50,3.0,4. p999_trade_value,211650.0,771344.0,O:BA250613P00200000,BA,P,200.0,2025-06-13,241,0,323,3.9,1747335169778000000,1000,390000.0,2025-05-15,Stock Options Cross,Aerospace,Aerospace - Defense,207.35,208.6,205.42,206.24,23,5.5910646070264995,1,1,1,0,0
BA,Aerospace,Aerospace - Defense,50__3,50,3.0,5. p99_trade_value,57000.0,210960.0,O:BA250523C00207500,BA,C,207.5,2025-05-23,235,0,323,2.19,1747418229080000000,450,98550.0,2025-05-16,Multi Leg floor trade,Aerospace,Aerospace - Defense,205.69,206.24,203.02,205.82,241,4.9936566286154624,1,1,0,0,0
BA,Aerospace,Aerospace - Defense,50__3,50,3.0,5. p99_trade_value,57000.0,210960.0,O:BA250613C00210000,BA,C,210.0,2025-06-13,209,0,313,5.25,1747756826602000000,199,104475.0,2025-05-20,Automatic Execution,Aerospace,Aerospace - Defense,205.0,208.62,205.0,207.67,210,5.019012379815663,1,1,0,0,0
BA,Aerospace,Aerospace - Defense,50__3,50,3.0,5. p99_trade_value,57000.0,210960.0,O:BA250613C00210000,BA,C,210.0,2025-06-13,209,0,313,5.2,1747757027680000000,193,100360.0,2025-05-20,Automatic Execution,Aerospace,Aerospace - Defense,205.0,208.62,205.0,207.67,225,5.001560652642573,1,1,0,0,0
BA,Aerospace,Aerospace - Defense,50__3,50,3.0,5. p99_trade_value,57000.0,210960.0,O:BA250613C00210000,BA,C,210.0,2025-06-13,209,0,303,4.5,1747748069524000000,200,90000.0,2025-05-20,Automatic Execution,Aerospace,Aerospace - Defense,205.0,208.62,205.0,207.67,293,4.954242509439325,1,1,0,0,0
BA,Aerospace,Aerospace - Defense,50__3,50,3.0,4. p999_trade_value,211650.0,771344.0,O:BA250613P00200000,BA,P,200.0,2025-06-13,241,0,323,3.0,1747770305251000000,1000,300000.0,2025-05-20,Stock Options Cross,Aerospace,Aerospace - Defense,205.0,208.62,205.0,207.67,39,5.477121254719663,1,1,1,0,0
BA,Aerospace,Aerospace - Defense,50__3,50,3.0,5. p99_trade_value,57000.0,210960.0,O:BA250523C00207500,BA,C,207.5,2025-05-23,209,0,307,0.98,1747843532917000000,855,83790.0,2025-05-21,Automatic Execution,Aerospace,Aerospace - Defense,206.6,207.1196,202.43,203.21,339,4.923192190420668,1,0,0,0,1
BA,Aerospace,Aerospace - Defense,50__3,50,3.0,5. p99_trade_value,57000.0,210960.0,O:BA250620C00210000,BA,C,210.0,2025-06-20,209,0,312,4.6,1747849004622000000,189,86940.0,2025-05-21,Automatic Execution,Aerospace,Aerospace - Defense,206.6,207.1196,202.43,203.21,320,4.939219635854818,1,1,0,0,0
BA,Aerospace,Aerospace - Defense,50__3,50,3.0,5. p99_trade_value,57000.0,210960.0,O:BA250620C00225000,BA,C,225.0,2025-06-20,229,0,313,1.08,1747841995998000000,1000,108000.0,2025-05-21,Single Leg Cross Non ISO,Aerospace,Aerospace - Defense,206.6,207.1196,202.43,203.21,203,5.033423755486949,1,0,0,0,1
BA,Aerospace,Aerospace - Defense,50__3,50,3.0,5. p99_trade_value,57000.0,210960.0,O:BA250613C00210000,BA,C,210.0,2025-06-13,227,0,302,2.47,1748011449738000000,289,71383.0,2025-05-23,Single Leg Auction Non ISO,Aerospace,Aerospace - Defense,199.95,203.2,198.75,202.36,454,4.853594796016214,1,1,0,0,0
BA,Aerospace,Aerospace - Defense,50__3,50,3.0,5. p99_trade_value,57000.0,210960.0,O:BA250620C00205000,BA,C,205.0,2025-06-20,232,0,308,5.53,1748027815297000000,198,109494.0,2025-05-23,Multi Leg auto-electronic trade,Aerospace,Aerospace - Defense,199.95,203.2,198.75,202.36,197,5.03939032156623,1,1,0,0,0
BA,Aerospace,Aerospace - Defense,50__3,50,3.0,5. p99_trade_value,57000.0,210960.0,O:BA250620C00225000,BA,C,225.0,2025-06-20,209,0,313,0.62,1748012890643000000,1235,76570.0,2025-05-23,Automatic Execution,Aerospace,Aerospace - Defense,199.95,203.2,198.75,202.36,403,4.884058647093938,1,0,0,0,1
BA,Aerospace,Aerospace - Defense,50__3,50,3.0,5. p99_trade_value,57000.0,210960.0,O:BA250620P00195000,BA,P,195.0,2025-06-20,235,0,300,3.95,1748011291208000000,200,79000.0,2025-05-23,Multi Leg floor trade,Aerospace,Aerospace - Defense,199.95,203.2,198.75,202.36,382,4.897627091290442,1,0,0,0,1
BA,Aerospace,Aerospace - Defense,50__3,50,3.0,5. p99_trade_value,57000.0,210960.0,O:BA250620C00220000,BA,C,220.0,2025-06-20,241,0,323,0.84,1748358141037000000,1587,133308.0,2025-05-27,Stock Options Cross,Aerospace,Aerospace - Defense,204.28,205.0,200.88,201.03,152,5.12485621281673,1,0,0,0,1
BA,Aerospace,Aerospace - Defense,50__3,50,3.0,5. p99_trade_value,57000.0,210960.0,O:BA250530P00200000,BA,P,200.0,2025-05-30,232,0,312,1.55,1748460999899000000,408,63240.0,2025-05-28,Multi Leg auto-electronic trade,Aerospace,Aerospace - Defense,201.95,202.45,200.215,201.5,555,4.800991861260171,1,0,0,0,1
BA,Aerospace,Aerospace - Defense,50__3,50,3.0,5. p99_trade_value,57000.0,210960.0,O:BA250530C00215000,BA,C,215.0,2025-05-30,235,0,301,1.3,1748529109193000000,640,83200.0,2025-05-29,Multi Leg floor trade,Aerospace,Aerospace - Defense,201.775,212.28,201.5,208.18,347,4.920123326290724,1,0,0,0,1
BA,Aerospace,Aerospace - Defense,50__3,50,3.0,5. p99_trade_value,57000.0,210960.0,O:BA250606C00212500,BA,C,212.5,2025-06-06,209,0,307,4.1,1748528878008000000,158,64779.99999999999,2025-05-29,Automatic Execution,Aerospace,Aerospace - Defense,201.775,212.28,201.5,208.18,526,4.811440943674158,1,1,0,0,0
BA,Aerospace,Aerospace - Defense,50__3,50,3.0,5. p99_trade_value,57000.0,210960.0,O:BA250606C00212500,BA,C,212.5,2025-06-06,209,0,307,4.1,1748528878008000000,158,64779.99999999999,2025-05-29,Automatic Execution,Aerospace,Aerospace - Defense,201.775,212.28,201.5,208.18,525,4.811440943674158,1,1,0,0,0
BA,Aerospace,Aerospace - Defense,50__3,50,3.0,5. p99_trade_value,57000.0,210960.0,O:BA250606C00212500,BA,C,212.5,2025-06-06,209,0,307,4.1,1748528878008000000,158,64779.99999999999,2025-05-29,Automatic Execution,Aerospace,Aerospace - Defense,201.775,212.28,201.5,208.18,527,4.811440943674158,1,1,0,0,0
BA,Aerospace,Aerospace - Defense,50__3,50,3.0,5. p99_trade_value,57000.0,210960.0,O:BA250620C00212500,BA,C,212.5,2025-06-20,209,0,318,5.55,1748529187246000000,120,66600.0,2025-05-29,Automatic Execution,Aerospace,Aerospace - Defense,201.775,212.28,201.5,208.18,498,4.823474229170301,1,1,0,0,0
BA,Aerospace,Aerospace - Defense,50__3,50,3.0,5. p99_trade_value,57000.0,210960.0,O:BA250620C00215000,BA,C,215.0,2025-06-20,232,0,312,2.86,1748536337819000000,206,58916.0,2025-05-29,Multi Leg auto-electronic trade,Aerospace,Aerospace - Defense,201.775,212.28,201.5,208.18,634,4.770233253498197,1,1,0,0,0
BA,Aerospace,Aerospace - Defense,50__3,50,3.0,5. p99_trade_value,57000.0,210960.0,O:BA250620C00215000,BA,C,215.0,2025-06-20,232,0,308,2.85,1748536337717000000,250,71250.0,2025-05-29,Multi Leg auto-electronic trade,Aerospace,Aerospace - Defense,201.775,212.28,201.5,208.18,455,4.852784868680548,1,1,0,0,0
BA,Aerospace,Aerospace - Defense,50__3,50,3.0,5. p99_trade_value,57000.0,210960.0,O:BA250620C00217500,BA,C,217.5,2025-06-20,209,0,316,3.0,1748528328225000000,250,75000.0,2025-05-29,Automatic Execution,Aerospace,Aerospace - Defense,201.775,212.28,201.5,208.18,420,4.8750612633917,1,1,0,0,0
BA,Aerospace,Aerospace - Defense,50__3,50,3.0,5. p99_trade_value,57000.0,210960.0,O:BA250620C00220000,BA,C,220.0,2025-06-20,209,0,307,3.0,1748528785215000000,196,58800.0,2025-05-29,Automatic Execution,Aerospace,Aerospace - Defense,201.775,212.28,201.5,208.18,637,4.769377326076138,1,0,0,0,1
BA,Aerospace,Aerospace - Defense,50__3,50,3.0,5. p99_trade_value,57000.0,210960.0,O:BA250627P00200000,BA,P,200.0,2025-06-27,209,0,307,3.65,1748531566056000000,500,182500.0,2025-05-29,Automatic Execution,Aerospace,Aerospace - Defense,201.775,212.28,201.5,208.18,84,5.261262868792493,1,1,0,0,0
BA,Aerospace,Aerospace - Defense,50__3,50,3.0,5. p99_trade_value,57000.0,210960.0,O:BA250627P00200000,BA,P,200.0,2025-06-27,209,0,325,3.5,1748529247683000000,500,175000.0,2025-05-29,Automatic Execution,Aerospace,Aerospace - Defense,201.775,212.28,201.5,208.18,95,5.243038048686294,1,1,0,0,0
BA,Aerospace,Aerospace - Defense,50__3,50,3.0,5. p99_trade_value,57000.0,210960.0,O:BA250613C00210000,BA,C,210.0,2025-06-13,209,0,323,3.1,1748628696507000000,206,63860.0,2025-05-30,Automatic Execution,Aerospace,Aerospace - Defense,206.77,207.7,204.35,207.32,545,4.805228914203426,1,1,0,0,0
BA,Aerospace,Aerospace - Defense,50__3,50,3.0,5. p99_trade_value,57000.0,210960.0,O:BA250620C00210000,BA,C,210.0,2025-06-20,209,0,316,4.35,1748613552067000000,299,130064.99999999999,2025-05-30,Automatic Execution,Aerospace,Aerospace - Defense,206.77,207.7,204.35,207.32,158,5.114160445279067,1,1,0,0,0
BA,Aerospace,Aerospace - Defense,50__3,50,3.0,5. p99_trade_value,57000.0,210960.0,O:BA250613C00212500,BA,C,212.5,2025-06-13,233,0,302,2.93,1748873594164000000,720,210960.0,2025-06-02,Multi Leg Auction,Aerospace,Aerospace - Defense,210.98,212.3409,207.9,211.47,69,5.324200116785378,1,1,0,0,0
BA,Aerospace,Aerospace - Defense,50__3,50,3.0,4. p999_trade_value,211650.0,771344.0,O:BA250620C00220000,BA,C,220.0,2025-06-20,234,0,301,2.12,1748894065461000000,1587,336444.0,2025-06-02,Multi Leg Cross,Aerospace,Aerospace - Defense,210.98,212.3409,207.9,211.47,34,5.5269127876835995,1,0,0,0,1
BA,Aerospace,Aerospace - Defense,50__3,50,3.0,5. p99_trade_value,57000.0,210960.0,O:BA250620P00200000,BA,P,200.0,2025-06-20,235,0,301,2.17,1748874143515000000,400,86800.0,2025-06-02,Multi Leg floor trade,Aerospace,Aerospace - Defense,210.98,212.3409,207.9,211.47,321,4.938519725176492,1,1,0,0,0
BA,Aerospace,Aerospace - Defense,50__3,50,3.0,5. p99_trade_value,57000.0,210960.0,O:BA250620P00205000,BA,P,205.0,2025-06-20,209,0,313,2.6,1748888166610000000,244,63440.0,2025-06-02,Automatic Execution,Aerospace,Aerospace - Defense,210.98,212.3409,207.9,211.47,553,4.802363174309547,1,1,0,0,0
BA,Aerospace,Aerospace - Defense,50__3,50,3.0,5. p99_trade_value,57000.0,210960.0,O:BA250620P00205000,BA,P,205.0,2025-06-20,209,0,313,2.62,1748888166674000000,244,63928.0,2025-06-02,Automatic Execution,Aerospace,Aerospace - Defense,210.98,212.3409,207.9,211.47,541,4.8056911176584745,1,1,0,0,0
BA,Aerospace,Aerospace - Defense,50__3,50,3.0,5. p99_trade_value,57000.0,210960.0,O:BA250620P00205000,BA,P,205.0,2025-06-20,209,0,313,2.61,1748888166558000000,244,63683.99999999999,2025-06-02,Automatic Execution,Aerospace,Aerospace - Defense,210.98,212.3409,207.9,211.47,549,4.8040303336770105,1,1,0,0,0
BA,Aerospace,Aerospace - Defense,50__3,50,3.0,5. p99_trade_value,57000.0,210960.0,O:BA250620P00205000,BA,P,205.0,2025-06-20,209,0,313,2.67,1748888262045000000,371,99057.0,2025-06-02,Automatic Execution,Aerospace,Aerospace - Defense,210.98,212.3409,207.9,211.47,238,4.995885170979621,1,1,0,0,0
BA,Aerospace,Aerospace - Defense,50__3,50,3.0,5. p99_trade_value,57000.0,210960.0,O:BA250613C00220000,BA,C,220.0,2025-06-13,227,0,312,1.77,1748974674066000000,451,79827.0,2025-06-03,Single Leg Auction Non ISO,Aerospace,Aerospace - Defense,212.0,215.8,211.77,213.43,373,4.902149808239767,1,0,0,0,1
BA,Aerospace,Aerospace - Defense,50__3,50,3.0,5. p99_trade_value,57000.0,210960.0,O:BA250613C00220000,BA,C,220.0,2025-06-13,232,0,302,1.93,1748958483528000000,354,68322.0,2025-06-03,Multi Leg auto-electronic trade,Aerospace,Aerospace - Defense,212.0,215.8,211.77,213.43,483,4.8345605710335615,1,0,0,0,1
BA,Aerospace,Aerospace - Defense,50__3,50,3.0,5. p99_trade_value,57000.0,210960.0,O:BA250613C00220000,BA,C,220.0,2025-06-13,209,0,325,2.08,1748970302085000000,300,62400.0,2025-06-03,Automatic Execution,Aerospace,Aerospace - Defense,212.0,215.8,211.77,213.43,569,4.795184589682424,1,0,0,0,1
BA,Aerospace,Aerospace - Defense,50__3,50,3.0,5. p99_trade_value,57000.0,210960.0,O:BA250613C00220000,BA,C,220.0,2025-06-13,209,0,301,1.9,1748959125765000000,300,57000.0,2025-06-03,Automatic Execution,Aerospace,Aerospace - Defense,212.0,215.8,211.77,213.43,671,4.7558748556724915,1,0,0,0,1
BA,Aerospace,Aerospace - Defense,50__3,50,3.0,5. p99_trade_value,57000.0,210960.0,O:BA250613C00220000,BA,C,220.0,2025-06-13,227,0,302,2.25,1748958782496000000,300,67500.0,2025-06-03,Single Leg Auction Non ISO,Aerospace,Aerospace - Defense,212.0,215.8,211.77,213.43,490,4.829303772831025,1,0,0,0,1
BA,Aerospace,Aerospace - Defense,50__3,50,3.0,5. p99_trade_value,57000.0,210960.0,O:BA250613C00220000,BA,C,220.0,2025-06-13,209,0,301,1.82,1748974628941000000,400,72800.0,2025-06-03,Automatic Execution,Aerospace,Aerospace - Defense,212.0,215.8,211.77,213.43,441,4.862131379313038,1,0,0,0,1
BA,Aerospace,Aerospace - Defense,50__3,50,3.0,5. p99_trade_value,57000.0,210960.0,O:BA250620C00215000,BA,C,215.0,2025-06-20,232,0,308,3.62,1749045932600000000,177,64074.0,2025-06-04,Multi Leg auto-electronic trade,Aerospace,Aerospace - Defense,214.77,214.99,211.03,211.98,533,4.806681836894972,1,1,0,0,0
BA,Aerospace,Aerospace - Defense,50__3,50,3.0,5. p99_trade_value,57000.0,210960.0,O:BA250613C00212500,BA,C,212.5,2025-06-13,209,0,313,1.73,1749226303052000000,545,94285.0,2025-06-06,Automatic Execution,Aerospace,Aerospace - Defense,210.24,211.11,208.04,210.8,267,4.974442605405438,1,1,0,0,0
BA,Aerospace,Aerospace - Defense,50__3,50,3.0,4. p999_trade_value,211650.0,771344.0,O:BA250620C00215000,BA,C,215.0,2025-06-20,234,0,313,2.33,1749239231304000000,1000,233000.0,2025-06-06,Multi Leg Cross,Aerospace,Aerospace - Defense,210.24,211.11,208.04,210.8,55,5.367355921026019,1,1,0,0,0
BA,Aerospace,Aerospace - Defense,50__3,50,3.0,4. p999_trade_value,211650.0,771344.0,O:BA250620C00220000,BA,C,220.0,2025-06-20,242,0,323,3.65,1749490154959000000,600,219000.0,2025-06-09,Stock Options floor trade,Aerospace,Aerospace - Defense,211.23,218.8,211.09,217.51,66,5.3404441148401185,1,0,0,0,1
BA,Aerospace,Aerospace - Defense,50__3,50,3.0,5. p99_trade_value,57000.0,210960.0,O:BA250627C00220000,BA,C,220.0,2025-06-27,209,0,307,4.5,1749489159718000000,180,81000.0,2025-06-09,Automatic Execution,Aerospace,Aerospace - Defense,211.23,218.8,211.09,217.51,363,4.9084850188786495,1,0,0,0,1
BA,Aerospace,Aerospace - Defense,50__3,50,3.0,5. p99_trade_value,57000.0,210960.0,O:BA250627C00220000,BA,C,220.0,2025-06-27,209,0,325,3.7,1749480978111000000,180,66600.0,2025-06-09,Automatic Execution,Aerospace,Aerospace - Defense,211.23,218.8,211.09,217.51,499,4.823474229170301,1,0,0,0,1
BA,Aerospace,Aerospace - Defense,50__3,50,3.0,5. p99_trade_value,57000.0,210960.0,O:BA250620C00220000,BA,C,220.0,2025-06-20,209,0,307,1.55,1749664722713000000,500,77500.0,2025-06-11,Automatic Execution,Aerospace,Aerospace - Defense,215.5,216.205,212.2101,214.0,393,4.889301702506311,1,0,0,0,1
BA,Aerospace,Aerospace - Defense,50__3,50,3.0,5. p99_trade_value,57000.0,210960.0,O:BA250620C00220000,BA,C,220.0,2025-06-20,209,0,307,1.48,1749664925896000000,450,66600.0,2025-06-11,Automatic Execution,Aerospace,Aerospace - Defense,215.5,216.205,212.2101,214.0,500,4.823474229170301,1,0,0,0,1
BA,Aerospace,Aerospace - Defense,50__3,50,3.0,5. p99_trade_value,57000.0,210960.0,O:BA250620C00220000,BA,C,220.0,2025-06-20,209,0,307,1.57,1749660286083000000,600,94200.0,2025-06-11,Automatic Execution,Aerospace,Aerospace - Defense,215.5,216.205,212.2101,214.0,268,4.974050902792877,1,0,0,0,1
BA,Aerospace,Aerospace - Defense,50__3,50,3.0,5. p99_trade_value,57000.0,210960.0,O:BA250620C00220000,BA,C,220.0,2025-06-20,209,0,316,1.43,1749667399264000000,507,72501.0,2025-06-11,Automatic Execution,Aerospace,Aerospace - Defense,215.5,216.205,212.2101,214.0,443,4.860343996798398,1,0,0,0,1
BA,Aerospace,Aerospace - Defense,50__3,50,3.0,5. p99_trade_value,57000.0,210960.0,O:BA250620C00220000,BA,C,220.0,2025-06-20,209,0,307,1.45,1749665071522000000,500,72500.0,2025-06-11,Automatic Execution,Aerospace,Aerospace - Defense,215.5,216.205,212.2101,214.0,445,4.860338006570994,1,0,0,0,1
BA,Aerospace,Aerospace - Defense,50__3,50,3.0,5. p99_trade_value,57000.0,210960.0,O:BA250620C00220000,BA,C,220.0,2025-06-20,209,0,313,1.45,1749665710007000000,500,72500.0,2025-06-11,Automatic Execution,Aerospace,Aerospace - Defense,215.5,216.205,212.2101,214.0,444,4.860338006570994,1,0,0,0,1
BA,Aerospace,Aerospace - Defense,50__3,50,3.0,5. p99_trade_value,57000.0,210960.0,O:BA250703C00220000,BA,C,220.0,2025-07-03,209,0,307,4.2,1749650461114000000,200,84000.0,2025-06-11,Automatic Execution,Aerospace,Aerospace - Defense,215.5,216.205,212.2101,214.0,338,4.924279286061882,1,0,0,0,1
BA,Aerospace,Aerospace - Defense,50__3,50,3.0,5. p99_trade_value,57000.0,210960.0,O:BA250613P00200000,BA,P,200.0,2025-06-13,209,0,318,1.7,1749735603141000000,400,68000.0,2025-06-12,Automatic Execution,Aerospace,Aerospace - Defense,202.17,206.34,201.28,203.75,484,4.832508912706237,1,1,1,0,0
BA,Aerospace,Aerospace - Defense,50__3,50,3.0,5. p99_trade_value,57000.0,210960.0,O:BA250620C00207500,BA,C,207.5,2025-06-20,209,0,307,3.6,1749736654700000000,196,70560.0,2025-06-12,Automatic Execution,Aerospace,Aerospace - Defense,202.17,206.34,201.28,203.75,464,4.848558572123763,1,0,0,0,1
BA,Aerospace,Aerospace - Defense,50__3,50,3.0,5. p99_trade_value,57000.0,210960.0,O:BA250620C00207500,BA,C,207.5,2025-06-20,209,0,320,4.1,1749737223159000000,147,60269.99999999999,2025-06-12,Automatic Execution,Aerospace,Aerospace - Defense,202.17,206.34,201.28,203.75,602,4.780101191467912,1,0,0,0,1
BA,Aerospace,Aerospace - Defense,50__3,50,3.0,5. p99_trade_value,57000.0,210960.0,O:BA250620C00207500,BA,C,207.5,2025-06-20,239,0,302,4.15,1749735990047000000,450,186750.00000000003,2025-06-12,Multi Leg floor trade against single leg(s),Aerospace,Aerospace - Defense,202.17,206.34,201.28,203.75,81,5.271260610487436,1,0,0,0,1
BA,Aerospace,Aerospace - Defense,50__3,50,3.0,5. p99_trade_value,57000.0,210960.0,O:BA250620P00200000,BA,P,200.0,2025-06-20,242,0,323,3.0,1749757389451000000,444,133200.0,2025-06-12,Stock Options floor trade,Aerospace,Aerospace - Defense,202.17,206.34,201.28,203.75,153,5.124504224834283,1,1,0,0,0
BA,Aerospace,Aerospace - Defense,50__3,50,3.0,5. p99_trade_value,57000.0,210960.0,O:BA250627P00200000,BA,P,200.0,2025-06-27,209,0,307,5.3,1749740413146000000,150,79500.0,2025-06-12,Automatic Execution,Aerospace,Aerospace - Defense,202.17,206.34,201.28,203.75,377,4.9003671286564705,1,1,0,0,0
BA,Aerospace,Aerospace - Defense,50__3,50,3.0,5. p99_trade_value,57000.0,210960.0,O:BA250627P00200000,BA,P,200.0,2025-06-27,209,0,301,5.4,1749740435198000000,150,81000.0,2025-06-12,Automatic Execution,Aerospace,Aerospace - Defense,202.17,206.34,201.28,203.75,362,4.9084850188786495,1,1,0,0,0
BA,Aerospace,Aerospace - Defense,50__3,50,3.0,5. p99_trade_value,57000.0,210960.0,O:BA250703P00200000,BA,P,200.0,2025-07-03,209,0,325,5.04,1749758154438000000,300,151200.0,2025-06-12,Automatic Execution,Aerospace,Aerospace - Defense,202.17,206.34,201.28,203.75,125,5.179551791165188,1,1,0,0,0
BA,Aerospace,Aerospace - Defense,50__3,50,3.0,5. p99_trade_value,57000.0,210960.0,O:BA250711P00195000,BA,P,195.0,2025-07-11,209,0,323,4.75,1749736212353000000,200,95000.0,2025-06-12,Automatic Execution,Aerospace,Aerospace - Defense,202.17,206.34,201.28,203.75,261,4.977723605288848,1,0,0,0,1
BA,Aerospace,Aerospace - Defense,50__3,50,3.0,5. p99_trade_value,57000.0,210960.0,O:BA250711P00200000,BA,P,200.0,2025-07-11,209,0,307,5.8,1749758308666000000,282,163560.0,2025-06-12,Automatic Execution,Aerospace,Aerospace - Defense,202.17,206.34,201.28,203.75,102,5.213677101882299,1,1,0,0,0
BA,Aerospace,Aerospace - Defense,50__3,50,3.0,5. p99_trade_value,57000.0,210960.0,O:BA250711P00200000,BA,P,200.0,2025-07-11,209,0,301,7.35,1749735261896000000,100,73500.0,2025-06-12,Automatic Execution,Aerospace,Aerospace - Defense,202.17,206.34,201.28,203.75,431,4.866287339084195,1,1,0,0,0
BA,Aerospace,Aerospace - Defense,50__3,50,3.0,5. p99_trade_value,57000.0,210960.0,O:BA250620C00205000,BA,C,205.0,2025-06-20,209,0,313,2.05,1749842381986000000,486,99630.0,2025-06-13,Automatic Execution,Aerospace,Aerospace - Defense,200.675,202.23,195.28,200.32,233,4.998390130318048,1,0,0,0,0
BA,Aerospace,Aerospace - Defense,50__3,50,3.0,5. p99_trade_value,57000.0,210960.0,O:BA250620P00190000,BA,P,190.0,2025-06-20,209,0,313,1.5,1749822784908000000,393,58950.0,2025-06-13,Automatic Execution,Aerospace,Aerospace - Defense,200.675,202.23,195.28,200.32,633,4.7704838094311075,1,0,0,0,0
BA,Aerospace,Aerospace - Defense,50__3,50,3.0,5. p99_trade_value,57000.0,210960.0,O:BA250627C00207500,BA,C,207.5,2025-06-27,233,0,309,2.14,1749827219634000000,500,107000.0,2025-06-13,Multi Leg Auction,Aerospace,Aerospace - Defense,200.675,202.23,195.28,200.32,204,5.02938377768521,1,0,0,0,0
