security,sector,industry,final_cluster,trade_volume_bin,trade_volume_bin_rank,cluster,trade_value_category,category_minimum,category_maximum,option_ticker,security_1,option_type,strike_price,expiration,conditions,correction,exchange,price,sip_timestamp,size,trade_value,data_date,min_trade_value,expiration_days_out,otm_range,option_condition_name,sector_1,industry_1,securty_open,security_high,security_low,security_close,trade_rank,trade_value_log10,number_of_bins,trade_value_bin,itm,itm_expiration_day,itm_expriation_close,otm
MTSI,Computer and Technology,Semiconductor - Analog and Mixed,20__3,20,2,3.0,1. p999999_trade_value,451248.00000000006,451248.00000000006,O:MTSI250516P00095000,MTSI,P,95.0,2025-05-16,234,0,302,6.32,1744910513682000000,714,451248.00000000006,2025-04-17,3000.0,30,True,Multi Leg Cross,Computer and Technology,Semiconductor - Analog and Mixed,97.47,98.37,95.95,97.29,1,5.65441529005856,20,1,1,0,0,0
MPWR,Computer and Technology,Semiconductor - Analog and Mixed,35__0,35,2,0.0,1. p999999_trade_value,380000.0,380000.0,O:MPWR250221C00650000,MPWR,C,650.0,2025-02-21,209,0,308,38.0,1738595303631000000,100,380000.0,2025-02-03,3000.0,30,True,Automatic Execution,Computer and Technology,Semiconductor - Analog and Mixed,615.27,644.28,615.26,628.78,1,5.57978359661681,20,1,1,1,1,0
SMTC,Computer and Technology,Semiconductor - Analog and Mixed,30__2,30,2,2.0,8. p75_trade_value,11000.000000000002,19836.0,O:SMTC241018P00038000,SMTC,P,38.0,2024-10-18,231,0,313,0.3,1727106395717000000,382,11460.0,2024-09-23,3000.0,30,True,Single Leg Floor Trade,Computer and Technology,Semiconductor - Analog and Mixed,46.12,46.25,44.3,46.22,164,4.059184617631371,20,5,0,0,0,1
SMTC,Computer and Technology,Semiconductor - Analog and Mixed,30__2,30,2,2.0,8. p75_trade_value,11000.000000000002,19836.0,O:SMTC241018C00050000,SMTC,C,50.0,2024-10-18,209,0,313,1.2,1727196475064000000,100,12000.0,2024-09-24,3000.0,30,True,Automatic Execution,Computer and Technology,Semiconductor - Analog and Mixed,46.87,47.81,46.33,47.6,148,4.079181246047625,20,5,0,0,0,1
SMTC,Computer and Technology,Semiconductor - Analog and Mixed,30__2,30,2,2.0,7. p90_trade_value,21000.0,34000.0,O:SMTC241018C00050000,SMTC,C,50.0,2024-10-18,235,0,313,0.4,1727720403332000000,633,25320.0,2024-09-30,3000.0,30,True,Multi Leg floor trade,Computer and Technology,Semiconductor - Analog and Mixed,45.57,46.69,44.65,45.66,53,4.403463701345317,20,2,0,0,0,1
SMTC,Computer and Technology,Semiconductor - Analog and Mixed,30__2,30,2,2.0,8. p75_trade_value,11000.000000000002,19836.0,O:SMTC241018P00039000,SMTC,P,39.0,2024-10-18,235,0,313,0.3,1727720402239000000,633,18990.0,2024-09-30,3000.0,30,True,Multi Leg floor trade,Computer and Technology,Semiconductor - Analog and Mixed,45.57,46.69,44.65,45.66,82,4.278524964737017,20,3,0,0,0,1
SMTC,Computer and Technology,Semiconductor - Analog and Mixed,30__2,30,2,2.0,8. p75_trade_value,11000.000000000002,19836.0,O:SMTC241018C00045000,SMTC,C,45.0,2024-10-18,227,0,302,1.18,1727883869999000000,100,11800.0,2024-10-02,3000.0,30,True,Single Leg Auction Non ISO,Computer and Technology,Semiconductor - Analog and Mixed,41.85,43.31,40.59,41.06,157,4.071882007306125,20,5,1,0,0,0
SMTC,Computer and Technology,Semiconductor - Analog and Mixed,30__2,30,2,2.0,8. p75_trade_value,11000.000000000002,19836.0,O:SMTC241018C00045000,SMTC,C,45.0,2024-10-18,227,0,307,1.19,1727883869999000000,100,11900.0,2024-10-02,3000.0,30,True,Single Leg Auction Non ISO,Computer and Technology,Semiconductor - Analog and Mixed,41.85,43.31,40.59,41.06,154,4.075546961392531,20,5,1,0,0,0
SMTC,Computer and Technology,Semiconductor - Analog and Mixed,30__2,30,2,2.0,8. p75_trade_value,11000.000000000002,19836.0,O:SMTC241018C00045000,SMTC,C,45.0,2024-10-18,227,0,301,1.19,1727883869997000000,95,11305.0,2024-10-02,3000.0,30,True,Single Leg Auction Non ISO,Computer and Technology,Semiconductor - Analog and Mixed,41.85,43.31,40.59,41.06,168,4.053270566681379,20,5,1,0,0,0
SMTC,Computer and Technology,Semiconductor - Analog and Mixed,30__2,30,2,2.0,8. p75_trade_value,11000.000000000002,19836.0,O:SMTC241018C00045000,SMTC,C,45.0,2024-10-18,227,0,308,1.19,1727883869999000000,100,11900.0,2024-10-02,3000.0,30,True,Single Leg Auction Non ISO,Computer and Technology,Semiconductor - Analog and Mixed,41.85,43.31,40.59,41.06,152,4.075546961392531,20,5,1,0,0,0
SMTC,Computer and Technology,Semiconductor - Analog and Mixed,30__2,30,2,2.0,8. p75_trade_value,11000.000000000002,19836.0,O:SMTC241018C00045000,SMTC,C,45.0,2024-10-18,227,0,304,1.19,1727883869999000000,100,11900.0,2024-10-02,3000.0,30,True,Single Leg Auction Non ISO,Computer and Technology,Semiconductor - Analog and Mixed,41.85,43.31,40.59,41.06,153,4.075546961392531,20,5,1,0,0,0
SMTC,Computer and Technology,Semiconductor - Analog and Mixed,30__2,30,2,2.0,8. p75_trade_value,11000.000000000002,19836.0,O:SMTC241018C00045000,SMTC,C,45.0,2024-10-18,227,0,309,1.19,1727883869998000000,150,17850.0,2024-10-02,3000.0,30,True,Single Leg Auction Non ISO,Computer and Technology,Semiconductor - Analog and Mixed,41.85,43.31,40.59,41.06,93,4.251638220448212,20,3,1,0,0,0
SMTC,Computer and Technology,Semiconductor - Analog and Mixed,30__2,30,2,2.0,7. p90_trade_value,21000.0,34000.0,O:SMTC241018C00043000,SMTC,C,43.0,2024-10-18,227,0,323,1.0,1728574772898000000,262,26200.0,2024-10-10,3000.0,30,True,Single Leg Auction Non ISO,Computer and Technology,Semiconductor - Analog and Mixed,40.85,42.62,40.74,42.57,49,4.418301291319746,20,2,1,1,1,0
SMTC,Computer and Technology,Semiconductor - Analog and Mixed,30__2,30,2,2.0,8. p75_trade_value,11000.000000000002,19836.0,O:SMTC241018C00045000,SMTC,C,45.0,2024-10-18,227,0,309,1.18,1728672692358000000,152,17936.0,2024-10-11,3000.0,30,True,Single Leg Auction Non ISO,Computer and Technology,Semiconductor - Analog and Mixed,42.38,44.605,42.15,44.0,91,4.253725595250898,20,3,1,0,0,0
SMTC,Computer and Technology,Semiconductor - Analog and Mixed,30__2,30,2,2.0,8. p75_trade_value,11000.000000000002,19836.0,O:SMTC241018C00045000,SMTC,C,45.0,2024-10-18,228,0,304,1.18,1728672692358000000,98,11564.0,2024-10-11,3000.0,30,True,Single Leg Auction ISO,Computer and Technology,Semiconductor - Analog and Mixed,42.38,44.605,42.15,44.0,159,4.06310808299862,20,5,1,0,0,0
SMTC,Computer and Technology,Semiconductor - Analog and Mixed,30__2,30,2,2.0,8. p75_trade_value,11000.000000000002,19836.0,O:SMTC241018C00045000,SMTC,C,45.0,2024-10-18,228,0,302,1.18,1728672692358000000,102,12036.0,2024-10-11,3000.0,30,True,Single Leg Auction ISO,Computer and Technology,Semiconductor - Analog and Mixed,42.38,44.605,42.15,44.0,146,4.080482179068043,20,5,1,0,0,0
SMTC,Computer and Technology,Semiconductor - Analog and Mixed,30__2,30,2,2.0,8. p75_trade_value,11000.000000000002,19836.0,O:SMTC241018C00045000,SMTC,C,45.0,2024-10-18,228,0,303,1.18,1728672692358000000,152,17936.0,2024-10-11,3000.0,30,True,Single Leg Auction ISO,Computer and Technology,Semiconductor - Analog and Mixed,42.38,44.605,42.15,44.0,92,4.253725595250898,20,3,1,0,0,0
SMTC,Computer and Technology,Semiconductor - Analog and Mixed,30__2,30,2,2.0,8. p75_trade_value,11000.000000000002,19836.0,O:SMTC241115C00048000,SMTC,C,48.0,2024-11-15,231,0,301,0.95,1730743363111000000,150,14250.0,2024-11-04,3000.0,30,True,Single Leg Floor Trade,Computer and Technology,Semiconductor - Analog and Mixed,44.4,44.8,43.07,43.92,120,4.153814864344529,20,4,1,0,0,0
SMTC,Computer and Technology,Semiconductor - Analog and Mixed,30__2,30,2,2.0,8. p75_trade_value,11000.000000000002,19836.0,O:SMTC241220C00050000,SMTC,C,50.0,2024-12-20,209,0,313,3.5,1732125560971000000,51,17850.0,2024-11-20,3000.0,30,True,Automatic Execution,Computer and Technology,Semiconductor - Analog and Mixed,47.5,49.26,46.3201,49.17,94,4.251638220448212,20,3,1,1,1,0
SMTC,Computer and Technology,Semiconductor - Analog and Mixed,30__2,30,2,2.0,8. p75_trade_value,11000.000000000002,19836.0,O:SMTC241220C00055000,SMTC,C,55.0,2024-12-20,227,0,323,2.41,1732136378724000000,50,12050.0,2024-11-20,3000.0,30,True,Single Leg Auction Non ISO,Computer and Technology,Semiconductor - Analog and Mixed,47.5,49.26,46.3201,49.17,145,4.080987046910887,20,5,1,1,1,0
SMTC,Computer and Technology,Semiconductor - Analog and Mixed,30__2,30,2,2.0,8. p75_trade_value,11000.000000000002,19836.0,O:SMTC241220C00055000,SMTC,C,55.0,2024-12-20,240,0,318,2.95,1732298043513000000,51,15045.000000000002,2024-11-22,3000.0,30,True,Stock Options auto-electronic trade,Computer and Technology,Semiconductor - Analog and Mixed,50.8,52.17,49.9,50.89,112,4.177392192076099,20,4,1,1,1,0
SMTC,Computer and Technology,Semiconductor - Analog and Mixed,30__2,30,2,2.0,8. p75_trade_value,11000.000000000002,19836.0,O:SMTC241220C00055000,SMTC,C,55.0,2024-12-20,240,0,312,2.95,1732298043513000000,57,16815.0,2024-11-22,3000.0,30,True,Stock Options auto-electronic trade,Computer and Technology,Semiconductor - Analog and Mixed,50.8,52.17,49.9,50.89,97,4.225696871650654,20,3,1,1,1,0
SMTC,Computer and Technology,Semiconductor - Analog and Mixed,30__2,30,2,2.0,8. p75_trade_value,11000.000000000002,19836.0,O:SMTC241220C00055000,SMTC,C,55.0,2024-12-20,240,0,323,2.96,1732298043513000000,57,16872.0,2024-11-22,3000.0,30,True,Stock Options auto-electronic trade,Computer and Technology,Semiconductor - Analog and Mixed,50.8,52.17,49.9,50.89,96,4.22716656673143,20,3,1,1,1,0
SMTC,Computer and Technology,Semiconductor - Analog and Mixed,30__2,30,2,2.0,8. p75_trade_value,11000.000000000002,19836.0,O:SMTC241220C00055000,SMTC,C,55.0,2024-12-20,240,0,308,2.98,1732298043513000000,57,16986.0,2024-11-22,3000.0,30,True,Stock Options auto-electronic trade,Computer and Technology,Semiconductor - Analog and Mixed,50.8,52.17,49.9,50.89,95,4.230091119748747,20,3,1,1,1,0
SMTC,Computer and Technology,Semiconductor - Analog and Mixed,30__2,30,2,2.0,8. p75_trade_value,11000.000000000002,19836.0,O:SMTC241220C00055000,SMTC,C,55.0,2024-12-20,240,0,302,2.74,1732297849655000000,66,18084.0,2024-11-22,3000.0,30,True,Stock Options auto-electronic trade,Computer and Technology,Semiconductor - Analog and Mixed,50.8,52.17,49.9,50.89,89,4.257294498362256,20,3,1,1,1,0
SMTC,Computer and Technology,Semiconductor - Analog and Mixed,30__2,30,2,2.0,8. p75_trade_value,11000.000000000002,19836.0,O:SMTC241220C00055000,SMTC,C,55.0,2024-12-20,240,0,308,2.78,1732297849659000000,67,18626.0,2024-11-22,3000.0,30,True,Stock Options auto-electronic trade,Computer and Technology,Semiconductor - Analog and Mixed,50.8,52.17,49.9,50.89,86,4.270119598618903,20,3,1,1,1,0
SMTC,Computer and Technology,Semiconductor - Analog and Mixed,30__2,30,2,2.0,8. p75_trade_value,11000.000000000002,19836.0,O:SMTC241220C00055000,SMTC,C,55.0,2024-12-20,240,0,302,2.94,1732298043512000000,57,16758.0,2024-11-22,3000.0,30,True,Stock Options auto-electronic trade,Computer and Technology,Semiconductor - Analog and Mixed,50.8,52.17,49.9,50.89,99,4.224222186084648,20,3,1,1,1,0
SMTC,Computer and Technology,Semiconductor - Analog and Mixed,30__2,30,2,2.0,8. p75_trade_value,11000.000000000002,19836.0,O:SMTC241220C00055000,SMTC,C,55.0,2024-12-20,240,0,304,2.74,1732297849656000000,67,18358.0,2024-11-22,3000.0,30,True,Stock Options auto-electronic trade,Computer and Technology,Semiconductor - Analog and Mixed,50.8,52.17,49.9,50.89,88,4.263825365521215,20,3,1,1,1,0
SMTC,Computer and Technology,Semiconductor - Analog and Mixed,30__2,30,2,2.0,8. p75_trade_value,11000.000000000002,19836.0,O:SMTC241220C00055000,SMTC,C,55.0,2024-12-20,240,0,304,2.94,1732298043512000000,57,16758.0,2024-11-22,3000.0,30,True,Stock Options auto-electronic trade,Computer and Technology,Semiconductor - Analog and Mixed,50.8,52.17,49.9,50.89,98,4.224222186084648,20,3,1,1,1,0
SMTC,Computer and Technology,Semiconductor - Analog and Mixed,30__2,30,2,2.0,8. p75_trade_value,11000.000000000002,19836.0,O:SMTC241220P00045000,SMTC,P,45.0,2024-12-20,240,0,304,2.16,1732297849656000000,67,14472.0,2024-11-22,3000.0,30,True,Stock Options auto-electronic trade,Computer and Technology,Semiconductor - Analog and Mixed,50.8,52.17,49.9,50.89,116,4.160528553851758,20,4,0,0,0,1
SMTC,Computer and Technology,Semiconductor - Analog and Mixed,30__2,30,2,2.0,8. p75_trade_value,11000.000000000002,19836.0,O:SMTC241220P00045000,SMTC,P,45.0,2024-12-20,240,0,308,2.0,1732298043513000000,57,11400.0,2024-11-22,3000.0,30,True,Stock Options auto-electronic trade,Computer and Technology,Semiconductor - Analog and Mixed,50.8,52.17,49.9,50.89,166,4.056904851336473,20,5,0,0,0,1
SMTC,Computer and Technology,Semiconductor - Analog and Mixed,30__2,30,2,2.0,8. p75_trade_value,11000.000000000002,19836.0,O:SMTC241220P00045000,SMTC,P,45.0,2024-12-20,240,0,304,1.98,1732298043512000000,57,11286.0,2024-11-22,3000.0,30,True,Stock Options auto-electronic trade,Computer and Technology,Semiconductor - Analog and Mixed,50.8,52.17,49.9,50.89,169,4.052540045934022,20,5,0,0,0,1
SMTC,Computer and Technology,Semiconductor - Analog and Mixed,30__2,30,2,2.0,8. p75_trade_value,11000.000000000002,19836.0,O:SMTC241220P00045000,SMTC,P,45.0,2024-12-20,240,0,323,1.98,1732298043513000000,57,11286.0,2024-11-22,3000.0,30,True,Stock Options auto-electronic trade,Computer and Technology,Semiconductor - Analog and Mixed,50.8,52.17,49.9,50.89,171,4.052540045934022,20,5,0,0,0,1
SMTC,Computer and Technology,Semiconductor - Analog and Mixed,30__2,30,2,2.0,8. p75_trade_value,11000.000000000002,19836.0,O:SMTC241220P00045000,SMTC,P,45.0,2024-12-20,240,0,308,2.13,1732297849659000000,67,14270.999999999998,2024-11-22,3000.0,30,True,Stock Options auto-electronic trade,Computer and Technology,Semiconductor - Analog and Mixed,50.8,52.17,49.9,50.89,117,4.154454406139564,20,4,0,0,0,1
SMTC,Computer and Technology,Semiconductor - Analog and Mixed,30__2,30,2,2.0,8. p75_trade_value,11000.000000000002,19836.0,O:SMTC241220P00045000,SMTC,P,45.0,2024-12-20,240,0,312,1.98,1732298043513000000,57,11286.0,2024-11-22,3000.0,30,True,Stock Options auto-electronic trade,Computer and Technology,Semiconductor - Analog and Mixed,50.8,52.17,49.9,50.89,170,4.052540045934022,20,5,0,0,0,1
SMTC,Computer and Technology,Semiconductor - Analog and Mixed,30__2,30,2,2.0,8. p75_trade_value,11000.000000000002,19836.0,O:SMTC241220P00045000,SMTC,P,45.0,2024-12-20,240,0,302,2.16,1732297849655000000,66,14256.0,2024-11-22,3000.0,30,True,Stock Options auto-electronic trade,Computer and Technology,Semiconductor - Analog and Mixed,50.8,52.17,49.9,50.89,119,4.1539976866928,20,4,0,0,0,1
SMTC,Computer and Technology,Semiconductor - Analog and Mixed,30__2,30,2,2.0,8. p75_trade_value,11000.000000000002,19836.0,O:SMTC241220P00045000,SMTC,P,45.0,2024-12-20,240,0,302,1.98,1732298043512000000,57,11286.0,2024-11-22,3000.0,30,True,Stock Options auto-electronic trade,Computer and Technology,Semiconductor - Analog and Mixed,50.8,52.17,49.9,50.89,172,4.052540045934022,20,5,0,0,0,1
SMTC,Computer and Technology,Semiconductor - Analog and Mixed,30__2,30,2,2.0,5. p99_trade_value,76000.0,222719.99999999997,O:SMTC241220C00055000,SMTC,C,55.0,2024-12-20,209,0,308,3.8,1732546883342000000,200,76000.0,2024-11-25,3000.0,30,True,Automatic Execution,Computer and Technology,Semiconductor - Analog and Mixed,52.37,53.74,51.5,53.44,8,4.880813592280791,20,1,1,1,1,0
SMTC,Computer and Technology,Semiconductor - Analog and Mixed,30__2,30,2,2.0,7. p90_trade_value,21000.0,34000.0,O:SMTC241220C00055000,SMTC,C,55.0,2024-12-20,209,0,309,4.2,1732562690670000000,50,21000.0,2024-11-25,3000.0,30,True,Automatic Execution,Computer and Technology,Semiconductor - Analog and Mixed,52.37,53.74,51.5,53.44,69,4.3222192947339195,20,2,1,1,1,0
SMTC,Computer and Technology,Semiconductor - Analog and Mixed,30__2,30,2,2.0,8. p75_trade_value,11000.000000000002,19836.0,O:SMTC241220C00055000,SMTC,C,55.0,2024-12-20,209,0,320,3.9,1732546511931000000,40,15600.0,2024-11-25,3000.0,30,True,Automatic Execution,Computer and Technology,Semiconductor - Analog and Mixed,52.37,53.74,51.5,53.44,108,4.193124598354461,20,3,1,1,1,0
SMTC,Computer and Technology,Semiconductor - Analog and Mixed,30__2,30,2,2.0,8. p75_trade_value,11000.000000000002,19836.0,O:SMTC241220C00055000,SMTC,C,55.0,2024-12-20,209,0,320,3.9,1732546453833000000,40,15600.0,2024-11-25,3000.0,30,True,Automatic Execution,Computer and Technology,Semiconductor - Analog and Mixed,52.37,53.74,51.5,53.44,107,4.193124598354461,20,3,1,1,1,0
SMTC,Computer and Technology,Semiconductor - Analog and Mixed,30__2,30,2,2.0,8. p75_trade_value,11000.000000000002,19836.0,O:SMTC241220C00055000,SMTC,C,55.0,2024-12-20,209,0,320,3.9,1732546441109000000,40,15600.0,2024-11-25,3000.0,30,True,Automatic Execution,Computer and Technology,Semiconductor - Analog and Mixed,52.37,53.74,51.5,53.44,106,4.193124598354461,20,3,1,1,1,0
SMTC,Computer and Technology,Semiconductor - Analog and Mixed,30__2,30,2,2.0,8. p75_trade_value,11000.000000000002,19836.0,O:SMTC241220C00055000,SMTC,C,55.0,2024-12-20,209,0,320,3.9,1732546441544000000,40,15600.0,2024-11-25,3000.0,30,True,Automatic Execution,Computer and Technology,Semiconductor - Analog and Mixed,52.37,53.74,51.5,53.44,105,4.193124598354461,20,3,1,1,1,0
SMTC,Computer and Technology,Semiconductor - Analog and Mixed,30__2,30,2,2.0,8. p75_trade_value,11000.000000000002,19836.0,O:SMTC241220C00055000,SMTC,C,55.0,2024-12-20,209,0,316,4.1,1732545833330000000,38,15579.999999999998,2024-11-25,3000.0,30,True,Automatic Execution,Computer and Technology,Semiconductor - Analog and Mixed,52.37,53.74,51.5,53.44,110,4.192567453336546,20,4,1,1,1,0
SMTC,Computer and Technology,Semiconductor - Analog and Mixed,30__2,30,2,2.0,8. p75_trade_value,11000.000000000002,19836.0,O:SMTC241220C00055000,SMTC,C,55.0,2024-12-20,209,0,313,3.5,1732545169907000000,32,11200.0,2024-11-25,3000.0,30,True,Automatic Execution,Computer and Technology,Semiconductor - Analog and Mixed,52.37,53.74,51.5,53.44,175,4.049218022670182,20,5,1,1,1,0
SMTC,Computer and Technology,Semiconductor - Analog and Mixed,30__2,30,2,2.0,8. p75_trade_value,11000.000000000002,19836.0,O:SMTC241220C00055000,SMTC,C,55.0,2024-12-20,209,0,320,4.1,1732545833390000000,40,16400.0,2024-11-25,3000.0,30,True,Automatic Execution,Computer and Technology,Semiconductor - Analog and Mixed,52.37,53.74,51.5,53.44,102,4.214843848047698,20,3,1,1,1,0
SMTC,Computer and Technology,Semiconductor - Analog and Mixed,30__2,30,2,2.0,8. p75_trade_value,11000.000000000002,19836.0,O:SMTC241220C00055000,SMTC,C,55.0,2024-12-20,209,0,320,4.1,1732545833385000000,40,16400.0,2024-11-25,3000.0,30,True,Automatic Execution,Computer and Technology,Semiconductor - Analog and Mixed,52.37,53.74,51.5,53.44,101,4.214843848047698,20,3,1,1,1,0
SMTC,Computer and Technology,Semiconductor - Analog and Mixed,30__2,30,2,2.0,8. p75_trade_value,11000.000000000002,19836.0,O:SMTC241220C00055000,SMTC,C,55.0,2024-12-20,209,0,313,3.5,1732545134242000000,40,14000.0,2024-11-25,3000.0,30,True,Automatic Execution,Computer and Technology,Semiconductor - Analog and Mixed,52.37,53.74,51.5,53.44,121,4.146128035678238,20,4,1,1,1,0
SMTC,Computer and Technology,Semiconductor - Analog and Mixed,30__2,30,2,2.0,7. p90_trade_value,21000.0,34000.0,O:SMTC241220C00055000,SMTC,C,55.0,2024-12-20,209,0,307,4.2,1732545692641000000,52,21840.0,2024-11-25,3000.0,30,True,Automatic Execution,Computer and Technology,Semiconductor - Analog and Mixed,52.37,53.74,51.5,53.44,63,4.339252634032699,20,2,1,1,1,0
SMTC,Computer and Technology,Semiconductor - Analog and Mixed,30__2,30,2,2.0,6. p95_trade_value,34075.0,75923.99999999999,O:SMTC241220C00055000,SMTC,C,55.0,2024-12-20,209,0,300,4.2,1732545692584000000,90,37800.0,2024-11-25,3000.0,30,True,Automatic Execution,Computer and Technology,Semiconductor - Analog and Mixed,52.37,53.74,51.5,53.44,31,4.577491799837225,20,1,1,1,1,0
SMTC,Computer and Technology,Semiconductor - Analog and Mixed,30__2,30,2,2.0,8. p75_trade_value,11000.000000000002,19836.0,O:SMTC241220C00055000,SMTC,C,55.0,2024-12-20,209,0,320,4.1,1732545833229000000,31,12710.0,2024-11-25,3000.0,30,True,Automatic Execution,Computer and Technology,Semiconductor - Analog and Mixed,52.37,53.74,51.5,53.44,136,4.1041455505540085,20,4,1,1,1,0
SMTC,Computer and Technology,Semiconductor - Analog and Mixed,30__2,30,2,2.0,8. p75_trade_value,11000.000000000002,19836.0,O:SMTC241220C00055000,SMTC,C,55.0,2024-12-20,209,0,313,3.5,1732545134247000000,40,14000.0,2024-11-25,3000.0,30,True,Automatic Execution,Computer and Technology,Semiconductor - Analog and Mixed,52.37,53.74,51.5,53.44,122,4.146128035678238,20,4,1,1,1,0
SMTC,Computer and Technology,Semiconductor - Analog and Mixed,30__2,30,2,2.0,8. p75_trade_value,11000.000000000002,19836.0,O:SMTC241220C00055000,SMTC,C,55.0,2024-12-20,209,0,320,3.9,1732546532523000000,40,15600.0,2024-11-25,3000.0,30,True,Automatic Execution,Computer and Technology,Semiconductor - Analog and Mixed,52.37,53.74,51.5,53.44,109,4.193124598354461,20,4,1,1,1,0
SMTC,Computer and Technology,Semiconductor - Analog and Mixed,30__2,30,2,2.0,7. p90_trade_value,21000.0,34000.0,O:SMTC241220C00055000,SMTC,C,55.0,2024-12-20,227,0,323,4.2,1732562703200000000,50,21000.0,2024-11-25,3000.0,30,True,Single Leg Auction Non ISO,Computer and Technology,Semiconductor - Analog and Mixed,52.37,53.74,51.5,53.44,68,4.3222192947339195,20,2,1,1,1,0
SMTC,Computer and Technology,Semiconductor - Analog and Mixed,30__2,30,2,2.0,8. p75_trade_value,11000.000000000002,19836.0,O:SMTC241220C00055000,SMTC,C,55.0,2024-12-20,209,0,320,4.1,1732545833381000000,40,16400.0,2024-11-25,3000.0,30,True,Automatic Execution,Computer and Technology,Semiconductor - Analog and Mixed,52.37,53.74,51.5,53.44,100,4.214843848047698,20,3,1,1,1,0
SMTC,Computer and Technology,Semiconductor - Analog and Mixed,30__2,30,2,2.0,7. p90_trade_value,21000.0,34000.0,O:SMTC241220C00055000,SMTC,C,55.0,2024-12-20,227,0,323,4.39,1732563633131000000,68,29852.0,2024-11-25,3000.0,30,True,Single Leg Auction Non ISO,Computer and Technology,Semiconductor - Analog and Mixed,52.37,53.74,51.5,53.44,41,4.4749734329483575,20,2,1,1,1,0
SMTC,Computer and Technology,Semiconductor - Analog and Mixed,30__2,30,2,2.0,7. p90_trade_value,21000.0,34000.0,O:SMTC241220C00055000,SMTC,C,55.0,2024-12-20,209,0,308,4.1,1732565523083000000,60,24599.999999999996,2024-11-25,3000.0,30,True,Automatic Execution,Computer and Technology,Semiconductor - Analog and Mixed,52.37,53.74,51.5,53.44,54,4.390935107103379,20,2,1,1,1,0
SMTC,Computer and Technology,Semiconductor - Analog and Mixed,30__2,30,2,2.0,7. p90_trade_value,21000.0,34000.0,O:SMTC241220C00055000,SMTC,C,55.0,2024-12-20,209,0,313,3.5,1732545134235000000,60,21000.0,2024-11-25,3000.0,30,True,Automatic Execution,Computer and Technology,Semiconductor - Analog and Mixed,52.37,53.74,51.5,53.44,70,4.3222192947339195,20,2,1,1,1,0
SMTC,Computer and Technology,Semiconductor - Analog and Mixed,30__2,30,2,2.0,7. p90_trade_value,21000.0,34000.0,O:SMTC241220C00060000,SMTC,C,60.0,2024-12-20,209,0,313,2.6,1732548806557000000,100,26000.0,2024-11-25,3000.0,30,True,Automatic Execution,Computer and Technology,Semiconductor - Analog and Mixed,52.37,53.74,51.5,53.44,50,4.414973347970818,20,2,1,1,1,0
SMTC,Computer and Technology,Semiconductor - Analog and Mixed,30__2,30,2,2.0,8. p75_trade_value,11000.000000000002,19836.0,O:SMTC241220C00060000,SMTC,C,60.0,2024-12-20,209,0,300,2.65,1732550239383000000,50,13250.0,2024-11-25,3000.0,30,True,Automatic Execution,Computer and Technology,Semiconductor - Analog and Mixed,52.37,53.74,51.5,53.44,125,4.122215878272827,20,4,1,1,1,0
SMTC,Computer and Technology,Semiconductor - Analog and Mixed,30__2,30,2,2.0,8. p75_trade_value,11000.000000000002,19836.0,O:SMTC241220C00065000,SMTC,C,65.0,2024-12-20,227,0,323,1.66,1732567887160000000,72,11952.0,2024-11-25,3000.0,30,True,Single Leg Auction Non ISO,Computer and Technology,Semiconductor - Analog and Mixed,52.37,53.74,51.5,53.44,151,4.077440584471324,20,5,1,1,0,0
SMTC,Computer and Technology,Semiconductor - Analog and Mixed,30__2,30,2,2.0,8. p75_trade_value,11000.000000000002,19836.0,O:SMTC241220P00045000,SMTC,P,45.0,2024-12-20,227,0,301,1.6,1732563635200000000,73,11680.000000000002,2024-11-25,3000.0,30,True,Single Leg Auction Non ISO,Computer and Technology,Semiconductor - Analog and Mixed,52.37,53.74,51.5,53.44,158,4.067442842776381,20,5,0,0,0,1
SMTC,Computer and Technology,Semiconductor - Analog and Mixed,30__2,30,2,2.0,8. p75_trade_value,11000.000000000002,19836.0,O:SMTC241220C00070000,SMTC,C,70.0,2024-12-20,231,0,301,2.25,1732641686698000000,68,15300.0,2024-11-26,3000.0,30,True,Single Leg Floor Trade,Computer and Technology,Semiconductor - Analog and Mixed,63.5,66.64,57.51,63.11,111,4.184691430817598,20,4,1,0,0,0
SMTC,Computer and Technology,Semiconductor - Analog and Mixed,30__2,30,2,2.0,8. p75_trade_value,11000.000000000002,19836.0,O:SMTC241220C00070000,SMTC,C,70.0,2024-12-20,227,0,323,2.6,1732641508969000000,50,13000.0,2024-11-26,3000.0,30,True,Single Leg Auction Non ISO,Computer and Technology,Semiconductor - Analog and Mixed,63.5,66.64,57.51,63.11,128,4.113943352306837,20,4,1,0,0,0
SMTC,Computer and Technology,Semiconductor - Analog and Mixed,30__2,30,2,2.0,7. p90_trade_value,21000.0,34000.0,O:SMTC241220C00070000,SMTC,C,70.0,2024-12-20,227,0,323,2.83,1732641205978000000,90,25470.0,2024-11-26,3000.0,30,True,Single Leg Auction Non ISO,Computer and Technology,Semiconductor - Analog and Mixed,63.5,66.64,57.51,63.11,52,4.406028944963615,20,2,1,0,0,0
SMTC,Computer and Technology,Semiconductor - Analog and Mixed,30__2,30,2,2.0,7. p90_trade_value,21000.0,34000.0,O:SMTC241220C00075000,SMTC,C,75.0,2024-12-20,209,0,316,1.0,1732633630017000000,218,21800.0,2024-11-26,3000.0,30,True,Automatic Execution,Computer and Technology,Semiconductor - Analog and Mixed,63.5,66.64,57.51,63.11,65,4.338456493604605,20,2,0,0,0,1
SMTC,Computer and Technology,Semiconductor - Analog and Mixed,30__2,30,2,2.0,5. p99_trade_value,76000.0,222719.99999999997,O:SMTC241220C00070000,SMTC,C,70.0,2024-12-20,233,0,323,1.67,1732719194826000000,999,166833.0,2024-11-27,3000.0,30,True,Multi Leg Auction,Computer and Technology,Semiconductor - Analog and Mixed,62.75,65.12,61.4,64.2,5,5.222281959373565,20,1,1,0,0,0
SMTC,Computer and Technology,Semiconductor - Analog and Mixed,30__2,30,2,2.0,7. p90_trade_value,21000.0,34000.0,O:SMTC241220P00045000,SMTC,P,45.0,2024-12-20,233,0,323,0.31,1732719194826000000,999,30969.0,2024-11-27,3000.0,30,True,Multi Leg Auction,Computer and Technology,Semiconductor - Analog and Mixed,62.75,65.12,61.4,64.2,39,4.490927182060255,20,2,0,0,0,1
SMTC,Computer and Technology,Semiconductor - Analog and Mixed,30__2,30,2,2.0,5. p99_trade_value,76000.0,222719.99999999997,O:SMTC241220P00060000,SMTC,P,60.0,2024-12-20,233,0,323,1.61,1732719194826000000,999,160839.0,2024-11-27,3000.0,30,True,Multi Leg Auction,Computer and Technology,Semiconductor - Analog and Mixed,62.75,65.12,61.4,64.2,6,5.206391364257832,20,1,0,0,0,1
SMTC,Computer and Technology,Semiconductor - Analog and Mixed,30__2,30,2,2.0,8. p75_trade_value,11000.000000000002,19836.0,O:SMTC241220C00070000,SMTC,C,70.0,2024-12-20,209,0,308,2.0,1733259052359000000,60,12000.0,2024-12-03,3000.0,30,True,Automatic Execution,Computer and Technology,Semiconductor - Analog and Mixed,62.79,67.0,61.34,66.95,149,4.079181246047625,20,5,1,0,0,0
SMTC,Computer and Technology,Semiconductor - Analog and Mixed,30__2,30,2,2.0,6. p95_trade_value,34075.0,75923.99999999999,O:SMTC241220C00070000,SMTC,C,70.0,2024-12-20,233,0,302,0.52,1733847936618000000,999,51948.0,2024-12-10,3000.0,30,True,Multi Leg Auction,Computer and Technology,Semiconductor - Analog and Mixed,63.98,65.08,61.46,62.9,20,4.715568831860781,20,1,0,0,0,1
SMTC,Computer and Technology,Semiconductor - Analog and Mixed,30__2,30,2,2.0,8. p75_trade_value,11000.000000000002,19836.0,O:SMTC250117C00070000,SMTC,C,70.0,2025-01-17,209,0,316,1.7,1736179152899000000,72,12240.0,2025-01-06,3000.0,30,True,Automatic Execution,Computer and Technology,Semiconductor - Analog and Mixed,68.0,68.2487,66.44,67.49,143,4.087781417809542,20,4,1,1,1,0
SMTC,Computer and Technology,Semiconductor - Analog and Mixed,30__2,30,2,2.0,8. p75_trade_value,11000.000000000002,19836.0,O:SMTC250221C00070000,SMTC,C,70.0,2025-02-21,219,0,316,2.6,1738259850265000000,48,12480.000000000002,2025-01-30,3000.0,30,True,Intermarket Sweep Order,Computer and Technology,Semiconductor - Analog and Mixed,62.47,67.93,62.415,67.69,140,4.096214585346405,20,4,0,0,0,1
SMTC,Computer and Technology,Semiconductor - Analog and Mixed,30__2,30,2,2.0,8. p75_trade_value,11000.000000000002,19836.0,O:SMTC250221C00070000,SMTC,C,70.0,2025-02-21,209,0,325,2.6,1738259850265000000,48,12480.000000000002,2025-01-30,3000.0,30,True,Automatic Execution,Computer and Technology,Semiconductor - Analog and Mixed,62.47,67.93,62.415,67.69,141,4.096214585346405,20,4,0,0,0,1
SMTC,Computer and Technology,Semiconductor - Analog and Mixed,30__2,30,2,2.0,8. p75_trade_value,11000.000000000002,19836.0,O:SMTC250221C00070000,SMTC,C,70.0,2025-02-21,219,0,320,2.6,1738259850266000000,76,19760.0,2025-01-30,3000.0,30,True,Intermarket Sweep Order,Computer and Technology,Semiconductor - Analog and Mixed,62.47,67.93,62.415,67.69,76,4.29578694025161,20,3,0,0,0,1
SMTC,Computer and Technology,Semiconductor - Analog and Mixed,30__2,30,2,2.0,7. p90_trade_value,21000.0,34000.0,O:SMTC250221C00070000,SMTC,C,70.0,2025-02-21,219,0,320,2.6,1738259850268000000,84,21840.0,2025-01-30,3000.0,30,True,Intermarket Sweep Order,Computer and Technology,Semiconductor - Analog and Mixed,62.47,67.93,62.415,67.69,64,4.339252634032699,20,2,0,0,0,1
SMTC,Computer and Technology,Semiconductor - Analog and Mixed,30__2,30,2,2.0,8. p75_trade_value,11000.000000000002,19836.0,O:SMTC250221C00075000,SMTC,C,75.0,2025-02-21,232,0,302,1.57,1738268527931000000,95,14915.0,2025-01-30,3000.0,30,True,Multi Leg auto-electronic trade,Computer and Technology,Semiconductor - Analog and Mixed,62.47,67.93,62.415,67.69,113,4.173623257698082,20,4,0,0,0,1
SMTC,Computer and Technology,Semiconductor - Analog and Mixed,30__2,30,2,2.0,8. p75_trade_value,11000.000000000002,19836.0,O:SMTC250221C00075000,SMTC,C,75.0,2025-02-21,232,0,308,1.45,1738267730752000000,100,14500.0,2025-01-30,3000.0,30,True,Multi Leg auto-electronic trade,Computer and Technology,Semiconductor - Analog and Mixed,62.47,67.93,62.415,67.69,115,4.161368002234975,20,4,0,0,0,1
SMTC,Computer and Technology,Semiconductor - Analog and Mixed,30__2,30,2,2.0,8. p75_trade_value,11000.000000000002,19836.0,O:SMTC250221P00045000,SMTC,P,45.0,2025-02-21,209,0,309,0.6,1738961050606000000,330,19800.0,2025-02-07,3000.0,30,True,Automatic Execution,Computer and Technology,Semiconductor - Analog and Mixed,58.56,58.9522,50.57,54.51,75,4.296665190261531,20,3,1,1,1,0
SMTC,Computer and Technology,Semiconductor - Analog and Mixed,30__2,30,2,2.0,8. p75_trade_value,11000.000000000002,19836.0,O:SMTC250221P00045000,SMTC,P,45.0,2025-02-21,209,0,304,0.6,1738961050610000000,215,12900.0,2025-02-07,3000.0,30,True,Automatic Execution,Computer and Technology,Semiconductor - Analog and Mixed,58.56,58.9522,50.57,54.51,130,4.110589710299249,20,4,1,1,1,0
SMTC,Computer and Technology,Semiconductor - Analog and Mixed,30__2,30,2,2.0,8. p75_trade_value,11000.000000000002,19836.0,O:SMTC250221P00045000,SMTC,P,45.0,2025-02-21,209,0,323,0.6,1738961050606000000,315,18900.0,2025-02-07,3000.0,30,True,Automatic Execution,Computer and Technology,Semiconductor - Analog and Mixed,58.56,58.9522,50.57,54.51,84,4.276461804173244,20,3,1,1,1,0
SMTC,Computer and Technology,Semiconductor - Analog and Mixed,30__2,30,2,2.0,8. p75_trade_value,11000.000000000002,19836.0,O:SMTC250221P00050000,SMTC,P,50.0,2025-02-21,209,0,313,2.1,1738942104329000000,60,12600.0,2025-02-07,3000.0,30,True,Automatic Execution,Computer and Technology,Semiconductor - Analog and Mixed,58.56,58.9522,50.57,54.51,137,4.1003705451175625,20,4,1,1,1,0
SMTC,Computer and Technology,Semiconductor - Analog and Mixed,30__2,30,2,2.0,8. p75_trade_value,11000.000000000002,19836.0,O:SMTC250221P00050000,SMTC,P,50.0,2025-02-21,209,0,320,2.1,1738942104330000000,90,18900.0,2025-02-07,3000.0,30,True,Automatic Execution,Computer and Technology,Semiconductor - Analog and Mixed,58.56,58.9522,50.57,54.51,85,4.276461804173244,20,3,1,1,1,0
SMTC,Computer and Technology,Semiconductor - Analog and Mixed,30__2,30,2,2.0,6. p95_trade_value,34075.0,75923.99999999999,O:SMTC250221P00050000,SMTC,P,50.0,2025-02-21,209,0,320,2.0,1738942277747000000,270,54000.0,2025-02-07,3000.0,30,True,Automatic Execution,Computer and Technology,Semiconductor - Analog and Mixed,58.56,58.9522,50.57,54.51,17,4.732393759822968,20,1,1,1,1,0
SMTC,Computer and Technology,Semiconductor - Analog and Mixed,30__2,30,2,2.0,6. p95_trade_value,34075.0,75923.99999999999,O:SMTC250221P00050000,SMTC,P,50.0,2025-02-21,209,0,313,2.0,1738942277746000000,180,36000.0,2025-02-07,3000.0,30,True,Automatic Execution,Computer and Technology,Semiconductor - Analog and Mixed,58.56,58.9522,50.57,54.51,33,4.556302500767287,20,1,1,1,1,0
SMTC,Computer and Technology,Semiconductor - Analog and Mixed,30__2,30,2,2.0,8. p75_trade_value,11000.000000000002,19836.0,O:SMTC250221P00050000,SMTC,P,50.0,2025-02-21,209,0,320,2.2,1738941702237000000,54,11880.000000000002,2025-02-07,3000.0,30,True,Automatic Execution,Computer and Technology,Semiconductor - Analog and Mixed,58.56,58.9522,50.57,54.51,155,4.074816440645175,20,5,1,1,1,0
SMTC,Computer and Technology,Semiconductor - Analog and Mixed,30__2,30,2,2.0,8. p75_trade_value,11000.000000000002,19836.0,O:SMTC250221P00050000,SMTC,P,50.0,2025-02-21,209,0,313,2.2,1738941702226000000,60,13200.0,2025-02-07,3000.0,30,True,Automatic Execution,Computer and Technology,Semiconductor - Analog and Mixed,58.56,58.9522,50.57,54.51,127,4.12057393120585,20,4,1,1,1,0
SMTC,Computer and Technology,Semiconductor - Analog and Mixed,30__2,30,2,2.0,7. p90_trade_value,21000.0,34000.0,O:SMTC250221P00035000,SMTC,P,35.0,2025-02-21,209,0,316,0.8,1739197878603000000,271,21680.0,2025-02-10,3000.0,30,True,Automatic Execution,Computer and Technology,Semiconductor - Analog and Mixed,39.99,40.3,36.0,37.6,66,4.336059277866349,20,2,0,0,0,1
SMTC,Computer and Technology,Semiconductor - Analog and Mixed,30__2,30,2,2.0,7. p90_trade_value,21000.0,34000.0,O:SMTC250221C00038000,SMTC,C,38.0,2025-02-21,227,0,323,1.06,1739457650785000000,200,21200.0,2025-02-13,3000.0,30,True,Single Leg Auction Non ISO,Computer and Technology,Semiconductor - Analog and Mixed,36.93,37.515,36.13,36.73,67,4.326335860928752,20,2,1,1,0,0
SMTC,Computer and Technology,Semiconductor - Analog and Mixed,30__2,30,2,2.0,8. p75_trade_value,11000.000000000002,19836.0,O:SMTC250221P00035000,SMTC,P,35.0,2025-02-21,209,0,320,0.35,1739904441304000000,555,19425.0,2025-02-18,3000.0,30,True,Automatic Execution,Computer and Technology,Semiconductor - Analog and Mixed,37.47,37.76,36.25,37.05,79,4.288361027472952,20,3,0,0,0,1
SMTC,Computer and Technology,Semiconductor - Analog and Mixed,30__2,30,2,2.0,5. p99_trade_value,76000.0,222719.99999999997,O:SMTC250321P00034000,SMTC,P,34.0,2025-03-21,242,0,323,1.5,1739991967030000000,600,90000.0,2025-02-19,3000.0,30,True,Stock Options floor trade,Computer and Technology,Semiconductor - Analog and Mixed,37.34,38.09,37.03,37.89,7,4.954242509439325,20,1,1,0,0,0
SMTC,Computer and Technology,Semiconductor - Analog and Mixed,30__2,30,2,2.0,8. p75_trade_value,11000.000000000002,19836.0,O:SMTC250321C00040000,SMTC,C,40.0,2025-03-21,227,0,323,2.65,1740062504176000000,50,13250.0,2025-02-20,3000.0,30,True,Single Leg Auction Non ISO,Computer and Technology,Semiconductor - Analog and Mixed,37.99,39.86,37.91,38.71,126,4.122215878272827,20,4,1,1,0,0
SMTC,Computer and Technology,Semiconductor - Analog and Mixed,30__2,30,2,2.0,7. p90_trade_value,21000.0,34000.0,O:SMTC250321C00040000,SMTC,C,40.0,2025-03-21,227,0,300,2.85,1740064374834000000,100,28500.0,2025-02-20,3000.0,30,True,Single Leg Auction Non ISO,Computer and Technology,Semiconductor - Analog and Mixed,37.99,39.86,37.91,38.71,43,4.45484486000851,20,2,1,1,0,0
SMTC,Computer and Technology,Semiconductor - Analog and Mixed,30__2,30,2,2.0,7. p90_trade_value,21000.0,34000.0,O:SMTC250321C00040000,SMTC,C,40.0,2025-03-21,209,0,308,2.75,1740063693759000000,100,27500.0,2025-02-20,3000.0,30,True,Automatic Execution,Computer and Technology,Semiconductor - Analog and Mixed,37.99,39.86,37.91,38.71,46,4.439332693830263,20,2,1,1,0,0
SMTC,Computer and Technology,Semiconductor - Analog and Mixed,30__2,30,2,2.0,7. p90_trade_value,21000.0,34000.0,O:SMTC250321C00040000,SMTC,C,40.0,2025-03-21,209,0,301,2.65,1740065936696000000,100,26500.0,2025-02-20,3000.0,30,True,Automatic Execution,Computer and Technology,Semiconductor - Analog and Mixed,37.99,39.86,37.91,38.71,48,4.423245873936808,20,2,1,1,0,0
SMTC,Computer and Technology,Semiconductor - Analog and Mixed,30__2,30,2,2.0,8. p75_trade_value,11000.000000000002,19836.0,O:SMTC250321C00042000,SMTC,C,42.0,2025-03-21,209,0,308,1.9,1740065820009000000,100,19000.0,2025-02-20,3000.0,30,True,Automatic Execution,Computer and Technology,Semiconductor - Analog and Mixed,37.99,39.86,37.91,38.71,81,4.278753600952829,20,3,1,0,0,0
SMTC,Computer and Technology,Semiconductor - Analog and Mixed,30__2,30,2,2.0,8. p75_trade_value,11000.000000000002,19836.0,O:SMTC250321C00042000,SMTC,C,42.0,2025-03-21,209,0,300,1.6,1740076880642000000,100,16000.0,2025-02-20,3000.0,30,True,Automatic Execution,Computer and Technology,Semiconductor - Analog and Mixed,37.99,39.86,37.91,38.71,103,4.204119982655925,20,3,1,0,0,0
SMTC,Computer and Technology,Semiconductor - Analog and Mixed,30__2,30,2,2.0,5. p99_trade_value,76000.0,222719.99999999997,O:SMTC250321C00043000,SMTC,C,43.0,2025-03-21,227,0,323,1.72,1740064834124000000,1163,200036.0,2025-02-20,3000.0,30,True,Single Leg Auction Non ISO,Computer and Technology,Semiconductor - Analog and Mixed,37.99,39.86,37.91,38.71,3,5.301108161635997,20,1,0,0,0,1
SMTC,Computer and Technology,Semiconductor - Analog and Mixed,30__2,30,2,2.0,5. p99_trade_value,76000.0,222719.99999999997,O:SMTC250321C00043000,SMTC,C,43.0,2025-03-21,227,0,323,1.72,1740064834124000000,1132,194704.0,2025-02-20,3000.0,30,True,Single Leg Auction Non ISO,Computer and Technology,Semiconductor - Analog and Mixed,37.99,39.86,37.91,38.71,4,5.289374873759802,20,1,0,0,0,1
SMTC,Computer and Technology,Semiconductor - Analog and Mixed,30__2,30,2,2.0,6. p95_trade_value,34075.0,75923.99999999999,O:SMTC250321C00043000,SMTC,C,43.0,2025-03-21,227,0,304,1.61,1740064289449000000,239,38479.0,2025-02-20,3000.0,30,True,Single Leg Auction Non ISO,Computer and Technology,Semiconductor - Analog and Mixed,37.99,39.86,37.91,38.71,30,4.585223776979987,20,1,0,0,0,1
SMTC,Computer and Technology,Semiconductor - Analog and Mixed,30__2,30,2,2.0,7. p90_trade_value,21000.0,34000.0,O:SMTC250321C00043000,SMTC,C,43.0,2025-03-21,227,0,304,1.61,1740064289449000000,160,25760.000000000004,2025-02-20,3000.0,30,True,Single Leg Auction Non ISO,Computer and Technology,Semiconductor - Analog and Mixed,37.99,39.86,37.91,38.71,51,4.410945858687774,20,2,0,0,0,1
SMTC,Computer and Technology,Semiconductor - Analog and Mixed,30__2,30,2,2.0,7. p90_trade_value,21000.0,34000.0,O:SMTC250321C00043000,SMTC,C,43.0,2025-03-21,209,0,308,1.7,1740064834024000000,138,23460.0,2025-02-20,3000.0,30,True,Automatic Execution,Computer and Technology,Semiconductor - Analog and Mixed,37.99,39.86,37.91,38.71,60,4.37032800777951,20,2,0,0,0,1
SMTC,Computer and Technology,Semiconductor - Analog and Mixed,30__2,30,2,2.0,8. p75_trade_value,11000.000000000002,19836.0,O:SMTC250321C00042000,SMTC,C,42.0,2025-03-21,209,0,308,1.25,1740171429432000000,100,12500.0,2025-02-21,3000.0,30,True,Automatic Execution,Computer and Technology,Semiconductor - Analog and Mixed,38.925,39.4,37.07,37.1,139,4.096910013008056,20,4,1,0,0,0
SMTC,Computer and Technology,Semiconductor - Analog and Mixed,30__2,30,2,2.0,8. p75_trade_value,11000.000000000002,19836.0,O:SMTC250321P00035000,SMTC,P,35.0,2025-03-21,209,0,308,2.3,1740411702929000000,80,18400.0,2025-02-24,3000.0,30,True,Automatic Execution,Computer and Technology,Semiconductor - Analog and Mixed,37.01,37.47,35.2659,36.67,87,4.264817823009537,20,3,1,0,0,0
SMTC,Computer and Technology,Semiconductor - Analog and Mixed,30__2,30,2,2.0,8. p75_trade_value,11000.000000000002,19836.0,O:SMTC250321C00040000,SMTC,C,40.0,2025-03-21,209,0,308,1.6,1740499171034000000,74,11840.0,2025-02-25,3000.0,30,True,Automatic Execution,Computer and Technology,Semiconductor - Analog and Mixed,36.5,37.43,35.69,36.82,156,4.073351702386901,20,5,1,1,0,0
SMTC,Computer and Technology,Semiconductor - Analog and Mixed,30__2,30,2,2.0,7. p90_trade_value,21000.0,34000.0,O:SMTC250321C00040000,SMTC,C,40.0,2025-03-21,209,0,316,1.43,1740494216146000000,197,28170.999999999996,2025-02-25,3000.0,30,True,Automatic Execution,Computer and Technology,Semiconductor - Analog and Mixed,36.5,37.43,35.69,36.82,44,4.449802263626655,20,2,1,1,0,0
SMTC,Computer and Technology,Semiconductor - Analog and Mixed,30__2,30,2,2.0,6. p95_trade_value,34075.0,75923.99999999999,O:SMTC250321C00046000,SMTC,C,46.0,2025-03-21,235,0,300,0.5,1740516690254000000,809,40450.0,2025-02-25,3000.0,30,True,Multi Leg floor trade,Computer and Technology,Semiconductor - Analog and Mixed,36.5,37.43,35.69,36.82,26,4.606918525948291,20,1,0,0,0,1
SMTC,Computer and Technology,Semiconductor - Analog and Mixed,30__2,30,2,2.0,7. p90_trade_value,21000.0,34000.0,O:SMTC250321P00028000,SMTC,P,28.0,2025-03-21,235,0,300,0.3,1740516690254000000,809,24270.0,2025-02-25,3000.0,30,True,Multi Leg floor trade,Computer and Technology,Semiconductor - Analog and Mixed,36.5,37.43,35.69,36.82,56,4.385069776331934,20,2,0,0,0,1
SMTC,Computer and Technology,Semiconductor - Analog and Mixed,30__2,30,2,2.0,6. p95_trade_value,34075.0,75923.99999999999,O:SMTC250321C00040000,SMTC,C,40.0,2025-03-21,232,0,308,2.28,1740598354247000000,333,75923.99999999999,2025-02-26,3000.0,30,True,Multi Leg auto-electronic trade,Computer and Technology,Semiconductor - Analog and Mixed,37.52,39.23,37.3,38.88,9,4.880379080506773,20,1,1,1,0,0
SMTC,Computer and Technology,Semiconductor - Analog and Mixed,30__2,30,2,2.0,8. p75_trade_value,11000.000000000002,19836.0,O:SMTC250321C00040000,SMTC,C,40.0,2025-03-21,232,0,300,2.29,1740598321325000000,50,11450.0,2025-02-26,3000.0,30,True,Multi Leg auto-electronic trade,Computer and Technology,Semiconductor - Analog and Mixed,37.52,39.23,37.3,38.88,165,4.058805486675907,20,5,1,1,0,0
SMTC,Computer and Technology,Semiconductor - Analog and Mixed,30__2,30,2,2.0,8. p75_trade_value,11000.000000000002,19836.0,O:SMTC250321C00040000,SMTC,C,40.0,2025-03-21,209,0,301,2.25,1740588012081000000,50,11250.0,2025-02-26,3000.0,30,True,Automatic Execution,Computer and Technology,Semiconductor - Analog and Mixed,37.52,39.23,37.3,38.88,173,4.051152522447381,20,5,1,1,0,0
SMTC,Computer and Technology,Semiconductor - Analog and Mixed,30__2,30,2,2.0,6. p95_trade_value,34075.0,75923.99999999999,O:SMTC250321C00040000,SMTC,C,40.0,2025-03-21,236,0,308,2.35,1740598312416000000,145,34075.0,2025-02-26,3000.0,30,True,Multi Leg auto-electronic trade against single leg(s),Computer and Technology,Semiconductor - Analog and Mixed,37.52,39.23,37.3,38.88,36,4.532435864506711,20,1,1,1,0,0
SMTC,Computer and Technology,Semiconductor - Analog and Mixed,30__2,30,2,2.0,6. p95_trade_value,34075.0,75923.99999999999,O:SMTC250321C00040000,SMTC,C,40.0,2025-03-21,232,0,301,2.35,1740598312323000000,237,55695.00000000001,2025-02-26,3000.0,30,True,Multi Leg auto-electronic trade,Computer and Technology,Semiconductor - Analog and Mixed,37.52,39.23,37.3,38.88,15,4.74581620828184,20,1,1,1,0,0
SMTC,Computer and Technology,Semiconductor - Analog and Mixed,30__2,30,2,2.0,6. p95_trade_value,34075.0,75923.99999999999,O:SMTC250321C00040000,SMTC,C,40.0,2025-03-21,232,0,300,2.32,1740598312419000000,250,58000.0,2025-02-26,3000.0,30,True,Multi Leg auto-electronic trade,Computer and Technology,Semiconductor - Analog and Mixed,37.52,39.23,37.3,38.88,12,4.763427993562937,20,1,1,1,0,0
SMTC,Computer and Technology,Semiconductor - Analog and Mixed,30__2,30,2,2.0,6. p95_trade_value,34075.0,75923.99999999999,O:SMTC250321C00040000,SMTC,C,40.0,2025-03-21,232,0,312,2.33,1740598312520000000,206,47998.0,2025-02-26,3000.0,30,True,Multi Leg auto-electronic trade,Computer and Technology,Semiconductor - Analog and Mixed,37.52,39.23,37.3,38.88,23,4.681223141395172,20,1,1,1,0,0
SMTC,Computer and Technology,Semiconductor - Analog and Mixed,30__2,30,2,2.0,8. p75_trade_value,11000.000000000002,19836.0,O:SMTC250321C00040000,SMTC,C,40.0,2025-03-21,232,0,300,2.29,1740598351826000000,56,12824.0,2025-02-26,3000.0,30,True,Multi Leg auto-electronic trade,Computer and Technology,Semiconductor - Analog and Mixed,37.52,39.23,37.3,38.88,134,4.108023509346088,20,4,1,1,0,0
SMTC,Computer and Technology,Semiconductor - Analog and Mixed,30__2,30,2,2.0,6. p95_trade_value,34075.0,75923.99999999999,O:SMTC250321C00040000,SMTC,C,40.0,2025-03-21,232,0,302,2.3,1740598351826000000,171,39329.99999999999,2025-02-26,3000.0,30,True,Multi Leg auto-electronic trade,Computer and Technology,Semiconductor - Analog and Mixed,37.52,39.23,37.3,38.88,27,4.594723946409746,20,1,1,1,0,0
SMTC,Computer and Technology,Semiconductor - Analog and Mixed,30__2,30,2,2.0,6. p95_trade_value,34075.0,75923.99999999999,O:SMTC250321C00040000,SMTC,C,40.0,2025-03-21,232,0,313,2.32,1740598312418000000,250,58000.0,2025-02-26,3000.0,30,True,Multi Leg auto-electronic trade,Computer and Technology,Semiconductor - Analog and Mixed,37.52,39.23,37.3,38.88,13,4.763427993562937,20,1,1,1,0,0
SMTC,Computer and Technology,Semiconductor - Analog and Mixed,30__2,30,2,2.0,8. p75_trade_value,11000.000000000002,19836.0,O:SMTC250321C00040000,SMTC,C,40.0,2025-03-21,236,0,308,2.35,1740598312417000000,57,13395.000000000002,2025-02-26,3000.0,30,True,Multi Leg auto-electronic trade against single leg(s),Computer and Technology,Semiconductor - Analog and Mixed,37.52,39.23,37.3,38.88,124,4.126942717944227,20,4,1,1,0,0
SMTC,Computer and Technology,Semiconductor - Analog and Mixed,30__2,30,2,2.0,8. p75_trade_value,11000.000000000002,19836.0,O:SMTC250321C00040000,SMTC,C,40.0,2025-03-21,232,0,312,2.3,1740598351827000000,52,11960.0,2025-02-26,3000.0,30,True,Multi Leg auto-electronic trade,Computer and Technology,Semiconductor - Analog and Mixed,37.52,39.23,37.3,38.88,150,4.077731179652392,20,5,1,1,0,0
SMTC,Computer and Technology,Semiconductor - Analog and Mixed,30__2,30,2,2.0,6. p95_trade_value,34075.0,75923.99999999999,O:SMTC250321C00040000,SMTC,C,40.0,2025-03-21,232,0,304,2.32,1740598312418000000,210,48720.0,2025-02-26,3000.0,30,True,Multi Leg auto-electronic trade,Computer and Technology,Semiconductor - Analog and Mixed,37.52,39.23,37.3,38.88,22,4.687707279624819,20,1,1,1,0,0
SMTC,Computer and Technology,Semiconductor - Analog and Mixed,30__2,30,2,2.0,6. p95_trade_value,34075.0,75923.99999999999,O:SMTC250321C00040000,SMTC,C,40.0,2025-03-21,232,0,308,2.35,1740598312521000000,250,58750.0,2025-02-26,3000.0,30,True,Multi Leg auto-electronic trade,Computer and Technology,Semiconductor - Analog and Mixed,37.52,39.23,37.3,38.88,11,4.769007870943774,20,1,1,1,0,0
SMTC,Computer and Technology,Semiconductor - Analog and Mixed,30__2,30,2,2.0,5. p99_trade_value,76000.0,222719.99999999997,O:SMTC250321C00040000,SMTC,C,40.0,2025-03-21,232,0,302,2.32,1740598312416000000,960,222719.99999999997,2025-02-26,3000.0,30,True,Multi Leg auto-electronic trade,Computer and Technology,Semiconductor - Analog and Mixed,37.52,39.23,37.3,38.88,2,5.347759217930468,20,1,1,1,0,0
SMTC,Computer and Technology,Semiconductor - Analog and Mixed,30__2,30,2,2.0,1. p999999_trade_value,234000.0,234000.0,O:SMTC250321C00040000,SMTC,C,40.0,2025-03-21,232,0,323,2.34,1740598312417000000,1000,234000.0,2025-02-26,3000.0,30,True,Multi Leg auto-electronic trade,Computer and Technology,Semiconductor - Analog and Mixed,37.52,39.23,37.3,38.88,1,5.3692158574101425,20,1,1,1,0,0
SMTC,Computer and Technology,Semiconductor - Analog and Mixed,30__2,30,2,2.0,6. p95_trade_value,34075.0,75923.99999999999,O:SMTC250321C00040000,SMTC,C,40.0,2025-03-21,209,0,316,2.3,1740598312521000000,250,57500.0,2025-02-26,3000.0,30,True,Automatic Execution,Computer and Technology,Semiconductor - Analog and Mixed,37.52,39.23,37.3,38.88,14,4.7596678446896306,20,1,1,1,0,0
SMTC,Computer and Technology,Semiconductor - Analog and Mixed,30__2,30,2,2.0,8. p75_trade_value,11000.000000000002,19836.0,O:SMTC250321C00040000,SMTC,C,40.0,2025-03-21,232,0,323,2.22,1740598351827000000,55,12210.0,2025-02-26,3000.0,30,True,Multi Leg auto-electronic trade,Computer and Technology,Semiconductor - Analog and Mixed,37.52,39.23,37.3,38.88,144,4.086715663944882,20,4,1,1,0,0
SMTC,Computer and Technology,Semiconductor - Analog and Mixed,30__2,30,2,2.0,6. p95_trade_value,34075.0,75923.99999999999,O:SMTC250321C00040000,SMTC,C,40.0,2025-03-21,232,0,323,2.22,1740598347124000000,166,36852.00000000001,2025-02-26,3000.0,30,True,Multi Leg auto-electronic trade,Computer and Technology,Semiconductor - Analog and Mixed,37.52,39.23,37.3,38.88,32,4.566461062490694,20,1,1,1,0,0
SMTC,Computer and Technology,Semiconductor - Analog and Mixed,30__2,30,2,2.0,8. p75_trade_value,11000.000000000002,19836.0,O:SMTC250321C00040000,SMTC,C,40.0,2025-03-21,232,0,313,2.29,1740598351827000000,56,12824.0,2025-02-26,3000.0,30,True,Multi Leg auto-electronic trade,Computer and Technology,Semiconductor - Analog and Mixed,37.52,39.23,37.3,38.88,132,4.108023509346088,20,4,1,1,0,0
SMTC,Computer and Technology,Semiconductor - Analog and Mixed,30__2,30,2,2.0,8. p75_trade_value,11000.000000000002,19836.0,O:SMTC250321C00040000,SMTC,C,40.0,2025-03-21,232,0,304,2.3,1740598351827000000,56,12879.999999999998,2025-02-26,3000.0,30,True,Multi Leg auto-electronic trade,Computer and Technology,Semiconductor - Analog and Mixed,37.52,39.23,37.3,38.88,131,4.109915863023793,20,4,1,1,0,0
SMTC,Computer and Technology,Semiconductor - Analog and Mixed,30__2,30,2,2.0,8. p75_trade_value,11000.000000000002,19836.0,O:SMTC250321C00040000,SMTC,C,40.0,2025-03-21,232,0,308,2.3,1740598351827000000,54,12419.999999999998,2025-02-26,3000.0,30,True,Multi Leg auto-electronic trade,Computer and Technology,Semiconductor - Analog and Mixed,37.52,39.23,37.3,38.88,142,4.094121595840561,20,4,1,1,0,0
SMTC,Computer and Technology,Semiconductor - Analog and Mixed,30__2,30,2,2.0,8. p75_trade_value,11000.000000000002,19836.0,O:SMTC250321C00040000,SMTC,C,40.0,2025-03-21,232,0,302,2.3,1740598350218000000,50,11499.999999999998,2025-02-26,3000.0,30,True,Multi Leg auto-electronic trade,Computer and Technology,Semiconductor - Analog and Mixed,37.52,39.23,37.3,38.88,163,4.060697840353612,20,5,1,1,0,0
SMTC,Computer and Technology,Semiconductor - Analog and Mixed,30__2,30,2,2.0,8. p75_trade_value,11000.000000000002,19836.0,O:SMTC250321C00040000,SMTC,C,40.0,2025-03-21,232,0,300,2.29,1740598347123000000,56,12824.0,2025-02-26,3000.0,30,True,Multi Leg auto-electronic trade,Computer and Technology,Semiconductor - Analog and Mixed,37.52,39.23,37.3,38.88,133,4.108023509346088,20,4,1,1,0,0
SMTC,Computer and Technology,Semiconductor - Analog and Mixed,30__2,30,2,2.0,6. p95_trade_value,34075.0,75923.99999999999,O:SMTC250321C00040000,SMTC,C,40.0,2025-03-21,209,0,318,2.4,1740775348385000000,161,38640.0,2025-02-28,3000.0,30,True,Automatic Execution,Computer and Technology,Semiconductor - Analog and Mixed,34.725,38.595,34.25,38.19,29,4.5870371177434555,20,1,1,1,0,0
SMTC,Computer and Technology,Semiconductor - Analog and Mixed,30__2,30,2,2.0,8. p75_trade_value,11000.000000000002,19836.0,O:SMTC250321C00040000,SMTC,C,40.0,2025-03-21,209,0,302,2.3,1740769190407000000,50,11499.999999999998,2025-02-28,3000.0,30,True,Automatic Execution,Computer and Technology,Semiconductor - Analog and Mixed,34.725,38.595,34.25,38.19,162,4.060697840353612,20,5,1,1,0,0
SMTC,Computer and Technology,Semiconductor - Analog and Mixed,30__2,30,2,2.0,8. p75_trade_value,11000.000000000002,19836.0,O:SMTC250321C00040000,SMTC,C,40.0,2025-03-21,209,0,316,2.61,1740772787269000000,76,19836.0,2025-02-28,3000.0,30,True,Automatic Execution,Computer and Technology,Semiconductor - Analog and Mixed,34.725,38.595,34.25,38.19,74,4.297454099619072,20,3,1,1,0,0
SMTC,Computer and Technology,Semiconductor - Analog and Mixed,30__2,30,2,2.0,7. p90_trade_value,21000.0,34000.0,O:SMTC250321C00040000,SMTC,C,40.0,2025-03-21,209,0,301,1.75,1741027482619000000,154,26950.0,2025-03-03,3000.0,30,True,Automatic Execution,Computer and Technology,Semiconductor - Analog and Mixed,38.71,38.9,34.96,35.58,47,4.430558769522757,20,2,1,1,0,0
SMTC,Computer and Technology,Semiconductor - Analog and Mixed,30__2,30,2,2.0,7. p90_trade_value,21000.0,34000.0,O:SMTC250321C00042000,SMTC,C,42.0,2025-03-21,209,0,308,1.5,1741021623824000000,200,30000.0,2025-03-03,3000.0,30,True,Automatic Execution,Computer and Technology,Semiconductor - Analog and Mixed,38.71,38.9,34.96,35.58,40,4.477121254719663,20,2,1,0,0,0
SMTC,Computer and Technology,Semiconductor - Analog and Mixed,30__2,30,2,2.0,6. p95_trade_value,34075.0,75923.99999999999,O:SMTC250321C00038000,SMTC,C,38.0,2025-03-21,209,0,304,2.6,1741190773140000000,200,52000.0,2025-03-05,3000.0,30,True,Automatic Execution,Computer and Technology,Semiconductor - Analog and Mixed,36.41,37.28,35.5099,36.84,19,4.7160033436347994,20,1,1,1,1,0
SMTC,Computer and Technology,Semiconductor - Analog and Mixed,30__2,30,2,2.0,6. p95_trade_value,34075.0,75923.99999999999,O:SMTC250321C00035000,SMTC,C,35.0,2025-03-21,235,0,301,1.75,1741709723102000000,200,35000.0,2025-03-11,3000.0,30,True,Multi Leg floor trade,Computer and Technology,Semiconductor - Analog and Mixed,32.35,33.18,31.535,32.2,35,4.544068044350276,20,1,1,1,1,0
SMTC,Computer and Technology,Semiconductor - Analog and Mixed,30__2,30,2,2.0,8. p75_trade_value,11000.000000000002,19836.0,O:SMTC250321C00040000,SMTC,C,40.0,2025-03-21,235,0,301,0.65,1741709723102000000,200,13000.0,2025-03-11,3000.0,30,True,Multi Leg floor trade,Computer and Technology,Semiconductor - Analog and Mixed,32.35,33.18,31.535,32.2,129,4.113943352306837,20,4,1,1,0,0
SMTC,Computer and Technology,Semiconductor - Analog and Mixed,30__2,30,2,2.0,8. p75_trade_value,11000.000000000002,19836.0,O:SMTC250321C00035000,SMTC,C,35.0,2025-03-21,209,0,308,1.6,1741894100277000000,80,12800.0,2025-03-13,3000.0,30,True,Automatic Execution,Computer and Technology,Semiconductor - Analog and Mixed,33.74,33.83,32.19,32.71,135,4.107209969647869,20,4,1,1,1,0
SMTC,Computer and Technology,Semiconductor - Analog and Mixed,30__2,30,2,2.0,8. p75_trade_value,11000.000000000002,19836.0,O:SMTC250321P00032000,SMTC,P,32.0,2025-03-21,209,0,316,2.25,1741894091193000000,50,11250.0,2025-03-13,3000.0,30,True,Automatic Execution,Computer and Technology,Semiconductor - Analog and Mixed,33.74,33.83,32.19,32.71,174,4.051152522447381,20,5,0,0,0,1
SMTC,Computer and Technology,Semiconductor - Analog and Mixed,30__2,30,2,2.0,8. p75_trade_value,11000.000000000002,19836.0,O:SMTC250321P00032000,SMTC,P,32.0,2025-03-21,209,0,316,2.2,1741893877018000000,50,11000.000000000002,2025-03-13,3000.0,30,True,Automatic Execution,Computer and Technology,Semiconductor - Analog and Mixed,33.74,33.83,32.19,32.71,177,4.041392685158225,20,5,0,0,0,1
SMTC,Computer and Technology,Semiconductor - Analog and Mixed,30__2,30,2,2.0,8. p75_trade_value,11000.000000000002,19836.0,O:SMTC250321P00032000,SMTC,P,32.0,2025-03-21,209,0,308,2.4,1741874330033000000,48,11519.999999999998,2025-03-13,3000.0,30,True,Automatic Execution,Computer and Technology,Semiconductor - Analog and Mixed,33.74,33.83,32.19,32.71,161,4.061452479087193,20,5,0,0,0,1
SMTC,Computer and Technology,Semiconductor - Analog and Mixed,30__2,30,2,2.0,7. p90_trade_value,21000.0,34000.0,O:SMTC250321P00032000,SMTC,P,32.0,2025-03-21,209,0,325,2.4,1741874288720000000,100,24000.0,2025-03-13,3000.0,30,True,Automatic Execution,Computer and Technology,Semiconductor - Analog and Mixed,33.74,33.83,32.19,32.71,58,4.380211241711606,20,2,0,0,0,1
SMTC,Computer and Technology,Semiconductor - Analog and Mixed,30__2,30,2,2.0,8. p75_trade_value,11000.000000000002,19836.0,O:SMTC250321C00041000,SMTC,C,41.0,2025-03-21,209,0,308,1.15,1741982281922000000,171,19664.999999999996,2025-03-14,3000.0,30,True,Automatic Execution,Computer and Technology,Semiconductor - Analog and Mixed,37.26,39.78,35.45,39.6,77,4.293693950745766,20,3,1,0,0,0
SMTC,Computer and Technology,Semiconductor - Analog and Mixed,30__2,30,2,2.0,7. p90_trade_value,21000.0,34000.0,O:SMTC250321C00041000,SMTC,C,41.0,2025-03-21,209,0,308,1.15,1741982281921000000,256,29439.999999999996,2025-03-14,3000.0,30,True,Automatic Execution,Computer and Technology,Semiconductor - Analog and Mixed,37.26,39.78,35.45,39.6,42,4.468937805665461,20,2,1,0,0,0
SMTC,Computer and Technology,Semiconductor - Analog and Mixed,30__2,30,2,2.0,8. p75_trade_value,11000.000000000002,19836.0,O:SMTC250321C00040000,SMTC,C,40.0,2025-03-21,209,0,316,0.7,1742325701280000000,158,11060.0,2025-03-18,3000.0,30,True,Automatic Execution,Computer and Technology,Semiconductor - Analog and Mixed,39.54,39.75,38.01,38.65,176,4.043755126968679,20,5,1,1,0,0
SMTC,Computer and Technology,Semiconductor - Analog and Mixed,30__2,30,2,2.0,6. p95_trade_value,34075.0,75923.99999999999,O:SMTC250417C00043000,SMTC,C,43.0,2025-04-17,209,0,308,2.7,1742412262702000000,200,54000.0,2025-03-19,3000.0,30,True,Automatic Execution,Computer and Technology,Semiconductor - Analog and Mixed,38.97,42.34,38.7,41.61,16,4.732393759822968,20,1,0,0,0,1
SMTC,Computer and Technology,Semiconductor - Analog and Mixed,30__2,30,2,2.0,8. p75_trade_value,11000.000000000002,19836.0,O:SMTC250417C00042000,SMTC,C,42.0,2025-04-17,209,0,308,2.0,1742564468537000000,60,12000.0,2025-03-21,3000.0,30,True,Automatic Execution,Computer and Technology,Semiconductor - Analog and Mixed,39.67,40.16,39.11,39.62,147,4.079181246047625,20,5,0,0,0,1
SMTC,Computer and Technology,Semiconductor - Analog and Mixed,30__2,30,2,2.0,7. p90_trade_value,21000.0,34000.0,O:SMTC250417C00050000,SMTC,C,50.0,2025-04-17,234,0,302,0.33,1742826111486000000,702,23166.000000000004,2025-03-24,3000.0,30,True,Multi Leg Cross,Computer and Technology,Semiconductor - Analog and Mixed,40.39,41.4899,40.16,40.34,61,4.364851052007693,20,2,0,0,0,1
SMTC,Computer and Technology,Semiconductor - Analog and Mixed,30__2,30,2,2.0,8. p75_trade_value,11000.000000000002,19836.0,O:SMTC250417P00031000,SMTC,P,31.0,2025-04-17,234,0,302,0.27,1742826111486000000,702,18954.000000000004,2025-03-24,3000.0,30,True,Multi Leg Cross,Computer and Technology,Semiconductor - Analog and Mixed,40.39,41.4899,40.16,40.34,83,4.277700876288793,20,3,1,1,1,0
SMTC,Computer and Technology,Semiconductor - Analog and Mixed,30__2,30,2,2.0,8. p75_trade_value,11000.000000000002,19836.0,O:SMTC250417C00045000,SMTC,C,45.0,2025-04-17,227,0,312,0.6,1743018963958000000,300,18000.0,2025-03-26,3000.0,30,True,Single Leg Auction Non ISO,Computer and Technology,Semiconductor - Analog and Mixed,39.82,40.2,38.07,38.69,90,4.2552725051033065,20,3,0,0,0,1
SMTC,Computer and Technology,Semiconductor - Analog and Mixed,30__2,30,2,2.0,6. p95_trade_value,34075.0,75923.99999999999,O:SMTC250417C00045000,SMTC,C,45.0,2025-04-17,227,0,312,0.6,1743018963958000000,646,38760.0,2025-03-26,3000.0,30,True,Single Leg Auction Non ISO,Computer and Technology,Semiconductor - Analog and Mixed,39.82,40.2,38.07,38.69,28,4.588383768378728,20,1,0,0,0,1
SMTC,Computer and Technology,Semiconductor - Analog and Mixed,30__2,30,2,2.0,8. p75_trade_value,11000.000000000002,19836.0,O:SMTC250417P00038000,SMTC,P,38.0,2025-04-17,232,0,302,2.31,1743016295808000000,50,11550.0,2025-03-26,3000.0,30,True,Multi Leg auto-electronic trade,Computer and Technology,Semiconductor - Analog and Mixed,39.82,40.2,38.07,38.69,160,4.062581984228163,20,5,1,1,1,0
SMTC,Computer and Technology,Semiconductor - Analog and Mixed,30__2,30,2,2.0,7. p90_trade_value,21000.0,34000.0,O:SMTC250417C00040000,SMTC,C,40.0,2025-04-17,209,0,308,1.9,1743089077936000000,128,24320.0,2025-03-27,3000.0,30,True,Automatic Execution,Computer and Technology,Semiconductor - Analog and Mixed,37.92,38.6,36.9104,36.95,55,4.385963570600698,20,2,0,0,0,1
SMTC,Computer and Technology,Semiconductor - Analog and Mixed,30__2,30,2,2.0,7. p90_trade_value,21000.0,34000.0,O:SMTC250417C00040000,SMTC,C,40.0,2025-04-17,231,0,301,1.55,1743086512317000000,153,23715.0,2025-03-27,3000.0,30,True,Single Leg Floor Trade,Computer and Technology,Semiconductor - Analog and Mixed,37.92,38.6,36.9104,36.95,59,4.37502312898789,20,2,0,0,0,1
SMTC,Computer and Technology,Semiconductor - Analog and Mixed,30__2,30,2,2.0,8. p75_trade_value,11000.000000000002,19836.0,O:SMTC250417C00040000,SMTC,C,40.0,2025-04-17,209,0,304,1.55,1743086512744000000,92,14260.0,2025-03-27,3000.0,30,True,Automatic Execution,Computer and Technology,Semiconductor - Analog and Mixed,37.92,38.6,36.9104,36.95,118,4.1541195255158465,20,4,0,0,0,1
SMTC,Computer and Technology,Semiconductor - Analog and Mixed,30__2,30,2,2.0,6. p95_trade_value,34075.0,75923.99999999999,O:SMTC250417C00040000,SMTC,C,40.0,2025-04-17,209,0,308,1.9,1743089067560000000,235,44650.0,2025-03-27,3000.0,30,True,Automatic Execution,Computer and Technology,Semiconductor - Analog and Mixed,37.92,38.6,36.9104,36.95,24,4.649821463224566,20,1,0,0,0,1
SMTC,Computer and Technology,Semiconductor - Analog and Mixed,30__2,30,2,2.0,6. p95_trade_value,34075.0,75923.99999999999,O:SMTC250417C00040000,SMTC,C,40.0,2025-04-17,227,0,312,1.55,1743086526525000000,400,62000.0,2025-03-27,3000.0,30,True,Single Leg Auction Non ISO,Computer and Technology,Semiconductor - Analog and Mixed,37.92,38.6,36.9104,36.95,10,4.7923916894982534,20,1,0,0,0,1
SMTC,Computer and Technology,Semiconductor - Analog and Mixed,30__2,30,2,2.0,6. p95_trade_value,34075.0,75923.99999999999,O:SMTC250417C00040000,SMTC,C,40.0,2025-04-17,209,0,308,1.7,1743088999666000000,317,53890.0,2025-03-27,3000.0,30,True,Automatic Execution,Computer and Technology,Semiconductor - Analog and Mixed,37.92,38.6,36.9104,36.95,18,4.731508183596025,20,1,0,0,0,1
SMTC,Computer and Technology,Semiconductor - Analog and Mixed,30__2,30,2,2.0,6. p95_trade_value,34075.0,75923.99999999999,O:SMTC250417C00040000,SMTC,C,40.0,2025-04-17,209,0,308,1.8,1743089045864000000,227,40860.0,2025-03-27,3000.0,30,True,Automatic Execution,Computer and Technology,Semiconductor - Analog and Mixed,37.92,38.6,36.9104,36.95,25,4.611298362296429,20,1,0,0,0,1
SMTC,Computer and Technology,Semiconductor - Analog and Mixed,30__2,30,2,2.0,7. p90_trade_value,21000.0,34000.0,O:SMTC250417C00030000,SMTC,C,30.0,2025-04-17,209,0,315,0.7,1744294098687000000,300,21000.0,2025-04-10,3000.0,30,True,Automatic Execution,Computer and Technology,Semiconductor - Analog and Mixed,28.72,29.1399,26.58,27.0,71,4.3222192947339195,20,2,0,0,0,1
SMTC,Computer and Technology,Semiconductor - Analog and Mixed,30__2,30,2,2.0,7. p90_trade_value,21000.0,34000.0,O:SMTC250417C00030000,SMTC,C,30.0,2025-04-17,209,0,320,0.7,1744294193333000000,300,21000.0,2025-04-10,3000.0,30,True,Automatic Execution,Computer and Technology,Semiconductor - Analog and Mixed,28.72,29.1399,26.58,27.0,72,4.3222192947339195,20,2,0,0,0,1
SMTC,Computer and Technology,Semiconductor - Analog and Mixed,30__2,30,2,2.0,8. p75_trade_value,11000.000000000002,19836.0,O:SMTC250417C00030000,SMTC,C,30.0,2025-04-17,209,0,301,0.7,1744293771705000000,179,12530.0,2025-04-10,3000.0,30,True,Automatic Execution,Computer and Technology,Semiconductor - Analog and Mixed,28.72,29.1399,26.58,27.0,138,4.09795107099415,20,4,0,0,0,1
SMTC,Computer and Technology,Semiconductor - Analog and Mixed,30__2,30,2,2.0,7. p90_trade_value,21000.0,34000.0,O:SMTC250417C00030000,SMTC,C,30.0,2025-04-17,209,0,301,0.7,1744294193334000000,300,21000.0,2025-04-10,3000.0,30,True,Automatic Execution,Computer and Technology,Semiconductor - Analog and Mixed,28.72,29.1399,26.58,27.0,73,4.3222192947339195,20,3,0,0,0,1
SMTC,Computer and Technology,Semiconductor - Analog and Mixed,30__2,30,2,2.0,8. p75_trade_value,11000.000000000002,19836.0,O:SMTC250417C00030000,SMTC,C,30.0,2025-04-17,209,0,303,0.7,1744294193331000000,200,14000.0,2025-04-10,3000.0,30,True,Automatic Execution,Computer and Technology,Semiconductor - Analog and Mixed,28.72,29.1399,26.58,27.0,123,4.146128035678238,20,4,0,0,0,1
SMTC,Computer and Technology,Semiconductor - Analog and Mixed,30__2,30,2,2.0,6. p95_trade_value,34075.0,75923.99999999999,O:SMTC250620C00050000,SMTC,C,50.0,2025-06-20,235,0,313,0.76,1747845004824000000,464,35264.0,2025-05-21,3000.0,30,True,Multi Leg floor trade,Computer and Technology,Semiconductor - Analog and Mixed,38.9,40.14,38.28,38.51,34,4.547331572835672,20,1,0,0,0,1
SMTC,Computer and Technology,Semiconductor - Analog and Mixed,30__2,30,2,2.0,7. p90_trade_value,21000.0,34000.0,O:SMTC250620P00030000,SMTC,P,30.0,2025-06-20,235,0,313,0.52,1747845004824000000,464,24128.0,2025-05-21,3000.0,30,True,Multi Leg floor trade,Computer and Technology,Semiconductor - Analog and Mixed,38.9,40.14,38.28,38.51,57,4.38252132418968,20,2,0,0,0,1
SMTC,Computer and Technology,Semiconductor - Analog and Mixed,30__2,30,2,2.0,8. p75_trade_value,11000.000000000002,19836.0,O:SMTC250620C00038000,SMTC,C,38.0,2025-06-20,209,0,318,3.4,1748020462461000000,43,14619.999999999998,2025-05-23,3000.0,30,True,Automatic Execution,Computer and Technology,Semiconductor - Analog and Mixed,36.66,37.825,36.37,37.28,114,4.164947372621842,20,4,1,0,0,0
SMTC,Computer and Technology,Semiconductor - Analog and Mixed,30__2,30,2,2.0,7. p90_trade_value,21000.0,34000.0,O:SMTC250620C00038000,SMTC,C,38.0,2025-06-20,231,0,301,3.4,1748020482412000000,100,34000.0,2025-05-23,3000.0,30,True,Single Leg Floor Trade,Computer and Technology,Semiconductor - Analog and Mixed,36.66,37.825,36.37,37.28,37,4.531478917042255,20,2,1,0,0,0
SMTC,Computer and Technology,Semiconductor - Analog and Mixed,30__2,30,2,2.0,7. p90_trade_value,21000.0,34000.0,O:SMTC250620C00038000,SMTC,C,38.0,2025-06-20,227,0,323,3.3,1748026260085000000,70,23100.0,2025-05-23,3000.0,30,True,Single Leg Auction Non ISO,Computer and Technology,Semiconductor - Analog and Mixed,36.66,37.825,36.37,37.28,62,4.363611979892144,20,2,1,0,0,0
SMTC,Computer and Technology,Semiconductor - Analog and Mixed,30__2,30,2,2.0,7. p90_trade_value,21000.0,34000.0,O:SMTC250620C00038000,SMTC,C,38.0,2025-06-20,227,0,304,3.37,1748020454648000000,99,33363.0,2025-05-23,3000.0,30,True,Single Leg Auction Non ISO,Computer and Technology,Semiconductor - Analog and Mixed,36.66,37.825,36.37,37.28,38,4.523265095468888,20,2,1,0,0,0
SMTC,Computer and Technology,Semiconductor - Analog and Mixed,30__2,30,2,2.0,8. p75_trade_value,11000.000000000002,19836.0,O:SMTC250620C00040000,SMTC,C,40.0,2025-06-20,209,0,302,2.9,1748373331098000000,66,19140.0,2025-05-27,3000.0,30,True,Automatic Execution,Computer and Technology,Semiconductor - Analog and Mixed,38.75,39.09,38.04,38.78,80,4.281941933440825,20,3,1,0,0,0
SMTC,Computer and Technology,Semiconductor - Analog and Mixed,30__2,30,2,2.0,7. p90_trade_value,21000.0,34000.0,O:SMTC250620C00040000,SMTC,C,40.0,2025-06-20,227,0,323,2.76,1748355163123000000,100,27600.0,2025-05-27,3000.0,30,True,Single Leg Auction Non ISO,Computer and Technology,Semiconductor - Analog and Mixed,38.75,39.09,38.04,38.78,45,4.440909082065217,20,2,1,0,0,0
SMTC,Computer and Technology,Semiconductor - Analog and Mixed,30__2,30,2,2.0,6. p95_trade_value,34075.0,75923.99999999999,O:SMTC250620C00041000,SMTC,C,41.0,2025-06-20,209,0,322,2.45,1748374393226000000,199,48755.0,2025-05-27,3000.0,30,True,Automatic Execution,Computer and Technology,Semiconductor - Analog and Mixed,38.75,39.09,38.04,38.78,21,4.688019160774239,20,1,1,0,0,0
SMTC,Computer and Technology,Semiconductor - Analog and Mixed,30__2,30,2,2.0,8. p75_trade_value,11000.000000000002,19836.0,O:SMTC250620P00030000,SMTC,P,30.0,2025-06-20,227,0,323,0.57,1748352925551000000,200,11399.999999999998,2025-05-27,3000.0,30,True,Single Leg Auction Non ISO,Computer and Technology,Semiconductor - Analog and Mixed,38.75,39.09,38.04,38.78,167,4.056904851336473,20,5,0,0,0,1
SMTC,Computer and Technology,Semiconductor - Analog and Mixed,30__2,30,2,2.0,8. p75_trade_value,11000.000000000002,19836.0,O:SMTC250620P00038000,SMTC,P,38.0,2025-06-20,209,0,323,3.1,1748375976897000000,63,19530.0,2025-05-27,3000.0,30,True,Automatic Execution,Computer and Technology,Semiconductor - Analog and Mixed,38.75,39.09,38.04,38.78,78,4.290702243287854,20,3,1,0,0,0
SMTC,Computer and Technology,Semiconductor - Analog and Mixed,30__2,30,2,2.0,8. p75_trade_value,11000.000000000002,19836.0,O:SMTC250620P00033000,SMTC,P,33.0,2025-06-20,209,0,308,1.05,1748534280014000000,152,15960.0,2025-05-29,3000.0,30,True,Automatic Execution,Computer and Technology,Semiconductor - Analog and Mixed,38.2,38.27,35.27,35.76,104,4.203032887014711,20,3,0,0,0,1
STM,Computer and Technology,Semiconductor - General,25__0,25,2,0.0,7. p90_trade_value,20610.0,29700.0,O:STM241018P00028000,STM,P,28.0,2024-10-18,232,0,302,0.8,1726754464564000000,288,23040.0,2024-09-19,3000.0,30,True,Multi Leg auto-electronic trade,Computer and Technology,Semiconductor - General,29.09,29.47,28.83,28.99,23,4.362482474751174,20,2,1,1,1,0
STM,Computer and Technology,Semiconductor - General,25__0,25,2,0.0,6. p95_trade_value,30000.0,45110.0,O:STM241018P00028000,STM,P,28.0,2024-10-18,232,0,308,0.82,1726754464563000000,384,31488.0,2024-09-19,3000.0,30,True,Multi Leg auto-electronic trade,Computer and Technology,Semiconductor - General,29.09,29.47,28.83,28.99,11,4.498145076751247,20,1,1,1,1,0
STM,Computer and Technology,Semiconductor - General,25__0,25,2,0.0,6. p95_trade_value,30000.0,45110.0,O:STM241018P00028000,STM,P,28.0,2024-10-18,232,0,301,0.8,1726754464481000000,479,38320.00000000001,2024-09-19,3000.0,30,True,Multi Leg auto-electronic trade,Computer and Technology,Semiconductor - General,29.09,29.47,28.83,28.99,7,4.5834255004065065,20,1,1,1,1,0
STM,Computer and Technology,Semiconductor - General,25__0,25,2,0.0,6. p95_trade_value,30000.0,45110.0,O:STM241018P00028000,STM,P,28.0,2024-10-18,232,0,302,0.8,1726754465629000000,404,32320.000000000004,2024-09-19,3000.0,30,True,Multi Leg auto-electronic trade,Computer and Technology,Semiconductor - General,29.09,29.47,28.83,28.99,9,4.5094713521025485,20,1,1,1,1,0
STM,Computer and Technology,Semiconductor - General,25__0,25,2,0.0,8. p75_trade_value,10400.0,20330.0,O:STM241018P00028000,STM,P,28.0,2024-10-18,209,0,313,0.9,1727188029482000000,179,16110.0,2024-09-24,3000.0,30,True,Automatic Execution,Computer and Technology,Semiconductor - General,28.48,28.71,28.16,28.44,34,4.207095540419218,20,3,1,1,1,0
STM,Computer and Technology,Semiconductor - General,25__0,25,2,0.0,8. p75_trade_value,10400.0,20330.0,O:STM241018C00032000,STM,C,32.0,2024-10-18,209,0,313,0.6,1727454787040000000,200,12000.0,2024-09-27,3000.0,30,True,Automatic Execution,Computer and Technology,Semiconductor - General,30.52,30.75,30.32,30.36,53,4.079181246047625,20,5,0,0,0,1
STM,Computer and Technology,Semiconductor - General,25__0,25,2,0.0,8. p75_trade_value,10400.0,20330.0,O:STM241018P00030000,STM,P,30.0,2024-10-18,209,0,308,0.95,1727458751553000000,214,20330.0,2024-09-27,3000.0,30,True,Automatic Execution,Computer and Technology,Semiconductor - General,30.52,30.75,30.32,30.36,26,4.308137378638039,20,3,1,1,1,0
STM,Computer and Technology,Semiconductor - General,25__0,25,2,0.0,8. p75_trade_value,10400.0,20330.0,O:STM241018P00030000,STM,P,30.0,2024-10-18,232,0,322,0.92,1727457851663000000,151,13892.000000000002,2024-09-27,3000.0,30,True,Multi Leg auto-electronic trade,Computer and Technology,Semiconductor - General,30.52,30.75,30.32,30.36,42,4.142764774638724,20,4,1,1,1,0
STM,Computer and Technology,Semiconductor - General,25__0,25,2,0.0,8. p75_trade_value,10400.0,20330.0,O:STM241018P00030000,STM,P,30.0,2024-10-18,232,0,304,0.91,1727457851174000000,138,12558.0,2024-09-27,3000.0,30,True,Multi Leg auto-electronic trade,Computer and Technology,Semiconductor - General,30.52,30.75,30.32,30.36,48,4.09892047872233,20,4,1,1,1,0
STM,Computer and Technology,Semiconductor - General,25__0,25,2,0.0,7. p90_trade_value,20610.0,29700.0,O:STM241018P00030000,STM,P,30.0,2024-10-18,232,0,302,0.9,1727457852745000000,229,20610.0,2024-09-27,3000.0,30,True,Multi Leg auto-electronic trade,Computer and Technology,Semiconductor - General,30.52,30.75,30.32,30.36,25,4.314077991779213,20,2,1,1,1,0
STM,Computer and Technology,Semiconductor - General,25__0,25,2,0.0,8. p75_trade_value,10400.0,20330.0,O:STM241018P00030000,STM,P,30.0,2024-10-18,232,0,308,0.91,1727457852746000000,170,15470.000000000002,2024-09-27,3000.0,30,True,Multi Leg auto-electronic trade,Computer and Technology,Semiconductor - General,30.52,30.75,30.32,30.36,36,4.189490313699368,20,3,1,1,1,0
STM,Computer and Technology,Semiconductor - General,25__0,25,2,0.0,1. p999999_trade_value,220000.0,220000.0,O:STM241018P00027000,STM,P,27.0,2024-10-18,229,0,300,0.44,1728404108436000000,5000,220000.0,2024-10-08,3000.0,30,True,Single Leg Cross Non ISO,Computer and Technology,Semiconductor - General,27.93,28.02,27.6,27.99,2,5.342422680822207,20,1,1,0,0,0
STM,Computer and Technology,Semiconductor - General,25__0,25,2,0.0,1. p999999_trade_value,220000.0,220000.0,O:STM241018P00027000,STM,P,27.0,2024-10-18,229,0,300,0.44,1728404149940000000,5000,220000.0,2024-10-08,3000.0,30,True,Single Leg Cross Non ISO,Computer and Technology,Semiconductor - General,27.93,28.02,27.6,27.99,1,5.342422680822207,20,1,1,0,0,0
STM,Computer and Technology,Semiconductor - General,25__0,25,2,0.0,1. p999999_trade_value,220000.0,220000.0,O:STM241018P00027000,STM,P,27.0,2024-10-18,229,0,300,0.44,1728403997529000000,5000,220000.0,2024-10-08,3000.0,30,True,Single Leg Cross Non ISO,Computer and Technology,Semiconductor - General,27.93,28.02,27.6,27.99,3,5.342422680822207,20,1,1,0,0,0
STM,Computer and Technology,Semiconductor - General,25__0,25,2,0.0,8. p75_trade_value,10400.0,20330.0,O:STM241115C00029000,STM,C,29.0,2024-11-15,209,0,315,1.15,1729262027287000000,100,11499.999999999998,2024-10-18,3000.0,30,True,Automatic Execution,Computer and Technology,Semiconductor - General,27.94,28.07,27.77,27.99,56,4.060697840353612,20,5,1,0,0,0
STM,Computer and Technology,Semiconductor - General,25__0,25,2,0.0,6. p95_trade_value,30000.0,45110.0,O:STM241115P00024000,STM,P,24.0,2024-11-15,209,0,313,0.5,1729525760024000000,634,31700.0,2024-10-21,3000.0,30,True,Automatic Execution,Computer and Technology,Semiconductor - General,27.73,27.76,27.145,27.43,10,4.501059262217751,20,1,0,0,0,1
STM,Computer and Technology,Semiconductor - General,25__0,25,2,0.0,7. p90_trade_value,20610.0,29700.0,O:STM241115P00026000,STM,P,26.0,2024-11-15,209,0,313,0.6,1730125631802000000,495,29700.0,2024-10-28,3000.0,30,True,Automatic Execution,Computer and Technology,Semiconductor - General,27.98,28.6,27.79,28.54,14,4.472756449317212,20,2,1,1,1,0
STM,Computer and Technology,Semiconductor - General,25__0,25,2,0.0,8. p75_trade_value,10400.0,20330.0,O:STM241115P00028000,STM,P,28.0,2024-11-15,209,0,325,0.92,1730229615771000000,149,13708.000000000002,2024-10-29,3000.0,30,True,Automatic Execution,Computer and Technology,Semiconductor - General,28.59,29.175,28.455,28.92,44,4.13697409575783,20,4,1,1,1,0
STM,Computer and Technology,Semiconductor - General,25__0,25,2,0.0,7. p90_trade_value,20610.0,29700.0,O:STM241115P00026000,STM,P,26.0,2024-11-15,209,0,313,0.6,1730296253074000000,493,29580.0,2024-10-30,3000.0,30,True,Automatic Execution,Computer and Technology,Semiconductor - General,28.03,28.31,27.51,27.55,15,4.470998169660874,20,2,1,1,1,0
STM,Computer and Technology,Semiconductor - General,25__0,25,2,0.0,8. p75_trade_value,10400.0,20330.0,O:STM241115C00028000,STM,C,28.0,2024-11-15,209,0,313,0.45,1730827072001000000,439,19755.0,2024-11-05,3000.0,30,True,Automatic Execution,Computer and Technology,Semiconductor - General,26.36,26.93,26.16,26.69,28,4.295677034017465,20,3,0,0,0,1
STM,Computer and Technology,Semiconductor - General,25__0,25,2,0.0,8. p75_trade_value,10400.0,20330.0,O:STM241115C00028000,STM,C,28.0,2024-11-15,209,0,313,0.45,1730827074318000000,253,11385.0,2024-11-05,3000.0,30,True,Automatic Execution,Computer and Technology,Semiconductor - General,26.36,26.93,26.16,26.69,57,4.0563330349511615,20,5,0,0,0,1
STM,Computer and Technology,Semiconductor - General,25__0,25,2,0.0,6. p95_trade_value,30000.0,45110.0,O:STM241115C00028000,STM,C,28.0,2024-11-15,209,0,308,0.45,1730827076823000000,999,44955.0,2024-11-05,3000.0,30,True,Automatic Execution,Computer and Technology,Semiconductor - General,26.36,26.93,26.16,26.69,5,4.652778002001326,20,1,0,0,0,1
STM,Computer and Technology,Semiconductor - General,25__0,25,2,0.0,6. p95_trade_value,30000.0,45110.0,O:STM241220P00020000,STM,P,20.0,2024-12-20,242,0,323,0.15,1732132686037000000,2000,30000.0,2024-11-20,3000.0,30,True,Stock Options floor trade,Computer and Technology,Semiconductor - General,24.41,24.53,23.99,24.5,13,4.477121254719663,20,1,0,0,0,1
STM,Computer and Technology,Semiconductor - General,25__0,25,2,0.0,6. p95_trade_value,30000.0,45110.0,O:STM241220C00027000,STM,C,27.0,2024-12-20,209,0,313,0.6,1732631411035000000,563,33780.0,2024-11-26,3000.0,30,True,Automatic Execution,Computer and Technology,Semiconductor - General,26.23,26.23,25.355,25.57,8,4.52865964523499,20,1,1,0,0,0
STM,Computer and Technology,Semiconductor - General,25__0,25,2,0.0,7. p90_trade_value,20610.0,29700.0,O:STM241220P00025000,STM,P,25.0,2024-12-20,209,0,313,0.5,1732631417698000000,563,28150.0,2024-11-26,3000.0,30,True,Automatic Execution,Computer and Technology,Semiconductor - General,26.23,26.23,25.355,25.57,17,4.449478399187365,20,2,1,1,1,0
STM,Computer and Technology,Semiconductor - General,25__0,25,2,0.0,7. p90_trade_value,20610.0,29700.0,O:STM250117C00027000,STM,C,27.0,2025-01-17,209,0,308,0.95,1734535055574000000,280,26600.0,2024-12-18,3000.0,30,True,Automatic Execution,Computer and Technology,Semiconductor - General,26.08,26.59,24.83,24.95,20,4.424881636631067,20,2,0,0,0,1
STM,Computer and Technology,Semiconductor - General,25__0,25,2,0.0,8. p75_trade_value,10400.0,20330.0,O:STM250117C00027000,STM,C,27.0,2025-01-17,209,0,300,0.35,1734976100454000000,385,13475.0,2024-12-23,3000.0,30,True,Automatic Execution,Computer and Technology,Semiconductor - General,24.62,25.335,24.62,25.27,46,4.129528773858777,20,4,0,0,0,1
STM,Computer and Technology,Semiconductor - General,25__0,25,2,0.0,7. p90_trade_value,20610.0,29700.0,O:STM250117C00027000,STM,C,27.0,2025-01-17,209,0,320,0.55,1736195268041000000,502,27610.000000000004,2025-01-06,3000.0,30,True,Automatic Execution,Computer and Technology,Semiconductor - General,25.66,26.48,25.6,26.2,18,4.441066406639263,20,2,0,0,0,1
STM,Computer and Technology,Semiconductor - General,25__0,25,2,0.0,8. p75_trade_value,10400.0,20330.0,O:STM250117P00025000,STM,P,25.0,2025-01-17,209,0,313,0.4,1736174591082000000,260,10400.0,2025-01-06,3000.0,30,True,Automatic Execution,Computer and Technology,Semiconductor - General,25.66,26.48,25.6,26.2,61,4.017033339298781,20,5,1,0,0,0
STM,Computer and Technology,Semiconductor - General,25__0,25,2,0.0,8. p75_trade_value,10400.0,20330.0,O:STM250117C00027000,STM,C,27.0,2025-01-17,209,0,316,0.5,1736282004689000000,246,12300.0,2025-01-07,3000.0,30,True,Automatic Execution,Computer and Technology,Semiconductor - General,26.55,26.9,26.24,26.41,51,4.089905111439398,20,5,0,0,0,1
STM,Computer and Technology,Semiconductor - General,25__0,25,2,0.0,8. p75_trade_value,10400.0,20330.0,O:STM250117P00026000,STM,P,26.0,2025-01-17,209,0,320,0.5,1736270400619000000,247,12350.0,2025-01-07,3000.0,30,True,Automatic Execution,Computer and Technology,Semiconductor - General,26.55,26.9,26.24,26.41,50,4.0916669575956846,20,5,1,1,1,0
STM,Computer and Technology,Semiconductor - General,25__0,25,2,0.0,8. p75_trade_value,10400.0,20330.0,O:STM250117P00026000,STM,P,26.0,2025-01-17,209,0,302,0.6,1736272331234000000,272,16319.999999999998,2025-01-07,3000.0,30,True,Automatic Execution,Computer and Technology,Semiconductor - General,26.55,26.9,26.24,26.41,33,4.212720154417842,20,3,1,1,1,0
STM,Computer and Technology,Semiconductor - General,25__0,25,2,0.0,8. p75_trade_value,10400.0,20330.0,O:STM250221C00027000,STM,C,27.0,2025-02-21,209,0,307,0.85,1737990210443000000,233,19805.0,2025-01-27,3000.0,30,True,Automatic Execution,Computer and Technology,Semiconductor - General,25.38,25.8899,24.99,25.18,27,4.296774846740312,20,3,1,1,1,0
STM,Computer and Technology,Semiconductor - General,25__0,25,2,0.0,8. p75_trade_value,10400.0,20330.0,O:STM250221C00027000,STM,C,27.0,2025-02-21,209,0,318,0.85,1737990210443000000,167,14194.999999999998,2025-01-27,3000.0,30,True,Automatic Execution,Computer and Technology,Semiconductor - General,25.38,25.8899,24.99,25.18,41,4.152135396861876,20,4,1,1,1,0
STM,Computer and Technology,Semiconductor - General,25__0,25,2,0.0,7. p90_trade_value,20610.0,29700.0,O:STM250221C00027000,STM,C,27.0,2025-02-21,209,0,313,0.5,1738096756488000000,480,24000.0,2025-01-28,3000.0,30,True,Automatic Execution,Computer and Technology,Semiconductor - General,25.26,25.27,24.335,24.58,22,4.380211241711606,20,2,1,1,1,0
STM,Computer and Technology,Semiconductor - General,25__0,25,2,0.0,8. p75_trade_value,10400.0,20330.0,O:STM250221C00028000,STM,C,28.0,2025-02-21,231,0,313,0.35,1738096775577000000,450,15750.0,2025-01-28,3000.0,30,True,Single Leg Floor Trade,Computer and Technology,Semiconductor - General,25.26,25.27,24.335,24.58,35,4.19728055812562,20,3,1,1,0,0
STM,Computer and Technology,Semiconductor - General,25__0,25,2,0.0,8. p75_trade_value,10400.0,20330.0,O:STM250221C00028000,STM,C,28.0,2025-02-21,231,0,313,0.3,1738096775577000000,450,13500.0,2025-01-28,3000.0,30,True,Single Leg Floor Trade,Computer and Technology,Semiconductor - General,25.26,25.27,24.335,24.58,45,4.1303337684950066,20,4,1,1,0,0
STM,Computer and Technology,Semiconductor - General,25__0,25,2,0.0,8. p75_trade_value,10400.0,20330.0,O:STM250221C00025000,STM,C,25.0,2025-02-21,209,0,322,1.1,1738164981376000000,133,14630.000000000002,2025-01-29,3000.0,30,True,Automatic Execution,Computer and Technology,Semiconductor - General,24.69,24.895,24.51,24.74,38,4.165244326125311,20,4,1,1,1,0
STM,Computer and Technology,Semiconductor - General,25__0,25,2,0.0,8. p75_trade_value,10400.0,20330.0,O:STM250221P00021000,STM,P,21.0,2025-02-21,209,0,320,0.55,1738595966489000000,302,16610.000000000004,2025-02-03,3000.0,30,True,Automatic Execution,Computer and Technology,Semiconductor - General,21.58,22.025,21.36,21.64,32,4.220369632451394,20,3,0,0,0,1
STM,Computer and Technology,Semiconductor - General,25__0,25,2,0.0,8. p75_trade_value,10400.0,20330.0,O:STM250221P00021000,STM,P,21.0,2025-02-21,209,0,316,0.4,1738767771978000000,382,15280.000000000002,2025-02-05,3000.0,30,True,Automatic Execution,Computer and Technology,Semiconductor - General,21.8,22.3,21.6,22.3,37,4.184123354239671,20,3,0,0,0,1
STM,Computer and Technology,Semiconductor - General,25__0,25,2,0.0,8. p75_trade_value,10400.0,20330.0,O:STM250221P00022000,STM,P,22.0,2025-02-21,209,0,313,0.45,1738948917040000000,397,17865.0,2025-02-07,3000.0,30,True,Automatic Execution,Computer and Technology,Semiconductor - General,22.7,22.88,22.3,22.47,30,4.252003020538459,20,3,0,0,0,1
STM,Computer and Technology,Semiconductor - General,25__0,25,2,0.0,8. p75_trade_value,10400.0,20330.0,O:STM250321P00027000,STM,P,27.0,2025-03-21,209,0,309,0.6,1740084662699000000,187,11220.0,2025-02-20,3000.0,30,True,Automatic Execution,Computer and Technology,Semiconductor - General,27.35,28.265,27.345,28.22,59,4.049992856920142,20,5,1,1,1,0
STM,Computer and Technology,Semiconductor - General,25__0,25,2,0.0,7. p90_trade_value,20610.0,29700.0,O:STM250321P00027000,STM,P,27.0,2025-03-21,209,0,313,0.6,1740084669307000000,474,28439.999999999996,2025-02-20,3000.0,30,True,Automatic Execution,Computer and Technology,Semiconductor - General,27.35,28.265,27.345,28.22,16,4.453929592057729,20,2,1,1,1,0
STM,Computer and Technology,Semiconductor - General,25__0,25,2,0.0,8. p75_trade_value,10400.0,20330.0,O:STM250321C00029000,STM,C,29.0,2025-03-21,209,0,301,0.8,1740150629103000000,150,12000.0,2025-02-21,3000.0,30,True,Automatic Execution,Computer and Technology,Semiconductor - General,28.18,28.24,27.455,27.59,52,4.079181246047625,20,5,0,0,0,1
STM,Computer and Technology,Semiconductor - General,25__0,25,2,0.0,8. p75_trade_value,10400.0,20330.0,O:STM250321C00028000,STM,C,28.0,2025-03-21,209,0,323,0.75,1740498225701000000,158,11850.0,2025-02-25,3000.0,30,True,Automatic Execution,Computer and Technology,Semiconductor - General,27.12,27.23,26.885,27.0,54,4.073718350346122,20,5,0,0,0,1
STM,Computer and Technology,Semiconductor - General,25__0,25,2,0.0,7. p90_trade_value,20610.0,29700.0,O:STM250321C00027000,STM,C,27.0,2025-03-21,209,0,313,0.55,1740666611845000000,453,24915.000000000004,2025-02-27,3000.0,30,True,Automatic Execution,Computer and Technology,Semiconductor - General,25.64,25.9,24.38,24.46,21,4.3964608915070755,20,2,0,0,0,1
STM,Computer and Technology,Semiconductor - General,25__0,25,2,0.0,6. p95_trade_value,30000.0,45110.0,O:STM250321P00024000,STM,P,24.0,2025-03-21,209,0,313,0.8,1740771801227000000,382,30560.000000000004,2025-02-28,3000.0,30,True,Automatic Execution,Computer and Technology,Semiconductor - General,24.54,24.89,24.195,24.69,12,4.485153349903652,20,1,1,1,0,0
STM,Computer and Technology,Semiconductor - General,25__0,25,2,0.0,8. p75_trade_value,10400.0,20330.0,O:STM250321C00028000,STM,C,28.0,2025-03-21,209,0,313,0.4,1741278392908000000,283,11320.0,2025-03-06,3000.0,30,True,Automatic Execution,Computer and Technology,Semiconductor - General,25.73,26.285,25.615,25.91,58,4.053846426852252,20,5,0,0,0,1
STM,Computer and Technology,Semiconductor - General,25__0,25,2,0.0,7. p90_trade_value,20610.0,29700.0,O:STM250321C00026000,STM,C,26.0,2025-03-21,209,0,313,0.75,1741699834426000000,361,27075.0,2025-03-11,3000.0,30,True,Automatic Execution,Computer and Technology,Semiconductor - General,25.51,25.51,24.6,24.92,19,4.432568465297358,20,2,0,0,0,1
STM,Computer and Technology,Semiconductor - General,25__0,25,2,0.0,8. p75_trade_value,10400.0,20330.0,O:STM250417P00023000,STM,P,23.0,2025-04-17,209,0,313,0.55,1742823913640000000,266,14630.000000000002,2025-03-24,3000.0,30,True,Automatic Execution,Computer and Technology,Semiconductor - General,24.34,24.525,24.1,24.32,39,4.165244326125311,20,4,1,1,1,0
STM,Computer and Technology,Semiconductor - General,25__0,25,2,0.0,8. p75_trade_value,10400.0,20330.0,O:STM250417P00023000,STM,P,23.0,2025-04-17,209,0,313,0.6,1742823138152000000,210,12600.0,2025-03-24,3000.0,30,True,Automatic Execution,Computer and Technology,Semiconductor - General,24.34,24.525,24.1,24.32,47,4.1003705451175625,20,4,1,1,1,0
STM,Computer and Technology,Semiconductor - General,25__0,25,2,0.0,8. p75_trade_value,10400.0,20330.0,O:STM250417P00023000,STM,P,23.0,2025-04-17,209,0,320,0.55,1742830484582000000,344,18920.0,2025-03-24,3000.0,30,True,Automatic Execution,Computer and Technology,Semiconductor - General,24.34,24.525,24.1,24.32,29,4.276921132065774,20,3,1,1,1,0
STM,Computer and Technology,Semiconductor - General,25__0,25,2,0.0,6. p95_trade_value,30000.0,45110.0,O:STM250417P00024000,STM,P,24.0,2025-04-17,209,0,313,0.9,1742830108834000000,486,43740.0,2025-03-24,3000.0,30,True,Automatic Execution,Computer and Technology,Semiconductor - General,24.34,24.525,24.1,24.32,6,4.640878778701619,20,1,1,1,1,0
STM,Computer and Technology,Semiconductor - General,25__0,25,2,0.0,7. p90_trade_value,20610.0,29700.0,O:STM250417C00023000,STM,C,23.0,2025-04-17,209,0,313,0.65,1743177675067000000,338,21970.0,2025-03-28,3000.0,30,True,Automatic Execution,Computer and Technology,Semiconductor - General,22.36,22.42,22.055,22.15,24,4.34183005692051,20,2,0,0,0,1
STM,Computer and Technology,Semiconductor - General,25__0,25,2,0.0,8. p75_trade_value,10400.0,20330.0,O:STM250417P00018000,STM,P,18.0,2025-04-17,209,0,316,0.8,1743775943654000000,147,11760.0,2025-04-04,3000.0,30,True,Automatic Execution,Computer and Technology,Semiconductor - General,18.68,18.955,18.045,18.49,55,4.070407321740119,20,5,1,0,0,0
STM,Computer and Technology,Semiconductor - General,25__0,25,2,0.0,8. p75_trade_value,10400.0,20330.0,O:STM250516P00019000,STM,P,19.0,2025-05-16,209,0,316,0.62,1745335256603000000,200,12400.0,2025-04-22,3000.0,30,True,Automatic Execution,Computer and Technology,Semiconductor - General,20.63,20.9399,20.55,20.86,49,4.093421685162235,20,4,0,0,0,1
STM,Computer and Technology,Semiconductor - General,25__0,25,2,0.0,6. p95_trade_value,30000.0,45110.0,O:STM250516C00023000,STM,C,23.0,2025-05-16,209,0,313,0.65,1746027467413000000,694,45110.0,2025-04-30,3000.0,30,True,Automatic Execution,Computer and Technology,Semiconductor - General,22.17,22.75,21.97,22.71,4,4.65427282709771,20,1,1,1,1,0
STM,Computer and Technology,Semiconductor - General,25__0,25,2,0.0,8. p75_trade_value,10400.0,20330.0,O:STM250620C00030000,STM,C,30.0,2025-06-20,209,0,313,0.35,1749044341874000000,479,16764.999999999996,2025-06-04,3000.0,30,True,Automatic Execution,Computer and Technology,Semiconductor - General,27.72,28.67,27.7,28.41,31,4.2244035577648384,20,3,1,0,0,0
STM,Computer and Technology,Semiconductor - General,25__0,25,2,0.0,8. p75_trade_value,10400.0,20330.0,O:STM250620C00030000,STM,C,30.0,2025-06-20,209,0,313,0.5,1749049860707000000,213,10650.0,2025-06-04,3000.0,30,True,Automatic Execution,Computer and Technology,Semiconductor - General,27.72,28.67,27.7,28.41,60,4.027349607774757,20,5,1,0,0,0
STM,Computer and Technology,Semiconductor - General,25__0,25,2,0.0,8. p75_trade_value,10400.0,20330.0,O:STM250620P00029000,STM,P,29.0,2025-06-20,209,0,313,0.3,1749741668672000000,461,13829.999999999998,2025-06-12,3000.0,30,True,Automatic Execution,Computer and Technology,Semiconductor - General,29.82,30.17,29.775,29.91,43,4.140822180109311,20,4,0,0,0,1
STM,Computer and Technology,Semiconductor - General,25__0,25,2,0.0,8. p75_trade_value,10400.0,20330.0,O:STM250620P00029000,STM,P,29.0,2025-06-20,209,0,313,0.3,1750081080501000000,474,14219.999999999998,2025-06-16,3000.0,30,True,Automatic Execution,Computer and Technology,Semiconductor - General,29.63,29.82,29.455,29.66,40,4.152899596393747,20,4,0,0,0,0
TXN,Computer and Technology,Semiconductor - General,40__3,40,2,3.0,4. p999_trade_value,388500.0,1077499.9999999998,O:TXN241220P00195000,TXN,P,195.0,2024-12-20,229,0,313,4.25,1732298344891000000,1500,637500.0,2024-11-22,3000.0,30,True,Single Leg Cross Non ISO,Computer and Technology,Semiconductor - General,197.77,198.91,196.5,198.0,3,5.804480189105993,20,1,1,1,1,0
TXN,Computer and Technology,Semiconductor - General,40__3,40,2,3.0,4. p999_trade_value,388500.0,1077499.9999999998,O:TXN250124P00190000,TXN,P,190.0,2025-01-24,209,0,313,5.25,1737129345301000000,740,388500.0,2025-01-17,3000.0,30,True,Automatic Execution,Computer and Technology,Semiconductor - General,192.54,192.93,190.02,192.42,8,5.589391023136933,20,1,1,1,1,0
TXN,Computer and Technology,Semiconductor - General,40__3,40,2,3.0,4. p999_trade_value,388500.0,1077499.9999999998,O:TXN250124C00200000,TXN,C,200.0,2025-01-24,235,0,323,4.5,1737560935327000000,1000,450000.0,2025-01-22,3000.0,30,True,Multi Leg floor trade,Computer and Technology,Semiconductor - General,195.77,198.68,195.3,197.05,7,5.653212513775344,20,1,1,0,0,0
TXN,Computer and Technology,Semiconductor - General,40__3,40,2,3.0,4. p999_trade_value,388500.0,1077499.9999999998,O:TXN250131C00200000,TXN,C,200.0,2025-01-31,235,0,323,5.05,1737560935327000000,1000,505000.0,2025-01-22,3000.0,30,True,Multi Leg floor trade,Computer and Technology,Semiconductor - General,195.77,198.68,195.3,197.05,6,5.703291378118661,20,1,1,0,0,0
TXN,Computer and Technology,Semiconductor - General,40__3,40,2,3.0,4. p999_trade_value,388500.0,1077499.9999999998,O:TXN250221C00195000,TXN,C,195.0,2025-02-21,235,0,313,2.44,1737729777020000000,2500,610000.0,2025-01-24,3000.0,30,True,Multi Leg floor trade,Computer and Technology,Semiconductor - General,190.0,191.5,185.03,185.52,4,5.785329835010767,20,1,1,1,1,0
TXN,Computer and Technology,Semiconductor - General,40__3,40,2,3.0,4. p999_trade_value,388500.0,1077499.9999999998,O:TXN250221P00185000,TXN,P,185.0,2025-02-21,235,0,313,4.31,1737729777020000000,2500,1077499.9999999998,2025-01-24,3000.0,30,True,Multi Leg floor trade,Computer and Technology,Semiconductor - General,190.0,191.5,185.03,185.52,2,6.032417278832769,20,1,1,0,0,0
TXN,Computer and Technology,Semiconductor - General,40__3,40,2,3.0,1. p999999_trade_value,1149770.0,1149770.0,O:TXN250228C00200000,TXN,C,200.0,2025-02-28,209,0,313,2.3,1739994791712000000,4999,1149770.0,2025-02-19,3000.0,30,True,Automatic Execution,Computer and Technology,Semiconductor - General,189.74,197.96,188.73,196.32,1,6.060610972770183,20,1,1,0,0,0
TXN,Computer and Technology,Semiconductor - General,40__3,40,2,3.0,4. p999_trade_value,388500.0,1077499.9999999998,O:TXN250321P00185000,TXN,P,185.0,2025-03-21,229,0,301,3.9,1741364070274000000,1500,585000.0,2025-03-07,3000.0,30,True,Single Leg Cross Non ISO,Computer and Technology,Semiconductor - General,189.26,191.265,185.715,190.52,5,5.76715586608218,20,1,1,1,1,0
VSH,Computer and Technology,Semiconductor - Discretes,20__0,20,2,0.0,8. p75_trade_value,6435.000000000001,8400.0,O:VSH241220C00017500,VSH,C,17.5,2024-12-20,209,0,308,0.25,1732288246292000000,300,7500.0,2024-11-22,3000.0,30,True,Automatic Execution,Computer and Technology,Semiconductor - Discretes,15.5,15.99,15.47,15.98,12,3.8750612633917,20,3,1,0,0,0
VSH,Computer and Technology,Semiconductor - Discretes,20__0,20,2,0.0,8. p75_trade_value,6435.000000000001,8400.0,O:VSH241220C00017500,VSH,C,17.5,2024-12-20,209,0,322,0.2,1732288109908000000,386,7720.0,2024-11-22,3000.0,30,True,Automatic Execution,Computer and Technology,Semiconductor - Discretes,15.5,15.99,15.47,15.98,10,3.887617300335736,20,3,1,0,0,0
VSH,Computer and Technology,Semiconductor - Discretes,20__0,20,2,0.0,7. p90_trade_value,10175.000000000002,11800.0,O:VSH241220C00017500,VSH,C,17.5,2024-12-20,227,0,309,0.59,1732547494112000000,200,11800.0,2024-11-25,3000.0,30,True,Single Leg Auction Non ISO,Computer and Technology,Semiconductor - Discretes,16.25,17.25,16.25,17.13,5,4.071882007306125,20,2,1,0,0,0
VSH,Computer and Technology,Semiconductor - Discretes,20__0,20,2,0.0,8. p75_trade_value,6435.000000000001,8400.0,O:VSH241220C00020000,VSH,C,20.0,2024-12-20,209,0,301,0.65,1732635368307000000,99,6435.000000000001,2024-11-26,3000.0,30,True,Automatic Execution,Computer and Technology,Semiconductor - Discretes,17.07,18.61,16.895,18.19,18,3.8085485512404054,20,5,1,0,0,0
VSH,Computer and Technology,Semiconductor - Discretes,20__0,20,2,0.0,7. p90_trade_value,10175.000000000002,11800.0,O:VSH241220C00020000,VSH,C,20.0,2024-12-20,209,0,301,0.55,1732635359211000000,185,10175.000000000002,2024-11-26,3000.0,30,True,Automatic Execution,Computer and Technology,Semiconductor - Discretes,17.07,18.61,16.895,18.19,7,4.007534417897258,20,2,1,0,0,0
VSH,Computer and Technology,Semiconductor - Discretes,20__0,20,2,0.0,8. p75_trade_value,6435.000000000001,8400.0,O:VSH241220C00020000,VSH,C,20.0,2024-12-20,219,0,320,0.75,1732638399626000000,100,7500.0,2024-11-26,3000.0,30,True,Intermarket Sweep Order,Computer and Technology,Semiconductor - Discretes,17.07,18.61,16.895,18.19,13,3.8750612633917,20,4,1,0,0,0
VSH,Computer and Technology,Semiconductor - Discretes,20__0,20,2,0.0,8. p75_trade_value,6435.000000000001,8400.0,O:VSH241220C00020000,VSH,C,20.0,2024-12-20,227,0,323,0.64,1732635811277000000,115,7360.000000000001,2024-11-26,3000.0,30,True,Single Leg Auction Non ISO,Computer and Technology,Semiconductor - Discretes,17.07,18.61,16.895,18.19,16,3.866877814337499,20,4,1,0,0,0
VSH,Computer and Technology,Semiconductor - Discretes,20__0,20,2,0.0,8. p75_trade_value,6435.000000000001,8400.0,O:VSH241220C00020000,VSH,C,20.0,2024-12-20,209,0,312,0.75,1732648646646000000,99,7425.0,2024-11-26,3000.0,30,True,Automatic Execution,Computer and Technology,Semiconductor - Discretes,17.07,18.61,16.895,18.19,15,3.8706964579892498,20,4,1,0,0,0
VSH,Computer and Technology,Semiconductor - Discretes,20__0,20,2,0.0,6. p95_trade_value,13929.999999999998,140000.0,O:VSH241220C00020000,VSH,C,20.0,2024-12-20,209,0,325,0.75,1732635572670000000,433,32475.0,2024-11-26,3000.0,30,True,Automatic Execution,Computer and Technology,Semiconductor - Discretes,17.07,18.61,16.895,18.19,3,4.511549159745066,20,1,1,0,0,0
VSH,Computer and Technology,Semiconductor - Discretes,20__0,20,2,0.0,8. p75_trade_value,6435.000000000001,8400.0,O:VSH241220C00020000,VSH,C,20.0,2024-12-20,209,0,320,0.7,1732637002337000000,120,8400.0,2024-11-26,3000.0,30,True,Automatic Execution,Computer and Technology,Semiconductor - Discretes,17.07,18.61,16.895,18.19,8,3.9242792860618816,20,2,1,0,0,0
VSH,Computer and Technology,Semiconductor - Discretes,20__0,20,2,0.0,8. p75_trade_value,6435.000000000001,8400.0,O:VSH241220C00020000,VSH,C,20.0,2024-12-20,209,0,320,0.7,1732636684400000000,120,8400.0,2024-11-26,3000.0,30,True,Automatic Execution,Computer and Technology,Semiconductor - Discretes,17.07,18.61,16.895,18.19,9,3.9242792860618816,20,3,1,0,0,0
VSH,Computer and Technology,Semiconductor - Discretes,20__0,20,2,0.0,8. p75_trade_value,6435.000000000001,8400.0,O:VSH241220C00020000,VSH,C,20.0,2024-12-20,209,0,320,0.7,1732635472303000000,96,6719.999999999999,2024-11-26,3000.0,30,True,Automatic Execution,Computer and Technology,Semiconductor - Discretes,17.07,18.61,16.895,18.19,17,3.8273692730538253,20,5,1,0,0,0
VSH,Computer and Technology,Semiconductor - Discretes,20__0,20,2,0.0,6. p95_trade_value,13929.999999999998,140000.0,O:VSH241220C00020000,VSH,C,20.0,2024-12-20,209,0,318,0.7,1732644779984000000,199,13929.999999999998,2024-11-26,3000.0,30,True,Automatic Execution,Computer and Technology,Semiconductor - Discretes,17.07,18.61,16.895,18.19,4,4.143951116423963,20,1,1,0,0,0
VSH,Computer and Technology,Semiconductor - Discretes,20__0,20,2,0.0,8. p75_trade_value,6435.000000000001,8400.0,O:VSH250117C00017500,VSH,C,17.5,2025-01-17,209,0,300,0.75,1734725869204000000,100,7500.0,2024-12-20,3000.0,30,True,Automatic Execution,Computer and Technology,Semiconductor - Discretes,16.9,17.44,16.8085,17.18,14,3.8750612633917,20,4,1,0,0,0
VSH,Computer and Technology,Semiconductor - Discretes,20__0,20,2,0.0,8. p75_trade_value,6435.000000000001,8400.0,O:VSH250117C00017500,VSH,C,17.5,2025-01-17,227,0,323,0.77,1734726876472000000,100,7700.0,2024-12-20,3000.0,30,True,Single Leg Auction Non ISO,Computer and Technology,Semiconductor - Discretes,16.9,17.44,16.8085,17.18,11,3.886490725172482,20,3,1,0,0,0
VSH,Computer and Technology,Semiconductor - Discretes,20__0,20,2,0.0,1. p999999_trade_value,160000.0,160000.0,O:VSH250117C00017500,VSH,C,17.5,2025-01-17,235,0,301,0.8,1734719732912000000,2000,160000.0,2024-12-20,3000.0,30,True,Multi Leg floor trade,Computer and Technology,Semiconductor - Discretes,16.9,17.44,16.8085,17.18,1,5.204119982655925,20,1,1,0,0,0
VSH,Computer and Technology,Semiconductor - Discretes,20__0,20,2,0.0,6. p95_trade_value,13929.999999999998,140000.0,O:VSH250117C00017500,VSH,C,17.5,2025-01-17,229,0,301,0.7,1734986039101000000,2000,140000.0,2024-12-23,3000.0,30,True,Single Leg Cross Non ISO,Computer and Technology,Semiconductor - Discretes,17.06,17.32,16.82,17.23,2,5.146128035678238,20,1,1,0,0,0
VSH,Computer and Technology,Semiconductor - Discretes,20__0,20,2,0.0,7. p90_trade_value,10175.000000000002,11800.0,O:VSH250221P00015000,VSH,P,15.0,2025-02-21,209,0,316,0.45,1738614338849000000,244,10980.0,2025-02-03,3000.0,30,True,Automatic Execution,Computer and Technology,Semiconductor - Discretes,16.35,16.66,16.09,16.26,6,4.040602340114073,20,2,0,0,0,1
WOLF,Computer and Technology,Semiconductor - Discretes,35__1,35,2,1.0,4. p999_trade_value,450000.0,714000.0,O:WOLF250321P00004000,WOLF,P,4.0,2025-03-21,241,0,323,0.18,1741188314564000000,25000,450000.0,2025-03-05,3000.0,30,True,Stock Options Cross,Computer and Technology,Semiconductor - Discretes,5.29,5.32,4.85,5.12,4,5.653212513775344,20,1,0,0,0,1
WOLF,Computer and Technology,Semiconductor - Discretes,35__1,35,2,1.0,4. p999_trade_value,450000.0,714000.0,O:WOLF250530P00003500,WOLF,P,3.5,2025-05-30,235,0,313,0.84,1746201065078000000,8500,714000.0,2025-05-02,3000.0,30,True,Multi Leg floor trade,Computer and Technology,Semiconductor - Discretes,3.885,4.785,3.88,4.46,2,5.853698211776174,20,1,1,1,1,0
WOLF,Computer and Technology,Semiconductor - Discretes,35__1,35,2,1.0,1. p999999_trade_value,819786.0,819786.0,O:WOLF250530P00003000,WOLF,P,3.0,2025-05-30,235,0,301,0.66,1746805090147000000,12421,819786.0,2025-05-09,3000.0,30,True,Multi Leg floor trade,Computer and Technology,Semiconductor - Discretes,3.28,3.5,3.13,3.28,1,5.913700497324392,20,1,1,1,1,0
WOLF,Computer and Technology,Semiconductor - Discretes,35__1,35,2,1.0,4. p999_trade_value,450000.0,714000.0,O:WOLF250530P00003000,WOLF,P,3.0,2025-05-30,239,0,302,0.46,1747158939566000000,10000,460000.0,2025-05-13,3000.0,30,True,Multi Leg floor trade against single leg(s),Computer and Technology,Semiconductor - Discretes,3.44,4.26,3.432,3.87,3,5.662757831681574,20,1,1,1,1,0
