security,sector,industry,final_cluster,trade_volume_bin,cluster,trade_value_category,category_minimum,categiry_maximum,option_ticker,security_1,option_type,strike_price,expiration,conditions,correction,exchange,price,sip_timestamp,size,trade_value,data_date,min_trade_value,expiration_days_out,otm_range,option_condition_name,sector_1,industry_1,securty_open,security_high,security_low,security_close,trade_rank,trade_value_log10,number_of_bins,trade_value_bin,itm,itm_expiration_day,itm_expriation_close,otm
AIRS,Business Services,Technology Services,0__0,0,0.0,1. p999999_trade_value,10500.0,10500.0,O:AIRS241220C00007000,AIRS,C,7.0,2024-12-20,209,0,308,0.35,1732894178163000000,300,10500.0,2024-11-29,3000,30,True,Automatic Execution,Business Services,Technology Services,6.64,6.97,6.64,6.83,1,4.021189299069938,20,1,1,0,0,0
ALLT,Business Services,Technology Services,15__0,15,0.0,8. p75_trade_value,10050.0,10800.0,O:ALLT250321C00007500,ALLT,C,7.5,2025-03-21,209,0,325,0.72,1740068336082000000,150,10800.0,2025-02-20,3000,30,True,Automatic Execution,Business Services,Technology Services,7.29,7.43,7.06,7.14,3,4.033423755486949,20,3,1,0,0,0
ALLT,Business Services,Technology Services,15__0,15,0.0,8. p75_trade_value,10050.0,10800.0,O:ALLT250321C00007500,ALLT,C,7.5,2025-03-21,209,0,325,0.72,1740068336082000000,150,10800.0,2025-02-20,3000,30,True,Automatic Execution,Business Services,Technology Services,7.29,7.43,7.06,7.14,4,4.033423755486949,20,4,1,0,0,0
ALLT,Business Services,Technology Services,15__0,15,0.0,8. p75_trade_value,10050.0,10800.0,O:ALLT250321C00007500,ALLT,C,7.5,2025-03-21,209,0,309,0.75,1740070571481000000,134,10050.0,2025-02-20,3000,30,True,Automatic Execution,Business Services,Technology Services,7.29,7.43,7.06,7.14,5,4.002166061756507,20,5,1,0,0,0
ALLT,Business Services,Technology Services,15__0,15,0.0,1. p999999_trade_value,13800.0,13800.0,O:ALLT250321C00007500,ALLT,C,7.5,2025-03-21,227,0,323,0.46,1740420286401000000,300,13800.0,2025-02-24,3000,30,True,Single Leg Auction Non ISO,Business Services,Technology Services,6.71,6.86,6.37,6.61,1,4.139879086401237,20,1,1,0,0,0
ALLT,Business Services,Technology Services,15__0,15,0.0,7. p90_trade_value,11046.0,11046.0,O:ALLT250516C00007500,ALLT,C,7.5,2025-05-16,209,0,325,0.14,1746538509149000000,789,11046.0,2025-05-06,3000,30,True,Automatic Execution,Business Services,Technology Services,5.78,6.08,5.605,5.995,2,4.043205038887658,20,2,1,1,1,0
AMPL,Business Services,Technology Services,15__0,15,0.0,1. p999999_trade_value,150000.0,150000.0,O:AMPL250516C00010000,AMPL,C,10.0,2025-05-16,231,0,301,0.6,1746462938561000000,2500,150000.0,2025-05-05,3000,30,True,Single Leg Floor Trade,Business Services,Technology Services,9.25,9.64,9.25,9.42,1,5.176091259055681,20,1,1,1,1,0
AMPX,Business Services,Technology Services,15__0,15,0.0,1. p999999_trade_value,16410.0,16410.0,O:AMPX250221P00003000,AMPX,P,3.0,2025-02-21,209,0,302,0.3,1737733046145000000,547,16410.0,2025-01-24,3000,30,True,Automatic Execution,Business Services,Technology Services,3.36,3.93,3.29,3.64,1,4.2151085810530935,20,1,1,1,1,0
APP,Business Services,Technology Services,50__2,50,2.0,4. p999_trade_value,392035.00000000006,2136700.0,O:APP241122C00300000,APP,C,300.0,2024-11-22,209,0,308,9.4,1731094846868000000,499,469060.00000000006,2024-11-08,3000,30,True,Automatic Execution,Business Services,Technology Services,249.09,292.86,243.25,290.01,90,5.6712283992230885,20,1,1,1,1,0
APP,Business Services,Technology Services,50__2,50,2.0,4. p999_trade_value,392035.00000000006,2136700.0,O:APP241122C00300000,APP,C,300.0,2024-11-22,209,0,308,9.4,1731093633459000000,500,470000.0,2024-11-08,3000,30,True,Automatic Execution,Business Services,Technology Services,249.09,292.86,243.25,290.01,89,5.672097857935717,20,1,1,1,1,0
APP,Business Services,Technology Services,50__2,50,2.0,4. p999_trade_value,392035.00000000006,2136700.0,O:APP241122C00300000,APP,C,300.0,2024-11-22,209,0,308,14.0,1731099377608000000,497,695800.0,2024-11-08,3000,30,True,Automatic Execution,Business Services,Technology Services,249.09,292.86,243.25,290.01,53,5.842484424411571,20,1,1,1,1,0
APP,Business Services,Technology Services,50__2,50,2.0,4. p999_trade_value,392035.00000000006,2136700.0,O:APP241122C00300000,APP,C,300.0,2024-11-22,209,0,325,9.4,1731091790853000000,449,422060.00000000006,2024-11-08,3000,30,True,Automatic Execution,Business Services,Technology Services,249.09,292.86,243.25,290.01,102,5.625374194603022,20,1,1,1,1,0
APP,Business Services,Technology Services,50__2,50,2.0,4. p999_trade_value,392035.00000000006,2136700.0,O:APP241122C00300000,APP,C,300.0,2024-11-22,209,0,303,9.8,1731093359775000000,499,489020.00000000006,2024-11-08,3000,30,True,Automatic Execution,Business Services,Technology Services,249.09,292.86,243.25,290.01,80,5.689326621315884,20,1,1,1,1,0
APP,Business Services,Technology Services,50__2,50,2.0,4. p999_trade_value,392035.00000000006,2136700.0,O:APP241115P00250000,APP,P,250.0,2024-11-15,234,0,313,1.15,1731345948169000000,4000,460000.0,2024-11-11,3000,30,True,Multi Leg Cross,Business Services,Technology Services,291.12,292.05,263.26,286.43,94,5.662757831681574,20,1,0,0,0,1
APP,Business Services,Technology Services,50__2,50,2.0,4. p999_trade_value,392035.00000000006,2136700.0,O:APP241220C00350000,APP,C,350.0,2024-12-20,235,0,301,18.9,1732114361651000000,621,1173690.0,2024-11-20,3000,30,True,Multi Leg floor trade,Business Services,Technology Services,327.66,342.507,319.52,325.22,27,6.069553404349825,20,1,1,0,0,0
APP,Business Services,Technology Services,50__2,50,2.0,4. p999_trade_value,392035.00000000006,2136700.0,O:APP241220C00360000,APP,C,360.0,2024-12-20,235,0,301,21.8,1732122392393000000,375,817500.0,2024-11-20,3000,30,True,Multi Leg floor trade,Business Services,Technology Services,327.66,342.507,319.52,325.22,39,5.912487761332324,20,1,1,0,0,0
APP,Business Services,Technology Services,50__2,50,2.0,4. p999_trade_value,392035.00000000006,2136700.0,O:APP241220C00360000,APP,C,360.0,2024-12-20,235,0,301,16.5,1732114361651000000,621,1024650.0,2024-11-20,3000,30,True,Multi Leg floor trade,Business Services,Technology Services,327.66,342.507,319.52,325.22,34,6.010575544390487,20,1,1,0,0,0
APP,Business Services,Technology Services,50__2,50,2.0,4. p999_trade_value,392035.00000000006,2136700.0,O:APP241220C00350000,APP,C,350.0,2024-12-20,209,0,308,21.0,1732545409973000000,367,770700.0,2024-11-25,3000,30,True,Automatic Execution,Business Services,Technology Services,344.0,344.77,317.86,319.59,43,5.886885358986008,20,1,1,0,0,0
APP,Business Services,Technology Services,50__2,50,2.0,4. p999_trade_value,392035.00000000006,2136700.0,O:APP241220C00350000,APP,C,350.0,2024-12-20,209,0,313,21.0,1732546446941000000,498,1045800.0,2024-11-25,3000,30,True,Automatic Execution,Business Services,Technology Services,344.0,344.77,317.86,319.59,32,6.019448637493637,20,1,1,0,0,0
APP,Business Services,Technology Services,50__2,50,2.0,4. p999_trade_value,392035.00000000006,2136700.0,O:APP241220C00350000,APP,C,350.0,2024-12-20,209,0,308,21.0,1732545409963000000,632,1327200.0,2024-11-25,3000,30,True,Automatic Execution,Business Services,Technology Services,344.0,344.77,317.86,319.59,21,6.122936373016304,20,1,1,0,0,0
APP,Business Services,Technology Services,50__2,50,2.0,4. p999_trade_value,392035.00000000006,2136700.0,O:APP241220C00420000,APP,C,420.0,2024-12-20,235,0,301,8.4,1733241693022000000,897,753480.0,2024-12-03,3000,30,True,Multi Leg floor trade,Business Services,Technology Services,338.0,372.57,338.0,366.55,46,5.877071729105974,20,1,0,0,0,1
APP,Business Services,Technology Services,50__2,50,2.0,4. p999_trade_value,392035.00000000006,2136700.0,O:APP241227C00450000,APP,C,450.0,2024-12-27,232,0,322,17.91,1733516539528000000,370,662670.0,2024-12-06,3000,30,True,Multi Leg auto-electronic trade,Business Services,Technology Services,382.88,417.635,378.0,401.5,57,5.821297309916027,20,1,0,0,0,1
APP,Business Services,Technology Services,50__2,50,2.0,4. p999_trade_value,392035.00000000006,2136700.0,O:APP250117C00380000,APP,C,380.0,2025-01-17,231,0,323,10.0,1734979814223000000,450,450000.0,2024-12-23,3000,30,True,Single Leg Floor Trade,Business Services,Technology Services,347.605,350.2,331.5401,344.82,98,5.653212513775344,20,1,0,0,0,1
APP,Business Services,Technology Services,50__2,50,2.0,4. p999_trade_value,392035.00000000006,2136700.0,O:APP250110P00330000,APP,P,330.0,2025-01-10,209,0,320,9.4,1735244482436000000,500,470000.0,2024-12-26,3000,30,True,Automatic Execution,Business Services,Technology Services,341.35,350.2358,336.35,346.73,88,5.672097857935717,20,1,1,1,1,0
APP,Business Services,Technology Services,50__2,50,2.0,4. p999_trade_value,392035.00000000006,2136700.0,O:APP250117C00370000,APP,C,370.0,2025-01-17,231,0,300,12.0,1736173984321000000,500,600000.0,2025-01-06,3000,30,True,Single Leg Floor Trade,Business Services,Technology Services,358.88,362.45,346.04,354.93,61,5.778151250383644,20,1,0,0,0,1
APP,Business Services,Technology Services,50__2,50,2.0,4. p999_trade_value,392035.00000000006,2136700.0,O:APP250117C00380000,APP,C,380.0,2025-01-17,231,0,300,7.0,1736174019711000000,1294,905800.0,2025-01-06,3000,30,True,Single Leg Floor Trade,Business Services,Technology Services,358.88,362.45,346.04,354.93,36,5.957032316346939,20,1,0,0,0,1
APP,Business Services,Technology Services,50__2,50,2.0,4. p999_trade_value,392035.00000000006,2136700.0,O:APP250214C00380000,APP,C,380.0,2025-02-14,209,0,309,31.6,1737559869965000000,152,480320.0,2025-01-22,3000,30,True,Automatic Execution,Business Services,Technology Services,345.0,371.7742,343.18,361.72,83,5.681530670563176,20,1,1,1,1,0
APP,Business Services,Technology Services,50__2,50,2.0,4. p999_trade_value,392035.00000000006,2136700.0,O:APP250221C00390000,APP,C,390.0,2025-02-21,232,0,313,27.58,1737737621255000000,200,551600.0,2025-01-24,3000,30,True,Multi Leg auto-electronic trade,Business Services,Technology Services,364.3,368.85,360.6,363.1,70,5.741624257503812,20,1,1,1,1,0
APP,Business Services,Technology Services,50__2,50,2.0,4. p999_trade_value,392035.00000000006,2136700.0,O:APP250221C00400000,APP,C,400.0,2025-02-21,232,0,308,24.35,1738084655567000000,161,392035.00000000006,2025-01-28,3000,30,True,Multi Leg auto-electronic trade,Business Services,Technology Services,347.63,368.38,342.08,360.75,111,5.593324841582503,20,1,1,1,1,0
APP,Business Services,Technology Services,50__2,50,2.0,4. p999_trade_value,392035.00000000006,2136700.0,O:APP250221C00380000,APP,C,380.0,2025-02-21,227,0,323,35.23,1738334671521000000,170,598910.0,2025-01-31,3000,30,True,Single Leg Auction Non ISO,Business Services,Technology Services,371.04,379.0,364.5,369.59,62,5.777361564559516,20,1,1,1,1,0
APP,Business Services,Technology Services,50__2,50,2.0,4. p999_trade_value,392035.00000000006,2136700.0,O:APP250221C00390000,APP,C,390.0,2025-02-21,231,0,323,33.1,1738338463894000000,295,976450.0,2025-01-31,3000,30,True,Single Leg Floor Trade,Business Services,Technology Services,371.04,379.0,364.5,369.59,35,5.989650009753881,20,1,1,1,1,0
APP,Business Services,Technology Services,50__2,50,2.0,4. p999_trade_value,392035.00000000006,2136700.0,O:APP250221C00400000,APP,C,400.0,2025-02-21,209,0,323,29.9,1738680247629000000,190,568100.0,2025-02-04,3000,30,True,Automatic Execution,Business Services,Technology Services,373.77,390.68,370.75,380.26,67,5.754424789277259,20,1,1,1,1,0
APP,Business Services,Technology Services,50__2,50,2.0,3. p9999_trade_value,2145000.0,4357820.0,O:APP250221C00400000,APP,C,400.0,2025-02-21,209,0,303,30.0,1738679830011000000,715,2145000.0,2025-02-04,3000,30,True,Automatic Execution,Business Services,Technology Services,373.77,390.68,370.75,380.26,12,6.331427296520743,20,1,1,1,1,0
APP,Business Services,Technology Services,50__2,50,2.0,4. p999_trade_value,392035.00000000006,2136700.0,O:APP250221C00400000,APP,C,400.0,2025-02-21,209,0,315,29.9,1738680247582000000,200,598000.0,2025-02-04,3000,30,True,Automatic Execution,Business Services,Technology Services,373.77,390.68,370.75,380.26,63,5.776701183988411,20,1,1,1,1,0
APP,Business Services,Technology Services,50__2,50,2.0,4. p999_trade_value,392035.00000000006,2136700.0,O:APP250221C00400000,APP,C,400.0,2025-02-21,209,0,322,29.9,1738680377996000000,180,538200.0,2025-02-04,3000,30,True,Automatic Execution,Business Services,Technology Services,373.77,390.68,370.75,380.26,72,5.730943693427736,20,1,1,1,1,0
APP,Business Services,Technology Services,50__2,50,2.0,4. p999_trade_value,392035.00000000006,2136700.0,O:APP250221C00400000,APP,C,400.0,2025-02-21,209,0,320,29.9,1738680247605000000,173,517270.0,2025-02-04,3000,30,True,Automatic Execution,Business Services,Technology Services,373.77,390.68,370.75,380.26,77,5.713717291453225,20,1,1,1,1,0
APP,Business Services,Technology Services,50__2,50,2.0,4. p999_trade_value,392035.00000000006,2136700.0,O:APP250221C00400000,APP,C,400.0,2025-02-21,227,0,302,28.4,1738770013625000000,398,1130320.0,2025-02-05,3000,30,True,Single Leg Auction Non ISO,Business Services,Technology Services,377.37,378.65,363.0101,368.27,29,6.053201412120726,20,1,1,1,1,0
APP,Business Services,Technology Services,50__2,50,2.0,4. p999_trade_value,392035.00000000006,2136700.0,O:APP250221C00400000,APP,C,400.0,2025-02-21,209,0,323,28.4,1738769820638000000,365,1036600.0,2025-02-05,3000,30,True,Automatic Execution,Business Services,Technology Services,377.37,378.65,363.0101,368.27,33,6.015611204503513,20,1,1,1,1,0
APP,Business Services,Technology Services,50__2,50,2.0,4. p999_trade_value,392035.00000000006,2136700.0,O:APP250221C00400000,APP,C,400.0,2025-02-21,209,0,308,27.7,1738772418330000000,389,1077530.0,2025-02-05,3000,30,True,Automatic Execution,Business Services,Technology Services,377.37,378.65,363.0101,368.27,31,6.032429370390156,20,1,1,1,1,0
APP,Business Services,Technology Services,50__2,50,2.0,4. p999_trade_value,392035.00000000006,2136700.0,O:APP250221C00400000,APP,C,400.0,2025-02-21,209,0,308,27.7,1738768949428000000,174,481980.0,2025-02-05,3000,30,True,Automatic Execution,Business Services,Technology Services,377.37,378.65,363.0101,368.27,82,5.683029017347049,20,1,1,1,1,0
APP,Business Services,Technology Services,50__2,50,2.0,4. p999_trade_value,392035.00000000006,2136700.0,O:APP250221C00430000,APP,C,430.0,2025-02-21,209,0,320,22.8,1738939677587000000,200,456000.0,2025-02-07,3000,30,True,Automatic Execution,Business Services,Technology Services,385.88,393.63,374.58,375.72,97,5.658964842664435,20,1,1,1,0,0
APP,Business Services,Technology Services,50__2,50,2.0,4. p999_trade_value,392035.00000000006,2136700.0,O:APP250221C00430000,APP,C,430.0,2025-02-21,227,0,300,22.4,1738939528398000000,687,1538880.0,2025-02-07,3000,30,True,Single Leg Auction Non ISO,Business Services,Technology Services,385.88,393.63,374.58,375.72,17,6.187204755393713,20,1,1,1,0,0
APP,Business Services,Technology Services,50__2,50,2.0,3. p9999_trade_value,2145000.0,4357820.0,O:APP250221C00430000,APP,C,430.0,2025-02-21,209,0,308,22.8,1738940224449000000,997,2273160.0,2025-02-07,3000,30,True,Automatic Execution,Business Services,Technology Services,385.88,393.63,374.58,375.72,9,6.35663000531211,20,1,1,1,0,0
APP,Business Services,Technology Services,50__2,50,2.0,4. p999_trade_value,392035.00000000006,2136700.0,O:APP250221C00430000,APP,C,430.0,2025-02-21,209,0,320,22.8,1738939677617000000,200,456000.0,2025-02-07,3000,30,True,Automatic Execution,Business Services,Technology Services,385.88,393.63,374.58,375.72,96,5.658964842664435,20,1,1,1,0,0
APP,Business Services,Technology Services,50__2,50,2.0,4. p999_trade_value,392035.00000000006,2136700.0,O:APP250221C00430000,APP,C,430.0,2025-02-21,209,0,323,22.8,1738939677622000000,190,433200.0,2025-02-07,3000,30,True,Automatic Execution,Business Services,Technology Services,385.88,393.63,374.58,375.72,100,5.636688447953283,20,1,1,1,0,0
APP,Business Services,Technology Services,50__2,50,2.0,4. p999_trade_value,392035.00000000006,2136700.0,O:APP250221C00430000,APP,C,430.0,2025-02-21,209,0,302,21.7,1738943061515000000,972,2109240.0,2025-02-07,3000,30,True,Automatic Execution,Business Services,Technology Services,385.88,393.63,374.58,375.72,14,6.324125998774804,20,1,1,1,0,0
APP,Business Services,Technology Services,50__2,50,2.0,4. p999_trade_value,392035.00000000006,2136700.0,O:APP250221C00430000,APP,C,430.0,2025-02-21,209,0,315,22.4,1738939528293000000,299,669760.0,2025-02-07,3000,30,True,Automatic Execution,Business Services,Technology Services,385.88,393.63,374.58,375.72,56,5.825919206658592,20,1,1,1,0,0
APP,Business Services,Technology Services,50__2,50,2.0,4. p999_trade_value,392035.00000000006,2136700.0,O:APP250221C00400000,APP,C,400.0,2025-02-21,231,0,302,30.64,1739204613638000000,150,459600.0,2025-02-10,3000,30,True,Single Leg Floor Trade,Business Services,Technology Services,387.2,396.615,373.2,384.4,95,5.662380020016248,20,1,1,1,1,0
APP,Business Services,Technology Services,50__2,50,2.0,4. p999_trade_value,392035.00000000006,2136700.0,O:APP250221C00415000,APP,C,415.0,2025-02-21,232,0,313,26.2,1739219081856000000,225,589500.0,2025-02-10,3000,30,True,Multi Leg auto-electronic trade,Business Services,Technology Services,387.2,396.615,373.2,384.4,64,5.7704838094311075,20,1,1,1,1,0
APP,Business Services,Technology Services,50__2,50,2.0,4. p999_trade_value,392035.00000000006,2136700.0,O:APP250214C00400000,APP,C,400.0,2025-02-14,209,0,320,25.3,1739392765169000000,183,462990.00000000006,2025-02-12,3000,30,True,Automatic Execution,Business Services,Technology Services,375.93,390.21,372.003,380.32,92,5.665571610906247,20,1,1,1,1,0
APP,Business Services,Technology Services,50__2,50,2.0,4. p999_trade_value,392035.00000000006,2136700.0,O:APP250214C00450000,APP,C,450.0,2025-02-14,235,0,301,10.67,1739393493992000000,500,533500.0,2025-02-12,3000,30,True,Multi Leg floor trade,Business Services,Technology Services,375.93,390.21,372.003,380.32,73,5.727134423760488,20,1,1,1,1,0
APP,Business Services,Technology Services,50__2,50,2.0,4. p999_trade_value,392035.00000000006,2136700.0,O:APP250221C00440000,APP,C,440.0,2025-02-21,235,0,323,15.2,1739372815528000000,750,1140000.0,2025-02-12,3000,30,True,Multi Leg floor trade,Business Services,Technology Services,375.93,390.21,372.003,380.32,28,6.056904851336473,20,1,1,1,0,0
APP,Business Services,Technology Services,50__2,50,2.0,4. p999_trade_value,392035.00000000006,2136700.0,O:APP250221P00320000,APP,P,320.0,2025-02-21,235,0,323,10.0,1739372815528000000,750,750000.0,2025-02-12,3000,30,True,Multi Leg floor trade,Business Services,Technology Services,375.93,390.21,372.003,380.32,47,5.8750612633917,20,1,0,0,0,1
APP,Business Services,Technology Services,50__2,50,2.0,4. p999_trade_value,392035.00000000006,2136700.0,O:APP250314C00540000,APP,C,540.0,2025-03-14,232,0,313,29.95,1739459511976000000,396,1186020.0,2025-02-13,3000,30,True,Multi Leg auto-electronic trade,Business Services,Technology Services,499.34,525.15,449.0,471.67,26,6.074092012650842,20,1,0,0,0,1
APP,Business Services,Technology Services,50__2,50,2.0,4. p999_trade_value,392035.00000000006,2136700.0,O:APP250314C00550000,APP,C,550.0,2025-03-14,232,0,313,24.73,1739457762060000000,162,400626.0,2025-02-13,3000,30,True,Multi Leg auto-electronic trade,Business Services,Technology Services,499.34,525.15,449.0,471.67,108,5.602739130903928,20,1,0,0,0,1
APP,Business Services,Technology Services,50__2,50,2.0,4. p999_trade_value,392035.00000000006,2136700.0,O:APP250314C00550000,APP,C,550.0,2025-03-14,232,0,313,10.98,1739478341587000000,400,439200.0,2025-02-13,3000,30,True,Multi Leg auto-electronic trade,Business Services,Technology Services,499.34,525.15,449.0,471.67,99,5.642662331442035,20,1,0,0,0,1
APP,Business Services,Technology Services,50__2,50,2.0,4. p999_trade_value,392035.00000000006,2136700.0,O:APP250314C00550000,APP,C,550.0,2025-03-14,232,0,313,25.65,1739457745473000000,200,513000.0,2025-02-13,3000,30,True,Multi Leg auto-electronic trade,Business Services,Technology Services,499.34,525.15,449.0,471.67,78,5.710117365111817,20,1,0,0,0,1
APP,Business Services,Technology Services,50__2,50,2.0,4. p999_trade_value,392035.00000000006,2136700.0,O:APP250314C00520000,APP,C,520.0,2025-03-14,232,0,313,25.45,1739545930310000000,250,636250.0,2025-02-14,3000,30,True,Multi Leg auto-electronic trade,Business Services,Technology Services,473.56,516.99,462.8,510.13,60,5.803627795344815,20,1,0,0,0,1
APP,Business Services,Technology Services,50__2,50,2.0,4. p999_trade_value,392035.00000000006,2136700.0,O:APP250314C00530000,APP,C,530.0,2025-03-14,209,0,308,25.0,1739897037716000000,299,747500.0,2025-02-18,3000,30,True,Automatic Execution,Business Services,Technology Services,514.1,519.79,487.99,496.0,48,5.8736111969964675,20,1,0,0,0,1
APP,Business Services,Technology Services,50__2,50,2.0,4. p999_trade_value,392035.00000000006,2136700.0,O:APP250314C00530000,APP,C,530.0,2025-03-14,209,0,308,25.0,1739897037690000000,697,1742500.0,2025-02-18,3000,30,True,Automatic Execution,Business Services,Technology Services,514.1,519.79,487.99,496.0,15,6.241172786770047,20,1,0,0,0,1
APP,Business Services,Technology Services,50__2,50,2.0,3. p9999_trade_value,2145000.0,4357820.0,O:APP250314C00540000,APP,C,540.0,2025-03-14,209,0,308,28.0,1739890395967000000,999,2797200.0,2025-02-18,3000,30,True,Automatic Execution,Business Services,Technology Services,514.1,519.79,487.99,496.0,7,6.446723519568201,20,1,0,0,0,1
APP,Business Services,Technology Services,50__2,50,2.0,4. p999_trade_value,392035.00000000006,2136700.0,O:APP250314C00540000,APP,C,540.0,2025-03-14,209,0,320,28.0,1739890854145000000,500,1400000.0,2025-02-18,3000,30,True,Automatic Execution,Business Services,Technology Services,514.1,519.79,487.99,496.0,19,6.146128035678238,20,1,0,0,0,1
APP,Business Services,Technology Services,50__2,50,2.0,4. p999_trade_value,392035.00000000006,2136700.0,O:APP250228P00470000,APP,P,470.0,2025-02-28,232,0,300,11.57,1739982075818000000,400,462800.0,2025-02-19,3000,30,True,Multi Leg auto-electronic trade,Business Services,Technology Services,502.74,507.0,481.12,494.17,93,5.665393350279712,20,1,1,1,1,0
APP,Business Services,Technology Services,50__2,50,2.0,4. p999_trade_value,392035.00000000006,2136700.0,O:APP250321P00420000,APP,P,420.0,2025-03-21,242,0,300,28.75,1740076708670000000,250,718750.0,2025-02-20,3000,30,True,Stock Options floor trade,Business Services,Technology Services,488.91,494.54,427.13005,450.01,52,5.856577857697687,20,1,1,1,1,0
APP,Business Services,Technology Services,50__2,50,2.0,4. p999_trade_value,392035.00000000006,2136700.0,O:APP250314C00480000,APP,C,480.0,2025-03-14,209,0,320,24.0,1740148423613000000,200,480000.0,2025-02-21,3000,30,True,Automatic Execution,Business Services,Technology Services,452.77,456.76,412.185,415.31,84,5.681241237375588,20,1,0,0,0,1
APP,Business Services,Technology Services,50__2,50,2.0,4. p999_trade_value,392035.00000000006,2136700.0,O:APP250314C00480000,APP,C,480.0,2025-03-14,209,0,303,24.0,1740148423518000000,200,480000.0,2025-02-21,3000,30,True,Automatic Execution,Business Services,Technology Services,452.77,456.76,412.185,415.31,85,5.681241237375588,20,1,0,0,0,1
APP,Business Services,Technology Services,50__2,50,2.0,4. p999_trade_value,392035.00000000006,2136700.0,O:APP250314C00480000,APP,C,480.0,2025-03-14,209,0,300,24.0,1740148418442000000,199,477600.0,2025-02-21,3000,30,True,Automatic Execution,Business Services,Technology Services,452.77,456.76,412.185,415.31,86,5.679064318121313,20,1,0,0,0,1
APP,Business Services,Technology Services,50__2,50,2.0,4. p999_trade_value,392035.00000000006,2136700.0,O:APP250314C00480000,APP,C,480.0,2025-03-14,209,0,323,23.0,1740149428400000000,929,2136700.0,2025-02-21,3000,30,True,Automatic Execution,Business Services,Technology Services,452.77,456.76,412.185,415.31,13,6.3297435500112345,20,1,0,0,0,1
APP,Business Services,Technology Services,50__2,50,2.0,4. p999_trade_value,392035.00000000006,2136700.0,O:APP250307C00450000,APP,C,450.0,2025-03-07,209,0,315,16.7,1740408322051000000,249,415830.0,2025-02-24,3000,30,True,Automatic Execution,Business Services,Technology Services,411.86,426.49,395.01,410.45,103,5.61891581824332,20,1,0,0,0,1
APP,Business Services,Technology Services,50__2,50,2.0,4. p999_trade_value,392035.00000000006,2136700.0,O:APP250307C00450000,APP,C,450.0,2025-03-07,209,0,308,17.0,1740408198426000000,1000,1700000.0,2025-02-24,3000,30,True,Automatic Execution,Business Services,Technology Services,411.86,426.49,395.01,410.45,16,6.230448921378274,20,1,0,0,0,1
APP,Business Services,Technology Services,50__2,50,2.0,4. p999_trade_value,392035.00000000006,2136700.0,O:APP250321P00360000,APP,P,360.0,2025-03-21,209,0,308,26.0,1740502600791000000,496,1289600.0,2025-02-25,3000,30,True,Automatic Execution,Business Services,Technology Services,406.7,406.7,367.12,377.06,22,6.110455024461015,20,1,1,1,1,0
APP,Business Services,Technology Services,50__2,50,2.0,4. p999_trade_value,392035.00000000006,2136700.0,O:APP250321C00350000,APP,C,350.0,2025-03-21,232,0,304,23.38,1740593974483000000,199,465262.0,2025-02-26,3000,30,True,Multi Leg auto-electronic trade,Business Services,Technology Services,328.47,343.1699,288.915,331.0,91,5.667697583235528,20,1,1,0,0,0
APP,Business Services,Technology Services,50__2,50,2.0,4. p999_trade_value,392035.00000000006,2136700.0,O:APP250328P00250000,APP,P,250.0,2025-03-28,209,0,325,16.2,1740583141385000000,450,729000.0,2025-02-26,3000,30,True,Automatic Execution,Business Services,Technology Services,328.47,343.1699,288.915,331.0,51,5.862727528317975,20,1,1,0,0,0
APP,Business Services,Technology Services,50__2,50,2.0,4. p999_trade_value,392035.00000000006,2136700.0,O:APP250328P00300000,APP,P,300.0,2025-03-28,209,0,323,18.2,1740773352908000000,494,899079.9999999999,2025-02-28,3000,30,True,Automatic Execution,Business Services,Technology Services,313.0,331.56,306.1,325.74,37,5.953798336908721,20,1,1,1,1,0
APP,Business Services,Technology Services,50__2,50,2.0,4. p999_trade_value,392035.00000000006,2136700.0,O:APP250328P00300000,APP,P,300.0,2025-03-28,209,0,309,27.8,1740753242855000000,500,1390000.0,2025-02-28,3000,30,True,Automatic Execution,Business Services,Technology Services,313.0,331.56,306.1,325.74,20,6.143014800254095,20,1,1,1,1,0
APP,Business Services,Technology Services,50__2,50,2.0,4. p999_trade_value,392035.00000000006,2136700.0,O:APP250404P00245000,APP,P,245.0,2025-04-04,209,0,308,20.5,1741294068028000000,200,410000.0,2025-03-06,3000,30,True,Automatic Execution,Business Services,Technology Services,305.76,306.5,258.5136,259.63,105,5.6127838567197355,20,1,1,1,1,0
APP,Business Services,Technology Services,50__2,50,2.0,4. p999_trade_value,392035.00000000006,2136700.0,O:APP250314C00300000,APP,C,300.0,2025-03-14,227,0,323,9.95,1741359395394000000,1249,1242755.0,2025-03-07,3000,30,True,Single Leg Auction Non ISO,Business Services,Technology Services,256.145,278.6,247.5,270.48,23,6.094385519119861,20,1,0,0,0,1
APP,Business Services,Technology Services,50__2,50,2.0,4. p999_trade_value,392035.00000000006,2136700.0,O:APP250417P00300000,APP,P,300.0,2025-04-17,209,0,302,11.9,1742823001339000000,679,808010.0,2025-03-24,3000,30,True,Automatic Execution,Business Services,Technology Services,328.09,342.38,323.5,339.72,42,5.907416735673032,20,1,1,1,1,0
APP,Business Services,Technology Services,50__2,50,2.0,4. p999_trade_value,392035.00000000006,2136700.0,O:APP250417P00250000,APP,P,250.0,2025-04-17,209,0,325,12.0,1744292036879000000,1000,1200000.0,2025-04-10,3000,30,True,Automatic Execution,Business Services,Technology Services,270.0,278.48,250.51,263.83,25,6.079181246047625,20,1,1,1,1,0
APP,Business Services,Technology Services,50__2,50,2.0,4. p999_trade_value,392035.00000000006,2136700.0,O:APP250516P00220000,APP,P,220.0,2025-05-16,235,0,323,27.4,1744833325414000000,250,685000.0,2025-04-16,3000,30,True,Multi Leg floor trade,Business Services,Technology Services,234.525,241.95,224.4,229.81,55,5.835690571492425,20,1,0,0,0,1
APP,Business Services,Technology Services,50__2,50,2.0,4. p999_trade_value,392035.00000000006,2136700.0,O:APP250516C00300000,APP,C,300.0,2025-05-16,209,0,320,10.9,1744913481372000000,499,543910.0,2025-04-17,3000,30,True,Automatic Execution,Business Services,Technology Services,231.39,239.95,226.1001,238.22,71,5.735527043564013,20,1,1,1,1,0
APP,Business Services,Technology Services,50__2,50,2.0,4. p999_trade_value,392035.00000000006,2136700.0,O:APP250516C00280000,APP,C,280.0,2025-05-16,242,0,313,11.5,1745258459082000000,500,575000.0,2025-04-21,3000,30,True,Stock Options floor trade,Business Services,Technology Services,233.53,238.4953,222.0201,228.13,66,5.7596678446896306,20,1,1,1,1,0
APP,Business Services,Technology Services,50__2,50,2.0,4. p999_trade_value,392035.00000000006,2136700.0,O:APP250516C00280000,APP,C,280.0,2025-05-16,232,0,312,29.87,1745512464155000000,188,561556.0,2025-04-24,3000,30,True,Multi Leg auto-electronic trade,Business Services,Technology Services,253.725,275.92,252.0001,267.88,69,5.749393071867808,20,1,1,1,1,0
APP,Business Services,Technology Services,50__2,50,2.0,4. p999_trade_value,392035.00000000006,2136700.0,O:APP250516C00280000,APP,C,280.0,2025-05-16,232,0,308,28.3,1745511124826000000,200,566000.0,2025-04-24,3000,30,True,Multi Leg auto-electronic trade,Business Services,Technology Services,253.725,275.92,252.0001,267.88,68,5.752816431188271,20,1,1,1,1,0
APP,Business Services,Technology Services,50__2,50,2.0,4. p999_trade_value,392035.00000000006,2136700.0,O:APP250516C00280000,APP,C,280.0,2025-05-16,232,0,312,27.9,1745510946417000000,155,432450.0,2025-04-24,3000,30,True,Multi Leg auto-electronic trade,Business Services,Technology Services,253.725,275.92,252.0001,267.88,101,5.635935901443889,20,1,1,1,1,0
APP,Business Services,Technology Services,50__2,50,2.0,4. p999_trade_value,392035.00000000006,2136700.0,O:APP250516C00295000,APP,C,295.0,2025-05-16,233,0,312,20.0,1745503827994000000,406,812000.0,2025-04-24,3000,30,True,Multi Leg Auction,Business Services,Technology Services,253.725,275.92,252.0001,267.88,40,5.909556029241175,20,1,1,1,1,0
APP,Business Services,Technology Services,50__2,50,2.0,3. p9999_trade_value,2145000.0,4357820.0,O:APP250516C00295000,APP,C,295.0,2025-05-16,209,0,308,27.0,1745848731249000000,1486,4012200.0,2025-04-28,3000,30,True,Automatic Execution,Business Services,Technology Services,278.64,286.8284,273.5,284.98,4,6.603382573583544,20,1,1,1,1,0
APP,Business Services,Technology Services,50__2,50,2.0,2. p99999_trade_value,5193040.0,5193040.0,O:APP250516C00300000,APP,C,300.0,2025-05-16,209,0,308,27.8,1745852679204000000,1868,5193040.0,2025-04-28,3000,30,True,Automatic Execution,Business Services,Technology Services,278.64,286.8284,273.5,284.98,2,6.7154216678121506,20,1,1,1,1,0
APP,Business Services,Technology Services,50__2,50,2.0,4. p999_trade_value,392035.00000000006,2136700.0,O:APP250516C00300000,APP,C,300.0,2025-05-16,209,0,315,26.0,1745849113865000000,200,520000.0,2025-04-28,3000,30,True,Automatic Execution,Business Services,Technology Services,278.64,286.8284,273.5,284.98,76,5.7160033436347994,20,1,1,1,1,0
APP,Business Services,Technology Services,50__2,50,2.0,4. p999_trade_value,392035.00000000006,2136700.0,O:APP250516C00300000,APP,C,300.0,2025-05-16,227,0,323,25.98,1745849113970000000,181,470238.0,2025-04-28,3000,30,True,Single Leg Auction Non ISO,Business Services,Technology Services,278.64,286.8284,273.5,284.98,87,5.672317721606194,20,1,1,1,1,0
APP,Business Services,Technology Services,50__2,50,2.0,3. p9999_trade_value,2145000.0,4357820.0,O:APP250516C00300000,APP,C,300.0,2025-05-16,209,0,300,26.0,1745849113809000000,999,2597400.0,2025-04-28,3000,30,True,Automatic Execution,Business Services,Technology Services,278.64,286.8284,273.5,284.98,8,6.4145388361968,20,1,1,1,1,0
APP,Business Services,Technology Services,50__2,50,2.0,4. p999_trade_value,392035.00000000006,2136700.0,O:APP250509C00300000,APP,C,300.0,2025-05-09,209,0,309,22.3,1746106680001000000,180,401400.0,2025-05-01,3000,30,True,Automatic Execution,Business Services,Technology Services,282.0,288.25,276.8,279.49,106,5.603577368151467,20,1,1,1,1,0
APP,Business Services,Technology Services,50__2,50,2.0,3. p9999_trade_value,2145000.0,4357820.0,O:APP250509C00300000,APP,C,300.0,2025-05-09,209,0,323,21.8,1746107999738000000,1999,4357820.0,2025-05-01,3000,30,True,Automatic Execution,Business Services,Technology Services,282.0,288.25,276.8,279.49,3,6.639269287722722,20,1,1,1,1,0
APP,Business Services,Technology Services,50__2,50,2.0,4. p999_trade_value,392035.00000000006,2136700.0,O:APP250509C00300000,APP,C,300.0,2025-05-09,209,0,320,22.9,1746106680805000000,180,412200.0,2025-05-01,3000,30,True,Automatic Execution,Business Services,Technology Services,282.0,288.25,276.8,279.49,104,5.615107987443194,20,1,1,1,1,0
APP,Business Services,Technology Services,50__2,50,2.0,3. p9999_trade_value,2145000.0,4357820.0,O:APP250523C00330000,APP,C,330.0,2025-05-23,231,0,323,29.5,1746212490882000000,750,2212500.0,2025-05-02,3000,30,True,Single Leg Floor Trade,Business Services,Technology Services,291.99,309.342,286.845,307.58,10,6.344883279369863,20,1,1,1,1,0
APP,Business Services,Technology Services,50__2,50,2.0,3. p9999_trade_value,2145000.0,4357820.0,O:APP250523C00330000,APP,C,330.0,2025-05-23,241,0,323,29.4,1746210841823000000,1000,2940000.0,2025-05-02,3000,30,True,Stock Options Cross,Business Services,Technology Services,291.99,309.342,286.845,307.58,6,6.468347330412158,20,1,1,1,1,0
APP,Business Services,Technology Services,50__2,50,2.0,3. p9999_trade_value,2145000.0,4357820.0,O:APP250523C00330000,APP,C,330.0,2025-05-23,231,0,323,29.5,1746210896796000000,750,2212500.0,2025-05-02,3000,30,True,Single Leg Floor Trade,Business Services,Technology Services,291.99,309.342,286.845,307.58,11,6.344883279369863,20,1,1,1,1,0
APP,Business Services,Technology Services,50__2,50,2.0,4. p999_trade_value,392035.00000000006,2136700.0,O:APP250509P00292500,APP,P,292.5,2025-05-09,232,0,302,26.22,1746463009634000000,200,524400.0,2025-05-05,3000,30,True,Multi Leg auto-electronic trade,Business Services,Technology Services,299.19,306.79,295.41,301.84,75,5.719662683018047,20,1,1,0,0,0
APP,Business Services,Technology Services,50__2,50,2.0,4. p999_trade_value,392035.00000000006,2136700.0,O:APP250509C00340000,APP,C,340.0,2025-05-09,240,0,308,16.0,1746547195119000000,250,400000.0,2025-05-06,3000,30,True,Stock Options auto-electronic trade,Business Services,Technology Services,294.645,307.27,290.96,304.62,109,5.6020599913279625,20,1,1,1,0,0
APP,Business Services,Technology Services,50__2,50,2.0,4. p999_trade_value,392035.00000000006,2136700.0,O:APP250509C00340000,APP,C,340.0,2025-05-09,240,0,302,16.04,1746547195119000000,250,401000.0,2025-05-06,3000,30,True,Stock Options auto-electronic trade,Business Services,Technology Services,294.645,307.27,290.96,304.62,107,5.603144372620182,20,1,1,1,0,0
APP,Business Services,Technology Services,50__2,50,2.0,4. p999_trade_value,392035.00000000006,2136700.0,O:APP250516P00280000,APP,P,280.0,2025-05-16,231,0,323,21.5,1746560988672000000,300,645000.0,2025-05-06,3000,30,True,Single Leg Floor Trade,Business Services,Technology Services,294.645,307.27,290.96,304.62,59,5.8095597146352675,20,1,0,0,0,1
APP,Business Services,Technology Services,50__2,50,2.0,4. p999_trade_value,392035.00000000006,2136700.0,O:APP250516C00400000,APP,C,400.0,2025-05-16,227,0,323,4.68,1746627129440000000,1636,765648.0,2025-05-07,3000,30,True,Single Leg Auction Non ISO,Business Services,Technology Services,300.55,304.52,292.87,303.46,44,5.884029152409428,20,1,0,0,0,1
APP,Business Services,Technology Services,50__2,50,2.0,1. p999999_trade_value,5540000.0,5540000.0,O:APP250530C00320000,APP,C,320.0,2025-05-30,241,0,323,27.7,1746639348657000000,2000,5540000.0,2025-05-07,3000,30,True,Stock Options Cross,Business Services,Technology Services,300.55,304.52,292.87,303.46,1,6.7435097647284294,20,1,1,1,1,0
APP,Business Services,Technology Services,50__2,50,2.0,3. p9999_trade_value,2145000.0,4357820.0,O:APP250530C00350000,APP,C,350.0,2025-05-30,241,0,323,18.2,1746639348657000000,2000,3640000.0,2025-05-07,3000,30,True,Stock Options Cross,Business Services,Technology Services,300.55,304.52,292.87,303.46,5,6.561101383649056,20,1,1,1,1,0
APP,Business Services,Technology Services,50__2,50,2.0,4. p999_trade_value,392035.00000000006,2136700.0,O:APP250530P00285000,APP,P,285.0,2025-05-30,231,0,323,29.7,1746633341162000000,500,1485000.0,2025-05-07,3000,30,True,Single Leg Floor Trade,Business Services,Technology Services,300.55,304.52,292.87,303.46,18,6.171726453653231,20,1,0,0,0,1
APP,Business Services,Technology Services,50__2,50,2.0,4. p999_trade_value,392035.00000000006,2136700.0,O:APP250530P00290000,APP,P,290.0,2025-05-30,229,0,300,5.04,1746721218394000000,1500,756000.0,2025-05-08,3000,30,True,Single Leg Cross Non ISO,Business Services,Technology Services,344.0,357.64,335.1301,339.51,45,5.878521795501206,20,1,0,0,0,1
APP,Business Services,Technology Services,50__2,50,2.0,4. p999_trade_value,392035.00000000006,2136700.0,O:APP250530C00390000,APP,C,390.0,2025-05-30,234,0,300,6.47,1747837086503000000,1000,647000.0,2025-05-21,3000,30,True,Multi Leg Cross,Business Services,Technology Services,359.68,374.57,358.0,358.35,58,5.810904280668701,20,1,1,1,1,0
APP,Business Services,Technology Services,50__2,50,2.0,4. p999_trade_value,392035.00000000006,2136700.0,O:APP250530P00350000,APP,P,350.0,2025-05-30,234,0,300,6.89,1747852927923000000,1000,689000.0,2025-05-21,3000,30,True,Multi Leg Cross,Business Services,Technology Services,359.68,374.57,358.0,358.35,54,5.838219221907626,20,1,1,0,0,0
APP,Business Services,Technology Services,50__2,50,2.0,4. p999_trade_value,392035.00000000006,2136700.0,O:APP250530P00345000,APP,P,345.0,2025-05-30,234,0,300,6.17,1747925978719000000,1200,740400.0,2025-05-22,3000,30,True,Multi Leg Cross,Business Services,Technology Services,360.52,367.47,350.817,351.47,50,5.869466410080866,20,1,1,0,0,0
APP,Business Services,Technology Services,50__2,50,2.0,4. p999_trade_value,392035.00000000006,2136700.0,O:APP250620P00275000,APP,P,275.0,2025-06-20,234,0,300,4.02,1747925978719000000,1200,482399.9999999999,2025-05-22,3000,30,True,Multi Leg Cross,Business Services,Technology Services,360.52,367.47,350.817,351.47,81,5.683407299132095,20,1,0,0,0,1
APP,Business Services,Technology Services,50__2,50,2.0,4. p999_trade_value,392035.00000000006,2136700.0,O:APP250620C00400000,APP,C,400.0,2025-06-20,209,0,308,14.5,1748026193490000000,367,532150.0,2025-05-23,3000,30,True,Automatic Execution,Business Services,Technology Services,341.72,356.55,340.2,354.29,74,5.726034066487064,20,1,1,0,0,0
APP,Business Services,Technology Services,50__2,50,2.0,4. p999_trade_value,392035.00000000006,2136700.0,O:APP250620P00340000,APP,P,340.0,2025-06-20,239,0,302,27.55,1748007807919000000,210,578550.0,2025-05-23,3000,30,True,Multi Leg floor trade against single leg(s),Business Services,Technology Services,341.72,356.55,340.2,354.29,65,5.762340897921723,20,1,0,0,0,1
APP,Business Services,Technology Services,50__2,50,2.0,4. p999_trade_value,392035.00000000006,2136700.0,O:APP250606C00400000,APP,C,400.0,2025-06-06,235,0,313,16.17,1748459314587000000,500,808500.0000000001,2025-05-28,3000,30,True,Multi Leg floor trade,Business Services,Technology Services,381.38,392.87,375.1201,390.26,41,5.90768002424242,20,1,1,1,1,0
APP,Business Services,Technology Services,50__2,50,2.0,4. p999_trade_value,392035.00000000006,2136700.0,O:APP250606C00425000,APP,C,425.0,2025-06-06,235,0,313,7.88,1748459240804000000,1100,866800.0,2025-05-28,3000,30,True,Multi Leg floor trade,Business Services,Technology Services,381.38,392.87,375.1201,390.26,38,5.93791890264778,20,1,1,1,0,0
APP,Business Services,Technology Services,50__2,50,2.0,4. p999_trade_value,392035.00000000006,2136700.0,O:APP250620P00345000,APP,P,345.0,2025-06-20,231,0,301,12.0,1748534724304000000,900,1080000.0,2025-05-29,3000,30,True,Single Leg Floor Trade,Business Services,Technology Services,400.095,402.903,381.43,384.23,30,6.033423755486949,20,1,0,0,0,1
APP,Business Services,Technology Services,50__2,50,2.0,4. p999_trade_value,392035.00000000006,2136700.0,O:APP250620C00450000,APP,C,450.0,2025-06-20,227,0,312,7.99,1748616868401000000,498,397902.0,2025-05-30,3000,30,True,Single Leg Auction Non ISO,Business Services,Technology Services,386.87,394.24,372.53,393.0,110,5.599776122073709,20,1,0,0,0,1
APP,Business Services,Technology Services,50__2,50,2.0,4. p999_trade_value,392035.00000000006,2136700.0,O:APP250620C00450000,APP,C,450.0,2025-06-20,235,0,301,9.8,1748885184520000000,500,490000.0,2025-06-02,3000,30,True,Multi Leg floor trade,Business Services,Technology Services,392.31,402.25,381.6001,401.91,79,5.690196080028514,20,1,0,0,0,1
APP,Business Services,Technology Services,50__2,50,2.0,4. p999_trade_value,392035.00000000006,2136700.0,O:APP250613P00407500,APP,P,407.5,2025-06-13,232,0,308,14.88,1749234952798000000,500,744000.0,2025-06-06,3000,30,True,Multi Leg auto-electronic trade,Business Services,Technology Services,421.0,426.52,413.2301,417.89,49,5.871572935545879,20,1,1,1,1,0
APP,Business Services,Technology Services,50__2,50,2.0,4. p999_trade_value,392035.00000000006,2136700.0,O:APP250703C00420000,APP,C,420.0,2025-07-03,227,0,301,12.35,1749566359537000000,998,1232530.0,2025-06-10,3000,30,True,Single Leg Auction Non ISO,Business Services,Technology Services,390.0,396.77,374.68,383.61,24,6.090797498883056,20,1,0,0,0,1
ARBE,Business Services,Technology Services,20__0,20,0.0,8. p75_trade_value,6937.0,9869.999999999998,O:ARBE250117C00005000,ARBE,C,5.0,2025-01-17,209,0,316,0.7,1736193941660000000,141,9869.999999999998,2025-01-06,3000,30,True,Automatic Execution,Business Services,Technology Services,4.5,4.9,3.48,4.0,14,3.9943171526696366,20,2,1,0,0,0
ARBE,Business Services,Technology Services,20__0,20,0.0,7. p90_trade_value,9870.0,12975.0,O:ARBE250117C00005000,ARBE,C,5.0,2025-01-17,209,0,320,1.0,1736173925381000000,100,10000.0,2025-01-06,3000,30,True,Automatic Execution,Business Services,Technology Services,4.5,4.9,3.48,4.0,12,4.0,20,2,1,0,0,0
ARBE,Business Services,Technology Services,20__0,20,0.0,8. p75_trade_value,6937.0,9869.999999999998,O:ARBE250117C00005000,ARBE,C,5.0,2025-01-17,227,0,323,0.71,1736176164185000000,100,7100.0,2025-01-06,3000,30,True,Single Leg Auction Non ISO,Business Services,Technology Services,4.5,4.9,3.48,4.0,28,3.8512583487190755,20,4,1,0,0,0
ARBE,Business Services,Technology Services,20__0,20,0.0,8. p75_trade_value,6937.0,9869.999999999998,O:ARBE250117C00005000,ARBE,C,5.0,2025-01-17,209,0,318,0.6,1736197085556000000,129,7739.999999999999,2025-01-06,3000,30,True,Automatic Execution,Business Services,Technology Services,4.5,4.9,3.48,4.0,22,3.8887409606828927,20,4,1,0,0,0
ARBE,Business Services,Technology Services,20__0,20,0.0,7. p90_trade_value,9870.0,12975.0,O:ARBE250117C00005000,ARBE,C,5.0,2025-01-17,209,0,308,0.75,1736185238748000000,142,10650.0,2025-01-06,3000,30,True,Automatic Execution,Business Services,Technology Services,4.5,4.9,3.48,4.0,10,4.027349607774757,20,2,1,0,0,0
ARBE,Business Services,Technology Services,20__0,20,0.0,8. p75_trade_value,6937.0,9869.999999999998,O:ARBE250117C00005000,ARBE,C,5.0,2025-01-17,209,0,323,0.8,1736173823336000000,94,7520.0,2025-01-06,3000,30,True,Automatic Execution,Business Services,Technology Services,4.5,4.9,3.48,4.0,23,3.876217840591642,20,4,1,0,0,0
ARBE,Business Services,Technology Services,20__0,20,0.0,1. p999999_trade_value,19500.0,19500.0,O:ARBE250117C00005000,ARBE,C,5.0,2025-01-17,209,0,308,0.65,1736183063349000000,300,19500.0,2025-01-06,3000,30,True,Automatic Execution,Business Services,Technology Services,4.5,4.9,3.48,4.0,1,4.290034611362518,20,1,1,0,0,0
ARBE,Business Services,Technology Services,20__0,20,0.0,8. p75_trade_value,6937.0,9869.999999999998,O:ARBE250117C00005000,ARBE,C,5.0,2025-01-17,209,0,300,0.7,1736187191241000000,100,7000.0,2025-01-06,3000,30,True,Automatic Execution,Business Services,Technology Services,4.5,4.9,3.48,4.0,32,3.845098040014257,20,5,1,0,0,0
ARBE,Business Services,Technology Services,20__0,20,0.0,5. p99_trade_value,18700.0,18700.0,O:ARBE250117C00005000,ARBE,C,5.0,2025-01-17,209,0,320,0.85,1736174256622000000,220,18700.0,2025-01-06,3000,30,True,Automatic Execution,Business Services,Technology Services,4.5,4.9,3.48,4.0,2,4.271841606536499,20,1,1,0,0,0
ARBE,Business Services,Technology Services,20__0,20,0.0,8. p75_trade_value,6937.0,9869.999999999998,O:ARBE250117C00005000,ARBE,C,5.0,2025-01-17,209,0,320,0.85,1736174199937000000,100,8500.0,2025-01-06,3000,30,True,Automatic Execution,Business Services,Technology Services,4.5,4.9,3.48,4.0,18,3.929418925714293,20,3,1,0,0,0
ARBE,Business Services,Technology Services,20__0,20,0.0,8. p75_trade_value,6937.0,9869.999999999998,O:ARBE250117C00005000,ARBE,C,5.0,2025-01-17,209,0,320,0.85,1736174203231000000,83,7055.0,2025-01-06,3000,30,True,Automatic Execution,Business Services,Technology Services,4.5,4.9,3.48,4.0,29,3.8484970180903666,20,5,1,0,0,0
ARBE,Business Services,Technology Services,20__0,20,0.0,8. p75_trade_value,6937.0,9869.999999999998,O:ARBE250117C00005000,ARBE,C,5.0,2025-01-17,227,0,323,0.8,1736192998600000000,91,7280.0,2025-01-06,3000,30,True,Single Leg Auction Non ISO,Business Services,Technology Services,4.5,4.9,3.48,4.0,27,3.862131379313037,20,4,1,0,0,0
ARBE,Business Services,Technology Services,20__0,20,0.0,8. p75_trade_value,6937.0,9869.999999999998,O:ARBE250117C00005000,ARBE,C,5.0,2025-01-17,219,0,308,0.8,1736174440606000000,88,7040.000000000001,2025-01-06,3000,30,True,Intermarket Sweep Order,Business Services,Technology Services,4.5,4.9,3.48,4.0,30,3.8475726591421124,20,5,1,0,0,0
ARBE,Business Services,Technology Services,20__0,20,0.0,8. p75_trade_value,6937.0,9869.999999999998,O:ARBE250117C00005000,ARBE,C,5.0,2025-01-17,227,0,323,0.75,1736175712297000000,100,7500.0,2025-01-06,3000,30,True,Single Leg Auction Non ISO,Business Services,Technology Services,4.5,4.9,3.48,4.0,25,3.8750612633917,20,4,1,0,0,0
ARBE,Business Services,Technology Services,20__0,20,0.0,8. p75_trade_value,6937.0,9869.999999999998,O:ARBE250117C00005000,ARBE,C,5.0,2025-01-17,209,0,320,0.8,1736177013328000000,100,8000.0,2025-01-06,3000,30,True,Automatic Execution,Business Services,Technology Services,4.5,4.9,3.48,4.0,20,3.9030899869919438,20,3,1,0,0,0
ARBE,Business Services,Technology Services,20__0,20,0.0,8. p75_trade_value,6937.0,9869.999999999998,O:ARBE250117C00005000,ARBE,C,5.0,2025-01-17,209,0,308,1.0,1736173800853000000,89,8900.0,2025-01-06,3000,30,True,Automatic Execution,Business Services,Technology Services,4.5,4.9,3.48,4.0,17,3.949390006644913,20,3,1,0,0,0
ARBE,Business Services,Technology Services,20__0,20,0.0,8. p75_trade_value,6937.0,9869.999999999998,O:ARBE250117C00005000,ARBE,C,5.0,2025-01-17,209,0,320,0.7,1736195153210000000,100,7000.0,2025-01-06,3000,30,True,Automatic Execution,Business Services,Technology Services,4.5,4.9,3.48,4.0,31,3.845098040014257,20,5,1,0,0,0
ARBE,Business Services,Technology Services,20__0,20,0.0,6. p95_trade_value,13439.999999999998,17940.0,O:ARBE250117C00005000,ARBE,C,5.0,2025-01-17,209,0,309,0.9,1736192834292000000,169,15210.0,2025-01-06,3000,30,True,Automatic Execution,Business Services,Technology Services,4.5,4.9,3.48,4.0,5,4.182129214052998,20,1,1,0,0,0
ARBE,Business Services,Technology Services,20__0,20,0.0,6. p95_trade_value,13439.999999999998,17940.0,O:ARBE250117C00005000,ARBE,C,5.0,2025-01-17,219,0,309,0.6,1736179195657000000,292,17520.0,2025-01-06,3000,30,True,Intermarket Sweep Order,Business Services,Technology Services,4.5,4.9,3.48,4.0,4,4.243534101832062,20,1,1,0,0,0
ARBE,Business Services,Technology Services,20__0,20,0.0,6. p95_trade_value,13439.999999999998,17940.0,O:ARBE250117C00005000,ARBE,C,5.0,2025-01-17,209,0,318,0.6,1736179195656000000,299,17940.0,2025-01-06,3000,30,True,Automatic Execution,Business Services,Technology Services,4.5,4.9,3.48,4.0,3,4.253822438708073,20,1,1,0,0,0
ARBE,Business Services,Technology Services,20__0,20,0.0,8. p75_trade_value,6937.0,9869.999999999998,O:ARBE250117C00005000,ARBE,C,5.0,2025-01-17,227,0,323,1.09,1736173981266000000,86,9374.0,2025-01-06,3000,30,True,Single Leg Auction Non ISO,Business Services,Technology Services,4.5,4.9,3.48,4.0,15,3.9719249491841913,20,3,1,0,0,0
ARBE,Business Services,Technology Services,20__0,20,0.0,6. p95_trade_value,13439.999999999998,17940.0,O:ARBE250117C00005000,ARBE,C,5.0,2025-01-17,209,0,308,0.7,1736182511761000000,203,14210.0,2025-01-06,3000,30,True,Automatic Execution,Business Services,Technology Services,4.5,4.9,3.48,4.0,6,4.1525940779274695,20,1,1,0,0,0
ARBE,Business Services,Technology Services,20__0,20,0.0,8. p75_trade_value,6937.0,9869.999999999998,O:ARBE250117C00005000,ARBE,C,5.0,2025-01-17,209,0,319,0.9,1736192766467000000,100,9000.0,2025-01-06,3000,30,True,Automatic Execution,Business Services,Technology Services,4.5,4.9,3.48,4.0,16,3.9542425094393248,20,3,1,0,0,0
ARBE,Business Services,Technology Services,20__0,20,0.0,6. p95_trade_value,13439.999999999998,17940.0,O:ARBE250117C00005000,ARBE,C,5.0,2025-01-17,209,0,320,0.7,1736193941634000000,192,13439.999999999998,2025-01-06,3000,30,True,Automatic Execution,Business Services,Technology Services,4.5,4.9,3.48,4.0,7,4.128399268717806,20,1,1,0,0,0
ARBE,Business Services,Technology Services,20__0,20,0.0,7. p90_trade_value,9870.0,12975.0,O:ARBE250117C00005000,ARBE,C,5.0,2025-01-17,209,0,308,1.05,1736173800270000000,94,9870.0,2025-01-06,3000,30,True,Automatic Execution,Business Services,Technology Services,4.5,4.9,3.48,4.0,13,3.9943171526696366,20,2,1,0,0,0
ARBE,Business Services,Technology Services,20__0,20,0.0,7. p90_trade_value,9870.0,12975.0,O:ARBE250117C00005000,ARBE,C,5.0,2025-01-17,209,0,308,0.75,1736185851529000000,173,12975.0,2025-01-06,3000,30,True,Automatic Execution,Business Services,Technology Services,4.5,4.9,3.48,4.0,8,4.113107366520495,20,2,1,0,0,0
ARBE,Business Services,Technology Services,20__0,20,0.0,8. p75_trade_value,6937.0,9869.999999999998,O:ARBE250117C00007500,ARBE,C,7.5,2025-01-17,219,0,316,0.45,1736261896145000000,173,7785.000000000001,2025-01-07,3000,30,True,Intermarket Sweep Order,Business Services,Technology Services,5.06,5.09,3.61,3.76,21,3.891258616904139,20,3,0,0,0,1
ARBE,Business Services,Technology Services,20__0,20,0.0,7. p90_trade_value,9870.0,12975.0,O:ARBE250117C00007500,ARBE,C,7.5,2025-01-17,209,0,302,0.5,1736261290930000000,248,12400.0,2025-01-07,3000,30,True,Automatic Execution,Business Services,Technology Services,5.06,5.09,3.61,3.76,9,4.093421685162235,20,2,0,0,0,1
ARBE,Business Services,Technology Services,20__0,20,0.0,8. p75_trade_value,6937.0,9869.999999999998,O:ARBE250117C00005000,ARBE,C,5.0,2025-01-17,227,0,323,0.28,1736540602348000000,300,8400.000000000002,2025-01-10,3000,30,True,Single Leg Auction Non ISO,Business Services,Technology Services,3.41,3.99,3.2,3.74,19,3.9242792860618816,20,3,0,0,0,1
ARBE,Business Services,Technology Services,20__0,20,0.0,7. p90_trade_value,9870.0,12975.0,O:ARBE250117C00004000,ARBE,C,4.0,2025-01-17,209,0,309,0.35,1736778935221000000,299,10465.0,2025-01-13,3000,30,True,Automatic Execution,Business Services,Technology Services,3.76,3.77,2.67,2.8,11,4.019739232674706,20,2,0,0,0,1
ARBE,Business Services,Technology Services,20__0,20,0.0,8. p75_trade_value,6937.0,9869.999999999998,O:ARBE250221C00005000,ARBE,C,5.0,2025-02-21,209,0,325,0.07,1738253721064000000,991,6937.0,2025-01-30,3000,30,True,Automatic Execution,Business Services,Technology Services,2.51,2.62,2.37,2.41,33,3.841171694499532,20,5,0,0,0,1
ARBE,Business Services,Technology Services,20__0,20,0.0,8. p75_trade_value,6937.0,9869.999999999998,O:ARBE250221C00004000,ARBE,C,4.0,2025-02-21,209,0,325,0.14,1738337306140000000,537,7518.000000000001,2025-01-31,3000,30,True,Automatic Execution,Business Services,Technology Services,2.53,2.77,2.48,2.56,24,3.8761023213777936,20,4,0,0,0,1
ARBE,Business Services,Technology Services,20__0,20,0.0,8. p75_trade_value,6937.0,9869.999999999998,O:ARBE250221P00002500,ARBE,P,2.5,2025-02-21,209,0,313,0.15,1739557132945000000,498,7470.0,2025-02-14,3000,30,True,Automatic Execution,Business Services,Technology Services,2.78,2.905,2.63,2.7,26,3.873320601815399,20,4,1,1,1,0
BITF,Business Services,Technology Services,20__0,20,0.0,1. p999999_trade_value,20000.0,20000.0,O:BITF241115C00002000,BITF,C,2.0,2024-11-15,209,0,308,0.2,1729088275915000000,1000,20000.0,2024-10-16,3000,30,True,Automatic Execution,Business Services,Technology Services,1.88,1.93,1.84,1.93,1,4.301029995663981,20,1,1,1,1,0
BLDE,Business Services,Technology Services,10__0,10,0.0,1. p999999_trade_value,22714.999999999996,22714.999999999996,O:BLDE241220C00005000,BLDE,C,5.0,2024-12-20,209,0,325,0.35,1732727481502000000,649,22714.999999999996,2024-11-27,3000,30,True,Automatic Execution,Business Services,Technology Services,4.03,4.8,4.015,4.39,1,4.356312741150645,20,1,1,0,0,0
BTBT,Business Services,Technology Services,25__0,25,0.0,1. p999999_trade_value,64750.0,64750.0,O:BTBT241115C00004500,BTBT,C,4.5,2024-11-15,235,0,301,0.37,1729278830079000000,1750,64750.0,2024-10-18,3000,30,True,Multi Leg floor trade,Business Services,Technology Services,3.96,4.1,3.86,4.05,1,4.811239772753289,20,1,1,1,0,0
BTCM,Business Services,Technology Services,0__2,0,2.0,1. p999999_trade_value,3675.0,3675.0,O:BTCM241220C00003000,BTCM,C,3.0,2024-12-20,209,0,308,0.35,1732546704835000000,105,3675.0,2024-11-25,3000,30,True,Automatic Execution,Business Services,Technology Services,2.8,2.974,2.7,2.8,1,3.5652573434202135,20,1,1,0,0,0
BTDR,Business Services,Technology Services,30__2,30,2.0,6. p95_trade_value,30000.0,70094.0,O:BTDR241018P00007500,BTDR,P,7.5,2024-10-18,209,0,301,0.45,1727359467357000000,708,31860.000000000004,2024-09-26,3000,30,True,Automatic Execution,Business Services,Technology Services,7.88,8.18,7.68,8.0,75,4.503245771465113,20,1,1,0,0,0
BTDR,Business Services,Technology Services,30__2,30,2.0,6. p95_trade_value,30000.0,70094.0,O:BTDR241115C00010000,BTDR,C,10.0,2024-11-15,227,0,323,0.54,1729272025235000000,874,47196.0,2024-10-18,3000,30,True,Single Leg Auction Non ISO,Business Services,Technology Services,8.29,8.7897,8.08,8.68,40,4.673905192457371,20,1,1,1,1,0
BTDR,Business Services,Technology Services,30__2,30,2.0,6. p95_trade_value,30000.0,70094.0,O:BTDR241115C00010000,BTDR,C,10.0,2024-11-15,209,0,320,0.45,1729266252351000000,1000,45000.0,2024-10-18,3000,30,True,Automatic Execution,Business Services,Technology Services,8.29,8.7897,8.08,8.68,45,4.653212513775344,20,1,1,1,1,0
BTDR,Business Services,Technology Services,30__2,30,2.0,6. p95_trade_value,30000.0,70094.0,O:BTDR241115P00007500,BTDR,P,7.5,2024-11-15,209,0,309,0.55,1729270857820000000,847,46585.0,2024-10-18,3000,30,True,Automatic Execution,Business Services,Technology Services,8.29,8.7897,8.08,8.68,41,4.668246099824951,20,1,1,0,0,0
BTDR,Business Services,Technology Services,30__2,30,2.0,6. p95_trade_value,30000.0,70094.0,O:BTDR241115C00010000,BTDR,C,10.0,2024-11-15,227,0,301,0.34,1729780791728000000,919,31246.000000000004,2024-10-24,3000,30,True,Single Leg Auction Non ISO,Business Services,Technology Services,7.996,8.17,7.67,7.74,77,4.494794428428366,20,1,1,1,1,0
BTDR,Business Services,Technology Services,30__2,30,2.0,5. p99_trade_value,71730.0,162336.0,O:BTDR241115C00010000,BTDR,C,10.0,2024-11-15,209,0,304,0.95,1730144529900000000,1528,145160.0,2024-10-28,3000,30,True,Automatic Execution,Business Services,Technology Services,7.93,9.3795,7.874,9.37,5,5.161846959528519,20,1,1,1,1,0
BTDR,Business Services,Technology Services,30__2,30,2.0,6. p95_trade_value,30000.0,70094.0,O:BTDR241115C00010000,BTDR,C,10.0,2024-11-15,209,0,309,0.65,1730143928712000000,741,48165.0,2024-10-28,3000,30,True,Automatic Execution,Business Services,Technology Services,7.93,9.3795,7.874,9.37,37,4.682731564622184,20,1,1,1,1,0
BTDR,Business Services,Technology Services,30__2,30,2.0,5. p99_trade_value,71730.0,162336.0,O:BTDR241220C00015000,BTDR,C,15.0,2024-12-20,209,0,309,0.8,1732286453497000000,1724,137920.0,2024-11-22,3000,30,True,Automatic Execution,Business Services,Technology Services,10.84,12.25,10.56,11.54,6,5.139627248480638,20,1,1,1,1,0
BTDR,Business Services,Technology Services,30__2,30,2.0,6. p95_trade_value,30000.0,70094.0,O:BTDR241220P00010000,BTDR,P,10.0,2024-12-20,209,0,308,0.55,1732549014775000000,600,33000.0,2024-11-25,3000,30,True,Automatic Execution,Business Services,Technology Services,11.71,12.96,11.17,12.33,69,4.518513939877887,20,1,0,0,0,1
BTDR,Business Services,Technology Services,30__2,30,2.0,5. p99_trade_value,71730.0,162336.0,O:BTDR241220C00015000,BTDR,C,15.0,2024-12-20,209,0,308,0.5,1732635817835000000,1904,95200.0,2024-11-26,3000,30,True,Automatic Execution,Business Services,Technology Services,12.01,12.01,11.12,11.16,10,4.978636948384474,20,1,1,1,1,0
BTDR,Business Services,Technology Services,30__2,30,2.0,6. p95_trade_value,30000.0,70094.0,O:BTDR241220C00015000,BTDR,C,15.0,2024-12-20,219,0,309,1.25,1733151227123000000,271,33875.0,2024-12-02,3000,30,True,Intermarket Sweep Order,Business Services,Technology Services,14.74,14.8,13.66,13.84,66,4.5298793038824625,20,1,1,1,1,0
BTDR,Business Services,Technology Services,30__2,30,2.0,6. p95_trade_value,30000.0,70094.0,O:BTDR241220C00020000,BTDR,C,20.0,2024-12-20,227,0,323,2.02,1733409289685000000,347,70094.0,2024-12-05,3000,30,True,Single Leg Auction Non ISO,Business Services,Technology Services,18.115,19.49,16.96,16.98,18,4.8456808442374975,20,1,1,1,1,0
BTDR,Business Services,Technology Services,30__2,30,2.0,6. p95_trade_value,30000.0,70094.0,O:BTDR241220C00020000,BTDR,C,20.0,2024-12-20,209,0,316,1.51,1733409068012000000,203,30653.000000000004,2024-12-05,3000,30,True,Automatic Execution,Business Services,Technology Services,18.115,19.49,16.96,16.98,79,4.486472985206382,20,1,1,1,1,0
BTDR,Business Services,Technology Services,30__2,30,2.0,6. p95_trade_value,30000.0,70094.0,O:BTDR241220C00020000,BTDR,C,20.0,2024-12-20,209,0,316,1.5,1733409068011000000,308,46200.0,2024-12-05,3000,30,True,Automatic Execution,Business Services,Technology Services,18.115,19.49,16.96,16.98,43,4.664641975556125,20,1,1,1,1,0
BTDR,Business Services,Technology Services,30__2,30,2.0,5. p99_trade_value,71730.0,162336.0,O:BTDR241220C00025000,BTDR,C,25.0,2024-12-20,209,0,308,0.9,1733496971330000000,951,85590.0,2024-12-06,3000,30,True,Automatic Execution,Business Services,Technology Services,18.49,22.01,17.64,21.01,14,4.932423026376739,20,1,1,0,0,0
BTDR,Business Services,Technology Services,30__2,30,2.0,6. p95_trade_value,30000.0,70094.0,O:BTDR241220C00025000,BTDR,C,25.0,2024-12-20,227,0,323,1.02,1733498958419000000,687,70074.0,2024-12-06,3000,30,True,Single Leg Auction Non ISO,Business Services,Technology Services,18.49,22.01,17.64,21.01,19,4.845556908821468,20,1,1,0,0,0
BTDR,Business Services,Technology Services,30__2,30,2.0,6. p95_trade_value,30000.0,70094.0,O:BTDR241220C00025000,BTDR,C,25.0,2024-12-20,227,0,323,1.35,1733500893322000000,276,37260.0,2024-12-06,3000,30,True,Single Leg Auction Non ISO,Business Services,Technology Services,18.49,22.01,17.64,21.01,57,4.571242850560224,20,1,1,0,0,0
BTDR,Business Services,Technology Services,30__2,30,2.0,5. p99_trade_value,71730.0,162336.0,O:BTDR241220C00025000,BTDR,C,25.0,2024-12-20,209,0,308,0.7,1733843324009000000,1282,89740.0,2024-12-10,3000,30,True,Automatic Execution,Business Services,Technology Services,19.5,21.4,18.72,18.9,12,4.952986065197056,20,1,1,0,0,0
BTDR,Business Services,Technology Services,30__2,30,2.0,5. p99_trade_value,71730.0,162336.0,O:BTDR241220C00025000,BTDR,C,25.0,2024-12-20,209,0,325,0.85,1733842187728000000,961,81685.0,2024-12-10,3000,30,True,Automatic Execution,Business Services,Technology Services,19.5,21.4,18.72,18.9,16,4.912142313382838,20,1,1,0,0,0
BTDR,Business Services,Technology Services,30__2,30,2.0,6. p95_trade_value,30000.0,70094.0,O:BTDR241220C00025000,BTDR,C,25.0,2024-12-20,209,0,320,1.5,1734019102717000000,200,30000.0,2024-12-12,3000,30,True,Automatic Execution,Business Services,Technology Services,21.19,24.68,20.4,21.37,85,4.477121254719663,20,1,1,0,0,0
BTDR,Business Services,Technology Services,30__2,30,2.0,5. p99_trade_value,71730.0,162336.0,O:BTDR241220C00030000,BTDR,C,30.0,2024-12-20,209,0,320,0.9,1734020829732000000,797,71730.0,2024-12-12,3000,30,True,Automatic Execution,Business Services,Technology Services,21.19,24.68,20.4,21.37,17,4.8557008308354375,20,1,0,0,0,1
BTDR,Business Services,Technology Services,30__2,30,2.0,6. p95_trade_value,30000.0,70094.0,O:BTDR241220C00030000,BTDR,C,30.0,2024-12-20,209,0,325,0.8,1734020745127000000,500,40000.0,2024-12-12,3000,30,True,Automatic Execution,Business Services,Technology Services,21.19,24.68,20.4,21.37,50,4.6020599913279625,20,1,0,0,0,1
BTDR,Business Services,Technology Services,30__2,30,2.0,6. p95_trade_value,30000.0,70094.0,O:BTDR250117C00025000,BTDR,C,25.0,2025-01-17,229,0,302,1.72,1734554242470000000,250,43000.0,2024-12-18,3000,30,True,Single Leg Cross Non ISO,Business Services,Technology Services,21.0,22.7,19.29,19.4,47,4.633468455579586,20,1,1,0,0,0
BTDR,Business Services,Technology Services,30__2,30,2.0,6. p95_trade_value,30000.0,70094.0,O:BTDR250117P00018000,BTDR,P,18.0,2025-01-17,209,0,312,0.6,1735062464158000000,603,36180.0,2024-12-24,3000,30,True,Automatic Execution,Business Services,Technology Services,21.77,24.0,20.7,23.56,58,4.558468562523795,20,1,1,0,0,0
BTDR,Business Services,Technology Services,30__2,30,2.0,6. p95_trade_value,30000.0,70094.0,O:BTDR250117P00018000,BTDR,P,18.0,2025-01-17,209,0,325,0.6,1735062463621000000,514,30839.999999999996,2024-12-24,3000,30,True,Automatic Execution,Business Services,Technology Services,21.77,24.0,20.7,23.56,78,4.489114369378919,20,1,1,0,0,0
BTDR,Business Services,Technology Services,30__2,30,2.0,6. p95_trade_value,30000.0,70094.0,O:BTDR250117P00018000,BTDR,P,18.0,2025-01-17,209,0,312,0.6,1735062463729000000,644,38640.0,2024-12-24,3000,30,True,Automatic Execution,Business Services,Technology Services,21.77,24.0,20.7,23.56,54,4.5870371177434555,20,1,1,0,0,0
BTDR,Business Services,Technology Services,30__2,30,2.0,6. p95_trade_value,30000.0,70094.0,O:BTDR250117P00022500,BTDR,P,22.5,2025-01-17,209,0,316,1.95,1735240021970000000,215,41925.0,2024-12-26,3000,30,True,Automatic Execution,Business Services,Technology Services,22.9,25.12,22.71,24.46,49,4.622473071278123,20,1,1,1,1,0
BTDR,Business Services,Technology Services,30__2,30,2.0,6. p95_trade_value,30000.0,70094.0,O:BTDR250131P00020000,BTDR,P,20.0,2025-01-31,209,0,320,1.2,1735829847488000000,374,44880.0,2025-01-02,3000,30,True,Automatic Execution,Business Services,Technology Services,22.03,25.18,21.52,22.87,46,4.652052848248105,20,1,1,1,1,0
BTDR,Business Services,Technology Services,30__2,30,2.0,6. p95_trade_value,30000.0,70094.0,O:BTDR250124C00028000,BTDR,C,28.0,2025-01-24,209,0,316,2.25,1735935703328000000,281,63225.0,2025-01-03,3000,30,True,Automatic Execution,Business Services,Technology Services,22.99,26.2,22.6,26.1,23,4.8008888380164425,20,1,0,0,0,1
BTDR,Business Services,Technology Services,30__2,30,2.0,6. p95_trade_value,30000.0,70094.0,O:BTDR250110C00027000,BTDR,C,27.0,2025-01-10,209,0,313,1.0,1736174121946000000,324,32400.0,2025-01-06,3000,30,True,Automatic Execution,Business Services,Technology Services,26.2,26.99,22.905,23.28,73,4.510545010206612,20,1,0,0,0,1
BTDR,Business Services,Technology Services,30__2,30,2.0,6. p95_trade_value,30000.0,70094.0,O:BTDR250131C00019000,BTDR,C,19.0,2025-01-31,209,0,308,1.85,1736529761875000000,300,55500.0,2025-01-10,3000,30,True,Automatic Execution,Business Services,Technology Services,18.0334,18.79,16.89,18.5,30,4.744292983122676,20,1,1,1,0,0
BTDR,Business Services,Technology Services,30__2,30,2.0,6. p95_trade_value,30000.0,70094.0,O:BTDR250221C00022500,BTDR,C,22.5,2025-02-21,209,0,315,2.1,1737741857496000000,270,56700.0,2025-01-24,3000,30,True,Automatic Execution,Business Services,Technology Services,20.17,21.68,19.6,20.66,29,4.753583058892906,20,1,0,0,0,1
BTDR,Business Services,Technology Services,30__2,30,2.0,6. p95_trade_value,30000.0,70094.0,O:BTDR250207P00015500,BTDR,P,15.5,2025-02-07,209,0,308,0.45,1738596066311000000,833,37485.0,2025-02-03,3000,30,True,Automatic Execution,Business Services,Technology Services,16.9,17.97,16.29,17.77,56,4.573857515182131,20,1,0,0,0,1
BTDR,Business Services,Technology Services,30__2,30,2.0,6. p95_trade_value,30000.0,70094.0,O:BTDR250207P00016000,BTDR,P,16.0,2025-02-07,209,0,315,0.8,1738595639521000000,600,48000.0,2025-02-03,3000,30,True,Automatic Execution,Business Services,Technology Services,16.9,17.97,16.29,17.77,38,4.681241237375588,20,1,1,0,0,0
BTDR,Business Services,Technology Services,30__2,30,2.0,6. p95_trade_value,30000.0,70094.0,O:BTDR250207P00016000,BTDR,P,16.0,2025-02-07,209,0,323,0.75,1738593549605000000,477,35775.0,2025-02-03,3000,30,True,Automatic Execution,Business Services,Technology Services,16.9,17.97,16.29,17.77,60,4.553579642431814,20,1,1,0,0,0
BTDR,Business Services,Technology Services,30__2,30,2.0,5. p99_trade_value,71730.0,162336.0,O:BTDR250207P00016000,BTDR,P,16.0,2025-02-07,209,0,308,0.85,1738593724050000000,1000,85000.0,2025-02-03,3000,30,True,Automatic Execution,Business Services,Technology Services,16.9,17.97,16.29,17.77,15,4.929418925714293,20,1,1,0,0,0
BTDR,Business Services,Technology Services,30__2,30,2.0,6. p95_trade_value,30000.0,70094.0,O:BTDR250221P00016000,BTDR,P,16.0,2025-02-21,227,0,312,1.13,1738688463000000000,268,30283.999999999996,2025-02-04,3000,30,True,Single Leg Auction Non ISO,Business Services,Technology Services,17.8,17.939,16.8,16.89,81,4.4812132375122085,20,1,1,1,1,0
BTDR,Business Services,Technology Services,30__2,30,2.0,6. p95_trade_value,30000.0,70094.0,O:BTDR250207C00018000,BTDR,C,18.0,2025-02-07,209,0,308,0.55,1738765993810000000,1099,60445.00000000001,2025-02-05,3000,30,True,Automatic Execution,Business Services,Technology Services,17.17,17.75,15.88,16.25,24,4.781360381917734,20,1,0,0,0,1
BTDR,Business Services,Technology Services,30__2,30,2.0,6. p95_trade_value,30000.0,70094.0,O:BTDR250214P00016500,BTDR,P,16.5,2025-02-14,219,0,308,0.85,1738958558577000000,500,42500.0,2025-02-07,3000,30,True,Intermarket Sweep Order,Business Services,Technology Services,16.8,17.77,16.52,16.66,48,4.628388930050312,20,1,1,1,1,0
BTDR,Business Services,Technology Services,30__2,30,2.0,6. p95_trade_value,30000.0,70094.0,O:BTDR250214P00016500,BTDR,P,16.5,2025-02-14,209,0,308,0.85,1738959020977000000,385,32725.0,2025-02-07,3000,30,True,Automatic Execution,Business Services,Technology Services,16.8,17.77,16.52,16.66,70,4.514879655222793,20,1,1,1,1,0
BTDR,Business Services,Technology Services,30__2,30,2.0,6. p95_trade_value,30000.0,70094.0,O:BTDR250228C00015500,BTDR,C,15.5,2025-02-28,232,0,308,0.8,1739980994214000000,422,33760.0,2025-02-19,3000,30,True,Multi Leg auto-electronic trade,Business Services,Technology Services,15.12,15.38,14.5,14.92,68,4.528402437953617,20,1,0,0,0,1
BTDR,Business Services,Technology Services,30__2,30,2.0,6. p95_trade_value,30000.0,70094.0,O:BTDR250228C00016000,BTDR,C,16.0,2025-02-28,233,0,302,0.59,1740082470425000000,995,58704.99999999999,2025-02-20,3000,30,True,Multi Leg Auction,Business Services,Technology Services,15.13,15.42,13.79,14.93,27,4.76867509238787,20,1,0,0,0,1
BTDR,Business Services,Technology Services,30__2,30,2.0,6. p95_trade_value,30000.0,70094.0,O:BTDR250228C00017000,BTDR,C,17.0,2025-02-28,233,0,302,0.34,1740082470425000000,995,33830.0,2025-02-20,3000,30,True,Multi Leg Auction,Business Services,Technology Services,15.13,15.42,13.79,14.93,67,4.5293019977879805,20,1,0,0,0,1
BTDR,Business Services,Technology Services,30__2,30,2.0,6. p95_trade_value,30000.0,70094.0,O:BTDR250321P00012500,BTDR,P,12.5,2025-03-21,209,0,325,0.9,1740067521789000000,335,30150.0,2025-02-20,3000,30,True,Automatic Execution,Business Services,Technology Services,15.13,15.42,13.79,14.93,84,4.47928731647617,20,1,1,1,1,0
BTDR,Business Services,Technology Services,30__2,30,2.0,6. p95_trade_value,30000.0,70094.0,O:BTDR250321C00020000,BTDR,C,20.0,2025-03-21,232,0,322,0.29,1740156478238000000,1042,30218.0,2025-02-21,3000,30,True,Multi Leg auto-electronic trade,Business Services,Technology Services,15.29,15.305,13.02,13.09,83,4.480265716862462,20,1,0,0,0,1
BTDR,Business Services,Technology Services,30__2,30,2.0,6. p95_trade_value,30000.0,70094.0,O:BTDR250228C00014000,BTDR,C,14.0,2025-02-28,233,0,302,0.27,1740410640234000000,1121,30267.0,2025-02-24,3000,30,True,Multi Leg Auction,Business Services,Technology Services,13.09,13.45,12.26,13.1,82,4.4809693767539605,20,1,0,0,0,1
BTDR,Business Services,Technology Services,30__2,30,2.0,6. p95_trade_value,30000.0,70094.0,O:BTDR250314C00011000,BTDR,C,11.0,2025-03-14,209,0,308,0.7,1740580763156000000,500,35000.0,2025-02-26,3000,30,True,Automatic Execution,Business Services,Technology Services,10.03,10.66,9.92,10.25,64,4.544068044350276,20,1,1,0,0,0
BTDR,Business Services,Technology Services,30__2,30,2.0,6. p95_trade_value,30000.0,70094.0,O:BTDR250307C00012500,BTDR,C,12.5,2025-03-07,229,0,302,0.5,1740670777668000000,950,47500.0,2025-02-27,3000,30,True,Single Leg Cross Non ISO,Business Services,Technology Services,10.8,12.01,10.75,10.89,39,4.676693609624866,20,1,1,0,0,0
BTDR,Business Services,Technology Services,30__2,30,2.0,6. p95_trade_value,30000.0,70094.0,O:BTDR250321C00011000,BTDR,C,11.0,2025-03-21,232,0,308,0.6,1741700969088000000,1000,60000.0,2025-03-11,3000,30,True,Multi Leg auto-electronic trade,Business Services,Technology Services,10.29,10.71,9.9,10.57,25,4.778151250383644,20,1,1,0,0,0
BTDR,Business Services,Technology Services,30__2,30,2.0,6. p95_trade_value,30000.0,70094.0,O:BTDR250321C00011000,BTDR,C,11.0,2025-03-21,232,0,308,0.55,1741700571233000000,1000,55000.0,2025-03-11,3000,30,True,Multi Leg auto-electronic trade,Business Services,Technology Services,10.29,10.71,9.9,10.57,32,4.740362689494244,20,1,1,0,0,0
BTDR,Business Services,Technology Services,30__2,30,2.0,6. p95_trade_value,30000.0,70094.0,O:BTDR250328C00012500,BTDR,C,12.5,2025-03-28,209,0,320,0.3,1741878214476000000,1000,30000.0,2025-03-13,3000,30,True,Automatic Execution,Business Services,Technology Services,10.58,10.69,9.75,9.78,86,4.477121254719663,20,2,0,0,0,1
BTDR,Business Services,Technology Services,30__2,30,2.0,6. p95_trade_value,30000.0,70094.0,O:BTDR250417C00012500,BTDR,C,12.5,2025-04-17,209,0,309,0.45,1742307987081000000,1155,51975.0,2025-03-18,3000,30,True,Automatic Execution,Business Services,Technology Services,10.47,10.47,9.425,9.485,34,4.715794498003507,20,1,0,0,0,1
BTDR,Business Services,Technology Services,30__2,30,2.0,6. p95_trade_value,30000.0,70094.0,O:BTDR250417C00012500,BTDR,C,12.5,2025-04-17,209,0,318,0.4,1742308808275000000,1315,52600.0,2025-03-18,3000,30,True,Automatic Execution,Business Services,Technology Services,10.47,10.47,9.425,9.485,33,4.720985744153739,20,1,0,0,0,1
BTDR,Business Services,Technology Services,30__2,30,2.0,6. p95_trade_value,30000.0,70094.0,O:BTDR250411C00011500,BTDR,C,11.5,2025-04-11,233,0,302,0.41,1743003699905000000,764,31324.0,2025-03-26,3000,30,True,Multi Leg Auction,Business Services,Technology Services,10.915,11.09,10.02,10.15,76,4.495877215295425,20,1,0,0,0,1
BTDR,Business Services,Technology Services,30__2,30,2.0,6. p95_trade_value,30000.0,70094.0,O:BTDR250404C00009000,BTDR,C,9.0,2025-04-04,227,0,301,0.3,1743429774752000000,1000,30000.0,2025-03-31,3000,30,True,Single Leg Auction Non ISO,Business Services,Technology Services,8.8,8.96,8.46,8.83,87,4.477121254719663,20,2,1,0,0,0
BTDR,Business Services,Technology Services,30__2,30,2.0,6. p95_trade_value,30000.0,70094.0,O:BTDR250417C00008000,BTDR,C,8.0,2025-04-17,209,0,308,0.35,1744389736138000000,1000,35000.0,2025-04-11,3000,30,True,Automatic Execution,Business Services,Technology Services,7.68,7.99,7.42,7.95,63,4.544068044350276,20,1,1,0,0,0
BTDR,Business Services,Technology Services,30__2,30,2.0,6. p95_trade_value,30000.0,70094.0,O:BTDR250502C00008000,BTDR,C,8.0,2025-05-02,233,0,323,0.37,1744738095176000000,1740,64379.99999999999,2025-04-15,3000,30,True,Multi Leg Auction,Business Services,Technology Services,7.81,7.9,7.135,7.2,22,4.8087509723495945,20,1,1,1,1,0
BTDR,Business Services,Technology Services,30__2,30,2.0,5. p99_trade_value,71730.0,162336.0,O:BTDR250509C00011000,BTDR,C,11.0,2025-05-09,233,0,302,0.89,1745417106456000000,1824,162336.0,2025-04-23,3000,30,True,Multi Leg Auction,Business Services,Technology Services,9.96,10.545,9.61,9.84,3,5.21041484063731,20,1,1,1,1,0
BTDR,Business Services,Technology Services,30__2,30,2.0,5. p99_trade_value,71730.0,162336.0,O:BTDR250509C00012000,BTDR,C,12.0,2025-05-09,233,0,302,0.51,1745417106456000000,1824,93024.0,2025-04-23,3000,30,True,Multi Leg Auction,Business Services,Technology Services,9.96,10.545,9.61,9.84,11,4.9685950100903336,20,1,1,1,1,0
BTDR,Business Services,Technology Services,30__2,30,2.0,6. p95_trade_value,30000.0,70094.0,O:BTDR250516C00011000,BTDR,C,11.0,2025-05-16,209,0,325,1.0,1745416249593000000,342,34200.0,2025-04-23,3000,30,True,Automatic Execution,Business Services,Technology Services,9.96,10.545,9.61,9.84,65,4.534026106056135,20,1,1,1,1,0
BTDR,Business Services,Technology Services,30__2,30,2.0,6. p95_trade_value,30000.0,70094.0,O:BTDR250516P00009000,BTDR,P,9.0,2025-05-16,209,0,308,0.95,1745425221891000000,580,55100.0,2025-04-23,3000,30,True,Automatic Execution,Business Services,Technology Services,9.96,10.545,9.61,9.84,31,4.741151598851785,20,1,0,0,0,1
BTDR,Business Services,Technology Services,30__2,30,2.0,6. p95_trade_value,30000.0,70094.0,O:BTDR250516P00010000,BTDR,P,10.0,2025-05-16,209,0,308,1.15,1745593727161000000,334,38410.0,2025-04-25,3000,30,True,Automatic Execution,Business Services,Technology Services,10.66,10.81,10.16,10.53,55,4.584444307165176,20,1,1,0,0,0
BTDR,Business Services,Technology Services,30__2,30,2.0,6. p95_trade_value,30000.0,70094.0,O:BTDR250516P00010000,BTDR,P,10.0,2025-05-16,209,0,308,1.15,1745593727161000000,517,59454.99999999999,2025-04-25,3000,30,True,Automatic Execution,Business Services,Technology Services,10.66,10.81,10.16,10.53,26,4.774188383447554,20,1,1,0,0,0
BTDR,Business Services,Technology Services,30__2,30,2.0,6. p95_trade_value,30000.0,70094.0,O:BTDR250516C00011000,BTDR,C,11.0,2025-05-16,209,0,302,0.55,1745935490969000000,555,30525.0,2025-04-29,3000,30,True,Automatic Execution,Business Services,Technology Services,10.02,10.165,9.64,9.85,80,4.48465567261692,20,1,1,1,1,0
BTDR,Business Services,Technology Services,30__2,30,2.0,6. p95_trade_value,30000.0,70094.0,O:BTDR250516C00011000,BTDR,C,11.0,2025-05-16,209,0,323,0.6,1745948958787000000,590,35400.0,2025-04-29,3000,30,True,Automatic Execution,Business Services,Technology Services,10.02,10.165,9.64,9.85,61,4.549003262025788,20,1,1,1,1,0
BTDR,Business Services,Technology Services,30__2,30,2.0,6. p95_trade_value,30000.0,70094.0,O:BTDR250516C00015000,BTDR,C,15.0,2025-05-16,233,0,302,0.22,1746712995624000000,2630,57860.0,2025-05-08,3000,30,True,Multi Leg Auction,Business Services,Technology Services,12.05,13.83,11.71,13.54,28,4.762378429311964,20,1,1,1,1,0
BTDR,Business Services,Technology Services,30__2,30,2.0,4. p999_trade_value,267914.0,267914.0,O:BTDR250523C00016000,BTDR,C,16.0,2025-05-23,233,0,323,0.97,1747060620848000000,2762,267914.0,2025-05-12,3000,30,True,Multi Leg Auction,Business Services,Technology Services,15.1,15.25,13.885,14.18,2,5.427995408508857,20,1,1,0,0,0
BTDR,Business Services,Technology Services,30__2,30,2.0,5. p99_trade_value,71730.0,162336.0,O:BTDR250523C00018000,BTDR,C,18.0,2025-05-23,233,0,323,0.53,1747060620848000000,2762,146386.0,2025-05-12,3000,30,True,Multi Leg Auction,Business Services,Technology Services,15.1,15.25,13.885,14.18,4,5.165499543843402,20,1,0,0,0,1
BTDR,Business Services,Technology Services,30__2,30,2.0,6. p95_trade_value,30000.0,70094.0,O:BTDR250523C00015500,BTDR,C,15.5,2025-05-23,232,0,303,0.93,1747238718251000000,495,46035.0,2025-05-14,3000,30,True,Multi Leg auto-electronic trade,Business Services,Technology Services,14.26,14.75,14.01,14.09,44,4.663088147487504,20,1,1,0,0,0
BTDR,Business Services,Technology Services,30__2,30,2.0,6. p95_trade_value,30000.0,70094.0,O:BTDR250523C00015500,BTDR,C,15.5,2025-05-23,232,0,322,0.92,1747238740678000000,348,32016.000000000004,2025-05-14,3000,30,True,Multi Leg auto-electronic trade,Business Services,Technology Services,14.26,14.75,14.01,14.09,74,4.505367071292136,20,1,1,0,0,0
BTDR,Business Services,Technology Services,30__2,30,2.0,1. p999999_trade_value,359904.0,359904.0,O:BTDR250523C00015500,BTDR,C,15.5,2025-05-23,232,0,322,0.92,1747238740678000000,3912,359904.0,2025-05-14,3000,30,True,Multi Leg auto-electronic trade,Business Services,Technology Services,14.26,14.75,14.01,14.09,1,5.556186673461119,20,1,1,0,0,0
BTDR,Business Services,Technology Services,30__2,30,2.0,6. p95_trade_value,30000.0,70094.0,O:BTDR250530C00016000,BTDR,C,16.0,2025-05-30,209,0,323,0.65,1747761089549000000,500,32500.0,2025-05-20,3000,30,True,Automatic Execution,Business Services,Technology Services,15.35,15.765,14.6,15.59,72,4.511883360978874,20,1,1,0,0,0
BTDR,Business Services,Technology Services,30__2,30,2.0,5. p99_trade_value,71730.0,162336.0,O:BTDR250620P00013000,BTDR,P,13.0,2025-06-20,219,0,316,0.9,1747857405180000000,977,87930.0,2025-05-21,3000,30,True,Intermarket Sweep Order,Business Services,Technology Services,15.03,16.23,14.6724,14.75,13,4.944137073158098,20,1,1,0,0,0
BTDR,Business Services,Technology Services,30__2,30,2.0,6. p95_trade_value,30000.0,70094.0,O:BTDR250620P00014000,BTDR,P,14.0,2025-06-20,209,0,323,1.2,1747857330465000000,331,39720.0,2025-05-21,3000,30,True,Automatic Execution,Business Services,Technology Services,15.03,16.23,14.6724,14.75,51,4.599009239823344,20,1,1,0,0,0
BTDR,Business Services,Technology Services,30__2,30,2.0,6. p95_trade_value,30000.0,70094.0,O:BTDR250620P00014000,BTDR,P,14.0,2025-06-20,219,0,309,1.2,1747857330465000000,326,39120.0,2025-05-21,3000,30,True,Intermarket Sweep Order,Business Services,Technology Services,15.03,16.23,14.6724,14.75,52,4.592398846115564,20,1,1,0,0,0
BTDR,Business Services,Technology Services,30__2,30,2.0,6. p95_trade_value,30000.0,70094.0,O:BTDR250606C00017500,BTDR,C,17.5,2025-06-06,227,0,312,0.6,1747927346989000000,827,49620.0,2025-05-22,3000,30,True,Single Leg Auction Non ISO,Business Services,Technology Services,15.27,15.8,15.02,15.08,36,4.69565675993619,20,1,0,0,0,1
BTDR,Business Services,Technology Services,30__2,30,2.0,6. p95_trade_value,30000.0,70094.0,O:BTDR250530C00015500,BTDR,C,15.5,2025-05-30,233,0,323,0.44,1748011276114000000,1565,68860.0,2025-05-23,3000,30,True,Multi Leg Auction,Business Services,Technology Services,14.34,14.7755,14.14,14.46,20,4.837967018368655,20,1,0,0,0,1
BTDR,Business Services,Technology Services,30__2,30,2.0,6. p95_trade_value,30000.0,70094.0,O:BTDR250530C00016000,BTDR,C,16.0,2025-05-30,233,0,302,0.25,1748010900903000000,1561,39025.0,2025-05-23,3000,30,True,Multi Leg Auction,Business Services,Technology Services,14.34,14.7755,14.14,14.46,53,4.591342911734455,20,1,0,0,0,1
BTDR,Business Services,Technology Services,30__2,30,2.0,6. p95_trade_value,30000.0,70094.0,O:BTDR250530C00016500,BTDR,C,16.5,2025-05-30,233,0,323,0.23,1748011276114000000,1565,35995.0,2025-05-23,3000,30,True,Multi Leg Auction,Business Services,Technology Services,14.34,14.7755,14.14,14.46,59,4.55624217790006,20,1,0,0,0,1
BTDR,Business Services,Technology Services,30__2,30,2.0,6. p95_trade_value,30000.0,70094.0,O:BTDR250606C00016000,BTDR,C,16.0,2025-06-06,209,0,308,0.65,1748359308403000000,500,32500.0,2025-05-27,3000,30,True,Automatic Execution,Business Services,Technology Services,15.04,15.15,14.56,15.0,71,4.511883360978874,20,1,0,0,0,1
BTDR,Business Services,Technology Services,30__2,30,2.0,6. p95_trade_value,30000.0,70094.0,O:BTDR250606C00016000,BTDR,C,16.0,2025-06-06,233,0,302,0.4,1748540715021000000,1646,65840.00000000001,2025-05-29,3000,30,True,Multi Leg Auction,Business Services,Technology Services,14.6,15.05,14.24,14.31,21,4.818489822204214,20,1,0,0,0,1
BTDR,Business Services,Technology Services,30__2,30,2.0,6. p95_trade_value,30000.0,70094.0,O:BTDR250606C00016000,BTDR,C,16.0,2025-06-06,235,0,301,0.32,1748540698223000000,1583,50656.0,2025-05-29,3000,30,True,Multi Leg floor trade,Business Services,Technology Services,14.6,15.05,14.24,14.31,35,4.704630893182262,20,1,0,0,0,1
BTDR,Business Services,Technology Services,30__2,30,2.0,5. p99_trade_value,71730.0,162336.0,O:BTDR250620P00014000,BTDR,P,14.0,2025-06-20,219,0,323,1.0,1748526538068000000,1064,106400.0,2025-05-29,3000,30,True,Intermarket Sweep Order,Business Services,Technology Services,14.6,15.05,14.24,14.31,7,5.0269416279590295,20,1,1,0,0,0
BTDR,Business Services,Technology Services,30__2,30,2.0,6. p95_trade_value,30000.0,70094.0,O:BTDR250620P00014000,BTDR,P,14.0,2025-06-20,219,0,304,1.0,1748526538068000000,354,35400.0,2025-05-29,3000,30,True,Intermarket Sweep Order,Business Services,Technology Services,14.6,15.05,14.24,14.31,62,4.549003262025788,20,1,1,0,0,0
BTDR,Business Services,Technology Services,30__2,30,2.0,6. p95_trade_value,30000.0,70094.0,O:BTDR250620P00014000,BTDR,P,14.0,2025-06-20,219,0,308,1.0,1748526538068000000,463,46300.0,2025-05-29,3000,30,True,Intermarket Sweep Order,Business Services,Technology Services,14.6,15.05,14.24,14.31,42,4.665580991017953,20,1,1,0,0,0
BTDR,Business Services,Technology Services,30__2,30,2.0,5. p99_trade_value,71730.0,162336.0,O:BTDR250613C00014500,BTDR,C,14.5,2025-06-13,233,0,323,0.31,1749133695737000000,3228,100068.0,2025-06-05,3000,30,True,Multi Leg Auction,Business Services,Technology Services,13.53,13.55,12.335,12.63,9,5.000295219884306,20,1,1,0,0,0
BTDR,Business Services,Technology Services,30__2,30,2.0,5. p99_trade_value,71730.0,162336.0,O:BTDR250620C00014000,BTDR,C,14.0,2025-06-20,233,0,323,0.31,1749826835252000000,3378,104718.0,2025-06-13,3000,30,True,Multi Leg Auction,Business Services,Technology Services,12.925,13.235,12.6,12.68,8,5.020021339069262,20,1,0,0,0,0
CDLX,Business Services,Technology Services,10__0,10,0.0,7. p90_trade_value,11599.999999999998,11599.999999999998,O:CDLX241115P00004000,CDLX,P,4.0,2024-11-15,209,0,325,0.58,1730381582239000000,200,11599.999999999998,2024-10-31,3000,30,True,Automatic Execution,Business Services,Technology Services,4.15,4.33,4.075,4.31,2,4.064457989226918,20,2,1,1,1,0
CDLX,Business Services,Technology Services,10__0,10,0.0,1. p999999_trade_value,13500.0,13500.0,O:CDLX241115P00004000,CDLX,P,4.0,2024-11-15,227,0,323,0.45,1730828332311000000,300,13500.0,2024-11-05,3000,30,True,Single Leg Auction Non ISO,Business Services,Technology Services,4.25,4.735,4.19,4.69,1,4.1303337684950066,20,1,1,1,1,0
CIFR,Business Services,Technology Services,25__0,25,0.0,5. p99_trade_value,149990.0,400000.0,O:CIFR241025C00005500,CIFR,C,5.5,2024-10-25,231,0,300,0.1,1728059586608000000,14999,149990.0,2024-10-04,3000,30,True,Single Leg Floor Trade,Business Services,Technology Services,3.94,4.21,3.91,4.1,6,5.176062305125079,20,1,1,1,0,0
CIFR,Business Services,Technology Services,25__0,25,0.0,5. p99_trade_value,149990.0,400000.0,O:CIFR241025C00005500,CIFR,C,5.5,2024-10-25,235,0,300,0.16,1729103494810000000,25000,400000.0,2024-10-16,3000,30,True,Multi Leg floor trade,Business Services,Technology Services,4.5,5.0399,4.38,5.01,2,5.6020599913279625,20,1,1,1,0,0
CIFR,Business Services,Technology Services,25__0,25,0.0,1. p999999_trade_value,575000.0,575000.0,O:CIFR241101C00005500,CIFR,C,5.5,2024-11-01,235,0,300,0.23,1729103494811000000,25000,575000.0,2024-10-16,3000,30,True,Multi Leg floor trade,Business Services,Technology Services,4.5,5.0399,4.38,5.01,1,5.7596678446896306,20,1,1,0,0,0
CIFR,Business Services,Technology Services,25__0,25,0.0,5. p99_trade_value,149990.0,400000.0,O:CIFR241108C00005500,CIFR,C,5.5,2024-11-08,235,0,323,0.25,1730742725666000000,9950,248750.0,2024-11-04,3000,30,True,Multi Leg floor trade,Business Services,Technology Services,5.11,5.335,4.985,5.04,4,5.3957630894177635,20,1,1,1,1,0
CIFR,Business Services,Technology Services,25__0,25,0.0,5. p99_trade_value,149990.0,400000.0,O:CIFR241115C00005500,CIFR,C,5.5,2024-11-15,235,0,323,0.4,1730742725665000000,10000,400000.0,2024-11-04,3000,30,True,Multi Leg floor trade,Business Services,Technology Services,5.11,5.335,4.985,5.04,3,5.6020599913279625,20,1,1,1,1,0
CIFR,Business Services,Technology Services,25__0,25,0.0,5. p99_trade_value,149990.0,400000.0,O:CIFR250221P00004500,CIFR,P,4.5,2025-02-21,234,0,308,0.34,1738269771416000000,5000,170000.00000000003,2025-01-30,3000,30,True,Multi Leg Cross,Business Services,Technology Services,4.6,4.875,4.595,4.7,5,5.230448921378274,20,1,0,0,0,1
COHR,Business Services,Technology Services,35__2,35,2.0,6. p95_trade_value,32000.0,128079.0,O:COHR240920C00085000,COHR,C,85.0,2024-09-20,231,0,301,1.4,1724854044964000000,308,43120.0,2024-08-28,3000,30,True,Single Leg Floor Trade,Business Services,Technology Services,79.12,80.38,77.59,78.79,119,4.634678752178682,20,1,1,1,1,0
COHR,Business Services,Technology Services,35__2,35,2.0,7. p90_trade_value,19210.0,31592.0,O:COHR240920P00065000,COHR,P,65.0,2024-09-20,233,0,323,0.69,1725390902230000000,438,30221.999999999996,2024-09-03,3000,30,True,Multi Leg Auction,Business Services,Technology Services,76.0,76.35,71.765,71.88,181,4.4803232012413545,20,2,0,0,0,1
COHR,Business Services,Technology Services,35__2,35,2.0,7. p90_trade_value,19210.0,31592.0,O:COHR240927P00067000,COHR,P,67.0,2024-09-27,209,0,323,0.5,1726083502920000000,520,26000.0,2024-09-11,3000,30,True,Automatic Execution,Business Services,Technology Services,71.36,76.23,71.15,75.37,215,4.414973347970818,20,2,0,0,0,1
COHR,Business Services,Technology Services,35__2,35,2.0,6. p95_trade_value,32000.0,128079.0,O:COHR240920C00080000,COHR,C,80.0,2024-09-20,242,0,300,1.65,1726251158019000000,300,49500.0,2024-09-13,3000,30,True,Stock Options floor trade,Business Services,Technology Services,76.08,78.895,76.08,77.98,103,4.694605198933568,20,1,1,1,1,0
COHR,Business Services,Technology Services,35__2,35,2.0,7. p90_trade_value,19210.0,31592.0,O:COHR240920P00074000,COHR,P,74.0,2024-09-20,209,0,308,1.6,1726499232667000000,139,22240.0,2024-09-16,3000,30,True,Automatic Execution,Business Services,Technology Services,75.64,77.13,74.6,75.25,280,4.34713478291002,20,2,0,0,0,1
COHR,Business Services,Technology Services,35__2,35,2.0,6. p95_trade_value,32000.0,128079.0,O:COHR240927C00084000,COHR,C,84.0,2024-09-27,232,0,304,2.66,1726684515159000000,198,52668.00000000001,2024-09-18,3000,30,True,Multi Leg auto-electronic trade,Business Services,Technology Services,78.22,83.99,77.79,80.98,97,4.721546826892598,20,1,1,1,1,0
COHR,Business Services,Technology Services,35__2,35,2.0,6. p95_trade_value,32000.0,128079.0,O:COHR241018C00090000,COHR,C,90.0,2024-10-18,227,0,323,2.8,1726756074144000000,149,41720.0,2024-09-19,3000,30,True,Single Leg Auction Non ISO,Business Services,Technology Services,84.68,89.25,83.44,86.06,124,4.6203442997544935,20,1,1,1,1,0
COHR,Business Services,Technology Services,35__2,35,2.0,6. p95_trade_value,32000.0,128079.0,O:COHR241018C00090000,COHR,C,90.0,2024-10-18,227,0,323,4.5,1726768099286000000,100,45000.0,2024-09-19,3000,30,True,Single Leg Auction Non ISO,Business Services,Technology Services,84.68,89.25,83.44,86.06,113,4.653212513775344,20,1,1,1,1,0
COHR,Business Services,Technology Services,35__2,35,2.0,6. p95_trade_value,32000.0,128079.0,O:COHR241018C00090000,COHR,C,90.0,2024-10-18,209,0,316,2.85,1726756073877000000,131,37335.0,2024-09-19,3000,30,True,Automatic Execution,Business Services,Technology Services,84.68,89.25,83.44,86.06,137,4.572116155664275,20,1,1,1,1,0
COHR,Business Services,Technology Services,35__2,35,2.0,7. p90_trade_value,19210.0,31592.0,O:COHR241018C00090000,COHR,C,90.0,2024-10-18,209,0,320,2.8,1726756072858000000,88,24639.999999999996,2024-09-19,3000,30,True,Automatic Execution,Business Services,Technology Services,84.68,89.25,83.44,86.06,233,4.391640703492388,20,2,1,1,1,0
COHR,Business Services,Technology Services,35__2,35,2.0,6. p95_trade_value,32000.0,128079.0,O:COHR241018C00095000,COHR,C,95.0,2024-10-18,209,0,316,2.25,1726762589588000000,219,49275.0,2024-09-19,3000,30,True,Automatic Execution,Business Services,Technology Services,84.68,89.25,83.44,86.06,104,4.692626632951481,20,1,1,1,1,0
COHR,Business Services,Technology Services,35__2,35,2.0,7. p90_trade_value,19210.0,31592.0,O:COHR241018C00090000,COHR,C,90.0,2024-10-18,209,0,320,2.9,1726853747646000000,87,25230.0,2024-09-20,3000,30,True,Automatic Execution,Business Services,Technology Services,86.0,87.81,84.9,87.02,222,4.401917250517575,20,2,1,1,1,0
COHR,Business Services,Technology Services,35__2,35,2.0,6. p95_trade_value,32000.0,128079.0,O:COHR241018C00090000,COHR,C,90.0,2024-10-18,209,0,320,3.3,1726861806351000000,112,36960.0,2024-09-20,3000,30,True,Automatic Execution,Business Services,Technology Services,86.0,87.81,84.9,87.02,139,4.567731962548069,20,1,1,1,1,0
COHR,Business Services,Technology Services,35__2,35,2.0,6. p95_trade_value,32000.0,128079.0,O:COHR241018C00090000,COHR,C,90.0,2024-10-18,209,0,308,3.1,1726848664172000000,145,44950.0,2024-09-20,3000,30,True,Automatic Execution,Business Services,Technology Services,86.0,87.81,84.9,87.02,115,4.6527296960692475,20,1,1,1,1,0
COHR,Business Services,Technology Services,35__2,35,2.0,7. p90_trade_value,19210.0,31592.0,O:COHR241018C00090000,COHR,C,90.0,2024-10-18,209,0,316,3.6,1726861078082000000,54,19440.0,2024-09-20,3000,30,True,Automatic Execution,Business Services,Technology Services,86.0,87.81,84.9,87.02,326,4.288696260590256,20,2,1,1,1,0
COHR,Business Services,Technology Services,35__2,35,2.0,7. p90_trade_value,19210.0,31592.0,O:COHR241011P00085000,COHR,P,85.0,2024-10-11,232,0,302,1.43,1727194108379000000,216,30888.0,2024-09-24,3000,30,True,Multi Leg auto-electronic trade,Business Services,Technology Services,88.41,91.0,88.25,89.73,174,4.489789788615993,20,2,0,0,0,1
COHR,Business Services,Technology Services,35__2,35,2.0,6. p95_trade_value,32000.0,128079.0,O:COHR241018C00095000,COHR,C,95.0,2024-10-18,209,0,325,2.0,1727186489749000000,235,47000.0,2024-09-24,3000,30,True,Automatic Execution,Business Services,Technology Services,88.41,91.0,88.25,89.73,110,4.672097857935717,20,1,1,1,1,0
COHR,Business Services,Technology Services,35__2,35,2.0,7. p90_trade_value,19210.0,31592.0,O:COHR241018C00100000,COHR,C,100.0,2024-10-18,209,0,320,1.3,1727196671218000000,160,20800.0,2024-09-24,3000,30,True,Automatic Execution,Business Services,Technology Services,88.41,91.0,88.25,89.73,298,4.318063334962762,20,2,1,1,0,0
COHR,Business Services,Technology Services,35__2,35,2.0,7. p90_trade_value,19210.0,31592.0,O:COHR241018C00100000,COHR,C,100.0,2024-10-18,232,0,301,1.6,1727380548574000000,125,20000.0,2024-09-26,3000,30,True,Multi Leg auto-electronic trade,Business Services,Technology Services,93.88,95.29,90.51,92.42,317,4.301029995663981,20,2,1,1,0,0
COHR,Business Services,Technology Services,35__2,35,2.0,7. p90_trade_value,19210.0,31592.0,O:COHR241018C00095000,COHR,C,95.0,2024-10-18,209,0,301,2.0,1727453576158000000,99,19800.0,2024-09-27,3000,30,True,Automatic Execution,Business Services,Technology Services,93.15,93.15,87.2331,89.83,321,4.296665190261531,20,2,1,1,1,0
COHR,Business Services,Technology Services,35__2,35,2.0,6. p95_trade_value,32000.0,128079.0,O:COHR241025C00096000,COHR,C,96.0,2024-10-25,231,0,301,2.15,1727882086815000000,500,107500.0,2024-10-02,3000,30,True,Single Leg Floor Trade,Business Services,Technology Services,88.88,92.39,87.6056,91.46,48,5.031408464251625,20,1,1,1,0,0
COHR,Business Services,Technology Services,35__2,35,2.0,7. p90_trade_value,19210.0,31592.0,O:COHR241025C00100000,COHR,C,100.0,2024-10-25,209,0,319,2.1,1727964801655000000,149,31290.000000000004,2024-10-03,3000,30,True,Automatic Execution,Business Services,Technology Services,90.92,94.46,90.6,94.27,170,4.4954055631461936,20,2,1,0,0,0
COHR,Business Services,Technology Services,35__2,35,2.0,6. p95_trade_value,32000.0,128079.0,O:COHR241018C00105000,COHR,C,105.0,2024-10-18,209,0,308,1.9,1728656926177000000,170,32300.0,2024-10-11,3000,30,True,Automatic Execution,Business Services,Technology Services,100.3,104.67,100.0,104.62,164,4.509202522331103,20,1,1,0,0,0
COHR,Business Services,Technology Services,35__2,35,2.0,6. p95_trade_value,32000.0,128079.0,O:COHR241018C00107000,COHR,C,107.0,2024-10-18,227,0,308,1.35,1728662399665000000,393,53055.00000000001,2024-10-11,3000,30,True,Single Leg Auction Non ISO,Business Services,Technology Services,100.3,104.67,100.0,104.62,96,4.724726318870433,20,1,0,0,0,1
COHR,Business Services,Technology Services,35__2,35,2.0,6. p95_trade_value,32000.0,128079.0,O:COHR241025C00105000,COHR,C,105.0,2024-10-25,235,0,301,2.9,1728661413100000000,396,114839.99999999999,2024-10-11,3000,30,True,Multi Leg floor trade,Business Services,Technology Services,100.3,104.67,100.0,104.62,43,5.060093183824469,20,1,1,0,0,0
COHR,Business Services,Technology Services,35__2,35,2.0,7. p90_trade_value,19210.0,31592.0,O:COHR241108C00107000,COHR,C,107.0,2024-11-08,209,0,315,6.2,1728656857116000000,38,23560.0,2024-10-11,3000,30,True,Automatic Execution,Business Services,Technology Services,100.3,104.67,100.0,104.62,257,4.3721752861150645,20,2,1,1,1,0
COHR,Business Services,Technology Services,35__2,35,2.0,7. p90_trade_value,19210.0,31592.0,O:COHR241108C00107000,COHR,C,107.0,2024-11-08,209,0,325,6.2,1728656857124000000,38,23560.0,2024-10-11,3000,30,True,Automatic Execution,Business Services,Technology Services,100.3,104.67,100.0,104.62,255,4.3721752861150645,20,2,1,1,1,0
COHR,Business Services,Technology Services,35__2,35,2.0,7. p90_trade_value,19210.0,31592.0,O:COHR241108C00107000,COHR,C,107.0,2024-11-08,209,0,320,6.2,1728656857119000000,32,19840.0,2024-10-11,3000,30,True,Automatic Execution,Business Services,Technology Services,100.3,104.67,100.0,104.62,319,4.29754166781816,20,2,1,1,1,0
COHR,Business Services,Technology Services,35__2,35,2.0,7. p90_trade_value,19210.0,31592.0,O:COHR241108C00107000,COHR,C,107.0,2024-11-08,209,0,301,6.2,1728656857123000000,31,19220.0,2024-10-11,3000,30,True,Automatic Execution,Business Services,Technology Services,100.3,104.67,100.0,104.62,332,4.2837533833325265,20,2,1,1,1,0
COHR,Business Services,Technology Services,35__2,35,2.0,7. p90_trade_value,19210.0,31592.0,O:COHR241108C00107000,COHR,C,107.0,2024-11-08,209,0,313,6.2,1728656857115000000,38,23560.0,2024-10-11,3000,30,True,Automatic Execution,Business Services,Technology Services,100.3,104.67,100.0,104.62,258,4.3721752861150645,20,2,1,1,1,0
COHR,Business Services,Technology Services,35__2,35,2.0,7. p90_trade_value,19210.0,31592.0,O:COHR241108C00107000,COHR,C,107.0,2024-11-08,209,0,322,6.2,1728656857115000000,38,23560.0,2024-10-11,3000,30,True,Automatic Execution,Business Services,Technology Services,100.3,104.67,100.0,104.62,256,4.3721752861150645,20,2,1,1,1,0
COHR,Business Services,Technology Services,35__2,35,2.0,7. p90_trade_value,19210.0,31592.0,O:COHR241018P00100000,COHR,P,100.0,2024-10-18,227,0,323,0.94,1728922569915000000,238,22372.0,2024-10-14,3000,30,True,Single Leg Auction Non ISO,Business Services,Technology Services,106.0,106.5,102.48,102.58,278,4.349704810656211,20,2,1,1,1,0
COHR,Business Services,Technology Services,35__2,35,2.0,6. p95_trade_value,32000.0,128079.0,O:COHR241115C00100000,COHR,C,100.0,2024-11-15,232,0,323,6.06,1729776831384000000,95,57569.99999999999,2024-10-24,3000,30,True,Multi Leg auto-electronic trade,Business Services,Technology Services,98.13,99.2199,96.0,96.71,91,4.760196229455134,20,1,1,0,0,0
COHR,Business Services,Technology Services,35__2,35,2.0,6. p95_trade_value,32000.0,128079.0,O:COHR241115C00105000,COHR,C,105.0,2024-11-15,232,0,323,4.04,1729776831384000000,95,38380.0,2024-10-24,3000,30,True,Multi Leg auto-electronic trade,Business Services,Technology Services,98.13,99.2199,96.0,96.71,132,4.584104970399452,20,1,1,0,0,0
COHR,Business Services,Technology Services,35__2,35,2.0,6. p95_trade_value,32000.0,128079.0,O:COHR241115P00090000,COHR,P,90.0,2024-11-15,209,0,303,3.5,1729781914086000000,95,33250.0,2024-10-24,3000,30,True,Automatic Execution,Business Services,Technology Services,98.13,99.2199,96.0,96.71,159,4.521791649639123,20,1,0,0,0,1
COHR,Business Services,Technology Services,35__2,35,2.0,7. p90_trade_value,19210.0,31592.0,O:COHR241115C00100000,COHR,C,100.0,2024-11-15,209,0,319,5.7,1730226832700000000,50,28500.0,2024-10-29,3000,30,True,Automatic Execution,Business Services,Technology Services,96.21,99.21,96.15,98.53,192,4.45484486000851,20,2,1,0,0,0
COHR,Business Services,Technology Services,35__2,35,2.0,7. p90_trade_value,19210.0,31592.0,O:COHR241108C00104000,COHR,C,104.0,2024-11-08,232,0,302,1.71,1730383774552000000,182,31121.999999999996,2024-10-31,3000,30,True,Multi Leg auto-electronic trade,Business Services,Technology Services,96.0,96.0,90.806,92.44,172,4.493067498377228,20,2,1,1,1,0
COHR,Business Services,Technology Services,35__2,35,2.0,7. p90_trade_value,19210.0,31592.0,O:COHR241108C00104000,COHR,C,104.0,2024-11-08,232,0,323,1.71,1730383774448000000,114,19494.0,2024-10-31,3000,30,True,Multi Leg auto-electronic trade,Business Services,Technology Services,96.0,96.0,90.806,92.44,325,4.289900961728627,20,2,1,1,1,0
COHR,Business Services,Technology Services,35__2,35,2.0,6. p95_trade_value,32000.0,128079.0,O:COHR241115C00105000,COHR,C,105.0,2024-11-15,231,0,302,2.05,1730399583761000000,500,102500.0,2024-10-31,3000,30,True,Single Leg Floor Trade,Business Services,Technology Services,96.0,96.0,90.806,92.44,52,5.010723865391773,20,1,1,0,0,0
COHR,Business Services,Technology Services,35__2,35,2.0,6. p95_trade_value,32000.0,128079.0,O:COHR241115C00105000,COHR,C,105.0,2024-11-15,242,0,302,2.04,1730399411455000000,500,102000.0,2024-10-31,3000,30,True,Stock Options floor trade,Business Services,Technology Services,96.0,96.0,90.806,92.44,53,5.008600171761918,20,1,1,0,0,0
COHR,Business Services,Technology Services,35__2,35,2.0,6. p95_trade_value,32000.0,128079.0,O:COHR241115C00105000,COHR,C,105.0,2024-11-15,242,0,302,2.04,1730399583760000000,500,102000.0,2024-10-31,3000,30,True,Stock Options floor trade,Business Services,Technology Services,96.0,96.0,90.806,92.44,54,5.008600171761918,20,1,1,0,0,0
COHR,Business Services,Technology Services,35__2,35,2.0,7. p90_trade_value,19210.0,31592.0,O:COHR241122P00080000,COHR,P,80.0,2024-11-22,209,0,308,2.0,1730468713123000000,100,20000.0,2024-11-01,3000,30,True,Automatic Execution,Business Services,Technology Services,93.15,94.74,91.97,92.28,315,4.301029995663981,20,2,0,0,0,1
COHR,Business Services,Technology Services,35__2,35,2.0,6. p95_trade_value,32000.0,128079.0,O:COHR241108C00100000,COHR,C,100.0,2024-11-08,232,0,313,2.38,1730827534560000000,189,44982.0,2024-11-05,3000,30,True,Multi Leg auto-electronic trade,Business Services,Technology Services,91.63,94.035,91.495,93.57,114,4.653038761229756,20,1,1,1,1,0
COHR,Business Services,Technology Services,35__2,35,2.0,6. p95_trade_value,32000.0,128079.0,O:COHR241108C00102000,COHR,C,102.0,2024-11-08,235,0,301,1.8,1730825784376000000,500,90000.0,2024-11-05,3000,30,True,Multi Leg floor trade,Business Services,Technology Services,91.63,94.035,91.495,93.57,62,4.954242509439325,20,1,1,1,1,0
COHR,Business Services,Technology Services,35__2,35,2.0,7. p90_trade_value,19210.0,31592.0,O:COHR241108C00105000,COHR,C,105.0,2024-11-08,232,0,313,1.24,1730827534559000000,189,23436.0,2024-11-05,3000,30,True,Multi Leg auto-electronic trade,Business Services,Technology Services,91.63,94.035,91.495,93.57,262,4.369883489335479,20,2,1,1,1,0
COHR,Business Services,Technology Services,35__2,35,2.0,6. p95_trade_value,32000.0,128079.0,O:COHR241108P00083000,COHR,P,83.0,2024-11-08,235,0,301,1.5,1730825784376000000,250,37500.0,2024-11-05,3000,30,True,Multi Leg floor trade,Business Services,Technology Services,91.63,94.035,91.495,93.57,135,4.574031267727719,20,1,0,0,0,1
COHR,Business Services,Technology Services,35__2,35,2.0,6. p95_trade_value,32000.0,128079.0,O:COHR241108P00088000,COHR,P,88.0,2024-11-08,209,0,308,3.0,1730817568095000000,122,36600.0,2024-11-05,3000,30,True,Automatic Execution,Business Services,Technology Services,91.63,94.035,91.495,93.57,141,4.563481085394411,20,1,0,0,0,1
COHR,Business Services,Technology Services,35__2,35,2.0,7. p90_trade_value,19210.0,31592.0,O:COHR241115C00095000,COHR,C,95.0,2024-11-15,209,0,320,6.0,1730838591314000000,34,20400.0,2024-11-05,3000,30,True,Automatic Execution,Business Services,Technology Services,91.63,94.035,91.495,93.57,305,4.309630167425898,20,2,1,1,1,0
COHR,Business Services,Technology Services,35__2,35,2.0,7. p90_trade_value,19210.0,31592.0,O:COHR241115C00095000,COHR,C,95.0,2024-11-15,209,0,316,5.99,1730838591314000000,34,20366.0,2024-11-05,3000,30,True,Automatic Execution,Business Services,Technology Services,91.63,94.035,91.495,93.57,306,4.308905739431567,20,2,1,1,1,0
COHR,Business Services,Technology Services,35__2,35,2.0,6. p95_trade_value,32000.0,128079.0,O:COHR241115C00095000,COHR,C,95.0,2024-11-15,236,0,308,5.2,1730837253248000000,91,47320.0,2024-11-05,3000,30,True,Multi Leg auto-electronic trade against single leg(s),Business Services,Technology Services,91.63,94.035,91.495,93.57,109,4.675044735955892,20,1,1,1,1,0
COHR,Business Services,Technology Services,35__2,35,2.0,6. p95_trade_value,32000.0,128079.0,O:COHR241115C00095000,COHR,C,95.0,2024-11-15,209,0,315,6.0,1730838591314000000,57,34200.0,2024-11-05,3000,30,True,Automatic Execution,Business Services,Technology Services,91.63,94.035,91.495,93.57,153,4.534026106056135,20,1,1,1,1,0
COHR,Business Services,Technology Services,35__2,35,2.0,6. p95_trade_value,32000.0,128079.0,O:COHR241115C00095000,COHR,C,95.0,2024-11-15,236,0,308,5.6,1730838487512000000,58,32479.999999999996,2024-11-05,3000,30,True,Multi Leg auto-electronic trade against single leg(s),Business Services,Technology Services,91.63,94.035,91.495,93.57,162,4.511616020569138,20,1,1,1,1,0
COHR,Business Services,Technology Services,35__2,35,2.0,6. p95_trade_value,32000.0,128079.0,O:COHR241115C00095000,COHR,C,95.0,2024-11-15,236,0,313,5.2,1730837255187000000,62,32240.000000000004,2024-11-05,3000,30,True,Multi Leg auto-electronic trade against single leg(s),Business Services,Technology Services,91.63,94.035,91.495,93.57,165,4.508395033133053,20,1,1,1,1,0
COHR,Business Services,Technology Services,35__2,35,2.0,6. p95_trade_value,32000.0,128079.0,O:COHR241115C00095000,COHR,C,95.0,2024-11-15,227,0,301,5.7,1730838591291000000,169,96330.0,2024-11-05,3000,30,True,Single Leg Auction Non ISO,Business Services,Technology Services,91.63,94.035,91.495,93.57,58,4.983761560286165,20,1,1,1,1,0
COHR,Business Services,Technology Services,35__2,35,2.0,6. p95_trade_value,32000.0,128079.0,O:COHR241115C00095000,COHR,C,95.0,2024-11-15,209,0,313,6.0,1730838591314000000,57,34200.0,2024-11-05,3000,30,True,Automatic Execution,Business Services,Technology Services,91.63,94.035,91.495,93.57,154,4.534026106056135,20,1,1,1,1,0
COHR,Business Services,Technology Services,35__2,35,2.0,6. p95_trade_value,32000.0,128079.0,O:COHR241115C00095000,COHR,C,95.0,2024-11-15,209,0,325,6.0,1730838591314000000,59,35400.0,2024-11-05,3000,30,True,Automatic Execution,Business Services,Technology Services,91.63,94.035,91.495,93.57,147,4.549003262025788,20,1,1,1,1,0
COHR,Business Services,Technology Services,35__2,35,2.0,7. p90_trade_value,19210.0,31592.0,O:COHR241115C00095000,COHR,C,95.0,2024-11-15,209,0,322,6.0,1730838591314000000,46,27600.0,2024-11-05,3000,30,True,Automatic Execution,Business Services,Technology Services,91.63,94.035,91.495,93.57,201,4.440909082065217,20,2,1,1,1,0
COHR,Business Services,Technology Services,35__2,35,2.0,7. p90_trade_value,19210.0,31592.0,O:COHR241115C00095000,COHR,C,95.0,2024-11-15,231,0,301,5.0,1730830181942000000,50,25000.0,2024-11-05,3000,30,True,Single Leg Floor Trade,Business Services,Technology Services,91.63,94.035,91.495,93.57,226,4.3979400086720375,20,2,1,1,1,0
COHR,Business Services,Technology Services,35__2,35,2.0,7. p90_trade_value,19210.0,31592.0,O:COHR241115C00095000,COHR,C,95.0,2024-11-15,209,0,301,6.0,1730838591316000000,34,20400.0,2024-11-05,3000,30,True,Automatic Execution,Business Services,Technology Services,91.63,94.035,91.495,93.57,304,4.309630167425898,20,2,1,1,1,0
COHR,Business Services,Technology Services,35__2,35,2.0,7. p90_trade_value,19210.0,31592.0,O:COHR241115C00095000,COHR,C,95.0,2024-11-15,209,0,320,4.7,1730827776129000000,50,23500.0,2024-11-05,3000,30,True,Automatic Execution,Business Services,Technology Services,91.63,94.035,91.495,93.57,260,4.371067862271736,20,2,1,1,1,0
COHR,Business Services,Technology Services,35__2,35,2.0,7. p90_trade_value,19210.0,31592.0,O:COHR241115C00095000,COHR,C,95.0,2024-11-15,209,0,319,6.0,1730838591314000000,39,23400.0,2024-11-05,3000,30,True,Automatic Execution,Business Services,Technology Services,91.63,94.035,91.495,93.57,263,4.3692158574101425,20,2,1,1,1,0
COHR,Business Services,Technology Services,35__2,35,2.0,7. p90_trade_value,19210.0,31592.0,O:COHR241115C00095000,COHR,C,95.0,2024-11-15,209,0,301,6.0,1730838591316000000,40,24000.0,2024-11-05,3000,30,True,Automatic Execution,Business Services,Technology Services,91.63,94.035,91.495,93.57,241,4.380211241711606,20,2,1,1,1,0
COHR,Business Services,Technology Services,35__2,35,2.0,7. p90_trade_value,19210.0,31592.0,O:COHR241115C00095000,COHR,C,95.0,2024-11-15,232,0,308,5.23,1730837255175000000,54,28242.0,2024-11-05,3000,30,True,Multi Leg auto-electronic trade,Business Services,Technology Services,91.63,94.035,91.495,93.57,196,4.450895448690242,20,2,1,1,1,0
COHR,Business Services,Technology Services,35__2,35,2.0,5. p99_trade_value,128109.99999999999,479000.0,O:COHR241115C00095000,COHR,C,95.0,2024-11-15,229,0,313,4.79,1730834283005000000,1000,479000.0,2024-11-05,3000,30,True,Single Leg Cross Non ISO,Business Services,Technology Services,91.63,94.035,91.495,93.57,5,5.680335513414564,20,1,1,1,1,0
COHR,Business Services,Technology Services,35__2,35,2.0,7. p90_trade_value,19210.0,31592.0,O:COHR241115C00100000,COHR,C,100.0,2024-11-15,232,0,302,2.94,1730827552851000000,99,29106.0,2024-11-05,3000,30,True,Multi Leg auto-electronic trade,Business Services,Technology Services,91.63,94.035,91.495,93.57,190,4.463982525009707,20,2,1,0,0,0
COHR,Business Services,Technology Services,35__2,35,2.0,6. p95_trade_value,32000.0,128079.0,O:COHR241115C00112000,COHR,C,112.0,2024-11-15,235,0,323,0.7,1730827169156000000,600,42000.0,2024-11-05,3000,30,True,Multi Leg floor trade,Business Services,Technology Services,91.63,94.035,91.495,93.57,121,4.623249290397901,20,1,0,0,0,1
COHR,Business Services,Technology Services,35__2,35,2.0,7. p90_trade_value,19210.0,31592.0,O:COHR241122C00095000,COHR,C,95.0,2024-11-22,209,0,320,5.3,1730834296371000000,38,20140.0,2024-11-05,3000,30,True,Automatic Execution,Business Services,Technology Services,91.63,94.035,91.495,93.57,311,4.304059466217599,20,2,1,1,1,0
COHR,Business Services,Technology Services,35__2,35,2.0,6. p95_trade_value,32000.0,128079.0,O:COHR241122C00095000,COHR,C,95.0,2024-11-22,209,0,316,6.0,1730838511690000000,100,60000.0,2024-11-05,3000,30,True,Automatic Execution,Business Services,Technology Services,91.63,94.035,91.495,93.57,85,4.778151250383644,20,1,1,1,1,0
COHR,Business Services,Technology Services,35__2,35,2.0,7. p90_trade_value,19210.0,31592.0,O:COHR241108C00102000,COHR,C,102.0,2024-11-08,232,0,313,3.99,1730922838100000000,66,26334.000000000004,2024-11-06,3000,30,True,Multi Leg auto-electronic trade,Business Services,Technology Services,95.79,100.09,95.54,99.43,214,4.420516831228617,20,2,1,1,1,0
COHR,Business Services,Technology Services,35__2,35,2.0,7. p90_trade_value,19210.0,31592.0,O:COHR241108C00104000,COHR,C,104.0,2024-11-08,232,0,313,3.5,1730917743173000000,85,29750.0,2024-11-06,3000,30,True,Multi Leg auto-electronic trade,Business Services,Technology Services,95.79,100.09,95.54,99.43,184,4.4734869700645685,20,2,1,1,1,0
COHR,Business Services,Technology Services,35__2,35,2.0,6. p95_trade_value,32000.0,128079.0,O:COHR241108C00104000,COHR,C,104.0,2024-11-08,232,0,313,3.44,1730917895937000000,122,41968.0,2024-11-06,3000,30,True,Multi Leg auto-electronic trade,Business Services,Technology Services,95.79,100.09,95.54,99.43,122,4.622918273246278,20,1,1,1,1,0
COHR,Business Services,Technology Services,35__2,35,2.0,6. p95_trade_value,32000.0,128079.0,O:COHR241108C00105000,COHR,C,105.0,2024-11-08,240,0,308,2.81,1730920758201000000,124,34844.0,2024-11-06,3000,30,True,Stock Options auto-electronic trade,Business Services,Technology Services,95.79,100.09,95.54,99.43,151,4.542128005067315,20,1,1,1,1,0
COHR,Business Services,Technology Services,35__2,35,2.0,6. p95_trade_value,32000.0,128079.0,O:COHR241108C00105000,COHR,C,105.0,2024-11-08,232,0,313,2.84,1730923948419000000,190,53960.0,2024-11-06,3000,30,True,Multi Leg auto-electronic trade,Business Services,Technology Services,95.79,100.09,95.54,99.43,95,4.732071940999867,20,1,1,1,1,0
COHR,Business Services,Technology Services,35__2,35,2.0,6. p95_trade_value,32000.0,128079.0,O:COHR241108C00108000,COHR,C,108.0,2024-11-08,232,0,313,2.47,1730925478995000000,229,56563.0,2024-11-06,3000,30,True,Multi Leg auto-electronic trade,Business Services,Technology Services,95.79,100.09,95.54,99.43,93,4.752532435599553,20,1,1,1,1,0
COHR,Business Services,Technology Services,35__2,35,2.0,7. p90_trade_value,19210.0,31592.0,O:COHR241108C00109000,COHR,C,109.0,2024-11-08,232,0,313,1.94,1730917895937000000,122,23668.0,2024-11-06,3000,30,True,Multi Leg auto-electronic trade,Business Services,Technology Services,95.79,100.09,95.54,99.43,253,4.374161560604974,20,2,1,1,1,0
COHR,Business Services,Technology Services,35__2,35,2.0,7. p90_trade_value,19210.0,31592.0,O:COHR241108C00110000,COHR,C,110.0,2024-11-08,233,0,302,1.51,1730923176696000000,180,27180.0,2024-11-06,3000,30,True,Multi Leg Auction,Business Services,Technology Services,95.79,100.09,95.54,99.43,209,4.434249452396475,20,2,1,1,1,0
COHR,Business Services,Technology Services,35__2,35,2.0,6. p95_trade_value,32000.0,128079.0,O:COHR241108C00110000,COHR,C,110.0,2024-11-08,231,0,301,1.65,1730915963648000000,200,33000.0,2024-11-06,3000,30,True,Single Leg Floor Trade,Business Services,Technology Services,95.79,100.09,95.54,99.43,160,4.518513939877887,20,1,1,1,1,0
COHR,Business Services,Technology Services,35__2,35,2.0,7. p90_trade_value,19210.0,31592.0,O:COHR241108C00111000,COHR,C,111.0,2024-11-08,233,0,302,1.32,1730923176696000000,180,23760.000000000004,2024-11-06,3000,30,True,Multi Leg Auction,Business Services,Technology Services,95.79,100.09,95.54,99.43,246,4.375846436309156,20,2,1,1,0,0
COHR,Business Services,Technology Services,35__2,35,2.0,7. p90_trade_value,19210.0,31592.0,O:COHR241108C00113000,COHR,C,113.0,2024-11-08,232,0,313,1.28,1730925478995000000,229,29312.0,2024-11-06,3000,30,True,Multi Leg auto-electronic trade,Business Services,Technology Services,95.79,100.09,95.54,99.43,188,4.467045451987756,20,2,0,0,0,1
COHR,Business Services,Technology Services,35__2,35,2.0,7. p90_trade_value,19210.0,31592.0,O:COHR241108P00087000,COHR,P,87.0,2024-11-08,233,0,302,1.5,1730923176696000000,180,27000.0,2024-11-06,3000,30,True,Multi Leg Auction,Business Services,Technology Services,95.79,100.09,95.54,99.43,210,4.431363764158987,20,2,0,0,0,1
COHR,Business Services,Technology Services,35__2,35,2.0,7. p90_trade_value,19210.0,31592.0,O:COHR241108P00088000,COHR,P,88.0,2024-11-08,233,0,302,1.71,1730923176696000000,180,30780.0,2024-11-06,3000,30,True,Multi Leg Auction,Business Services,Technology Services,95.79,100.09,95.54,99.43,175,4.48826861549546,20,2,0,0,0,1
COHR,Business Services,Technology Services,35__2,35,2.0,6. p95_trade_value,32000.0,128079.0,O:COHR241108P00091000,COHR,P,91.0,2024-11-08,240,0,308,2.75,1730920758201000000,124,34100.0,2024-11-06,3000,30,True,Stock Options auto-electronic trade,Business Services,Technology Services,95.79,100.09,95.54,99.43,155,4.532754378992498,20,1,0,0,0,1
COHR,Business Services,Technology Services,35__2,35,2.0,7. p90_trade_value,19210.0,31592.0,O:COHR241115P00090000,COHR,P,90.0,2024-11-15,209,0,318,2.1,1730926517875000000,120,25200.0,2024-11-06,3000,30,True,Automatic Execution,Business Services,Technology Services,95.79,100.09,95.54,99.43,223,4.401400540781544,20,2,0,0,0,1
COHR,Business Services,Technology Services,35__2,35,2.0,7. p90_trade_value,19210.0,31592.0,O:COHR241115P00090000,COHR,P,90.0,2024-11-15,209,0,308,2.2,1730926324473000000,120,26400.0,2024-11-06,3000,30,True,Automatic Execution,Business Services,Technology Services,95.79,100.09,95.54,99.43,213,4.421603926869831,20,2,0,0,0,1
COHR,Business Services,Technology Services,35__2,35,2.0,4. p999_trade_value,670220.0,825000.0,O:COHR241115P00095000,COHR,P,95.0,2024-11-15,227,0,308,4.7,1730918756618000000,1426,670220.0,2024-11-06,3000,30,True,Single Leg Auction Non ISO,Business Services,Technology Services,95.79,100.09,95.54,99.43,4,5.8262173834515645,20,1,1,1,0,0
COHR,Business Services,Technology Services,35__2,35,2.0,7. p90_trade_value,19210.0,31592.0,O:COHR241129P00088000,COHR,P,88.0,2024-11-29,209,0,304,0.9,1730992262593000000,246,22140.0,2024-11-07,3000,30,True,Automatic Execution,Business Services,Technology Services,103.0,110.272,96.16,109.45,282,4.345177616542704,20,2,0,0,0,1
COHR,Business Services,Technology Services,35__2,35,2.0,7. p90_trade_value,19210.0,31592.0,O:COHR241129P00088000,COHR,P,88.0,2024-11-29,209,0,303,0.9,1730992262594000000,216,19440.0,2024-11-07,3000,30,True,Automatic Execution,Business Services,Technology Services,103.0,110.272,96.16,109.45,327,4.288696260590256,20,2,0,0,0,1
COHR,Business Services,Technology Services,35__2,35,2.0,7. p90_trade_value,19210.0,31592.0,O:COHR241129P00088000,COHR,P,88.0,2024-11-29,209,0,312,0.9,1730992262594000000,216,19440.0,2024-11-07,3000,30,True,Automatic Execution,Business Services,Technology Services,103.0,110.272,96.16,109.45,328,4.288696260590256,20,2,0,0,0,1
COHR,Business Services,Technology Services,35__2,35,2.0,6. p95_trade_value,32000.0,128079.0,O:COHR241213C00107000,COHR,C,107.0,2024-12-13,233,0,302,4.87,1731517449759000000,99,48213.0,2024-11-13,3000,30,True,Multi Leg Auction,Business Services,Technology Services,104.46,105.86,101.76,102.71,105,4.683164155812184,20,1,1,1,0,0
COHR,Business Services,Technology Services,35__2,35,2.0,7. p90_trade_value,19210.0,31592.0,O:COHR241129P00100000,COHR,P,100.0,2024-11-29,209,0,302,2.9,1732122980711000000,67,19430.0,2024-11-20,3000,30,True,Automatic Execution,Business Services,Technology Services,101.89,103.94,100.3201,103.38,329,4.2884728005997825,20,2,1,1,0,0
COHR,Business Services,Technology Services,35__2,35,2.0,5. p99_trade_value,128109.99999999999,479000.0,O:COHR241220C00115000,COHR,C,115.0,2024-12-20,231,0,300,3.1,1732215601064000000,1000,310000.0,2024-11-21,3000,30,True,Single Leg Floor Trade,Business Services,Technology Services,105.57,109.88,105.06,105.72,19,5.491361693834273,20,1,0,0,0,1
COHR,Business Services,Technology Services,35__2,35,2.0,7. p90_trade_value,19210.0,31592.0,O:COHR241220C00102000,COHR,C,102.0,2024-12-20,232,0,302,2.87,1732722667451000000,80,22960.000000000004,2024-11-27,3000,30,True,Multi Leg auto-electronic trade,Business Services,Technology Services,100.0,101.255,95.43,98.09,269,4.360971883725936,20,2,1,0,0,0
COHR,Business Services,Technology Services,35__2,35,2.0,6. p95_trade_value,32000.0,128079.0,O:COHR241220C00106000,COHR,C,106.0,2024-12-20,232,0,312,1.8,1732734192556000000,182,32760.000000000004,2024-11-27,3000,30,True,Multi Leg auto-electronic trade,Business Services,Technology Services,100.0,101.255,95.43,98.09,161,4.515343893088381,20,1,1,0,0,0
COHR,Business Services,Technology Services,35__2,35,2.0,6. p95_trade_value,32000.0,128079.0,O:COHR241220C00105000,COHR,C,105.0,2024-12-20,232,0,313,4.45,1733173165551000000,75,33375.0,2024-12-02,3000,30,True,Multi Leg auto-electronic trade,Business Services,Technology Services,100.59,104.2899,100.59,103.62,158,4.523421274372631,20,1,1,0,0,0
COHR,Business Services,Technology Services,35__2,35,2.0,7. p90_trade_value,19210.0,31592.0,O:COHR241220P00100000,COHR,P,100.0,2024-12-20,232,0,302,2.14,1733238571818000000,100,21400.0,2024-12-03,3000,30,True,Multi Leg auto-electronic trade,Business Services,Technology Services,104.16,107.16,103.8,106.54,291,4.330413773349191,20,2,1,1,1,0
COHR,Business Services,Technology Services,35__2,35,2.0,6. p95_trade_value,32000.0,128079.0,O:COHR241220C00120000,COHR,C,120.0,2024-12-20,209,0,316,2.35,1733325299756000000,147,34545.0,2024-12-04,3000,30,True,Automatic Execution,Business Services,Technology Services,108.94,113.6,108.94,112.02,152,4.538385197019912,20,1,0,0,0,1
COHR,Business Services,Technology Services,35__2,35,2.0,6. p95_trade_value,32000.0,128079.0,O:COHR241220C00115000,COHR,C,115.0,2024-12-20,232,0,313,3.25,1733511600200000000,99,32175.0,2024-12-06,3000,30,True,Multi Leg auto-electronic trade,Business Services,Technology Services,109.21,112.35,108.77,111.24,166,4.507518555576424,20,1,0,0,0,1
COHR,Business Services,Technology Services,35__2,35,2.0,7. p90_trade_value,19210.0,31592.0,O:COHR241220P00107000,COHR,P,107.0,2024-12-20,232,0,308,2.35,1733498619110000000,88,20680.0,2024-12-06,3000,30,True,Multi Leg auto-electronic trade,Business Services,Technology Services,109.21,112.35,108.77,111.24,300,4.315550534421905,20,2,1,1,1,0
COHR,Business Services,Technology Services,35__2,35,2.0,6. p95_trade_value,32000.0,128079.0,O:COHR241220C00108000,COHR,C,108.0,2024-12-20,233,0,302,1.67,1734032606778000000,250,41750.0,2024-12-12,3000,30,True,Multi Leg Auction,Business Services,Technology Services,104.42,107.58,103.37,104.08,123,4.620656479819621,20,1,1,0,0,0
COHR,Business Services,Technology Services,35__2,35,2.0,7. p90_trade_value,19210.0,31592.0,O:COHR241220C00109000,COHR,C,109.0,2024-12-20,240,0,302,1.82,1734029151301000000,125,22750.0,2024-12-12,3000,30,True,Stock Options auto-electronic trade,Business Services,Technology Services,104.42,107.58,103.37,104.08,274,4.356981400993131,20,2,1,0,0,0
COHR,Business Services,Technology Services,35__2,35,2.0,7. p90_trade_value,19210.0,31592.0,O:COHR241220C00109000,COHR,C,109.0,2024-12-20,240,0,304,1.82,1734029151302000000,125,22750.0,2024-12-12,3000,30,True,Stock Options auto-electronic trade,Business Services,Technology Services,104.42,107.58,103.37,104.08,273,4.356981400993131,20,2,1,0,0,0
COHR,Business Services,Technology Services,35__2,35,2.0,7. p90_trade_value,19210.0,31592.0,O:COHR241220C00109000,COHR,C,109.0,2024-12-20,240,0,309,1.85,1734029151303000000,125,23125.0,2024-12-12,3000,30,True,Stock Options auto-electronic trade,Business Services,Technology Services,104.42,107.58,103.37,104.08,267,4.36408174141107,20,2,1,0,0,0
COHR,Business Services,Technology Services,35__2,35,2.0,7. p90_trade_value,19210.0,31592.0,O:COHR241220C00109000,COHR,C,109.0,2024-12-20,240,0,308,1.85,1734029151306000000,125,23125.0,2024-12-12,3000,30,True,Stock Options auto-electronic trade,Business Services,Technology Services,104.42,107.58,103.37,104.08,266,4.36408174141107,20,2,1,0,0,0
COHR,Business Services,Technology Services,35__2,35,2.0,7. p90_trade_value,19210.0,31592.0,O:COHR241220C00109000,COHR,C,109.0,2024-12-20,240,0,323,1.72,1734029151302000000,125,21500.0,2024-12-12,3000,30,True,Stock Options auto-electronic trade,Business Services,Technology Services,104.42,107.58,103.37,104.08,289,4.332438459915605,20,2,1,0,0,0
COHR,Business Services,Technology Services,35__2,35,2.0,5. p99_trade_value,128109.99999999999,479000.0,O:COHR241220P00100000,COHR,P,100.0,2024-12-20,241,0,323,1.5,1734036561928000000,1000,150000.0,2024-12-12,3000,30,True,Stock Options Cross,Business Services,Technology Services,104.42,107.58,103.37,104.08,29,5.176091259055681,20,1,1,1,1,0
COHR,Business Services,Technology Services,35__2,35,2.0,7. p90_trade_value,19210.0,31592.0,O:COHR241220P00101000,COHR,P,101.0,2024-12-20,240,0,302,1.55,1734029151301000000,125,19375.0,2024-12-12,3000,30,True,Stock Options auto-electronic trade,Business Services,Technology Services,104.42,107.58,103.37,104.08,331,4.287241711178348,20,2,1,1,1,0
COHR,Business Services,Technology Services,35__2,35,2.0,7. p90_trade_value,19210.0,31592.0,O:COHR241220P00101000,COHR,P,101.0,2024-12-20,240,0,304,1.55,1734029151302000000,125,19375.0,2024-12-12,3000,30,True,Stock Options auto-electronic trade,Business Services,Technology Services,104.42,107.58,103.37,104.08,330,4.287241711178348,20,2,1,1,1,0
COHR,Business Services,Technology Services,35__2,35,2.0,7. p90_trade_value,19210.0,31592.0,O:COHR241227C00114000,COHR,C,114.0,2024-12-27,209,0,308,1.6,1734121411614000000,184,29440.000000000004,2024-12-13,3000,30,True,Automatic Execution,Business Services,Technology Services,107.595,108.17,103.56,106.64,186,4.468937805665461,20,2,0,0,0,1
COHR,Business Services,Technology Services,35__2,35,2.0,5. p99_trade_value,128109.99999999999,479000.0,O:COHR250103C00115000,COHR,C,115.0,2025-01-03,233,0,304,2.2,1734102074818000000,989,217580.00000000003,2024-12-13,3000,30,True,Multi Leg Auction,Business Services,Technology Services,107.595,108.17,103.56,106.64,23,5.337618972419386,20,1,0,0,0,1
COHR,Business Services,Technology Services,35__2,35,2.0,6. p95_trade_value,32000.0,128079.0,O:COHR241220C00109000,COHR,C,109.0,2024-12-20,233,0,323,0.5,1734450784929000000,750,37500.0,2024-12-17,3000,30,True,Multi Leg Auction,Business Services,Technology Services,106.41,106.76,101.23,103.29,136,4.574031267727719,20,1,0,0,0,1
COHR,Business Services,Technology Services,35__2,35,2.0,6. p95_trade_value,32000.0,128079.0,O:COHR241227C00103000,COHR,C,103.0,2024-12-27,233,0,323,1.3,1734619042929000000,750,97500.0,2024-12-19,3000,30,True,Multi Leg Auction,Business Services,Technology Services,99.35,100.88,95.0,96.18,57,4.989004615698537,20,1,0,0,0,1
COHR,Business Services,Technology Services,35__2,35,2.0,6. p95_trade_value,32000.0,128079.0,O:COHR241227C00101000,COHR,C,101.0,2024-12-27,233,0,323,1.44,1734709985276000000,750,108000.0,2024-12-20,3000,30,True,Multi Leg Auction,Business Services,Technology Services,95.0,99.03,94.0913,97.67,47,5.033423755486949,20,1,0,0,0,1
COHR,Business Services,Technology Services,35__2,35,2.0,6. p95_trade_value,32000.0,128079.0,O:COHR241227C00103000,COHR,C,103.0,2024-12-27,233,0,323,0.91,1734709985276000000,750,68250.0,2024-12-20,3000,30,True,Multi Leg Auction,Business Services,Technology Services,95.0,99.03,94.0913,97.67,76,4.834102655712794,20,1,0,0,0,1
COHR,Business Services,Technology Services,35__2,35,2.0,6. p95_trade_value,32000.0,128079.0,O:COHR241227P00092000,COHR,P,92.0,2024-12-27,233,0,323,0.86,1734709985276000000,750,64500.0,2024-12-20,3000,30,True,Multi Leg Auction,Business Services,Technology Services,95.0,99.03,94.0913,97.67,79,4.8095597146352675,20,1,0,0,0,1
COHR,Business Services,Technology Services,35__2,35,2.0,6. p95_trade_value,32000.0,128079.0,O:COHR250117C00105000,COHR,C,105.0,2025-01-17,209,0,316,3.5,1734711075212000000,100,35000.0,2024-12-20,3000,30,True,Automatic Execution,Business Services,Technology Services,95.0,99.03,94.0913,97.67,150,4.544068044350276,20,1,1,0,0,0
COHR,Business Services,Technology Services,35__2,35,2.0,5. p99_trade_value,128109.99999999999,479000.0,O:COHR250117C00105000,COHR,C,105.0,2025-01-17,227,0,308,3.21,1734720683336000000,998,320358.0,2024-12-20,3000,30,True,Single Leg Auction Non ISO,Business Services,Technology Services,95.0,99.03,94.0913,97.67,17,5.505635573692243,20,1,1,0,0,0
COHR,Business Services,Technology Services,35__2,35,2.0,6. p95_trade_value,32000.0,128079.0,O:COHR241227C00101000,COHR,C,101.0,2024-12-27,233,0,302,0.73,1735228228679000000,748,54604.0,2024-12-26,3000,30,True,Multi Leg Auction,Business Services,Technology Services,99.27,100.4,97.4807,99.6,94,4.737224457984917,20,1,0,0,0,1
COHR,Business Services,Technology Services,35__2,35,2.0,6. p95_trade_value,32000.0,128079.0,O:COHR250103C00103000,COHR,C,103.0,2025-01-03,233,0,302,1.4,1735228228679000000,748,104720.0,2024-12-26,3000,30,True,Multi Leg Auction,Business Services,Technology Services,99.27,100.4,97.4807,99.6,51,5.020029633542699,20,1,1,1,1,0
COHR,Business Services,Technology Services,35__2,35,2.0,6. p95_trade_value,32000.0,128079.0,O:COHR250103P00096000,COHR,P,96.0,2025-01-03,233,0,302,1.14,1735228228679000000,748,85271.99999999999,2024-12-26,3000,30,True,Multi Leg Auction,Business Services,Technology Services,99.27,100.4,97.4807,99.6,66,4.930806449200934,20,1,1,0,0,0
COHR,Business Services,Technology Services,35__2,35,2.0,6. p95_trade_value,32000.0,128079.0,O:COHR250110C00098000,COHR,C,98.0,2025-01-10,233,0,323,1.55,1735572204936000000,749,116095.0,2024-12-30,3000,30,True,Multi Leg Auction,Business Services,Technology Services,93.8,95.73,92.4,94.84,42,5.064813515869758,20,1,1,0,0,0
COHR,Business Services,Technology Services,35__2,35,2.0,6. p95_trade_value,32000.0,128079.0,O:COHR250110P00086000,COHR,P,86.0,2025-01-10,233,0,323,0.97,1735572204936000000,749,72653.0,2024-12-30,3000,30,True,Multi Leg Auction,Business Services,Technology Services,93.8,95.73,92.4,94.84,71,4.861253551965711,20,1,0,0,0,1
COHR,Business Services,Technology Services,35__2,35,2.0,7. p90_trade_value,19210.0,31592.0,O:COHR250117C00098000,COHR,C,98.0,2025-01-17,227,0,304,3.13,1735580534634000000,80,25039.999999999996,2024-12-30,3000,30,True,Single Leg Auction Non ISO,Business Services,Technology Services,93.8,95.73,92.4,94.84,225,4.398634324538392,20,2,1,1,1,0
COHR,Business Services,Technology Services,35__2,35,2.0,7. p90_trade_value,19210.0,31592.0,O:COHR250131P00090000,COHR,P,90.0,2025-01-31,232,0,302,1.95,1735839162496000000,126,24570.0,2025-01-02,3000,30,True,Multi Leg auto-electronic trade,Business Services,Technology Services,95.87,102.1,94.58,100.59,235,4.390405156480081,20,2,1,1,0,0
COHR,Business Services,Technology Services,35__2,35,2.0,7. p90_trade_value,19210.0,31592.0,O:COHR250131P00090000,COHR,P,90.0,2025-01-31,232,0,323,2.0,1735839023392000000,100,20000.0,2025-01-02,3000,30,True,Multi Leg auto-electronic trade,Business Services,Technology Services,95.87,102.1,94.58,100.59,316,4.301029995663981,20,2,1,1,0,0
COHR,Business Services,Technology Services,35__2,35,2.0,6. p95_trade_value,32000.0,128079.0,O:COHR250110C00108000,COHR,C,108.0,2025-01-10,233,0,323,1.5,1735919859748000000,750,112500.0,2025-01-03,3000,30,True,Multi Leg Auction,Business Services,Technology Services,102.72,106.75,101.31,106.24,44,5.051152522447381,20,1,1,0,0,0
COHR,Business Services,Technology Services,35__2,35,2.0,6. p95_trade_value,32000.0,128079.0,O:COHR250110P00086000,COHR,P,86.0,2025-01-10,233,0,323,0.84,1735919859748000000,750,63000.0,2025-01-03,3000,30,True,Multi Leg Auction,Business Services,Technology Services,102.72,106.75,101.31,106.24,81,4.799340549453582,20,1,0,0,0,1
COHR,Business Services,Technology Services,35__2,35,2.0,6. p95_trade_value,32000.0,128079.0,O:COHR250110P00100000,COHR,P,100.0,2025-01-10,233,0,323,1.05,1735919859748000000,750,78750.0,2025-01-03,3000,30,True,Multi Leg Auction,Business Services,Technology Services,102.72,106.75,101.31,106.24,69,4.896250562461638,20,1,1,1,1,0
COHR,Business Services,Technology Services,35__2,35,2.0,5. p99_trade_value,128109.99999999999,479000.0,O:COHR250117C00108000,COHR,C,108.0,2025-01-17,227,0,312,2.78,1735923048418000000,531,147617.99999999997,2025-01-03,3000,30,True,Single Leg Auction Non ISO,Business Services,Technology Services,102.72,106.75,101.31,106.24,30,5.169139316999545,20,1,1,0,0,0
COHR,Business Services,Technology Services,35__2,35,2.0,6. p95_trade_value,32000.0,128079.0,O:COHR250117C00108000,COHR,C,108.0,2025-01-17,227,0,312,2.78,1735923031123000000,458,127324.0,2025-01-03,3000,30,True,Single Leg Auction Non ISO,Business Services,Technology Services,102.72,106.75,101.31,106.24,36,5.104910273921946,20,1,1,0,0,0
COHR,Business Services,Technology Services,35__2,35,2.0,5. p99_trade_value,128109.99999999999,479000.0,O:COHR250117C00103000,COHR,C,103.0,2025-01-17,233,0,323,2.25,1736262392118000000,748,168300.0,2025-01-07,3000,30,True,Multi Leg Auction,Business Services,Technology Services,101.02,101.81,96.21,97.43,27,5.226084115975824,20,1,0,0,0,1
COHR,Business Services,Technology Services,35__2,35,2.0,6. p95_trade_value,32000.0,128079.0,O:COHR250117P00090000,COHR,P,90.0,2025-01-17,233,0,323,0.9,1736262392118000000,748,67320.0,2025-01-07,3000,30,True,Multi Leg Auction,Business Services,Technology Services,101.02,101.81,96.21,97.43,77,4.828144107303786,20,1,1,0,0,0
COHR,Business Services,Technology Services,35__2,35,2.0,6. p95_trade_value,32000.0,128079.0,O:COHR250117P00090000,COHR,P,90.0,2025-01-17,227,0,323,1.83,1736350851453000000,198,36234.0,2025-01-08,3000,30,True,Single Leg Auction Non ISO,Business Services,Technology Services,97.15,97.745,92.52,93.66,143,4.559116279991961,20,1,1,0,0,0
COHR,Business Services,Technology Services,35__2,35,2.0,7. p90_trade_value,19210.0,31592.0,O:COHR250117P00090000,COHR,P,90.0,2025-01-17,209,0,302,1.75,1736350839476000000,118,20650.0,2025-01-08,3000,30,True,Automatic Execution,Business Services,Technology Services,97.15,97.745,92.52,93.66,301,4.3149200559924195,20,2,1,0,0,0
COHR,Business Services,Technology Services,35__2,35,2.0,6. p95_trade_value,32000.0,128079.0,O:COHR250117C00095000,COHR,C,95.0,2025-01-17,233,0,323,1.32,1736522818194000000,749,98868.0,2025-01-10,3000,30,True,Multi Leg Auction,Business Services,Technology Services,91.42,91.42,88.1,89.87,56,4.995055748905316,20,1,1,1,1,0
COHR,Business Services,Technology Services,35__2,35,2.0,6. p95_trade_value,32000.0,128079.0,O:COHR250117P00081000,COHR,P,81.0,2025-01-17,233,0,323,0.48,1736522818194000000,749,35952.0,2025-01-10,3000,30,True,Multi Leg Auction,Business Services,Technology Services,91.42,91.42,88.1,89.87,145,4.555723055075053,20,1,0,0,0,1
COHR,Business Services,Technology Services,35__2,35,2.0,6. p95_trade_value,32000.0,128079.0,O:COHR250124C00102000,COHR,C,102.0,2025-01-24,233,0,323,1.58,1737133208171000000,749,118342.0,2025-01-17,3000,30,True,Multi Leg Auction,Business Services,Technology Services,97.72,99.17,96.29,98.29,41,5.073138904653889,20,1,1,1,0,0
COHR,Business Services,Technology Services,35__2,35,2.0,6. p95_trade_value,32000.0,128079.0,O:COHR250124P00090000,COHR,P,90.0,2025-01-24,233,0,323,1.46,1737133208171000000,749,109354.0,2025-01-17,3000,30,True,Multi Leg Auction,Business Services,Technology Services,97.72,99.17,96.29,98.29,46,5.038834673483904,20,1,0,0,0,1
COHR,Business Services,Technology Services,35__2,35,2.0,5. p99_trade_value,128109.99999999999,479000.0,O:COHR250214P00084000,COHR,P,84.0,2025-02-14,241,0,323,1.05,1737492124015000000,3750,393750.0,2025-01-21,3000,30,True,Stock Options Cross,Business Services,Technology Services,100.0,104.12,96.88,103.2,11,5.595220566797657,20,1,1,0,0,0
COHR,Business Services,Technology Services,35__2,35,2.0,1. p999999_trade_value,1312500.0,1312500.0,O:COHR250214P00095000,COHR,P,95.0,2025-02-14,241,0,323,3.5,1737492124015000000,3750,1312500.0,2025-01-21,3000,30,True,Stock Options Cross,Business Services,Technology Services,100.0,104.12,96.88,103.2,1,6.1180993120779945,20,1,1,1,1,0
COHR,Business Services,Technology Services,35__2,35,2.0,6. p95_trade_value,32000.0,128079.0,O:COHR250131P00095000,COHR,P,95.0,2025-01-31,233,0,323,0.53,1737562585084000000,750,39750.0,2025-01-22,3000,30,True,Multi Leg Auction,Business Services,Technology Services,106.83,110.73,105.63,107.96,128,4.599337132992489,20,1,1,1,1,0
COHR,Business Services,Technology Services,35__2,35,2.0,5. p99_trade_value,128109.99999999999,479000.0,O:COHR250221C00110000,COHR,C,110.0,2025-02-21,242,0,300,7.3,1737655027682000000,600,438000.0,2025-01-23,3000,30,True,Stock Options floor trade,Business Services,Technology Services,105.78,108.81,104.5315,107.76,9,5.6414741105041,20,1,0,0,0,1
COHR,Business Services,Technology Services,35__2,35,2.0,7. p90_trade_value,19210.0,31592.0,O:COHR250221C00135000,COHR,C,135.0,2025-02-21,235,0,313,0.7,1737736627068000000,294,20580.0,2025-01-24,3000,30,True,Multi Leg floor trade,Business Services,Technology Services,108.65,108.7,100.0,100.33,302,4.313445370426414,20,2,0,0,0,1
COHR,Business Services,Technology Services,35__2,35,2.0,6. p95_trade_value,32000.0,128079.0,O:COHR250221P00080000,COHR,P,80.0,2025-02-21,235,0,313,0.67,1737736627067000000,590,39530.0,2025-01-24,3000,30,True,Multi Leg floor trade,Business Services,Technology Services,108.65,108.7,100.0,100.33,130,4.596926814342971,20,1,1,0,0,0
COHR,Business Services,Technology Services,35__2,35,2.0,7. p90_trade_value,19210.0,31592.0,O:COHR250131P00070000,COHR,P,70.0,2025-01-31,233,0,302,0.44,1737990997768000000,718,31592.0,2025-01-27,3000,30,True,Multi Leg Auction,Business Services,Technology Services,88.0,90.0,75.6,81.32,169,4.499577120728488,20,2,0,0,0,1
COHR,Business Services,Technology Services,35__2,35,2.0,7. p90_trade_value,19210.0,31592.0,O:COHR250214P00075000,COHR,P,75.0,2025-02-14,209,0,308,3.2,1737990668905000000,71,22720.0,2025-01-27,3000,30,True,Automatic Execution,Business Services,Technology Services,88.0,90.0,75.6,81.32,275,4.356408327038981,20,2,0,0,0,1
COHR,Business Services,Technology Services,35__2,35,2.0,7. p90_trade_value,19210.0,31592.0,O:COHR250214P00075000,COHR,P,75.0,2025-02-14,209,0,316,3.6,1737990903559000000,71,25560.0,2025-01-27,3000,30,True,Automatic Execution,Business Services,Technology Services,88.0,90.0,75.6,81.32,219,4.407560849486362,20,2,0,0,0,1
COHR,Business Services,Technology Services,35__2,35,2.0,7. p90_trade_value,19210.0,31592.0,O:COHR250221C00105000,COHR,C,105.0,2025-02-21,235,0,301,0.8,1737990927908000000,354,28320.0,2025-01-27,3000,30,True,Multi Leg floor trade,Business Services,Technology Services,88.0,90.0,75.6,81.32,195,4.452093249017731,20,2,1,0,0,0
COHR,Business Services,Technology Services,35__2,35,2.0,6. p95_trade_value,32000.0,128079.0,O:COHR250221P00065000,COHR,P,65.0,2025-02-21,235,0,301,1.34,1737990927908000000,354,47436.0,2025-01-27,3000,30,True,Multi Leg floor trade,Business Services,Technology Services,88.0,90.0,75.6,81.32,108,4.676108060390596,20,1,0,0,0,1
COHR,Business Services,Technology Services,35__2,35,2.0,6. p95_trade_value,32000.0,128079.0,O:COHR250131C00086000,COHR,C,86.0,2025-01-31,233,0,323,0.67,1738084050189000000,750,50250.00000000001,2025-01-28,3000,30,True,Multi Leg Auction,Business Services,Technology Services,83.7,84.31,78.61,82.49,101,4.701136066092526,20,1,1,1,1,0
COHR,Business Services,Technology Services,35__2,35,2.0,7. p90_trade_value,19210.0,31592.0,O:COHR250207C00085000,COHR,C,85.0,2025-02-07,232,0,304,4.91,1738075809363000000,50,24550.0,2025-01-28,3000,30,True,Multi Leg auto-electronic trade,Business Services,Technology Services,83.7,84.31,78.61,82.49,236,4.390051496458987,20,2,1,1,1,0
COHR,Business Services,Technology Services,35__2,35,2.0,6. p95_trade_value,32000.0,128079.0,O:COHR250221C00085000,COHR,C,85.0,2025-02-21,209,0,316,6.6,1738097400086000000,98,64679.99999999999,2025-01-28,3000,30,True,Automatic Execution,Business Services,Technology Services,83.7,84.31,78.61,82.49,78,4.810770011234363,20,1,1,1,0,0
COHR,Business Services,Technology Services,35__2,35,2.0,7. p90_trade_value,19210.0,31592.0,O:COHR250221C00085000,COHR,C,85.0,2025-02-21,209,0,323,7.2,1738074926372000000,33,23760.0,2025-01-28,3000,30,True,Automatic Execution,Business Services,Technology Services,83.7,84.31,78.61,82.49,247,4.375846436309156,20,2,1,1,0,0
COHR,Business Services,Technology Services,35__2,35,2.0,7. p90_trade_value,19210.0,31592.0,O:COHR250221C00096000,COHR,C,96.0,2025-02-21,209,0,319,2.45,1738086158422000000,96,23520.0,2025-01-28,3000,30,True,Automatic Execution,Business Services,Technology Services,83.7,84.31,78.61,82.49,259,4.371437317404101,20,2,1,0,0,0
COHR,Business Services,Technology Services,35__2,35,2.0,6. p95_trade_value,32000.0,128079.0,O:COHR250221C00098000,COHR,C,98.0,2025-02-21,231,0,323,2.2,1738086203905000000,450,99000.00000000001,2025-01-28,3000,30,True,Single Leg Floor Trade,Business Services,Technology Services,83.7,84.31,78.61,82.49,55,4.99563519459755,20,1,1,0,0,0
COHR,Business Services,Technology Services,35__2,35,2.0,7. p90_trade_value,19210.0,31592.0,O:COHR250221C00098000,COHR,C,98.0,2025-02-21,209,0,325,2.2,1738086302447000000,99,21780.0,2025-01-28,3000,30,True,Automatic Execution,Business Services,Technology Services,83.7,84.31,78.61,82.49,286,4.338057875419756,20,2,1,0,0,0
COHR,Business Services,Technology Services,35__2,35,2.0,7. p90_trade_value,19210.0,31592.0,O:COHR250221C00098000,COHR,C,98.0,2025-02-21,209,0,325,2.2,1738086281927000000,100,22000.000000000004,2025-01-28,3000,30,True,Automatic Execution,Business Services,Technology Services,83.7,84.31,78.61,82.49,283,4.342422680822207,20,2,1,0,0,0
COHR,Business Services,Technology Services,35__2,35,2.0,7. p90_trade_value,19210.0,31592.0,O:COHR250221C00098000,COHR,C,98.0,2025-02-21,209,0,325,2.2,1738086293726000000,100,22000.000000000004,2025-01-28,3000,30,True,Automatic Execution,Business Services,Technology Services,83.7,84.31,78.61,82.49,284,4.342422680822207,20,2,1,0,0,0
COHR,Business Services,Technology Services,35__2,35,2.0,7. p90_trade_value,19210.0,31592.0,O:COHR250221C00098000,COHR,C,98.0,2025-02-21,209,0,325,2.2,1738086300263000000,100,22000.000000000004,2025-01-28,3000,30,True,Automatic Execution,Business Services,Technology Services,83.7,84.31,78.61,82.49,285,4.342422680822207,20,2,1,0,0,0
COHR,Business Services,Technology Services,35__2,35,2.0,7. p90_trade_value,19210.0,31592.0,O:COHR250207C00090000,COHR,C,90.0,2025-02-07,227,0,309,5.15,1738162770362000000,50,25750.0,2025-01-29,3000,30,True,Single Leg Auction Non ISO,Business Services,Technology Services,84.47,87.21,83.6,85.58,217,4.4107772333772095,20,2,1,1,1,0
COHR,Business Services,Technology Services,35__2,35,2.0,7. p90_trade_value,19210.0,31592.0,O:COHR250207C00090000,COHR,C,90.0,2025-02-07,232,0,323,6.03,1738163410569000000,42,25326.000000000004,2025-01-29,3000,30,True,Multi Leg auto-electronic trade,Business Services,Technology Services,84.47,87.21,83.6,85.58,220,4.403566602538052,20,2,1,1,1,0
COHR,Business Services,Technology Services,35__2,35,2.0,7. p90_trade_value,19210.0,31592.0,O:COHR250207C00090000,COHR,C,90.0,2025-02-07,232,0,308,5.82,1738163410569000000,40,23280.0,2025-01-29,3000,30,True,Multi Leg auto-electronic trade,Business Services,Technology Services,84.47,87.21,83.6,85.58,264,4.366982975977851,20,2,1,1,1,0
COHR,Business Services,Technology Services,35__2,35,2.0,6. p95_trade_value,32000.0,128079.0,O:COHR250207C00090000,COHR,C,90.0,2025-02-07,232,0,302,5.78,1738163410569000000,83,47974.0,2025-01-29,3000,30,True,Multi Leg auto-electronic trade,Business Services,Technology Services,84.47,87.21,83.6,85.58,106,4.681005930796603,20,1,1,1,1,0
COHR,Business Services,Technology Services,35__2,35,2.0,6. p95_trade_value,32000.0,128079.0,O:COHR250207C00100000,COHR,C,100.0,2025-02-07,232,0,302,2.69,1738163410569000000,166,44654.0,2025-01-29,3000,30,True,Multi Leg auto-electronic trade,Business Services,Technology Services,84.47,87.21,83.6,85.58,116,4.6498603680424635,20,1,1,1,0,0
COHR,Business Services,Technology Services,35__2,35,2.0,7. p90_trade_value,19210.0,31592.0,O:COHR250207C00100000,COHR,C,100.0,2025-02-07,232,0,323,2.82,1738163410569000000,84,23688.0,2025-01-29,3000,30,True,Multi Leg auto-electronic trade,Business Services,Technology Services,84.47,87.21,83.6,85.58,249,4.374528394381243,20,2,1,1,0,0
COHR,Business Services,Technology Services,35__2,35,2.0,7. p90_trade_value,19210.0,31592.0,O:COHR250207C00100000,COHR,C,100.0,2025-02-07,232,0,308,2.71,1738163410569000000,80,21680.0,2025-01-29,3000,30,True,Multi Leg auto-electronic trade,Business Services,Technology Services,84.47,87.21,83.6,85.58,287,4.336059277866349,20,2,1,1,0,0
COHR,Business Services,Technology Services,35__2,35,2.0,7. p90_trade_value,19210.0,31592.0,O:COHR250214C00100000,COHR,C,100.0,2025-02-14,227,0,323,3.04,1738163999898000000,100,30400.0,2025-01-29,3000,30,True,Single Leg Auction Non ISO,Business Services,Technology Services,84.47,87.21,83.6,85.58,177,4.482873583608754,20,2,1,0,0,0
COHR,Business Services,Technology Services,35__2,35,2.0,7. p90_trade_value,19210.0,31592.0,O:COHR250214C00104000,COHR,C,104.0,2025-02-14,227,0,323,2.23,1738163845828000000,90,20070.0,2025-01-29,3000,30,True,Single Leg Auction Non ISO,Business Services,Technology Services,84.47,87.21,83.6,85.58,313,4.302547372487486,20,2,1,0,0,0
COHR,Business Services,Technology Services,35__2,35,2.0,6. p95_trade_value,32000.0,128079.0,O:COHR250221C00098000,COHR,C,98.0,2025-02-21,209,0,302,3.4,1738166396940000000,175,59500.0,2025-01-29,3000,30,True,Automatic Execution,Business Services,Technology Services,84.47,87.21,83.6,85.58,86,4.77451696572855,20,1,1,0,0,0
COHR,Business Services,Technology Services,35__2,35,2.0,7. p90_trade_value,19210.0,31592.0,O:COHR250221C00105000,COHR,C,105.0,2025-02-21,209,0,320,2.3,1738175882074000000,100,22999.999999999996,2025-01-29,3000,30,True,Automatic Execution,Business Services,Technology Services,84.47,87.21,83.6,85.58,268,4.361727836017593,20,2,1,0,0,0
COHR,Business Services,Technology Services,35__2,35,2.0,5. p99_trade_value,128109.99999999999,479000.0,O:COHR250221C00098000,COHR,C,98.0,2025-02-21,227,0,323,4.01,1738267817974000000,954,382554.0,2025-01-30,3000,30,True,Single Leg Auction Non ISO,Business Services,Technology Services,88.4,91.58,87.32,89.68,12,5.582692747324278,20,1,1,0,0,0
COHR,Business Services,Technology Services,35__2,35,2.0,5. p99_trade_value,128109.99999999999,479000.0,O:COHR250207C00098000,COHR,C,98.0,2025-02-07,233,0,323,5.03,1738337278179000000,748,376244.0,2025-01-31,3000,30,True,Multi Leg Auction,Business Services,Technology Services,91.0,94.81,89.6209,90.49,14,5.575469582920388,20,1,1,1,0,0
COHR,Business Services,Technology Services,35__2,35,2.0,6. p95_trade_value,32000.0,128079.0,O:COHR250207C00100000,COHR,C,100.0,2025-02-07,209,0,308,3.2,1738351483743000000,149,47680.0,2025-01-31,3000,30,True,Automatic Execution,Business Services,Technology Services,91.0,94.81,89.6209,90.49,107,4.67833624673218,20,1,1,1,0,0
COHR,Business Services,Technology Services,35__2,35,2.0,6. p95_trade_value,32000.0,128079.0,O:COHR250207C00100000,COHR,C,100.0,2025-02-07,209,0,320,3.8,1738343453920000000,100,38000.0,2025-01-31,3000,30,True,Automatic Execution,Business Services,Technology Services,91.0,94.81,89.6209,90.49,134,4.57978359661681,20,1,1,1,0,0
COHR,Business Services,Technology Services,35__2,35,2.0,5. p99_trade_value,128109.99999999999,479000.0,O:COHR250207P00083000,COHR,P,83.0,2025-02-07,233,0,323,2.53,1738337278180000000,748,189243.99999999997,2025-01-31,3000,30,True,Multi Leg Auction,Business Services,Technology Services,91.0,94.81,89.6209,90.49,25,5.2770221190402795,20,1,0,0,0,1
COHR,Business Services,Technology Services,35__2,35,2.0,6. p95_trade_value,32000.0,128079.0,O:COHR250214P00085000,COHR,P,85.0,2025-02-14,227,0,323,3.52,1738335049813000000,100,35200.0,2025-01-31,3000,30,True,Single Leg Auction Non ISO,Business Services,Technology Services,91.0,94.81,89.6209,90.49,149,4.546542663478131,20,1,1,1,0,0
COHR,Business Services,Technology Services,35__2,35,2.0,7. p90_trade_value,19210.0,31592.0,O:COHR250221C00090000,COHR,C,90.0,2025-02-21,209,0,300,6.5,1738608816670000000,31,20150.0,2025-02-03,3000,30,True,Automatic Execution,Business Services,Technology Services,84.43,89.3692,84.11,87.5,310,4.304275050477128,20,2,1,0,0,0
COHR,Business Services,Technology Services,35__2,35,2.0,5. p99_trade_value,128109.99999999999,479000.0,O:COHR250221C00090000,COHR,C,90.0,2025-02-21,227,0,312,6.2,1738615890148000000,547,339140.0,2025-02-03,3000,30,True,Single Leg Auction Non ISO,Business Services,Technology Services,84.43,89.3692,84.11,87.5,16,5.530379015831684,20,1,1,0,0,0
COHR,Business Services,Technology Services,35__2,35,2.0,7. p90_trade_value,19210.0,31592.0,O:COHR250221C00090000,COHR,C,90.0,2025-02-21,209,0,318,6.5,1738608816650000000,47,30550.0,2025-02-03,3000,30,True,Automatic Execution,Business Services,Technology Services,84.43,89.3692,84.11,87.5,176,4.485011214578573,20,2,1,0,0,0
COHR,Business Services,Technology Services,35__2,35,2.0,6. p95_trade_value,32000.0,128079.0,O:COHR250221C00090000,COHR,C,90.0,2025-02-21,231,0,301,6.4,1738616038566000000,50,32000.0,2025-02-03,3000,30,True,Single Leg Floor Trade,Business Services,Technology Services,84.43,89.3692,84.11,87.5,167,4.505149978319906,20,1,1,0,0,0
COHR,Business Services,Technology Services,35__2,35,2.0,7. p90_trade_value,19210.0,31592.0,O:COHR250221C00090000,COHR,C,90.0,2025-02-21,227,0,312,6.18,1738615890148000000,32,19776.0,2025-02-03,3000,30,True,Single Leg Auction Non ISO,Business Services,Technology Services,84.43,89.3692,84.11,87.5,322,4.296138453408722,20,2,1,0,0,0
COHR,Business Services,Technology Services,35__2,35,2.0,7. p90_trade_value,19210.0,31592.0,O:COHR250221C00090000,COHR,C,90.0,2025-02-21,209,0,315,6.5,1738608816679000000,42,27300.0,2025-02-03,3000,30,True,Automatic Execution,Business Services,Technology Services,84.43,89.3692,84.11,87.5,207,4.4361626470407565,20,2,1,0,0,0
COHR,Business Services,Technology Services,35__2,35,2.0,7. p90_trade_value,19210.0,31592.0,O:COHR250221C00100000,COHR,C,100.0,2025-02-21,227,0,304,3.2,1738609611163000000,79,25280.0,2025-02-03,3000,30,True,Single Leg Auction Non ISO,Business Services,Technology Services,84.43,89.3692,84.11,87.5,221,4.402777069610347,20,2,1,0,0,0
COHR,Business Services,Technology Services,35__2,35,2.0,6. p95_trade_value,32000.0,128079.0,O:COHR250207P00080000,COHR,P,80.0,2025-02-07,209,0,316,2.2,1738682540487000000,398,87560.0,2025-02-04,3000,30,True,Automatic Execution,Business Services,Technology Services,86.29,88.44,85.85,87.74,64,4.942305752895894,20,1,0,0,0,1
COHR,Business Services,Technology Services,35__2,35,2.0,4. p999_trade_value,670220.0,825000.0,O:COHR250214P00084000,COHR,P,84.0,2025-02-14,241,0,323,4.4,1738689085668000000,1875,825000.0,2025-02-04,3000,30,True,Stock Options Cross,Business Services,Technology Services,86.29,88.44,85.85,87.74,2,5.9164539485499255,20,1,1,0,0,0
COHR,Business Services,Technology Services,35__2,35,2.0,4. p999_trade_value,670220.0,825000.0,O:COHR250214P00084000,COHR,P,84.0,2025-02-14,241,0,323,4.3,1738689088170000000,1875,806250.0,2025-02-04,3000,30,True,Stock Options Cross,Business Services,Technology Services,86.29,88.44,85.85,87.74,3,5.906469727643324,20,1,1,0,0,0
COHR,Business Services,Technology Services,35__2,35,2.0,5. p99_trade_value,128109.99999999999,479000.0,O:COHR250221C00090000,COHR,C,90.0,2025-02-21,242,0,313,5.4,1738691270450000000,350,189000.00000000003,2025-02-04,3000,30,True,Stock Options floor trade,Business Services,Technology Services,86.29,88.44,85.85,87.74,26,5.276461804173244,20,1,1,0,0,0
COHR,Business Services,Technology Services,35__2,35,2.0,6. p95_trade_value,32000.0,128079.0,O:COHR250221C00090000,COHR,C,90.0,2025-02-21,209,0,325,5.55,1738695597008000000,150,83250.0,2025-02-04,3000,30,True,Automatic Execution,Business Services,Technology Services,86.29,88.44,85.85,87.74,67,4.920384242178358,20,1,1,0,0,0
COHR,Business Services,Technology Services,35__2,35,2.0,6. p95_trade_value,32000.0,128079.0,O:COHR250221C00090000,COHR,C,90.0,2025-02-21,209,0,316,5.6,1738695636255000000,142,79520.0,2025-02-04,3000,30,True,Automatic Execution,Business Services,Technology Services,86.29,88.44,85.85,87.74,68,4.9004763713892565,20,1,1,0,0,0
COHR,Business Services,Technology Services,35__2,35,2.0,7. p90_trade_value,19210.0,31592.0,O:COHR250207C00093000,COHR,C,93.0,2025-02-07,209,0,301,4.7,1738785671960000000,45,21150.0,2025-02-05,3000,30,True,Automatic Execution,Business Services,Technology Services,88.61,92.76,88.03,90.1,292,4.325310371711061,20,2,1,1,1,0
COHR,Business Services,Technology Services,35__2,35,2.0,6. p95_trade_value,32000.0,128079.0,O:COHR250207C00094000,COHR,C,94.0,2025-02-07,209,0,316,4.1,1738770181265000000,309,126689.99999999999,2025-02-05,3000,30,True,Automatic Execution,Business Services,Technology Services,88.61,92.76,88.03,90.1,37,5.10274233614457,20,1,1,1,1,0
COHR,Business Services,Technology Services,35__2,35,2.0,6. p95_trade_value,32000.0,128079.0,O:COHR250207C00096000,COHR,C,96.0,2025-02-07,209,0,323,3.6,1738789147086000000,90,32400.0,2025-02-05,3000,30,True,Automatic Execution,Business Services,Technology Services,88.61,92.76,88.03,90.1,163,4.510545010206612,20,1,1,1,0,0
COHR,Business Services,Technology Services,35__2,35,2.0,7. p90_trade_value,19210.0,31592.0,O:COHR250207C00097000,COHR,C,97.0,2025-02-07,209,0,303,3.5,1738789051037000000,65,22750.0,2025-02-05,3000,30,True,Automatic Execution,Business Services,Technology Services,88.61,92.76,88.03,90.1,272,4.356981400993131,20,2,1,1,0,0
COHR,Business Services,Technology Services,35__2,35,2.0,6. p95_trade_value,32000.0,128079.0,O:COHR250207C00100000,COHR,C,100.0,2025-02-07,232,0,313,2.79,1738775091448000000,188,52452.0,2025-02-05,3000,30,True,Multi Leg auto-electronic trade,Business Services,Technology Services,88.61,92.76,88.03,90.1,98,4.719762052537277,20,1,1,1,0,0
COHR,Business Services,Technology Services,35__2,35,2.0,7. p90_trade_value,19210.0,31592.0,O:COHR250207C00105000,COHR,C,105.0,2025-02-07,232,0,313,1.56,1738775091447000000,188,29328.000000000004,2025-02-05,3000,30,True,Multi Leg auto-electronic trade,Business Services,Technology Services,88.61,92.76,88.03,90.1,187,4.467282447618142,20,2,1,0,0,0
COHR,Business Services,Technology Services,35__2,35,2.0,7. p90_trade_value,19210.0,31592.0,O:COHR250207C00105000,COHR,C,105.0,2025-02-07,232,0,313,1.39,1738781340839000000,162,22517.999999999996,2025-02-05,3000,30,True,Multi Leg auto-electronic trade,Business Services,Technology Services,88.61,92.76,88.03,90.1,277,4.352529814796726,20,2,1,0,0,0
COHR,Business Services,Technology Services,35__2,35,2.0,6. p95_trade_value,32000.0,128079.0,O:COHR250207P00088000,COHR,P,88.0,2025-02-07,209,0,316,4.9,1738789075351000000,75,36750.0,2025-02-05,3000,30,True,Automatic Execution,Business Services,Technology Services,88.61,92.76,88.03,90.1,140,4.565257343420214,20,1,0,0,0,1
COHR,Business Services,Technology Services,35__2,35,2.0,7. p90_trade_value,19210.0,31592.0,O:COHR250214C00095000,COHR,C,95.0,2025-02-14,209,0,304,5.8,1738786596110000000,36,20880.0,2025-02-05,3000,30,True,Automatic Execution,Business Services,Technology Services,88.61,92.76,88.03,90.1,297,4.319730494330225,20,2,1,0,0,0
COHR,Business Services,Technology Services,35__2,35,2.0,7. p90_trade_value,19210.0,31592.0,O:COHR250214C00095000,COHR,C,95.0,2025-02-14,209,0,304,5.6,1738786522714000000,36,20160.0,2025-02-05,3000,30,True,Automatic Execution,Business Services,Technology Services,88.61,92.76,88.03,90.1,309,4.3044905277734875,20,2,1,0,0,0
COHR,Business Services,Technology Services,35__2,35,2.0,6. p95_trade_value,32000.0,128079.0,O:COHR250214C00095000,COHR,C,95.0,2025-02-14,209,0,320,5.9,1738786596118000000,72,42480.0,2025-02-05,3000,30,True,Automatic Execution,Business Services,Technology Services,88.61,92.76,88.03,90.1,120,4.628184508073413,20,1,1,0,0,0
COHR,Business Services,Technology Services,35__2,35,2.0,7. p90_trade_value,19210.0,31592.0,O:COHR250214C00096000,COHR,C,96.0,2025-02-14,231,0,301,4.7,1738775718968000000,50,23500.0,2025-02-05,3000,30,True,Single Leg Floor Trade,Business Services,Technology Services,88.61,92.76,88.03,90.1,261,4.371067862271736,20,2,1,0,0,0
COHR,Business Services,Technology Services,35__2,35,2.0,5. p99_trade_value,128109.99999999999,479000.0,O:COHR250221C00093000,COHR,C,93.0,2025-02-21,242,0,323,6.0,1738772217698000000,400,240000.0,2025-02-05,3000,30,True,Stock Options floor trade,Business Services,Technology Services,88.61,92.76,88.03,90.1,21,5.380211241711606,20,1,1,0,0,0
COHR,Business Services,Technology Services,35__2,35,2.0,6. p95_trade_value,32000.0,128079.0,O:COHR250221C00095000,COHR,C,95.0,2025-02-21,209,0,308,5.5,1738788421871000000,72,39600.0,2025-02-05,3000,30,True,Automatic Execution,Business Services,Technology Services,88.61,92.76,88.03,90.1,129,4.597695185925512,20,1,1,0,0,0
COHR,Business Services,Technology Services,35__2,35,2.0,5. p99_trade_value,128109.99999999999,479000.0,O:COHR250221C00095000,COHR,C,95.0,2025-02-21,227,0,308,4.73,1738769147904000000,800,378400.00000000006,2025-02-05,3000,30,True,Single Leg Auction Non ISO,Business Services,Technology Services,88.61,92.76,88.03,90.1,13,5.577951127729755,20,1,1,0,0,0
COHR,Business Services,Technology Services,35__2,35,2.0,6. p95_trade_value,32000.0,128079.0,O:COHR250221C00095000,COHR,C,95.0,2025-02-21,227,0,308,4.73,1738769138294000000,200,94600.00000000001,2025-02-05,3000,30,True,Single Leg Auction Non ISO,Business Services,Technology Services,88.61,92.76,88.03,90.1,59,4.975891136401793,20,1,1,0,0,0
COHR,Business Services,Technology Services,35__2,35,2.0,6. p95_trade_value,32000.0,128079.0,O:COHR250221C00096000,COHR,C,96.0,2025-02-21,209,0,323,5.0,1738789168982000000,157,78500.0,2025-02-05,3000,30,True,Automatic Execution,Business Services,Technology Services,88.61,92.76,88.03,90.1,70,4.894869656745253,20,1,1,0,0,0
COHR,Business Services,Technology Services,35__2,35,2.0,7. p90_trade_value,19210.0,31592.0,O:COHR250221C00100000,COHR,C,100.0,2025-02-21,209,0,316,4.2,1738788624351000000,71,29820.0,2025-02-05,3000,30,True,Automatic Execution,Business Services,Technology Services,88.61,92.76,88.03,90.1,182,4.474507639116975,20,2,1,0,0,0
COHR,Business Services,Technology Services,35__2,35,2.0,5. p99_trade_value,128109.99999999999,479000.0,O:COHR250221C00101000,COHR,C,101.0,2025-02-21,231,0,301,3.5,1738775932800000000,1000,350000.0,2025-02-05,3000,30,True,Single Leg Floor Trade,Business Services,Technology Services,88.61,92.76,88.03,90.1,15,5.544068044350276,20,1,1,0,0,0
COHR,Business Services,Technology Services,35__2,35,2.0,7. p90_trade_value,19210.0,31592.0,O:COHR250221P00080000,COHR,P,80.0,2025-02-21,209,0,316,2.35,1738786758534000000,89,20915.0,2025-02-05,3000,30,True,Automatic Execution,Business Services,Technology Services,88.61,92.76,88.03,90.1,296,4.320457868916649,20,2,0,0,0,1
COHR,Business Services,Technology Services,35__2,35,2.0,7. p90_trade_value,19210.0,31592.0,O:COHR250221P00081000,COHR,P,81.0,2025-02-21,209,0,316,2.65,1738786752844000000,93,24645.0,2025-02-05,3000,30,True,Automatic Execution,Business Services,Technology Services,88.61,92.76,88.03,90.1,232,4.391728822490743,20,2,0,0,0,1
COHR,Business Services,Technology Services,35__2,35,2.0,7. p90_trade_value,19210.0,31592.0,O:COHR250221P00081000,COHR,P,81.0,2025-02-21,209,0,316,2.65,1738786752844000000,93,24645.0,2025-02-05,3000,30,True,Automatic Execution,Business Services,Technology Services,88.61,92.76,88.03,90.1,231,4.391728822490743,20,2,0,0,0,1
COHR,Business Services,Technology Services,35__2,35,2.0,7. p90_trade_value,19210.0,31592.0,O:COHR250221P00088000,COHR,P,88.0,2025-02-21,232,0,308,5.2,1738785687350000000,38,19760.0,2025-02-05,3000,30,True,Multi Leg auto-electronic trade,Business Services,Technology Services,88.61,92.76,88.03,90.1,323,4.29578694025161,20,2,1,1,1,0
COHR,Business Services,Technology Services,35__2,35,2.0,7. p90_trade_value,19210.0,31592.0,O:COHR250307C00095000,COHR,C,95.0,2025-03-07,209,0,300,6.5,1738774118754000000,48,31200.0,2025-02-05,3000,30,True,Automatic Execution,Business Services,Technology Services,88.61,92.76,88.03,90.1,171,4.494154594018442,20,2,1,0,0,0
COHR,Business Services,Technology Services,35__2,35,2.0,7. p90_trade_value,19210.0,31592.0,O:COHR250207P00083000,COHR,P,83.0,2025-02-07,233,0,323,0.38,1738855252046000000,750,28500.0,2025-02-06,3000,30,True,Multi Leg Auction,Business Services,Technology Services,103.25,107.37,98.7,100.46,193,4.45484486000851,20,2,0,0,0,1
COHR,Business Services,Technology Services,35__2,35,2.0,6. p95_trade_value,32000.0,128079.0,O:COHR250214P00090000,COHR,P,90.0,2025-02-14,233,0,323,0.61,1738855252045000000,750,45750.0,2025-02-06,3000,30,True,Multi Leg Auction,Business Services,Technology Services,103.25,107.37,98.7,100.46,111,4.660391098402467,20,1,1,1,1,0
COHR,Business Services,Technology Services,35__2,35,2.0,6. p95_trade_value,32000.0,128079.0,O:COHR250214C00104000,COHR,C,104.0,2025-02-14,233,0,323,0.79,1739200483166000000,749,59171.0,2025-02-10,3000,30,True,Multi Leg Auction,Business Services,Technology Services,97.92,98.18,91.07,93.66,87,4.772108908989908,20,1,0,0,0,1
COHR,Business Services,Technology Services,35__2,35,2.0,6. p95_trade_value,32000.0,128079.0,O:COHR250214P00090000,COHR,P,90.0,2025-02-14,233,0,323,1.71,1739200483166000000,749,128079.0,2025-02-10,3000,30,True,Multi Leg Auction,Business Services,Technology Services,97.92,98.18,91.07,93.66,35,5.107477928091621,20,1,1,1,1,0
COHR,Business Services,Technology Services,35__2,35,2.0,6. p95_trade_value,32000.0,128079.0,O:COHR250221P00085000,COHR,P,85.0,2025-02-21,233,0,323,0.95,1739200483166000000,749,71155.0,2025-02-10,3000,30,True,Multi Leg Auction,Business Services,Technology Services,97.92,98.18,91.07,93.66,74,4.852205422988314,20,1,1,1,1,0
COHR,Business Services,Technology Services,35__2,35,2.0,6. p95_trade_value,32000.0,128079.0,O:COHR250228P00086000,COHR,P,86.0,2025-02-28,209,0,318,4.5,1739287475847000000,90,40500.0,2025-02-11,3000,30,True,Automatic Execution,Business Services,Technology Services,91.67,92.45,87.33,87.5,126,4.607455023214668,20,1,1,1,1,0
COHR,Business Services,Technology Services,35__2,35,2.0,7. p90_trade_value,19210.0,31592.0,O:COHR250307P00080000,COHR,P,80.0,2025-03-07,209,0,308,2.5,1739470474728000000,99,24750.0,2025-02-13,3000,30,True,Automatic Execution,Business Services,Technology Services,87.35,88.24,83.63,86.46,229,4.393575203269587,20,2,1,1,1,0
COHR,Business Services,Technology Services,35__2,35,2.0,6. p95_trade_value,32000.0,128079.0,O:COHR250228C00092000,COHR,C,92.0,2025-02-28,233,0,323,1.47,1739553770348000000,750,110250.0,2025-02-14,3000,30,True,Multi Leg Auction,Business Services,Technology Services,86.8,87.36,84.28,86.8,45,5.0423785981398765,20,1,0,0,0,1
COHR,Business Services,Technology Services,35__2,35,2.0,6. p95_trade_value,32000.0,128079.0,O:COHR250228P00075000,COHR,P,75.0,2025-02-28,233,0,323,0.76,1739553770348000000,750,57000.0,2025-02-14,3000,30,True,Multi Leg Auction,Business Services,Technology Services,86.8,87.36,84.28,86.8,92,4.7558748556724915,20,1,1,1,0,0
COHR,Business Services,Technology Services,35__2,35,2.0,6. p95_trade_value,32000.0,128079.0,O:COHR250321C00090000,COHR,C,90.0,2025-03-21,209,0,322,3.9,1740072669301000000,150,58500.0,2025-02-20,3000,30,True,Automatic Execution,Business Services,Technology Services,86.37,86.66,82.21,86.24,89,4.76715586608218,20,1,0,0,0,1
COHR,Business Services,Technology Services,35__2,35,2.0,6. p95_trade_value,32000.0,128079.0,O:COHR250321C00090000,COHR,C,90.0,2025-03-21,209,0,323,3.6,1740071479068000000,172,61920.00000000001,2025-02-20,3000,30,True,Automatic Execution,Business Services,Technology Services,86.37,86.66,82.21,86.24,83,4.791830947674836,20,1,0,0,0,1
COHR,Business Services,Technology Services,35__2,35,2.0,7. p90_trade_value,19210.0,31592.0,O:COHR250321C00090000,COHR,C,90.0,2025-03-21,209,0,312,3.6,1740071479067000000,69,24840.0,2025-02-20,3000,30,True,Automatic Execution,Business Services,Technology Services,86.37,86.66,82.21,86.24,227,4.3951515915045425,20,2,0,0,0,1
COHR,Business Services,Technology Services,35__2,35,2.0,7. p90_trade_value,19210.0,31592.0,O:COHR250321C00090000,COHR,C,90.0,2025-03-21,209,0,300,3.6,1740071479068000000,55,19800.0,2025-02-20,3000,30,True,Automatic Execution,Business Services,Technology Services,86.37,86.66,82.21,86.24,320,4.296665190261531,20,2,0,0,0,1
COHR,Business Services,Technology Services,35__2,35,2.0,7. p90_trade_value,19210.0,31592.0,O:COHR250321C00090000,COHR,C,90.0,2025-03-21,209,0,307,3.6,1740071479068000000,76,27360.000000000004,2025-02-20,3000,30,True,Automatic Execution,Business Services,Technology Services,86.37,86.66,82.21,86.24,206,4.437116093048079,20,2,0,0,0,1
COHR,Business Services,Technology Services,35__2,35,2.0,7. p90_trade_value,19210.0,31592.0,O:COHR250321C00090000,COHR,C,90.0,2025-03-21,209,0,308,3.6,1740071479068000000,78,28080.0,2025-02-20,3000,30,True,Automatic Execution,Business Services,Technology Services,86.37,86.66,82.21,86.24,198,4.448397103457768,20,2,0,0,0,1
COHR,Business Services,Technology Services,35__2,35,2.0,7. p90_trade_value,19210.0,31592.0,O:COHR250321C00090000,COHR,C,90.0,2025-03-21,209,0,302,3.6,1740071479084000000,84,30240.000000000004,2025-02-20,3000,30,True,Automatic Execution,Business Services,Technology Services,86.37,86.66,82.21,86.24,180,4.480581786829169,20,2,0,0,0,1
COHR,Business Services,Technology Services,35__2,35,2.0,7. p90_trade_value,19210.0,31592.0,O:COHR250321C00090000,COHR,C,90.0,2025-03-21,209,0,309,3.6,1740071479068000000,82,29520.0,2025-02-20,3000,30,True,Automatic Execution,Business Services,Technology Services,86.37,86.66,82.21,86.24,185,4.4701163531510035,20,2,0,0,0,1
COHR,Business Services,Technology Services,35__2,35,2.0,7. p90_trade_value,19210.0,31592.0,O:COHR250321C00090000,COHR,C,90.0,2025-03-21,209,0,301,2.9,1740159457710000000,100,29000.0,2025-02-21,3000,30,True,Automatic Execution,Business Services,Technology Services,87.0,87.99,82.03,82.64,191,4.4623979978989565,20,2,0,0,0,1
COHR,Business Services,Technology Services,35__2,35,2.0,7. p90_trade_value,19210.0,31592.0,O:COHR250321C00090000,COHR,C,90.0,2025-03-21,209,0,322,4.2,1740150476199000000,50,21000.0,2025-02-21,3000,30,True,Automatic Execution,Business Services,Technology Services,87.0,87.99,82.03,82.64,294,4.3222192947339195,20,2,0,0,0,1
COHR,Business Services,Technology Services,35__2,35,2.0,7. p90_trade_value,19210.0,31592.0,O:COHR250307C00085000,COHR,C,85.0,2025-03-07,232,0,302,0.7,1740501613799000000,434,30379.999999999996,2025-02-25,3000,30,True,Multi Leg auto-electronic trade,Business Services,Technology Services,79.09,80.0,74.41,76.13,179,4.482587769526767,20,2,0,0,0,1
COHR,Business Services,Technology Services,35__2,35,2.0,7. p90_trade_value,19210.0,31592.0,O:COHR250314C00081000,COHR,C,81.0,2025-03-14,227,0,323,3.04,1740495207788000000,100,30400.0,2025-02-25,3000,30,True,Single Leg Auction Non ISO,Business Services,Technology Services,79.09,80.0,74.41,76.13,178,4.482873583608754,20,2,1,0,0,0
COHR,Business Services,Technology Services,35__2,35,2.0,6. p95_trade_value,32000.0,128079.0,O:COHR250321C00090000,COHR,C,90.0,2025-03-21,235,0,301,0.9,1740499458693000000,1000,90000.0,2025-02-25,3000,30,True,Multi Leg floor trade,Business Services,Technology Services,79.09,80.0,74.41,76.13,63,4.954242509439325,20,1,0,0,0,1
COHR,Business Services,Technology Services,35__2,35,2.0,7. p90_trade_value,19210.0,31592.0,O:COHR250228P00077000,COHR,P,77.0,2025-02-28,209,0,313,1.25,1740602160940000000,220,27500.0,2025-02-26,3000,30,True,Automatic Execution,Business Services,Technology Services,78.52,80.75,78.0,78.4,202,4.439332693830263,20,2,1,1,1,0
COHR,Business Services,Technology Services,35__2,35,2.0,7. p90_trade_value,19210.0,31592.0,O:COHR250228P00077000,COHR,P,77.0,2025-02-28,209,0,313,1.25,1740602160935000000,220,27500.0,2025-02-26,3000,30,True,Automatic Execution,Business Services,Technology Services,78.52,80.75,78.0,78.4,203,4.439332693830263,20,2,1,1,1,0
COHR,Business Services,Technology Services,35__2,35,2.0,7. p90_trade_value,19210.0,31592.0,O:COHR250228P00077000,COHR,P,77.0,2025-02-28,209,0,313,1.25,1740602160935000000,220,27500.0,2025-02-26,3000,30,True,Automatic Execution,Business Services,Technology Services,78.52,80.75,78.0,78.4,204,4.439332693830263,20,2,1,1,1,0
COHR,Business Services,Technology Services,35__2,35,2.0,7. p90_trade_value,19210.0,31592.0,O:COHR250228P00077000,COHR,P,77.0,2025-02-28,209,0,313,1.25,1740602160940000000,220,27500.0,2025-02-26,3000,30,True,Automatic Execution,Business Services,Technology Services,78.52,80.75,78.0,78.4,205,4.439332693830263,20,2,1,1,1,0
COHR,Business Services,Technology Services,35__2,35,2.0,6. p95_trade_value,32000.0,128079.0,O:COHR250307C00085000,COHR,C,85.0,2025-03-07,209,0,308,1.2,1740602459549000000,500,60000.0,2025-02-26,3000,30,True,Automatic Execution,Business Services,Technology Services,78.52,80.75,78.0,78.4,84,4.778151250383644,20,1,0,0,0,1
COHR,Business Services,Technology Services,35__2,35,2.0,6. p95_trade_value,32000.0,128079.0,O:COHR250307C00085000,COHR,C,85.0,2025-03-07,209,0,316,1.25,1740602161122000000,498,62250.0,2025-02-26,3000,30,True,Automatic Execution,Business Services,Technology Services,78.52,80.75,78.0,78.4,82,4.794139355767774,20,1,0,0,0,1
COHR,Business Services,Technology Services,35__2,35,2.0,6. p95_trade_value,32000.0,128079.0,O:COHR250321C00078000,COHR,C,78.0,2025-03-21,235,0,323,1.25,1741033469449000000,1000,125000.0,2025-03-03,3000,30,True,Multi Leg floor trade,Business Services,Technology Services,76.0,76.72,67.7,68.27,39,5.096910013008056,20,1,0,0,0,1
COHR,Business Services,Technology Services,35__2,35,2.0,5. p99_trade_value,128109.99999999999,479000.0,O:COHR250321P00065000,COHR,P,65.0,2025-03-21,233,0,302,2.84,1741034099380000000,494,140296.0,2025-03-03,3000,30,True,Multi Leg Auction,Business Services,Technology Services,76.0,76.72,67.7,68.27,32,5.147045288970685,20,1,1,0,0,0
COHR,Business Services,Technology Services,35__2,35,2.0,7. p90_trade_value,19210.0,31592.0,O:COHR250314C00075000,COHR,C,75.0,2025-03-14,232,0,312,1.77,1741200074679000000,161,28497.000000000004,2025-03-05,3000,30,True,Multi Leg auto-electronic trade,Business Services,Technology Services,69.75,72.41,69.405,71.84,194,4.454799142393656,20,2,0,0,0,1
COHR,Business Services,Technology Services,35__2,35,2.0,6. p95_trade_value,32000.0,128079.0,O:COHR250321C00075000,COHR,C,75.0,2025-03-21,227,0,301,2.6,1741189364545000000,160,41600.0,2025-03-05,3000,30,True,Single Leg Auction Non ISO,Business Services,Technology Services,69.75,72.41,69.405,71.84,125,4.619093330626742,20,1,0,0,0,1
COHR,Business Services,Technology Services,35__2,35,2.0,6. p95_trade_value,32000.0,128079.0,O:COHR250321C00075000,COHR,C,75.0,2025-03-21,232,0,312,2.77,1741200074679000000,161,44597.0,2025-03-05,3000,30,True,Multi Leg auto-electronic trade,Business Services,Technology Services,69.75,72.41,69.405,71.84,117,4.649305645096298,20,1,0,0,0,1
COHR,Business Services,Technology Services,35__2,35,2.0,5. p99_trade_value,128109.99999999999,479000.0,O:COHR250321C00076000,COHR,C,76.0,2025-03-21,233,0,323,0.64,1741636437931000000,2099,134336.0,2025-03-10,3000,30,True,Multi Leg Auction,Business Services,Technology Services,62.52,64.22,61.2751,62.81,33,5.128192412566287,20,1,0,0,0,1
COHR,Business Services,Technology Services,35__2,35,2.0,7. p90_trade_value,19210.0,31592.0,O:COHR250417C00075000,COHR,C,75.0,2025-04-17,209,0,323,2.5,1742394363786000000,103,25750.0,2025-03-19,3000,30,True,Automatic Execution,Business Services,Technology Services,66.35,71.56,66.015,69.77,216,4.4107772333772095,20,2,1,0,0,0
COHR,Business Services,Technology Services,35__2,35,2.0,7. p90_trade_value,19210.0,31592.0,O:COHR250417C00080000,COHR,C,80.0,2025-04-17,209,0,319,2.85,1742840122653000000,74,21090.0,2025-03-24,3000,30,True,Automatic Execution,Business Services,Technology Services,72.33,77.08,71.96,76.71,293,4.3240765797394864,20,2,0,0,0,1
COHR,Business Services,Technology Services,35__2,35,2.0,7. p90_trade_value,19210.0,31592.0,O:COHR250417C00080000,COHR,C,80.0,2025-04-17,209,0,319,3.2,1742841656339000000,75,24000.0,2025-03-24,3000,30,True,Automatic Execution,Business Services,Technology Services,72.33,77.08,71.96,76.71,244,4.380211241711606,20,2,0,0,0,1
COHR,Business Services,Technology Services,35__2,35,2.0,7. p90_trade_value,19210.0,31592.0,O:COHR250417C00080000,COHR,C,80.0,2025-04-17,219,0,301,3.2,1742838682265000000,87,27840.000000000004,2025-03-24,3000,30,True,Intermarket Sweep Order,Business Services,Technology Services,72.33,77.08,71.96,76.71,199,4.4446692309385245,20,2,0,0,0,1
COHR,Business Services,Technology Services,35__2,35,2.0,7. p90_trade_value,19210.0,31592.0,O:COHR250417C00080000,COHR,C,80.0,2025-04-17,209,0,319,3.3,1742842100203000000,75,24750.0,2025-03-24,3000,30,True,Automatic Execution,Business Services,Technology Services,72.33,77.08,71.96,76.71,230,4.393575203269587,20,2,0,0,0,1
COHR,Business Services,Technology Services,35__2,35,2.0,7. p90_trade_value,19210.0,31592.0,O:COHR250417C00080000,COHR,C,80.0,2025-04-17,209,0,319,2.8,1742839897760000000,72,20160.0,2025-03-24,3000,30,True,Automatic Execution,Business Services,Technology Services,72.33,77.08,71.96,76.71,308,4.3044905277734875,20,2,0,0,0,1
COHR,Business Services,Technology Services,35__2,35,2.0,7. p90_trade_value,19210.0,31592.0,O:COHR250417C00080000,COHR,C,80.0,2025-04-17,209,0,319,3.0,1742840466657000000,74,22200.0,2025-03-24,3000,30,True,Automatic Execution,Business Services,Technology Services,72.33,77.08,71.96,76.71,281,4.346352974450639,20,2,0,0,0,1
COHR,Business Services,Technology Services,35__2,35,2.0,7. p90_trade_value,19210.0,31592.0,O:COHR250417C00080000,COHR,C,80.0,2025-04-17,209,0,319,3.1,1742841063858000000,74,22940.0,2025-03-24,3000,30,True,Automatic Execution,Business Services,Technology Services,72.33,77.08,71.96,76.71,270,4.360593413565248,20,2,0,0,0,1
COHR,Business Services,Technology Services,35__2,35,2.0,7. p90_trade_value,19210.0,31592.0,O:COHR250404C00070000,COHR,C,70.0,2025-04-04,227,0,323,1.46,1743172303494000000,200,29200.0,2025-03-28,3000,30,True,Single Leg Auction Non ISO,Business Services,Technology Services,66.88,68.4,64.87,65.73,189,4.465382851448418,20,2,0,0,0,1
COHR,Business Services,Technology Services,35__2,35,2.0,7. p90_trade_value,19210.0,31592.0,O:COHR250404P00063000,COHR,P,63.0,2025-04-04,209,0,320,1.7,1743177013710000000,113,19210.0,2025-03-28,3000,30,True,Automatic Execution,Business Services,Technology Services,66.88,68.4,64.87,65.73,333,4.283527364861694,20,2,1,1,1,0
COHR,Business Services,Technology Services,35__2,35,2.0,7. p90_trade_value,19210.0,31592.0,O:COHR250404P00064000,COHR,P,64.0,2025-04-04,209,0,320,2.55,1743184040665000000,109,27795.0,2025-03-28,3000,30,True,Automatic Execution,Business Services,Technology Services,66.88,68.4,64.87,65.73,200,4.443966678374578,20,2,1,1,1,0
COHR,Business Services,Technology Services,35__2,35,2.0,6. p95_trade_value,32000.0,128079.0,O:COHR250411P00064000,COHR,P,64.0,2025-04-11,209,0,319,3.2,1743184092403000000,110,35200.0,2025-03-28,3000,30,True,Automatic Execution,Business Services,Technology Services,66.88,68.4,64.87,65.73,148,4.546542663478131,20,1,1,1,1,0
COHR,Business Services,Technology Services,35__2,35,2.0,6. p95_trade_value,32000.0,128079.0,O:COHR250411C00067000,COHR,C,67.0,2025-04-11,209,0,316,2.65,1743446066983000000,134,35510.0,2025-03-31,3000,30,True,Automatic Execution,Business Services,Technology Services,63.4,65.25,61.17,64.94,146,4.550350672301615,20,1,1,0,0,0
COHR,Business Services,Technology Services,35__2,35,2.0,6. p95_trade_value,32000.0,128079.0,O:COHR250417C00080000,COHR,C,80.0,2025-04-17,231,0,323,0.45,1743429639610000000,2026,91170.0,2025-03-31,3000,30,True,Single Leg Floor Trade,Business Services,Technology Services,63.4,65.25,61.17,64.94,61,4.959851954799605,20,1,0,0,0,1
COHR,Business Services,Technology Services,35__2,35,2.0,7. p90_trade_value,19210.0,31592.0,O:COHR250425P00056000,COHR,P,56.0,2025-04-25,209,0,308,2.3,1743429157304000000,94,21620.0,2025-03-31,3000,30,True,Automatic Execution,Business Services,Technology Services,63.4,65.25,61.17,64.94,288,4.334855689617291,20,2,1,0,0,0
COHR,Business Services,Technology Services,35__2,35,2.0,7. p90_trade_value,19210.0,31592.0,O:COHR250425P00056000,COHR,P,56.0,2025-04-25,209,0,308,2.3,1743429159145000000,97,22310.0,2025-03-31,3000,30,True,Automatic Execution,Business Services,Technology Services,63.4,65.25,61.17,64.94,279,4.348499570283837,20,2,1,0,0,0
COHR,Business Services,Technology Services,35__2,35,2.0,7. p90_trade_value,19210.0,31592.0,O:COHR250516P00040000,COHR,P,40.0,2025-05-16,209,0,313,1.15,1744904463116000000,170,19549.999999999996,2025-04-17,3000,30,True,Automatic Execution,Business Services,Technology Services,55.72,56.55,54.51,55.29,324,4.291146761731886,20,2,0,0,0,1
COHR,Business Services,Technology Services,35__2,35,2.0,7. p90_trade_value,19210.0,31592.0,O:COHR250516P00048000,COHR,P,48.0,2025-05-16,227,0,323,3.46,1745248211758000000,70,24220.0,2025-04-21,3000,30,True,Single Leg Auction Non ISO,Business Services,Technology Services,53.65,54.0682,50.81,52.12,238,4.384174138807033,20,2,0,0,0,1
COHR,Business Services,Technology Services,35__2,35,2.0,7. p90_trade_value,19210.0,31592.0,O:COHR250516P00049000,COHR,P,49.0,2025-05-16,209,0,308,3.5,1745243972169000000,69,24150.0,2025-04-21,3000,30,True,Automatic Execution,Business Services,Technology Services,53.65,54.0682,50.81,52.12,239,4.382917135087531,20,2,0,0,0,1
COHR,Business Services,Technology Services,35__2,35,2.0,7. p90_trade_value,19210.0,31592.0,O:COHR250516C00060000,COHR,C,60.0,2025-05-16,209,0,308,2.9,1745330314503000000,70,20300.0,2025-04-22,3000,30,True,Automatic Execution,Business Services,Technology Services,52.98,55.9,52.98,55.13,307,4.307496037913213,20,2,1,1,1,0
COHR,Business Services,Technology Services,35__2,35,2.0,6. p95_trade_value,32000.0,128079.0,O:COHR250516C00065000,COHR,C,65.0,2025-05-16,227,0,323,4.76,1745415819166000000,250,119000.0,2025-04-23,3000,30,True,Single Leg Auction Non ISO,Business Services,Technology Services,60.92,63.71,58.82,59.34,40,5.075546961392531,20,1,1,1,1,0
COHR,Business Services,Technology Services,35__2,35,2.0,6. p95_trade_value,32000.0,128079.0,O:COHR250516C00065000,COHR,C,65.0,2025-05-16,209,0,322,5.0,1745519156543000000,100,50000.0,2025-04-24,3000,30,True,Automatic Execution,Business Services,Technology Services,60.31,64.0,60.255,63.51,102,4.698970004336019,20,1,1,1,1,0
COHR,Business Services,Technology Services,35__2,35,2.0,7. p90_trade_value,19210.0,31592.0,O:COHR250509P00064000,COHR,P,64.0,2025-05-09,209,0,323,4.1,1745935789569000000,49,20089.999999999996,2025-04-29,3000,30,True,Automatic Execution,Business Services,Technology Services,64.54,65.63,64.19,64.84,312,4.302979936748249,20,2,1,0,0,0
COHR,Business Services,Technology Services,35__2,35,2.0,5. p99_trade_value,128109.99999999999,479000.0,O:COHR250509P00064000,COHR,P,64.0,2025-05-09,227,0,308,4.1,1745935798872000000,558,228779.99999999997,2025-04-29,3000,30,True,Single Leg Auction Non ISO,Business Services,Technology Services,64.54,65.63,64.19,64.84,22,5.359418055657314,20,1,1,0,0,0
COHR,Business Services,Technology Services,35__2,35,2.0,5. p99_trade_value,128109.99999999999,479000.0,O:COHR250509P00064000,COHR,P,64.0,2025-05-09,242,0,313,2.3,1746121387969000000,557,128109.99999999999,2025-05-01,3000,30,True,Stock Options floor trade,Business Services,Technology Services,67.9,70.94,67.675,69.17,34,5.1075830311913215,20,1,0,0,0,1
COHR,Business Services,Technology Services,35__2,35,2.0,5. p99_trade_value,128109.99999999999,479000.0,O:COHR250516C00075000,COHR,C,75.0,2025-05-16,231,0,323,3.2,1746112011565000000,1424,455680.0,2025-05-01,3000,30,True,Single Leg Floor Trade,Business Services,Technology Services,67.9,70.94,67.675,69.17,6,5.658659967620744,20,1,1,1,1,0
COHR,Business Services,Technology Services,35__2,35,2.0,6. p95_trade_value,32000.0,128079.0,O:COHR250516C00075000,COHR,C,75.0,2025-05-16,231,0,323,3.2,1746112323709000000,139,44480.0,2025-05-01,3000,30,True,Single Leg Floor Trade,Business Services,Technology Services,67.9,70.94,67.675,69.17,118,4.648164778574001,20,1,1,1,1,0
COHR,Business Services,Technology Services,35__2,35,2.0,6. p95_trade_value,32000.0,128079.0,O:COHR250516C00075000,COHR,C,75.0,2025-05-16,231,0,323,3.4,1746112603025000000,100,34000.0,2025-05-01,3000,30,True,Single Leg Floor Trade,Business Services,Technology Services,67.9,70.94,67.675,69.17,156,4.531478917042255,20,1,1,1,1,0
COHR,Business Services,Technology Services,35__2,35,2.0,6. p95_trade_value,32000.0,128079.0,O:COHR250516C00075000,COHR,C,75.0,2025-05-16,231,0,323,3.0,1746111978407000000,150,45000.0,2025-05-01,3000,30,True,Single Leg Floor Trade,Business Services,Technology Services,67.9,70.94,67.675,69.17,112,4.653212513775344,20,1,1,1,1,0
COHR,Business Services,Technology Services,35__2,35,2.0,5. p99_trade_value,128109.99999999999,479000.0,O:COHR250516C00075000,COHR,C,75.0,2025-05-16,231,0,323,3.1,1746112011565000000,1424,441440.00000000006,2025-05-01,3000,30,True,Single Leg Floor Trade,Business Services,Technology Services,67.9,70.94,67.675,69.17,7,5.6448716831351105,20,1,1,1,1,0
COHR,Business Services,Technology Services,35__2,35,2.0,6. p95_trade_value,32000.0,128079.0,O:COHR250530P00066000,COHR,P,66.0,2025-05-30,209,0,323,4.2,1746114730588000000,166,69720.0,2025-05-01,3000,30,True,Automatic Execution,Business Services,Technology Services,67.9,70.94,67.675,69.17,75,4.843357378437956,20,1,0,0,0,1
COHR,Business Services,Technology Services,35__2,35,2.0,6. p95_trade_value,32000.0,128079.0,O:COHR250516C00075000,COHR,C,75.0,2025-05-16,209,0,303,3.7,1746467203520000000,100,37000.0,2025-05-05,3000,30,True,Automatic Execution,Business Services,Technology Services,70.505,72.56,70.0312,70.95,138,4.568201724066995,20,1,1,1,1,0
COHR,Business Services,Technology Services,35__2,35,2.0,7. p90_trade_value,19210.0,31592.0,O:COHR250516P00068000,COHR,P,68.0,2025-05-16,232,0,313,2.89,1746467412624000000,103,29767.0,2025-05-05,3000,30,True,Multi Leg auto-electronic trade,Business Services,Technology Services,70.505,72.56,70.0312,70.95,183,4.47373506746172,20,2,1,0,0,0
COHR,Business Services,Technology Services,35__2,35,2.0,7. p90_trade_value,19210.0,31592.0,O:COHR250509C00072000,COHR,C,72.0,2025-05-09,209,0,316,2.55,1746541473715000000,84,21420.0,2025-05-06,3000,30,True,Automatic Execution,Business Services,Technology Services,68.01,70.38,66.71,69.79,290,4.330819466495837,20,2,1,1,0,0
COHR,Business Services,Technology Services,35__2,35,2.0,7. p90_trade_value,19210.0,31592.0,O:COHR250509C00080000,COHR,C,80.0,2025-05-09,234,0,313,0.62,1746541793323000000,500,31000.0,2025-05-06,3000,30,True,Multi Leg Cross,Business Services,Technology Services,68.01,70.38,66.71,69.79,173,4.491361693834273,20,2,0,0,0,1
COHR,Business Services,Technology Services,35__2,35,2.0,6. p95_trade_value,32000.0,128079.0,O:COHR250509P00066000,COHR,P,66.0,2025-05-09,232,0,313,2.52,1746544596756000000,250,63000.0,2025-05-06,3000,30,True,Multi Leg auto-electronic trade,Business Services,Technology Services,68.01,70.38,66.71,69.79,80,4.799340549453582,20,1,0,0,0,1
COHR,Business Services,Technology Services,35__2,35,2.0,5. p99_trade_value,128109.99999999999,479000.0,O:COHR250516C00075000,COHR,C,75.0,2025-05-16,235,0,301,2.25,1746550625881000000,1400,315000.0,2025-05-06,3000,30,True,Multi Leg floor trade,Business Services,Technology Services,68.01,70.38,66.71,69.79,18,5.498310553789601,20,1,1,1,1,0
COHR,Business Services,Technology Services,35__2,35,2.0,5. p99_trade_value,128109.99999999999,479000.0,O:COHR250516P00065000,COHR,P,65.0,2025-05-16,235,0,301,3.1,1746550625881000000,1400,434000.0,2025-05-06,3000,30,True,Multi Leg floor trade,Business Services,Technology Services,68.01,70.38,66.71,69.79,10,5.63748972951251,20,1,0,0,0,1
COHR,Business Services,Technology Services,35__2,35,2.0,7. p90_trade_value,19210.0,31592.0,O:COHR250509P00065000,COHR,P,65.0,2025-05-09,209,0,303,1.6,1746638692365000000,125,20000.0,2025-05-07,3000,30,True,Automatic Execution,Business Services,Technology Services,70.1,70.57,67.3,69.62,314,4.301029995663981,20,2,0,0,0,1
COHR,Business Services,Technology Services,35__2,35,2.0,7. p90_trade_value,19210.0,31592.0,O:COHR250509P00065000,COHR,P,65.0,2025-05-09,227,0,301,1.69,1746639114716000000,124,20956.0,2025-05-07,3000,30,True,Single Leg Auction Non ISO,Business Services,Technology Services,70.1,70.57,67.3,69.62,295,4.321308389775909,20,2,0,0,0,1
COHR,Business Services,Technology Services,35__2,35,2.0,6. p95_trade_value,32000.0,128079.0,O:COHR250509P00065000,COHR,P,65.0,2025-05-09,231,0,301,1.6,1746638505534000000,200,32000.0,2025-05-07,3000,30,True,Single Leg Floor Trade,Business Services,Technology Services,70.1,70.57,67.3,69.62,168,4.505149978319906,20,2,0,0,0,1
COHR,Business Services,Technology Services,35__2,35,2.0,6. p95_trade_value,32000.0,128079.0,O:COHR250509P00065000,COHR,P,65.0,2025-05-09,209,0,320,1.8,1746640412819000000,200,36000.0,2025-05-07,3000,30,True,Automatic Execution,Business Services,Technology Services,70.1,70.57,67.3,69.62,144,4.556302500767287,20,1,0,0,0,1
COHR,Business Services,Technology Services,35__2,35,2.0,6. p95_trade_value,32000.0,128079.0,O:COHR250509P00065000,COHR,P,65.0,2025-05-09,209,0,308,1.85,1746635772872000000,500,92500.0,2025-05-07,3000,30,True,Automatic Execution,Business Services,Technology Services,70.1,70.57,67.3,69.62,60,4.9661417327390325,20,1,0,0,0,1
COHR,Business Services,Technology Services,35__2,35,2.0,6. p95_trade_value,32000.0,128079.0,O:COHR250516C00075000,COHR,C,75.0,2025-05-16,209,0,322,1.9,1746646226214000000,272,51679.99999999999,2025-05-07,3000,30,True,Automatic Execution,Business Services,Technology Services,70.1,70.57,67.3,69.62,99,4.713322504987028,20,1,1,1,1,0
COHR,Business Services,Technology Services,35__2,35,2.0,6. p95_trade_value,32000.0,128079.0,O:COHR250516C00075000,COHR,C,75.0,2025-05-16,235,0,313,0.8,1746731713936000000,892,71360.0,2025-05-08,3000,30,True,Multi Leg floor trade,Business Services,Technology Services,72.89,72.89,67.5,70.59,73,4.853454841368067,20,1,1,1,1,0
COHR,Business Services,Technology Services,35__2,35,2.0,5. p99_trade_value,128109.99999999999,479000.0,O:COHR250530C00075000,COHR,C,75.0,2025-05-30,235,0,313,2.38,1746731713937000000,595,141610.0,2025-05-08,3000,30,True,Multi Leg floor trade,Business Services,Technology Services,72.89,72.89,67.5,70.59,31,5.151093922785061,20,1,1,1,1,0
COHR,Business Services,Technology Services,35__2,35,2.0,7. p90_trade_value,19210.0,31592.0,O:COHR250530P00067000,COHR,P,67.0,2025-05-30,233,0,304,3.14,1746722466973000000,79,24806.0,2025-05-08,3000,30,True,Multi Leg Auction,Business Services,Technology Services,72.89,72.89,67.5,70.59,228,4.394556739363656,20,2,0,0,0,1
COHR,Business Services,Technology Services,35__2,35,2.0,7. p90_trade_value,19210.0,31592.0,O:COHR250530P00067000,COHR,P,67.0,2025-05-30,233,0,304,3.14,1746722466973000000,80,25120.0,2025-05-08,3000,30,True,Multi Leg Auction,Business Services,Technology Services,72.89,72.89,67.5,70.59,224,4.400019635065158,20,2,0,0,0,1
COHR,Business Services,Technology Services,35__2,35,2.0,5. p99_trade_value,128109.99999999999,479000.0,O:COHR250530C00080000,COHR,C,80.0,2025-05-30,235,0,300,2.53,1747063225635000000,595,150535.0,2025-05-12,3000,30,True,Multi Leg floor trade,Business Services,Technology Services,76.84,78.5,75.23,77.77,28,5.177637486904367,20,1,1,0,0,0
COHR,Business Services,Technology Services,35__2,35,2.0,6. p95_trade_value,32000.0,128079.0,O:COHR250523C00083000,COHR,C,83.0,2025-05-23,232,0,304,1.31,1747150243102000000,444,58164.0,2025-05-13,3000,30,True,Multi Leg auto-electronic trade,Business Services,Technology Services,77.94,80.11,77.7,78.9,90,4.764654265770384,20,1,1,0,0,0
COHR,Business Services,Technology Services,35__2,35,2.0,6. p95_trade_value,32000.0,128079.0,O:COHR250523C00083000,COHR,C,83.0,2025-05-23,232,0,304,1.33,1747150292984000000,444,59052.0,2025-05-13,3000,30,True,Multi Leg auto-electronic trade,Business Services,Technology Services,77.94,80.11,77.7,78.9,88,4.771234611081706,20,1,1,0,0,0
COHR,Business Services,Technology Services,35__2,35,2.0,6. p95_trade_value,32000.0,128079.0,O:COHR250523C00083000,COHR,C,83.0,2025-05-23,232,0,304,1.27,1747150641586000000,300,38100.0,2025-05-13,3000,30,True,Multi Leg auto-electronic trade,Business Services,Technology Services,77.94,80.11,77.7,78.9,133,4.580924975675619,20,1,1,0,0,0
COHR,Business Services,Technology Services,35__2,35,2.0,6. p95_trade_value,32000.0,128079.0,O:COHR250530C00081000,COHR,C,81.0,2025-05-30,219,0,320,3.7,1747151623398000000,136,50320.00000000001,2025-05-13,3000,30,True,Intermarket Sweep Order,Business Services,Technology Services,77.94,80.11,77.7,78.9,100,4.701740632437213,20,1,1,0,0,0
COHR,Business Services,Technology Services,35__2,35,2.0,7. p90_trade_value,19210.0,31592.0,O:COHR250530C00081000,COHR,C,81.0,2025-05-30,219,0,325,3.7,1747151623398000000,64,23680.0,2025-05-13,3000,30,True,Intermarket Sweep Order,Business Services,Technology Services,77.94,80.11,77.7,78.9,251,4.3743816980508825,20,2,1,0,0,0
COHR,Business Services,Technology Services,35__2,35,2.0,7. p90_trade_value,19210.0,31592.0,O:COHR250530C00081000,COHR,C,81.0,2025-05-30,219,0,316,3.7,1747151623398000000,65,24050.0,2025-05-13,3000,30,True,Intermarket Sweep Order,Business Services,Technology Services,77.94,80.11,77.7,78.9,240,4.381115080709851,20,2,1,0,0,0
COHR,Business Services,Technology Services,35__2,35,2.0,7. p90_trade_value,19210.0,31592.0,O:COHR250530C00081000,COHR,C,81.0,2025-05-30,219,0,318,3.7,1747151623398000000,54,19980.0,2025-05-13,3000,30,True,Intermarket Sweep Order,Business Services,Technology Services,77.94,80.11,77.7,78.9,318,4.300595483889963,20,2,1,0,0,0
COHR,Business Services,Technology Services,35__2,35,2.0,7. p90_trade_value,19210.0,31592.0,O:COHR250530C00081000,COHR,C,81.0,2025-05-30,219,0,300,3.7,1747151623397000000,64,23680.0,2025-05-13,3000,30,True,Intermarket Sweep Order,Business Services,Technology Services,77.94,80.11,77.7,78.9,250,4.3743816980508825,20,2,1,0,0,0
COHR,Business Services,Technology Services,35__2,35,2.0,7. p90_trade_value,19210.0,31592.0,O:COHR250530C00081000,COHR,C,81.0,2025-05-30,219,0,315,3.7,1747151623398000000,64,23680.0,2025-05-13,3000,30,True,Intermarket Sweep Order,Business Services,Technology Services,77.94,80.11,77.7,78.9,252,4.3743816980508825,20,2,1,0,0,0
COHR,Business Services,Technology Services,35__2,35,2.0,6. p95_trade_value,32000.0,128079.0,O:COHR250530C00083000,COHR,C,83.0,2025-05-30,232,0,304,2.38,1747150243103000000,444,105672.0,2025-05-13,3000,30,True,Multi Leg auto-electronic trade,Business Services,Technology Services,77.94,80.11,77.7,78.9,50,5.0239599271711315,20,1,1,0,0,0
COHR,Business Services,Technology Services,35__2,35,2.0,7. p90_trade_value,19210.0,31592.0,O:COHR250530C00083000,COHR,C,83.0,2025-05-30,209,0,301,2.4,1747150433320000000,100,24000.0,2025-05-13,3000,30,True,Automatic Execution,Business Services,Technology Services,77.94,80.11,77.7,78.9,242,4.380211241711606,20,2,1,0,0,0
COHR,Business Services,Technology Services,35__2,35,2.0,7. p90_trade_value,19210.0,31592.0,O:COHR250530C00083000,COHR,C,83.0,2025-05-30,209,0,301,2.4,1747150370047000000,100,24000.0,2025-05-13,3000,30,True,Automatic Execution,Business Services,Technology Services,77.94,80.11,77.7,78.9,243,4.380211241711606,20,2,1,0,0,0
COHR,Business Services,Technology Services,35__2,35,2.0,7. p90_trade_value,19210.0,31592.0,O:COHR250530C00083000,COHR,C,83.0,2025-05-30,209,0,323,2.7,1747156048784000000,100,27000.0,2025-05-13,3000,30,True,Automatic Execution,Business Services,Technology Services,77.94,80.11,77.7,78.9,211,4.431363764158987,20,2,1,0,0,0
COHR,Business Services,Technology Services,35__2,35,2.0,7. p90_trade_value,19210.0,31592.0,O:COHR250530C00083000,COHR,C,83.0,2025-05-30,227,0,323,2.68,1747156095691000000,100,26800.0,2025-05-13,3000,30,True,Single Leg Auction Non ISO,Business Services,Technology Services,77.94,80.11,77.7,78.9,212,4.4281347940287885,20,2,1,0,0,0
COHR,Business Services,Technology Services,35__2,35,2.0,6. p95_trade_value,32000.0,128079.0,O:COHR250530C00083000,COHR,C,83.0,2025-05-30,232,0,304,2.41,1747150292983000000,444,107004.0,2025-05-13,3000,30,True,Multi Leg auto-electronic trade,Business Services,Technology Services,77.94,80.11,77.7,78.9,49,5.029400012689488,20,1,1,0,0,0
COHR,Business Services,Technology Services,35__2,35,2.0,6. p95_trade_value,32000.0,128079.0,O:COHR250530C00083000,COHR,C,83.0,2025-05-30,232,0,304,2.41,1747150641587000000,300,72300.0,2025-05-13,3000,30,True,Multi Leg auto-electronic trade,Business Services,Technology Services,77.94,80.11,77.7,78.9,72,4.859138297294531,20,1,1,0,0,0
COHR,Business Services,Technology Services,35__2,35,2.0,7. p90_trade_value,19210.0,31592.0,O:COHR250530C00085000,COHR,C,85.0,2025-05-30,209,0,316,2.2,1747152263417000000,124,27280.0,2025-05-13,3000,30,True,Automatic Execution,Business Services,Technology Services,77.94,80.11,77.7,78.9,208,4.435844365984441,20,2,0,0,0,1
COHR,Business Services,Technology Services,35__2,35,2.0,7. p90_trade_value,19210.0,31592.0,O:COHR250530C00085000,COHR,C,85.0,2025-05-30,209,0,316,1.9,1747151163267000000,125,23750.0,2025-05-13,3000,30,True,Automatic Execution,Business Services,Technology Services,77.94,80.11,77.7,78.9,248,4.375663613960885,20,2,0,0,0,1
COHR,Business Services,Technology Services,35__2,35,2.0,7. p90_trade_value,19210.0,31592.0,O:COHR250530C00085000,COHR,C,85.0,2025-05-30,209,0,320,2.25,1747153055708000000,125,28125.0,2025-05-13,3000,30,True,Automatic Execution,Business Services,Technology Services,77.94,80.11,77.7,78.9,197,4.449092531119419,20,2,0,0,0,1
COHR,Business Services,Technology Services,35__2,35,2.0,7. p90_trade_value,19210.0,31592.0,O:COHR250530C00085000,COHR,C,85.0,2025-05-30,209,0,316,2.0,1747150776522000000,123,24600.0,2025-05-13,3000,30,True,Automatic Execution,Business Services,Technology Services,77.94,80.11,77.7,78.9,234,4.390935107103379,20,2,0,0,0,1
COHR,Business Services,Technology Services,35__2,35,2.0,6. p95_trade_value,32000.0,128079.0,O:COHR250523P00077000,COHR,P,77.0,2025-05-23,231,0,313,1.75,1747237699297000000,720,126000.0,2025-05-14,3000,30,True,Single Leg Floor Trade,Business Services,Technology Services,79.52,80.93,78.21,80.7,38,5.1003705451175625,20,1,1,1,0,0
COHR,Business Services,Technology Services,35__2,35,2.0,6. p95_trade_value,32000.0,128079.0,O:COHR250523P00077000,COHR,P,77.0,2025-05-23,231,0,313,1.8,1747237699297000000,480,86400.0,2025-05-14,3000,30,True,Single Leg Floor Trade,Business Services,Technology Services,79.52,80.93,78.21,80.7,65,4.936513742478893,20,1,1,1,0,0
COHR,Business Services,Technology Services,35__2,35,2.0,7. p90_trade_value,19210.0,31592.0,O:COHR250523C00081000,COHR,C,81.0,2025-05-23,232,0,304,1.87,1747332730153000000,111,20757.000000000004,2025-05-15,3000,30,True,Multi Leg auto-electronic trade,Business Services,Technology Services,78.83,80.25,78.31,78.82,299,4.317164585323156,20,2,1,0,0,0
COHR,Business Services,Technology Services,35__2,35,2.0,7. p90_trade_value,19210.0,31592.0,O:COHR250523C00081000,COHR,C,81.0,2025-05-23,232,0,304,2.11,1747329028550000000,110,23210.0,2025-05-15,3000,30,True,Multi Leg auto-electronic trade,Business Services,Technology Services,78.83,80.25,78.31,78.82,265,4.3656751404559175,20,2,1,0,0,0
COHR,Business Services,Technology Services,35__2,35,2.0,7. p90_trade_value,19210.0,31592.0,O:COHR250530C00081000,COHR,C,81.0,2025-05-30,232,0,304,3.01,1747337816929000000,75,22574.999999999996,2025-05-15,3000,30,True,Multi Leg auto-electronic trade,Business Services,Technology Services,78.83,80.25,78.31,78.82,276,4.353627758985543,20,2,1,0,0,0
COHR,Business Services,Technology Services,35__2,35,2.0,6. p95_trade_value,32000.0,128079.0,O:COHR250530C00081000,COHR,C,81.0,2025-05-30,232,0,304,3.08,1747336523691000000,110,33880.0,2025-05-15,3000,30,True,Multi Leg auto-electronic trade,Business Services,Technology Services,78.83,80.25,78.31,78.82,157,4.529943401658669,20,1,1,0,0,0
COHR,Business Services,Technology Services,35__2,35,2.0,6. p95_trade_value,32000.0,128079.0,O:COHR250530C00081000,COHR,C,81.0,2025-05-30,232,0,304,3.27,1747332730153000000,111,36297.0,2025-05-15,3000,30,True,Multi Leg auto-electronic trade,Business Services,Technology Services,78.83,80.25,78.31,78.82,142,4.559870731446943,20,1,1,0,0,0
COHR,Business Services,Technology Services,35__2,35,2.0,6. p95_trade_value,32000.0,128079.0,O:COHR250530C00081000,COHR,C,81.0,2025-05-30,232,0,304,3.53,1747329028550000000,110,38829.99999999999,2025-05-15,3000,30,True,Multi Leg auto-electronic trade,Business Services,Technology Services,78.83,80.25,78.31,78.82,131,4.589167390546048,20,1,1,0,0,0
COHR,Business Services,Technology Services,35__2,35,2.0,5. p99_trade_value,128109.99999999999,479000.0,O:COHR250523C00080000,COHR,C,80.0,2025-05-23,232,0,313,1.3,1747673629156000000,1490,193700.0,2025-05-19,3000,30,True,Multi Leg auto-electronic trade,Business Services,Technology Services,75.81,79.46,75.2587,79.38,24,5.287129620719111,20,1,1,0,0,0
COHR,Business Services,Technology Services,35__2,35,2.0,5. p99_trade_value,128109.99999999999,479000.0,O:COHR250530C00080000,COHR,C,80.0,2025-05-30,232,0,313,2.94,1747673629156000000,1490,438060.00000000006,2025-05-19,3000,30,True,Multi Leg auto-electronic trade,Business Services,Technology Services,75.81,79.46,75.2587,79.38,8,5.641533598824432,20,1,1,0,0,0
COHR,Business Services,Technology Services,35__2,35,2.0,7. p90_trade_value,19210.0,31592.0,O:COHR250620C00091000,COHR,C,91.0,2025-06-20,219,0,320,2.2,1747837114274000000,104,22880.0,2025-05-21,3000,30,True,Intermarket Sweep Order,Business Services,Technology Services,80.45,83.405,78.87,79.56,271,4.359456020120986,20,2,0,0,0,1
COHR,Business Services,Technology Services,35__2,35,2.0,7. p90_trade_value,19210.0,31592.0,O:COHR250606C00084000,COHR,C,84.0,2025-06-06,231,0,301,2.7,1747934669828000000,90,24300.000000000004,2025-05-22,3000,30,True,Single Leg Floor Trade,Business Services,Technology Services,78.94,80.92,78.395,78.88,237,4.385606273598312,20,2,0,0,0,1
COHR,Business Services,Technology Services,35__2,35,2.0,7. p90_trade_value,19210.0,31592.0,O:COHR250620C00085000,COHR,C,85.0,2025-06-20,209,0,316,2.8,1748009574336000000,73,20439.999999999996,2025-05-23,3000,30,True,Automatic Execution,Business Services,Technology Services,76.15,78.71,75.33,78.46,303,4.310480891462675,20,2,0,0,0,1
COHR,Business Services,Technology Services,35__2,35,2.0,6. p95_trade_value,32000.0,128079.0,O:COHR250620C00085000,COHR,C,85.0,2025-06-20,209,0,316,3.7,1748439570716000000,109,40330.0,2025-05-28,3000,30,True,Automatic Execution,Business Services,Technology Services,83.0,83.545,77.75,78.25,127,4.605628222007619,20,1,0,0,0,1
COHR,Business Services,Technology Services,35__2,35,2.0,5. p99_trade_value,128109.99999999999,479000.0,O:COHR250606C00077000,COHR,C,77.0,2025-06-06,229,0,300,1.61,1748888004652000000,1500,241500.0,2025-06-02,3000,30,True,Single Leg Cross Non ISO,Business Services,Technology Services,75.74,76.87,73.85,76.78,20,5.382917135087531,20,1,1,1,1,0
COHR,Business Services,Technology Services,35__2,35,2.0,7. p90_trade_value,19210.0,31592.0,O:COHR250620P00079000,COHR,P,79.0,2025-06-20,209,0,323,2.0,1749043900438000000,120,24000.0,2025-06-04,3000,30,True,Automatic Execution,Business Services,Technology Services,83.31,83.53,80.565,81.63,245,4.380211241711606,20,2,1,0,0,0
COHR,Business Services,Technology Services,35__2,35,2.0,7. p90_trade_value,19210.0,31592.0,O:COHR250620P00079000,COHR,P,79.0,2025-06-20,209,0,320,1.5,1749497177332000000,171,25650.0,2025-06-09,3000,30,True,Automatic Execution,Business Services,Technology Services,81.32,82.316,79.5,81.19,218,4.409087369447835,20,2,1,0,0,0
COHR,Business Services,Technology Services,35__2,35,2.0,7. p90_trade_value,19210.0,31592.0,O:COHR250620P00075000,COHR,P,75.0,2025-06-20,209,0,323,1.15,1749839770928000000,205,23574.999999999996,2025-06-13,3000,30,True,Automatic Execution,Business Services,Technology Services,78.9,79.7999,76.88,77.37,254,4.372451701409366,20,2,0,0,0,0
COUR,Business Services,Technology Services,20__0,20,0.0,1. p999999_trade_value,44865.0,44865.0,O:COUR250516C00009000,COUR,C,9.0,2025-05-16,227,0,323,0.15,1746205629943000000,2991,44865.0,2025-05-02,3000,30,True,Single Leg Auction Non ISO,Business Services,Technology Services,8.53,8.665,8.45,8.51,1,4.651907672086999,20,1,1,1,1,0
CXT,Business Services,Technology Services,0__2,0,2.0,1. p999999_trade_value,3600.0,3600.0,O:CXT250221P00060000,CXT,P,60.0,2025-02-21,209,0,308,0.9,1738875261526000000,40,3600.0,2025-02-06,3000,30,True,Automatic Execution,Business Services,Technology Services,65.07,65.07,63.34,64.09,1,3.5563025007672873,20,1,1,1,1,0
DUOL,Business Services,Technology Services,35__2,35,2.0,4. p999_trade_value,300000.0,476000.0,O:DUOL241115C00320000,DUOL,C,320.0,2024-11-15,242,0,300,16.4,1730912280192000000,200,327999.99999999994,2024-11-06,3000,30,True,Stock Options floor trade,Business Services,Technology Services,310.0,319.44,304.0,318.85,3,5.515873843711679,20,1,1,1,0,0
DUOL,Business Services,Technology Services,35__2,35,2.0,1. p999999_trade_value,1006669.9999999999,1006669.9999999999,O:DUOL241115C00320000,DUOL,C,320.0,2024-11-15,235,0,313,19.7,1730924200480000000,511,1006669.9999999999,2024-11-06,3000,30,True,Multi Leg floor trade,Business Services,Technology Services,310.0,319.44,304.0,318.85,1,6.002887126296305,20,1,1,1,0,0
DUOL,Business Services,Technology Services,35__2,35,2.0,5. p99_trade_value,70112.0,276320.0,O:DUOL241115C00320000,DUOL,C,320.0,2024-11-15,209,0,308,20.1,1730925898195000000,39,78390.00000000001,2024-11-06,3000,30,True,Automatic Execution,Business Services,Technology Services,310.0,319.44,304.0,318.85,30,4.894260664446988,20,1,1,1,0,0
DUOL,Business Services,Technology Services,35__2,35,2.0,5. p99_trade_value,70112.0,276320.0,O:DUOL241115C00320000,DUOL,C,320.0,2024-11-15,209,0,320,18.8,1730919645715000000,40,75200.0,2024-11-06,3000,30,True,Automatic Execution,Business Services,Technology Services,310.0,319.44,304.0,318.85,32,4.876217840591642,20,1,1,1,0,0
DUOL,Business Services,Technology Services,35__2,35,2.0,5. p99_trade_value,70112.0,276320.0,O:DUOL250221C00370000,DUOL,C,370.0,2025-02-21,232,0,323,14.5,1738347483836000000,134,194300.0,2025-01-31,3000,30,True,Multi Leg auto-electronic trade,Business Services,Technology Services,368.44,368.44,361.0001,363.99,11,5.2884728005997825,20,1,1,1,1,0
DUOL,Business Services,Technology Services,35__2,35,2.0,5. p99_trade_value,70112.0,276320.0,O:DUOL250221C00370000,DUOL,C,370.0,2025-02-21,232,0,323,13.82,1738347483949000000,100,138200.0,2025-01-31,3000,30,True,Multi Leg auto-electronic trade,Business Services,Technology Services,368.44,368.44,361.0001,363.99,17,5.14050804303818,20,1,1,1,1,0
DUOL,Business Services,Technology Services,35__2,35,2.0,5. p99_trade_value,70112.0,276320.0,O:DUOL250221C00420000,DUOL,C,420.0,2025-02-21,242,0,323,5.3,1739199772779000000,140,74200.0,2025-02-10,3000,30,True,Stock Options floor trade,Business Services,Technology Services,398.08,403.63,394.0,401.45,33,4.870403905279027,20,1,1,1,0,0
DUOL,Business Services,Technology Services,35__2,35,2.0,5. p99_trade_value,70112.0,276320.0,O:DUOL250321C00440000,DUOL,C,440.0,2025-03-21,209,0,316,30.65,1740062321996000000,90,275850.0,2025-02-20,3000,30,True,Automatic Execution,Business Services,Technology Services,430.43,430.95,415.99,421.78,6,5.440672988293759,20,1,0,0,0,1
DUOL,Business Services,Technology Services,35__2,35,2.0,5. p99_trade_value,70112.0,276320.0,O:DUOL250321P00380000,DUOL,P,380.0,2025-03-21,231,0,323,17.5,1740076728328000000,80,140000.0,2025-02-20,3000,30,True,Single Leg Floor Trade,Business Services,Technology Services,430.43,430.95,415.99,421.78,16,5.146128035678238,20,1,1,1,1,0
DUOL,Business Services,Technology Services,35__2,35,2.0,5. p99_trade_value,70112.0,276320.0,O:DUOL250321C00400000,DUOL,C,400.0,2025-03-21,209,0,308,33.3,1740423907279000000,34,113219.99999999999,2025-02-24,3000,30,True,Automatic Execution,Business Services,Technology Services,390.26,397.3,372.01,389.9,21,5.053923150548575,20,1,1,0,0,0
DUOL,Business Services,Technology Services,35__2,35,2.0,5. p99_trade_value,70112.0,276320.0,O:DUOL250321C00400000,DUOL,C,400.0,2025-03-21,209,0,308,34.2,1740423935577000000,43,147060.0,2025-02-24,3000,30,True,Automatic Execution,Business Services,Technology Services,390.26,397.3,372.01,389.9,13,5.1674945616357215,20,1,1,0,0,0
DUOL,Business Services,Technology Services,35__2,35,2.0,5. p99_trade_value,70112.0,276320.0,O:DUOL250321C00400000,DUOL,C,400.0,2025-03-21,209,0,308,34.1,1740423925079000000,48,163680.00000000003,2025-02-24,3000,30,True,Automatic Execution,Business Services,Technology Services,390.26,397.3,372.01,389.9,12,5.213995616368085,20,1,1,0,0,0
DUOL,Business Services,Technology Services,35__2,35,2.0,5. p99_trade_value,70112.0,276320.0,O:DUOL250321C00400000,DUOL,C,400.0,2025-03-21,209,0,308,33.5,1740423903105000000,24,80400.0,2025-02-24,3000,30,True,Automatic Execution,Business Services,Technology Services,390.26,397.3,372.01,389.9,29,4.905256048748451,20,1,1,0,0,0
DUOL,Business Services,Technology Services,35__2,35,2.0,5. p99_trade_value,70112.0,276320.0,O:DUOL250321C00330000,DUOL,C,330.0,2025-03-21,232,0,313,8.35,1740769053225000000,137,114395.0,2025-02-28,3000,30,True,Multi Leg auto-electronic trade,Business Services,Technology Services,325.06,329.61,303.68,312.07,20,5.058407042640009,20,1,0,0,0,1
DUOL,Business Services,Technology Services,35__2,35,2.0,5. p99_trade_value,70112.0,276320.0,O:DUOL250516P00280000,DUOL,P,280.0,2025-05-16,209,0,316,10.8,1745351670680000000,132,142560.0,2025-04-22,3000,30,True,Automatic Execution,Business Services,Technology Services,322.5,337.8,321.88,336.34,15,5.1539976866928,20,1,0,0,0,1
DUOL,Business Services,Technology Services,35__2,35,2.0,4. p999_trade_value,300000.0,476000.0,O:DUOL250516P00350000,DUOL,P,350.0,2025-05-16,209,0,316,23.8,1745593963010000000,200,476000.0,2025-04-25,3000,30,True,Automatic Execution,Business Services,Technology Services,377.68,386.3673,362.9,381.83,2,5.6776069527204935,20,1,0,0,0,1
DUOL,Business Services,Technology Services,35__2,35,2.0,5. p99_trade_value,70112.0,276320.0,O:DUOL250516P00350000,DUOL,P,350.0,2025-05-16,209,0,316,18.8,1745610967746000000,39,73320.0,2025-04-25,3000,30,True,Automatic Execution,Business Services,Technology Services,377.68,386.3673,362.9,381.83,34,4.865222456290179,20,1,0,0,0,1
DUOL,Business Services,Technology Services,35__2,35,2.0,5. p99_trade_value,70112.0,276320.0,O:DUOL250516P00350000,DUOL,P,350.0,2025-05-16,209,0,316,18.2,1745610684541000000,40,72800.0,2025-04-25,3000,30,True,Automatic Execution,Business Services,Technology Services,377.68,386.3673,362.9,381.83,35,4.862131379313038,20,1,0,0,0,1
DUOL,Business Services,Technology Services,35__2,35,2.0,5. p99_trade_value,70112.0,276320.0,O:DUOL250516C00420000,DUOL,C,420.0,2025-05-16,232,0,304,21.91,1746118724810000000,32,70112.0,2025-05-01,3000,30,True,Multi Leg auto-electronic trade,Business Services,Technology Services,396.18,406.0,390.0,400.0,37,4.8457923558806115,20,1,1,1,1,0
DUOL,Business Services,Technology Services,35__2,35,2.0,5. p99_trade_value,70112.0,276320.0,O:DUOL250516C00500000,DUOL,C,500.0,2025-05-16,209,0,323,11.5,1746214877557000000,108,124200.0,2025-05-02,3000,30,True,Automatic Execution,Business Services,Technology Services,436.925,487.0,433.0,486.42,18,5.094121595840561,20,1,1,1,1,0
DUOL,Business Services,Technology Services,35__2,35,2.0,5. p99_trade_value,70112.0,276320.0,O:DUOL250516P00470000,DUOL,P,470.0,2025-05-16,209,0,320,11.8,1746546367664000000,100,118000.0,2025-05-06,3000,30,True,Automatic Execution,Business Services,Technology Services,480.65,493.63,473.52,490.55,19,5.071882007306125,20,1,0,0,0,1
DUOL,Business Services,Technology Services,35__2,35,2.0,5. p99_trade_value,70112.0,276320.0,O:DUOL250516C00520000,DUOL,C,520.0,2025-05-16,227,0,309,11.29,1746628113880000000,78,88061.99999999999,2025-05-07,3000,30,True,Single Leg Auction Non ISO,Business Services,Technology Services,491.31,504.5,491.06,495.56,27,4.944788544615448,20,1,1,1,1,0
DUOL,Business Services,Technology Services,35__2,35,2.0,4. p999_trade_value,300000.0,476000.0,O:DUOL250620P00480000,DUOL,P,480.0,2025-06-20,209,0,308,15.0,1747856265080000000,200,300000.0,2025-05-21,3000,30,True,Automatic Execution,Business Services,Technology Services,522.77,531.94,510.72,514.3,4,5.477121254719663,20,1,1,0,0,0
DUOL,Business Services,Technology Services,35__2,35,2.0,5. p99_trade_value,70112.0,276320.0,O:DUOL250620P00480000,DUOL,P,480.0,2025-06-20,209,0,320,15.2,1747854483288000000,71,107920.0,2025-05-21,3000,30,True,Automatic Execution,Business Services,Technology Services,522.77,531.94,510.72,514.3,24,5.033101936663848,20,1,1,0,0,0
DUOL,Business Services,Technology Services,35__2,35,2.0,5. p99_trade_value,70112.0,276320.0,O:DUOL250620P00500000,DUOL,P,500.0,2025-06-20,227,0,323,23.4,1747855525583000000,30,70200.0,2025-05-21,3000,30,True,Single Leg Auction Non ISO,Business Services,Technology Services,522.77,531.94,510.72,514.3,36,4.846337112129805,20,1,1,0,0,0
DUOL,Business Services,Technology Services,35__2,35,2.0,5. p99_trade_value,70112.0,276320.0,O:DUOL250620P00480000,DUOL,P,480.0,2025-06-20,209,0,308,12.5,1747941560447000000,200,250000.0,2025-05-22,3000,30,True,Automatic Execution,Business Services,Technology Services,511.11,526.3,510.9824,517.8,7,5.3979400086720375,20,1,1,0,0,0
DUOL,Business Services,Technology Services,35__2,35,2.0,5. p99_trade_value,70112.0,276320.0,O:DUOL250620P00480000,DUOL,P,480.0,2025-06-20,209,0,320,15.5,1748007078969000000,50,77500.0,2025-05-23,3000,30,True,Automatic Execution,Business Services,Technology Services,512.31,524.415,510.0,520.21,31,4.889301702506311,20,1,1,0,0,0
DUOL,Business Services,Technology Services,35__2,35,2.0,5. p99_trade_value,70112.0,276320.0,O:DUOL250620P00480000,DUOL,P,480.0,2025-06-20,209,0,308,15.7,1748007001723000000,176,276320.0,2025-05-23,3000,30,True,Automatic Execution,Business Services,Technology Services,512.31,524.415,510.0,520.21,5,5.4414123202233835,20,1,1,0,0,0
DUOL,Business Services,Technology Services,35__2,35,2.0,5. p99_trade_value,70112.0,276320.0,O:DUOL250620P00480000,DUOL,P,480.0,2025-06-20,209,0,308,13.8,1748013525330000000,80,110400.0,2025-05-23,3000,30,True,Automatic Execution,Business Services,Technology Services,512.31,524.415,510.0,520.21,22,5.04296907339318,20,1,1,0,0,0
DUOL,Business Services,Technology Services,35__2,35,2.0,5. p99_trade_value,70112.0,276320.0,O:DUOL250620P00480000,DUOL,P,480.0,2025-06-20,209,0,320,13.5,1748014365178000000,80,108000.0,2025-05-23,3000,30,True,Automatic Execution,Business Services,Technology Services,512.31,524.415,510.0,520.21,23,5.033423755486949,20,1,1,0,0,0
DUOL,Business Services,Technology Services,35__2,35,2.0,5. p99_trade_value,70112.0,276320.0,O:DUOL250620P00480000,DUOL,P,480.0,2025-06-20,209,0,320,11.1,1748357755307000000,199,220890.0,2025-05-27,3000,30,True,Automatic Execution,Business Services,Technology Services,528.024,529.77,512.1,525.0,8,5.344176055196364,20,1,1,0,0,0
DUOL,Business Services,Technology Services,35__2,35,2.0,5. p99_trade_value,70112.0,276320.0,O:DUOL250620P00480000,DUOL,P,480.0,2025-06-20,209,0,320,10.7,1748356454657000000,200,214000.0,2025-05-27,3000,30,True,Automatic Execution,Business Services,Technology Services,528.024,529.77,512.1,525.0,10,5.330413773349191,20,1,1,0,0,0
DUOL,Business Services,Technology Services,35__2,35,2.0,5. p99_trade_value,70112.0,276320.0,O:DUOL250620P00480000,DUOL,P,480.0,2025-06-20,227,0,323,9.2,1748440044696000000,155,142600.0,2025-05-28,3000,30,True,Single Leg Auction Non ISO,Business Services,Technology Services,524.42,530.0,521.31,524.4,14,5.1541195255158465,20,1,1,0,0,0
DUOL,Business Services,Technology Services,35__2,35,2.0,5. p99_trade_value,70112.0,276320.0,O:DUOL250620P00520000,DUOL,P,520.0,2025-06-20,209,0,325,21.85,1748440103617000000,98,214130.00000000003,2025-05-28,3000,30,True,Automatic Execution,Business Services,Technology Services,524.42,530.0,521.31,524.4,9,5.330677516998936,20,1,1,0,0,0
DUOL,Business Services,Technology Services,35__2,35,2.0,5. p99_trade_value,70112.0,276320.0,O:DUOL250620P00480000,DUOL,P,480.0,2025-06-20,209,0,300,10.5,1748628747875000000,97,101850.0,2025-05-30,3000,30,True,Automatic Execution,Business Services,Technology Services,506.76,521.61,496.2648,519.61,26,5.007961033336183,20,1,1,0,0,0
DUOL,Business Services,Technology Services,35__2,35,2.0,5. p99_trade_value,70112.0,276320.0,O:DUOL250620P00480000,DUOL,P,480.0,2025-06-20,209,0,301,13.9,1748623064782000000,76,105640.00000000001,2025-05-30,3000,30,True,Automatic Execution,Business Services,Technology Services,506.76,521.61,496.2648,519.61,25,5.023828392534886,20,1,1,0,0,0
DUOL,Business Services,Technology Services,35__2,35,2.0,5. p99_trade_value,70112.0,276320.0,O:DUOL250620C00540000,DUOL,C,540.0,2025-06-20,209,0,325,16.75,1749136752353000000,50,83750.0,2025-06-05,3000,30,True,Automatic Execution,Business Services,Technology Services,530.18,531.8728,518.0,522.99,28,4.922984815708883,20,1,1,0,0,0
FNGR,Business Services,Technology Services,20__0,20,0.0,1. p999999_trade_value,37575.0,37575.0,O:FNGR250516C00004000,FNGR,C,4.0,2025-05-16,209,0,320,0.45,1746459056705000000,835,37575.0,2025-05-05,3000,30,True,Automatic Execution,Business Services,Technology Services,3.25,3.515,2.98,3.33,1,4.574898989258946,20,1,1,1,1,0
FNGR,Business Services,Technology Services,20__0,20,0.0,6. p95_trade_value,9000.0,11130.0,O:FNGR250516C00004000,FNGR,C,4.0,2025-05-16,209,0,320,0.45,1746457879803000000,200,9000.0,2025-05-05,3000,30,True,Automatic Execution,Business Services,Technology Services,3.25,3.515,2.98,3.33,5,3.9542425094393248,20,1,1,1,1,0
FNGR,Business Services,Technology Services,20__0,20,0.0,6. p95_trade_value,9000.0,11130.0,O:FNGR250516C00005000,FNGR,C,5.0,2025-05-16,209,0,318,0.35,1746459154267000000,300,10500.0,2025-05-05,3000,30,True,Automatic Execution,Business Services,Technology Services,3.25,3.515,2.98,3.33,3,4.021189299069938,20,1,1,0,0,0
FNGR,Business Services,Technology Services,20__0,20,0.0,6. p95_trade_value,9000.0,11130.0,O:FNGR250516C00004000,FNGR,C,4.0,2025-05-16,235,0,300,0.35,1747068587358000000,318,11130.0,2025-05-12,3000,30,True,Multi Leg floor trade,Business Services,Technology Services,3.55,3.85,3.395,3.52,2,4.046495164334709,20,1,1,1,1,0
FNGR,Business Services,Technology Services,20__0,20,0.0,6. p95_trade_value,9000.0,11130.0,O:FNGR250516C00005000,FNGR,C,5.0,2025-05-16,232,0,308,0.2,1747070506276000000,490,9800.0,2025-05-12,3000,30,True,Multi Leg auto-electronic trade,Business Services,Technology Services,3.55,3.85,3.395,3.52,4,3.9912260756924947,20,1,1,0,0,0
FUTU,Business Services,Technology Services,40__0,40,0.0,1. p999999_trade_value,551135.0,551135.0,O:FUTU241101C00095000,FUTU,C,95.0,2024-11-01,209,0,313,3.05,1729522667939000000,1807,551135.0,2024-10-21,3000,30,True,Automatic Execution,Business Services,Technology Services,91.56,93.64,90.73,92.33,1,5.741257991907718,20,1,1,1,1,0
GCT,Business Services,Technology Services,25__0,25,0.0,5. p99_trade_value,69859.99999999999,217354.99999999997,O:GCT241018C00030000,GCT,C,30.0,2024-10-18,209,0,308,1.45,1728308881233000000,1499,217354.99999999997,2024-10-07,3000,30,True,Automatic Execution,Business Services,Technology Services,28.88,29.04,26.52,27.38,2,5.337169635083255,20,1,0,0,0,1
GCT,Business Services,Technology Services,25__0,25,0.0,5. p99_trade_value,69859.99999999999,217354.99999999997,O:GCT241115C00025000,GCT,C,25.0,2024-11-15,209,0,308,1.5,1729087324680000000,498,74700.0,2024-10-16,3000,30,True,Automatic Execution,Business Services,Technology Services,23.59,24.68,23.445,24.58,3,4.873320601815399,20,1,1,0,0,0
GCT,Business Services,Technology Services,25__0,25,0.0,5. p99_trade_value,69859.99999999999,217354.99999999997,O:GCT241115C00025000,GCT,C,25.0,2024-11-15,209,0,308,1.4,1729086392697000000,499,69859.99999999999,2024-10-16,3000,30,True,Automatic Execution,Business Services,Technology Services,23.59,24.68,23.445,24.58,4,4.8442285813016275,20,1,1,0,0,0
GCT,Business Services,Technology Services,25__0,25,0.0,1. p999999_trade_value,480000.0,480000.0,O:GCT241115C00025000,GCT,C,25.0,2024-11-15,234,0,300,1.6,1729105040444000000,3000,480000.0,2024-10-16,3000,30,True,Multi Leg Cross,Business Services,Technology Services,23.59,24.68,23.445,24.58,1,5.681241237375588,20,1,1,0,0,0
GDS,Business Services,Technology Services,30__2,30,2.0,5. p99_trade_value,70000.0,198750.0,O:GDS241018C00024000,GDS,C,24.0,2024-10-18,209,0,316,1.0,1728330772102000000,1000,100000.0,2024-10-07,3000,30,True,Automatic Execution,Business Services,Technology Services,22.88,23.21,21.74,21.99,5,5.0,20,1,0,0,0,1
GDS,Business Services,Technology Services,30__2,30,2.0,5. p99_trade_value,70000.0,198750.0,O:GDS241115C00022000,GDS,C,22.0,2024-11-15,227,0,301,1.62,1729175056222000000,568,92016.00000000001,2024-10-17,3000,30,True,Single Leg Auction Non ISO,Business Services,Technology Services,21.62,21.95,20.91,21.16,6,4.96386335025365,20,1,1,1,0,0
GDS,Business Services,Technology Services,30__2,30,2.0,5. p99_trade_value,70000.0,198750.0,O:GDS241115C00022000,GDS,C,22.0,2024-11-15,227,0,301,1.77,1729185988073000000,400,70800.0,2024-10-17,3000,30,True,Single Leg Auction Non ISO,Business Services,Technology Services,21.62,21.95,20.91,21.16,9,4.850033257689769,20,1,1,1,0,0
GDS,Business Services,Technology Services,30__2,30,2.0,5. p99_trade_value,70000.0,198750.0,O:GDS241115C00025000,GDS,C,25.0,2024-11-15,241,0,323,0.95,1729268770874000000,2000,190000.0,2024-10-18,3000,30,True,Stock Options Cross,Business Services,Technology Services,22.64,22.75,21.23,21.57,3,5.278753600952829,20,1,0,0,0,1
GDS,Business Services,Technology Services,30__2,30,2.0,5. p99_trade_value,70000.0,198750.0,O:GDS250117C00024000,GDS,C,24.0,2025-01-17,229,0,300,1.2,1735572498432000000,1000,120000.0,2024-12-30,3000,30,True,Single Leg Cross Non ISO,Business Services,Technology Services,22.39,23.625,22.25,23.52,4,5.079181246047625,20,1,1,1,0,0
GDS,Business Services,Technology Services,30__2,30,2.0,5. p99_trade_value,70000.0,198750.0,O:GDS250221C00043000,GDS,C,43.0,2025-02-21,235,0,313,1.18,1739908832331000000,700,82600.0,2025-02-18,3000,30,True,Multi Leg floor trade,Business Services,Technology Services,41.78,42.04,39.54,40.77,7,4.916980047320382,20,1,1,1,1,0
GDS,Business Services,Technology Services,30__2,30,2.0,1. p999999_trade_value,232648.0,232648.0,O:GDS250221C00047000,GDS,C,47.0,2025-02-21,235,0,301,1.04,1739994359080000000,2237,232648.0,2025-02-19,3000,30,True,Multi Leg floor trade,Business Services,Technology Services,42.4,45.2,41.93,43.01,1,5.36669932339541,20,1,1,1,0,0
GDS,Business Services,Technology Services,30__2,30,2.0,5. p99_trade_value,70000.0,198750.0,O:GDS250321C00043000,GDS,C,43.0,2025-03-21,209,0,323,3.5,1740407533222000000,200,70000.0,2025-02-24,3000,30,True,Automatic Execution,Business Services,Technology Services,40.41,40.61,37.25,39.58,10,4.845098040014257,20,1,0,0,0,1
GDS,Business Services,Technology Services,30__2,30,2.0,5. p99_trade_value,70000.0,198750.0,O:GDS250321P00036000,GDS,P,36.0,2025-03-21,235,0,300,2.65,1741191353221000000,750,198750.0,2025-03-05,3000,30,True,Multi Leg floor trade,Business Services,Technology Services,37.575,39.98,37.2,39.055,2,5.298307137328508,20,1,1,1,1,0
GDS,Business Services,Technology Services,30__2,30,2.0,5. p99_trade_value,70000.0,198750.0,O:GDS250321P00030000,GDS,P,30.0,2025-03-21,209,0,308,1.5,1741873701015000000,499,74850.0,2025-03-13,3000,30,True,Automatic Execution,Business Services,Technology Services,33.265,34.62,32.34,33.52,8,4.8741918046790715,20,1,1,1,1,0
IBTA,Business Services,Technology Services,20__2,20,2.0,8. p75_trade_value,6720.0,11900.0,O:IBTA241018C00065000,IBTA,C,65.0,2024-10-18,232,0,308,3.47,1726862340127000000,30,10410.0,2024-09-20,3000,30,True,Multi Leg auto-electronic trade,Business Services,Technology Services,61.43,64.005,61.43,63.14,11,4.017450729510536,20,3,1,1,1,0
IBTA,Business Services,Technology Services,20__2,20,2.0,7. p90_trade_value,13050.0,19000.0,O:IBTA241115C00070000,IBTA,C,70.0,2024-11-15,232,0,312,4.65,1729281504171000000,30,13950.0,2024-10-18,3000,30,True,Multi Leg auto-electronic trade,Business Services,Technology Services,68.0,68.055,65.7001,67.19,7,4.144574207609616,20,2,1,0,0,0
IBTA,Business Services,Technology Services,20__2,20,2.0,6. p95_trade_value,50500.0,217000.0,O:IBTA241115C00080000,IBTA,C,80.0,2024-11-15,209,0,316,5.05,1731444157867000000,100,50500.0,2024-11-12,3000,30,True,Automatic Execution,Business Services,Technology Services,75.77,77.39,73.2,76.5,4,4.703291378118661,20,1,0,0,0,1
IBTA,Business Services,Technology Services,20__2,20,2.0,7. p90_trade_value,13050.0,19000.0,O:IBTA241115P00065000,IBTA,P,65.0,2024-11-15,209,0,313,1.8,1731426986682000000,85,15300.0,2024-11-12,3000,30,True,Automatic Execution,Business Services,Technology Services,75.77,77.39,73.2,76.5,6,4.184691430817598,20,2,1,1,0,0
IBTA,Business Services,Technology Services,20__2,20,2.0,1. p999999_trade_value,386750.0,386750.0,O:IBTA241115P00070000,IBTA,P,70.0,2024-11-15,209,0,313,3.5,1731528557612000000,1105,386750.0,2024-11-13,3000,30,True,Automatic Execution,Business Services,Technology Services,76.5,79.8017,74.79,74.93,1,5.5874303223714055,20,1,1,1,1,0
IBTA,Business Services,Technology Services,20__2,20,2.0,6. p95_trade_value,50500.0,217000.0,O:IBTA241115P00070000,IBTA,P,70.0,2024-11-15,227,0,308,3.05,1731525721726000000,186,56729.99999999999,2024-11-13,3000,30,True,Single Leg Auction Non ISO,Business Services,Technology Services,76.5,79.8017,74.79,74.93,3,4.753812783564702,20,1,1,1,1,0
IBTA,Business Services,Technology Services,20__2,20,2.0,6. p95_trade_value,50500.0,217000.0,O:IBTA241115P00070000,IBTA,P,70.0,2024-11-15,209,0,313,3.1,1731525667785000000,700,217000.0,2024-11-13,3000,30,True,Automatic Execution,Business Services,Technology Services,76.5,79.8017,74.79,74.93,2,5.336459733848529,20,1,1,1,1,0
IBTA,Business Services,Technology Services,20__2,20,2.0,8. p75_trade_value,6720.0,11900.0,O:IBTA241220C00075000,IBTA,C,75.0,2024-12-20,209,0,308,3.4,1732642622669000000,35,11900.0,2024-11-26,3000,30,True,Automatic Execution,Business Services,Technology Services,69.97,72.43,68.76,69.98,9,4.075546961392531,20,3,1,0,0,0
IBTA,Business Services,Technology Services,20__2,20,2.0,8. p75_trade_value,6720.0,11900.0,O:IBTA241220C00075000,IBTA,C,75.0,2024-12-20,209,0,320,3.2,1732653080577000000,21,6720.0,2024-11-26,3000,30,True,Automatic Execution,Business Services,Technology Services,69.97,72.43,68.76,69.98,18,3.8273692730538253,20,5,1,0,0,0
IBTA,Business Services,Technology Services,20__2,20,2.0,8. p75_trade_value,6720.0,11900.0,O:IBTA250321C00080000,IBTA,C,80.0,2025-03-21,233,0,312,3.56,1739996874824000000,20,7120.0,2025-02-19,3000,30,True,Multi Leg Auction,Business Services,Technology Services,71.13,72.53,69.534,71.51,16,3.8524799936368566,20,4,0,0,0,1
IBTA,Business Services,Technology Services,20__2,20,2.0,7. p90_trade_value,13050.0,19000.0,O:IBTA250321C00070000,IBTA,C,70.0,2025-03-21,209,0,320,3.8,1740416338957000000,50,19000.0,2025-02-24,3000,30,True,Automatic Execution,Business Services,Technology Services,65.5,65.89,64.48,65.01,5,4.278753600952829,20,2,0,0,0,1
IBTA,Business Services,Technology Services,20__2,20,2.0,8. p75_trade_value,6720.0,11900.0,O:IBTA250321C00075000,IBTA,C,75.0,2025-03-21,209,0,308,2.2,1740412541959000000,50,11000.000000000002,2025-02-24,3000,30,True,Automatic Execution,Business Services,Technology Services,65.5,65.89,64.48,65.01,10,4.041392685158225,20,3,0,0,0,1
IBTA,Business Services,Technology Services,20__2,20,2.0,7. p90_trade_value,13050.0,19000.0,O:IBTA250321P00060000,IBTA,P,60.0,2025-03-21,227,0,323,2.61,1740584239356000000,50,13050.0,2025-02-26,3000,30,True,Single Leg Auction Non ISO,Business Services,Technology Services,65.8,68.4,62.62,63.09,8,4.1156105116743,20,2,1,1,1,0
IBTA,Business Services,Technology Services,20__2,20,2.0,8. p75_trade_value,6720.0,11900.0,O:IBTA250321P00060000,IBTA,P,60.0,2025-03-21,227,0,312,2.87,1740584281661000000,25,7175.0,2025-02-26,3000,30,True,Single Leg Auction Non ISO,Business Services,Technology Services,65.8,68.4,62.62,63.09,14,3.85582190540603,20,4,1,1,1,0
IBTA,Business Services,Technology Services,20__2,20,2.0,8. p75_trade_value,6720.0,11900.0,O:IBTA250321P00060000,IBTA,P,60.0,2025-03-21,209,0,300,2.85,1740590321131000000,24,6840.000000000001,2025-02-26,3000,30,True,Automatic Execution,Business Services,Technology Services,65.8,68.4,62.62,63.09,17,3.835056101720116,20,5,1,1,1,0
IBTA,Business Services,Technology Services,20__2,20,2.0,8. p75_trade_value,6720.0,11900.0,O:IBTA250321P00060000,IBTA,P,60.0,2025-03-21,227,0,312,2.87,1740584281661000000,25,7175.0,2025-02-26,3000,30,True,Single Leg Auction Non ISO,Business Services,Technology Services,65.8,68.4,62.62,63.09,15,3.85582190540603,20,4,1,1,1,0
IBTA,Business Services,Technology Services,20__2,20,2.0,8. p75_trade_value,6720.0,11900.0,O:IBTA250321P00030000,IBTA,P,30.0,2025-03-21,209,0,320,1.15,1740688544619000000,70,8050.0,2025-02-27,3000,30,True,Automatic Execution,Business Services,Technology Services,38.005,40.69,33.53,34.01,13,3.9057958803678687,20,4,0,0,0,1
IBTA,Business Services,Technology Services,20__2,20,2.0,8. p75_trade_value,6720.0,11900.0,O:IBTA250620P00050000,IBTA,P,50.0,2025-06-20,209,0,308,2.0,1748012982970000000,50,10000.0,2025-05-23,3000,30,True,Automatic Execution,Business Services,Technology Services,52.4,52.565,50.675,50.95,12,4.0,20,3,1,0,0,0
MAX,Business Services,Technology Services,15__0,15,0.0,1. p999999_trade_value,18000.0,18000.0,O:MAX241115C00020000,MAX,C,20.0,2024-11-15,209,0,308,1.2,1729702999796000000,150,18000.0,2024-10-23,3000,30,True,Automatic Execution,Business Services,Technology Services,19.24,19.365,18.97,19.27,1,4.2552725051033065,20,1,1,0,0,0
MLGO,Business Services,Technology Services,20__0,20,0.0,1. p999999_trade_value,74850.0,74850.0,O:MLGO250417P00010000,MLGO,P,10.0,2025-04-17,209,0,325,1.5,1743523475472000000,499,74850.0,2025-04-01,3000,30,True,Automatic Execution,Business Services,Technology Services,32.215,32.4,17.2213,22.6,1,4.8741918046790715,20,1,1,1,1,0
MLGO,Business Services,Technology Services,20__0,20,0.0,5. p99_trade_value,18000.0,18000.0,O:MLGO250417P00010000,MLGO,P,10.0,2025-04-17,209,0,302,1.8,1743514804606000000,100,18000.0,2025-04-01,3000,30,True,Automatic Execution,Business Services,Technology Services,32.215,32.4,17.2213,22.6,2,4.2552725051033065,20,1,1,1,1,0
NOTE,Business Services,Technology Services,10__0,10,0.0,1. p999999_trade_value,12000.0,12000.0,O:NOTE250221C00002000,NOTE,C,2.0,2025-02-21,227,0,301,0.2,1739307093395000000,600,12000.0,2025-02-11,3000,30,True,Single Leg Auction Non ISO,Business Services,Technology Services,1.7,1.98,1.59,1.87,1,4.079181246047625,20,1,1,0,0,0
NVEE,Business Services,Technology Services,5__3,5,3.0,1. p999999_trade_value,18000.0,18000.0,O:NVEE250417C00020000,NVEE,C,20.0,2025-04-17,209,0,302,0.6,1742843369142000000,300,18000.0,2025-03-24,3000,30,True,Automatic Execution,Business Services,Technology Services,18.99,19.7,18.98,19.37,1,4.2552725051033065,20,1,1,0,0,0
PDYN,Business Services,Technology Services,20__0,20,0.0,1. p999999_trade_value,33000.0,33000.0,O:PDYN250221C00010000,PDYN,C,10.0,2025-02-21,209,0,308,1.1,1738345621799000000,300,33000.0,2025-01-31,3000,30,True,Automatic Execution,Business Services,Technology Services,8.39,9.23,8.04,8.51,1,4.518513939877887,20,1,1,0,0,0
PDYN,Business Services,Technology Services,20__0,20,0.0,5. p99_trade_value,25080.0,25080.0,O:PDYN250221C00011000,PDYN,C,11.0,2025-02-21,209,0,316,0.95,1738951724063000000,264,25080.0,2025-02-07,3000,30,True,Automatic Execution,Business Services,Technology Services,9.47,10.54,9.34,9.93,2,4.3993275321586784,20,1,1,0,0,0
PRTH,Business Services,Technology Services,0__2,0,2.0,1. p999999_trade_value,4000.0,4000.0,O:PRTH250620C00007500,PRTH,C,7.5,2025-06-20,209,0,320,0.5,1747838463067000000,80,4000.0,2025-05-21,3000,30,True,Automatic Execution,Business Services,Technology Services,7.43,7.46,7.121,7.14,1,3.6020599913279625,20,1,1,0,0,0
PSN,Business Services,Technology Services,25__0,25,0.0,1. p999999_trade_value,148800.0,148800.0,O:PSN241115C00110000,PSN,C,110.0,2024-11-15,239,0,302,3.1,1729277475768000000,480,148800.0,2024-10-18,3000,30,True,Multi Leg floor trade against single leg(s),Business Services,Technology Services,108.24,108.36,107.21,107.98,1,5.17260293120986,20,1,1,0,0,0
RXT,Business Services,Technology Services,0__0,0,0.0,1. p999999_trade_value,9500.0,9500.0,O:RXT241115C00003000,RXT,C,3.0,2024-11-15,227,0,309,0.19,1731445167185000000,500,9500.0,2024-11-12,3000,30,True,Single Leg Auction Non ISO,Business Services,Technology Services,2.77,2.87,2.7081,2.86,1,3.9777236052888476,20,1,1,0,0,0
SPXC,Business Services,Technology Services,10__0,10,0.0,1. p999999_trade_value,41720.0,41720.0,O:SPXC250117C00150000,SPXC,C,150.0,2025-01-17,209,0,325,2.8,1735318332210000000,149,41720.0,2024-12-27,3000,30,True,Automatic Execution,Business Services,Technology Services,145.97,147.11,143.22,145.96,1,4.6203442997544935,20,1,1,1,0,0
VRAR,Business Services,Technology Services,10__0,10,0.0,1. p999999_trade_value,5000.0,5000.0,O:VRAR241220C00001000,VRAR,C,1.0,2024-12-20,209,0,318,0.05,1733166435350000000,1000,5000.0,2024-12-02,3000,30,True,Automatic Execution,Business Services,Technology Services,0.7143,0.975,0.7,0.877,1,3.6989700043360187,20,1,1,1,1,0
VRAR,Business Services,Technology Services,10__0,10,0.0,7. p90_trade_value,4600.0,4600.0,O:VRAR241220C00001000,VRAR,C,1.0,2024-12-20,209,0,308,0.05,1733167926635000000,920,4600.0,2024-12-02,3000,30,True,Automatic Execution,Business Services,Technology Services,0.7143,0.975,0.7,0.877,2,3.662757831681574,20,2,1,1,1,0
VVX,Business Services,Technology Services,5__0,5,0.0,1. p999999_trade_value,3800.0,3800.0,O:VVX241115C00065000,VVX,C,65.0,2024-11-15,227,0,302,1.9,1729263958403000000,20,3800.0,2024-10-18,3000,30,True,Single Leg Auction Non ISO,Business Services,Technology Services,64.0,64.335,63.04,63.79,1,3.57978359661681,20,1,1,0,0,0
YMM,Business Services,Technology Services,20__0,20,0.0,1. p999999_trade_value,98000.00000000001,98000.00000000001,O:YMM250221C00012500,YMM,C,12.5,2025-02-21,229,0,313,0.14,1737663769840000000,7000,98000.00000000001,2025-01-23,3000,30,True,Single Leg Cross Non ISO,Business Services,Technology Services,11.23,11.34,11.155,11.28,1,4.991226075692495,20,1,1,1,0,0
ZETA,Business Services,Technology Services,35__2,35,2.0,4. p999_trade_value,641760.0,687500.0,O:ZETA241115P00030000,ZETA,P,30.0,2024-11-15,231,0,313,2.4,1729094725752000000,2674,641760.0,2024-10-16,3000,30,True,Single Leg Floor Trade,Business Services,Technology Services,31.93,32.16,30.75,30.94,4,5.807372644637572,20,1,1,1,1,0
ZETA,Business Services,Technology Services,35__2,35,2.0,4. p999_trade_value,641760.0,687500.0,O:ZETA241115P00030000,ZETA,P,30.0,2024-11-15,231,0,313,2.4,1729093683413000000,2674,641760.0,2024-10-16,3000,30,True,Single Leg Floor Trade,Business Services,Technology Services,31.93,32.16,30.75,30.94,3,5.807372644637572,20,1,1,1,1,0
ZETA,Business Services,Technology Services,35__2,35,2.0,1. p999999_trade_value,725000.0,725000.0,O:ZETA241115P00025000,ZETA,P,25.0,2024-11-15,235,0,313,1.45,1729273091908000000,5000,725000.0,2024-10-18,3000,30,True,Multi Leg floor trade,Business Services,Technology Services,28.87,29.3437,27.62,27.9,1,5.860338006570994,20,1,1,1,1,0
ZETA,Business Services,Technology Services,35__2,35,2.0,4. p999_trade_value,641760.0,687500.0,O:ZETA241115P00035000,ZETA,P,35.0,2024-11-15,235,0,313,2.75,1731337747682000000,2500,687500.0,2024-11-11,3000,30,True,Multi Leg floor trade,Business Services,Technology Services,37.6,38.2,36.21,36.74,2,5.8372727025023,20,1,1,1,1,0
