security,sector,industry,final_cluster,trade_volume_bin,cluster,trade_value_category,category_minimum,categiry_maximum,option_ticker,security_1,option_type,strike_price,expiration,conditions,correction,exchange,price,sip_timestamp,size,trade_value,data_date,option_condition_name,sector_1,industry_1,securty_open,security_high,security_low,security_close,trade_rank,trade_value_log10,trade_value_bin,itm,itm_expiration_day,itm_expriation_close,otm
TCBI,Finance,Banks - Southwest,10__0,10,0.0,1. p999999_trade_value,4920.0,4920.0,O:TCBI241018C00080000,TCBI,C,80.0,2024-10-18,232,0,322,2.05,1729106345966000000,24,4920.0,2024-10-16,Multi Leg auto-electronic trade,Finance,Banks - Southwest,78.46,79.37,77.93,78.46,1,3.69196510276736,1,1,1,0,0
TCBI,Finance,Banks - Southwest,10__0,10,0.0,8. p75_trade_value,4776.0,4776.0,O:TCBI241018C00080000,TCBI,C,80.0,2024-10-18,232,0,322,1.99,1729106352237000000,24,4776.0,2024-10-16,Multi Leg auto-electronic trade,Finance,Banks - Southwest,78.46,79.37,77.93,78.46,2,3.6790643181213127,2,1,1,0,0
TFC,Finance,Banks - Major Regional,30__1,30,1.0,8. p75_trade_value,8832.0,18321.0,O:TFC240920C00045500,TFC,C,45.5,2024-09-20,236,0,313,0.53,1724767810168000000,198,10494.000000000002,2024-08-27,Multi Leg auto-electronic trade against single leg(s),Finance,Banks - Major Regional,44.14,44.4,43.685,43.91,186,4.02094105986232,5,0,0,0,1
TFC,Finance,Banks - Major Regional,30__1,30,1.0,7. p90_trade_value,18400.0,32110.000000000004,O:TFC240913P00043000,TFC,P,43.0,2024-09-13,235,0,313,0.33,1725031266310000000,644,21252.0,2024-08-30,Multi Leg floor trade,Finance,Banks - Major Regional,44.11,44.495,44.06,44.46,73,4.3273998072377,2,1,1,1,0
TFC,Finance,Banks - Major Regional,30__1,30,1.0,7. p90_trade_value,18400.0,32110.000000000004,O:TFC240920C00043000,TFC,C,43.0,2024-09-20,227,0,323,0.2,1726250112174000000,1000,20000.0,2024-09-13,Single Leg Auction Non ISO,Finance,Banks - Major Regional,41.86,42.21,41.59,41.84,80,4.301029995663981,2,1,0,0,0
TFC,Finance,Banks - Major Regional,30__1,30,1.0,8. p75_trade_value,8832.0,18321.0,O:TFC240920P00041000,TFC,P,41.0,2024-09-20,235,0,313,0.3,1726238856581000000,424,12719.999999999998,2024-09-13,Multi Leg floor trade,Finance,Banks - Major Regional,41.86,42.21,41.59,41.84,148,4.104487111312395,4,0,0,0,1
TFC,Finance,Banks - Major Regional,30__1,30,1.0,8. p75_trade_value,8832.0,18321.0,O:TFC240927P00041500,TFC,P,41.5,2024-09-27,209,0,320,0.68,1726671228735000000,235,15980.000000000002,2024-09-18,Automatic Execution,Finance,Banks - Major Regional,41.84,42.7721,41.68,42.02,111,4.203576774977972,3,1,0,0,0
TFC,Finance,Banks - Major Regional,30__1,30,1.0,6. p95_trade_value,32640.000000000004,81708.0,O:TFC241018C00045000,TFC,C,45.0,2024-10-18,227,0,300,0.37,1726849511620000000,1313,48581.0,2024-09-20,Single Leg Auction Non ISO,Finance,Banks - Major Regional,42.73,42.81,42.04,42.32,19,4.686466450156474,1,0,0,0,1
TFC,Finance,Banks - Major Regional,30__1,30,1.0,7. p90_trade_value,18400.0,32110.000000000004,O:TFC241004P00041000,TFC,P,41.0,2024-10-04,235,0,313,0.33,1727109520050000000,847,27951.0,2024-09-23,Multi Leg floor trade,Finance,Banks - Major Regional,42.38,42.65,42.0,42.19,56,4.446397350208595,2,0,0,0,1
TFC,Finance,Banks - Major Regional,30__1,30,1.0,6. p95_trade_value,32640.000000000004,81708.0,O:TFC241018C00043000,TFC,C,43.0,2024-10-18,227,0,308,0.95,1727117074520000000,434,41229.99999999999,2024-09-23,Single Leg Auction Non ISO,Finance,Banks - Major Regional,42.38,42.65,42.0,42.19,30,4.615213334801358,1,1,1,1,0
TFC,Finance,Banks - Major Regional,30__1,30,1.0,8. p75_trade_value,8832.0,18321.0,O:TFC241018C00042500,TFC,C,42.5,2024-10-18,209,0,325,1.2,1727365990528000000,122,14640.0,2024-09-26,Automatic Execution,Finance,Banks - Major Regional,42.23,42.49,41.75,42.33,125,4.165541076722373,3,1,1,1,0
TFC,Finance,Banks - Major Regional,30__1,30,1.0,5. p99_trade_value,87516.00000000001,237840.0,O:TFC241025C00045000,TFC,C,45.0,2024-10-25,231,0,313,0.44,1727458754940000000,2110,92840.0,2024-09-27,Single Leg Floor Trade,Finance,Banks - Major Regional,42.5,42.75,42.005,42.52,7,4.96773513178388,1,0,0,0,1
TFC,Finance,Banks - Major Regional,30__1,30,1.0,8. p75_trade_value,8832.0,18321.0,O:TFC241018C00043000,TFC,C,43.0,2024-10-18,209,0,316,0.67,1727885653050000000,199,13333.000000000002,2024-10-02,Automatic Execution,Finance,Banks - Major Regional,41.56,42.31,41.56,41.77,138,4.124927879110533,4,1,1,1,0
TFC,Finance,Banks - Major Regional,30__1,30,1.0,8. p75_trade_value,8832.0,18321.0,O:TFC241018P00041000,TFC,P,41.0,2024-10-18,209,0,316,0.79,1727882096386000000,150,11850.0,2024-10-02,Automatic Execution,Finance,Banks - Major Regional,41.56,42.31,41.56,41.77,154,4.073718350346122,4,0,0,0,1
TFC,Finance,Banks - Major Regional,30__1,30,1.0,8. p75_trade_value,8832.0,18321.0,O:TFC241018P00041500,TFC,P,41.5,2024-10-18,209,0,316,0.97,1727882821173000000,162,15713.999999999998,2024-10-02,Automatic Execution,Finance,Banks - Major Regional,41.56,42.31,41.56,41.77,116,4.196286748808876,3,1,0,0,0
TFC,Finance,Banks - Major Regional,30__1,30,1.0,8. p75_trade_value,8832.0,18321.0,O:TFC241018P00041500,TFC,P,41.5,2024-10-18,209,0,316,0.95,1727883001186000000,181,17195.0,2024-10-02,Automatic Execution,Finance,Banks - Major Regional,41.56,42.31,41.56,41.77,95,4.235402180158032,3,1,0,0,0
TFC,Finance,Banks - Major Regional,30__1,30,1.0,8. p75_trade_value,8832.0,18321.0,O:TFC241018C00042000,TFC,C,42.0,2024-10-18,232,0,322,0.78,1727963512581000000,169,13182.0,2024-10-03,Multi Leg auto-electronic trade,Finance,Banks - Major Regional,41.56,41.69,41.08,41.49,143,4.119981307304154,4,1,1,1,0
TFC,Finance,Banks - Major Regional,30__1,30,1.0,8. p75_trade_value,8832.0,18321.0,O:TFC241018P00040000,TFC,P,40.0,2024-10-18,232,0,322,0.64,1727963512581000000,169,10816.0,2024-10-03,Multi Leg auto-electronic trade,Finance,Banks - Major Regional,41.56,41.69,41.08,41.49,176,4.0340666785975605,4,0,0,0,1
TFC,Finance,Banks - Major Regional,30__1,30,1.0,6. p95_trade_value,32640.000000000004,81708.0,O:TFC241018C00044000,TFC,C,44.0,2024-10-18,209,0,325,0.34,1728064686644000000,1020,34680.0,2024-10-04,Automatic Execution,Finance,Banks - Major Regional,42.22,42.61,41.985,42.39,43,4.540079088804172,1,1,0,0,0
TFC,Finance,Banks - Major Regional,30__1,30,1.0,6. p95_trade_value,32640.000000000004,81708.0,O:TFC241018C00044000,TFC,C,44.0,2024-10-18,231,0,302,0.34,1728064586122000000,1443,49062.00000000001,2024-10-04,Single Leg Floor Trade,Finance,Banks - Major Regional,42.22,42.61,41.985,42.39,18,4.690745248135749,1,1,0,0,0
TFC,Finance,Banks - Major Regional,30__1,30,1.0,8. p75_trade_value,8832.0,18321.0,O:TFC241018C00044000,TFC,C,44.0,2024-10-18,209,0,320,0.34,1728064174718000000,435,14790.0,2024-10-04,Automatic Execution,Finance,Banks - Major Regional,42.22,42.61,41.985,42.39,123,4.169968173996892,3,1,0,0,0
TFC,Finance,Banks - Major Regional,30__1,30,1.0,8. p75_trade_value,8832.0,18321.0,O:TFC241018C00044000,TFC,C,44.0,2024-10-18,209,0,316,0.34,1728059904350000000,297,10098.0,2024-10-04,Automatic Execution,Finance,Banks - Major Regional,42.22,42.61,41.985,42.39,195,4.004235366359468,5,1,0,0,0
TFC,Finance,Banks - Major Regional,30__1,30,1.0,7. p90_trade_value,18400.0,32110.000000000004,O:TFC241018C00044000,TFC,C,44.0,2024-10-18,209,0,303,0.34,1728059777409000000,824,28016.000000000004,2024-10-04,Automatic Execution,Finance,Banks - Major Regional,42.22,42.61,41.985,42.39,55,4.447406128739371,2,1,0,0,0
TFC,Finance,Banks - Major Regional,30__1,30,1.0,7. p90_trade_value,18400.0,32110.000000000004,O:TFC241018C00044000,TFC,C,44.0,2024-10-18,209,0,303,0.34,1728059834508000000,550,18700.0,2024-10-04,Automatic Execution,Finance,Banks - Major Regional,42.22,42.61,41.985,42.39,85,4.271841606536499,2,1,0,0,0
TFC,Finance,Banks - Major Regional,30__1,30,1.0,8. p75_trade_value,8832.0,18321.0,O:TFC241018P00041500,TFC,P,41.5,2024-10-18,209,0,320,0.78,1728059877455000000,209,16302.000000000002,2024-10-04,Automatic Execution,Finance,Banks - Major Regional,42.22,42.61,41.985,42.39,107,4.212240888801534,3,0,0,0,1
TFC,Finance,Banks - Major Regional,30__1,30,1.0,8. p75_trade_value,8832.0,18321.0,O:TFC241018C00043000,TFC,C,43.0,2024-10-18,209,0,323,0.64,1728310600289000000,168,10752.0,2024-10-07,Automatic Execution,Finance,Banks - Major Regional,42.33,42.55,41.625,42.0,177,4.03148925570975,5,1,1,1,0
TFC,Finance,Banks - Major Regional,30__1,30,1.0,8. p75_trade_value,8832.0,18321.0,O:TFC241018C00043000,TFC,C,43.0,2024-10-18,209,0,316,0.68,1728575875229000000,199,13532.000000000002,2024-10-10,Automatic Execution,Finance,Banks - Major Regional,42.48,42.84,42.36,42.49,137,4.131361989115943,4,1,1,1,0
TFC,Finance,Banks - Major Regional,30__1,30,1.0,8. p75_trade_value,8832.0,18321.0,O:TFC241018P00042000,TFC,P,42.0,2024-10-18,209,0,320,0.69,1728587577378000000,242,16698.0,2024-10-10,Automatic Execution,Finance,Banks - Major Regional,42.48,42.84,42.36,42.49,102,4.222664456717687,3,0,0,0,1
TFC,Finance,Banks - Major Regional,30__1,30,1.0,5. p99_trade_value,87516.00000000001,237840.0,O:TFC241018P00040000,TFC,P,40.0,2024-10-18,235,0,323,0.06,1728659619987000000,15000,90000.0,2024-10-11,Multi Leg floor trade,Finance,Banks - Major Regional,42.78,43.49,42.745,43.26,8,4.954242509439325,1,0,0,0,1
TFC,Finance,Banks - Major Regional,30__1,30,1.0,8. p75_trade_value,8832.0,18321.0,O:TFC241108P00043000,TFC,P,43.0,2024-11-08,209,0,325,1.29,1728933179098000000,82,10578.0,2024-10-14,Automatic Execution,Finance,Banks - Major Regional,43.3,43.825,43.01,43.59,183,4.0244035626829655,5,1,0,0,0
TFC,Finance,Banks - Major Regional,30__1,30,1.0,7. p90_trade_value,18400.0,32110.000000000004,O:TFC241018P00043000,TFC,P,43.0,2024-10-18,235,0,301,0.35,1729004306993000000,643,22505.0,2024-10-15,Multi Leg floor trade,Finance,Banks - Major Regional,43.9,44.59,43.81,43.91,68,4.352279017274498,2,1,1,0,0
TFC,Finance,Banks - Major Regional,30__1,30,1.0,8. p75_trade_value,8832.0,18321.0,O:TFC241018P00042500,TFC,P,42.5,2024-10-18,236,0,313,0.18,1729103402857000000,716,12888.0,2024-10-16,Multi Leg auto-electronic trade against single leg(s),Finance,Banks - Major Regional,44.33,44.93,44.1,44.53,146,4.110185527411161,4,0,0,0,1
TFC,Finance,Banks - Major Regional,30__1,30,1.0,8. p75_trade_value,8832.0,18321.0,O:TFC241018P00043000,TFC,P,43.0,2024-10-18,235,0,313,0.28,1729102206861000000,400,11200.000000000002,2024-10-16,Multi Leg floor trade,Finance,Banks - Major Regional,44.33,44.93,44.1,44.53,167,4.049218022670182,4,1,1,0,0
TFC,Finance,Banks - Major Regional,30__1,30,1.0,6. p95_trade_value,32640.000000000004,81708.0,O:TFC241115C00045000,TFC,C,45.0,2024-11-15,227,0,304,1.32,1729108567581000000,619,81708.0,2024-10-16,Single Leg Auction Non ISO,Finance,Banks - Major Regional,44.33,44.93,44.1,44.53,10,4.912264580225968,1,1,1,1,0
TFC,Finance,Banks - Major Regional,30__1,30,1.0,6. p95_trade_value,32640.000000000004,81708.0,O:TFC241115C00045000,TFC,C,45.0,2024-11-15,209,0,320,1.38,1729108567439000000,385,53129.99999999999,2024-10-16,Automatic Execution,Finance,Banks - Major Regional,44.33,44.93,44.1,44.53,16,4.725339815909737,1,1,1,1,0
TFC,Finance,Banks - Major Regional,30__1,30,1.0,6. p95_trade_value,32640.000000000004,81708.0,O:TFC241115C00045000,TFC,C,45.0,2024-11-15,209,0,316,1.36,1729108567473000000,289,39304.0,2024-10-16,Automatic Execution,Finance,Banks - Major Regional,44.33,44.93,44.1,44.53,35,4.594436751126765,1,1,1,1,0
TFC,Finance,Banks - Major Regional,30__1,30,1.0,8. p75_trade_value,8832.0,18321.0,O:TFC241115C00045000,TFC,C,45.0,2024-11-15,209,0,301,1.38,1729108567411000000,69,9522.0,2024-10-16,Automatic Execution,Finance,Banks - Major Regional,44.33,44.93,44.1,44.53,207,3.9787281771384917,5,1,1,1,0
TFC,Finance,Banks - Major Regional,30__1,30,1.0,5. p99_trade_value,87516.00000000001,237840.0,O:TFC241115C00045000,TFC,C,45.0,2024-11-15,227,0,302,1.32,1729108567581000000,663,87516.00000000001,2024-10-16,Single Leg Auction Non ISO,Finance,Banks - Major Regional,44.33,44.93,44.1,44.53,9,4.942087459610623,1,1,1,1,0
TFC,Finance,Banks - Major Regional,30__1,30,1.0,5. p99_trade_value,87516.00000000001,237840.0,O:TFC241115C00045000,TFC,C,45.0,2024-11-15,227,0,308,1.32,1729108567580000000,1294,170808.00000000003,2024-10-16,Single Leg Auction Non ISO,Finance,Banks - Major Regional,44.33,44.93,44.1,44.53,3,5.232508207538531,1,1,1,1,0
TFC,Finance,Banks - Major Regional,30__1,30,1.0,8. p75_trade_value,8832.0,18321.0,O:TFC241115C00045000,TFC,C,45.0,2024-11-15,209,0,315,1.38,1729108567440000000,116,16007.999999999998,2024-10-16,Automatic Execution,Finance,Banks - Major Regional,44.33,44.93,44.1,44.53,110,4.204337075628155,3,1,1,1,0
TFC,Finance,Banks - Major Regional,30__1,30,1.0,6. p95_trade_value,32640.000000000004,81708.0,O:TFC241115C00045000,TFC,C,45.0,2024-11-15,209,0,316,1.38,1729108567440000000,252,34776.0,2024-10-16,Automatic Execution,Finance,Banks - Major Regional,44.33,44.93,44.1,44.53,40,4.541279627182781,1,1,1,1,0
TFC,Finance,Banks - Major Regional,30__1,30,1.0,8. p75_trade_value,8832.0,18321.0,O:TFC241115C00045000,TFC,C,45.0,2024-11-15,209,0,313,0.83,1729175111384000000,179,14857.0,2024-10-17,Automatic Execution,Finance,Banks - Major Regional,44.11,44.2,42.945,42.95,122,4.171931123355967,3,1,1,1,0
TFC,Finance,Banks - Major Regional,30__1,30,1.0,8. p75_trade_value,8832.0,18321.0,O:TFC241115C00045000,TFC,C,45.0,2024-11-15,209,0,313,0.86,1729174984855000000,181,15566.0,2024-10-17,Automatic Execution,Finance,Banks - Major Regional,44.11,44.2,42.945,42.95,117,4.192177026112752,3,1,1,1,0
TFC,Finance,Banks - Major Regional,30__1,30,1.0,8. p75_trade_value,8832.0,18321.0,O:TFC241115C00045000,TFC,C,45.0,2024-11-15,209,0,313,0.87,1729174920147000000,182,15834.0,2024-10-17,Automatic Execution,Finance,Banks - Major Regional,44.11,44.2,42.945,42.95,115,4.199590640603693,3,1,1,1,0
TFC,Finance,Banks - Major Regional,30__1,30,1.0,8. p75_trade_value,8832.0,18321.0,O:TFC241115C00045000,TFC,C,45.0,2024-11-15,209,0,313,0.86,1729175406498000000,144,12384.0,2024-10-17,Automatic Execution,Finance,Banks - Major Regional,44.11,44.2,42.945,42.95,150,4.092860943338818,4,1,1,1,0
TFC,Finance,Banks - Major Regional,30__1,30,1.0,8. p75_trade_value,8832.0,18321.0,O:TFC241115C00045000,TFC,C,45.0,2024-11-15,209,0,313,0.93,1729173917491000000,197,18321.0,2024-10-17,Automatic Execution,Finance,Banks - Major Regional,44.11,44.2,42.945,42.95,89,4.262949174715528,3,1,1,1,0
TFC,Finance,Banks - Major Regional,30__1,30,1.0,8. p75_trade_value,8832.0,18321.0,O:TFC241115C00045000,TFC,C,45.0,2024-11-15,209,0,313,0.91,1729174320009000000,176,16016.0,2024-10-17,Automatic Execution,Finance,Banks - Major Regional,44.11,44.2,42.945,42.95,109,4.204554060135243,3,1,1,1,0
TFC,Finance,Banks - Major Regional,30__1,30,1.0,8. p75_trade_value,8832.0,18321.0,O:TFC241115C00045000,TFC,C,45.0,2024-11-15,209,0,313,0.92,1729174222530000000,177,16284.0,2024-10-17,Automatic Execution,Finance,Banks - Major Regional,44.11,44.2,42.945,42.95,108,4.211761093707362,3,1,1,1,0
TFC,Finance,Banks - Major Regional,30__1,30,1.0,8. p75_trade_value,8832.0,18321.0,O:TFC241115C00045000,TFC,C,45.0,2024-11-15,209,0,313,0.88,1729174865229000000,170,14960.0,2024-10-17,Automatic Execution,Finance,Banks - Major Regional,44.11,44.2,42.945,42.95,121,4.174931593528442,3,1,1,1,0
TFC,Finance,Banks - Major Regional,30__1,30,1.0,8. p75_trade_value,8832.0,18321.0,O:TFC241115C00045000,TFC,C,45.0,2024-11-15,209,0,313,0.86,1729172870585000000,198,17028.0,2024-10-17,Automatic Execution,Finance,Banks - Major Regional,44.11,44.2,42.945,42.95,98,4.231163641505099,3,1,1,1,0
TFC,Finance,Banks - Major Regional,30__1,30,1.0,8. p75_trade_value,8832.0,18321.0,O:TFC241115C00045000,TFC,C,45.0,2024-11-15,209,0,313,0.9,1729174367274000000,191,17190.0,2024-10-17,Automatic Execution,Finance,Banks - Major Regional,44.11,44.2,42.945,42.95,96,4.235275876687052,3,1,1,1,0
TFC,Finance,Banks - Major Regional,30__1,30,1.0,8. p75_trade_value,8832.0,18321.0,O:TFC241115C00045000,TFC,C,45.0,2024-11-15,209,0,313,0.91,1729173763770000000,197,17927.0,2024-10-17,Automatic Execution,Finance,Banks - Major Regional,44.11,44.2,42.945,42.95,94,4.253507618482686,3,1,1,1,0
TFC,Finance,Banks - Major Regional,30__1,30,1.0,7. p90_trade_value,18400.0,32110.000000000004,O:TFC241115C00045000,TFC,C,45.0,2024-11-15,209,0,313,0.92,1729173950090000000,200,18400.0,2024-10-17,Automatic Execution,Finance,Banks - Major Regional,44.11,44.2,42.945,42.95,88,4.264817823009537,2,1,1,1,0
TFC,Finance,Banks - Major Regional,30__1,30,1.0,8. p75_trade_value,8832.0,18321.0,O:TFC241115C00045000,TFC,C,45.0,2024-11-15,209,0,313,0.91,1729174093006000000,199,18109.0,2024-10-17,Automatic Execution,Finance,Banks - Major Regional,44.11,44.2,42.945,42.95,92,4.2578944687308,3,1,1,1,0
TFC,Finance,Banks - Major Regional,30__1,30,1.0,8. p75_trade_value,8832.0,18321.0,O:TFC241115C00045000,TFC,C,45.0,2024-11-15,209,0,313,0.91,1729173664918000000,199,18109.0,2024-10-17,Automatic Execution,Finance,Banks - Major Regional,44.11,44.2,42.945,42.95,93,4.2578944687308,3,1,1,1,0
TFC,Finance,Banks - Major Regional,30__1,30,1.0,8. p75_trade_value,8832.0,18321.0,O:TFC241115C00045000,TFC,C,45.0,2024-11-15,209,0,313,0.92,1729174025943000000,198,18216.0,2024-10-17,Automatic Execution,Finance,Banks - Major Regional,44.11,44.2,42.945,42.95,90,4.2604530176070865,3,1,1,1,0
TFC,Finance,Banks - Major Regional,30__1,30,1.0,8. p75_trade_value,8832.0,18321.0,O:TFC241115C00045000,TFC,C,45.0,2024-11-15,209,0,325,0.64,1729279510206000000,189,12096.0,2024-10-18,Automatic Execution,Finance,Banks - Major Regional,43.51,43.785,42.81,43.67,151,4.082641778157131,4,1,1,1,0
TFC,Finance,Banks - Major Regional,30__1,30,1.0,7. p90_trade_value,18400.0,32110.000000000004,O:TFC241115C00047500,TFC,C,47.5,2024-11-15,227,0,323,0.21,1729272756895000000,1500,31500.0,2024-10-18,Single Leg Auction Non ISO,Finance,Banks - Major Regional,43.51,43.785,42.81,43.67,46,4.498310553789601,2,1,0,0,0
TFC,Finance,Banks - Major Regional,30__1,30,1.0,7. p90_trade_value,18400.0,32110.000000000004,O:TFC241115P00040000,TFC,P,40.0,2024-11-15,209,0,313,0.5,1729521387061000000,600,30000.0,2024-10-21,Automatic Execution,Finance,Banks - Major Regional,43.3,43.57,42.35,42.43,49,4.477121254719663,2,0,0,0,1
TFC,Finance,Banks - Major Regional,30__1,30,1.0,8. p75_trade_value,8832.0,18321.0,O:TFC241025C00044000,TFC,C,44.0,2024-10-25,232,0,322,0.15,1729710797624000000,594,8910.0,2024-10-23,Multi Leg auto-electronic trade,Finance,Banks - Major Regional,43.17,43.5831,43.001,43.44,217,3.949877704036875,5,0,0,0,1
TFC,Finance,Banks - Major Regional,30__1,30,1.0,8. p75_trade_value,8832.0,18321.0,O:TFC241025P00043000,TFC,P,43.0,2024-10-25,232,0,322,0.17,1729710797624000000,594,10098.0,2024-10-23,Multi Leg auto-electronic trade,Finance,Banks - Major Regional,43.17,43.5831,43.001,43.44,194,4.004235366359468,5,1,1,1,0
TFC,Finance,Banks - Major Regional,30__1,30,1.0,6. p95_trade_value,32640.000000000004,81708.0,O:TFC241122C00045000,TFC,C,45.0,2024-11-22,231,0,301,0.37,1729880199941000000,1900,70300.0,2024-10-25,Single Leg Floor Trade,Finance,Banks - Major Regional,43.97,43.97,42.52,42.63,12,4.846955325019824,1,1,1,1,0
TFC,Finance,Banks - Major Regional,30__1,30,1.0,8. p75_trade_value,8832.0,18321.0,O:TFC241115C00044000,TFC,C,44.0,2024-11-15,209,0,315,0.75,1730135927416000000,150,11250.0,2024-10-28,Automatic Execution,Finance,Banks - Major Regional,42.91,43.38,42.7,43.29,164,4.051152522447381,4,1,1,1,0
TFC,Finance,Banks - Major Regional,30__1,30,1.0,6. p95_trade_value,32640.000000000004,81708.0,O:TFC241115C00045000,TFC,C,45.0,2024-11-15,229,0,301,0.4,1730130465263000000,2000,80000.0,2024-10-28,Single Leg Cross Non ISO,Finance,Banks - Major Regional,42.91,43.38,42.7,43.29,11,4.903089986991944,1,1,1,1,0
TFC,Finance,Banks - Major Regional,30__1,30,1.0,8. p75_trade_value,8832.0,18321.0,O:TFC241115C00044000,TFC,C,44.0,2024-11-15,209,0,320,0.7,1730214056805000000,140,9800.0,2024-10-29,Automatic Execution,Finance,Banks - Major Regional,43.22,43.3,42.91,43.09,197,3.9912260756924947,5,1,1,1,0
TFC,Finance,Banks - Major Regional,30__1,30,1.0,8. p75_trade_value,8832.0,18321.0,O:TFC241115C00044000,TFC,C,44.0,2024-11-15,209,0,313,0.77,1730385944636000000,125,9625.0,2024-10-31,Automatic Execution,Finance,Banks - Major Regional,43.05,43.595,43.04,43.05,200,3.983400738180538,5,1,1,1,0
TFC,Finance,Banks - Major Regional,30__1,30,1.0,7. p90_trade_value,18400.0,32110.000000000004,O:TFC241115C00044000,TFC,C,44.0,2024-11-15,209,0,313,0.77,1730385944636000000,275,21175.0,2024-10-31,Automatic Execution,Finance,Banks - Major Regional,43.05,43.595,43.04,43.05,74,4.325823419002744,2,1,1,1,0
TFC,Finance,Banks - Major Regional,30__1,30,1.0,8. p75_trade_value,8832.0,18321.0,O:TFC241115C00045000,TFC,C,45.0,2024-11-15,209,0,313,0.37,1730488485332000000,253,9361.0,2024-11-01,Automatic Execution,Finance,Banks - Major Regional,43.33,43.67,42.762,42.82,209,3.971322245242813,5,1,1,1,0
TFC,Finance,Banks - Major Regional,30__1,30,1.0,8. p75_trade_value,8832.0,18321.0,O:TFC241108P00040000,TFC,P,40.0,2024-11-08,209,0,307,0.41,1730749347178000000,320,13119.999999999998,2024-11-04,Automatic Execution,Finance,Banks - Major Regional,42.75,42.79,42.0425,42.07,144,4.117933835039642,4,0,0,0,1
TFC,Finance,Banks - Major Regional,30__1,30,1.0,8. p75_trade_value,8832.0,18321.0,O:TFC241108P00040000,TFC,P,40.0,2024-11-08,209,0,307,0.42,1730749349475000000,305,12810.0,2024-11-04,Automatic Execution,Finance,Banks - Major Regional,42.75,42.79,42.0425,42.07,147,4.107549129744687,4,0,0,0,1
TFC,Finance,Banks - Major Regional,30__1,30,1.0,8. p75_trade_value,8832.0,18321.0,O:TFC241115C00043000,TFC,C,43.0,2024-11-15,236,0,313,0.71,1730739471095000000,162,11502.0,2024-11-04,Multi Leg auto-electronic trade against single leg(s),Finance,Banks - Major Regional,42.75,42.79,42.0425,42.07,160,4.060773363261706,4,1,1,1,0
TFC,Finance,Banks - Major Regional,30__1,30,1.0,8. p75_trade_value,8832.0,18321.0,O:TFC241115C00043000,TFC,C,43.0,2024-11-15,232,0,313,0.7,1730739471101000000,236,16520.0,2024-11-04,Multi Leg auto-electronic trade,Finance,Banks - Major Regional,42.75,42.79,42.0425,42.07,103,4.218010042984363,3,1,1,1,0
TFC,Finance,Banks - Major Regional,30__1,30,1.0,8. p75_trade_value,8832.0,18321.0,O:TFC241115P00041000,TFC,P,41.0,2024-11-15,236,0,313,0.89,1730739471095000000,156,13884.0,2024-11-04,Multi Leg auto-electronic trade against single leg(s),Finance,Banks - Major Regional,42.75,42.79,42.0425,42.07,132,4.142514604999374,3,0,0,0,1
TFC,Finance,Banks - Major Regional,30__1,30,1.0,7. p90_trade_value,18400.0,32110.000000000004,O:TFC241115P00041000,TFC,P,41.0,2024-11-15,232,0,313,0.88,1730739471101000000,236,20768.0,2024-11-04,Multi Leg auto-electronic trade,Finance,Banks - Major Regional,42.75,42.79,42.0425,42.07,77,4.317394675120275,2,0,0,0,1
TFC,Finance,Banks - Major Regional,30__1,30,1.0,8. p75_trade_value,8832.0,18321.0,O:TFC241115P00041500,TFC,P,41.5,2024-11-15,219,0,301,1.07,1730738830842000000,122,13054.000000000002,2024-11-04,Intermarket Sweep Order,Finance,Banks - Major Regional,42.75,42.79,42.0425,42.07,145,4.115743608359958,4,0,0,0,1
TFC,Finance,Banks - Major Regional,30__1,30,1.0,6. p95_trade_value,32640.000000000004,81708.0,O:TFC241115P00042000,TFC,P,42.0,2024-11-15,209,0,316,1.32,1730738830838000000,298,39336.0,2024-11-04,Automatic Execution,Finance,Banks - Major Regional,42.75,42.79,42.0425,42.07,34,4.594790195282105,1,0,0,0,1
TFC,Finance,Banks - Major Regional,30__1,30,1.0,8. p75_trade_value,8832.0,18321.0,O:TFC241115P00042000,TFC,P,42.0,2024-11-15,209,0,313,1.28,1730835428984000000,83,10624.0,2024-11-05,Automatic Execution,Finance,Banks - Major Regional,42.25,42.72,42.155,42.32,182,4.0262880620239425,5,0,0,0,1
TFC,Finance,Banks - Major Regional,30__1,30,1.0,6. p95_trade_value,32640.000000000004,81708.0,O:TFC241206C00049000,TFC,C,49.0,2024-12-06,235,0,313,0.25,1731000828232000000,1900,47500.0,2024-11-07,Multi Leg floor trade,Finance,Banks - Major Regional,46.32,46.49,45.68,46.2,20,4.676693609624866,1,1,0,0,0
TFC,Finance,Banks - Major Regional,30__1,30,1.0,8. p75_trade_value,8832.0,18321.0,O:TFC241206C00047000,TFC,C,47.0,2024-12-06,232,0,304,0.89,1731424468664000000,120,10680.0,2024-11-12,Multi Leg auto-electronic trade,Finance,Banks - Major Regional,46.04,46.68,46.02,46.66,178,4.0285712526925375,5,1,1,1,0
TFC,Finance,Banks - Major Regional,30__1,30,1.0,5. p99_trade_value,87516.00000000001,237840.0,O:TFC241129C00047000,TFC,C,47.0,2024-11-29,229,0,313,0.54,1732034981578000000,2100,113400.0,2024-11-19,Single Leg Cross Non ISO,Finance,Banks - Major Regional,46.09,46.82,46.04,46.63,6,5.054613054556888,1,1,1,1,0
TFC,Finance,Banks - Major Regional,30__1,30,1.0,6. p95_trade_value,32640.000000000004,81708.0,O:TFC241220C00047500,TFC,C,47.5,2024-12-20,236,0,313,1.03,1732205197347000000,337,34711.0,2024-11-21,Multi Leg auto-electronic trade against single leg(s),Finance,Banks - Major Regional,46.36,47.15,46.26,46.81,41,4.5404671255765106,1,1,0,0,0
TFC,Finance,Banks - Major Regional,30__1,30,1.0,6. p95_trade_value,32640.000000000004,81708.0,O:TFC241220C00047500,TFC,C,47.5,2024-12-20,236,0,313,1.03,1732205199899000000,354,36462.0,2024-11-21,Multi Leg auto-electronic trade against single leg(s),Finance,Banks - Major Regional,46.36,47.15,46.26,46.81,38,4.56184048673096,1,1,0,0,0
TFC,Finance,Banks - Major Regional,30__1,30,1.0,8. p75_trade_value,8832.0,18321.0,O:TFC241220C00047500,TFC,C,47.5,2024-12-20,236,0,313,1.03,1732205197351000000,163,16789.0,2024-11-21,Multi Leg auto-electronic trade against single leg(s),Finance,Banks - Major Regional,46.36,47.15,46.26,46.81,101,4.22502482910913,3,1,0,0,0
TFC,Finance,Banks - Major Regional,30__1,30,1.0,6. p95_trade_value,32640.000000000004,81708.0,O:TFC241220C00047500,TFC,C,47.5,2024-12-20,232,0,300,1.03,1732205197351000000,442,45526.0,2024-11-21,Multi Leg auto-electronic trade,Finance,Banks - Major Regional,46.36,47.15,46.26,46.81,22,4.658259494054264,1,1,0,0,0
TFC,Finance,Banks - Major Regional,30__1,30,1.0,5. p99_trade_value,87516.00000000001,237840.0,O:TFC241220C00047500,TFC,C,47.5,2024-12-20,236,0,313,1.03,1732205200740000000,1137,117111.00000000001,2024-11-21,Multi Leg auto-electronic trade against single leg(s),Finance,Banks - Major Regional,46.36,47.15,46.26,46.81,5,5.068597689392907,1,1,0,0,0
TFC,Finance,Banks - Major Regional,30__1,30,1.0,7. p90_trade_value,18400.0,32110.000000000004,O:TFC241220C00047500,TFC,C,47.5,2024-12-20,236,0,313,1.03,1732205200538000000,233,23999.0,2024-11-21,Multi Leg auto-electronic trade against single leg(s),Finance,Banks - Major Regional,46.36,47.15,46.26,46.81,63,4.380193145731191,2,1,0,0,0
TFC,Finance,Banks - Major Regional,30__1,30,1.0,7. p90_trade_value,18400.0,32110.000000000004,O:TFC241220C00047500,TFC,C,47.5,2024-12-20,236,0,322,1.03,1732205200629000000,188,19364.0,2024-11-21,Multi Leg auto-electronic trade against single leg(s),Finance,Banks - Major Regional,46.36,47.15,46.26,46.81,83,4.2869950739688525,2,1,0,0,0
TFC,Finance,Banks - Major Regional,30__1,30,1.0,7. p90_trade_value,18400.0,32110.000000000004,O:TFC241220C00047500,TFC,C,47.5,2024-12-20,232,0,322,1.03,1732205200736000000,188,19364.0,2024-11-21,Multi Leg auto-electronic trade,Finance,Banks - Major Regional,46.36,47.15,46.26,46.81,82,4.2869950739688525,2,1,0,0,0
TFC,Finance,Banks - Major Regional,30__1,30,1.0,7. p90_trade_value,18400.0,32110.000000000004,O:TFC241220C00047500,TFC,C,47.5,2024-12-20,232,0,300,1.03,1732205199903000000,220,22660.0,2024-11-21,Multi Leg auto-electronic trade,Finance,Banks - Major Regional,46.36,47.15,46.26,46.81,67,4.355259905527379,2,1,0,0,0
TFC,Finance,Banks - Major Regional,30__1,30,1.0,8. p75_trade_value,8832.0,18321.0,O:TFC241220C00048000,TFC,C,48.0,2024-12-20,209,0,319,0.82,1732220521833000000,144,11808.0,2024-11-21,Automatic Execution,Finance,Banks - Major Regional,46.36,47.15,46.26,46.81,155,4.072176344478966,4,1,0,0,0
TFC,Finance,Banks - Major Regional,30__1,30,1.0,7. p90_trade_value,18400.0,32110.000000000004,O:TFC241220C00049500,TFC,C,49.5,2024-12-20,209,0,316,0.84,1732549380160000000,232,19488.0,2024-11-25,Automatic Execution,Finance,Banks - Major Regional,48.36,49.055,48.07,48.1,81,4.289767270952781,2,0,0,0,1
TFC,Finance,Banks - Major Regional,30__1,30,1.0,8. p75_trade_value,8832.0,18321.0,O:TFC241220P00040000,TFC,P,40.0,2024-12-20,231,0,301,0.06,1732550355543000000,2808,16848.0,2024-11-25,Single Leg Floor Trade,Finance,Banks - Major Regional,48.36,49.055,48.07,48.1,100,4.2265483538414115,3,0,0,0,1
TFC,Finance,Banks - Major Regional,30__1,30,1.0,8. p75_trade_value,8832.0,18321.0,O:TFC241213P00046500,TFC,P,46.5,2024-12-13,235,0,301,0.39,1733153840236000000,239,9321.0,2024-12-02,Multi Leg floor trade,Finance,Banks - Major Regional,47.9,47.97,46.83,46.98,210,3.969462507974637,5,1,1,1,0
TFC,Finance,Banks - Major Regional,30__1,30,1.0,8. p75_trade_value,8832.0,18321.0,O:TFC241220C00047500,TFC,C,47.5,2024-12-20,209,0,320,0.59,1733239442080000000,190,11210.0,2024-12-03,Automatic Execution,Finance,Banks - Major Regional,46.89,47.06,46.2,46.43,166,4.0496056125949735,4,1,0,0,0
TFC,Finance,Banks - Major Regional,30__1,30,1.0,8. p75_trade_value,8832.0,18321.0,O:TFC241220C00047500,TFC,C,47.5,2024-12-20,209,0,313,0.73,1733412971016000000,200,14600.0,2024-12-05,Automatic Execution,Finance,Banks - Major Regional,46.46,47.44,46.2749,47.17,126,4.164352855784437,3,1,0,0,0
TFC,Finance,Banks - Major Regional,30__1,30,1.0,8. p75_trade_value,8832.0,18321.0,O:TFC241220C00047500,TFC,C,47.5,2024-12-20,209,0,313,0.7,1733412730974000000,198,13860.0,2024-12-05,Automatic Execution,Finance,Banks - Major Regional,46.46,47.44,46.2749,47.17,133,4.141763230275788,4,1,0,0,0
TFC,Finance,Banks - Major Regional,30__1,30,1.0,8. p75_trade_value,8832.0,18321.0,O:TFC241220C00047500,TFC,C,47.5,2024-12-20,209,0,313,0.69,1733414073121000000,200,13800.0,2024-12-05,Automatic Execution,Finance,Banks - Major Regional,46.46,47.44,46.2749,47.17,134,4.139879086401237,4,1,0,0,0
TFC,Finance,Banks - Major Regional,30__1,30,1.0,8. p75_trade_value,8832.0,18321.0,O:TFC241220C00047500,TFC,C,47.5,2024-12-20,209,0,313,0.7,1733413831411000000,200,14000.0,2024-12-05,Automatic Execution,Finance,Banks - Major Regional,46.46,47.44,46.2749,47.17,131,4.146128035678238,3,1,0,0,0
TFC,Finance,Banks - Major Regional,30__1,30,1.0,8. p75_trade_value,8832.0,18321.0,O:TFC241220C00047500,TFC,C,47.5,2024-12-20,209,0,313,0.68,1733412567844000000,199,13532.000000000002,2024-12-05,Automatic Execution,Finance,Banks - Major Regional,46.46,47.44,46.2749,47.17,136,4.131361989115943,4,1,0,0,0
TFC,Finance,Banks - Major Regional,30__1,30,1.0,8. p75_trade_value,8832.0,18321.0,O:TFC241220C00047500,TFC,C,47.5,2024-12-20,209,0,313,0.69,1733412714972000000,199,13731.0,2024-12-05,Automatic Execution,Finance,Banks - Major Regional,46.46,47.44,46.2749,47.17,135,4.137702167146962,4,1,0,0,0
TFC,Finance,Banks - Major Regional,30__1,30,1.0,8. p75_trade_value,8832.0,18321.0,O:TFC241220C00047500,TFC,C,47.5,2024-12-20,209,0,313,0.66,1733413504981000000,200,13200.0,2024-12-05,Automatic Execution,Finance,Banks - Major Regional,46.46,47.44,46.2749,47.17,140,4.12057393120585,4,1,0,0,0
TFC,Finance,Banks - Major Regional,30__1,30,1.0,8. p75_trade_value,8832.0,18321.0,O:TFC241220C00047500,TFC,C,47.5,2024-12-20,209,0,313,0.66,1733413482705000000,200,13200.0,2024-12-05,Automatic Execution,Finance,Banks - Major Regional,46.46,47.44,46.2749,47.17,139,4.12057393120585,4,1,0,0,0
TFC,Finance,Banks - Major Regional,30__1,30,1.0,8. p75_trade_value,8832.0,18321.0,O:TFC241220C00047500,TFC,C,47.5,2024-12-20,209,0,313,0.72,1733413036768000000,199,14328.0,2024-12-05,Automatic Execution,Finance,Banks - Major Regional,46.46,47.44,46.2749,47.17,129,4.156185572840975,3,1,0,0,0
TFC,Finance,Banks - Major Regional,30__1,30,1.0,8. p75_trade_value,8832.0,18321.0,O:TFC241220C00047500,TFC,C,47.5,2024-12-20,209,0,313,0.69,1733414108977000000,166,11454.0,2024-12-05,Automatic Execution,Finance,Banks - Major Regional,46.46,47.44,46.2749,47.17,162,4.058957178777311,4,1,0,0,0
TFC,Finance,Banks - Major Regional,30__1,30,1.0,8. p75_trade_value,8832.0,18321.0,O:TFC241220P00046500,TFC,P,46.5,2024-12-20,232,0,312,0.59,1733497853514000000,269,15870.999999999998,2024-12-06,Multi Leg auto-electronic trade,Finance,Banks - Major Regional,47.22,47.62,46.78,47.26,113,4.200604291644552,3,1,1,1,0
TFC,Finance,Banks - Major Regional,30__1,30,1.0,6. p95_trade_value,32640.000000000004,81708.0,O:TFC241220C00048000,TFC,C,48.0,2024-12-20,209,0,304,0.55,1733757132239000000,1000,55000.0,2024-12-09,Automatic Execution,Finance,Banks - Major Regional,47.2,47.49,46.78,46.8,13,4.740362689494244,1,0,0,0,1
TFC,Finance,Banks - Major Regional,30__1,30,1.0,7. p90_trade_value,18400.0,32110.000000000004,O:TFC241220C00045500,TFC,C,45.5,2024-12-20,236,0,313,0.23,1734462848763000000,1267,29141.000000000004,2024-12-17,Multi Leg auto-electronic trade against single leg(s),Finance,Banks - Major Regional,44.94,45.48,44.66,45.13,51,4.4645044509010345,2,0,0,0,1
TFC,Finance,Banks - Major Regional,30__1,30,1.0,8. p75_trade_value,8832.0,18321.0,O:TFC241220C00046000,TFC,C,46.0,2024-12-20,236,0,313,0.12,1734462848763000000,1269,15228.0,2024-12-17,Multi Leg auto-electronic trade against single leg(s),Finance,Banks - Major Regional,44.94,45.48,44.66,45.13,120,4.18264286814233,3,0,0,0,1
TFC,Finance,Banks - Major Regional,30__1,30,1.0,7. p90_trade_value,18400.0,32110.000000000004,O:TFC250117C00045000,TFC,C,45.0,2025-01-17,227,0,323,0.68,1734629505154000000,273,18564.0,2024-12-19,Single Leg Auction Non ISO,Finance,Banks - Major Regional,43.6,43.86,42.39,42.55,86,4.268671559746992,2,1,1,1,0
TFC,Finance,Banks - Major Regional,30__1,30,1.0,8. p75_trade_value,8832.0,18321.0,O:TFC250117C00045000,TFC,C,45.0,2025-01-17,227,0,323,0.68,1734629505154000000,226,15368.0,2024-12-19,Single Leg Auction Non ISO,Finance,Banks - Major Regional,43.6,43.86,42.39,42.55,119,4.186617351853637,3,1,1,1,0
TFC,Finance,Banks - Major Regional,30__1,30,1.0,8. p75_trade_value,8832.0,18321.0,O:TFC250117C00045000,TFC,C,45.0,2025-01-17,232,0,304,0.61,1734637126856000000,191,11651.0,2024-12-19,Multi Leg auto-electronic trade,Finance,Banks - Major Regional,43.6,43.86,42.39,42.55,158,4.066363202258494,4,1,1,1,0
TFC,Finance,Banks - Major Regional,30__1,30,1.0,7. p90_trade_value,18400.0,32110.000000000004,O:TFC250117C00044000,TFC,C,44.0,2025-01-17,209,0,304,1.01,1734970499313000000,295,29795.0,2024-12-23,Automatic Execution,Finance,Banks - Major Regional,43.0,43.56,42.91,43.54,50,4.474143389760806,2,1,1,1,0
TFC,Finance,Banks - Major Regional,30__1,30,1.0,7. p90_trade_value,18400.0,32110.000000000004,O:TFC250117C00047500,TFC,C,47.5,2025-01-17,227,0,323,0.17,1734979955884000000,1499,25483.0,2024-12-23,Single Leg Auction Non ISO,Finance,Banks - Major Regional,43.0,43.56,42.91,43.54,60,4.4062505542265535,2,1,1,1,0
TFC,Finance,Banks - Major Regional,30__1,30,1.0,6. p95_trade_value,32640.000000000004,81708.0,O:TFC250110P00042500,TFC,P,42.5,2025-01-10,239,0,302,0.34,1735665837418000000,960,32640.000000000004,2024-12-31,Multi Leg floor trade against single leg(s),Finance,Banks - Major Regional,43.6,43.8,43.24,43.38,44,4.513750150081823,1,0,0,0,1
TFC,Finance,Banks - Major Regional,30__1,30,1.0,8. p75_trade_value,8832.0,18321.0,O:TFC250110P00043000,TFC,P,43.0,2025-01-10,235,0,301,0.2,1735932777096000000,474,9480.000000000002,2025-01-03,Multi Leg floor trade,Finance,Banks - Major Regional,43.57,44.136533,43.06,44.1,208,3.9768083373380665,5,1,1,1,0
TFC,Finance,Banks - Major Regional,30__1,30,1.0,8. p75_trade_value,8832.0,18321.0,O:TFC250117C00045000,TFC,C,45.0,2025-01-17,227,0,323,0.34,1736520509411000000,300,10200.000000000002,2025-01-10,Single Leg Auction Non ISO,Finance,Banks - Major Regional,43.32,43.48,42.57,42.78,191,4.008600171761918,5,1,1,1,0
TFC,Finance,Banks - Major Regional,30__1,30,1.0,7. p90_trade_value,18400.0,32110.000000000004,O:TFC250117P00041500,TFC,P,41.5,2025-01-17,235,0,301,0.46,1736538903434000000,534,24564.0,2025-01-10,Multi Leg floor trade,Finance,Banks - Major Regional,43.32,43.48,42.57,42.78,62,4.3902990887101305,2,0,0,0,1
TFC,Finance,Banks - Major Regional,30__1,30,1.0,8. p75_trade_value,8832.0,18321.0,O:TFC250117P00041500,TFC,P,41.5,2025-01-17,239,0,302,0.22,1736867766364000000,484,10648.0,2025-01-14,Multi Leg floor trade against single leg(s),Finance,Banks - Major Regional,43.5,43.99,43.24,43.91,180,4.027268042466619,5,0,0,0,1
TFC,Finance,Banks - Major Regional,30__1,30,1.0,7. p90_trade_value,18400.0,32110.000000000004,O:TFC250117P00042500,TFC,P,42.5,2025-01-17,239,0,302,0.45,1736867766425000000,484,21780.0,2025-01-14,Multi Leg floor trade against single leg(s),Finance,Banks - Major Regional,43.5,43.99,43.24,43.91,69,4.338057875419756,2,0,0,0,1
TFC,Finance,Banks - Major Regional,30__1,30,1.0,8. p75_trade_value,8832.0,18321.0,O:TFC250117P00044000,TFC,P,44.0,2025-01-17,233,0,301,0.34,1736956559753000000,534,18156.0,2025-01-15,Multi Leg Auction,Finance,Banks - Major Regional,45.17,45.5772,44.97,45.39,91,4.259020174070812,3,0,0,0,1
TFC,Finance,Banks - Major Regional,30__1,30,1.0,8. p75_trade_value,8832.0,18321.0,O:TFC250117C00046000,TFC,C,46.0,2025-01-17,209,0,313,0.29,1737060428175000000,359,10411.0,2025-01-16,Automatic Execution,Finance,Banks - Major Regional,44.94,45.49,44.44,44.98,188,4.017492446477275,5,1,1,1,0
TFC,Finance,Banks - Major Regional,30__1,30,1.0,7. p90_trade_value,18400.0,32110.000000000004,O:TFC250117P00043500,TFC,P,43.5,2025-01-17,234,0,300,0.19,1737056209693000000,1519,28861.0,2025-01-16,Multi Leg Cross,Finance,Banks - Major Regional,44.94,45.49,44.44,44.98,52,4.460311374815615,2,0,0,0,1
TFC,Finance,Banks - Major Regional,30__1,30,1.0,7. p90_trade_value,18400.0,32110.000000000004,O:TFC250117P00044000,TFC,P,44.0,2025-01-17,239,0,302,0.3,1737060350685000000,1000,30000.0,2025-01-16,Multi Leg floor trade against single leg(s),Finance,Banks - Major Regional,44.94,45.49,44.44,44.98,48,4.477121254719663,2,0,0,0,1
TFC,Finance,Banks - Major Regional,30__1,30,1.0,8. p75_trade_value,8832.0,18321.0,O:TFC250131C00048000,TFC,C,48.0,2025-01-31,209,0,316,0.5,1737142122125000000,224,11200.0,2025-01-17,Automatic Execution,Finance,Banks - Major Regional,47.02,47.745,46.55,47.65,168,4.049218022670182,4,1,1,0,0
TFC,Finance,Banks - Major Regional,30__1,30,1.0,6. p95_trade_value,32640.000000000004,81708.0,O:TFC250131C00048000,TFC,C,48.0,2025-01-31,209,0,320,0.5,1737142122125000000,744,37200.0,2025-01-17,Automatic Execution,Finance,Banks - Major Regional,47.02,47.745,46.55,47.65,37,4.570542939881897,1,1,1,0,0
TFC,Finance,Banks - Major Regional,30__1,30,1.0,6. p95_trade_value,32640.000000000004,81708.0,O:TFC250131C00048000,TFC,C,48.0,2025-01-31,209,0,320,0.58,1737143198126000000,712,41296.0,2025-01-17,Automatic Execution,Finance,Banks - Major Regional,47.02,47.745,46.55,47.65,29,4.615907987199794,1,1,1,0,0
TFC,Finance,Banks - Major Regional,30__1,30,1.0,8. p75_trade_value,8832.0,18321.0,O:TFC250131C00048000,TFC,C,48.0,2025-01-31,209,0,300,0.5,1737142122125000000,224,11200.0,2025-01-17,Automatic Execution,Finance,Banks - Major Regional,47.02,47.745,46.55,47.65,171,4.049218022670182,4,1,1,0,0
TFC,Finance,Banks - Major Regional,30__1,30,1.0,8. p75_trade_value,8832.0,18321.0,O:TFC250131C00048000,TFC,C,48.0,2025-01-31,209,0,325,0.58,1737143198063000000,201,11658.0,2025-01-17,Automatic Execution,Finance,Banks - Major Regional,47.02,47.745,46.55,47.65,157,4.066624050983426,4,1,1,0,0
TFC,Finance,Banks - Major Regional,30__1,30,1.0,8. p75_trade_value,8832.0,18321.0,O:TFC250131C00048000,TFC,C,48.0,2025-01-31,209,0,325,0.5,1737142122125000000,224,11200.0,2025-01-17,Automatic Execution,Finance,Banks - Major Regional,47.02,47.745,46.55,47.65,169,4.049218022670182,4,1,1,0,0
TFC,Finance,Banks - Major Regional,30__1,30,1.0,8. p75_trade_value,8832.0,18321.0,O:TFC250131C00048000,TFC,C,48.0,2025-01-31,209,0,316,0.58,1737143198126000000,206,11947.999999999998,2025-01-17,Automatic Execution,Finance,Banks - Major Regional,47.02,47.745,46.55,47.65,153,4.077295213932091,4,1,1,0,0
TFC,Finance,Banks - Major Regional,30__1,30,1.0,8. p75_trade_value,8832.0,18321.0,O:TFC250131C00048000,TFC,C,48.0,2025-01-31,209,0,315,0.58,1737143198126000000,214,12411.999999999998,2025-01-17,Automatic Execution,Finance,Banks - Major Regional,47.02,47.745,46.55,47.65,149,4.093841766912128,4,1,1,0,0
TFC,Finance,Banks - Major Regional,30__1,30,1.0,8. p75_trade_value,8832.0,18321.0,O:TFC250131C00048000,TFC,C,48.0,2025-01-31,209,0,315,0.5,1737142122125000000,224,11200.0,2025-01-17,Automatic Execution,Finance,Banks - Major Regional,47.02,47.745,46.55,47.65,170,4.049218022670182,4,1,1,0,0
TFC,Finance,Banks - Major Regional,30__1,30,1.0,8. p75_trade_value,8832.0,18321.0,O:TFC250131P00047500,TFC,P,47.5,2025-01-31,209,0,319,0.29,1737472922337000000,363,10527.0,2025-01-21,Automatic Execution,Finance,Banks - Major Regional,48.0,48.527849,47.735,47.89,185,4.022304622935069,5,1,1,0,0
TFC,Finance,Banks - Major Regional,30__1,30,1.0,7. p90_trade_value,18400.0,32110.000000000004,O:TFC250207C00049000,TFC,C,49.0,2025-02-07,209,0,316,0.52,1737480619509000000,401,20852.0,2025-01-21,Automatic Execution,Finance,Banks - Major Regional,48.0,48.527849,47.735,47.89,76,4.319147716254982,2,0,0,0,1
TFC,Finance,Banks - Major Regional,30__1,30,1.0,7. p90_trade_value,18400.0,32110.000000000004,O:TFC250207C00049000,TFC,C,49.0,2025-02-07,209,0,320,0.52,1737480619509000000,577,30004.000000000004,2025-01-21,Automatic Execution,Finance,Banks - Major Regional,48.0,48.527849,47.735,47.89,47,4.47717915679053,2,0,0,0,1
TFC,Finance,Banks - Major Regional,30__1,30,1.0,8. p75_trade_value,8832.0,18321.0,O:TFC250207C00049000,TFC,C,49.0,2025-02-07,209,0,315,0.52,1737480619509000000,174,9048.0,2025-01-21,Automatic Execution,Finance,Banks - Major Regional,48.0,48.527849,47.735,47.89,216,3.956552591917399,5,0,0,0,1
TFC,Finance,Banks - Major Regional,30__1,30,1.0,6. p95_trade_value,32640.000000000004,81708.0,O:TFC250214P00046000,TFC,P,46.0,2025-02-14,209,0,316,0.79,1737560913616000000,443,34997.0,2025-01-22,Automatic Execution,Finance,Banks - Major Regional,47.73,47.74,46.41,47.01,39,4.544030817513511,1,1,1,0,0
TFC,Finance,Banks - Major Regional,30__1,30,1.0,8. p75_trade_value,8832.0,18321.0,O:TFC250221C00049500,TFC,C,49.5,2025-02-21,209,0,308,0.45,1737556202834000000,250,11250.0,2025-01-22,Automatic Execution,Finance,Banks - Major Regional,47.73,47.74,46.41,47.01,165,4.051152522447381,4,0,0,0,1
TFC,Finance,Banks - Major Regional,30__1,30,1.0,8. p75_trade_value,8832.0,18321.0,O:TFC250221P00044500,TFC,P,44.5,2025-02-21,209,0,308,0.4,1737557616044000000,253,10120.0,2025-01-22,Automatic Execution,Finance,Banks - Major Regional,47.73,47.74,46.41,47.01,193,4.00518051250378,5,0,0,0,1
TFC,Finance,Banks - Major Regional,30__1,30,1.0,8. p75_trade_value,8832.0,18321.0,O:TFC250221P00046000,TFC,P,46.0,2025-02-21,233,0,302,0.92,1737561736626000000,96,8832.0,2025-01-22,Multi Leg Auction,Finance,Banks - Major Regional,47.73,47.74,46.41,47.01,219,3.9460590603851236,5,1,1,1,0
TFC,Finance,Banks - Major Regional,30__1,30,1.0,8. p75_trade_value,8832.0,18321.0,O:TFC250221P00040000,TFC,P,40.0,2025-02-21,227,0,308,0.05,1738774166200000000,1925,9625.0,2025-02-05,Single Leg Auction Non ISO,Finance,Banks - Major Regional,47.77,47.81,47.085,47.67,201,3.983400738180538,5,0,0,0,1
TFC,Finance,Banks - Major Regional,30__1,30,1.0,8. p75_trade_value,8832.0,18321.0,O:TFC250221P00047000,TFC,P,47.0,2025-02-21,209,0,316,0.23,1739979816738000000,395,9085.0,2025-02-19,Automatic Execution,Finance,Banks - Major Regional,47.18,47.77,47.01,47.53,214,3.958324931644053,5,1,1,1,0
TFC,Finance,Banks - Major Regional,30__1,30,1.0,7. p90_trade_value,18400.0,32110.000000000004,O:TFC250314P00044000,TFC,P,44.0,2025-03-14,209,0,315,0.35,1740161123543000000,600,21000.0,2025-02-21,Automatic Execution,Finance,Banks - Major Regional,46.88,46.88,45.53,45.66,75,4.3222192947339195,2,1,1,1,0
TFC,Finance,Banks - Major Regional,30__1,30,1.0,8. p75_trade_value,8832.0,18321.0,O:TFC250307C00046500,TFC,C,46.5,2025-03-07,209,0,319,0.39,1740583371313000000,376,14664.000000000002,2025-02-26,Automatic Execution,Finance,Banks - Major Regional,45.46,45.69,45.113,45.34,124,4.16625245195416,3,1,0,0,0
TFC,Finance,Banks - Major Regional,30__1,30,1.0,8. p75_trade_value,8832.0,18321.0,O:TFC250307P00044500,TFC,P,44.5,2025-03-07,236,0,313,0.38,1740593626291000000,347,13186.000000000002,2025-02-26,Multi Leg auto-electronic trade against single leg(s),Finance,Banks - Major Regional,45.46,45.69,45.113,45.34,142,4.120113071407684,4,1,1,1,0
TFC,Finance,Banks - Major Regional,30__1,30,1.0,8. p75_trade_value,8832.0,18321.0,O:TFC250321C00047500,TFC,C,47.5,2025-03-21,209,0,316,0.41,1740583343766000000,221,9061.0,2025-02-26,Automatic Execution,Finance,Banks - Major Regional,45.46,45.69,45.113,45.34,215,3.957176130404846,5,0,0,0,1
TFC,Finance,Banks - Major Regional,30__1,30,1.0,8. p75_trade_value,8832.0,18321.0,O:TFC250321C00047500,TFC,C,47.5,2025-03-21,209,0,316,0.41,1740583331998000000,223,9143.0,2025-02-26,Automatic Execution,Finance,Banks - Major Regional,45.46,45.69,45.113,45.34,212,3.961088719767896,5,0,0,0,1
TFC,Finance,Banks - Major Regional,30__1,30,1.0,8. p75_trade_value,8832.0,18321.0,O:TFC250321C00047500,TFC,C,47.5,2025-03-21,227,0,300,0.4,1740583485244000000,425,17000.0,2025-02-26,Single Leg Auction Non ISO,Finance,Banks - Major Regional,45.46,45.69,45.113,45.34,99,4.230448921378274,3,0,0,0,1
TFC,Finance,Banks - Major Regional,30__1,30,1.0,8. p75_trade_value,8832.0,18321.0,O:TFC250321C00047500,TFC,C,47.5,2025-03-21,209,0,313,0.4,1740583582009000000,396,15840.0,2025-02-26,Automatic Execution,Finance,Banks - Major Regional,45.46,45.69,45.113,45.34,114,4.199755177253475,3,0,0,0,1
TFC,Finance,Banks - Major Regional,30__1,30,1.0,7. p90_trade_value,18400.0,32110.000000000004,O:TFC250321C00047500,TFC,C,47.5,2025-03-21,227,0,308,0.41,1740582944611000000,688,28208.0,2025-02-26,Single Leg Auction Non ISO,Finance,Banks - Major Regional,45.46,45.69,45.113,45.34,53,4.450372294955247,2,0,0,0,1
TFC,Finance,Banks - Major Regional,30__1,30,1.0,7. p90_trade_value,18400.0,32110.000000000004,O:TFC250321C00047500,TFC,C,47.5,2025-03-21,209,0,320,0.4,1740583457627000000,543,21720.0,2025-02-26,Automatic Execution,Finance,Banks - Major Regional,45.46,45.69,45.113,45.34,70,4.33685982091681,2,0,0,0,1
TFC,Finance,Banks - Major Regional,30__1,30,1.0,8. p75_trade_value,8832.0,18321.0,O:TFC250321C00048000,TFC,C,48.0,2025-03-21,231,0,301,0.25,1740585929860000000,615,15375.0,2025-02-26,Single Leg Floor Trade,Finance,Banks - Major Regional,45.46,45.69,45.113,45.34,118,4.186815124447454,3,0,0,0,1
TFC,Finance,Banks - Major Regional,30__1,30,1.0,8. p75_trade_value,8832.0,18321.0,O:TFC250321P00043000,TFC,P,43.0,2025-03-21,209,0,316,0.32,1740685320328000000,438,14016.0,2025-02-27,Automatic Execution,Finance,Banks - Major Regional,45.5,46.12,45.295,45.71,130,4.146624088824005,3,1,1,1,0
TFC,Finance,Banks - Major Regional,30__1,30,1.0,6. p95_trade_value,32640.000000000004,81708.0,O:TFC250307P00045500,TFC,P,45.5,2025-03-07,235,0,313,0.4,1740762917456000000,1064,42560.0,2025-02-28,Multi Leg floor trade,Finance,Banks - Major Regional,46.05,46.38,45.7,46.35,24,4.629001619286992,1,1,1,1,0
TFC,Finance,Banks - Major Regional,30__1,30,1.0,8. p75_trade_value,8832.0,18321.0,O:TFC250314P00040500,TFC,P,40.5,2025-03-14,236,0,322,0.24,1741378217278000000,399,9576.0,2025-03-07,Multi Leg auto-electronic trade against single leg(s),Finance,Banks - Major Regional,42.02,42.36,40.95,42.19,203,3.9811841373983543,5,1,1,0,0
TFC,Finance,Banks - Major Regional,30__1,30,1.0,8. p75_trade_value,8832.0,18321.0,O:TFC250314P00039000,TFC,P,39.0,2025-03-14,235,0,300,0.21,1741626264926000000,532,11172.0,2025-03-10,Multi Leg floor trade,Finance,Banks - Major Regional,41.28,41.44,39.67,40.37,172,4.048130927028968,4,0,0,0,1
TFC,Finance,Banks - Major Regional,30__1,30,1.0,7. p90_trade_value,18400.0,32110.000000000004,O:TFC250417C00042500,TFC,C,42.5,2025-04-17,233,0,323,0.94,1742304937081000000,197,18517.999999999996,2025-03-18,Multi Leg Auction,Finance,Banks - Major Regional,41.02,41.19,40.5,40.85,87,4.267594079761292,2,1,0,0,0
TFC,Finance,Banks - Major Regional,30__1,30,1.0,7. p90_trade_value,18400.0,32110.000000000004,O:TFC250411C00043000,TFC,C,43.0,2025-04-11,209,0,313,0.5,1742479406326000000,551,27550.0,2025-03-20,Automatic Execution,Finance,Banks - Major Regional,40.86,41.67,40.77,41.33,57,4.440121603187804,2,0,0,0,1
TFC,Finance,Banks - Major Regional,30__1,30,1.0,8. p75_trade_value,8832.0,18321.0,O:TFC250417C00042500,TFC,C,42.5,2025-04-17,209,0,320,0.88,1742579357076000000,120,10560.0,2025-03-21,Automatic Execution,Finance,Banks - Major Regional,41.11,41.43,40.645,41.42,184,4.023663918197793,5,1,0,0,0
TFC,Finance,Banks - Major Regional,30__1,30,1.0,8. p75_trade_value,8832.0,18321.0,O:TFC250417C00042500,TFC,C,42.5,2025-04-17,209,0,320,0.88,1742579416427000000,115,10120.0,2025-03-21,Automatic Execution,Finance,Banks - Major Regional,41.11,41.43,40.645,41.42,192,4.00518051250378,5,1,0,0,0
TFC,Finance,Banks - Major Regional,30__1,30,1.0,8. p75_trade_value,8832.0,18321.0,O:TFC250417C00042500,TFC,C,42.5,2025-04-17,209,0,316,0.88,1742579416998000000,165,14519.999999999998,2025-03-21,Automatic Execution,Finance,Banks - Major Regional,41.11,41.43,40.645,41.42,127,4.161966616364075,3,1,0,0,0
TFC,Finance,Banks - Major Regional,30__1,30,1.0,7. p90_trade_value,18400.0,32110.000000000004,O:TFC250417C00045000,TFC,C,45.0,2025-04-17,231,0,301,0.2,1742580410167000000,1363,27260.000000000004,2025-03-21,Single Leg Floor Trade,Finance,Banks - Major Regional,41.11,41.43,40.645,41.42,58,4.435525851498655,2,0,0,0,1
TFC,Finance,Banks - Major Regional,30__1,30,1.0,7. p90_trade_value,18400.0,32110.000000000004,O:TFC250404C00042500,TFC,C,42.5,2025-04-04,209,0,325,0.65,1742844791858000000,494,32110.000000000004,2025-03-24,Automatic Execution,Finance,Banks - Major Regional,41.92,42.34,41.77,42.15,45,4.506640305566503,2,1,0,0,0
TFC,Finance,Banks - Major Regional,30__1,30,1.0,7. p90_trade_value,18400.0,32110.000000000004,O:TFC250417C00042500,TFC,C,42.5,2025-04-17,209,0,313,1.26,1742845977541000000,205,25830.0,2025-03-24,Automatic Execution,Finance,Banks - Major Regional,41.92,42.34,41.77,42.15,59,4.412124406173318,2,1,0,0,0
TFC,Finance,Banks - Major Regional,30__1,30,1.0,8. p75_trade_value,8832.0,18321.0,O:TFC250417C00042500,TFC,C,42.5,2025-04-17,219,0,316,1.15,1742824333728000000,125,14375.0,2025-03-24,Intermarket Sweep Order,Finance,Banks - Major Regional,41.92,42.34,41.77,42.15,128,4.157607853361668,3,1,0,0,0
TFC,Finance,Banks - Major Regional,30__1,30,1.0,8. p75_trade_value,8832.0,18321.0,O:TFC250417C00042500,TFC,C,42.5,2025-04-17,209,0,320,1.16,1742824338696000000,87,10091.999999999998,2025-03-24,Automatic Execution,Finance,Banks - Major Regional,41.92,42.34,41.77,42.15,196,4.003977241845537,5,1,0,0,0
TFC,Finance,Banks - Major Regional,30__1,30,1.0,5. p99_trade_value,87516.00000000001,237840.0,O:TFC250417C00042500,TFC,C,42.5,2025-04-17,227,0,312,1.2,1742824373215000000,1982,237840.0,2025-03-24,Single Leg Auction Non ISO,Finance,Banks - Major Regional,41.92,42.34,41.77,42.15,2,5.376284896196881,1,1,0,0,0
TFC,Finance,Banks - Major Regional,30__1,30,1.0,1. p999999_trade_value,719880.0,719880.0,O:TFC250417C00042500,TFC,C,42.5,2025-04-17,227,0,312,1.2,1742824377489000000,5999,719880.0,2025-03-24,Single Leg Auction Non ISO,Finance,Banks - Major Regional,41.92,42.34,41.77,42.15,1,5.85726010798508,1,1,0,0,0
TFC,Finance,Banks - Major Regional,30__1,30,1.0,7. p90_trade_value,18400.0,32110.000000000004,O:TFC250417C00042500,TFC,C,42.5,2025-04-17,209,0,320,1.15,1742824333962000000,175,20124.999999999996,2025-03-24,Automatic Execution,Finance,Banks - Major Regional,41.92,42.34,41.77,42.15,79,4.303735889039906,2,1,0,0,0
TFC,Finance,Banks - Major Regional,30__1,30,1.0,7. p90_trade_value,18400.0,32110.000000000004,O:TFC250417C00043000,TFC,C,43.0,2025-04-17,227,0,300,0.96,1742930601839000000,293,28127.999999999996,2025-03-25,Single Leg Auction Non ISO,Finance,Banks - Major Regional,42.235,42.43,41.925,42.0,54,4.449138853393678,2,0,0,0,1
TFC,Finance,Banks - Major Regional,30__1,30,1.0,8. p75_trade_value,8832.0,18321.0,O:TFC250417P00041500,TFC,P,41.5,2025-04-17,209,0,313,0.91,1742920841295000000,132,12012.0,2025-03-25,Automatic Execution,Finance,Banks - Major Regional,42.235,42.43,41.925,42.0,152,4.0796153235269434,4,1,1,1,0
TFC,Finance,Banks - Major Regional,30__1,30,1.0,8. p75_trade_value,8832.0,18321.0,O:TFC250417C00042000,TFC,C,42.0,2025-04-17,232,0,300,1.29,1743084277316000000,132,17028.0,2025-03-27,Multi Leg auto-electronic trade,Finance,Banks - Major Regional,41.9,41.9,41.245,41.4,97,4.231163641505099,3,0,0,0,1
TFC,Finance,Banks - Major Regional,30__1,30,1.0,8. p75_trade_value,8832.0,18321.0,O:TFC250417C00042000,TFC,C,42.0,2025-04-17,232,0,300,1.29,1743104207875000000,88,11352.000000000002,2025-03-27,Multi Leg auto-electronic trade,Finance,Banks - Major Regional,41.9,41.9,41.245,41.4,163,4.055072382449418,4,0,0,0,1
TFC,Finance,Banks - Major Regional,30__1,30,1.0,8. p75_trade_value,8832.0,18321.0,O:TFC250417C00042500,TFC,C,42.5,2025-04-17,209,0,303,0.78,1743170413842000000,150,11700.0,2025-03-28,Automatic Execution,Finance,Banks - Major Regional,41.17,41.53,40.265,40.46,156,4.068185861746161,4,0,0,0,1
TFC,Finance,Banks - Major Regional,30__1,30,1.0,8. p75_trade_value,8832.0,18321.0,O:TFC250417C00042500,TFC,C,42.5,2025-04-17,209,0,313,0.66,1743176182604000000,145,9570.0,2025-03-28,Automatic Execution,Finance,Banks - Major Regional,41.17,41.53,40.265,40.46,204,3.9809119377768436,5,0,0,0,1
TFC,Finance,Banks - Major Regional,30__1,30,1.0,8. p75_trade_value,8832.0,18321.0,O:TFC250411C00041500,TFC,C,41.5,2025-04-11,232,0,312,0.66,1743438529584000000,175,11550.0,2025-03-31,Multi Leg auto-electronic trade,Finance,Banks - Major Regional,40.22,41.32,39.97,41.15,159,4.062581984228163,4,1,0,0,0
TFC,Finance,Banks - Major Regional,30__1,30,1.0,6. p95_trade_value,32640.000000000004,81708.0,O:TFC250411P00040000,TFC,P,40.0,2025-04-11,235,0,323,0.36,1743617333452000000,964,34704.0,2025-04-02,Multi Leg floor trade,Finance,Banks - Major Regional,40.31,41.625,40.3,41.56,42,4.540379534670118,1,1,1,1,0
TFC,Finance,Banks - Major Regional,30__1,30,1.0,8. p75_trade_value,8832.0,18321.0,O:TFC250411P00035000,TFC,P,35.0,2025-04-11,235,0,301,0.3,1743705367290000000,532,15960.0,2025-04-03,Multi Leg floor trade,Finance,Banks - Major Regional,39.29,39.71,37.015,37.04,112,4.203032887014711,3,1,1,0,0
TFC,Finance,Banks - Major Regional,30__1,30,1.0,6. p95_trade_value,32640.000000000004,81708.0,O:TFC250411P00037000,TFC,P,37.0,2025-04-11,235,0,301,0.82,1743705367290000000,532,43623.99999999999,2025-04-03,Multi Leg floor trade,Finance,Banks - Major Regional,39.29,39.71,37.015,37.04,23,4.639725484678765,1,1,1,1,0
TFC,Finance,Banks - Major Regional,30__1,30,1.0,5. p99_trade_value,87516.00000000001,237840.0,O:TFC250417C00042500,TFC,C,42.5,2025-04-17,235,0,323,0.17,1743690914548000000,7426,126242.0,2025-04-03,Multi Leg floor trade,Finance,Banks - Major Regional,39.29,39.71,37.015,37.04,4,5.101203866268414,1,0,0,0,1
TFC,Finance,Banks - Major Regional,30__1,30,1.0,8. p75_trade_value,8832.0,18321.0,O:TFC250411C00037000,TFC,C,37.0,2025-04-11,232,0,312,0.6,1743786209845000000,160,9600.0,2025-04-04,Multi Leg auto-electronic trade,Finance,Banks - Major Regional,35.52,35.81,33.705,34.79,202,3.9822712330395684,5,1,0,0,0
TFC,Finance,Banks - Major Regional,30__1,30,1.0,8. p75_trade_value,8832.0,18321.0,O:TFC250417P00033000,TFC,P,33.0,2025-04-17,209,0,313,1.1,1743774658397000000,99,10890.0,2025-04-04,Automatic Execution,Finance,Banks - Major Regional,35.52,35.81,33.705,34.79,175,4.037027879755775,4,0,0,0,1
TFC,Finance,Banks - Major Regional,30__1,30,1.0,8. p75_trade_value,8832.0,18321.0,O:TFC250417P00033000,TFC,P,33.0,2025-04-17,209,0,303,1.53,1743777565431000000,60,9180.0,2025-04-04,Automatic Execution,Finance,Banks - Major Regional,35.52,35.81,33.705,34.79,211,3.9628426812012423,5,0,0,0,1
TFC,Finance,Banks - Major Regional,30__1,30,1.0,8. p75_trade_value,8832.0,18321.0,O:TFC250417P00033000,TFC,P,33.0,2025-04-17,209,0,313,1.1,1743774658385000000,100,11000.000000000002,2025-04-04,Automatic Execution,Finance,Banks - Major Regional,35.52,35.81,33.705,34.79,174,4.041392685158225,4,0,0,0,1
TFC,Finance,Banks - Major Regional,30__1,30,1.0,7. p90_trade_value,18400.0,32110.000000000004,O:TFC250417P00033000,TFC,P,33.0,2025-04-17,209,0,313,1.03,1743774434693000000,199,20497.0,2025-04-04,Automatic Execution,Finance,Banks - Major Regional,35.52,35.81,33.705,34.79,78,4.311690301114879,2,0,0,0,1
TFC,Finance,Banks - Major Regional,30__1,30,1.0,6. p95_trade_value,32640.000000000004,81708.0,O:TFC250417P00033000,TFC,P,33.0,2025-04-17,209,0,313,1.41,1744210353181000000,279,39339.0,2025-04-09,Automatic Execution,Finance,Banks - Major Regional,34.19,38.23,33.82,37.99,33,4.594823315928977,1,0,0,0,1
TFC,Finance,Banks - Major Regional,30__1,30,1.0,8. p75_trade_value,8832.0,18321.0,O:TFC250425P00033000,TFC,P,33.0,2025-04-25,209,0,309,1.65,1744210280764000000,100,16500.0,2025-04-09,Automatic Execution,Finance,Banks - Major Regional,34.19,38.23,33.82,37.99,105,4.217483944213907,3,0,0,0,1
TFC,Finance,Banks - Major Regional,30__1,30,1.0,8. p75_trade_value,8832.0,18321.0,O:TFC250509P00033000,TFC,P,33.0,2025-05-09,209,0,318,2.08,1744212935480000000,50,10400.0,2025-04-09,Automatic Execution,Finance,Banks - Major Regional,34.19,38.23,33.82,37.99,190,4.017033339298781,5,0,0,0,1
TFC,Finance,Banks - Major Regional,30__1,30,1.0,8. p75_trade_value,8832.0,18321.0,O:TFC250509P00033000,TFC,P,33.0,2025-05-09,209,0,301,2.08,1744212935480000000,50,10400.0,2025-04-09,Automatic Execution,Finance,Banks - Major Regional,34.19,38.23,33.82,37.99,189,4.017033339298781,5,0,0,0,1
TFC,Finance,Banks - Major Regional,30__1,30,1.0,8. p75_trade_value,8832.0,18321.0,O:TFC250509C00037000,TFC,C,37.0,2025-05-09,209,0,316,1.17,1744380832839000000,76,8891.999999999998,2025-04-11,Automatic Execution,Finance,Banks - Major Regional,35.33,35.645,34.52,35.39,218,3.948999454026953,5,1,1,1,0
TFC,Finance,Banks - Major Regional,30__1,30,1.0,8. p75_trade_value,8832.0,18321.0,O:TFC250509C00038000,TFC,C,38.0,2025-05-09,240,0,308,0.88,1744735527290000000,150,13200.0,2025-04-15,Stock Options auto-electronic trade,Finance,Banks - Major Regional,36.29,37.07,36.29,36.49,141,4.12057393120585,4,1,1,1,0
TFC,Finance,Banks - Major Regional,30__1,30,1.0,8. p75_trade_value,8832.0,18321.0,O:TFC250509C00038000,TFC,C,38.0,2025-05-09,240,0,302,0.82,1744731435185000000,200,16400.0,2025-04-15,Stock Options auto-electronic trade,Finance,Banks - Major Regional,36.29,37.07,36.29,36.49,106,4.214843848047698,3,1,1,1,0
TFC,Finance,Banks - Major Regional,30__1,30,1.0,6. p95_trade_value,32640.000000000004,81708.0,O:TFC250509C00038000,TFC,C,38.0,2025-05-09,240,0,308,0.84,1744731514228000000,500,42000.0,2025-04-15,Stock Options auto-electronic trade,Finance,Banks - Major Regional,36.29,37.07,36.29,36.49,25,4.623249290397901,1,1,1,1,0
TFC,Finance,Banks - Major Regional,30__1,30,1.0,6. p95_trade_value,32640.000000000004,81708.0,O:TFC250509C00038000,TFC,C,38.0,2025-05-09,240,0,302,0.91,1744731482868000000,450,40950.0,2025-04-15,Stock Options auto-electronic trade,Finance,Banks - Major Regional,36.29,37.07,36.29,36.49,31,4.612253906096437,1,1,1,1,0
TFC,Finance,Banks - Major Regional,30__1,30,1.0,6. p95_trade_value,32640.000000000004,81708.0,O:TFC250509C00038000,TFC,C,38.0,2025-05-09,240,0,302,0.83,1744731514229000000,500,41500.0,2025-04-15,Stock Options auto-electronic trade,Finance,Banks - Major Regional,36.29,37.07,36.29,36.49,28,4.6180480967120925,1,1,1,1,0
TFC,Finance,Banks - Major Regional,30__1,30,1.0,6. p95_trade_value,32640.000000000004,81708.0,O:TFC250509C00038000,TFC,C,38.0,2025-05-09,240,0,308,0.86,1744731482867000000,450,38700.0,2025-04-15,Stock Options auto-electronic trade,Finance,Banks - Major Regional,36.29,37.07,36.29,36.49,36,4.587710965018911,1,1,1,1,0
TFC,Finance,Banks - Major Regional,30__1,30,1.0,8. p75_trade_value,8832.0,18321.0,O:TFC250509P00036000,TFC,P,36.0,2025-05-09,240,0,308,1.1,1744735527290000000,150,16500.0,2025-04-15,Stock Options auto-electronic trade,Finance,Banks - Major Regional,36.29,37.07,36.29,36.49,104,4.217483944213907,3,1,0,0,0
TFC,Finance,Banks - Major Regional,30__1,30,1.0,6. p95_trade_value,32640.000000000004,81708.0,O:TFC250509P00036000,TFC,P,36.0,2025-05-09,240,0,302,1.04,1744731482868000000,450,46800.0,2025-04-15,Stock Options auto-electronic trade,Finance,Banks - Major Regional,36.29,37.07,36.29,36.49,21,4.670245853074124,1,1,0,0,0
TFC,Finance,Banks - Major Regional,30__1,30,1.0,6. p95_trade_value,32640.000000000004,81708.0,O:TFC250509P00036000,TFC,P,36.0,2025-05-09,240,0,308,1.12,1744731482867000000,450,50400.00000000001,2025-04-15,Stock Options auto-electronic trade,Finance,Banks - Major Regional,36.29,37.07,36.29,36.49,17,4.702430536445525,1,1,0,0,0
TFC,Finance,Banks - Major Regional,30__1,30,1.0,6. p95_trade_value,32640.000000000004,81708.0,O:TFC250509P00036000,TFC,P,36.0,2025-05-09,240,0,308,1.07,1744731514228000000,500,53500.0,2025-04-15,Stock Options auto-electronic trade,Finance,Banks - Major Regional,36.29,37.07,36.29,36.49,15,4.7283537820212285,1,1,0,0,0
TFC,Finance,Banks - Major Regional,30__1,30,1.0,6. p95_trade_value,32640.000000000004,81708.0,O:TFC250509P00036000,TFC,P,36.0,2025-05-09,240,0,302,1.09,1744731514229000000,500,54500.0,2025-04-15,Stock Options auto-electronic trade,Finance,Banks - Major Regional,36.29,37.07,36.29,36.49,14,4.7363965022766426,1,1,0,0,0
TFC,Finance,Banks - Major Regional,30__1,30,1.0,7. p90_trade_value,18400.0,32110.000000000004,O:TFC250509P00036000,TFC,P,36.0,2025-05-09,240,0,302,1.17,1744731435185000000,200,23400.0,2025-04-15,Stock Options auto-electronic trade,Finance,Banks - Major Regional,36.29,37.07,36.29,36.49,64,4.3692158574101425,2,1,0,0,0
TFC,Finance,Banks - Major Regional,30__1,30,1.0,8. p75_trade_value,8832.0,18321.0,O:TFC250516C00040000,TFC,C,40.0,2025-05-16,233,0,323,0.21,1744832274163000000,454,9534.0,2025-04-16,Multi Leg Auction,Finance,Banks - Major Regional,36.22,36.67,35.535,36.0,206,3.9792751475910233,5,1,1,1,0
TFC,Finance,Banks - Major Regional,30__1,30,1.0,7. p90_trade_value,18400.0,32110.000000000004,O:TFC250516C00040000,TFC,C,40.0,2025-05-16,233,0,323,0.22,1744832274163000000,1136,24992.0,2025-04-16,Multi Leg Auction,Finance,Banks - Major Regional,36.22,36.67,35.535,36.0,61,4.397801012197206,2,1,1,1,0
TFC,Finance,Banks - Major Regional,30__1,30,1.0,7. p90_trade_value,18400.0,32110.000000000004,O:TFC250516C00037500,TFC,C,37.5,2025-05-16,209,0,313,0.68,1744905920602000000,336,22848.0,2025-04-17,Automatic Execution,Finance,Banks - Major Regional,35.11,36.545,35.07,35.9,65,4.35884819009608,2,1,1,1,0
TFC,Finance,Banks - Major Regional,30__1,30,1.0,8. p75_trade_value,8832.0,18321.0,O:TFC250516C00036000,TFC,C,36.0,2025-05-16,209,0,316,0.99,1745260234514000000,92,9108.0,2025-04-21,Automatic Execution,Finance,Banks - Major Regional,35.5,35.66,35.0,35.31,213,3.9594230219431052,5,1,1,1,0
TFC,Finance,Banks - Major Regional,30__1,30,1.0,8. p75_trade_value,8832.0,18321.0,O:TFC250516C00039000,TFC,C,39.0,2025-05-16,227,0,304,0.54,1745421426658000000,179,9666.000000000002,2025-04-23,Single Leg Auction Non ISO,Finance,Banks - Major Regional,37.32,38.41,37.015,37.14,199,3.985246790802862,5,1,1,1,0
TFC,Finance,Banks - Major Regional,30__1,30,1.0,8. p75_trade_value,8832.0,18321.0,O:TFC250523P00037000,TFC,P,37.0,2025-05-23,209,0,325,1.1,1745588317756000000,100,11000.000000000002,2025-04-25,Automatic Execution,Finance,Banks - Major Regional,37.61,37.97,37.47,37.67,173,4.041392685158225,4,0,0,0,1
TFC,Finance,Banks - Major Regional,30__1,30,1.0,8. p75_trade_value,8832.0,18321.0,O:TFC250523C00042000,TFC,C,42.0,2025-05-23,232,0,304,0.39,1747153000973000000,273,10647.0,2025-05-13,Multi Leg auto-electronic trade,Finance,Banks - Major Regional,41.25,41.49,41.045,41.35,181,4.027227254067255,5,0,0,0,1
TFC,Finance,Banks - Major Regional,30__1,30,1.0,6. p95_trade_value,32640.000000000004,81708.0,O:TFC250613C00044000,TFC,C,44.0,2025-06-13,235,0,323,0.23,1747406912645000000,1805,41515.0,2025-05-16,Multi Leg floor trade,Finance,Banks - Major Regional,41.17,41.435,40.85,41.4,27,4.6182050422592695,1,0,0,0,1
TFC,Finance,Banks - Major Regional,30__1,30,1.0,8. p75_trade_value,8832.0,18321.0,O:TFC250606C00041000,TFC,C,41.0,2025-06-06,209,0,307,0.24,1747935237418000000,408,9792.0,2025-05-22,Automatic Execution,Finance,Banks - Major Regional,39.03,39.65,38.84,39.49,198,3.990871404801486,5,0,0,0,1
TFC,Finance,Banks - Major Regional,30__1,30,1.0,6. p95_trade_value,32640.000000000004,81708.0,O:TFC250606C00040000,TFC,C,40.0,2025-06-06,209,0,313,0.53,1748025434928000000,763,40439.00000000001,2025-05-23,Automatic Execution,Finance,Banks - Major Regional,38.5,39.39,38.2706,39.28,32,4.60680040755567,1,1,1,1,0
TFC,Finance,Banks - Major Regional,30__1,30,1.0,8. p75_trade_value,8832.0,18321.0,O:TFC250606C00041000,TFC,C,41.0,2025-06-06,227,0,309,0.23,1748024345102000000,500,11500.0,2025-05-23,Single Leg Auction Non ISO,Finance,Banks - Major Regional,38.5,39.39,38.2706,39.28,161,4.060697840353612,4,0,0,0,1
TFC,Finance,Banks - Major Regional,30__1,30,1.0,7. p90_trade_value,18400.0,32110.000000000004,O:TFC250613C00040000,TFC,C,40.0,2025-06-13,227,0,301,0.44,1749144437329000000,493,21692.0,2025-06-05,Single Leg Auction Non ISO,Finance,Banks - Major Regional,39.61,39.76,39.12,39.63,71,4.336299595763418,2,1,0,0,0
TFC,Finance,Banks - Major Regional,30__1,30,1.0,7. p90_trade_value,18400.0,32110.000000000004,O:TFC250613C00040000,TFC,C,40.0,2025-06-13,209,0,318,0.45,1749145066262000000,506,22770.0,2025-06-05,Automatic Execution,Finance,Banks - Major Regional,39.61,39.76,39.12,39.63,66,4.357363030615143,2,1,0,0,0
TFC,Finance,Banks - Major Regional,30__1,30,1.0,8. p75_trade_value,8832.0,18321.0,O:TFC250620P00040000,TFC,P,40.0,2025-06-20,227,0,301,0.57,1749225954236000000,184,10488.0,2025-06-06,Single Leg Auction Non ISO,Finance,Banks - Major Regional,40.27,40.68,40.1374,40.66,187,4.020692678682028,5,1,0,0,0
TFC,Finance,Banks - Major Regional,30__1,30,1.0,7. p90_trade_value,18400.0,32110.000000000004,O:TFC250613P00040000,TFC,P,40.0,2025-06-13,235,0,313,0.2,1749585077840000000,1076,21520.0,2025-06-10,Multi Leg floor trade,Finance,Banks - Major Regional,40.4,40.95,40.3063,40.73,72,4.332842266994351,2,1,1,1,0
TFC,Finance,Banks - Major Regional,30__1,30,1.0,8. p75_trade_value,8832.0,18321.0,O:TFC250703C00041000,TFC,C,41.0,2025-07-03,232,0,322,0.73,1749562502383000000,131,9563.0,2025-06-10,Multi Leg auto-electronic trade,Finance,Banks - Major Regional,40.4,40.95,40.3063,40.73,205,3.9805941557762203,5,0,0,0,1
TFC,Finance,Banks - Major Regional,30__1,30,1.0,8. p75_trade_value,8832.0,18321.0,O:TFC250703C00041000,TFC,C,41.0,2025-07-03,232,0,318,0.74,1749562501956000000,144,10656.0,2025-06-10,Multi Leg auto-electronic trade,Finance,Banks - Major Regional,40.4,40.95,40.3063,40.73,179,4.027594211826226,5,0,0,0,1
TFC,Finance,Banks - Major Regional,30__1,30,1.0,7. p90_trade_value,18400.0,32110.000000000004,O:TFC250620P00038500,TFC,P,38.5,2025-06-20,235,0,313,0.29,1749822616867000000,646,18733.999999999996,2025-06-13,Multi Leg floor trade,Finance,Banks - Major Regional,39.48,39.575,38.835,38.97,84,4.27263051589404,2,0,0,0,0
TFC,Finance,Banks - Major Regional,30__1,30,1.0,6. p95_trade_value,32640.000000000004,81708.0,O:TFC250711C00042000,TFC,C,42.0,2025-07-11,231,0,301,0.23,1749827566073000000,1825,41975.0,2025-06-13,Single Leg Floor Trade,Finance,Banks - Major Regional,39.48,39.575,38.835,38.97,26,4.6229907048100864,1,0,0,0,0
THFF,Finance,Banks - Midwest,0__2,0,2.0,1. p999999_trade_value,3304.0,3304.0,O:THFF250516C00050000,THFF,C,50.0,2025-05-16,233,0,302,2.36,1744910277808000000,14,3304.0,2025-04-17,Multi Leg Auction,Finance,Banks - Midwest,43.91,44.845,43.7659,44.31,1,3.5190400386483445,1,1,1,1,0
ASB,Finance,Banks - Midwest,0__0,0,0.0,1. p999999_trade_value,13500.0,13500.0,O:ASB250516C00022500,ASB,C,22.5,2025-05-16,209,0,308,0.75,1745524105237000000,180,13500.0,2025-04-24,Automatic Execution,Finance,Banks - Midwest,21.27,22.05,21.16,22.02,1,4.1303337684950066,1,1,1,1,0
BANC,Finance,Banks - Southwest,10__0,10,0.0,8. p75_trade_value,6266.0,8595.0,O:BANC241115P00015000,BANC,P,15.0,2024-11-15,209,0,320,0.45,1730489746267000000,191,8595.0,2024-11-01,Automatic Execution,Finance,Banks - Southwest,15.47,15.6,15.2,15.3,3,3.934245881023071,3,1,0,0,0
BANC,Finance,Banks - Southwest,10__0,10,0.0,8. p75_trade_value,6266.0,8595.0,O:BANC1250117P00015000,BANC,P,15.0,2025-01-17,227,0,302,4.82,1735052851106000000,13,6266.0,2024-12-24,Single Leg Auction Non ISO,Finance,Banks - Southwest,15.53,15.67,15.32,15.56,4,3.7969903905456865,4,1,0,0,0
BANC,Finance,Banks - Southwest,10__0,10,0.0,8. p75_trade_value,6266.0,8595.0,O:BANC1250117P00015000,BANC,P,15.0,2025-01-17,227,0,302,4.82,1735052851106000000,13,6266.0,2024-12-24,Single Leg Auction Non ISO,Finance,Banks - Southwest,15.53,15.67,15.32,15.56,5,3.7969903905456865,5,1,0,0,0
BANC,Finance,Banks - Southwest,10__0,10,0.0,1. p999999_trade_value,34454.0,34454.0,O:BANC250117P00015000,BANC,P,15.0,2025-01-17,227,0,309,0.23,1736358962649000000,1498,34454.0,2025-01-08,Single Leg Auction Non ISO,Finance,Banks - Southwest,15.52,15.69,15.355,15.54,1,4.537239649381041,1,1,0,0,0
BANC,Finance,Banks - Southwest,10__0,10,0.0,7. p90_trade_value,10800.0,10800.0,O:BANC250321C00015000,BANC,C,15.0,2025-03-21,209,0,313,0.45,1740507093349000000,240,10800.0,2025-02-25,Automatic Execution,Finance,Banks - Southwest,14.75,14.925,14.61,14.74,2,4.033423755486949,2,1,0,0,0
BAP,Finance,Banks - Foreign,5__0,5,0.0,3. p9999_trade_value,4509.999999999999,4509.999999999999,O:BAP1250516C00190000,BAP,C,190.0,2025-05-16,209,0,320,4.1,1744910169658000000,11,4509.999999999999,2025-04-17,Automatic Execution,Finance,Banks - Foreign,185.63,187.83,183.59,185.13,1,3.6541765418779604,1,1,1,1,0
BBAR,Finance,Banks - Foreign,10__0,10,0.0,1. p999999_trade_value,26145.0,26145.0,O:BBAR241018C00011000,BBAR,C,11.0,2024-10-18,209,0,313,0.35,1727806504043000000,747,26145.0,2024-10-01,Automatic Execution,Finance,Banks - Foreign,10.37,10.64,10.06,10.49,1,4.417388646165675,1,1,1,1,0
BBAR,Finance,Banks - Foreign,10__0,10,0.0,7. p90_trade_value,8750.0,8750.0,O:BBAR241018C00011000,BBAR,C,11.0,2024-10-18,209,0,313,0.35,1727806502966000000,250,8750.0,2024-10-01,Automatic Execution,Finance,Banks - Foreign,10.37,10.64,10.06,10.49,2,3.942008053022313,2,1,1,1,0
BBAR,Finance,Banks - Foreign,10__0,10,0.0,8. p75_trade_value,7200.0,8190.000000000001,O:BBAR250221P00020000,BBAR,P,20.0,2025-02-21,209,0,325,0.8,1738595664079000000,90,7200.0,2025-02-03,Automatic Execution,Finance,Banks - Foreign,21.13,21.9823,20.9273,21.51,4,3.8573324964312685,4,1,1,1,0
BBAR,Finance,Banks - Foreign,10__0,10,0.0,8. p75_trade_value,7200.0,8190.000000000001,O:BBAR250417P00017000,BBAR,P,17.0,2025-04-17,209,0,325,0.91,1742304818488000000,90,8190.000000000001,2025-03-18,Automatic Execution,Finance,Banks - Foreign,18.3,18.3,17.41,17.63,3,3.9132839017604186,3,1,0,0,0
BBVA,Finance,Banks - Foreign,15__0,15,0.0,7. p90_trade_value,17500.0,35000.0,O:BBVA241115C00010000,BBVA,C,10.0,2024-11-15,209,0,325,0.35,1729690292640000000,500,17500.0,2024-10-23,Automatic Execution,Finance,Banks - Foreign,9.85,9.9,9.78,9.81,5,4.243038048686294,3,1,0,0,0
BBVA,Finance,Banks - Foreign,15__0,15,0.0,7. p90_trade_value,17500.0,35000.0,O:BBVA241115C00010000,BBVA,C,10.0,2024-11-15,209,0,325,0.35,1729690298066000000,1000,35000.0,2024-10-23,Automatic Execution,Finance,Banks - Foreign,9.85,9.9,9.78,9.81,3,4.544068044350276,2,1,0,0,0
BBVA,Finance,Banks - Foreign,15__0,15,0.0,8. p75_trade_value,10010.0,17430.0,O:BBVA241115C00010000,BBVA,C,10.0,2024-11-15,209,0,322,0.35,1729690276773000000,292,10219.999999999998,2024-10-23,Automatic Execution,Finance,Banks - Foreign,9.85,9.9,9.78,9.81,8,4.009450895798694,4,1,0,0,0
BBVA,Finance,Banks - Foreign,15__0,15,0.0,8. p75_trade_value,10010.0,17430.0,O:BBVA241115C00010000,BBVA,C,10.0,2024-11-15,209,0,315,0.35,1729690298066000000,498,17430.0,2024-10-23,Automatic Execution,Finance,Banks - Foreign,9.85,9.9,9.78,9.81,7,4.241297387109993,4,1,0,0,0
BBVA,Finance,Banks - Foreign,15__0,15,0.0,7. p90_trade_value,17500.0,35000.0,O:BBVA241115C00010000,BBVA,C,10.0,2024-11-15,209,0,325,0.35,1729690284670000000,500,17500.0,2024-10-23,Automatic Execution,Finance,Banks - Foreign,9.85,9.9,9.78,9.81,6,4.243038048686294,3,1,0,0,0
BBVA,Finance,Banks - Foreign,15__0,15,0.0,7. p90_trade_value,17500.0,35000.0,O:BBVA241115C00010000,BBVA,C,10.0,2024-11-15,209,0,322,0.35,1729690298066000000,500,17500.0,2024-10-23,Automatic Execution,Finance,Banks - Foreign,9.85,9.9,9.78,9.81,4,4.243038048686294,2,1,0,0,0
BBVA,Finance,Banks - Foreign,15__0,15,0.0,8. p75_trade_value,10010.0,17430.0,O:BBVA241115C00010000,BBVA,C,10.0,2024-11-15,219,0,301,0.35,1729776624248000000,286,10010.0,2024-10-24,Intermarket Sweep Order,Finance,Banks - Foreign,9.87,9.89,9.74,9.82,9,4.000434077479318,5,1,0,0,0
BBVA,Finance,Banks - Foreign,15__0,15,0.0,1. p999999_trade_value,45640.0,45640.0,O:BBVA241115C00010000,BBVA,C,10.0,2024-11-15,209,0,302,0.35,1729776645518000000,1304,45640.0,2024-10-24,Automatic Execution,Finance,Banks - Foreign,9.87,9.89,9.74,9.82,1,4.659345635746177,1,1,0,0,0
BBVA,Finance,Banks - Foreign,15__0,15,0.0,6. p95_trade_value,35385.0,35385.0,O:BBVA241115C00010000,BBVA,C,10.0,2024-11-15,209,0,302,0.35,1729776645542000000,1011,35385.0,2024-10-24,Automatic Execution,Finance,Banks - Foreign,9.87,9.89,9.74,9.82,2,4.548819199941277,1,1,0,0,0
BK,Finance,Banks - Major Regional,25__0,25,0.0,8. p75_trade_value,6559.999999999999,9750.0,O:BK240920P00065000,BK,P,65.0,2024-09-20,219,0,307,0.5,1726065427373000000,163,8150.0,2024-09-11,Intermarket Sweep Order,Finance,Banks - Major Regional,67.23,68.18,66.0099,68.1,73,3.9111576087399764,4,0,0,0,1
BK,Finance,Banks - Major Regional,25__0,25,0.0,8. p75_trade_value,6559.999999999999,9750.0,O:BK240920P00065000,BK,P,65.0,2024-09-20,219,0,303,0.5,1726065427373000000,161,8050.0,2024-09-11,Intermarket Sweep Order,Finance,Banks - Major Regional,67.23,68.18,66.0099,68.1,75,3.9057958803678687,4,0,0,0,1
BK,Finance,Banks - Major Regional,25__0,25,0.0,7. p90_trade_value,9825.0,14850.0,O:BK241018P00070000,BK,P,70.0,2024-10-18,209,0,316,1.32,1726840760696000000,100,13200.0,2024-09-20,Automatic Execution,Finance,Banks - Major Regional,71.49,71.96,71.18,71.82,26,4.12057393120585,2,0,0,0,1
BK,Finance,Banks - Major Regional,25__0,25,0.0,7. p90_trade_value,9825.0,14850.0,O:BK241018P00070000,BK,P,70.0,2024-10-18,209,0,307,1.0,1727184930768000000,100,10000.0,2024-09-24,Automatic Execution,Finance,Banks - Major Regional,71.75,72.23,71.3701,71.82,39,4.0,2,0,0,0,1
BK,Finance,Banks - Major Regional,25__0,25,0.0,7. p90_trade_value,9825.0,14850.0,O:BK241018C00072500,BK,C,72.5,2024-10-18,227,0,323,1.65,1727454069565000000,72,11880.0,2024-09-27,Single Leg Auction Non ISO,Finance,Banks - Major Regional,71.67,72.28,71.31,71.7,34,4.074816440645175,2,1,1,1,0
BK,Finance,Banks - Major Regional,25__0,25,0.0,5. p99_trade_value,52650.0,74690.0,O:BK241018C00072500,BK,C,72.5,2024-10-18,232,0,304,1.29,1727796718078000000,429,55341.0,2024-10-01,Multi Leg auto-electronic trade,Finance,Banks - Major Regional,71.68,71.74,70.85,71.11,4,4.743047002483973,1,1,1,1,0
BK,Finance,Banks - Major Regional,25__0,25,0.0,6. p95_trade_value,16960.0,52140.0,O:BK241018C00072500,BK,C,72.5,2024-10-18,232,0,322,1.21,1728065510175000000,155,18755.0,2024-10-04,Multi Leg auto-electronic trade,Finance,Banks - Major Regional,71.54,72.025,71.1,71.98,22,4.273117068486742,1,1,1,1,0
BK,Finance,Banks - Major Regional,25__0,25,0.0,8. p75_trade_value,6559.999999999999,9750.0,O:BK241018P00067500,BK,P,67.5,2024-10-18,235,0,313,0.16,1728584313250000000,500,8000.0,2024-10-10,Multi Leg floor trade,Finance,Banks - Major Regional,73.77,74.47,73.66,74.45,76,3.9030899869919438,4,0,0,0,1
BK,Finance,Banks - Major Regional,25__0,25,0.0,6. p95_trade_value,16960.0,52140.0,O:BK241018P00072500,BK,P,72.5,2024-10-18,235,0,313,0.94,1728584313250000000,250,23500.0,2024-10-10,Multi Leg floor trade,Finance,Banks - Major Regional,73.77,74.47,73.66,74.45,11,4.371067862271736,1,0,0,0,1
BK,Finance,Banks - Major Regional,25__0,25,0.0,1. p999999_trade_value,102000.0,102000.0,O:BK241115C00080000,BK,C,80.0,2024-11-15,241,0,323,0.85,1729194451702000000,1200,102000.0,2024-10-17,Stock Options Cross,Finance,Banks - Major Regional,77.71,78.03,77.38,77.75,1,5.008600171761918,1,1,0,0,0
BK,Finance,Banks - Major Regional,25__0,25,0.0,6. p95_trade_value,16960.0,52140.0,O:BK241115P00075000,BK,P,75.0,2024-11-15,209,0,303,1.1,1729795208470000000,280,30800.0,2024-10-24,Automatic Execution,Finance,Banks - Major Regional,76.5,76.73,76.103,76.5,8,4.488550716500444,1,1,0,0,0
BK,Finance,Banks - Major Regional,25__0,25,0.0,8. p75_trade_value,6559.999999999999,9750.0,O:BK241220C00080000,BK,C,80.0,2024-12-20,231,0,301,1.35,1732206233153000000,50,6750.0,2024-11-21,Single Leg Floor Trade,Finance,Banks - Major Regional,78.5,79.1999,78.1063,78.88,104,3.829303772831025,5,1,0,0,0
BK,Finance,Banks - Major Regional,25__0,25,0.0,8. p75_trade_value,6559.999999999999,9750.0,O:BK241220C00080000,BK,C,80.0,2024-12-20,219,0,307,1.25,1732205103442000000,58,7250.0,2024-11-21,Intermarket Sweep Order,Finance,Banks - Major Regional,78.5,79.1999,78.1063,78.88,98,3.8603380065709936,5,1,0,0,0
BK,Finance,Banks - Major Regional,25__0,25,0.0,8. p75_trade_value,6559.999999999999,9750.0,O:BK241220C00080000,BK,C,80.0,2024-12-20,231,0,301,1.4,1732206743569000000,50,7000.0,2024-11-21,Single Leg Floor Trade,Finance,Banks - Major Regional,78.5,79.1999,78.1063,78.88,102,3.845098040014257,5,1,0,0,0
BK,Finance,Banks - Major Regional,25__0,25,0.0,8. p75_trade_value,6559.999999999999,9750.0,O:BK241220C00080000,BK,C,80.0,2024-12-20,209,0,319,1.4,1732206752472000000,50,7000.0,2024-11-21,Automatic Execution,Finance,Banks - Major Regional,78.5,79.1999,78.1063,78.88,100,3.845098040014257,5,1,0,0,0
BK,Finance,Banks - Major Regional,25__0,25,0.0,7. p90_trade_value,9825.0,14850.0,O:BK241220P00077500,BK,P,77.5,2024-12-20,209,0,316,1.22,1732199509870000000,100,12200.0,2024-11-21,Automatic Execution,Finance,Banks - Major Regional,78.5,79.1999,78.1063,78.88,30,4.086359830674748,2,1,1,0,0
BK,Finance,Banks - Major Regional,25__0,25,0.0,8. p75_trade_value,6559.999999999999,9750.0,O:BK250117C00079000,BK,C,79.0,2025-01-17,240,0,302,1.39,1734984006678000000,66,9174.0,2024-12-23,Stock Options auto-electronic trade,Finance,Banks - Major Regional,76.94,77.65,76.82,77.57,55,3.9625587357959637,3,1,1,1,0
BK,Finance,Banks - Major Regional,25__0,25,0.0,8. p75_trade_value,6559.999999999999,9750.0,O:BK250117C00078500,BK,C,78.5,2025-01-17,209,0,313,1.9,1735055589010000000,39,7409.999999999999,2024-12-24,Automatic Execution,Finance,Banks - Major Regional,77.58,78.2969,77.33,78.05,89,3.869818207979328,4,1,1,1,0
BK,Finance,Banks - Major Regional,25__0,25,0.0,8. p75_trade_value,6559.999999999999,9750.0,O:BK250117C00081000,BK,C,81.0,2025-01-17,235,0,323,0.65,1735576713074000000,150,9750.0,2024-12-30,Multi Leg floor trade,Finance,Banks - Major Regional,76.74,77.31,76.22,77.11,46,3.989004615698537,2,1,1,1,0
BK,Finance,Banks - Major Regional,25__0,25,0.0,7. p90_trade_value,9825.0,14850.0,O:BK250207C00080000,BK,C,80.0,2025-02-07,209,0,316,0.6,1736542719796000000,200,12000.0,2025-01-10,Automatic Execution,Finance,Banks - Major Regional,77.4,77.85,75.39,75.42,31,4.079181246047625,2,1,1,1,0
BK,Finance,Banks - Major Regional,25__0,25,0.0,6. p95_trade_value,16960.0,52140.0,O:BK250117C00078000,BK,C,78.0,2025-01-17,239,0,302,0.79,1736783026818000000,660,52140.0,2025-01-13,Multi Leg floor trade against single leg(s),Finance,Banks - Major Regional,75.15,76.14,74.91,76.11,6,4.71717102683231,1,1,1,1,0
BK,Finance,Banks - Major Regional,25__0,25,0.0,8. p75_trade_value,6559.999999999999,9750.0,O:BK250117C00082500,BK,C,82.5,2025-01-17,239,0,302,0.11,1736783026751000000,660,7259.999999999999,2025-01-13,Multi Leg floor trade against single leg(s),Finance,Banks - Major Regional,75.15,76.14,74.91,76.11,97,3.8609366207000937,5,1,1,1,0
BK,Finance,Banks - Major Regional,25__0,25,0.0,7. p90_trade_value,9825.0,14850.0,O:BK250117P00068000,BK,P,68.0,2025-01-17,239,0,302,0.15,1736783026751000000,660,9900.0,2025-01-13,Multi Leg floor trade against single leg(s),Finance,Banks - Major Regional,75.15,76.14,74.91,76.11,43,3.99563519459755,2,0,0,0,1
BK,Finance,Banks - Major Regional,25__0,25,0.0,8. p75_trade_value,6559.999999999999,9750.0,O:BK250117P00074000,BK,P,74.0,2025-01-17,219,0,316,1.05,1736781997649000000,70,7350.0,2025-01-13,Intermarket Sweep Order,Finance,Banks - Major Regional,75.15,76.14,74.91,76.11,95,3.8662873390841948,5,0,0,0,1
BK,Finance,Banks - Major Regional,25__0,25,0.0,5. p99_trade_value,52650.0,74690.0,O:BK250117C00078500,BK,C,78.5,2025-01-17,234,0,300,0.7,1736881458413000000,1067,74690.0,2025-01-14,Multi Leg Cross,Finance,Banks - Major Regional,75.97,76.74,75.72,75.94,2,4.873262459438727,1,1,1,1,0
BK,Finance,Banks - Major Regional,25__0,25,0.0,8. p75_trade_value,6559.999999999999,9750.0,O:BK250117P00072500,BK,P,72.5,2025-01-17,232,0,308,0.56,1736872647087000000,140,7840.000000000001,2025-01-14,Multi Leg auto-electronic trade,Finance,Banks - Major Regional,75.97,76.74,75.72,75.94,77,3.8943160626844384,4,0,0,0,1
BK,Finance,Banks - Major Regional,25__0,25,0.0,8. p75_trade_value,6559.999999999999,9750.0,O:BK250117P00075000,BK,P,75.0,2025-01-17,209,0,316,1.35,1736873680440000000,61,8235.0,2025-01-14,Automatic Execution,Finance,Banks - Major Regional,75.97,76.74,75.72,75.94,72,3.9156636035057732,4,0,0,0,1
BK,Finance,Banks - Major Regional,25__0,25,0.0,8. p75_trade_value,6559.999999999999,9750.0,O:BK250117P00075000,BK,P,75.0,2025-01-17,209,0,315,1.35,1736873680441000000,57,7695.0,2025-01-14,Automatic Execution,Finance,Banks - Major Regional,75.97,76.74,75.72,75.94,81,3.8862086241674976,4,0,0,0,1
BK,Finance,Banks - Major Regional,25__0,25,0.0,8. p75_trade_value,6559.999999999999,9750.0,O:BK250124C00080000,BK,C,80.0,2025-01-24,233,0,302,0.54,1736872742196000000,140,7560.000000000001,2025-01-14,Multi Leg Auction,Finance,Banks - Major Regional,75.97,76.74,75.72,75.94,83,3.878521795501207,4,1,1,1,0
BK,Finance,Banks - Major Regional,25__0,25,0.0,8. p75_trade_value,6559.999999999999,9750.0,O:BK250124P00072000,BK,P,72.0,2025-01-24,232,0,308,0.54,1736872647087000000,140,7560.000000000001,2025-01-14,Multi Leg auto-electronic trade,Finance,Banks - Major Regional,75.97,76.74,75.72,75.94,82,3.878521795501207,4,0,0,0,1
BK,Finance,Banks - Major Regional,25__0,25,0.0,8. p75_trade_value,6559.999999999999,9750.0,O:BK250131C00077000,BK,C,77.0,2025-01-31,209,0,316,1.35,1736888095783000000,64,8640.0,2025-01-14,Automatic Execution,Finance,Banks - Major Regional,75.97,76.74,75.72,75.94,69,3.936513742478893,4,1,1,1,0
BK,Finance,Banks - Major Regional,25__0,25,0.0,8. p75_trade_value,6559.999999999999,9750.0,O:BK250117C00083000,BK,C,83.0,2025-01-17,209,0,316,0.3,1736964683235000000,260,7800.0,2025-01-15,Automatic Execution,Finance,Banks - Major Regional,79.1,82.1365,79.1,82.04,78,3.8920946026904804,4,1,1,1,0
BK,Finance,Banks - Major Regional,25__0,25,0.0,8. p75_trade_value,6559.999999999999,9750.0,O:BK250124C00083000,BK,C,83.0,2025-01-24,232,0,312,0.53,1736957300664000000,140,7420.0,2025-01-15,Multi Leg auto-electronic trade,Finance,Banks - Major Regional,79.1,82.1365,79.1,82.04,88,3.870403905279027,4,1,1,1,0
BK,Finance,Banks - Major Regional,25__0,25,0.0,7. p90_trade_value,9825.0,14850.0,O:BK250214C00083000,BK,C,83.0,2025-02-14,209,0,316,0.95,1737047305227000000,129,12255.0,2025-01-16,Automatic Execution,Finance,Banks - Major Regional,81.72,82.475,81.0405,82.25,29,4.088313315588096,2,1,1,1,0
BK,Finance,Banks - Major Regional,25__0,25,0.0,8. p75_trade_value,6559.999999999999,9750.0,O:BK250124P00082500,BK,P,82.5,2025-01-24,232,0,308,0.33,1737469837011000000,200,6600.0,2025-01-21,Multi Leg auto-electronic trade,Finance,Banks - Major Regional,83.34,85.0,83.34,84.93,108,3.8195439355418688,5,0,0,0,1
BK,Finance,Banks - Major Regional,25__0,25,0.0,6. p95_trade_value,16960.0,52140.0,O:BK250221P00084000,BK,P,84.0,2025-02-21,231,0,301,1.4,1737665105117000000,160,22400.0,2025-01-23,Single Leg Floor Trade,Finance,Banks - Major Regional,84.39,85.55,84.12,84.73,13,4.350248018334163,1,1,0,0,0
BK,Finance,Banks - Major Regional,25__0,25,0.0,7. p90_trade_value,9825.0,14850.0,O:BK250221C00087000,BK,C,87.0,2025-02-21,209,0,316,1.0,1737746246057000000,100,10000.0,2025-01-24,Automatic Execution,Finance,Banks - Major Regional,84.46,86.34,84.42,85.79,41,4.0,2,1,1,1,0
BK,Finance,Banks - Major Regional,25__0,25,0.0,7. p90_trade_value,9825.0,14850.0,O:BK250221C00087000,BK,C,87.0,2025-02-21,209,0,320,1.0,1737748611725000000,100,10000.0,2025-01-24,Automatic Execution,Finance,Banks - Major Regional,84.46,86.34,84.42,85.79,40,4.0,2,1,1,1,0
BK,Finance,Banks - Major Regional,25__0,25,0.0,7. p90_trade_value,9825.0,14850.0,O:BK250221C00087000,BK,C,87.0,2025-02-21,209,0,320,1.0,1737749664861000000,99,9900.0,2025-01-24,Automatic Execution,Finance,Banks - Major Regional,84.46,86.34,84.42,85.79,44,3.99563519459755,2,1,1,1,0
BK,Finance,Banks - Major Regional,25__0,25,0.0,8. p75_trade_value,6559.999999999999,9750.0,O:BK250221C00087000,BK,C,87.0,2025-02-21,209,0,320,0.95,1737750470362000000,82,7789.999999999999,2025-01-24,Automatic Execution,Finance,Banks - Major Regional,84.46,86.34,84.42,85.79,79,3.8915374576725643,4,1,1,1,0
BK,Finance,Banks - Major Regional,25__0,25,0.0,8. p75_trade_value,6559.999999999999,9750.0,O:BK250221C00087000,BK,C,87.0,2025-02-21,209,0,320,1.0,1737746246021000000,90,9000.0,2025-01-24,Automatic Execution,Finance,Banks - Major Regional,84.46,86.34,84.42,85.79,60,3.9542425094393248,3,1,1,1,0
BK,Finance,Banks - Major Regional,25__0,25,0.0,7. p90_trade_value,9825.0,14850.0,O:BK250321P00085000,BK,P,85.0,2025-03-21,209,0,320,1.35,1740067618357000000,110,14850.0,2025-02-20,Automatic Execution,Finance,Banks - Major Regional,88.5,88.53,86.02,87.16,24,4.171726453653231,2,1,1,1,0
BK,Finance,Banks - Major Regional,25__0,25,0.0,7. p90_trade_value,9825.0,14850.0,O:BK250321P00084000,BK,P,84.0,2025-03-21,209,0,300,1.4,1740501897365000000,75,10500.0,2025-02-25,Automatic Execution,Finance,Banks - Major Regional,88.38,88.43,85.86,86.75,38,4.021189299069938,2,1,1,1,0
BK,Finance,Banks - Major Regional,25__0,25,0.0,8. p75_trade_value,6559.999999999999,9750.0,O:BK250321P00084000,BK,P,84.0,2025-03-21,209,0,304,1.4,1740501897366000000,62,8680.0,2025-02-25,Automatic Execution,Finance,Banks - Major Regional,88.38,88.43,85.86,86.75,68,3.938519725176492,3,1,1,1,0
BK,Finance,Banks - Major Regional,25__0,25,0.0,8. p75_trade_value,6559.999999999999,9750.0,O:BK250321P00085000,BK,P,85.0,2025-03-21,209,0,315,1.35,1740498629179000000,70,9450.0,2025-02-25,Automatic Execution,Finance,Banks - Major Regional,88.38,88.43,85.86,86.75,48,3.975431808509263,3,1,1,1,0
BK,Finance,Banks - Major Regional,25__0,25,0.0,6. p95_trade_value,16960.0,52140.0,O:BK250307C00090000,BK,C,90.0,2025-03-07,235,0,301,0.6,1740581784305000000,326,19560.0,2025-02-26,Multi Leg floor trade,Finance,Banks - Major Regional,87.19,88.16,86.185,86.34,19,4.291368850451582,1,1,0,0,0
BK,Finance,Banks - Major Regional,25__0,25,0.0,8. p75_trade_value,6559.999999999999,9750.0,O:BK250321P00084000,BK,P,84.0,2025-03-21,209,0,318,1.05,1740756302740000000,63,6615.000000000001,2025-02-28,Automatic Execution,Finance,Banks - Major Regional,87.2,88.95,87.06,88.95,107,3.82052984852352,5,1,1,1,0
BK,Finance,Banks - Major Regional,25__0,25,0.0,6. p95_trade_value,16960.0,52140.0,O:BK250321P00085000,BK,P,85.0,2025-03-21,209,0,325,1.3,1740756302748000000,163,21190.0,2025-02-28,Automatic Execution,Finance,Banks - Major Regional,87.2,88.95,87.06,88.95,15,4.326130956710794,1,1,1,1,0
BK,Finance,Banks - Major Regional,25__0,25,0.0,6. p95_trade_value,16960.0,52140.0,O:BK250321P00085000,BK,P,85.0,2025-03-21,209,0,300,1.3,1740756302750000000,196,25480.0,2025-02-28,Automatic Execution,Finance,Banks - Major Regional,87.2,88.95,87.06,88.95,10,4.406199423663312,1,1,1,1,0
BK,Finance,Banks - Major Regional,25__0,25,0.0,8. p75_trade_value,6559.999999999999,9750.0,O:BK250321P00085000,BK,P,85.0,2025-03-21,209,0,313,1.3,1740756302750000000,65,8450.0,2025-02-28,Automatic Execution,Finance,Banks - Major Regional,87.2,88.95,87.06,88.95,70,3.926856708949692,4,1,1,1,0
BK,Finance,Banks - Major Regional,25__0,25,0.0,8. p75_trade_value,6559.999999999999,9750.0,O:BK250321P00086000,BK,P,86.0,2025-03-21,209,0,301,1.6,1740756302740000000,55,8800.0,2025-02-28,Automatic Execution,Finance,Banks - Major Regional,87.2,88.95,87.06,88.95,65,3.9444826721501687,3,1,1,1,0
BK,Finance,Banks - Major Regional,25__0,25,0.0,8. p75_trade_value,6559.999999999999,9750.0,O:BK250321P00086000,BK,P,86.0,2025-03-21,209,0,300,1.6,1740756302753000000,41,6560.000000000001,2025-02-28,Automatic Execution,Finance,Banks - Major Regional,87.2,88.95,87.06,88.95,110,3.8169038393756605,5,1,1,1,0
BK,Finance,Banks - Major Regional,25__0,25,0.0,8. p75_trade_value,6559.999999999999,9750.0,O:BK250321P00082500,BK,P,82.5,2025-03-21,209,0,316,1.25,1741108114439000000,75,9375.0,2025-03-04,Automatic Execution,Finance,Banks - Major Regional,87.44,87.87,84.3,85.54,51,3.9719712763997563,3,1,0,0,0
BK,Finance,Banks - Major Regional,25__0,25,0.0,8. p75_trade_value,6559.999999999999,9750.0,O:BK250321P00082500,BK,P,82.5,2025-03-21,209,0,316,1.25,1741108108414000000,75,9375.0,2025-03-04,Automatic Execution,Finance,Banks - Major Regional,87.44,87.87,84.3,85.54,50,3.9719712763997563,3,1,0,0,0
BK,Finance,Banks - Major Regional,25__0,25,0.0,6. p95_trade_value,16960.0,52140.0,O:BK250321P00082500,BK,P,82.5,2025-03-21,209,0,316,1.25,1741108111733000000,153,19125.0,2025-03-04,Automatic Execution,Finance,Banks - Major Regional,87.44,87.87,84.3,85.54,20,4.2816014438256556,1,1,0,0,0
BK,Finance,Banks - Major Regional,25__0,25,0.0,8. p75_trade_value,6559.999999999999,9750.0,O:BK250321P00082500,BK,P,82.5,2025-03-21,209,0,316,1.25,1741108114439000000,74,9250.0,2025-03-04,Automatic Execution,Finance,Banks - Major Regional,87.44,87.87,84.3,85.54,54,3.9661417327390325,3,1,0,0,0
BK,Finance,Banks - Major Regional,25__0,25,0.0,8. p75_trade_value,6559.999999999999,9750.0,O:BK250321P00082500,BK,P,82.5,2025-03-21,209,0,316,1.0,1741114742669000000,75,7500.0,2025-03-04,Automatic Execution,Finance,Banks - Major Regional,87.44,87.87,84.3,85.54,86,3.8750612633917,4,1,0,0,0
BK,Finance,Banks - Major Regional,25__0,25,0.0,6. p95_trade_value,16960.0,52140.0,O:BK250321P00082500,BK,P,82.5,2025-03-21,209,0,316,1.25,1741108578601000000,184,23000.0,2025-03-04,Automatic Execution,Finance,Banks - Major Regional,87.44,87.87,84.3,85.54,12,4.361727836017593,1,1,0,0,0
BK,Finance,Banks - Major Regional,25__0,25,0.0,8. p75_trade_value,6559.999999999999,9750.0,O:BK250321P00082500,BK,P,82.5,2025-03-21,209,0,316,1.25,1741108109035000000,75,9375.0,2025-03-04,Automatic Execution,Finance,Banks - Major Regional,87.44,87.87,84.3,85.54,52,3.9719712763997563,3,1,0,0,0
BK,Finance,Banks - Major Regional,25__0,25,0.0,8. p75_trade_value,6559.999999999999,9750.0,O:BK250321P00082500,BK,P,82.5,2025-03-21,209,0,316,1.0,1741114742146000000,74,7400.0,2025-03-04,Automatic Execution,Finance,Banks - Major Regional,87.44,87.87,84.3,85.54,92,3.8692317197309762,5,1,0,0,0
BK,Finance,Banks - Major Regional,25__0,25,0.0,8. p75_trade_value,6559.999999999999,9750.0,O:BK250321P00082500,BK,P,82.5,2025-03-21,209,0,316,1.0,1741114745386000000,74,7400.0,2025-03-04,Automatic Execution,Finance,Banks - Major Regional,87.44,87.87,84.3,85.54,93,3.8692317197309762,5,1,0,0,0
BK,Finance,Banks - Major Regional,25__0,25,0.0,8. p75_trade_value,6559.999999999999,9750.0,O:BK250321P00082500,BK,P,82.5,2025-03-21,209,0,316,1.0,1741114743279000000,73,7300.0,2025-03-04,Automatic Execution,Finance,Banks - Major Regional,87.44,87.87,84.3,85.54,96,3.863322860120456,5,1,0,0,0
BK,Finance,Banks - Major Regional,25__0,25,0.0,8. p75_trade_value,6559.999999999999,9750.0,O:BK250321P00082500,BK,P,82.5,2025-03-21,209,0,316,1.0,1741114743940000000,75,7500.0,2025-03-04,Automatic Execution,Finance,Banks - Major Regional,87.44,87.87,84.3,85.54,87,3.8750612633917,4,1,0,0,0
BK,Finance,Banks - Major Regional,25__0,25,0.0,8. p75_trade_value,6559.999999999999,9750.0,O:BK250321P00082500,BK,P,82.5,2025-03-21,209,0,313,1.25,1741108083172000000,70,8750.0,2025-03-04,Automatic Execution,Finance,Banks - Major Regional,87.44,87.87,84.3,85.54,67,3.942008053022313,3,1,0,0,0
BK,Finance,Banks - Major Regional,25__0,25,0.0,8. p75_trade_value,6559.999999999999,9750.0,O:BK250321P00082500,BK,P,82.5,2025-03-21,209,0,316,1.25,1741108103675000000,75,9375.0,2025-03-04,Automatic Execution,Finance,Banks - Major Regional,87.44,87.87,84.3,85.54,49,3.9719712763997563,3,1,0,0,0
BK,Finance,Banks - Major Regional,25__0,25,0.0,8. p75_trade_value,6559.999999999999,9750.0,O:BK250321P00082500,BK,P,82.5,2025-03-21,209,0,309,1.0,1741186650557000000,74,7400.0,2025-03-05,Automatic Execution,Finance,Banks - Major Regional,85.66,87.18,85.1836,86.56,90,3.8692317197309762,4,1,0,0,0
BK,Finance,Banks - Major Regional,25__0,25,0.0,8. p75_trade_value,6559.999999999999,9750.0,O:BK250321P00082500,BK,P,82.5,2025-03-21,209,0,316,1.0,1741188126599000000,74,7400.0,2025-03-05,Automatic Execution,Finance,Banks - Major Regional,85.66,87.18,85.1836,86.56,91,3.8692317197309762,5,1,0,0,0
BK,Finance,Banks - Major Regional,25__0,25,0.0,8. p75_trade_value,6559.999999999999,9750.0,O:BK250321P00084000,BK,P,84.0,2025-03-21,209,0,322,1.25,1741197133178000000,76,9500.0,2025-03-05,Automatic Execution,Finance,Banks - Major Regional,85.66,87.18,85.1836,86.56,47,3.9777236052888476,3,1,1,1,0
BK,Finance,Banks - Major Regional,25__0,25,0.0,7. p90_trade_value,9825.0,14850.0,O:BK250321P00084000,BK,P,84.0,2025-03-21,209,0,307,1.25,1741197133174000000,102,12750.0,2025-03-05,Automatic Execution,Finance,Banks - Major Regional,85.66,87.18,85.1836,86.56,28,4.105510184769974,2,1,1,1,0
BK,Finance,Banks - Major Regional,25__0,25,0.0,8. p75_trade_value,6559.999999999999,9750.0,O:BK250321P00085000,BK,P,85.0,2025-03-21,209,0,316,1.6,1741186027376000000,41,6560.000000000001,2025-03-05,Automatic Execution,Finance,Banks - Major Regional,85.66,87.18,85.1836,86.56,109,3.8169038393756605,5,1,1,1,0
BK,Finance,Banks - Major Regional,25__0,25,0.0,6. p95_trade_value,16960.0,52140.0,O:BK250321P00085000,BK,P,85.0,2025-03-21,209,0,316,1.6,1741186028798000000,124,19840.0,2025-03-05,Automatic Execution,Finance,Banks - Major Regional,85.66,87.18,85.1836,86.56,17,4.29754166781816,1,1,1,1,0
BK,Finance,Banks - Major Regional,25__0,25,0.0,7. p90_trade_value,9825.0,14850.0,O:BK250321P00085000,BK,P,85.0,2025-03-21,209,0,325,1.31,1741206913095000000,75,9825.0,2025-03-05,Automatic Execution,Finance,Banks - Major Regional,85.66,87.18,85.1836,86.56,45,3.992332559047464,2,1,1,1,0
BK,Finance,Banks - Major Regional,25__0,25,0.0,8. p75_trade_value,6559.999999999999,9750.0,O:BK250321P00085000,BK,P,85.0,2025-03-21,209,0,313,1.3,1741207504654000000,69,8970.0,2025-03-05,Automatic Execution,Finance,Banks - Major Regional,85.66,87.18,85.1836,86.56,61,3.952792443044092,3,1,1,1,0
BK,Finance,Banks - Major Regional,25__0,25,0.0,8. p75_trade_value,6559.999999999999,9750.0,O:BK250321P00085000,BK,P,85.0,2025-03-21,209,0,316,1.6,1741186008703000000,43,6880.0,2025-03-05,Automatic Execution,Finance,Banks - Major Regional,85.66,87.18,85.1836,86.56,103,3.837588438235511,5,1,1,1,0
BK,Finance,Banks - Major Regional,25__0,25,0.0,8. p75_trade_value,6559.999999999999,9750.0,O:BK250321P00085000,BK,P,85.0,2025-03-21,209,0,307,1.75,1741190645327000000,38,6650.0,2025-03-05,Automatic Execution,Finance,Banks - Major Regional,85.66,87.18,85.1836,86.56,106,3.8228216453031045,5,1,1,1,0
BK,Finance,Banks - Major Regional,25__0,25,0.0,8. p75_trade_value,6559.999999999999,9750.0,O:BK250321P00085000,BK,P,85.0,2025-03-21,209,0,302,1.6,1741186028798000000,46,7360.000000000001,2025-03-05,Automatic Execution,Finance,Banks - Major Regional,85.66,87.18,85.1836,86.56,94,3.866877814337499,5,1,1,1,0
BK,Finance,Banks - Major Regional,25__0,25,0.0,7. p90_trade_value,9825.0,14850.0,O:BK250321P00085000,BK,P,85.0,2025-03-21,209,0,307,1.75,1741190631611000000,73,12775.0,2025-03-05,Automatic Execution,Finance,Banks - Major Regional,85.66,87.18,85.1836,86.56,27,4.10636090880675,2,1,1,1,0
BK,Finance,Banks - Major Regional,25__0,25,0.0,8. p75_trade_value,6559.999999999999,9750.0,O:BK250321P00085000,BK,P,85.0,2025-03-21,209,0,312,1.6,1741186028798000000,58,9280.000000000002,2025-03-05,Automatic Execution,Finance,Banks - Major Regional,85.66,87.18,85.1836,86.56,53,3.9675479762188623,3,1,1,1,0
BK,Finance,Banks - Major Regional,25__0,25,0.0,7. p90_trade_value,9825.0,14850.0,O:BK250321P00080000,BK,P,80.0,2025-03-21,209,0,320,0.75,1741288863241000000,151,11325.0,2025-03-06,Automatic Execution,Finance,Banks - Major Regional,85.53,86.05,83.9705,84.69,36,4.05403821068487,2,1,0,0,0
BK,Finance,Banks - Major Regional,25__0,25,0.0,6. p95_trade_value,16960.0,52140.0,O:BK250321P00080000,BK,P,80.0,2025-03-21,209,0,313,0.75,1741288863258000000,262,19650.0,2025-03-06,Automatic Execution,Finance,Banks - Major Regional,85.53,86.05,83.9705,84.69,18,4.293362554711446,1,1,0,0,0
BK,Finance,Banks - Major Regional,25__0,25,0.0,7. p90_trade_value,9825.0,14850.0,O:BK250321P00080000,BK,P,80.0,2025-03-21,209,0,316,0.8,1741272167114000000,174,13920.000000000002,2025-03-06,Automatic Execution,Finance,Banks - Major Regional,85.53,86.05,83.9705,84.69,25,4.143639235274543,2,1,0,0,0
BK,Finance,Banks - Major Regional,25__0,25,0.0,8. p75_trade_value,6559.999999999999,9750.0,O:BK250321P00082500,BK,P,82.5,2025-03-21,209,0,316,1.2,1741271799051000000,63,7559.999999999999,2025-03-06,Automatic Execution,Finance,Banks - Major Regional,85.53,86.05,83.9705,84.69,85,3.8785217955012063,4,1,0,0,0
BK,Finance,Banks - Major Regional,25__0,25,0.0,8. p75_trade_value,6559.999999999999,9750.0,O:BK250321P00082500,BK,P,82.5,2025-03-21,209,0,316,1.2,1741271804457000000,63,7559.999999999999,2025-03-06,Automatic Execution,Finance,Banks - Major Regional,85.53,86.05,83.9705,84.69,84,3.8785217955012063,4,1,0,0,0
BK,Finance,Banks - Major Regional,25__0,25,0.0,8. p75_trade_value,6559.999999999999,9750.0,O:BK250321C00087500,BK,C,87.5,2025-03-21,232,0,308,1.43,1741616296251000000,64,9152.0,2025-03-10,Multi Leg auto-electronic trade,Finance,Banks - Major Regional,83.85,86.58,83.3647,84.24,56,3.961516011448949,3,0,0,0,1
BK,Finance,Banks - Major Regional,25__0,25,0.0,8. p75_trade_value,6559.999999999999,9750.0,O:BK250321C00087500,BK,C,87.5,2025-03-21,232,0,308,1.43,1741616296356000000,64,9152.0,2025-03-10,Multi Leg auto-electronic trade,Finance,Banks - Major Regional,83.85,86.58,83.3647,84.24,57,3.961516011448949,3,0,0,0,1
BK,Finance,Banks - Major Regional,25__0,25,0.0,8. p75_trade_value,6559.999999999999,9750.0,O:BK250321C00087500,BK,C,87.5,2025-03-21,232,0,308,1.42,1741616296145000000,64,9088.0,2025-03-10,Multi Leg auto-electronic trade,Finance,Banks - Major Regional,83.85,86.58,83.3647,84.24,58,3.958468318366944,3,0,0,0,1
BK,Finance,Banks - Major Regional,25__0,25,0.0,8. p75_trade_value,6559.999999999999,9750.0,O:BK250321C00087500,BK,C,87.5,2025-03-21,232,0,308,1.4,1741616296040000000,64,8960.0,2025-03-10,Multi Leg auto-electronic trade,Finance,Banks - Major Regional,83.85,86.58,83.3647,84.24,62,3.9523080096621253,3,0,0,0,1
BK,Finance,Banks - Major Regional,25__0,25,0.0,8. p75_trade_value,6559.999999999999,9750.0,O:BK250321C00087500,BK,C,87.5,2025-03-21,232,0,308,1.43,1741616296461000000,63,9008.999999999998,2025-03-10,Multi Leg auto-electronic trade,Finance,Banks - Major Regional,83.85,86.58,83.3647,84.24,59,3.9546765869186435,3,0,0,0,1
BK,Finance,Banks - Major Regional,25__0,25,0.0,8. p75_trade_value,6559.999999999999,9750.0,O:BK250417C00085000,BK,C,85.0,2025-04-17,209,0,316,1.94,1742392090626000000,40,7759.999999999999,2025-03-19,Automatic Execution,Finance,Banks - Major Regional,82.8,84.44,82.19,83.9,80,3.8898617212581885,4,1,0,0,0
BK,Finance,Banks - Major Regional,25__0,25,0.0,8. p75_trade_value,6559.999999999999,9750.0,O:BK250417C00085000,BK,C,85.0,2025-04-17,209,0,325,2.05,1742568959204000000,32,6559.999999999999,2025-03-21,Automatic Execution,Finance,Banks - Major Regional,83.62,84.135,82.67,83.55,111,3.81690383937566,5,1,0,0,0
BK,Finance,Banks - Major Regional,25__0,25,0.0,5. p99_trade_value,52650.0,74690.0,O:BK250417C00090000,BK,C,90.0,2025-04-17,242,0,323,0.75,1742919890515000000,950,71250.0,2025-03-25,Stock Options floor trade,Finance,Banks - Major Regional,85.15,85.95,84.59,85.25,3,4.852784868680548,1,0,0,0,1
BK,Finance,Banks - Major Regional,25__0,25,0.0,8. p75_trade_value,6559.999999999999,9750.0,O:BK250417C00087000,BK,C,87.0,2025-04-17,232,0,300,1.24,1743525109986000000,54,6695.999999999999,2025-04-01,Multi Leg auto-electronic trade,Finance,Banks - Major Regional,83.73,84.1499,82.585,83.77,105,3.8258154449852033,5,0,0,0,1
BK,Finance,Banks - Major Regional,25__0,25,0.0,8. p75_trade_value,6559.999999999999,9750.0,O:BK250417P00080000,BK,P,80.0,2025-04-17,209,0,323,1.05,1743623904913000000,69,7245.0,2025-04-02,Automatic Execution,Finance,Banks - Major Regional,83.01,84.55,82.56,84.22,99,3.8600383898071935,5,1,1,1,0
BK,Finance,Banks - Major Regional,25__0,25,0.0,6. p95_trade_value,16960.0,52140.0,O:BK250417P00080000,BK,P,80.0,2025-04-17,209,0,313,1.05,1743623904913000000,206,21630.0,2025-04-02,Automatic Execution,Finance,Banks - Major Regional,83.01,84.55,82.56,84.22,14,4.3350565194390915,1,1,1,1,0
BK,Finance,Banks - Major Regional,25__0,25,0.0,8. p75_trade_value,6559.999999999999,9750.0,O:BK250417C00082500,BK,C,82.5,2025-04-17,232,0,308,1.39,1743773760956000000,64,8896.0,2025-04-04,Multi Leg auto-electronic trade,Finance,Banks - Major Regional,77.04,78.73,72.93,73.31,64,3.949194774237982,3,0,0,0,1
BK,Finance,Banks - Major Regional,25__0,25,0.0,8. p75_trade_value,6559.999999999999,9750.0,O:BK250417C00082500,BK,C,82.5,2025-04-17,232,0,308,1.45,1743773760849000000,57,8265.0,2025-04-04,Multi Leg auto-electronic trade,Finance,Banks - Major Regional,77.04,78.73,72.93,73.31,71,3.9172428579074663,4,0,0,0,1
BK,Finance,Banks - Major Regional,25__0,25,0.0,8. p75_trade_value,6559.999999999999,9750.0,O:BK250417C00082500,BK,C,82.5,2025-04-17,232,0,308,1.39,1743773761167000000,63,8757.0,2025-04-04,Multi Leg auto-electronic trade,Finance,Banks - Major Regional,77.04,78.73,72.93,73.31,66,3.9423553497076766,3,0,0,0,1
BK,Finance,Banks - Major Regional,25__0,25,0.0,8. p75_trade_value,6559.999999999999,9750.0,O:BK250417C00082500,BK,C,82.5,2025-04-17,232,0,308,1.39,1743773761061000000,64,8896.0,2025-04-04,Multi Leg auto-electronic trade,Finance,Banks - Major Regional,77.04,78.73,72.93,73.31,63,3.949194774237982,3,0,0,0,1
BK,Finance,Banks - Major Regional,25__0,25,0.0,6. p95_trade_value,16960.0,52140.0,O:BK250425P00069000,BK,P,69.0,2025-04-25,209,0,313,2.65,1743791988519000000,64,16960.0,2025-04-04,Automatic Execution,Finance,Banks - Major Regional,77.04,78.73,72.93,73.31,23,4.229425847920695,1,0,0,0,1
BK,Finance,Banks - Major Regional,25__0,25,0.0,7. p90_trade_value,9825.0,14850.0,O:BK250425P00072000,BK,P,72.0,2025-04-25,209,0,318,3.2,1743781240564000000,31,9920.0,2025-04-04,Automatic Execution,Finance,Banks - Major Regional,77.04,78.73,72.93,73.31,42,3.9965116721541785,2,1,0,0,0
BK,Finance,Banks - Major Regional,25__0,25,0.0,6. p95_trade_value,16960.0,52140.0,O:BK250425P00072000,BK,P,72.0,2025-04-25,209,0,301,3.2,1743781240569000000,64,20480.0,2025-04-04,Automatic Execution,Finance,Banks - Major Regional,77.04,78.73,72.93,73.31,16,4.311329952303793,1,1,0,0,0
BK,Finance,Banks - Major Regional,25__0,25,0.0,7. p90_trade_value,9825.0,14850.0,O:BK250502P00071000,BK,P,71.0,2025-05-02,209,0,316,3.5,1743793860010000000,34,11900.0,2025-04-04,Automatic Execution,Finance,Banks - Major Regional,77.04,78.73,72.93,73.31,33,4.075546961392531,2,1,0,0,0
BK,Finance,Banks - Major Regional,25__0,25,0.0,7. p90_trade_value,9825.0,14850.0,O:BK250411P00065000,BK,P,65.0,2025-04-11,209,0,325,0.17,1744314928391000000,700,11900.000000000002,2025-04-10,Automatic Execution,Finance,Banks - Major Regional,77.63,78.52,74.63,76.61,32,4.075546961392531,2,0,0,0,1
BK,Finance,Banks - Major Regional,25__0,25,0.0,8. p75_trade_value,6559.999999999999,9750.0,O:BK250516C00082500,BK,C,82.5,2025-05-16,209,0,319,0.65,1744828715992000000,124,8060.000000000001,2025-04-16,Automatic Execution,Finance,Banks - Major Regional,77.68,77.832,75.21,75.73,74,3.906335041805091,4,1,1,1,0
BK,Finance,Banks - Major Regional,25__0,25,0.0,8. p75_trade_value,6559.999999999999,9750.0,O:BK250516P00075000,BK,P,75.0,2025-05-16,209,0,308,2.8,1744826404396000000,25,7000.0,2025-04-16,Automatic Execution,Finance,Banks - Major Regional,77.68,77.832,75.21,75.73,101,3.845098040014257,5,1,0,0,0
BK,Finance,Banks - Major Regional,25__0,25,0.0,6. p95_trade_value,16960.0,52140.0,O:BK250516P00075000,BK,P,75.0,2025-05-16,209,0,300,2.8,1744826378780000000,67,18760.0,2025-04-16,Automatic Execution,Finance,Banks - Major Regional,77.68,77.832,75.21,75.73,21,4.273232834043045,1,1,0,0,0
BK,Finance,Banks - Major Regional,25__0,25,0.0,5. p99_trade_value,52650.0,74690.0,O:BK250516C00077500,BK,C,77.5,2025-05-16,209,0,303,1.95,1744897781092000000,270,52650.0,2025-04-17,Automatic Execution,Finance,Banks - Major Regional,75.95,77.4997,75.26,76.34,5,4.721398375521505,1,1,1,1,0
BK,Finance,Banks - Major Regional,25__0,25,0.0,6. p95_trade_value,16960.0,52140.0,O:BK250516C00081000,BK,C,81.0,2025-05-16,231,0,301,1.1,1745425692091000000,411,45210.0,2025-04-23,Single Leg Floor Trade,Finance,Banks - Major Regional,77.91,79.68,77.48,77.73,7,4.655234507034295,1,1,1,1,0
BK,Finance,Banks - Major Regional,25__0,25,0.0,7. p90_trade_value,9825.0,14850.0,O:BK250516C00081000,BK,C,81.0,2025-05-16,209,0,301,0.5,1745420711143000000,233,11650.0,2025-04-23,Automatic Execution,Finance,Banks - Major Regional,77.91,79.68,77.48,77.73,35,4.066325925362038,2,1,1,1,0
BK,Finance,Banks - Major Regional,25__0,25,0.0,7. p90_trade_value,9825.0,14850.0,O:BK250530P00088000,BK,P,88.0,2025-05-30,209,0,308,0.3,1748526464947000000,357,10710.0,2025-05-29,Automatic Execution,Finance,Banks - Major Regional,89.35,89.87,88.52,89.07,37,4.029789470831855,2,1,1,0,0
BK,Finance,Banks - Major Regional,25__0,25,0.0,6. p95_trade_value,16960.0,52140.0,O:BK250606P00087000,BK,P,87.0,2025-06-06,235,0,313,0.55,1748626160623000000,500,27500.0,2025-05-30,Multi Leg floor trade,Finance,Banks - Major Regional,88.8,88.845,87.96,88.61,9,4.439332693830263,1,0,0,0,1
BKU,Finance,Banks - Major Regional,0__2,0,2.0,1. p999999_trade_value,3750.0,3750.0,O:BKU241115P00035000,BKU,P,35.0,2024-11-15,209,0,308,1.25,1729539281339000000,30,3750.0,2024-10-21,Automatic Execution,Finance,Banks - Major Regional,36.78,37.01,35.01,35.13,1,3.574031267727719,1,1,0,0,0
BMA,Finance,Banks - Foreign,15__0,15,0.0,1. p999999_trade_value,29000.0,29000.0,O:BMA241220C00085000,BMA,C,85.0,2024-12-20,209,0,313,2.9,1732308373530000000,100,29000.0,2024-11-22,Automatic Execution,Finance,Banks - Foreign,80.0,83.4,77.6964,80.91,1,4.4623979978989565,1,1,1,1,0
BMO,Finance,Banks - Foreign,20__0,20,0.0,1. p999999_trade_value,38400.0,38400.0,O:BMO240920C00085000,BMO,C,85.0,2024-09-20,235,0,313,0.48,1725904611559000000,800,38400.0,2024-09-09,Multi Leg floor trade,Finance,Banks - Foreign,82.61,83.34,82.52,83.02,1,4.5843312243675305,1,1,1,1,0
BMO,Finance,Banks - Foreign,20__0,20,0.0,7. p90_trade_value,10000.0,11000.000000000002,O:BMO241115P00090000,BMO,P,90.0,2024-11-15,209,0,308,1.05,1730385216318000000,100,10500.0,2024-10-31,Automatic Execution,Finance,Banks - Foreign,92.04,92.15,90.42,91.12,6,4.021189299069938,2,1,0,0,0
BMO,Finance,Banks - Foreign,20__0,20,0.0,6. p95_trade_value,11410.0,22500.0,O:BMO241220P00100000,BMO,P,100.0,2024-12-20,209,0,325,0.85,1733844279825000000,250,21250.0,2024-12-10,Automatic Execution,Finance,Banks - Foreign,100.78,101.13,100.47,100.74,3,4.32735893438633,1,1,1,1,0
BMO,Finance,Banks - Foreign,20__0,20,0.0,7. p90_trade_value,10000.0,11000.000000000002,O:BMO250321P00095000,BMO,P,95.0,2025-03-21,209,0,301,1.1,1741632860525000000,100,11000.000000000002,2025-03-10,Automatic Execution,Finance,Banks - Foreign,97.0,98.12,96.71,97.66,5,4.041392685158225,2,1,0,0,0
BMO,Finance,Banks - Foreign,20__0,20,0.0,7. p90_trade_value,10000.0,11000.000000000002,O:BMO250417P00095000,BMO,P,95.0,2025-04-17,209,0,323,1.25,1743709034428000000,80,10000.0,2025-04-03,Automatic Execution,Finance,Banks - Foreign,96.0,97.975,95.97,96.05,7,4.0,2,1,1,1,0
BMO,Finance,Banks - Foreign,20__0,20,0.0,6. p95_trade_value,11410.0,22500.0,O:BMO250516C00100000,BMO,C,100.0,2025-05-16,209,0,325,0.7,1746815018313000000,163,11410.0,2025-05-09,Automatic Execution,Finance,Banks - Foreign,99.6,99.7,99.19,99.58,4,4.057285644418215,1,1,1,1,0
BMO,Finance,Banks - Foreign,20__0,20,0.0,6. p95_trade_value,11410.0,22500.0,O:BMO250620P00105000,BMO,P,105.0,2025-06-20,242,0,323,0.9,1748547825900000000,250,22500.0,2025-05-29,Stock Options floor trade,Finance,Banks - Foreign,107.37,107.55,106.08,106.98,2,4.352182518111363,1,0,0,0,1
BNS,Finance,Banks - Foreign,15__0,15,0.0,6. p95_trade_value,21000.0,21000.0,O:BNS250417P00047500,BNS,P,47.5,2025-04-17,209,0,308,1.05,1742484833289000000,200,21000.0,2025-03-20,Automatic Execution,Finance,Banks - Foreign,47.94,48.1684,47.76,48.1,2,4.3222192947339195,1,1,1,1,0
BNS,Finance,Banks - Foreign,15__0,15,0.0,1. p999999_trade_value,27600.0,27600.0,O:BNS250620C00052500,BNS,C,52.5,2025-06-20,219,0,316,0.6,1747850378085000000,460,27600.0,2025-05-21,Intermarket Sweep Order,Finance,Banks - Foreign,51.57,51.82,51.39,51.54,1,4.440909082065217,1,1,0,0,0
BOKF,Finance,Banks - Southwest,5__0,5,0.0,1. p999999_trade_value,9900.0,9900.0,O:BOKF241115P00105000,BOKF,P,105.0,2024-11-15,209,0,308,3.3,1729605779413000000,30,9900.0,2024-10-22,Automatic Execution,Finance,Banks - Southwest,108.0,109.24,105.15,107.96,1,3.99563519459755,1,1,0,0,0
BPOP,Finance,Banks - Southeast,5__0,5,0.0,1. p999999_trade_value,13097.999999999998,13097.999999999998,O:BPOP250221C00105000,BPOP,C,105.0,2025-02-21,227,0,301,1.77,1737576300151000000,74,13097.999999999998,2025-01-22,Single Leg Auction Non ISO,Finance,Banks - Southeast,100.16,100.89,99.76,99.99,1,4.117204986092783,1,1,0,0,0
CADE,Finance,Banks - Southeast,0__2,0,2.0,1. p999999_trade_value,3750.0,3750.0,O:CADE241115C00035000,CADE,C,35.0,2024-11-15,209,0,316,0.75,1729701448696000000,50,3750.0,2024-10-23,Automatic Execution,Finance,Banks - Southeast,34.18,34.25,33.27,33.82,1,3.574031267727719,1,1,1,1,0
CCB,Finance,Banks - West,5__0,5,0.0,1. p999999_trade_value,9000.0,9000.0,O:CCB250417P00080000,CCB,P,80.0,2025-04-17,209,0,323,1.8,1743186528562000000,50,9000.0,2025-03-28,Automatic Execution,Finance,Banks - West,91.9,92.125,88.732,90.39,1,3.9542425094393248,1,1,0,0,0
NTRS,Finance,Banks - Major Regional,25__0,25,0.0,7. p90_trade_value,13800.0,19360.000000000004,O:NTRS240920P00085000,NTRS,P,85.0,2024-09-20,233,0,302,0.63,1725906441980000000,302,19026.0,2024-09-09,Multi Leg Auction,Finance,Banks - Major Regional,87.52,88.67,86.845,87.76,16,4.279347492410732,2,0,0,0,1
NTRS,Finance,Banks - Major Regional,25__0,25,0.0,7. p90_trade_value,13800.0,19360.000000000004,O:NTRS240920P00085000,NTRS,P,85.0,2024-09-20,233,0,302,0.63,1725906441980000000,304,19152.0,2024-09-09,Multi Leg Auction,Finance,Banks - Major Regional,87.52,88.67,86.845,87.76,15,4.282214133062335,2,0,0,0,1
NTRS,Finance,Banks - Major Regional,25__0,25,0.0,8. p75_trade_value,7500.0,13700.0,O:NTRS240920C00090000,NTRS,C,90.0,2024-09-20,209,0,320,1.0,1725995628458000000,109,10900.0,2024-09-10,Automatic Execution,Finance,Banks - Major Regional,87.69,88.6694,85.83,88.47,39,4.037426497940624,3,1,1,1,0
NTRS,Finance,Banks - Major Regional,25__0,25,0.0,8. p75_trade_value,7500.0,13700.0,O:NTRS240920C00090000,NTRS,C,90.0,2024-09-20,209,0,320,1.0,1725997350860000000,137,13700.0,2024-09-10,Automatic Execution,Finance,Banks - Major Regional,87.69,88.6694,85.83,88.47,27,4.136720567156407,3,1,1,1,0
NTRS,Finance,Banks - Major Regional,25__0,25,0.0,8. p75_trade_value,7500.0,13700.0,O:NTRS241115P00095000,NTRS,P,95.0,2024-11-15,209,0,320,2.9,1729188201275000000,37,10730.0,2024-10-17,Automatic Execution,Finance,Banks - Major Regional,96.75,97.0,95.76,96.26,41,4.0305997219659515,4,1,0,0,0
NTRS,Finance,Banks - Major Regional,25__0,25,0.0,8. p75_trade_value,7500.0,13700.0,O:NTRS241115C00100000,NTRS,C,100.0,2024-11-15,209,0,320,1.65,1729620948763000000,50,8250.0,2024-10-22,Automatic Execution,Finance,Banks - Major Regional,95.16,96.12,94.88,95.79,52,3.916453948549925,4,1,1,1,0
NTRS,Finance,Banks - Major Regional,25__0,25,0.0,8. p75_trade_value,7500.0,13700.0,O:NTRS241115P00100000,NTRS,P,100.0,2024-11-15,232,0,300,1.29,1729798020986000000,60,7740.000000000001,2024-10-24,Multi Leg auto-electronic trade,Finance,Banks - Major Regional,103.78,103.78,101.115,102.79,61,3.8887409606828927,5,1,0,0,0
NTRS,Finance,Banks - Major Regional,25__0,25,0.0,8. p75_trade_value,7500.0,13700.0,O:NTRS241115P00100000,NTRS,P,100.0,2024-11-15,209,0,316,2.0,1729878399344000000,56,11200.0,2024-10-25,Automatic Execution,Finance,Banks - Major Regional,103.55,103.62,100.065,100.19,33,4.049218022670182,3,1,0,0,0
NTRS,Finance,Banks - Major Regional,25__0,25,0.0,1. p999999_trade_value,121875.0,121875.0,O:NTRS241115C00105000,NTRS,C,105.0,2024-11-15,231,0,300,1.25,1730214169826000000,975,121875.0,2024-10-29,Single Leg Floor Trade,Finance,Banks - Major Regional,101.64,103.4,101.635,102.32,1,5.085914628706593,1,1,1,1,0
NTRS,Finance,Banks - Major Regional,25__0,25,0.0,8. p75_trade_value,7500.0,13700.0,O:NTRS241220P00105000,NTRS,P,105.0,2024-12-20,209,0,313,1.7,1732134138032000000,45,7650.0,2024-11-20,Automatic Execution,Finance,Banks - Major Regional,108.61,108.61,106.93,107.88,63,3.8836614351536176,5,1,1,1,0
NTRS,Finance,Banks - Major Regional,25__0,25,0.0,8. p75_trade_value,7500.0,13700.0,O:NTRS241220C00110000,NTRS,C,110.0,2024-12-20,209,0,316,1.25,1733846401166000000,68,8500.0,2024-12-10,Automatic Execution,Finance,Banks - Major Regional,108.74,108.99,107.075,108.15,51,3.929418925714293,4,0,0,0,1
NTRS,Finance,Banks - Major Regional,25__0,25,0.0,8. p75_trade_value,7500.0,13700.0,O:NTRS250221P00100000,NTRS,P,100.0,2025-02-21,232,0,322,0.87,1737578044540000000,88,7656.0,2025-01-22,Multi Leg auto-electronic trade,Finance,Banks - Major Regional,107.27,107.75,106.48,107.39,62,3.8840019247687874,5,0,0,0,1
NTRS,Finance,Banks - Major Regional,25__0,25,0.0,7. p90_trade_value,13800.0,19360.000000000004,O:NTRS250221P00105000,NTRS,P,105.0,2025-02-21,232,0,322,2.2,1737578044540000000,88,19360.000000000004,2025-01-22,Multi Leg auto-electronic trade,Finance,Banks - Major Regional,107.27,107.75,106.48,107.39,14,4.286905352972375,2,0,0,0,1
NTRS,Finance,Banks - Major Regional,25__0,25,0.0,8. p75_trade_value,7500.0,13700.0,O:NTRS250221C00115000,NTRS,C,115.0,2025-02-21,209,0,302,0.8,1737650372816000000,95,7600.0,2025-01-23,Automatic Execution,Finance,Banks - Major Regional,106.39,111.3,106.02,109.54,64,3.8808135922807914,5,0,0,0,1
NTRS,Finance,Banks - Major Regional,25__0,25,0.0,6. p95_trade_value,21000.0,46516.99999999999,O:NTRS250221P00110000,NTRS,P,110.0,2025-02-21,235,0,301,1.03,1738350399014000000,246,25338.0,2025-01-31,Multi Leg floor trade,Finance,Banks - Major Regional,112.74,113.295,112.12,112.29,10,4.403772331808551,1,1,0,0,0
NTRS,Finance,Banks - Major Regional,25__0,25,0.0,8. p75_trade_value,7500.0,13700.0,O:NTRS250221P00110000,NTRS,P,110.0,2025-02-21,235,0,301,1.02,1738350399014000000,126,12852.000000000002,2025-01-31,Multi Leg floor trade,Finance,Banks - Major Regional,112.74,113.295,112.12,112.29,29,4.1089707168794805,3,1,0,0,0
NTRS,Finance,Banks - Major Regional,25__0,25,0.0,8. p75_trade_value,7500.0,13700.0,O:NTRS250321P00105000,NTRS,P,105.0,2025-03-21,209,0,316,1.3,1740502083190000000,61,7930.0,2025-02-25,Automatic Execution,Finance,Banks - Major Regional,113.48,113.76,110.09,110.76,56,3.8992731873176036,5,1,1,1,0
NTRS,Finance,Banks - Major Regional,25__0,25,0.0,8. p75_trade_value,7500.0,13700.0,O:NTRS250321P00110000,NTRS,P,110.0,2025-03-21,209,0,316,2.45,1740515091280000000,44,10780.000000000002,2025-02-25,Automatic Execution,Finance,Banks - Major Regional,113.48,113.76,110.09,110.76,40,4.03261876085072,4,1,1,1,0
NTRS,Finance,Banks - Major Regional,25__0,25,0.0,8. p75_trade_value,7500.0,13700.0,O:NTRS250321P00110000,NTRS,P,110.0,2025-03-21,209,0,316,2.45,1740515078482000000,38,9310.0,2025-02-25,Automatic Execution,Finance,Banks - Major Regional,113.48,113.76,110.09,110.76,45,3.9689496809813427,4,1,1,1,0
NTRS,Finance,Banks - Major Regional,25__0,25,0.0,8. p75_trade_value,7500.0,13700.0,O:NTRS250321P00110000,NTRS,P,110.0,2025-03-21,209,0,316,2.45,1740515084034000000,36,8820.0,2025-02-25,Automatic Execution,Finance,Banks - Major Regional,113.48,113.76,110.09,110.76,47,3.94546858513182,4,1,1,1,0
NTRS,Finance,Banks - Major Regional,25__0,25,0.0,7. p90_trade_value,13800.0,19360.000000000004,O:NTRS250417P00082500,NTRS,P,82.5,2025-04-17,232,0,300,0.46,1743692758502000000,300,13800.0,2025-04-03,Multi Leg auto-electronic trade,Finance,Banks - Major Regional,93.54,94.22,90.44,90.58,26,4.139879086401237,2,1,0,0,0
NTRS,Finance,Banks - Major Regional,25__0,25,0.0,6. p95_trade_value,21000.0,46516.99999999999,O:NTRS250417P00087500,NTRS,P,87.5,2025-04-17,232,0,300,1.36,1743692758502000000,300,40800.00000000001,2025-04-03,Multi Leg auto-electronic trade,Finance,Banks - Major Regional,93.54,94.22,90.44,90.58,5,4.6106601630898805,1,1,1,0,0
NTRS,Finance,Banks - Major Regional,25__0,25,0.0,7. p90_trade_value,13800.0,19360.000000000004,O:NTRS250516P00095000,NTRS,P,95.0,2025-05-16,235,0,301,0.85,1746470979090000000,200,17000.0,2025-05-05,Multi Leg floor trade,Finance,Banks - Major Regional,97.0,98.53,96.445,97.17,19,4.230448921378274,2,0,0,0,1
NTRS,Finance,Banks - Major Regional,25__0,25,0.0,8. p75_trade_value,7500.0,13700.0,O:NTRS250620C00110000,NTRS,C,110.0,2025-06-20,209,0,308,1.55,1747846592594000000,50,7750.0,2025-05-21,Automatic Execution,Finance,Banks - Major Regional,107.06,107.12,105.23,105.34,60,3.88930170250631,5,1,0,0,0
NTRS,Finance,Banks - Major Regional,25__0,25,0.0,8. p75_trade_value,7500.0,13700.0,O:NTRS250620C00110000,NTRS,C,110.0,2025-06-20,209,0,308,1.5,1747847707093000000,50,7500.0,2025-05-21,Automatic Execution,Finance,Banks - Major Regional,107.06,107.12,105.23,105.34,66,3.8750612633917,6,1,0,0,0
NTRS,Finance,Banks - Major Regional,25__0,25,0.0,8. p75_trade_value,7500.0,13700.0,O:NTRS250620C00110000,NTRS,C,110.0,2025-06-20,209,0,308,1.55,1747846592594000000,50,7750.0,2025-05-21,Automatic Execution,Finance,Banks - Major Regional,107.06,107.12,105.23,105.34,59,3.88930170250631,5,1,0,0,0
NTRS,Finance,Banks - Major Regional,25__0,25,0.0,8. p75_trade_value,7500.0,13700.0,O:NTRS250620C00110000,NTRS,C,110.0,2025-06-20,209,0,308,1.4,1747853176908000000,72,10080.0,2025-05-21,Automatic Execution,Finance,Banks - Major Regional,107.06,107.12,105.23,105.34,43,4.003460532109506,4,1,0,0,0
NTRS,Finance,Banks - Major Regional,25__0,25,0.0,7. p90_trade_value,13800.0,19360.000000000004,O:NTRS250620C00110000,NTRS,C,110.0,2025-06-20,209,0,308,1.4,1747856591073000000,107,14979.999999999998,2025-05-21,Automatic Execution,Finance,Banks - Major Regional,107.06,107.12,105.23,105.34,25,4.175511813363448,2,1,0,0,0
NTRS,Finance,Banks - Major Regional,25__0,25,0.0,7. p90_trade_value,13800.0,19360.000000000004,O:NTRS250620C00110000,NTRS,C,110.0,2025-06-20,209,0,320,1.4,1747853150302000000,108,15119.999999999998,2025-05-21,Automatic Execution,Finance,Banks - Major Regional,107.06,107.12,105.23,105.34,23,4.179551791165188,2,1,0,0,0
NTRS,Finance,Banks - Major Regional,25__0,25,0.0,7. p90_trade_value,13800.0,19360.000000000004,O:NTRS250620C00110000,NTRS,C,110.0,2025-06-20,227,0,308,1.32,1747851493522000000,124,16368.0,2025-05-21,Single Leg Auction Non ISO,Finance,Banks - Major Regional,107.06,107.12,105.23,105.34,20,4.213995616368085,2,1,0,0,0
NTRS,Finance,Banks - Major Regional,25__0,25,0.0,6. p95_trade_value,21000.0,46516.99999999999,O:NTRS250620C00110000,NTRS,C,110.0,2025-06-20,209,0,308,1.55,1747846704253000000,150,23250.0,2025-05-21,Automatic Execution,Finance,Banks - Major Regional,107.06,107.12,105.23,105.34,11,4.366422957225972,1,1,0,0,0
NTRS,Finance,Banks - Major Regional,25__0,25,0.0,8. p75_trade_value,7500.0,13700.0,O:NTRS250620C00110000,NTRS,C,110.0,2025-06-20,227,0,307,1.33,1747851493522000000,100,13300.0,2025-05-21,Single Leg Auction Non ISO,Finance,Banks - Major Regional,107.06,107.12,105.23,105.34,28,4.123851640967086,3,1,0,0,0
NTRS,Finance,Banks - Major Regional,25__0,25,0.0,8. p75_trade_value,7500.0,13700.0,O:NTRS250620C00110000,NTRS,C,110.0,2025-06-20,227,0,307,1.34,1747853941341000000,76,10184.0,2025-05-21,Single Leg Auction Non ISO,Finance,Banks - Major Regional,107.06,107.12,105.23,105.34,42,4.007918390645599,4,1,0,0,0
NTRS,Finance,Banks - Major Regional,25__0,25,0.0,6. p95_trade_value,21000.0,46516.99999999999,O:NTRS250620C00110000,NTRS,C,110.0,2025-06-20,209,0,308,1.55,1747846704253000000,150,23250.0,2025-05-21,Automatic Execution,Finance,Banks - Major Regional,107.06,107.12,105.23,105.34,12,4.366422957225972,1,1,0,0,0
NTRS,Finance,Banks - Major Regional,25__0,25,0.0,6. p95_trade_value,21000.0,46516.99999999999,O:NTRS250620C00110000,NTRS,C,110.0,2025-06-20,209,0,308,1.4,1747850225426000000,150,21000.0,2025-05-21,Automatic Execution,Finance,Banks - Major Regional,107.06,107.12,105.23,105.34,13,4.3222192947339195,1,1,0,0,0
NTRS,Finance,Banks - Major Regional,25__0,25,0.0,6. p95_trade_value,21000.0,46516.99999999999,O:NTRS250620C00110000,NTRS,C,110.0,2025-06-20,209,0,316,1.35,1747853928199000000,200,27000.0,2025-05-21,Automatic Execution,Finance,Banks - Major Regional,107.06,107.12,105.23,105.34,9,4.431363764158987,1,1,0,0,0
NTRS,Finance,Banks - Major Regional,25__0,25,0.0,6. p95_trade_value,21000.0,46516.99999999999,O:NTRS250620C00110000,NTRS,C,110.0,2025-06-20,209,0,308,1.55,1747844536136000000,250,38750.0,2025-05-21,Automatic Execution,Finance,Banks - Major Regional,107.06,107.12,105.23,105.34,6,4.588271706842329,1,1,0,0,0
NTRS,Finance,Banks - Major Regional,25__0,25,0.0,8. p75_trade_value,7500.0,13700.0,O:NTRS250620C00110000,NTRS,C,110.0,2025-06-20,209,0,308,1.5,1747847707093000000,50,7500.0,2025-05-21,Automatic Execution,Finance,Banks - Major Regional,107.06,107.12,105.23,105.34,65,3.8750612633917,5,1,0,0,0
NTRS,Finance,Banks - Major Regional,25__0,25,0.0,6. p95_trade_value,21000.0,46516.99999999999,O:NTRS250620C00110000,NTRS,C,110.0,2025-06-20,209,0,308,1.55,1747844536136000000,250,38750.0,2025-05-21,Automatic Execution,Finance,Banks - Major Regional,107.06,107.12,105.23,105.34,7,4.588271706842329,1,1,0,0,0
NTRS,Finance,Banks - Major Regional,25__0,25,0.0,6. p95_trade_value,21000.0,46516.99999999999,O:NTRS250620C00110000,NTRS,C,110.0,2025-06-20,209,0,308,1.5,1747847932568000000,200,30000.0,2025-05-21,Automatic Execution,Finance,Banks - Major Regional,107.06,107.12,105.23,105.34,8,4.477121254719663,1,1,0,0,0
NTRS,Finance,Banks - Major Regional,25__0,25,0.0,8. p75_trade_value,7500.0,13700.0,O:NTRS250620C00110000,NTRS,C,110.0,2025-06-20,209,0,316,1.45,1747849643285000000,62,8990.0,2025-05-21,Automatic Execution,Finance,Banks - Major Regional,107.06,107.12,105.23,105.34,46,3.9537596917332287,4,1,0,0,0
NTRS,Finance,Banks - Major Regional,25__0,25,0.0,7. p90_trade_value,13800.0,19360.000000000004,O:NTRS250620C00110000,NTRS,C,110.0,2025-06-20,209,0,308,1.8,1747936330220000000,100,18000.0,2025-05-22,Automatic Execution,Finance,Banks - Major Regional,105.06,107.15,104.3,106.4,17,4.2552725051033065,2,1,0,0,0
NTRS,Finance,Banks - Major Regional,25__0,25,0.0,8. p75_trade_value,7500.0,13700.0,O:NTRS250620C00110000,NTRS,C,110.0,2025-06-20,209,0,316,1.8,1747938616616000000,48,8640.0,2025-05-22,Automatic Execution,Finance,Banks - Major Regional,105.06,107.15,104.3,106.4,49,3.936513742478893,4,1,0,0,0
NTRS,Finance,Banks - Major Regional,25__0,25,0.0,8. p75_trade_value,7500.0,13700.0,O:NTRS250620C00110000,NTRS,C,110.0,2025-06-20,209,0,320,1.25,1747926464657000000,102,12750.0,2025-05-22,Automatic Execution,Finance,Banks - Major Regional,105.06,107.15,104.3,106.4,30,4.105510184769974,3,1,0,0,0
NTRS,Finance,Banks - Major Regional,25__0,25,0.0,7. p90_trade_value,13800.0,19360.000000000004,O:NTRS250620C00110000,NTRS,C,110.0,2025-06-20,227,0,323,1.36,1747927351567000000,130,17680.0,2025-05-22,Single Leg Auction Non ISO,Finance,Banks - Major Regional,105.06,107.15,104.3,106.4,18,4.247482260677054,2,1,0,0,0
NTRS,Finance,Banks - Major Regional,25__0,25,0.0,5. p99_trade_value,53200.0,57500.0,O:NTRS250620C00110000,NTRS,C,110.0,2025-06-20,227,0,323,1.75,1748358550166000000,304,53200.0,2025-05-27,Single Leg Auction Non ISO,Finance,Banks - Major Regional,107.11,108.99,106.38,108.95,3,4.725911632295048,1,1,0,0,0
NTRS,Finance,Banks - Major Regional,25__0,25,0.0,8. p75_trade_value,7500.0,13700.0,O:NTRS250620C00110000,NTRS,C,110.0,2025-06-20,227,0,323,2.05,1748363399446000000,39,7994.999999999999,2025-05-27,Single Leg Auction Non ISO,Finance,Banks - Major Regional,107.11,108.99,106.38,108.95,54,3.9028184680822533,5,1,0,0,0
NTRS,Finance,Banks - Major Regional,25__0,25,0.0,8. p75_trade_value,7500.0,13700.0,O:NTRS250620C00110000,NTRS,C,110.0,2025-06-20,227,0,323,2.05,1748363399446000000,55,11274.999999999998,2025-05-27,Single Leg Auction Non ISO,Finance,Banks - Major Regional,107.11,108.99,106.38,108.95,32,4.052116550549998,3,1,0,0,0
NTRS,Finance,Banks - Major Regional,25__0,25,0.0,7. p90_trade_value,13800.0,19360.000000000004,O:NTRS250620C00110000,NTRS,C,110.0,2025-06-20,227,0,301,1.37,1748615042234000000,115,15755.000000000002,2025-05-30,Single Leg Auction Non ISO,Finance,Banks - Major Regional,106.82,107.28,105.2,106.74,21,4.1974184075100185,2,1,0,0,0
NTRS,Finance,Banks - Major Regional,25__0,25,0.0,7. p90_trade_value,13800.0,19360.000000000004,O:NTRS250620C00110000,NTRS,C,110.0,2025-06-20,227,0,301,1.37,1748615042234000000,115,15755.000000000002,2025-05-30,Single Leg Auction Non ISO,Finance,Banks - Major Regional,106.82,107.28,105.2,106.74,22,4.1974184075100185,2,1,0,0,0
NTRS,Finance,Banks - Major Regional,25__0,25,0.0,8. p75_trade_value,7500.0,13700.0,O:NTRS250620C00110000,NTRS,C,110.0,2025-06-20,209,0,307,1.0,1748874128549000000,86,8600.0,2025-06-02,Automatic Execution,Finance,Banks - Major Regional,105.98,106.64,105.08,106.31,50,3.934498451243568,4,1,0,0,0
NTRS,Finance,Banks - Major Regional,25__0,25,0.0,8. p75_trade_value,7500.0,13700.0,O:NTRS250620C00110000,NTRS,C,110.0,2025-06-20,227,0,323,1.1,1748872615940000000,100,11000.000000000002,2025-06-02,Single Leg Auction Non ISO,Finance,Banks - Major Regional,105.98,106.64,105.08,106.31,34,4.041392685158225,3,1,0,0,0
NTRS,Finance,Banks - Major Regional,25__0,25,0.0,8. p75_trade_value,7500.0,13700.0,O:NTRS250620C00110000,NTRS,C,110.0,2025-06-20,209,0,316,1.05,1749059212929000000,104,10920.0,2025-06-04,Automatic Execution,Finance,Banks - Major Regional,106.92,107.4499,106.09,106.1,38,4.038222638368718,3,1,0,0,0
NTRS,Finance,Banks - Major Regional,25__0,25,0.0,8. p75_trade_value,7500.0,13700.0,O:NTRS250620C00110000,NTRS,C,110.0,2025-06-20,219,0,308,1.1,1749059669358000000,100,11000.000000000002,2025-06-04,Intermarket Sweep Order,Finance,Banks - Major Regional,106.92,107.4499,106.09,106.1,35,4.041392685158225,3,1,0,0,0
NTRS,Finance,Banks - Major Regional,25__0,25,0.0,7. p90_trade_value,13800.0,19360.000000000004,O:NTRS250620C00110000,NTRS,C,110.0,2025-06-20,209,0,316,1.05,1749059656629000000,143,15015.0,2025-06-04,Automatic Execution,Finance,Banks - Major Regional,106.92,107.4499,106.09,106.1,24,4.176525336535,2,1,0,0,0
NTRS,Finance,Banks - Major Regional,25__0,25,0.0,8. p75_trade_value,7500.0,13700.0,O:NTRS250620C00110000,NTRS,C,110.0,2025-06-20,209,0,316,1.1,1749059212937000000,104,11440.0,2025-06-04,Automatic Execution,Finance,Banks - Major Regional,106.92,107.4499,106.09,106.1,31,4.058426024457005,3,1,0,0,0
NTRS,Finance,Banks - Major Regional,25__0,25,0.0,8. p75_trade_value,7500.0,13700.0,O:NTRS250620C00110000,NTRS,C,110.0,2025-06-20,219,0,308,1.1,1749059669362000000,100,11000.000000000002,2025-06-04,Intermarket Sweep Order,Finance,Banks - Major Regional,106.92,107.4499,106.09,106.1,36,4.041392685158225,3,1,0,0,0
NTRS,Finance,Banks - Major Regional,25__0,25,0.0,8. p75_trade_value,7500.0,13700.0,O:NTRS250620C00110000,NTRS,C,110.0,2025-06-20,209,0,316,1.05,1749059199616000000,104,10920.0,2025-06-04,Automatic Execution,Finance,Banks - Major Regional,106.92,107.4499,106.09,106.1,37,4.038222638368718,3,1,0,0,0
NTRS,Finance,Banks - Major Regional,25__0,25,0.0,8. p75_trade_value,7500.0,13700.0,O:NTRS250620C00110000,NTRS,C,110.0,2025-06-20,227,0,307,1.09,1749135940328000000,80,8720.0,2025-06-05,Single Leg Auction Non ISO,Finance,Banks - Major Regional,106.09,106.95,105.4266,106.47,48,3.940516484932567,4,1,0,0,0
NTRS,Finance,Banks - Major Regional,25__0,25,0.0,8. p75_trade_value,7500.0,13700.0,O:NTRS250620C00110000,NTRS,C,110.0,2025-06-20,209,0,316,1.3,1749142986180000000,61,7930.0,2025-06-05,Automatic Execution,Finance,Banks - Major Regional,106.09,106.95,105.4266,106.47,55,3.8992731873176036,5,1,0,0,0
NTRS,Finance,Banks - Major Regional,25__0,25,0.0,5. p99_trade_value,53200.0,57500.0,O:NTRS250620C00110000,NTRS,C,110.0,2025-06-20,209,0,316,1.15,1749135940228000000,500,57500.0,2025-06-05,Automatic Execution,Finance,Banks - Major Regional,106.09,106.95,105.4266,106.47,2,4.7596678446896306,1,1,0,0,0
NTRS,Finance,Banks - Major Regional,25__0,25,0.0,8. p75_trade_value,7500.0,13700.0,O:NTRS250620C00110000,NTRS,C,110.0,2025-06-20,209,0,308,2.0,1749485227662000000,40,8000.0,2025-06-09,Automatic Execution,Finance,Banks - Major Regional,107.91,109.31,107.42,108.74,53,3.9030899869919438,5,1,0,0,0
NTRS,Finance,Banks - Major Regional,25__0,25,0.0,8. p75_trade_value,7500.0,13700.0,O:NTRS250620C00110000,NTRS,C,110.0,2025-06-20,209,0,308,2.5,1749495217762000000,31,7750.0,2025-06-09,Automatic Execution,Finance,Banks - Major Regional,107.91,109.31,107.42,108.74,57,3.88930170250631,5,1,0,0,0
NTRS,Finance,Banks - Major Regional,25__0,25,0.0,6. p95_trade_value,21000.0,46516.99999999999,O:NTRS250620C00110000,NTRS,C,110.0,2025-06-20,227,0,323,2.57,1749498908227000000,181,46516.99999999999,2025-06-09,Single Leg Auction Non ISO,Finance,Banks - Major Regional,107.91,109.31,107.42,108.74,4,4.667611698200479,1,1,0,0,0
NTRS,Finance,Banks - Major Regional,25__0,25,0.0,8. p75_trade_value,7500.0,13700.0,O:NTRS250620C00110000,NTRS,C,110.0,2025-06-20,209,0,308,2.5,1749495157781000000,31,7750.0,2025-06-09,Automatic Execution,Finance,Banks - Major Regional,107.91,109.31,107.42,108.74,58,3.88930170250631,5,1,0,0,0
NTRS,Finance,Banks - Major Regional,25__0,25,0.0,8. p75_trade_value,7500.0,13700.0,O:NTRS250620C00110000,NTRS,C,110.0,2025-06-20,209,0,313,2.2,1749489667594000000,43,9460.0,2025-06-09,Automatic Execution,Finance,Banks - Major Regional,107.91,109.31,107.42,108.74,44,3.975891136401793,4,1,0,0,0
NU,Finance,Banks - Foreign,35__0,35,0.0,6. p95_trade_value,27972.000000000004,110000.0,O:NU240920P00013500,NU,P,13.5,2024-09-20,237,0,304,0.12,1724784100024000000,5000,60000.0,2024-08-27,Stock Options Auction,Finance,Banks - Foreign,14.39,14.76,14.36,14.7,36,4.778151250383644,1,1,0,0,0
NU,Finance,Banks - Foreign,35__0,35,0.0,5. p99_trade_value,115000.0,321387.00000000006,O:NU240920P00013500,NU,P,13.5,2024-09-20,229,0,313,0.17,1724955165878000000,10000,170000.00000000003,2024-08-29,Single Leg Cross Non ISO,Finance,Banks - Foreign,14.22,14.525,14.15,14.23,10,5.230448921378274,1,1,0,0,0
NU,Finance,Banks - Foreign,35__0,35,0.0,5. p99_trade_value,115000.0,321387.00000000006,O:NU240920P00014000,NU,P,14.0,2024-09-20,231,0,323,0.18,1725029541600000000,13000,234000.0,2024-08-30,Single Leg Floor Trade,Finance,Banks - Foreign,14.27,15.06,14.27,14.97,6,5.3692158574101425,1,1,0,0,0
NU,Finance,Banks - Foreign,35__0,35,0.0,6. p95_trade_value,27972.000000000004,110000.0,O:NU240920P00014000,NU,P,14.0,2024-09-20,231,0,301,0.22,1725028051827000000,2000,44000.0,2024-08-30,Single Leg Floor Trade,Finance,Banks - Foreign,14.27,15.06,14.27,14.97,51,4.643452676486188,1,1,0,0,0
NU,Finance,Banks - Foreign,35__0,35,0.0,6. p95_trade_value,27972.000000000004,110000.0,O:NU240920C00015000,NU,C,15.0,2024-09-20,229,0,313,0.19,1725463975729000000,1500,28500.0,2024-09-04,Single Leg Cross Non ISO,Finance,Banks - Foreign,14.85,14.85,14.215,14.24,95,4.45484486000851,1,1,0,0,0
NU,Finance,Banks - Foreign,35__0,35,0.0,6. p95_trade_value,27972.000000000004,110000.0,O:NU240920C00014500,NU,C,14.5,2024-09-20,235,0,301,0.32,1725562518560000000,2199,70368.0,2024-09-05,Multi Leg floor trade,Finance,Banks - Foreign,14.15,14.355,14.0105,14.34,27,4.847375207680696,1,1,1,1,0
NU,Finance,Banks - Foreign,35__0,35,0.0,6. p95_trade_value,27972.000000000004,110000.0,O:NU240920C00015000,NU,C,15.0,2024-09-20,235,0,301,0.17,1725562518560000000,2199,37383.00000000001,2024-09-05,Multi Leg floor trade,Finance,Banks - Foreign,14.15,14.355,14.0105,14.34,65,4.572674150739064,1,1,0,0,0
NU,Finance,Banks - Foreign,35__0,35,0.0,5. p99_trade_value,115000.0,321387.00000000006,O:NU240920P00014000,NU,P,14.0,2024-09-20,233,0,323,0.35,1725547323629000000,6499,227464.99999999997,2024-09-05,Multi Leg Auction,Finance,Banks - Foreign,14.15,14.355,14.0105,14.34,8,5.356914581317347,1,1,0,0,0
NU,Finance,Banks - Foreign,35__0,35,0.0,5. p99_trade_value,115000.0,321387.00000000006,O:NU240920P00012000,NU,P,12.0,2024-09-20,234,0,313,0.07,1725635710147000000,20000,140000.00000000003,2024-09-06,Multi Leg Cross,Finance,Banks - Foreign,14.33,14.44,13.42,13.7,14,5.146128035678238,1,0,0,0,1
NU,Finance,Banks - Foreign,35__0,35,0.0,5. p99_trade_value,115000.0,321387.00000000006,O:NU240920P00012000,NU,P,12.0,2024-09-20,234,0,313,0.07,1725635992433000000,20000,140000.00000000003,2024-09-06,Multi Leg Cross,Finance,Banks - Foreign,14.33,14.44,13.42,13.7,15,5.146128035678238,1,0,0,0,1
NU,Finance,Banks - Foreign,35__0,35,0.0,6. p95_trade_value,27972.000000000004,110000.0,O:NU241018C00016000,NU,C,16.0,2024-10-18,228,0,312,0.18,1726771237239000000,2101,37818.0,2024-09-19,Single Leg Auction ISO,Finance,Banks - Foreign,15.02,15.095,14.655,14.8,63,4.577698557509259,1,0,0,0,1
NU,Finance,Banks - Foreign,35__0,35,0.0,6. p95_trade_value,27972.000000000004,110000.0,O:NU241018P00014000,NU,P,14.0,2024-10-18,219,0,320,0.33,1726843771851000000,912,30096.000000000004,2024-09-20,Intermarket Sweep Order,Finance,Banks - Foreign,14.76,14.93,14.44,14.63,87,4.4785087782063036,1,1,0,0,0
NU,Finance,Banks - Foreign,35__0,35,0.0,6. p95_trade_value,27972.000000000004,110000.0,O:NU241018P00014000,NU,P,14.0,2024-10-18,229,0,300,0.29,1726862014922000000,2000,58000.0,2024-09-20,Single Leg Cross Non ISO,Finance,Banks - Foreign,14.76,14.93,14.44,14.63,39,4.763427993562937,1,1,0,0,0
NU,Finance,Banks - Foreign,35__0,35,0.0,6. p95_trade_value,27972.000000000004,110000.0,O:NU241018C00016000,NU,C,16.0,2024-10-18,231,0,323,0.05,1727372141093000000,11991,59955.00000000001,2024-09-26,Single Leg Floor Trade,Finance,Banks - Foreign,14.82,14.85,13.78,13.82,37,4.777825407315786,1,0,0,0,1
NU,Finance,Banks - Foreign,35__0,35,0.0,5. p99_trade_value,115000.0,321387.00000000006,O:NU241018P00012500,NU,P,12.5,2024-10-18,234,0,300,0.15,1727896587569000000,12000,180000.0,2024-10-02,Multi Leg Cross,Finance,Banks - Foreign,13.64,13.7099,13.17,13.22,9,5.2552725051033065,1,0,0,0,1
NU,Finance,Banks - Foreign,35__0,35,0.0,4. p999_trade_value,347999.99999999994,360000.0,O:NU241018P00013000,NU,P,13.0,2024-10-18,234,0,300,0.29,1727896587569000000,12000,347999.99999999994,2024-10-02,Multi Leg Cross,Finance,Banks - Foreign,13.64,13.7099,13.17,13.22,3,5.541579243946581,1,1,0,0,0
NU,Finance,Banks - Foreign,35__0,35,0.0,4. p999_trade_value,347999.99999999994,360000.0,O:NU241018P00013000,NU,P,13.0,2024-10-18,234,0,300,0.3,1727896587569000000,12000,360000.0,2024-10-02,Multi Leg Cross,Finance,Banks - Foreign,13.64,13.7099,13.17,13.22,2,5.556302500767287,1,1,0,0,0
NU,Finance,Banks - Foreign,35__0,35,0.0,6. p95_trade_value,27972.000000000004,110000.0,O:NU241115C00016000,NU,C,16.0,2024-11-15,227,0,312,0.25,1729093822262000000,2079,51975.0,2024-10-16,Single Leg Auction Non ISO,Finance,Banks - Foreign,14.13,14.3,14.0,14.11,43,4.715794498003507,1,1,0,0,0
NU,Finance,Banks - Foreign,35__0,35,0.0,6. p95_trade_value,27972.000000000004,110000.0,O:NU241115C00016000,NU,C,16.0,2024-11-15,235,0,301,0.34,1729712699752000000,1000,34000.0,2024-10-23,Multi Leg floor trade,Finance,Banks - Foreign,14.54,15.155,14.52,14.75,73,4.531478917042255,1,1,0,0,0
NU,Finance,Banks - Foreign,35__0,35,0.0,6. p95_trade_value,27972.000000000004,110000.0,O:NU241115C00016000,NU,C,16.0,2024-11-15,209,0,313,0.41,1729693400477000000,750,30750.0,2024-10-23,Automatic Execution,Finance,Banks - Foreign,14.54,15.155,14.52,14.75,84,4.4878451201114355,1,1,0,0,0
NU,Finance,Banks - Foreign,35__0,35,0.0,6. p95_trade_value,27972.000000000004,110000.0,O:NU241115P00013500,NU,P,13.5,2024-11-15,235,0,301,0.3,1729712699752000000,1000,30000.0,2024-10-23,Multi Leg floor trade,Finance,Banks - Foreign,14.54,15.155,14.52,14.75,90,4.477121254719663,1,0,0,0,1
NU,Finance,Banks - Foreign,35__0,35,0.0,6. p95_trade_value,27972.000000000004,110000.0,O:NU241115P00014500,NU,P,14.5,2024-11-15,235,0,301,0.67,1729712699752000000,1000,67000.0,2024-10-23,Multi Leg floor trade,Finance,Banks - Foreign,14.54,15.155,14.52,14.75,30,4.826074802700826,1,1,1,1,0
NU,Finance,Banks - Foreign,35__0,35,0.0,6. p95_trade_value,27972.000000000004,110000.0,O:NU241115P00013000,NU,P,13.0,2024-11-15,209,0,304,0.16,1729799411993000000,2978,47648.0,2024-10-24,Automatic Execution,Finance,Banks - Foreign,14.83,15.02,14.73,15.02,50,4.678044676072082,1,0,0,0,1
NU,Finance,Banks - Foreign,35__0,35,0.0,6. p95_trade_value,27972.000000000004,110000.0,O:NU241115P00015000,NU,P,15.0,2024-11-15,227,0,301,0.57,1730131822301000000,500,28500.0,2024-10-28,Single Leg Auction Non ISO,Finance,Banks - Foreign,15.03,15.65,15.03,15.48,96,4.45484486000851,1,1,1,1,0
NU,Finance,Banks - Foreign,35__0,35,0.0,6. p95_trade_value,27972.000000000004,110000.0,O:NU241115P00015000,NU,P,15.0,2024-11-15,209,0,320,0.53,1730137580757000000,641,33973.0,2024-10-28,Automatic Execution,Finance,Banks - Foreign,15.03,15.65,15.03,15.48,74,4.531133899119607,1,1,1,1,0
NU,Finance,Banks - Foreign,35__0,35,0.0,6. p95_trade_value,27972.000000000004,110000.0,O:NU241115P00015000,NU,P,15.0,2024-11-15,227,0,301,0.57,1730131887441000000,750,42749.99999999999,2024-10-28,Single Leg Auction Non ISO,Finance,Banks - Foreign,15.03,15.65,15.03,15.48,56,4.630936119064192,1,1,1,1,0
NU,Finance,Banks - Foreign,35__0,35,0.0,6. p95_trade_value,27972.000000000004,110000.0,O:NU241115C00016000,NU,C,16.0,2024-11-15,209,0,323,0.61,1730383725860000000,500,30500.0,2024-10-31,Automatic Execution,Finance,Banks - Foreign,15.54,15.58,15.035,15.09,86,4.484299839346786,1,1,0,0,0
NU,Finance,Banks - Foreign,35__0,35,0.0,6. p95_trade_value,27972.000000000004,110000.0,O:NU241115C00017000,NU,C,17.0,2024-11-15,234,0,313,0.13,1730486022243000000,3000,39000.0,2024-11-01,Multi Leg Cross,Finance,Banks - Foreign,15.05,15.05,14.28,14.34,62,4.5910646070264995,1,0,0,0,1
NU,Finance,Banks - Foreign,35__0,35,0.0,5. p99_trade_value,115000.0,321387.00000000006,O:NU241115P00014000,NU,P,14.0,2024-11-15,234,0,313,0.56,1730486022243000000,3000,168000.00000000003,2024-11-01,Multi Leg Cross,Finance,Banks - Foreign,15.05,15.05,14.28,14.34,11,5.225309281725863,1,1,1,0,0
NU,Finance,Banks - Foreign,35__0,35,0.0,5. p99_trade_value,115000.0,321387.00000000006,O:NU241115C00015000,NU,C,15.0,2024-11-15,229,0,313,0.55,1730734047408000000,4720,259600.0,2024-11-04,Single Leg Cross Non ISO,Finance,Banks - Foreign,14.4,14.56,14.31,14.37,5,5.414304688128332,1,1,0,0,0
NU,Finance,Banks - Foreign,35__0,35,0.0,6. p95_trade_value,27972.000000000004,110000.0,O:NU241115C00015000,NU,C,15.0,2024-11-15,232,0,313,0.52,1730826246716000000,991,51532.00000000001,2024-11-05,Multi Leg auto-electronic trade,Finance,Banks - Foreign,14.45,14.7,14.38,14.67,44,4.712076998120074,1,1,0,0,0
NU,Finance,Banks - Foreign,35__0,35,0.0,6. p95_trade_value,27972.000000000004,110000.0,O:NU241115C00016000,NU,C,16.0,2024-11-15,227,0,308,0.25,1730817511908000000,1750,43750.0,2024-11-05,Single Leg Auction Non ISO,Finance,Banks - Foreign,14.45,14.7,14.38,14.67,53,4.640978057358332,1,1,0,0,0
NU,Finance,Banks - Foreign,35__0,35,0.0,6. p95_trade_value,27972.000000000004,110000.0,O:NU241115P00014000,NU,P,14.0,2024-11-15,229,0,301,0.25,1731087922576000000,2000,50000.0,2024-11-08,Single Leg Cross Non ISO,Finance,Banks - Foreign,15.19,15.435,15.02,15.23,45,4.698970004336019,1,1,1,0,0
NU,Finance,Banks - Foreign,35__0,35,0.0,6. p95_trade_value,27972.000000000004,110000.0,O:NU241115C00016500,NU,C,16.5,2024-11-15,235,0,301,0.36,1731437493668000000,1000,36000.0,2024-11-12,Multi Leg floor trade,Finance,Banks - Foreign,16.025,16.145,15.64,15.84,69,4.556302500767287,1,0,0,0,1
NU,Finance,Banks - Foreign,35__0,35,0.0,6. p95_trade_value,27972.000000000004,110000.0,O:NU241115C00017000,NU,C,17.0,2024-11-15,235,0,301,0.24,1731433780790000000,1460,35040.0,2024-11-12,Multi Leg floor trade,Finance,Banks - Foreign,16.025,16.145,15.64,15.84,71,4.5445640974960435,1,0,0,0,1
NU,Finance,Banks - Foreign,35__0,35,0.0,6. p95_trade_value,27972.000000000004,110000.0,O:NU241115P00014000,NU,P,14.0,2024-11-15,234,0,300,0.11,1731427196170000000,10000,110000.0,2024-11-12,Multi Leg Cross,Finance,Banks - Foreign,16.025,16.145,15.64,15.84,22,5.041392685158225,1,1,1,0,0
NU,Finance,Banks - Foreign,35__0,35,0.0,6. p95_trade_value,27972.000000000004,110000.0,O:NU241115P00014500,NU,P,14.5,2024-11-15,235,0,301,0.16,1731437493668000000,2000,32000.0,2024-11-12,Multi Leg floor trade,Finance,Banks - Foreign,16.025,16.145,15.64,15.84,78,4.505149978319906,1,1,1,1,0
NU,Finance,Banks - Foreign,35__0,35,0.0,6. p95_trade_value,27972.000000000004,110000.0,O:NU241115P00015000,NU,P,15.0,2024-11-15,235,0,301,0.29,1731433780790000000,1460,42340.0,2024-11-12,Multi Leg floor trade,Finance,Banks - Foreign,16.025,16.145,15.64,15.84,57,4.626750853683393,1,1,1,1,0
NU,Finance,Banks - Foreign,35__0,35,0.0,6. p95_trade_value,27972.000000000004,110000.0,O:NU241115P00015500,NU,P,15.5,2024-11-15,235,0,301,0.49,1731437493668000000,1000,49000.0,2024-11-12,Multi Leg floor trade,Finance,Banks - Foreign,16.025,16.145,15.64,15.84,46,4.690196080028514,1,1,1,1,0
NU,Finance,Banks - Foreign,35__0,35,0.0,6. p95_trade_value,27972.000000000004,110000.0,O:NU241115P00015500,NU,P,15.5,2024-11-15,235,0,301,0.48,1731437493668000000,1000,48000.0,2024-11-12,Multi Leg floor trade,Finance,Banks - Foreign,16.025,16.145,15.64,15.84,49,4.681241237375588,1,1,1,1,0
NU,Finance,Banks - Foreign,35__0,35,0.0,5. p99_trade_value,115000.0,321387.00000000006,O:NU241115C00017000,NU,C,17.0,2024-11-15,233,0,323,0.24,1731511877184000000,9739,233736.0,2024-11-13,Multi Leg Auction,Finance,Banks - Foreign,15.95,15.96,15.63,15.64,7,5.368725607545272,1,0,0,0,1
NU,Finance,Banks - Foreign,35__0,35,0.0,5. p99_trade_value,115000.0,321387.00000000006,O:NU241115C00017000,NU,C,17.0,2024-11-15,234,0,313,0.23,1731525186654000000,5000,115000.0,2024-11-13,Multi Leg Cross,Finance,Banks - Foreign,15.95,15.96,15.63,15.64,21,5.060697840353612,1,0,0,0,1
NU,Finance,Banks - Foreign,35__0,35,0.0,5. p99_trade_value,115000.0,321387.00000000006,O:NU241115P00015000,NU,P,15.0,2024-11-15,233,0,323,0.33,1731511877184000000,9739,321387.00000000006,2024-11-13,Multi Leg Auction,Finance,Banks - Foreign,15.95,15.96,15.63,15.64,4,5.507028305711554,1,1,1,1,0
NU,Finance,Banks - Foreign,35__0,35,0.0,6. p95_trade_value,27972.000000000004,110000.0,O:NU241115P00015000,NU,P,15.0,2024-11-15,233,0,323,0.33,1731511757491000000,1000,33000.0,2024-11-13,Multi Leg Auction,Finance,Banks - Foreign,15.95,15.96,15.63,15.64,76,4.518513939877887,1,1,1,1,0
NU,Finance,Banks - Foreign,35__0,35,0.0,6. p95_trade_value,27972.000000000004,110000.0,O:NU241115P00015000,NU,P,15.0,2024-11-15,233,0,323,0.32,1731511830196000000,980,31360.000000000004,2024-11-13,Multi Leg Auction,Finance,Banks - Foreign,15.95,15.96,15.63,15.64,81,4.4963760540124005,1,1,1,1,0
NU,Finance,Banks - Foreign,35__0,35,0.0,5. p99_trade_value,115000.0,321387.00000000006,O:NU241115P00015000,NU,P,15.0,2024-11-15,234,0,313,0.31,1731528117345000000,4000,124000.0,2024-11-13,Multi Leg Cross,Finance,Banks - Foreign,15.95,15.96,15.63,15.64,19,5.093421685162235,1,1,1,1,0
NU,Finance,Banks - Foreign,35__0,35,0.0,5. p99_trade_value,115000.0,321387.00000000006,O:NU241115P00015000,NU,P,15.0,2024-11-15,234,0,300,0.31,1731530626084000000,4000,124000.0,2024-11-13,Multi Leg Cross,Finance,Banks - Foreign,15.95,15.96,15.63,15.64,20,5.093421685162235,1,1,1,1,0
NU,Finance,Banks - Foreign,35__0,35,0.0,5. p99_trade_value,115000.0,321387.00000000006,O:NU241115P00015000,NU,P,15.0,2024-11-15,233,0,308,0.33,1731530905620000000,5000,165000.0,2024-11-13,Multi Leg Auction,Finance,Banks - Foreign,15.95,15.96,15.63,15.64,12,5.217483944213907,1,1,1,1,0
NU,Finance,Banks - Foreign,35__0,35,0.0,6. p95_trade_value,27972.000000000004,110000.0,O:NU241129P00013500,NU,P,13.5,2024-11-29,227,0,312,0.28,1731950314903000000,1000,28000.0,2024-11-18,Single Leg Auction Non ISO,Finance,Banks - Foreign,14.17,14.23,13.55,13.65,99,4.447158031342219,1,1,1,1,0
NU,Finance,Banks - Foreign,35__0,35,0.0,6. p95_trade_value,27972.000000000004,110000.0,O:NU241220P00013500,NU,P,13.5,2024-12-20,209,0,316,0.49,1732547880040000000,625,30625.0,2024-11-25,Automatic Execution,Finance,Banks - Foreign,13.955,14.42,13.65,14.23,85,4.486076097372589,1,1,1,1,0
NU,Finance,Banks - Foreign,35__0,35,0.0,6. p95_trade_value,27972.000000000004,110000.0,O:NU241220P00012000,NU,P,12.0,2024-12-20,235,0,301,0.09,1732721372394000000,10000,90000.0,2024-11-27,Multi Leg floor trade,Finance,Banks - Foreign,13.98,14.005,13.49,13.53,23,4.954242509439325,1,1,1,1,0
NU,Finance,Banks - Foreign,35__0,35,0.0,6. p95_trade_value,27972.000000000004,110000.0,O:NU250117P00010000,NU,P,10.0,2025-01-17,234,0,313,0.14,1735573454976000000,5000,70000.00000000001,2024-12-30,Multi Leg Cross,Finance,Banks - Foreign,10.25,10.82,10.22,10.65,28,4.845098040014257,1,0,0,0,1
NU,Finance,Banks - Foreign,35__0,35,0.0,6. p95_trade_value,27972.000000000004,110000.0,O:NU250117C00012000,NU,C,12.0,2025-01-17,229,0,313,0.08,1736185698362000000,5000,40000.0,2025-01-06,Single Leg Cross Non ISO,Finance,Banks - Foreign,11.4,11.495,11.11,11.15,59,4.6020599913279625,1,0,0,0,1
NU,Finance,Banks - Foreign,35__0,35,0.0,6. p95_trade_value,27972.000000000004,110000.0,O:NU250221C00013000,NU,C,13.0,2025-02-21,231,0,300,0.38,1737574470494000000,750,28500.0,2025-01-22,Single Leg Floor Trade,Finance,Banks - Foreign,11.655,12.24,11.555,11.99,94,4.45484486000851,1,1,0,0,0
NU,Finance,Banks - Foreign,35__0,35,0.0,5. p99_trade_value,115000.0,321387.00000000006,O:NU250131C00012500,NU,C,12.5,2025-01-31,228,0,308,0.14,1737991076742000000,9212,128968.0,2025-01-27,Single Leg Auction ISO,Finance,Banks - Foreign,12.01,12.475,11.98,12.32,17,5.110481964970432,1,1,1,1,0
NU,Finance,Banks - Foreign,35__0,35,0.0,6. p95_trade_value,27972.000000000004,110000.0,O:NU250221C00014500,NU,C,14.5,2025-02-21,209,0,316,0.27,1738333976089000000,1300,35100.0,2025-01-31,Automatic Execution,Finance,Banks - Foreign,13.42,13.575,13.17,13.24,70,4.545307116465824,1,0,0,0,1
NU,Finance,Banks - Foreign,35__0,35,0.0,6. p95_trade_value,27972.000000000004,110000.0,O:NU250221C00014000,NU,C,14.0,2025-02-21,232,0,300,0.49,1738865704894000000,600,29400.0,2025-02-06,Multi Leg auto-electronic trade,Finance,Banks - Foreign,13.64,13.82,13.54,13.78,93,4.468347330412158,1,1,0,0,0
NU,Finance,Banks - Foreign,35__0,35,0.0,6. p95_trade_value,27972.000000000004,110000.0,O:NU250221P00012500,NU,P,12.5,2025-02-21,233,0,302,0.14,1739207018878000000,1998,27972.000000000004,2025-02-10,Multi Leg Auction,Finance,Banks - Foreign,13.88,14.0199,13.64,13.95,101,4.446723519568201,1,1,1,1,0
NU,Finance,Banks - Foreign,35__0,35,0.0,6. p95_trade_value,27972.000000000004,110000.0,O:NU250221C00015000,NU,C,15.0,2025-02-21,233,0,323,0.12,1739902511158000000,3650,43800.0,2025-02-18,Multi Leg Auction,Finance,Banks - Foreign,13.55,13.75,13.42,13.54,52,4.6414741105041,1,0,0,0,1
NU,Finance,Banks - Foreign,35__0,35,0.0,5. p99_trade_value,115000.0,321387.00000000006,O:NU250228C00015000,NU,C,15.0,2025-02-28,235,0,300,0.17,1739910290013000000,7405,125885.00000000001,2025-02-18,Multi Leg floor trade,Finance,Banks - Foreign,13.55,13.75,13.42,13.54,18,5.099973984235501,1,0,0,0,1
NU,Finance,Banks - Foreign,35__0,35,0.0,6. p95_trade_value,27972.000000000004,110000.0,O:NU250228C00015000,NU,C,15.0,2025-02-28,233,0,323,0.17,1739902511158000000,3650,62050.0,2025-02-18,Multi Leg Auction,Finance,Banks - Foreign,13.55,13.75,13.42,13.54,33,4.792741785834749,1,0,0,0,1
NU,Finance,Banks - Foreign,35__0,35,0.0,6. p95_trade_value,27972.000000000004,110000.0,O:NU250228C00016000,NU,C,16.0,2025-02-28,235,0,300,0.05,1739910290014000000,7405,37025.0,2025-02-18,Multi Leg floor trade,Finance,Banks - Foreign,13.55,13.75,13.42,13.54,66,4.568495067193246,1,0,0,0,1
NU,Finance,Banks - Foreign,35__0,35,0.0,6. p95_trade_value,27972.000000000004,110000.0,O:NU250221P00013000,NU,P,13.0,2025-02-21,209,0,320,0.33,1740084283501000000,934,30822.000000000004,2025-02-20,Automatic Execution,Finance,Banks - Foreign,13.46,13.665,13.295,13.34,83,4.488860816107981,1,1,1,1,0
NU,Finance,Banks - Foreign,35__0,35,0.0,6. p95_trade_value,27972.000000000004,110000.0,O:NU250221P00013000,NU,P,13.0,2025-02-21,235,0,301,0.3,1740069099093000000,2497,74910.0,2025-02-20,Multi Leg floor trade,Finance,Banks - Foreign,13.46,13.665,13.295,13.34,26,4.8745397970710105,1,1,1,1,0
NU,Finance,Banks - Foreign,35__0,35,0.0,5. p99_trade_value,115000.0,321387.00000000006,O:NU250321C00014000,NU,C,14.0,2025-03-21,239,0,302,0.04,1740501896527000000,33750,135000.0,2025-02-25,Multi Leg floor trade against single leg(s),Finance,Banks - Foreign,11.06,11.42,10.95,11.21,16,5.1303337684950066,1,0,0,0,1
NU,Finance,Banks - Foreign,35__0,35,0.0,6. p95_trade_value,27972.000000000004,110000.0,O:NU250321P00010000,NU,P,10.0,2025-03-21,233,0,323,0.12,1740501765976000000,2499,29988.0,2025-02-25,Multi Leg Auction,Finance,Banks - Foreign,11.06,11.42,10.95,11.21,91,4.476947502174075,1,1,0,0,0
NU,Finance,Banks - Foreign,35__0,35,0.0,6. p95_trade_value,27972.000000000004,110000.0,O:NU250321P00010000,NU,P,10.0,2025-03-21,239,0,302,0.13,1740501896455000000,4500,58500.0,2025-02-25,Multi Leg floor trade against single leg(s),Finance,Banks - Foreign,11.06,11.42,10.95,11.21,38,4.76715586608218,1,1,0,0,0
NU,Finance,Banks - Foreign,35__0,35,0.0,6. p95_trade_value,27972.000000000004,110000.0,O:NU250321P00010000,NU,P,10.0,2025-03-21,239,0,302,0.13,1740501896455000000,6750,87750.0,2025-02-25,Multi Leg floor trade against single leg(s),Finance,Banks - Foreign,11.06,11.42,10.95,11.21,25,4.943247125137861,1,1,0,0,0
NU,Finance,Banks - Foreign,35__0,35,0.0,1. p999999_trade_value,438750.0,438750.0,O:NU250321P00010000,NU,P,10.0,2025-03-21,239,0,302,0.13,1740501896527000000,33750,438750.0,2025-02-25,Multi Leg floor trade against single leg(s),Finance,Banks - Foreign,11.06,11.42,10.95,11.21,1,5.64221712947388,1,1,0,0,0
NU,Finance,Banks - Foreign,35__0,35,0.0,6. p95_trade_value,27972.000000000004,110000.0,O:NU250321P00010000,NU,P,10.0,2025-03-21,233,0,323,0.12,1740501765976000000,2499,29988.0,2025-02-25,Multi Leg Auction,Finance,Banks - Foreign,11.06,11.42,10.95,11.21,92,4.476947502174075,1,1,0,0,0
NU,Finance,Banks - Foreign,35__0,35,0.0,6. p95_trade_value,27972.000000000004,110000.0,O:NU250314C00011500,NU,C,11.5,2025-03-14,233,0,323,0.21,1740754408147000000,1645,34545.0,2025-02-28,Multi Leg Auction,Finance,Banks - Foreign,11.08,11.135,10.68,10.75,72,4.538385197019912,1,1,1,1,0
NU,Finance,Banks - Foreign,35__0,35,0.0,6. p95_trade_value,27972.000000000004,110000.0,O:NU250328C00013000,NU,C,13.0,2025-03-28,233,0,323,0.13,1742401594476000000,2609,33917.0,2025-03-19,Multi Leg Auction,Finance,Banks - Foreign,11.69,12.07,11.53,11.95,75,4.5304174314070575,1,0,0,0,1
NU,Finance,Banks - Foreign,35__0,35,0.0,6. p95_trade_value,27972.000000000004,110000.0,O:NU250417C00013000,NU,C,13.0,2025-04-17,237,0,304,0.1,1742573883334000000,2839,28390.000000000004,2025-03-21,Stock Options Auction,Finance,Banks - Foreign,11.23,11.68,11.22,11.59,98,4.453165392525857,1,0,0,0,1
NU,Finance,Banks - Foreign,35__0,35,0.0,6. p95_trade_value,27972.000000000004,110000.0,O:NU250328C00012500,NU,C,12.5,2025-03-28,233,0,323,0.15,1742931218170000000,2610,39150.0,2025-03-25,Multi Leg Auction,Finance,Banks - Foreign,11.36,11.57,11.14,11.38,61,4.592731766393962,1,0,0,0,1
NU,Finance,Banks - Foreign,35__0,35,0.0,6. p95_trade_value,27972.000000000004,110000.0,O:NU250404C00012000,NU,C,12.0,2025-04-04,233,0,323,0.25,1742931218170000000,2610,65250.0,2025-03-25,Multi Leg Auction,Finance,Banks - Foreign,11.36,11.57,11.14,11.38,32,4.814580516010318,1,0,0,0,1
NU,Finance,Banks - Foreign,35__0,35,0.0,6. p95_trade_value,27972.000000000004,110000.0,O:NU250417C00014000,NU,C,14.0,2025-04-17,231,0,301,0.03,1742917588193000000,10000,30000.0,2025-03-25,Single Leg Floor Trade,Finance,Banks - Foreign,11.36,11.57,11.14,11.38,88,4.477121254719663,1,0,0,0,1
NU,Finance,Banks - Foreign,35__0,35,0.0,6. p95_trade_value,27972.000000000004,110000.0,O:NU250417C00011000,NU,C,11.0,2025-04-17,233,0,302,0.21,1743516579521000000,2610,54810.0,2025-04-01,Multi Leg Auction,Finance,Banks - Foreign,10.3,10.57,10.23,10.43,40,4.7388598020722,1,1,1,1,0
NU,Finance,Banks - Foreign,35__0,35,0.0,6. p95_trade_value,27972.000000000004,110000.0,O:NU250411C00011000,NU,C,11.0,2025-04-11,209,0,313,0.04,1744037155992000000,7999,31995.999999999996,2025-04-07,Automatic Execution,Finance,Banks - Foreign,9.14,10.17,9.06,9.72,79,4.50509568811646,1,0,0,0,1
NU,Finance,Banks - Foreign,35__0,35,0.0,6. p95_trade_value,27972.000000000004,110000.0,O:NU250502C00011500,NU,C,11.5,2025-05-02,228,0,312,0.32,1744223295537000000,1340,42880.0,2025-04-09,Single Leg Auction ISO,Finance,Banks - Foreign,9.88,10.955,9.75,10.92,55,4.6322547766847135,1,1,1,1,0
NU,Finance,Banks - Foreign,35__0,35,0.0,6. p95_trade_value,27972.000000000004,110000.0,O:NU250502C00011500,NU,C,11.5,2025-05-02,228,0,312,0.32,1744223295537000000,1360,43520.0,2025-04-09,Single Leg Auction ISO,Finance,Banks - Foreign,9.88,10.955,9.75,10.92,54,4.638688886690123,1,1,1,1,0
NU,Finance,Banks - Foreign,35__0,35,0.0,6. p95_trade_value,27972.000000000004,110000.0,O:NU250509C00011000,NU,C,11.0,2025-05-09,209,0,313,0.6,1744222641093000000,500,30000.0,2025-04-09,Automatic Execution,Finance,Banks - Foreign,9.88,10.955,9.75,10.92,89,4.477121254719663,1,1,1,1,0
NU,Finance,Banks - Foreign,35__0,35,0.0,6. p95_trade_value,27972.000000000004,110000.0,O:NU250502C00011500,NU,C,11.5,2025-05-02,233,0,302,0.22,1744907930744000000,2790,61379.99999999999,2025-04-17,Multi Leg Auction,Finance,Banks - Foreign,10.9,11.08,10.825,11.0,35,4.788026884095804,1,1,1,1,0
NU,Finance,Banks - Foreign,35__0,35,0.0,6. p95_trade_value,27972.000000000004,110000.0,O:NU250516P00011000,NU,P,11.0,2025-05-16,233,0,323,0.4,1745509349953000000,1000,40000.0,2025-04-24,Multi Leg Auction,Finance,Banks - Foreign,11.54,11.76,11.46,11.75,60,4.6020599913279625,1,0,0,0,1
NU,Finance,Banks - Foreign,35__0,35,0.0,6. p95_trade_value,27972.000000000004,110000.0,O:NU250502C00012500,NU,C,12.5,2025-05-02,233,0,302,0.1,1745849493720000000,3147,31470.000000000004,2025-04-28,Multi Leg Auction,Finance,Banks - Foreign,12.06,12.2293,11.94,12.14,80,4.497896742913221,1,1,1,0,0
NU,Finance,Banks - Foreign,35__0,35,0.0,6. p95_trade_value,27972.000000000004,110000.0,O:NU250509C00012500,NU,C,12.5,2025-05-09,233,0,302,0.21,1745849493720000000,3147,66087.0,2025-04-28,Multi Leg Auction,Finance,Banks - Foreign,12.06,12.2293,11.94,12.14,31,4.820116037647139,1,1,1,1,0
NU,Finance,Banks - Foreign,35__0,35,0.0,6. p95_trade_value,27972.000000000004,110000.0,O:NU250516C00012500,NU,C,12.5,2025-05-16,232,0,304,0.4,1745863037890000000,935,37400.0,2025-04-28,Multi Leg auto-electronic trade,Finance,Banks - Foreign,12.06,12.2293,11.94,12.14,64,4.57287160220048,1,1,1,1,0
NU,Finance,Banks - Foreign,35__0,35,0.0,6. p95_trade_value,27972.000000000004,110000.0,O:NU250516C00013000,NU,C,13.0,2025-05-16,209,0,307,0.33,1746458504215000000,1000,33000.0,2025-05-05,Automatic Execution,Finance,Banks - Foreign,12.4,12.59,12.365,12.47,77,4.518513939877887,1,1,1,1,0
NU,Finance,Banks - Foreign,35__0,35,0.0,6. p95_trade_value,27972.000000000004,110000.0,O:NU250516C00013500,NU,C,13.5,2025-05-16,233,0,302,0.29,1746722669735000000,3070,89030.0,2025-05-08,Multi Leg Auction,Finance,Banks - Foreign,12.54,13.04,12.54,12.8,24,4.949536373376143,1,1,0,0,0
NU,Finance,Banks - Foreign,35__0,35,0.0,6. p95_trade_value,27972.000000000004,110000.0,O:NU250516C00013500,NU,C,13.5,2025-05-16,209,0,320,0.3,1747057265216000000,1337,40110.0,2025-05-12,Automatic Execution,Finance,Banks - Foreign,13.14,13.22,12.89,12.95,58,4.603252661981647,1,1,0,0,0
NU,Finance,Banks - Foreign,35__0,35,0.0,5. p99_trade_value,115000.0,321387.00000000006,O:NU250516C00013500,NU,C,13.5,2025-05-16,233,0,323,0.36,1747165386639000000,4429,159444.0,2025-05-13,Multi Leg Auction,Finance,Banks - Foreign,12.99,13.24,12.79,13.14,13,5.202608181052046,1,1,0,0,0
NU,Finance,Banks - Foreign,35__0,35,0.0,6. p95_trade_value,27972.000000000004,110000.0,O:NU250516C00013500,NU,C,13.5,2025-05-16,209,0,320,0.33,1747159030125000000,1107,36531.0,2025-05-13,Automatic Execution,Finance,Banks - Foreign,12.99,13.24,12.79,13.14,68,4.56266156075661,1,1,0,0,0
NU,Finance,Banks - Foreign,35__0,35,0.0,6. p95_trade_value,27972.000000000004,110000.0,O:NU250516C00013500,NU,C,13.5,2025-05-16,233,0,323,0.33,1747150986345000000,2108,69564.0,2025-05-13,Multi Leg Auction,Finance,Banks - Foreign,12.99,13.24,12.79,13.14,29,4.842384546418397,1,1,0,0,0
NU,Finance,Banks - Foreign,35__0,35,0.0,6. p95_trade_value,27972.000000000004,110000.0,O:NU250516C00014000,NU,C,14.0,2025-05-16,234,0,300,0.19,1747156391429000000,1500,28500.0,2025-05-13,Multi Leg Cross,Finance,Banks - Foreign,12.99,13.24,12.79,13.14,97,4.45484486000851,1,0,0,0,1
NU,Finance,Banks - Foreign,35__0,35,0.0,6. p95_trade_value,27972.000000000004,110000.0,O:NU250516C00014500,NU,C,14.5,2025-05-16,233,0,323,0.12,1747165386639000000,4429,53148.0,2025-05-13,Multi Leg Auction,Finance,Banks - Foreign,12.99,13.24,12.79,13.14,42,4.725486926332383,1,0,0,0,1
NU,Finance,Banks - Foreign,35__0,35,0.0,6. p95_trade_value,27972.000000000004,110000.0,O:NU250516P00012000,NU,P,12.0,2025-05-16,233,0,323,0.11,1747165386639000000,4429,48719.0,2025-05-13,Multi Leg Auction,Finance,Banks - Foreign,12.99,13.24,12.79,13.14,47,4.687698365442984,1,0,0,0,1
NU,Finance,Banks - Foreign,35__0,35,0.0,6. p95_trade_value,27972.000000000004,110000.0,O:NU250523C00013500,NU,C,13.5,2025-05-23,233,0,302,0.08,1747404625972000000,3499,27992.0,2025-05-16,Multi Leg Auction,Finance,Banks - Foreign,12.8,13.18,12.75,13.05,100,4.44703392947485,1,0,0,0,1
NU,Finance,Banks - Foreign,35__0,35,0.0,6. p95_trade_value,27972.000000000004,110000.0,O:NU250530C00013000,NU,C,13.0,2025-05-30,233,0,302,0.09,1747839170937000000,3481,31328.999999999996,2025-05-21,Multi Leg Auction,Finance,Banks - Foreign,12.48,12.69,11.96,11.99,82,4.495946532723613,1,0,0,0,1
NU,Finance,Banks - Foreign,35__0,35,0.0,6. p95_trade_value,27972.000000000004,110000.0,O:NU250606C00012500,NU,C,12.5,2025-06-06,233,0,302,0.17,1748445396617000000,3633,61761.0,2025-05-28,Multi Leg Auction,Finance,Banks - Foreign,11.91,12.25,11.86,12.2,34,4.790714319240989,1,0,0,0,1
NU,Finance,Banks - Foreign,35__0,35,0.0,6. p95_trade_value,27972.000000000004,110000.0,O:NU250613C00012500,NU,C,12.5,2025-06-13,233,0,302,0.13,1749134611011000000,3728,48464.00000000001,2025-06-05,Multi Leg Auction,Finance,Banks - Foreign,12.01,12.21,11.985,12.11,48,4.685419255988781,1,1,0,0,0
NU,Finance,Banks - Foreign,35__0,35,0.0,6. p95_trade_value,27972.000000000004,110000.0,O:NU250620C00012500,NU,C,12.5,2025-06-20,227,0,323,0.1,1749841691206000000,3698,36980.0,2025-06-13,Single Leg Auction Non ISO,Finance,Banks - Foreign,11.96,12.05,11.83,11.9,67,4.5679669068231545,1,0,0,0,0
NU,Finance,Banks - Foreign,35__0,35,0.0,6. p95_trade_value,27972.000000000004,110000.0,O:NU250627C00012500,NU,C,12.5,2025-06-27,233,0,302,0.14,1749824941742000000,3871,54194.00000000001,2025-06-13,Multi Leg Auction,Finance,Banks - Foreign,11.96,12.05,11.83,11.9,41,4.733951206997193,1,0,0,0,0
OZK,Finance,Banks - Northeast,25__0,25,0.0,6. p95_trade_value,19260.0,30000.0,O:OZK240920P00035000,OZK,P,35.0,2024-09-20,231,0,323,0.1,1725889040351000000,2924,29240.000000000004,2024-09-09,Single Leg Floor Trade,Finance,Banks - Northeast,39.98,40.32,39.64,40.05,4,4.465977368285823,1,0,0,0,1
OZK,Finance,Banks - Northeast,25__0,25,0.0,8. p75_trade_value,7505.0,12000.0,O:OZK240920P00035000,OZK,P,35.0,2024-09-20,231,0,323,0.15,1725889040351000000,731,10965.0,2024-09-09,Single Leg Floor Trade,Finance,Banks - Northeast,39.98,40.32,39.64,40.05,23,4.040008636013542,3,0,0,0,1
OZK,Finance,Banks - Northeast,25__0,25,0.0,8. p75_trade_value,7505.0,12000.0,O:OZK241018C00045000,OZK,C,45.0,2024-10-18,209,0,308,0.4,1727723479781000000,215,8600.0,2024-09-30,Automatic Execution,Finance,Banks - Northeast,42.0,43.26,41.76,42.99,31,3.934498451243568,4,1,1,0,0
OZK,Finance,Banks - Northeast,25__0,25,0.0,8. p75_trade_value,7505.0,12000.0,O:OZK241018C00045000,OZK,C,45.0,2024-10-18,209,0,308,0.4,1727723476638000000,236,9440.0,2024-09-30,Automatic Execution,Finance,Banks - Northeast,42.0,43.26,41.76,42.99,29,3.974971994298069,3,1,1,0,0
OZK,Finance,Banks - Northeast,25__0,25,0.0,8. p75_trade_value,7505.0,12000.0,O:OZK241018C00042500,OZK,C,42.5,2024-10-18,209,0,315,1.3,1728590148088000000,60,7800.0,2024-10-10,Automatic Execution,Finance,Banks - Northeast,41.85,42.405,41.53,42.38,41,3.8920946026904804,5,1,1,1,0
OZK,Finance,Banks - Northeast,25__0,25,0.0,8. p75_trade_value,7505.0,12000.0,O:OZK241115P00045000,OZK,P,45.0,2024-11-15,231,0,301,1.65,1729182825381000000,50,8250.0,2024-10-17,Single Leg Floor Trade,Finance,Banks - Northeast,45.89,46.86,45.81,46.76,35,3.916453948549925,4,1,0,0,0
OZK,Finance,Banks - Northeast,25__0,25,0.0,6. p95_trade_value,19260.0,30000.0,O:OZK241115C00047500,OZK,C,47.5,2024-11-15,235,0,301,0.9,1729275307361000000,214,19260.0,2024-10-18,Multi Leg floor trade,Finance,Banks - Northeast,47.0,47.11,44.49,44.67,10,4.284656282788515,1,1,1,1,0
OZK,Finance,Banks - Northeast,25__0,25,0.0,8. p75_trade_value,7505.0,12000.0,O:OZK241115C00045000,OZK,C,45.0,2024-11-15,227,0,323,1.38,1729520102210000000,61,8418.0,2024-10-21,Single Leg Auction Non ISO,Finance,Banks - Northeast,44.58,44.71,42.93,42.97,34,3.9252089214120036,4,1,1,1,0
OZK,Finance,Banks - Northeast,25__0,25,0.0,7. p90_trade_value,12180.0,18900.0,O:OZK241115C00045000,OZK,C,45.0,2024-11-15,209,0,320,1.45,1729519937369000000,84,12180.0,2024-10-21,Automatic Execution,Finance,Banks - Northeast,44.58,44.71,42.93,42.97,19,4.085647288296856,2,1,1,1,0
OZK,Finance,Banks - Northeast,25__0,25,0.0,7. p90_trade_value,12180.0,18900.0,O:OZK241115C00045000,OZK,C,45.0,2024-11-15,209,0,307,1.45,1729519937384000000,100,14500.0,2024-10-21,Automatic Execution,Finance,Banks - Northeast,44.58,44.71,42.93,42.97,16,4.161368002234975,2,1,1,1,0
OZK,Finance,Banks - Northeast,25__0,25,0.0,8. p75_trade_value,7505.0,12000.0,O:OZK241115C00045000,OZK,C,45.0,2024-11-15,209,0,308,1.8,1729517452756000000,42,7560.000000000001,2024-10-21,Automatic Execution,Finance,Banks - Northeast,44.58,44.71,42.93,42.97,45,3.878521795501207,5,1,1,1,0
OZK,Finance,Banks - Northeast,25__0,25,0.0,8. p75_trade_value,7505.0,12000.0,O:OZK241115C00045000,OZK,C,45.0,2024-11-15,209,0,308,1.8,1729517452755000000,42,7560.000000000001,2024-10-21,Automatic Execution,Finance,Banks - Northeast,44.58,44.71,42.93,42.97,44,3.878521795501207,5,1,1,1,0
OZK,Finance,Banks - Northeast,25__0,25,0.0,6. p95_trade_value,19260.0,30000.0,O:OZK241115P00042500,OZK,P,42.5,2024-11-15,209,0,323,1.2,1729520163068000000,250,30000.0,2024-10-21,Automatic Execution,Finance,Banks - Northeast,44.58,44.71,42.93,42.97,3,4.477121254719663,1,0,0,0,1
OZK,Finance,Banks - Northeast,25__0,25,0.0,8. p75_trade_value,7505.0,12000.0,O:OZK241115P00042500,OZK,P,42.5,2024-11-15,209,0,308,1.35,1729611902996000000,60,8100.0,2024-10-22,Automatic Execution,Finance,Banks - Northeast,42.9,43.85,42.64,43.82,37,3.90848501887865,4,0,0,0,1
OZK,Finance,Banks - Northeast,25__0,25,0.0,6. p95_trade_value,19260.0,30000.0,O:OZK241220C00050000,OZK,C,50.0,2024-12-20,209,0,303,1.05,1732113956072000000,209,21945.0,2024-11-20,Automatic Execution,Finance,Banks - Northeast,47.9,48.22,47.11,47.69,6,4.3413355851809925,1,1,0,0,0
OZK,Finance,Banks - Northeast,25__0,25,0.0,8. p75_trade_value,7505.0,12000.0,O:OZK241220C00050000,OZK,C,50.0,2024-12-20,209,0,316,1.6,1732308175407000000,75,12000.0,2024-11-22,Automatic Execution,Finance,Banks - Northeast,48.33,49.45,48.33,49.33,20,4.079181246047625,2,1,0,0,0
OZK,Finance,Banks - Northeast,25__0,25,0.0,8. p75_trade_value,7505.0,12000.0,O:OZK250117P00042500,OZK,P,42.5,2025-01-17,209,0,316,1.55,1734632665379000000,51,7905.0,2024-12-19,Automatic Execution,Finance,Banks - Northeast,44.71,45.11,43.21,43.43,40,3.8979018742682277,5,1,0,0,0
OZK,Finance,Banks - Northeast,25__0,25,0.0,8. p75_trade_value,7505.0,12000.0,O:OZK250117P00042500,OZK,P,42.5,2025-01-17,209,0,316,1.8,1734641430324000000,47,8460.0,2024-12-19,Automatic Execution,Finance,Banks - Northeast,44.71,45.11,43.21,43.43,32,3.9273703630390235,4,1,0,0,0
OZK,Finance,Banks - Northeast,25__0,25,0.0,8. p75_trade_value,7505.0,12000.0,O:OZK250117P00042500,OZK,P,42.5,2025-01-17,209,0,307,1.65,1734639896762000000,47,7755.0,2024-12-19,Automatic Execution,Finance,Banks - Northeast,44.71,45.11,43.21,43.43,42,3.889581802149624,5,1,0,0,0
OZK,Finance,Banks - Northeast,25__0,25,0.0,7. p90_trade_value,12180.0,18900.0,O:OZK250117C00047500,OZK,C,47.5,2025-01-17,209,0,308,0.8,1734709458456000000,210,16800.0,2024-12-20,Automatic Execution,Finance,Banks - Northeast,43.4,44.69,43.38,43.83,13,4.225309281725863,2,1,1,1,0
OZK,Finance,Banks - Northeast,25__0,25,0.0,8. p75_trade_value,7505.0,12000.0,O:OZK250117C00045000,OZK,C,45.0,2025-01-17,209,0,313,1.3,1734983887640000000,86,11180.0,2024-12-23,Automatic Execution,Finance,Banks - Northeast,43.76,44.475,43.5738,44.4,22,4.048441803550404,3,1,1,1,0
OZK,Finance,Banks - Northeast,25__0,25,0.0,7. p90_trade_value,12180.0,18900.0,O:OZK250117C00047500,OZK,C,47.5,2025-01-17,235,0,301,0.5,1735672815109000000,320,16000.0,2024-12-31,Multi Leg floor trade,Finance,Banks - Northeast,44.74,45.18,44.4,44.53,15,4.204119982655925,2,1,1,1,0
OZK,Finance,Banks - Northeast,25__0,25,0.0,7. p90_trade_value,12180.0,18900.0,O:OZK250117C00045000,OZK,C,45.0,2025-01-17,227,0,323,0.69,1736347104485000000,200,13800.0,2025-01-08,Single Leg Auction Non ISO,Finance,Banks - Northeast,43.03,43.68,42.6,43.24,17,4.139879086401237,2,1,1,1,0
OZK,Finance,Banks - Northeast,25__0,25,0.0,8. p75_trade_value,7505.0,12000.0,O:OZK250117C00042500,OZK,C,42.5,2025-01-17,209,0,308,0.8,1736799673146000000,100,8000.0,2025-01-13,Automatic Execution,Finance,Banks - Northeast,41.44,42.42,41.34,42.355,39,3.9030899869919438,5,1,1,1,0
OZK,Finance,Banks - Northeast,25__0,25,0.0,8. p75_trade_value,7505.0,12000.0,O:OZK250117C00045000,OZK,C,45.0,2025-01-17,235,0,301,0.29,1736801667399000000,322,9338.0,2025-01-13,Multi Leg floor trade,Finance,Banks - Northeast,41.44,42.42,41.34,42.355,30,3.970253869594787,4,1,1,1,0
OZK,Finance,Banks - Northeast,25__0,25,0.0,8. p75_trade_value,7505.0,12000.0,O:OZK250221P00050000,OZK,P,50.0,2025-02-21,227,0,302,1.0,1738077112685000000,100,10000.0,2025-01-28,Single Leg Auction Non ISO,Finance,Banks - Northeast,51.12,51.3,50.06,50.9,28,4.0,3,1,1,1,0
OZK,Finance,Banks - Northeast,25__0,25,0.0,8. p75_trade_value,7505.0,12000.0,O:OZK250221C00052500,OZK,C,52.5,2025-02-21,227,0,302,0.82,1738348091858000000,133,10905.999999999998,2025-01-31,Single Leg Auction Non ISO,Finance,Banks - Northeast,50.96,51.34,50.49,50.79,24,4.0376654933508025,3,1,0,0,0
OZK,Finance,Banks - Northeast,25__0,25,0.0,8. p75_trade_value,7505.0,12000.0,O:OZK250221C00052500,OZK,C,52.5,2025-02-21,209,0,301,0.95,1738333964046000000,79,7505.0,2025-01-31,Automatic Execution,Finance,Banks - Northeast,50.96,51.34,50.49,50.79,46,3.875350696579289,5,1,0,0,0
OZK,Finance,Banks - Northeast,25__0,25,0.0,6. p95_trade_value,19260.0,30000.0,O:OZK250221P00050000,OZK,P,50.0,2025-02-21,227,0,302,1.03,1738350564005000000,200,20600.0,2025-01-31,Single Leg Auction Non ISO,Finance,Banks - Northeast,50.96,51.34,50.49,50.79,8,4.313867220369153,1,1,1,1,0
OZK,Finance,Banks - Northeast,25__0,25,0.0,6. p95_trade_value,19260.0,30000.0,O:OZK250221P00050000,OZK,P,50.0,2025-02-21,227,0,302,1.03,1738350564005000000,200,20600.0,2025-01-31,Single Leg Auction Non ISO,Finance,Banks - Northeast,50.96,51.34,50.49,50.79,7,4.313867220369153,1,1,1,1,0
OZK,Finance,Banks - Northeast,25__0,25,0.0,7. p90_trade_value,12180.0,18900.0,O:OZK250221C00052500,OZK,C,52.5,2025-02-21,209,0,323,0.45,1738614648623000000,360,16200.0,2025-02-03,Automatic Execution,Finance,Banks - Northeast,49.63,50.35,48.96,49.64,14,4.209515014542631,2,1,0,0,0
OZK,Finance,Banks - Northeast,25__0,25,0.0,1. p999999_trade_value,45898.99999999999,45898.99999999999,O:OZK250221C00052500,OZK,C,52.5,2025-02-21,227,0,323,0.83,1738780520112000000,553,45898.99999999999,2025-02-05,Single Leg Auction Non ISO,Finance,Banks - Northeast,50.99,52.03,50.82,51.97,1,4.6618032236807725,1,1,0,0,0
OZK,Finance,Banks - Northeast,25__0,25,0.0,6. p95_trade_value,19260.0,30000.0,O:OZK250221C00052500,OZK,C,52.5,2025-02-21,227,0,312,0.86,1738786903168000000,310,26660.000000000004,2025-02-05,Single Leg Auction Non ISO,Finance,Banks - Northeast,50.99,52.03,50.82,51.97,5,4.4258601450778405,1,1,0,0,0
OZK,Finance,Banks - Northeast,25__0,25,0.0,7. p90_trade_value,12180.0,18900.0,O:OZK250321P00047500,OZK,P,47.5,2025-03-21,209,0,308,0.9,1740066788611000000,210,18900.0,2025-02-20,Automatic Execution,Finance,Banks - Northeast,50.27,50.42,48.9,49.4,11,4.276461804173244,2,1,1,1,0
OZK,Finance,Banks - Northeast,25__0,25,0.0,8. p75_trade_value,7505.0,12000.0,O:OZK250321P00042500,OZK,P,42.5,2025-03-21,209,0,320,0.85,1741193670503000000,119,10115.0,2025-03-05,Automatic Execution,Finance,Banks - Northeast,45.72,46.26,44.45,45.39,27,4.004965887106824,3,0,0,0,1
OZK,Finance,Banks - Northeast,25__0,25,0.0,8. p75_trade_value,7505.0,12000.0,O:OZK250417P00042500,OZK,P,42.5,2025-04-17,227,0,323,1.3,1743181980749000000,65,8450.0,2025-03-28,Single Leg Auction Non ISO,Finance,Banks - Northeast,44.78,45.04,43.53,43.73,33,3.926856708949692,4,1,1,1,0
OZK,Finance,Banks - Northeast,25__0,25,0.0,6. p95_trade_value,19260.0,30000.0,O:OZK250417C00045000,OZK,C,45.0,2025-04-17,232,0,304,0.81,1743608863009000000,245,19845.0,2025-04-02,Multi Leg auto-electronic trade,Finance,Banks - Northeast,43.02,43.75,42.63,43.75,9,4.297651103243182,1,0,0,0,1
OZK,Finance,Banks - Northeast,25__0,25,0.0,8. p75_trade_value,7505.0,12000.0,O:OZK250417C00040000,OZK,C,40.0,2025-04-17,209,0,302,0.5,1743776600106000000,210,10500.0,2025-04-04,Automatic Execution,Finance,Banks - Northeast,37.2,38.21,35.8,38.12,25,4.021189299069938,3,1,1,1,0
OZK,Finance,Banks - Northeast,25__0,25,0.0,7. p90_trade_value,12180.0,18900.0,O:OZK250417C00040000,OZK,C,40.0,2025-04-17,234,0,300,0.69,1744658827992000000,250,17250.0,2025-04-14,Multi Leg Cross,Finance,Banks - Northeast,38.26,38.675,37.67,38.38,12,4.236789099409293,2,1,1,1,0
OZK,Finance,Banks - Northeast,25__0,25,0.0,7. p90_trade_value,12180.0,18900.0,O:OZK250516C00042500,OZK,C,42.5,2025-05-16,209,0,300,1.25,1744917720222000000,100,12500.0,2025-04-17,Automatic Execution,Finance,Banks - Northeast,40.12,41.885,39.895,41.63,18,4.096910013008056,2,1,1,1,0
OZK,Finance,Banks - Northeast,25__0,25,0.0,8. p75_trade_value,7505.0,12000.0,O:OZK250516P00042500,OZK,P,42.5,2025-05-16,227,0,301,1.04,1745934093612000000,79,8216.0,2025-04-29,Single Leg Auction Non ISO,Finance,Banks - Northeast,43.07,43.285,42.52,42.94,36,3.9146604305892216,4,1,0,0,0
OZK,Finance,Banks - Northeast,25__0,25,0.0,8. p75_trade_value,7505.0,12000.0,O:OZK250516C00045000,OZK,C,45.0,2025-05-16,227,0,323,0.61,1746626503184000000,125,7625.0,2025-05-07,Single Leg Auction Non ISO,Finance,Banks - Northeast,44.055,44.2811,43.52,43.77,43,3.8822398480188234,5,1,1,1,0
OZK,Finance,Banks - Northeast,25__0,25,0.0,8. p75_trade_value,7505.0,12000.0,O:OZK250620C00045000,OZK,C,45.0,2025-06-20,209,0,309,0.85,1748880126028000000,137,11645.0,2025-06-02,Automatic Execution,Finance,Banks - Northeast,44.07,44.265,43.28,44.08,21,4.0661394928706995,3,1,0,0,0
OZK,Finance,Banks - Northeast,25__0,25,0.0,8. p75_trade_value,7505.0,12000.0,O:OZK250620C00045000,OZK,C,45.0,2025-06-20,209,0,304,0.8,1748880007264000000,131,10480.000000000002,2025-06-02,Automatic Execution,Finance,Banks - Northeast,44.07,44.265,43.28,44.08,26,4.020361282647708,3,1,0,0,0
OZK,Finance,Banks - Northeast,25__0,25,0.0,8. p75_trade_value,7505.0,12000.0,O:OZK250620C00045000,OZK,C,45.0,2025-06-20,227,0,309,0.8,1748879700947000000,100,8000.0,2025-06-02,Single Leg Auction Non ISO,Finance,Banks - Northeast,44.07,44.265,43.28,44.08,38,3.9030899869919438,4,1,0,0,0
OZK,Finance,Banks - Northeast,25__0,25,0.0,5. p99_trade_value,31581.0,31581.0,O:OZK250620C00045000,OZK,C,45.0,2025-06-20,227,0,309,0.99,1749140761256000000,319,31581.0,2025-06-05,Single Leg Auction Non ISO,Finance,Banks - Northeast,44.56,44.89,44.17,44.51,2,4.499425877654731,1,1,0,0,0
PNFP,Finance,Banks - Southeast,5__1,5,1.0,1. p999999_trade_value,40460.0,40460.0,O:PNFP250221C00125000,PNFP,C,125.0,2025-02-21,209,0,323,3.4,1737646324919000000,119,40460.0,2025-01-23,Automatic Execution,Finance,Banks - Southeast,122.15,124.785,121.6,122.34,1,4.6070258784347855,1,1,0,0,0
MTB,Finance,Banks - Major Regional,20__0,20,0.0,1. p999999_trade_value,132960.0,132960.0,O:MTB241115C00210000,MTB,C,210.0,2024-11-15,235,0,300,2.77,1729193079031000000,480,132960.0,2024-10-17,Multi Leg floor trade,Finance,Banks - Major Regional,198.18,200.9399,193.4,198.87,1,5.123721006440036,1,1,1,1,0
MTB,Finance,Banks - Major Regional,20__0,20,0.0,6. p95_trade_value,35100.0,47310.0,O:MTB241220C00220000,MTB,C,220.0,2024-12-20,209,0,319,4.7,1732209141598000000,96,45120.00000000001,2024-11-21,Automatic Execution,Finance,Banks - Major Regional,213.63,218.92,212.98,216.62,5,4.654369090975286,1,1,0,0,0
MTB,Finance,Banks - Major Regional,20__0,20,0.0,6. p95_trade_value,35100.0,47310.0,O:MTB250117C00200000,MTB,C,200.0,2025-01-17,235,0,301,2.15,1735229316233000000,213,45795.0,2024-12-26,Multi Leg floor trade,Finance,Banks - Major Regional,190.11,191.32,189.04,191.03,4,4.660818063354343,1,1,0,0,0
MTB,Finance,Banks - Major Regional,20__0,20,0.0,5. p99_trade_value,54936.0,54936.0,O:MTB250417C00185000,MTB,C,185.0,2025-04-17,227,0,300,5.04,1742930536943000000,109,54936.0,2025-03-25,Single Leg Auction Non ISO,Finance,Banks - Major Regional,182.38,183.8,181.5962,182.99,2,4.739857034386149,1,1,0,0,0
MTB,Finance,Banks - Major Regional,20__0,20,0.0,6. p95_trade_value,35100.0,47310.0,O:MTB250516C00165000,MTB,C,165.0,2025-05-16,209,0,313,4.5,1744906890554000000,78,35100.0,2025-04-17,Automatic Execution,Finance,Banks - Major Regional,160.03,162.44,159.395,160.23,7,4.545307116465824,1,1,1,1,0
MTB,Finance,Banks - Major Regional,20__0,20,0.0,6. p95_trade_value,35100.0,47310.0,O:MTB250516C00170000,MTB,C,170.0,2025-05-16,209,0,308,5.7,1745523765406000000,83,47310.0,2025-04-24,Automatic Execution,Finance,Banks - Major Regional,165.89,169.83,164.13,169.16,3,4.674952948048565,1,1,1,1,0
MTB,Finance,Banks - Major Regional,20__0,20,0.0,6. p95_trade_value,35100.0,47310.0,O:MTB250516P00165000,MTB,P,165.0,2025-05-16,232,0,308,3.0,1745943318990000000,150,45000.0,2025-04-29,Multi Leg auto-electronic trade,Finance,Banks - Major Regional,167.71,170.52,167.125,169.91,6,4.653212513775344,1,0,0,0,1
SAN,Finance,Banks - Foreign,5__0,5,0.0,1. p999999_trade_value,4420.0,4420.0,O:SAN250620C00008000,SAN,C,8.0,2025-06-20,209,0,320,0.2,1748014163325000000,221,4420.0,2025-05-23,Automatic Execution,Finance,Banks - Foreign,7.8,7.92,7.8,7.91,1,3.645422269349092,1,1,0,0,0
UBS,Finance,Banks - Foreign,25__0,25,0.0,8. p75_trade_value,7738.000000000001,11850.0,O:UBS240920P00028000,UBS,P,28.0,2024-09-20,209,0,313,0.25,1725634200506000000,376,9400.0,2024-09-06,Automatic Execution,Finance,Banks - Foreign,29.28,29.4,28.53,28.53,33,3.9731278535996988,4,0,0,0,1
UBS,Finance,Banks - Foreign,25__0,25,0.0,8. p75_trade_value,7738.000000000001,11850.0,O:UBS241101C00033000,UBS,C,33.0,2024-11-01,209,0,308,0.4,1728321925115000000,250,10000.0,2024-10-07,Automatic Execution,Finance,Banks - Foreign,31.41,31.52,31.17,31.31,28,4.0,3,0,0,0,1
UBS,Finance,Banks - Foreign,25__0,25,0.0,8. p75_trade_value,7738.000000000001,11850.0,O:UBS241115P00031000,UBS,P,31.0,2024-11-15,209,0,313,0.6,1729710858483000000,143,8580.0,2024-10-23,Automatic Execution,Finance,Banks - Foreign,32.13,32.19,31.765,31.95,40,3.9334872878487053,4,1,0,0,0
UBS,Finance,Banks - Foreign,25__0,25,0.0,8. p75_trade_value,7738.000000000001,11850.0,O:UBS241115C00033000,UBS,C,33.0,2024-11-15,209,0,313,0.87,1730219100109000000,91,7917.0,2024-10-29,Automatic Execution,Finance,Banks - Foreign,32.79,32.895,32.595,32.82,46,3.898560644939712,5,1,0,0,0
UBS,Finance,Banks - Foreign,25__0,25,0.0,8. p75_trade_value,7738.000000000001,11850.0,O:UBS241115C00033500,UBS,C,33.5,2024-11-15,209,0,313,0.15,1730903417434000000,764,11460.0,2024-11-06,Automatic Execution,Finance,Banks - Foreign,32.54,33.08,32.38,33.02,24,4.059184617631371,3,0,0,0,1
UBS,Finance,Banks - Foreign,25__0,25,0.0,7. p90_trade_value,11880.0,30000.0,O:UBS241220C00030000,UBS,C,30.0,2024-12-20,209,0,313,0.25,1734620045285000000,853,21325.0,2024-12-19,Automatic Execution,Finance,Banks - Foreign,29.92,29.985,29.73,29.81,13,4.32888903983956,2,1,1,0,0
UBS,Finance,Banks - Foreign,25__0,25,0.0,7. p90_trade_value,11880.0,30000.0,O:UBS250117C00033000,UBS,C,33.0,2025-01-17,209,0,313,0.2,1736173811904000000,708,14160.0,2025-01-06,Automatic Execution,Finance,Banks - Foreign,32.12,32.355,31.965,32.05,16,4.15106325335375,2,1,1,1,0
UBS,Finance,Banks - Foreign,25__0,25,0.0,8. p75_trade_value,7738.000000000001,11850.0,O:UBS250207C00036000,UBS,C,36.0,2025-02-07,209,0,313,0.77,1738093482884000000,119,9163.0,2025-01-28,Automatic Execution,Finance,Banks - Foreign,35.36,35.76,35.265,35.72,37,3.9620376865650124,4,0,0,0,1
UBS,Finance,Banks - Foreign,25__0,25,0.0,8. p75_trade_value,7738.000000000001,11850.0,O:UBS250207P00033000,UBS,P,33.0,2025-02-07,209,0,315,0.16,1738615967915000000,599,9584.0,2025-02-03,Automatic Execution,Finance,Banks - Foreign,34.33,35.04,34.29,34.94,30,3.981546805045236,3,1,0,0,0
UBS,Finance,Banks - Foreign,25__0,25,0.0,8. p75_trade_value,7738.000000000001,11850.0,O:UBS250321C00035000,UBS,C,35.0,2025-03-21,209,0,313,0.41,1740517198192000000,231,9471.0,2025-02-25,Automatic Execution,Finance,Banks - Foreign,33.93,34.065,33.275,33.96,32,3.97639583661188,4,1,0,0,0
UBS,Finance,Banks - Foreign,25__0,25,0.0,8. p75_trade_value,7738.000000000001,11850.0,O:UBS250321P00033500,UBS,P,33.5,2025-03-21,209,0,313,0.53,1740598357990000000,146,7738.000000000001,2025-02-26,Automatic Execution,Finance,Banks - Foreign,34.07,34.43,34.01,34.23,47,3.8886287253852263,5,1,1,1,0
UBS,Finance,Banks - Foreign,25__0,25,0.0,6. p95_trade_value,36905.0,115020.0,O:UBS250321P00031000,UBS,P,31.0,2025-03-21,209,0,313,0.7,1741633479366000000,1035,72450.0,2025-03-10,Automatic Execution,Finance,Banks - Foreign,32.735,32.86,31.645,31.88,5,4.860038389807193,1,0,0,0,1
UBS,Finance,Banks - Foreign,25__0,25,0.0,8. p75_trade_value,7738.000000000001,11850.0,O:UBS250417P00032500,UBS,P,32.5,2025-04-17,209,0,313,0.89,1742320758861000000,127,11303.0,2025-03-18,Automatic Execution,Finance,Banks - Foreign,33.64,34.195,33.47,33.85,25,4.05319372760087,3,1,1,1,0
UBS,Finance,Banks - Foreign,25__0,25,0.0,6. p95_trade_value,36905.0,115020.0,O:UBS250417P00030000,UBS,P,30.0,2025-04-17,209,0,313,0.9,1743445756593000000,419,37710.0,2025-03-31,Automatic Execution,Finance,Banks - Foreign,30.435,30.755,30.1393,30.63,9,4.57645653240562,1,1,1,1,0
UBS,Finance,Banks - Foreign,25__0,25,0.0,7. p90_trade_value,11880.0,30000.0,O:UBS250417P00027500,UBS,P,27.5,2025-04-17,209,0,301,0.9,1743708776316000000,132,11880.0,2025-04-03,Automatic Execution,Finance,Banks - Foreign,28.83,28.98,28.175,28.22,19,4.074816440645175,2,1,0,0,0
UBS,Finance,Banks - Foreign,25__0,25,0.0,6. p95_trade_value,36905.0,115020.0,O:UBS250417P00027500,UBS,P,27.5,2025-04-17,209,0,313,0.9,1743708776310000000,1278,115020.0,2025-04-03,Automatic Execution,Finance,Banks - Foreign,28.83,28.98,28.175,28.22,3,5.060773363261706,1,1,0,0,0
UBS,Finance,Banks - Foreign,25__0,25,0.0,5. p99_trade_value,146969.99999999997,146969.99999999997,O:UBS250417P00028000,UBS,P,28.0,2025-04-17,209,0,313,1.15,1743708776310000000,1278,146969.99999999997,2025-04-03,Automatic Execution,Finance,Banks - Foreign,28.83,28.98,28.175,28.22,2,5.167228694175993,1,1,1,1,0
UBS,Finance,Banks - Foreign,25__0,25,0.0,8. p75_trade_value,7738.000000000001,11850.0,O:UBS250417P00027500,UBS,P,27.5,2025-04-17,209,0,316,1.1,1744378743806000000,97,10670.0,2025-04-11,Automatic Execution,Finance,Banks - Foreign,27.74,28.63,27.68,28.44,27,4.02816441942447,3,0,0,0,1
UBS,Finance,Banks - Foreign,25__0,25,0.0,8. p75_trade_value,7738.000000000001,11850.0,O:UBS250502C00030500,UBS,C,30.5,2025-05-02,209,0,316,0.45,1745506127841000000,257,11565.0,2025-04-24,Automatic Execution,Finance,Banks - Foreign,29.42,29.85,29.33,29.81,22,4.063145637106638,3,1,1,1,0
UBS,Finance,Banks - Foreign,25__0,25,0.0,7. p90_trade_value,11880.0,30000.0,O:UBS250502C00030500,UBS,C,30.5,2025-05-02,209,0,316,0.45,1745505461401000000,264,11880.0,2025-04-24,Automatic Execution,Finance,Banks - Foreign,29.42,29.85,29.33,29.81,20,4.074816440645175,2,1,1,1,0
UBS,Finance,Banks - Foreign,25__0,25,0.0,8. p75_trade_value,7738.000000000001,11850.0,O:UBS250530C00032000,UBS,C,32.0,2025-05-30,227,0,323,0.49,1746730380923000000,166,8134.0,2025-05-08,Single Leg Auction Non ISO,Finance,Banks - Foreign,31.25,31.405,31.03,31.08,42,3.910304168068569,5,1,0,0,0
UBS,Finance,Banks - Foreign,25__0,25,0.0,8. p75_trade_value,7738.000000000001,11850.0,O:UBS250530C00032000,UBS,C,32.0,2025-05-30,209,0,320,0.5,1746730380817000000,185,9250.0,2025-05-08,Automatic Execution,Finance,Banks - Foreign,31.25,31.405,31.03,31.08,36,3.9661417327390325,4,1,0,0,0
UBS,Finance,Banks - Foreign,25__0,25,0.0,6. p95_trade_value,36905.0,115020.0,O:UBS250620C00032500,UBS,C,32.5,2025-06-20,209,0,313,0.8,1748352612267000000,650,52000.0,2025-05-27,Automatic Execution,Finance,Banks - Foreign,31.91,32.095,31.83,32.04,6,4.7160033436347994,1,1,0,0,0
UBS,Finance,Banks - Foreign,25__0,25,0.0,1. p999999_trade_value,541713.0,541713.0,O:UBS250620C00032500,UBS,C,32.5,2025-06-20,227,0,323,0.53,1748536075223000000,10221,541713.0,2025-05-29,Single Leg Auction Non ISO,Finance,Banks - Foreign,31.83,31.83,31.51,31.64,1,5.733769257888329,1,1,0,0,0
UBS,Finance,Banks - Foreign,25__0,25,0.0,8. p75_trade_value,7738.000000000001,11850.0,O:UBS250620C00032500,UBS,C,32.5,2025-06-20,209,0,304,0.55,1748535971201000000,146,8030.000000000001,2025-05-29,Automatic Execution,Finance,Banks - Foreign,31.83,31.83,31.51,31.64,44,3.904715545278681,5,1,0,0,0
UBS,Finance,Banks - Foreign,25__0,25,0.0,8. p75_trade_value,7738.000000000001,11850.0,O:UBS250620C00032500,UBS,C,32.5,2025-06-20,209,0,323,0.55,1748535971272000000,173,9515.0,2025-05-29,Automatic Execution,Finance,Banks - Foreign,31.83,31.83,31.51,31.64,31,3.978408792623039,4,1,0,0,0
UBS,Finance,Banks - Foreign,25__0,25,0.0,7. p90_trade_value,11880.0,30000.0,O:UBS250620C00032500,UBS,C,32.5,2025-06-20,209,0,313,0.55,1748535971247000000,431,23705.0,2025-05-29,Automatic Execution,Finance,Banks - Foreign,31.83,31.83,31.51,31.64,12,4.374839959654976,2,1,0,0,0
UBS,Finance,Banks - Foreign,25__0,25,0.0,7. p90_trade_value,11880.0,30000.0,O:UBS250620C00032500,UBS,C,32.5,2025-06-20,209,0,312,0.55,1748535971273000000,253,13915.0,2025-05-29,Automatic Execution,Finance,Banks - Foreign,31.83,31.83,31.51,31.64,17,4.143483210670062,2,1,0,0,0
UBS,Finance,Banks - Foreign,25__0,25,0.0,6. p95_trade_value,36905.0,115020.0,O:UBS250620C00032500,UBS,C,32.5,2025-06-20,209,0,313,0.55,1748535971201000000,671,36905.0,2025-05-29,Automatic Execution,Finance,Banks - Foreign,31.83,31.83,31.51,31.64,10,4.567085209663236,1,1,0,0,0
UBS,Finance,Banks - Foreign,25__0,25,0.0,8. p75_trade_value,7738.000000000001,11850.0,O:UBS250620C00032500,UBS,C,32.5,2025-06-20,209,0,313,0.6,1748885317248000000,132,7920.0,2025-06-02,Automatic Execution,Finance,Banks - Foreign,31.81,32.045,31.69,31.93,45,3.8987251815894934,5,1,0,0,0
UBS,Finance,Banks - Foreign,25__0,25,0.0,8. p75_trade_value,7738.000000000001,11850.0,O:UBS250620C00032500,UBS,C,32.5,2025-06-20,209,0,313,0.6,1748884989352000000,155,9300.0,2025-06-02,Automatic Execution,Finance,Banks - Foreign,31.81,32.045,31.69,31.93,35,3.9684829485539352,4,1,0,0,0
UBS,Finance,Banks - Foreign,25__0,25,0.0,8. p75_trade_value,7738.000000000001,11850.0,O:UBS250620C00032500,UBS,C,32.5,2025-06-20,209,0,313,0.6,1748884989852000000,166,9960.0,2025-06-02,Automatic Execution,Finance,Banks - Foreign,31.81,32.045,31.69,31.93,29,3.998259338423699,3,1,0,0,0
UBS,Finance,Banks - Foreign,25__0,25,0.0,6. p95_trade_value,36905.0,115020.0,O:UBS250620C00032500,UBS,C,32.5,2025-06-20,209,0,313,0.6,1748871458841000000,651,39060.0,2025-06-02,Automatic Execution,Finance,Banks - Foreign,31.81,32.045,31.69,31.93,8,4.591732238951836,1,1,0,0,0
UBS,Finance,Banks - Foreign,25__0,25,0.0,6. p95_trade_value,36905.0,115020.0,O:UBS250620P00030000,UBS,P,30.0,2025-06-20,241,0,323,0.3,1748887606484000000,2500,75000.0,2025-06-02,Stock Options Cross,Finance,Banks - Foreign,31.81,32.045,31.69,31.93,4,4.8750612633917,1,0,0,0,1
UBS,Finance,Banks - Foreign,25__0,25,0.0,8. p75_trade_value,7738.000000000001,11850.0,O:UBS250620P00032500,UBS,P,32.5,2025-06-20,209,0,313,0.6,1748962746097000000,134,8039.999999999999,2025-06-03,Automatic Execution,Finance,Banks - Foreign,33.04,33.5,32.9,33.45,43,3.905256048748451,5,1,0,0,0
UBS,Finance,Banks - Foreign,25__0,25,0.0,7. p90_trade_value,11880.0,30000.0,O:UBS250620P00032500,UBS,P,32.5,2025-06-20,209,0,313,0.6,1748962746085000000,500,30000.0,2025-06-03,Automatic Execution,Finance,Banks - Foreign,33.04,33.5,32.9,33.45,11,4.477121254719663,2,1,0,0,0
UBS,Finance,Banks - Foreign,25__0,25,0.0,8. p75_trade_value,7738.000000000001,11850.0,O:UBS250620P00032500,UBS,P,32.5,2025-06-20,209,0,316,0.6,1748962765347000000,183,10980.0,2025-06-03,Automatic Execution,Finance,Banks - Foreign,33.04,33.5,32.9,33.45,26,4.040602340114073,3,1,0,0,0
UBS,Finance,Banks - Foreign,25__0,25,0.0,7. p90_trade_value,11880.0,30000.0,O:UBS250620C00035000,UBS,C,35.0,2025-06-20,209,0,308,0.3,1749139819333000000,409,12269.999999999998,2025-06-05,Automatic Execution,Finance,Banks - Foreign,32.57,32.89,32.53,32.85,18,4.0888445627270045,2,0,0,0,1
UBS,Finance,Banks - Foreign,25__0,25,0.0,8. p75_trade_value,7738.000000000001,11850.0,O:UBS250620C00035000,UBS,C,35.0,2025-06-20,209,0,304,0.3,1749139749779000000,286,8580.0,2025-06-05,Automatic Execution,Finance,Banks - Foreign,32.57,32.89,32.53,32.85,41,3.9334872878487053,5,0,0,0,1
UBS,Finance,Banks - Foreign,25__0,25,0.0,8. p75_trade_value,7738.000000000001,11850.0,O:UBS250620C00035000,UBS,C,35.0,2025-06-20,209,0,316,0.3,1749150437202000000,299,8970.0,2025-06-05,Automatic Execution,Finance,Banks - Foreign,32.57,32.89,32.53,32.85,38,3.952792443044092,4,0,0,0,1
UBS,Finance,Banks - Foreign,25__0,25,0.0,7. p90_trade_value,11880.0,30000.0,O:UBS250620C00035000,UBS,C,35.0,2025-06-20,209,0,318,0.3,1749139749779000000,637,19110.0,2025-06-05,Automatic Execution,Finance,Banks - Foreign,32.57,32.89,32.53,32.85,14,4.2812606870550125,2,0,0,0,1
UBS,Finance,Banks - Foreign,25__0,25,0.0,8. p75_trade_value,7738.000000000001,11850.0,O:UBS250620C00037500,UBS,C,37.5,2025-06-20,209,0,308,0.1,1749150569268000000,894,8940.0,2025-06-05,Automatic Execution,Finance,Banks - Foreign,32.57,32.89,32.53,32.85,39,3.951337518795918,4,0,0,0,1
UBS,Finance,Banks - Foreign,25__0,25,0.0,6. p95_trade_value,36905.0,115020.0,O:UBS250620P00032500,UBS,P,32.5,2025-06-20,209,0,313,0.75,1749139777816000000,615,46125.0,2025-06-05,Automatic Execution,Finance,Banks - Foreign,32.57,32.89,32.53,32.85,7,4.663936379167117,1,1,0,0,0
UBS,Finance,Banks - Foreign,25__0,25,0.0,8. p75_trade_value,7738.000000000001,11850.0,O:UBS250620P00032500,UBS,P,32.5,2025-06-20,209,0,323,0.75,1749139777832000000,158,11850.0,2025-06-05,Automatic Execution,Finance,Banks - Foreign,32.57,32.89,32.53,32.85,21,4.073718350346122,3,1,0,0,0
UBS,Finance,Banks - Foreign,25__0,25,0.0,8. p75_trade_value,7738.000000000001,11850.0,O:UBS250620P00032500,UBS,P,32.5,2025-06-20,209,0,323,0.75,1749139777874000000,125,9375.0,2025-06-05,Automatic Execution,Finance,Banks - Foreign,32.57,32.89,32.53,32.85,34,3.9719712763997563,4,1,0,0,0
UBS,Finance,Banks - Foreign,25__0,25,0.0,8. p75_trade_value,7738.000000000001,11850.0,O:UBS250620C00035000,UBS,C,35.0,2025-06-20,209,0,309,0.5,1749218218279000000,230,11500.0,2025-06-06,Automatic Execution,Finance,Banks - Foreign,34.09,34.56,33.505,33.62,23,4.060697840353612,3,0,0,0,1
UBS,Finance,Banks - Foreign,25__0,25,0.0,7. p90_trade_value,11880.0,30000.0,O:UBS250620C00035000,UBS,C,35.0,2025-06-20,209,0,316,0.5,1749218218279000000,307,15350.0,2025-06-06,Automatic Execution,Finance,Banks - Foreign,34.09,34.56,33.505,33.62,15,4.186108379813206,2,0,0,0,1
UMBF,Finance,Banks - Midwest,0__2,0,2.0,1. p999999_trade_value,3135.0,3135.0,O:UMBF250516C00100000,UMBF,C,100.0,2025-05-16,227,0,323,2.09,1745949283543000000,15,3135.0,2025-04-29,Single Leg Auction Non ISO,Finance,Banks - Midwest,95.28,98.43,94.715,97.82,1,3.496237545166735,1,1,1,1,0
WTFC,Finance,Banks - Midwest,0__2,0,2.0,1. p999999_trade_value,5850.0,5850.0,O:WTFC241220C00140000,WTFC,C,140.0,2024-12-20,209,0,316,3.9,1732648989162000000,15,5850.0,2024-11-26,Automatic Execution,Finance,Banks - Midwest,137.65,138.97,136.07,137.89,1,3.7671558660821804,1,1,0,0,0
ZION,Finance,Banks - West,25__0,25,0.0,8. p75_trade_value,8474.999999999998,20496.0,O:ZION241018C00050000,ZION,C,50.0,2024-10-18,232,0,304,1.2,1726684789609000000,147,17640.0,2024-09-18,Multi Leg auto-electronic trade,Finance,Banks - West,47.11,48.47,46.65,47.01,24,4.246498580795801,3,1,1,1,0
ZION,Finance,Banks - West,25__0,25,0.0,6. p95_trade_value,31575.0,46816.0,O:ZION241018C00050000,ZION,C,50.0,2024-10-18,235,0,301,0.75,1726688615116000000,421,31575.0,2024-09-18,Multi Leg floor trade,Finance,Banks - West,47.11,48.47,46.65,47.01,11,4.499343359227368,1,1,1,1,0
ZION,Finance,Banks - West,25__0,25,0.0,6. p95_trade_value,31575.0,46816.0,O:ZION241018C00050000,ZION,C,50.0,2024-10-18,235,0,301,0.8,1726688939957000000,421,33680.0,2024-09-18,Multi Leg floor trade,Finance,Banks - West,47.11,48.47,46.65,47.01,8,4.527372082827612,1,1,1,1,0
ZION,Finance,Banks - West,25__0,25,0.0,6. p95_trade_value,31575.0,46816.0,O:ZION241018C00050000,ZION,C,50.0,2024-10-18,235,0,301,0.8,1726686998035000000,421,33680.0,2024-09-18,Multi Leg floor trade,Finance,Banks - West,47.11,48.47,46.65,47.01,7,4.527372082827612,1,1,1,1,0
ZION,Finance,Banks - West,25__0,25,0.0,8. p75_trade_value,8474.999999999998,20496.0,O:ZION241018C00050000,ZION,C,50.0,2024-10-18,232,0,308,1.22,1726684789787000000,168,20496.0,2024-09-18,Multi Leg auto-electronic trade,Finance,Banks - West,47.11,48.47,46.65,47.01,22,4.311669112400611,2,1,1,1,0
ZION,Finance,Banks - West,25__0,25,0.0,8. p75_trade_value,8474.999999999998,20496.0,O:ZION241018C00050000,ZION,C,50.0,2024-10-18,232,0,302,1.2,1726684761933000000,98,11760.0,2024-09-18,Multi Leg auto-electronic trade,Finance,Banks - West,47.11,48.47,46.65,47.01,41,4.070407321740119,4,1,1,1,0
ZION,Finance,Banks - West,25__0,25,0.0,8. p75_trade_value,8474.999999999998,20496.0,O:ZION241018C00050000,ZION,C,50.0,2024-10-18,232,0,304,1.2,1726684761933000000,115,13800.0,2024-09-18,Multi Leg auto-electronic trade,Finance,Banks - West,47.11,48.47,46.65,47.01,35,4.139879086401237,4,1,1,1,0
ZION,Finance,Banks - West,25__0,25,0.0,8. p75_trade_value,8474.999999999998,20496.0,O:ZION241018C00050000,ZION,C,50.0,2024-10-18,209,0,302,1.0,1726758603936000000,92,9200.0,2024-09-19,Automatic Execution,Finance,Banks - West,47.97,48.67,47.49,48.45,50,3.963787827345555,5,1,1,1,0
ZION,Finance,Banks - West,25__0,25,0.0,7. p90_trade_value,20640.0,29759.999999999996,O:ZION241018C00050000,ZION,C,50.0,2024-10-18,209,0,323,1.0,1726758603937000000,246,24600.0,2024-09-19,Automatic Execution,Finance,Banks - West,47.97,48.67,47.49,48.45,13,4.390935107103379,2,1,1,1,0
ZION,Finance,Banks - West,25__0,25,0.0,8. p75_trade_value,8474.999999999998,20496.0,O:ZION241018C00050000,ZION,C,50.0,2024-10-18,209,0,300,1.0,1726758603936000000,143,14300.0,2024-09-19,Automatic Execution,Finance,Banks - West,47.97,48.67,47.49,48.45,31,4.155336037465061,3,1,1,1,0
ZION,Finance,Banks - West,25__0,25,0.0,8. p75_trade_value,8474.999999999998,20496.0,O:ZION241018C00050000,ZION,C,50.0,2024-10-18,209,0,302,1.0,1726758603936000000,120,12000.0,2024-09-19,Automatic Execution,Finance,Banks - West,47.97,48.67,47.49,48.45,40,4.079181246047625,4,1,1,1,0
ZION,Finance,Banks - West,25__0,25,0.0,8. p75_trade_value,8474.999999999998,20496.0,O:ZION241115C00052500,ZION,C,52.5,2024-11-15,236,0,322,1.85,1729176075565000000,68,12580.000000000002,2024-10-17,Multi Leg auto-electronic trade against single leg(s),Finance,Banks - West,50.94,51.55,50.625,51.03,38,4.09968064110925,4,1,1,1,0
ZION,Finance,Banks - West,25__0,25,0.0,8. p75_trade_value,8474.999999999998,20496.0,O:ZION241115C00055000,ZION,C,55.0,2024-11-15,209,0,302,1.1,1729176093398000000,126,13860.000000000002,2024-10-17,Automatic Execution,Finance,Banks - West,50.94,51.55,50.625,51.03,33,4.141763230275788,3,1,1,1,0
ZION,Finance,Banks - West,25__0,25,0.0,6. p95_trade_value,31575.0,46816.0,O:ZION241115C00055000,ZION,C,55.0,2024-11-15,209,0,323,1.1,1729176093398000000,294,32340.000000000004,2024-10-17,Automatic Execution,Finance,Banks - West,50.94,51.55,50.625,51.03,9,4.509740015570382,1,1,1,1,0
ZION,Finance,Banks - West,25__0,25,0.0,8. p75_trade_value,8474.999999999998,20496.0,O:ZION241115C00055000,ZION,C,55.0,2024-11-15,209,0,307,1.1,1729176093398000000,114,12540.0,2024-10-17,Automatic Execution,Finance,Banks - West,50.94,51.55,50.625,51.03,39,4.098297536494697,4,1,1,1,0
ZION,Finance,Banks - West,25__0,25,0.0,7. p90_trade_value,20640.0,29759.999999999996,O:ZION241115P00047500,ZION,P,47.5,2024-11-15,232,0,322,1.2,1729266193183000000,248,29759.999999999996,2024-10-18,Multi Leg auto-electronic trade,Finance,Banks - West,50.94,51.45,50.7,51.25,12,4.473632926873841,2,0,0,0,1
ZION,Finance,Banks - West,25__0,25,0.0,7. p90_trade_value,20640.0,29759.999999999996,O:ZION241115P00047500,ZION,P,47.5,2024-11-15,232,0,322,1.2,1729267864864000000,172,20640.0,2024-10-18,Multi Leg auto-electronic trade,Finance,Banks - West,50.94,51.45,50.7,51.25,21,4.314709692955174,2,0,0,0,1
ZION,Finance,Banks - West,25__0,25,0.0,8. p75_trade_value,8474.999999999998,20496.0,O:ZION241115C00052500,ZION,C,52.5,2024-11-15,209,0,320,1.7,1729519052007000000,57,9690.0,2024-10-21,Automatic Execution,Finance,Banks - West,51.23,51.61,49.33,49.44,49,3.986323777050765,5,1,1,1,0
ZION,Finance,Banks - West,25__0,25,0.0,8. p75_trade_value,8474.999999999998,20496.0,O:ZION241115C00052500,ZION,C,52.5,2024-11-15,209,0,320,1.7,1729519048837000000,60,10200.0,2024-10-21,Automatic Execution,Finance,Banks - West,51.23,51.61,49.33,49.44,46,4.008600171761918,5,1,1,1,0
ZION,Finance,Banks - West,25__0,25,0.0,8. p75_trade_value,8474.999999999998,20496.0,O:ZION241115C00052500,ZION,C,52.5,2024-11-15,232,0,322,1.75,1729517973225000000,50,8750.0,2024-10-21,Multi Leg auto-electronic trade,Finance,Banks - West,51.23,51.61,49.33,49.44,51,3.942008053022313,5,1,1,1,0
ZION,Finance,Banks - West,25__0,25,0.0,8. p75_trade_value,8474.999999999998,20496.0,O:ZION241115C00055000,ZION,C,55.0,2024-11-15,227,0,323,1.43,1729610277041000000,100,14300.0,2024-10-22,Single Leg Auction Non ISO,Finance,Banks - West,51.58,53.07,51.28,52.51,30,4.155336037465061,3,1,1,1,0
ZION,Finance,Banks - West,25__0,25,0.0,8. p75_trade_value,8474.999999999998,20496.0,O:ZION241115P00050000,ZION,P,50.0,2024-11-15,227,0,309,1.13,1729610863262000000,75,8474.999999999998,2024-10-22,Single Leg Auction Non ISO,Finance,Banks - West,51.58,53.07,51.28,52.51,52,3.9281397068751196,5,0,0,0,1
ZION,Finance,Banks - West,25__0,25,0.0,6. p95_trade_value,31575.0,46816.0,O:ZION241115C00055000,ZION,C,55.0,2024-11-15,242,0,323,1.0,1729702026611000000,400,40000.0,2024-10-23,Stock Options floor trade,Finance,Banks - West,52.19,52.61,51.16,51.89,5,4.6020599913279625,1,1,1,1,0
ZION,Finance,Banks - West,25__0,25,0.0,7. p90_trade_value,20640.0,29759.999999999996,O:ZION241115C00055000,ZION,C,55.0,2024-11-15,242,0,313,0.98,1730221947353000000,225,22050.0,2024-10-29,Stock Options floor trade,Finance,Banks - West,52.32,52.51,51.79,52.13,17,4.343408593803857,2,1,1,1,0
ZION,Finance,Banks - West,25__0,25,0.0,7. p90_trade_value,20640.0,29759.999999999996,O:ZION241115C00055000,ZION,C,55.0,2024-11-15,242,0,313,0.97,1730221947352000000,225,21825.0,2024-10-29,Stock Options floor trade,Finance,Banks - West,52.32,52.51,51.79,52.13,18,4.338954252377607,2,1,1,1,0
ZION,Finance,Banks - West,25__0,25,0.0,8. p75_trade_value,8474.999999999998,20496.0,O:ZION241115C00052500,ZION,C,52.5,2024-11-15,209,0,313,1.55,1730835430397000000,74,11470.0,2024-11-05,Automatic Execution,Finance,Banks - West,51.56,52.33,51.0,52.02,43,4.059563417901268,4,1,1,1,0
ZION,Finance,Banks - West,25__0,25,0.0,8. p75_trade_value,8474.999999999998,20496.0,O:ZION241220P00055000,ZION,P,55.0,2024-12-20,209,0,301,0.6,1732206285900000000,164,9840.0,2024-11-21,Automatic Execution,Finance,Banks - West,58.93,60.01,58.675,59.14,48,3.9929950984313414,5,1,1,1,0
ZION,Finance,Banks - West,25__0,25,0.0,8. p75_trade_value,8474.999999999998,20496.0,O:ZION241220C00062500,ZION,C,62.5,2024-12-20,232,0,308,1.05,1732894479808000000,132,13860.0,2024-11-29,Multi Leg auto-electronic trade,Finance,Banks - West,61.24,61.44,60.18,60.52,34,4.141763230275788,4,0,0,0,1
ZION,Finance,Banks - West,25__0,25,0.0,8. p75_trade_value,8474.999999999998,20496.0,O:ZION250117P00050000,ZION,P,50.0,2025-01-17,209,0,316,1.05,1734639331307000000,185,19425.0,2024-12-19,Automatic Execution,Finance,Banks - West,54.18,54.6,52.32,52.36,23,4.288361027472952,3,0,0,0,1
ZION,Finance,Banks - West,25__0,25,0.0,8. p75_trade_value,8474.999999999998,20496.0,O:ZION250321P00050000,ZION,P,50.0,2025-03-21,209,0,316,0.68,1740430469430000000,200,13600.0,2025-02-24,Automatic Execution,Finance,Banks - West,53.91,53.91,52.64,52.85,36,4.133538908370218,4,1,1,1,0
ZION,Finance,Banks - West,25__0,25,0.0,8. p75_trade_value,8474.999999999998,20496.0,O:ZION250321P00050000,ZION,P,50.0,2025-03-21,209,0,308,0.5,1741014114972000000,200,10000.0,2025-03-03,Automatic Execution,Finance,Banks - West,54.41,54.85,52.31,52.96,47,4.0,5,1,1,1,0
ZION,Finance,Banks - West,25__0,25,0.0,8. p75_trade_value,8474.999999999998,20496.0,O:ZION250417C00055000,ZION,C,55.0,2025-04-17,235,0,313,0.18,1742584867820000000,827,14885.999999999998,2025-03-21,Multi Leg floor trade,Finance,Banks - West,49.16,49.73,48.53,49.51,28,4.172778014655853,3,0,0,0,1
ZION,Finance,Banks - West,25__0,25,0.0,8. p75_trade_value,8474.999999999998,20496.0,O:ZION250417P00037500,ZION,P,37.5,2025-04-17,235,0,313,0.14,1742584867819000000,827,11578.000000000002,2025-03-21,Multi Leg floor trade,Finance,Banks - West,49.16,49.73,48.53,49.51,42,4.063633545230784,4,0,0,0,1
ZION,Finance,Banks - West,25__0,25,0.0,5. p99_trade_value,47139.0,56490.0,O:ZION250417P00045000,ZION,P,45.0,2025-04-17,235,0,313,0.57,1742584867820000000,827,47139.0,2025-03-21,Multi Leg floor trade,Finance,Banks - West,49.16,49.73,48.53,49.51,3,4.673380365225038,1,1,1,1,0
ZION,Finance,Banks - West,25__0,25,0.0,7. p90_trade_value,20640.0,29759.999999999996,O:ZION250417P00045000,ZION,P,45.0,2025-04-17,239,0,302,0.3,1742835604387000000,807,24210.0,2025-03-24,Multi Leg floor trade against single leg(s),Finance,Banks - West,50.23,51.02,50.0,50.82,14,4.383994789441733,2,1,1,1,0
ZION,Finance,Banks - West,25__0,25,0.0,5. p99_trade_value,47139.0,56490.0,O:ZION250417P00047500,ZION,P,47.5,2025-04-17,239,0,302,0.7,1742835604456000000,807,56490.0,2025-03-24,Multi Leg floor trade against single leg(s),Finance,Banks - West,50.23,51.02,50.0,50.82,2,4.751971574736327,1,1,1,1,0
ZION,Finance,Banks - West,25__0,25,0.0,6. p95_trade_value,31575.0,46816.0,O:ZION250417P00047500,ZION,P,47.5,2025-04-17,235,0,301,0.75,1743617690803000000,426,31950.0,2025-04-02,Multi Leg floor trade,Finance,Banks - West,48.58,50.485,48.58,50.44,10,4.5044708624944185,1,1,1,1,0
ZION,Finance,Banks - West,25__0,25,0.0,8. p75_trade_value,8474.999999999998,20496.0,O:ZION250417P00030000,ZION,P,30.0,2025-04-17,235,0,313,0.25,1744213670591000000,532,13300.0,2025-04-09,Multi Leg floor trade,Finance,Banks - West,41.22,46.41,39.43,45.73,37,4.123851640967086,4,0,0,0,1
ZION,Finance,Banks - West,25__0,25,0.0,6. p95_trade_value,31575.0,46816.0,O:ZION250417P00035000,ZION,P,35.0,2025-04-17,235,0,313,0.88,1744213670591000000,532,46816.0,2025-04-09,Multi Leg floor trade,Finance,Banks - West,41.22,46.41,39.43,45.73,4,4.6703943044452165,1,0,0,0,1
ZION,Finance,Banks - West,25__0,25,0.0,8. p75_trade_value,8474.999999999998,20496.0,O:ZION250516P00040000,ZION,P,40.0,2025-05-16,209,0,302,1.6,1744830675503000000,99,15840.0,2025-04-16,Automatic Execution,Finance,Banks - West,43.72,44.425,42.765,43.36,27,4.199755177253475,3,1,0,0,0
ZION,Finance,Banks - West,25__0,25,0.0,8. p75_trade_value,8474.999999999998,20496.0,O:ZION250516P00042500,ZION,P,42.5,2025-05-16,209,0,302,1.9,1744900181292000000,57,10830.0,2025-04-17,Automatic Execution,Finance,Banks - West,43.64,44.8,43.41,44.28,44,4.03462845662532,4,1,0,0,0
ZION,Finance,Banks - West,25__0,25,0.0,8. p75_trade_value,8474.999999999998,20496.0,O:ZION250516C00050000,ZION,C,50.0,2025-05-16,235,0,300,0.27,1745250346121000000,639,17253.0,2025-04-21,Multi Leg floor trade,Finance,Banks - West,44.25,44.63,43.055,43.62,25,4.236864622317388,3,1,0,0,0
ZION,Finance,Banks - West,25__0,25,0.0,8. p75_trade_value,8474.999999999998,20496.0,O:ZION250516P00032500,ZION,P,32.5,2025-05-16,235,0,300,0.25,1745250346121000000,639,15975.0,2025-04-21,Multi Leg floor trade,Finance,Banks - West,44.25,44.63,43.055,43.62,26,4.203440866830438,3,0,0,0,1
ZION,Finance,Banks - West,25__0,25,0.0,1. p999999_trade_value,84348.0,84348.0,O:ZION250516P00040000,ZION,P,40.0,2025-05-16,235,0,300,1.32,1745250346121000000,639,84348.0,2025-04-21,Multi Leg floor trade,Finance,Banks - West,44.25,44.63,43.055,43.62,1,4.92607478936425,1,1,0,0,0
ZION,Finance,Banks - West,25__0,25,0.0,8. p75_trade_value,8474.999999999998,20496.0,O:ZION250516P00042500,ZION,P,42.5,2025-05-16,209,0,320,2.2,1745259823557000000,65,14300.0,2025-04-21,Automatic Execution,Finance,Banks - West,44.25,44.63,43.055,43.62,32,4.155336037465061,3,1,0,0,0
ZION,Finance,Banks - West,25__0,25,0.0,8. p75_trade_value,8474.999999999998,20496.0,O:ZION250516P00042500,ZION,P,42.5,2025-05-16,209,0,302,2.15,1745248207702000000,50,10750.0,2025-04-21,Automatic Execution,Finance,Banks - West,44.25,44.63,43.055,43.62,45,4.031408464251625,5,1,0,0,0
ZION,Finance,Banks - West,25__0,25,0.0,7. p90_trade_value,20640.0,29759.999999999996,O:ZION250516P00042500,ZION,P,42.5,2025-05-16,233,0,312,2.14,1745249219919000000,100,21400.0,2025-04-21,Multi Leg Auction,Finance,Banks - West,44.25,44.63,43.055,43.62,19,4.330413773349191,2,1,0,0,0
ZION,Finance,Banks - West,25__0,25,0.0,7. p90_trade_value,20640.0,29759.999999999996,O:ZION250516P00042500,ZION,P,42.5,2025-05-16,233,0,312,2.14,1745249219919000000,100,21400.0,2025-04-21,Multi Leg Auction,Finance,Banks - West,44.25,44.63,43.055,43.62,20,4.330413773349191,2,1,0,0,0
ZION,Finance,Banks - West,25__0,25,0.0,7. p90_trade_value,20640.0,29759.999999999996,O:ZION250516P00045000,ZION,P,45.0,2025-05-16,235,0,313,0.77,1746203069956000000,300,23100.0,2025-05-02,Multi Leg floor trade,Finance,Banks - West,46.16,46.78,45.79,46.61,15,4.363611979892144,2,0,0,0,1
ZION,Finance,Banks - West,25__0,25,0.0,8. p75_trade_value,8474.999999999998,20496.0,O:ZION250516P00045000,ZION,P,45.0,2025-05-16,235,0,313,0.67,1746716735076000000,215,14405.000000000002,2025-05-08,Multi Leg floor trade,Finance,Banks - West,46.07,47.04,45.85,46.77,29,4.158513262616432,3,0,0,0,1
ZION,Finance,Banks - West,25__0,25,0.0,7. p90_trade_value,20640.0,29759.999999999996,O:ZION250620P00045000,ZION,P,45.0,2025-06-20,209,0,322,0.9,1748353741976000000,249,22410.0,2025-05-27,Automatic Execution,Finance,Banks - West,47.28,47.71,46.495,47.71,16,4.3504418565350615,2,0,0,0,1
ZION,Finance,Banks - West,25__0,25,0.0,6. p95_trade_value,31575.0,46816.0,O:ZION250620P00045000,ZION,P,45.0,2025-06-20,209,0,308,0.35,1749049383417000000,1000,35000.0,2025-06-04,Automatic Execution,Finance,Banks - West,48.17,48.515,47.57,47.58,6,4.544068044350276,1,0,0,0,1
WAL,Finance,Banks - West,25__0,25,0.0,6. p95_trade_value,17500.0,33968.0,O:WAL241018C00090000,WAL,C,90.0,2024-10-18,209,0,323,0.85,1728057587397000000,343,29155.0,2024-10-04,Automatic Execution,Finance,Banks - West,84.75,85.14,83.16,84.41,9,4.464713045757064,1,1,0,0,0
WAL,Finance,Banks - West,25__0,25,0.0,6. p95_trade_value,17500.0,33968.0,O:WAL241018C00087500,WAL,C,87.5,2024-10-18,209,0,316,1.7,1728322046641000000,134,22780.0,2024-10-07,Automatic Execution,Finance,Banks - West,85.51,85.69,83.3,84.0,17,4.357553719743081,1,1,1,0,0
WAL,Finance,Banks - West,25__0,25,0.0,6. p95_trade_value,17500.0,33968.0,O:WAL241018C00087500,WAL,C,87.5,2024-10-18,209,0,319,1.7,1728322046642000000,135,22950.0,2024-10-07,Automatic Execution,Finance,Banks - West,85.51,85.69,83.3,84.0,16,4.36078268987328,1,1,1,0,0
WAL,Finance,Banks - West,25__0,25,0.0,6. p95_trade_value,17500.0,33968.0,O:WAL241018C00090000,WAL,C,90.0,2024-10-18,209,0,316,2.6,1728921845559000000,100,26000.0,2024-10-14,Automatic Execution,Finance,Banks - West,88.55,89.48,87.775,88.8,12,4.414973347970818,1,1,0,0,0
WAL,Finance,Banks - West,25__0,25,0.0,6. p95_trade_value,17500.0,33968.0,O:WAL241115C00095000,WAL,C,95.0,2024-11-15,232,0,302,3.86,1729089154953000000,88,33968.0,2024-10-16,Multi Leg auto-electronic trade,Finance,Banks - West,91.88,92.75,91.0,91.69,7,4.531069976821923,1,1,0,0,0
WAL,Finance,Banks - West,25__0,25,0.0,6. p95_trade_value,17500.0,33968.0,O:WAL241115C00095000,WAL,C,95.0,2024-11-15,233,0,302,3.54,1729101739278000000,50,17700.0,2024-10-16,Multi Leg Auction,Finance,Banks - West,91.88,92.75,91.0,91.69,27,4.247973266361806,1,1,0,0,0
WAL,Finance,Banks - West,25__0,25,0.0,6. p95_trade_value,17500.0,33968.0,O:WAL241115C00100000,WAL,C,100.0,2024-11-15,232,0,302,2.12,1729089154954000000,88,18656.0,2024-10-16,Multi Leg auto-electronic trade,Finance,Banks - West,91.88,92.75,91.0,91.69,22,4.27081853307892,1,0,0,0,1
WAL,Finance,Banks - West,25__0,25,0.0,6. p95_trade_value,17500.0,33968.0,O:WAL241115C00095000,WAL,C,95.0,2024-11-15,233,0,312,4.71,1729191731417000000,40,18840.0,2024-10-17,Multi Leg Auction,Finance,Banks - West,92.34,94.28,90.575,93.92,21,4.275080898456858,1,1,0,0,0
WAL,Finance,Banks - West,25__0,25,0.0,6. p95_trade_value,17500.0,33968.0,O:WAL241115C00095000,WAL,C,95.0,2024-11-15,235,0,301,4.8,1729184800687000000,40,19200.0,2024-10-17,Multi Leg floor trade,Finance,Banks - West,92.34,94.28,90.575,93.92,20,4.283301228703549,1,1,0,0,0
WAL,Finance,Banks - West,25__0,25,0.0,6. p95_trade_value,17500.0,33968.0,O:WAL241115C00095000,WAL,C,95.0,2024-11-15,232,0,323,4.65,1729186546645000000,40,18600.0,2024-10-17,Multi Leg auto-electronic trade,Finance,Banks - West,92.34,94.28,90.575,93.92,23,4.269512944217916,1,1,0,0,0
WAL,Finance,Banks - West,25__0,25,0.0,6. p95_trade_value,17500.0,33968.0,O:WAL241115C00095000,WAL,C,95.0,2024-11-15,209,0,323,4.6,1729195060211000000,50,22999.999999999996,2024-10-17,Automatic Execution,Finance,Banks - West,92.34,94.28,90.575,93.92,15,4.361727836017593,1,1,0,0,0
WAL,Finance,Banks - West,25__0,25,0.0,6. p95_trade_value,17500.0,33968.0,O:WAL241115C00095000,WAL,C,95.0,2024-11-15,232,0,308,4.7,1729192549488000000,60,28200.0,2024-10-17,Multi Leg auto-electronic trade,Finance,Banks - West,92.34,94.28,90.575,93.92,10,4.450249108319361,1,1,0,0,0
WAL,Finance,Banks - West,25__0,25,0.0,6. p95_trade_value,17500.0,33968.0,O:WAL241115C00100000,WAL,C,100.0,2024-11-15,209,0,320,2.3,1729174727092000000,80,18400.0,2024-10-17,Automatic Execution,Finance,Banks - West,92.34,94.28,90.575,93.92,24,4.264817823009537,1,0,0,0,1
WAL,Finance,Banks - West,25__0,25,0.0,6. p95_trade_value,17500.0,33968.0,O:WAL250221C00097500,WAL,C,97.5,2025-02-21,209,0,320,2.1,1737559461365000000,100,21000.0,2025-01-22,Automatic Execution,Finance,Banks - West,91.81,92.55,90.795,92.39,18,4.3222192947339195,1,0,0,0,1
WAL,Finance,Banks - West,25__0,25,0.0,6. p95_trade_value,17500.0,33968.0,O:WAL250221C00095000,WAL,C,95.0,2025-02-21,209,0,320,3.3,1737657715462000000,100,33000.0,2025-01-23,Automatic Execution,Finance,Banks - West,92.5,93.68,91.26,91.4,8,4.518513939877887,1,0,0,0,1
WAL,Finance,Banks - West,25__0,25,0.0,5. p99_trade_value,35670.0,120000.0,O:WAL250221P00085000,WAL,P,85.0,2025-02-21,209,0,320,1.3,1738010908684000000,300,39000.0,2025-01-27,Automatic Execution,Finance,Banks - West,92.13,94.25,91.77,94.0,4,4.5910646070264995,1,1,0,0,0
WAL,Finance,Banks - West,25__0,25,0.0,1. p999999_trade_value,149950.0,149950.0,O:WAL250321P00077500,WAL,P,77.5,2025-03-21,229,0,301,0.5,1740678128847000000,2999,149950.0,2025-02-27,Single Leg Cross Non ISO,Finance,Banks - West,86.43,88.44,85.96,86.16,1,5.175946470095546,1,1,1,1,0
WAL,Finance,Banks - West,25__0,25,0.0,6. p95_trade_value,17500.0,33968.0,O:WAL250321P00072500,WAL,P,72.5,2025-03-21,209,0,301,1.75,1741370419443000000,100,17500.0,2025-03-07,Automatic Execution,Finance,Banks - West,78.22,78.3,75.2,77.31,28,4.243038048686294,1,1,0,0,0
WAL,Finance,Banks - West,25__0,25,0.0,5. p99_trade_value,35670.0,120000.0,O:WAL250321P00072500,WAL,P,72.5,2025-03-21,229,0,301,0.6,1741975285461000000,2000,120000.0,2025-03-14,Single Leg Cross Non ISO,Finance,Banks - West,75.98,77.555,75.48,77.24,2,5.079181246047625,1,0,0,0,1
WAL,Finance,Banks - West,25__0,25,0.0,6. p95_trade_value,17500.0,33968.0,O:WAL250417P00065000,WAL,P,65.0,2025-04-17,232,0,301,2.03,1743691213367000000,98,19893.999999999996,2025-04-03,Multi Leg auto-electronic trade,Finance,Banks - West,73.48,73.48,65.2,65.27,19,4.298722113605708,1,1,0,0,0
WAL,Finance,Banks - West,25__0,25,0.0,5. p99_trade_value,35670.0,120000.0,O:WAL250417C00067500,WAL,C,67.5,2025-04-17,209,0,308,1.2,1743788606916000000,300,36000.0,2025-04-04,Automatic Execution,Finance,Banks - West,62.305,62.64,57.05,62.1,5,4.556302500767287,1,1,0,0,0
WAL,Finance,Banks - West,25__0,25,0.0,6. p95_trade_value,17500.0,33968.0,O:WAL250417P00055000,WAL,P,55.0,2025-04-17,209,0,313,2.9,1744208012882000000,90,26100.0,2025-04-09,Automatic Execution,Finance,Banks - West,59.21,69.45,57.15,68.54,11,4.416640507338281,1,0,0,0,1
WAL,Finance,Banks - West,25__0,25,0.0,6. p95_trade_value,17500.0,33968.0,O:WAL250417P00055000,WAL,P,55.0,2025-04-17,219,0,316,2.75,1744207717656000000,90,24750.0,2025-04-09,Intermarket Sweep Order,Finance,Banks - West,59.21,69.45,57.15,68.54,13,4.393575203269587,1,0,0,0,1
WAL,Finance,Banks - West,25__0,25,0.0,5. p99_trade_value,35670.0,120000.0,O:WAL250417P00055000,WAL,P,55.0,2025-04-17,209,0,325,2.9,1744208012882000000,123,35670.0,2025-04-09,Automatic Execution,Finance,Banks - West,59.21,69.45,57.15,68.54,6,4.552303109338354,1,0,0,0,1
WAL,Finance,Banks - West,25__0,25,0.0,6. p95_trade_value,17500.0,33968.0,O:WAL250516P00062500,WAL,P,62.5,2025-05-16,209,0,302,3.6,1744830221835000000,50,18000.0,2025-04-16,Automatic Execution,Finance,Banks - West,65.29,66.415,64.4302,65.24,26,4.2552725051033065,1,1,0,0,0
WAL,Finance,Banks - West,25__0,25,0.0,5. p99_trade_value,35670.0,120000.0,O:WAL250516C00075000,WAL,C,75.0,2025-05-16,229,0,301,0.65,1745255877118000000,1500,97500.0,2025-04-21,Single Leg Cross Non ISO,Finance,Banks - West,65.37,66.3899,63.54,64.88,3,4.989004615698537,1,1,1,1,0
WAL,Finance,Banks - West,25__0,25,0.0,6. p95_trade_value,17500.0,33968.0,O:WAL250516C00075000,WAL,C,75.0,2025-05-16,209,0,325,0.65,1745255847712000000,279,18135.0,2025-04-21,Automatic Execution,Finance,Banks - West,65.37,66.3899,63.54,64.88,25,4.258517559916453,1,1,1,1,0
WAL,Finance,Banks - West,25__0,25,0.0,6. p95_trade_value,17500.0,33968.0,O:WAL250516C00075000,WAL,C,75.0,2025-05-16,209,0,325,0.65,1745255847715000000,369,23985.0,2025-04-21,Automatic Execution,Finance,Banks - West,65.37,66.3899,63.54,64.88,14,4.379939722801916,1,1,1,1,0
CM,Finance,Banks - Foreign,20__0,20,0.0,5. p99_trade_value,20000.0,20000.0,O:CM250321P00055000,CM,P,55.0,2025-03-21,209,0,316,0.4,1741099561749000000,500,20000.0,2025-03-04,Automatic Execution,Finance,Banks - Foreign,59.02,59.12,56.765,57.4,2,4.301029995663981,1,1,0,0,0
CM,Finance,Banks - Foreign,20__0,20,0.0,1. p999999_trade_value,21195.0,21195.0,O:CM250620C00067500,CM,C,67.5,2025-06-20,219,0,309,1.35,1747847075581000000,157,21195.0,2025-05-21,Intermarket Sweep Order,Finance,Banks - Foreign,66.77,67.2,66.44,66.8,1,4.32623342090424,1,1,0,0,0
CPF,Finance,Banks - West,0__0,0,0.0,1. p999999_trade_value,11250.0,11250.0,O:CPF241018C00030000,CPF,C,30.0,2024-10-18,231,0,301,0.45,1727203424901000000,250,11250.0,2024-09-24,Single Leg Floor Trade,Finance,Banks - West,28.9,28.9,28.24,28.49,1,4.051152522447381,1,1,0,0,0
EWBC,Finance,Banks - West,15__0,15,0.0,7. p90_trade_value,27000.0,27000.0,O:EWBC241115C00105000,EWBC,C,105.0,2024-11-15,235,0,300,1.35,1730300753397000000,200,27000.0,2024-10-30,Multi Leg floor trade,Finance,Banks - West,98.18,101.31,98.1,98.83,4,4.431363764158987,2,1,1,0,0
EWBC,Finance,Banks - West,15__0,15,0.0,7. p90_trade_value,27000.0,27000.0,O:EWBC241115C00105000,EWBC,C,105.0,2024-11-15,235,0,300,1.35,1730300943779000000,200,27000.0,2024-10-30,Multi Leg floor trade,Finance,Banks - West,98.18,101.31,98.1,98.83,3,4.431363764158987,2,1,1,0,0
EWBC,Finance,Banks - West,15__0,15,0.0,1. p999999_trade_value,54060.0,54060.0,O:EWBC250417P00075000,EWBC,P,75.0,2025-04-17,239,0,302,1.7,1743707695548000000,318,54060.0,2025-04-03,Multi Leg floor trade against single leg(s),Finance,Banks - West,93.24,93.24,77.79,77.92,1,4.732876041362706,1,1,0,0,0
EWBC,Finance,Banks - West,15__0,15,0.0,6. p95_trade_value,44400.0,44400.0,O:EWBC250516C00080000,EWBC,C,80.0,2025-05-16,209,0,313,3.0,1744909782379000000,148,44400.0,2025-04-17,Automatic Execution,Finance,Banks - West,76.12,78.22,75.96,77.43,2,4.64738297011462,1,1,1,1,0
FBK,Finance,Banks - Northeast,0__2,0,2.0,1. p999999_trade_value,6500.0,6500.0,O:FBK250117P00050000,FBK,P,50.0,2025-01-17,209,0,320,1.3,1734622611247000000,50,6500.0,2024-12-19,Automatic Execution,Finance,Banks - Northeast,52.39,53.01,50.83,51.04,1,3.8129133566428557,1,1,0,0,0
FHN,Finance,Banks - Southwest,20__2,20,2.0,6. p95_trade_value,21440.0,38080.0,O:FHN240920P00015000,FHN,P,15.0,2024-09-20,233,0,312,0.2,1725562219713000000,1586,31720.000000000004,2024-09-05,Multi Leg Auction,Finance,Banks - Southwest,16.1,16.1,15.565,15.73,3,4.501333178645567,1,1,0,0,0
FHN,Finance,Banks - Southwest,20__2,20,2.0,1. p999999_trade_value,702000.0,702000.0,O:FHN241115C00018000,FHN,C,18.0,2024-11-15,229,0,300,0.39,1730230650324000000,18000,702000.0,2024-10-29,Single Leg Cross Non ISO,Finance,Banks - Southwest,17.33,17.395,17.22,17.29,1,5.846337112129805,1,1,1,1,0
FHN,Finance,Banks - Southwest,20__2,20,2.0,6. p95_trade_value,21440.0,38080.0,O:FHN241115P00017000,FHN,P,17.0,2024-11-15,239,0,302,0.56,1730486987760000000,680,38080.0,2024-11-01,Multi Leg floor trade against single leg(s),Finance,Banks - Southwest,17.44,17.55,17.12,17.19,2,4.580696939712436,1,1,0,0,0
FHN,Finance,Banks - Southwest,20__2,20,2.0,6. p95_trade_value,21440.0,38080.0,O:FHN241115P00019000,FHN,P,19.0,2024-11-15,231,0,313,0.1,1731085354015000000,2144,21440.0,2024-11-08,Single Leg Floor Trade,Finance,Banks - Southwest,19.76,19.81,19.46,19.69,4,4.331224781020732,1,0,0,0,1
FITB,Finance,Banks - Major Regional,25__0,25,0.0,5. p99_trade_value,123000.0,123000.0,O:FITB241115P00044000,FITB,P,44.0,2024-11-15,234,0,313,1.23,1729105313088000000,1000,123000.0,2024-10-16,Multi Leg Cross,Finance,Banks - Major Regional,44.97,45.415,44.83,44.98,2,5.089905111439398,1,1,0,0,0
FITB,Finance,Banks - Major Regional,25__0,25,0.0,1. p999999_trade_value,200000.0,200000.0,O:FITB250117P00041000,FITB,P,41.0,2025-01-17,241,0,323,0.4,1735060720870000000,5000,200000.0,2024-12-24,Stock Options Cross,Finance,Banks - Major Regional,42.92,43.05,42.64,43.04,1,5.301029995663981,1,1,0,0,0
HDB,Finance,Banks - Foreign,15__0,15,0.0,1. p999999_trade_value,240000.0,240000.0,O:HDB250321C00060000,HDB,C,60.0,2025-03-21,235,0,313,1.2,1740413966178000000,2000,240000.0,2025-02-24,Multi Leg floor trade,Finance,Banks - Foreign,59.74,59.82,59.25,59.66,1,5.380211241711606,1,1,1,1,0
HSBC,Finance,Banks - Foreign,20__0,20,0.0,5. p99_trade_value,40365.0,40365.0,O:HSBC250417P00058000,HSBC,P,58.0,2025-04-17,209,0,313,1.15,1743015007681000000,351,40365.0,2025-03-26,Automatic Execution,Finance,Banks - Foreign,58.58,58.89,58.07,58.35,2,4.606004956819436,1,1,1,1,0
HSBC,Finance,Banks - Foreign,20__0,20,0.0,1. p999999_trade_value,80640.00000000001,80640.00000000001,O:HSBC250620C00060000,HSBC,C,60.0,2025-06-20,229,0,301,0.56,1749650587261000000,1440,80640.00000000001,2025-06-11,Single Leg Cross Non ISO,Finance,Banks - Foreign,59.7,59.81,59.35,59.42,1,4.90655051910145,1,1,0,0,0
ITUB,Finance,Banks - Foreign,10__0,10,0.0,8. p75_trade_value,7030.0,7030.0,O:ITUB250221C00006000,ITUB,C,6.0,2025-02-21,219,0,313,0.1,1738940476305000000,703,7030.0,2025-02-07,Intermarket Sweep Order,Finance,Banks - Foreign,5.92,5.98,5.805,5.85,2,3.846955325019824,2,1,0,0,0
ITUB,Finance,Banks - Foreign,10__0,10,0.0,1. p999999_trade_value,25000.0,25000.0,O:ITUB250221C00006000,ITUB,C,6.0,2025-02-21,235,0,313,0.05,1739198295868000000,5000,25000.0,2025-02-10,Multi Leg floor trade,Finance,Banks - Foreign,5.9,5.96,5.89,5.93,1,4.3979400086720375,1,1,0,0,0
KB,Finance,Banks - Foreign,5__0,5,0.0,4. p999_trade_value,3444.9999999999995,3444.9999999999995,O:KB250620C00080000,KB,C,80.0,2025-06-20,209,0,325,2.65,1749130232114000000,13,3444.9999999999995,2025-06-05,Automatic Execution,Finance,Banks - Foreign,79.24,79.39,77.49,78.05,1,3.5371892262436444,1,1,0,0,0
KEY,Finance,Banks - Major Regional,25__2,25,2.0,5. p99_trade_value,340000.00000000006,340000.00000000006,O:KEY250516C00015000,KEY,C,15.0,2025-05-16,233,0,302,0.34,1744898164376000000,10000,340000.00000000006,2025-04-17,Multi Leg Auction,Finance,Banks - Major Regional,14.5,14.73,14.215,14.27,2,5.531478917042255,1,1,1,1,0
KEY,Finance,Banks - Major Regional,25__2,25,2.0,1. p999999_trade_value,436186.00000000006,436186.00000000006,O:KEY250516C00015000,KEY,C,15.0,2025-05-16,233,0,302,0.34,1744898164376000000,12829,436186.00000000006,2025-04-17,Multi Leg Auction,Finance,Banks - Major Regional,14.5,14.73,14.215,14.27,1,5.639671722177297,1,1,1,1,0
KEY,Finance,Banks - Major Regional,25__2,25,2.0,5. p99_trade_value,340000.00000000006,340000.00000000006,O:KEY250516C00015000,KEY,C,15.0,2025-05-16,233,0,302,0.34,1744898164376000000,10000,340000.00000000006,2025-04-17,Multi Leg Auction,Finance,Banks - Major Regional,14.5,14.73,14.215,14.27,3,5.531478917042255,1,1,1,1,0
CFG,Finance,Banks - Northeast,20__0,20,0.0,6. p95_trade_value,39780.0,100891.0,O:CFG240920P00040000,CFG,P,40.0,2024-09-20,235,0,313,0.34,1725375833063000000,1324,45016.0,2024-09-03,Multi Leg floor trade,Finance,Banks - Northeast,42.75,43.08,42.445,42.67,7,4.653366902145936,1,1,0,0,0
CFG,Finance,Banks - Northeast,20__0,20,0.0,6. p95_trade_value,39780.0,100891.0,O:CFG241018C00042500,CFG,C,42.5,2024-10-18,209,0,313,1.3,1726754226979000000,306,39780.0,2024-09-19,Automatic Execution,Finance,Banks - Northeast,41.69,42.41,41.05,42.21,9,4.599664778788417,1,1,1,0,0
CFG,Finance,Banks - Northeast,20__0,20,0.0,6. p95_trade_value,39780.0,100891.0,O:CFG241018C00042500,CFG,C,42.5,2024-10-18,209,0,301,1.25,1726752654570000000,344,43000.0,2024-09-19,Automatic Execution,Finance,Banks - Northeast,41.69,42.41,41.05,42.21,8,4.633468455579586,1,1,1,0,0
CFG,Finance,Banks - Northeast,20__0,20,0.0,6. p95_trade_value,39780.0,100891.0,O:CFG241018C00042500,CFG,C,42.5,2024-10-18,231,0,301,1.45,1726774410926000000,336,48720.0,2024-09-19,Single Leg Floor Trade,Finance,Banks - Northeast,41.69,42.41,41.05,42.21,6,4.687707279624819,1,1,1,0,0
CFG,Finance,Banks - Northeast,20__0,20,0.0,6. p95_trade_value,39780.0,100891.0,O:CFG241018P00040000,CFG,P,40.0,2024-10-18,235,0,313,0.9,1727108373261000000,731,65790.0,2024-09-23,Multi Leg floor trade,Finance,Banks - Northeast,41.73,42.025,40.94,41.06,4,4.8181598863971855,1,1,0,0,0
CFG,Finance,Banks - Northeast,20__0,20,0.0,1. p999999_trade_value,116160.00000000001,116160.00000000001,O:CFG241018C00042500,CFG,C,42.5,2024-10-18,235,0,313,0.4,1727791495656000000,2904,116160.00000000001,2024-10-01,Multi Leg floor trade,Finance,Banks - Northeast,40.66,40.82,39.5,39.92,1,5.065056603356019,1,1,1,0,0
CFG,Finance,Banks - Northeast,20__0,20,0.0,5. p99_trade_value,116000.0,116000.0,O:CFG241018C00042500,CFG,C,42.5,2024-10-18,235,0,300,0.58,1728582822136000000,2000,116000.0,2024-10-10,Multi Leg floor trade,Finance,Banks - Northeast,41.26,41.77,41.11,41.3,2,5.064457989226918,1,1,1,0,0
CFG,Finance,Banks - Northeast,20__0,20,0.0,6. p95_trade_value,39780.0,100891.0,O:CFG241115C00045000,CFG,C,45.0,2024-11-15,227,0,301,0.49,1729270905944000000,2059,100891.0,2024-10-18,Single Leg Auction Non ISO,Finance,Banks - Northeast,42.33,42.57,41.8,42.47,3,5.003852426646545,1,1,1,1,0
CFG,Finance,Banks - Northeast,20__0,20,0.0,6. p95_trade_value,39780.0,100891.0,O:CFG250321P00042500,CFG,P,42.5,2025-03-21,233,0,302,0.6,1740430066394000000,1064,63840.0,2025-02-24,Multi Leg Auction,Finance,Banks - Northeast,45.33,45.35,44.14,44.37,5,4.805092878342673,1,1,1,1,0
EBC,Finance,Banks - Northeast,10__0,10,0.0,8. p75_trade_value,5500.000000000001,11200.000000000002,O:EBC241115C00017500,EBC,C,17.5,2024-11-15,209,0,308,0.55,1729276242033000000,100,5500.000000000001,2024-10-18,Automatic Execution,Finance,Banks - Northeast,17.43,17.48,17.21,17.28,6,3.740362689494244,6,1,1,1,0
EBC,Finance,Banks - Northeast,10__0,10,0.0,8. p75_trade_value,5500.000000000001,11200.000000000002,O:EBC241115C00017500,EBC,C,17.5,2024-11-15,209,0,316,0.56,1729276282042000000,200,11200.000000000002,2024-10-18,Automatic Execution,Finance,Banks - Northeast,17.43,17.48,17.21,17.28,3,4.049218022670182,3,1,1,1,0
EBC,Finance,Banks - Northeast,10__0,10,0.0,7. p90_trade_value,12000.0,12000.0,O:EBC241115C00017500,EBC,C,17.5,2024-11-15,209,0,320,0.6,1729274393936000000,200,12000.0,2024-10-18,Automatic Execution,Finance,Banks - Northeast,17.43,17.48,17.21,17.28,2,4.079181246047625,2,1,1,1,0
EBC,Finance,Banks - Northeast,10__0,10,0.0,1. p999999_trade_value,15000.0,15000.0,O:EBC241115C00017500,EBC,C,17.5,2024-11-15,209,0,303,0.6,1729271763610000000,250,15000.0,2024-10-18,Automatic Execution,Finance,Banks - Northeast,17.43,17.48,17.21,17.28,1,4.176091259055681,1,1,1,1,0
EBC,Finance,Banks - Northeast,10__0,10,0.0,8. p75_trade_value,5500.000000000001,11200.000000000002,O:EBC250321P00017500,EBC,P,17.5,2025-03-21,209,0,320,0.55,1740166729686000000,100,5500.000000000001,2025-02-21,Automatic Execution,Finance,Banks - Northeast,18.36,18.48,17.64,17.74,5,3.740362689494244,5,1,1,1,0
EBC,Finance,Banks - Northeast,10__0,10,0.0,8. p75_trade_value,5500.000000000001,11200.000000000002,O:EBC250321P00017500,EBC,P,17.5,2025-03-21,227,0,323,0.55,1740167528866000000,100,5500.000000000001,2025-02-21,Single Leg Auction Non ISO,Finance,Banks - Northeast,18.36,18.48,17.64,17.74,4,3.740362689494244,4,1,1,1,0
EFSC,Finance,Banks - Midwest,0__2,0,2.0,1. p999999_trade_value,4500.0,4500.0,O:EFSC241115C00055000,EFSC,C,55.0,2024-11-15,209,0,315,1.0,1729608026521000000,45,4500.0,2024-10-22,Automatic Execution,Finance,Banks - Midwest,53.25,53.465,52.12,52.98,1,3.6532125137753435,1,1,1,1,0
