security,sector,industry,final_cluster,trade_volume_bin,cluster,trade_value_category,category_minimum,categiry_maximum,option_ticker,security_1,option_type,strike_price,expiration,conditions,correction,exchange,price,sip_timestamp,size,trade_value,data_date,min_trade_value,expiration_days_out,otm_range,option_condition_name,sector_1,industry_1,securty_open,security_high,security_low,security_close,trade_rank,trade_value_log10,number_of_bins,trade_value_bin,itm,itm_expiration_day,itm_expriation_close,otm
A,Medical,Medical - Products,30__1,30,1.0,1. p999999_trade_value,357903.0,357903.0,O:A250620P00110000,A,P,110.0,2025-06-20,235,0,300,3.99,1748448329940000000,897,357903.0,2025-05-28,3000,30,True,Multi Leg floor trade,Medical,Medical - Products,110.83,111.58,110.14,110.88,1,5.55376533873084,20,1,1,0,0,0
ABBV,Medical,Large Cap Pharmaceuticals,40__0,40,0.0,4. p999_trade_value,330762.5,1241999.9999999998,O:ABBV241115C00190000,ABBV,C,190.0,2024-11-15,227,0,308,5.875,1729280999408000000,563,330762.5,2024-10-18,3000,30,True,Single Leg Auction Non ISO,Medical,Large Cap Pharmaceuticals,188.97,189.69,188.164,188.86,8,5.5195162657951204,20,1,1,0,0,0
ABBV,Medical,Large Cap Pharmaceuticals,40__0,40,0.0,4. p999_trade_value,330762.5,1241999.9999999998,O:ABBV241220P00160000,ABBV,P,160.0,2024-12-20,231,0,300,1.38,1732116675703000000,9000,1241999.9999999998,2024-11-20,3000,30,True,Single Leg Floor Trade,Medical,Large Cap Pharmaceuticals,166.91,167.91,165.65,167.76,2,6.094121595840561,20,1,0,0,0,1
ABBV,Medical,Large Cap Pharmaceuticals,40__0,40,0.0,1. p999999_trade_value,1260000.0,1260000.0,O:ABBV250411P00210000,ABBV,P,210.0,2025-04-11,229,0,313,3.15,1742312750889000000,4000,1260000.0,2025-03-18,3000,30,True,Single Leg Cross Non ISO,Medical,Large Cap Pharmaceuticals,214.47,215.18,212.27,213.85,1,6.1003705451175625,20,1,1,1,1,0
ABBV,Medical,Large Cap Pharmaceuticals,40__0,40,0.0,4. p999_trade_value,330762.5,1241999.9999999998,O:ABBV250417P00200000,ABBV,P,200.0,2025-04-17,235,0,301,1.94,1743529802312000000,2500,485000.0,2025-04-01,3000,30,True,Multi Leg floor trade,Medical,Large Cap Pharmaceuticals,210.52,212.15,205.6,206.27,5,5.685741738602264,20,1,1,1,1,0
ABBV,Medical,Large Cap Pharmaceuticals,40__0,40,0.0,4. p999_trade_value,330762.5,1241999.9999999998,O:ABBV250425P00200000,ABBV,P,200.0,2025-04-25,235,0,301,3.73,1743529802312000000,2500,932500.0,2025-04-01,3000,30,True,Multi Leg floor trade,Medical,Large Cap Pharmaceuticals,210.52,212.15,205.6,206.27,3,5.969648840480725,20,1,1,1,1,0
ABBV,Medical,Large Cap Pharmaceuticals,40__0,40,0.0,4. p999_trade_value,330762.5,1241999.9999999998,O:ABBV250425C00182500,ABBV,C,182.5,2025-04-25,235,0,301,3.2,1745519213231000000,2500,800000.0,2025-04-24,3000,30,True,Multi Leg floor trade,Medical,Large Cap Pharmaceuticals,177.61,181.49,176.11,180.37,4,5.903089986991944,20,1,1,1,1,0
ABBV,Medical,Large Cap Pharmaceuticals,40__0,40,0.0,4. p999_trade_value,330762.5,1241999.9999999998,O:ABBV250516P00180000,ABBV,P,180.0,2025-05-16,239,0,302,1.46,1746809694024000000,3000,438000.0,2025-05-09,3000,30,True,Multi Leg floor trade against single leg(s),Medical,Large Cap Pharmaceuticals,185.75,189.77,184.23,184.6,7,5.6414741105041,20,1,1,0,0,0
ABBV,Medical,Large Cap Pharmaceuticals,40__0,40,0.0,4. p999_trade_value,330762.5,1241999.9999999998,O:ABBV250516P00180000,ABBV,P,180.0,2025-05-16,239,0,302,1.46,1746809694183000000,3000,438000.0,2025-05-09,3000,30,True,Multi Leg floor trade against single leg(s),Medical,Large Cap Pharmaceuticals,185.75,189.77,184.23,184.6,6,5.6414741105041,20,1,1,0,0,0
ABEO,Medical,Medical - Biomedical and Genetics,15__0,15,0.0,7. p90_trade_value,12000.0,13000.0,O:ABEO250516C00005000,ABEO,C,5.0,2025-05-16,232,0,312,1.3,1744831392990000000,100,13000.0,2025-04-16,3000,30,True,Multi Leg auto-electronic trade,Medical,Medical - Biomedical and Genetics,4.86,4.93,4.67,4.85,4,4.113943352306837,20,2,1,1,1,0
ABEO,Medical,Medical - Biomedical and Genetics,15__0,15,0.0,1. p999999_trade_value,27608.0,27608.0,O:ABEO250516P00005000,ABEO,P,5.0,2025-05-16,227,0,323,1.16,1745433518658000000,238,27608.0,2025-04-23,3000,30,True,Single Leg Auction Non ISO,Medical,Medical - Biomedical and Genetics,5.65,5.68,5.11,5.22,1,4.44103494628343,20,1,1,0,0,0
ABEO,Medical,Medical - Biomedical and Genetics,15__0,15,0.0,6. p95_trade_value,14600.0,19400.0,O:ABEO250516P00005000,ABEO,P,5.0,2025-05-16,209,0,307,1.0,1745855805057000000,146,14600.0,2025-04-28,3000,30,True,Automatic Execution,Medical,Medical - Biomedical and Genetics,5.47,5.505,5.07,5.35,3,4.164352855784437,20,1,1,0,0,0
ABEO,Medical,Medical - Biomedical and Genetics,15__0,15,0.0,7. p90_trade_value,12000.0,13000.0,O:ABEO250516P00005000,ABEO,P,5.0,2025-05-16,227,0,323,1.0,1745848756379000000,120,12000.0,2025-04-28,3000,30,True,Single Leg Auction Non ISO,Medical,Medical - Biomedical and Genetics,5.47,5.505,5.07,5.35,5,4.079181246047625,20,2,1,0,0,0
ABEO,Medical,Medical - Biomedical and Genetics,15__0,15,0.0,6. p95_trade_value,14600.0,19400.0,O:ABEO250516P00005000,ABEO,P,5.0,2025-05-16,227,0,323,0.97,1745869001583000000,200,19400.0,2025-04-28,3000,30,True,Single Leg Auction Non ISO,Medical,Medical - Biomedical and Genetics,5.47,5.505,5.07,5.35,2,4.2878017299302265,20,1,1,0,0,0
ABT,Medical,Medical - Products,35__0,35,0.0,1. p999999_trade_value,458000.0,458000.0,O:ABT250613C00135000,ABT,C,135.0,2025-06-13,229,0,300,2.29,1747321022917000000,2000,458000.0,2025-05-15,3000,30,True,Single Leg Cross Non ISO,Medical,Medical - Products,128.85,133.425,128.85,133.35,1,5.66086547800387,20,1,1,1,1,0
ACAD,Medical,Medical - Biomedical and Genetics,20__0,20,0.0,1. p999999_trade_value,152750.0,152750.0,O:ACAD250516C00017000,ACAD,C,17.0,2025-05-16,231,0,323,0.65,1744898596330000000,2350,152750.0,2025-04-17,3000,30,True,Single Leg Floor Trade,Medical,Medical - Biomedical and Genetics,14.47,14.745,14.385,14.73,1,5.1839812189145915,20,1,1,1,1,0
ADMA,Medical,Medical - Biomedical and Genetics,25__2,25,2.0,1. p999999_trade_value,669465.0,669465.0,O:ADMA241115C00020000,ADMA,C,20.0,2024-11-15,234,0,301,1.45,1730914831583000000,4617,669465.0,2024-11-06,3000,30,True,Multi Leg Cross,Medical,Medical - Biomedical and Genetics,19.67,19.86,19.17,19.67,1,5.825727876786116,20,1,1,1,0,0
AGEN,Medical,Medical - Biomedical and Genetics,15__0,15,0.0,1. p999999_trade_value,14700.0,14700.0,O:AGEN250620P00005000,AGEN,P,5.0,2025-06-20,209,0,323,0.6,1749050545437000000,245,14700.0,2025-06-04,3000,30,True,Automatic Execution,Medical,Medical - Biomedical and Genetics,5.36,6.2,5.28,5.63,1,4.1673173347481764,20,1,1,0,0,0
AGIO,Medical,Medical - Biomedical and Genetics,15__0,15,0.0,1. p999999_trade_value,100000.0,100000.0,O:AGIO241220P00040000,AGIO,P,40.0,2024-12-20,231,0,323,0.5,1733931145391000000,2000,100000.0,2024-12-11,3000,30,True,Single Leg Floor Trade,Medical,Medical - Biomedical and Genetics,46.28,46.68,43.21,43.37,1,5.0,20,1,1,1,1,0
AGL,Medical,Medical Services,10__0,10,0.0,8. p75_trade_value,13894.999999999998,17989.999999999996,O:AGL250417C00004500,AGL,C,4.5,2025-04-17,209,0,323,0.35,1742325514963000000,514,17989.999999999996,2025-03-18,3000,30,True,Automatic Execution,Medical,Medical Services,4.16,4.34,4.125,4.32,2,4.255031163345551,20,2,1,1,0,0
AGL,Medical,Medical Services,10__0,10,0.0,8. p75_trade_value,13894.999999999998,17989.999999999996,O:AGL250417C00004500,AGL,C,4.5,2025-04-17,209,0,312,0.35,1742325514963000000,397,13894.999999999998,2025-03-18,3000,30,True,Automatic Execution,Medical,Medical Services,4.16,4.34,4.125,4.32,3,4.142858551113391,20,3,1,1,0,0
AGL,Medical,Medical Services,10__0,10,0.0,1. p999999_trade_value,60000.0,60000.0,O:AGL250516P00004000,AGL,P,4.0,2025-05-16,235,0,301,0.3,1746547744187000000,2000,60000.0,2025-05-06,3000,30,True,Multi Leg floor trade,Medical,Medical Services,4.11,4.51,4.075,4.46,1,4.778151250383644,20,1,1,1,1,0
AKBA,Medical,Medical - Drugs,0__2,0,2.0,1. p999999_trade_value,3500.0,3500.0,O:AKBA250417P00002000,AKBA,P,2.0,2025-04-17,227,0,323,0.07,1742311013223000000,500,3500.0,2025-03-18,3000,30,True,Single Leg Auction Non ISO,Medical,Medical - Drugs,2.38,2.58,2.3257,2.55,1,3.5440680443502757,20,1,1,1,0,0
AKRO,Medical,Medical - Biomedical and Genetics,25__0,25,0.0,1. p999999_trade_value,683530.0,683530.0,O:AKRO250620C00055000,AKRO,C,55.0,2025-06-20,231,0,300,2.9,1748357723350000000,2357,683530.0,2025-05-27,3000,30,True,Single Leg Floor Trade,Medical,Medical - Biomedical and Genetics,47.5,49.29,45.87,46.0,1,5.83475758042328,20,1,1,0,0,0
ALC,Medical,Medical - Instruments,25__2,25,2.0,1. p999999_trade_value,343000.0,343000.0,O:ALC241115P00090000,ALC,P,90.0,2024-11-15,241,0,323,1.4,1731339644985000000,2450,343000.0,2024-11-11,3000,30,True,Stock Options Cross,Medical,Medical - Instruments,93.4,93.67,92.25,92.28,1,5.535294120042771,20,1,1,1,1,0
ALC,Medical,Medical - Instruments,25__2,25,2.0,5. p99_trade_value,253500.0,319300.0,O:ALC250321C00092500,ALC,C,92.5,2025-03-21,235,0,313,2.06,1740150789990000000,1550,319300.0,2025-02-21,3000,30,True,Multi Leg floor trade,Medical,Medical - Instruments,90.0,90.68,89.65,90.31,2,5.504198918539445,20,1,1,0,0,0
ALC,Medical,Medical - Instruments,25__2,25,2.0,6. p95_trade_value,95000.0,190000.0,O:ALC250321C00092500,ALC,C,92.5,2025-03-21,235,0,313,1.97,1740153098748000000,500,98500.0,2025-02-21,3000,30,True,Multi Leg floor trade,Medical,Medical - Instruments,90.0,90.68,89.65,90.31,12,4.993436230497612,20,1,1,0,0,0
ALC,Medical,Medical - Instruments,25__2,25,2.0,6. p95_trade_value,95000.0,190000.0,O:ALC250321P00085000,ALC,P,85.0,2025-03-21,235,0,313,1.08,1740150789990000000,1550,167400.0,2025-02-21,3000,30,True,Multi Leg floor trade,Medical,Medical - Instruments,90.0,90.68,89.65,90.31,5,5.223755453657241,20,1,0,0,0,1
ALC,Medical,Medical - Instruments,25__2,25,2.0,6. p95_trade_value,95000.0,190000.0,O:ALC250321C00092500,ALC,C,92.5,2025-03-21,235,0,313,2.14,1740423382063000000,577,123478.0,2025-02-24,3000,30,True,Multi Leg floor trade,Medical,Medical - Instruments,89.48,90.225,89.18,89.3,9,5.091589586504922,20,1,1,0,0,0
ALC,Medical,Medical - Instruments,25__2,25,2.0,6. p95_trade_value,95000.0,190000.0,O:ALC250321C00095000,ALC,C,95.0,2025-03-21,229,0,300,1.3,1740424633964000000,1126,146380.0,2025-02-24,3000,30,True,Single Leg Cross Non ISO,Medical,Medical - Instruments,89.48,90.225,89.18,89.3,6,5.165481742822164,20,1,1,0,0,0
ALC,Medical,Medical - Instruments,25__2,25,2.0,6. p95_trade_value,95000.0,190000.0,O:ALC250321C00097500,ALC,C,97.5,2025-03-21,227,0,312,1.45,1740581111664000000,981,142245.0,2025-02-26,3000,30,True,Single Leg Auction Non ISO,Medical,Medical - Instruments,94.34,95.36,92.39,93.31,8,5.153037009614923,20,1,0,0,0,1
ALC,Medical,Medical - Instruments,25__2,25,2.0,6. p95_trade_value,95000.0,190000.0,O:ALC250417P00090000,ALC,P,90.0,2025-04-17,241,0,323,1.9,1742495808713000000,1000,190000.0,2025-03-20,3000,30,True,Stock Options Cross,Medical,Medical - Instruments,91.01,91.71,90.99,91.37,4,5.278753600952829,20,1,1,0,0,0
ALC,Medical,Medical - Instruments,25__2,25,2.0,6. p95_trade_value,95000.0,190000.0,O:ALC250417P00090000,ALC,P,90.0,2025-04-17,242,0,323,1.9,1742495263984000000,500,95000.0,2025-03-20,3000,30,True,Stock Options floor trade,Medical,Medical - Instruments,91.01,91.71,90.99,91.37,13,4.977723605288848,20,1,1,0,0,0
ALC,Medical,Medical - Instruments,25__2,25,2.0,6. p95_trade_value,95000.0,190000.0,O:ALC250417C00092500,ALC,C,92.5,2025-04-17,231,0,300,2.0,1742579912556000000,720,144000.0,2025-03-21,3000,30,True,Single Leg Floor Trade,Medical,Medical - Instruments,90.78,90.88,90.045,90.56,7,5.158362492095249,20,1,1,1,1,0
ALC,Medical,Medical - Instruments,25__2,25,2.0,6. p95_trade_value,95000.0,190000.0,O:ALC250417C00092500,ALC,C,92.5,2025-04-17,235,0,323,1.8,1742582488933000000,550,99000.0,2025-03-21,3000,30,True,Multi Leg floor trade,Medical,Medical - Instruments,90.78,90.88,90.045,90.56,11,4.99563519459755,20,1,1,1,1,0
ALC,Medical,Medical - Instruments,25__2,25,2.0,6. p95_trade_value,95000.0,190000.0,O:ALC250417C00092500,ALC,C,92.5,2025-04-17,227,0,312,1.89,1743014789974000000,568,107352.0,2025-03-26,3000,30,True,Single Leg Auction Non ISO,Medical,Medical - Instruments,91.24,91.65,90.635,91.32,10,5.030810139884263,20,1,1,1,1,0
ALC,Medical,Medical - Instruments,25__2,25,2.0,5. p99_trade_value,253500.0,319300.0,O:ALC250417P00082500,ALC,P,82.5,2025-04-17,235,0,300,2.6,1743786848275000000,975,253500.0,2025-04-04,3000,30,True,Multi Leg floor trade,Medical,Medical - Instruments,86.02,86.11,83.57,83.82,3,5.403977963669354,20,1,1,0,0,0
ALHC,Medical,Medical Services,20__1,20,1.0,1. p999999_trade_value,452920.0,452920.0,O:ALHC241115C00012500,ALHC,C,12.5,2024-11-15,235,0,301,0.67,1729271012309000000,6760,452920.0,2024-10-18,3000,30,True,Multi Leg floor trade,Medical,Medical Services,11.53,11.73,10.79,10.88,1,5.656021498642462,20,1,1,0,0,0
ALKS,Medical,Medical - Biomedical and Genetics,15__0,15,0.0,8. p75_trade_value,22500.0,36000.0,O:ALKS241115C00030000,ALKS,C,30.0,2024-11-15,231,0,301,0.65,1729527492906000000,400,26000.0,2024-10-21,3000,30,True,Single Leg Floor Trade,Medical,Medical - Biomedical and Genetics,28.16,28.32,27.43,27.71,9,4.414973347970818,20,3,1,0,0,0
ALKS,Medical,Medical - Biomedical and Genetics,15__0,15,0.0,8. p75_trade_value,22500.0,36000.0,O:ALKS241115C00029000,ALKS,C,29.0,2024-11-15,235,0,301,0.5,1729781953397000000,500,25000.0,2024-10-24,3000,30,True,Multi Leg floor trade,Medical,Medical - Biomedical and Genetics,27.01,28.37,26.01,26.85,12,4.3979400086720375,20,4,1,0,0,0
ALKS,Medical,Medical - Biomedical and Genetics,15__0,15,0.0,8. p75_trade_value,22500.0,36000.0,O:ALKS241115P00026000,ALKS,P,26.0,2024-11-15,235,0,301,0.45,1729781953397000000,500,22500.0,2024-10-24,3000,30,True,Multi Leg floor trade,Medical,Medical - Biomedical and Genetics,27.01,28.37,26.01,26.85,13,4.352182518111363,20,5,1,0,0,0
ALKS,Medical,Medical - Biomedical and Genetics,15__0,15,0.0,8. p75_trade_value,22500.0,36000.0,O:ALKS250221C00034000,ALKS,C,34.0,2025-02-21,209,0,308,0.75,1737665546983000000,341,25575.0,2025-01-23,3000,30,True,Automatic Execution,Medical,Medical - Biomedical and Genetics,30.14,32.0,29.74,31.75,11,4.407815642384198,20,4,1,1,1,0
ALKS,Medical,Medical - Biomedical and Genetics,15__0,15,0.0,6. p95_trade_value,94000.0,120120.0,O:ALKS250221C00033000,ALKS,C,33.0,2025-02-21,235,0,301,2.35,1738960493322000000,400,94000.0,2025-02-07,3000,30,True,Multi Leg floor trade,Medical,Medical - Biomedical and Genetics,31.24,31.85,31.17,31.57,3,4.973127853599698,20,1,1,1,1,0
ALKS,Medical,Medical - Biomedical and Genetics,15__0,15,0.0,6. p95_trade_value,94000.0,120120.0,O:ALKS250221C00034000,ALKS,C,34.0,2025-02-21,231,0,301,0.65,1738953930487000000,1848,120120.0,2025-02-07,3000,30,True,Single Leg Floor Trade,Medical,Medical - Biomedical and Genetics,31.24,31.85,31.17,31.57,2,5.0796153235269434,20,1,1,1,1,0
ALKS,Medical,Medical - Biomedical and Genetics,15__0,15,0.0,7. p90_trade_value,58072.0,86240.0,O:ALKS250221C00034000,ALKS,C,34.0,2025-02-21,231,0,301,0.7,1738953930487000000,1232,86240.0,2025-02-07,3000,30,True,Single Leg Floor Trade,Medical,Medical - Biomedical and Genetics,31.24,31.85,31.17,31.57,4,4.935708747842663,20,2,1,1,1,0
ALKS,Medical,Medical - Biomedical and Genetics,15__0,15,0.0,8. p75_trade_value,22500.0,36000.0,O:ALKS250321P00033000,ALKS,P,33.0,2025-03-21,209,0,313,0.55,1740171545086000000,599,32945.00000000001,2025-02-21,3000,30,True,Automatic Execution,Medical,Medical - Biomedical and Genetics,35.79,35.79,35.09,35.32,8,4.517789511883556,20,3,0,0,0,1
ALKS,Medical,Medical - Biomedical and Genetics,15__0,15,0.0,8. p75_trade_value,22500.0,36000.0,O:ALKS250321P00032000,ALKS,P,32.0,2025-03-21,231,0,301,0.55,1740687230617000000,600,33000.0,2025-02-27,3000,30,True,Single Leg Floor Trade,Medical,Medical - Biomedical and Genetics,34.61,35.14,33.97,34.04,7,4.518513939877887,20,3,0,0,0,1
ALKS,Medical,Medical - Biomedical and Genetics,15__0,15,0.0,1. p999999_trade_value,138319.99999999997,138319.99999999997,O:ALKS250417P00032000,ALKS,P,32.0,2025-04-17,231,0,313,0.7,1743002806368000000,1976,138319.99999999997,2025-03-26,3000,30,True,Single Leg Floor Trade,Medical,Medical - Biomedical and Genetics,33.71,33.824,33.22,33.69,1,5.1408849802658665,20,1,1,1,1,0
ALKS,Medical,Medical - Biomedical and Genetics,15__0,15,0.0,8. p75_trade_value,22500.0,36000.0,O:ALKS250417P00032000,ALKS,P,32.0,2025-04-17,231,0,323,0.65,1743182871158000000,400,26000.0,2025-03-28,3000,30,True,Single Leg Floor Trade,Medical,Medical - Biomedical and Genetics,33.66,33.985,33.06,33.21,10,4.414973347970818,20,4,1,1,1,0
ALKS,Medical,Medical - Biomedical and Genetics,15__0,15,0.0,8. p75_trade_value,22500.0,36000.0,O:ALKS250417P00032000,ALKS,P,32.0,2025-04-17,231,0,323,0.6,1743182871158000000,600,36000.0,2025-03-28,3000,30,True,Single Leg Floor Trade,Medical,Medical - Biomedical and Genetics,33.66,33.985,33.06,33.21,6,4.556302500767287,20,2,1,1,1,0
ALKS,Medical,Medical - Biomedical and Genetics,15__0,15,0.0,7. p90_trade_value,58072.0,86240.0,O:ALKS250417P00032000,ALKS,P,32.0,2025-04-17,228,0,312,0.61,1743173548154000000,952,58072.0,2025-03-28,3000,30,True,Single Leg Auction ISO,Medical,Medical - Biomedical and Genetics,33.66,33.985,33.06,33.21,5,4.763966783395241,20,2,1,1,1,0
ALLO,Medical,Medical - Biomedical and Genetics,10__0,10,0.0,8. p75_trade_value,13860.0,16302.000000000002,O:ALLO250620C00001500,ALLO,C,1.5,2025-06-20,227,0,301,0.22,1749227386979000000,630,13860.0,2025-06-06,3000,30,True,Single Leg Auction Non ISO,Medical,Medical - Biomedical and Genetics,1.3,1.47,1.29,1.42,3,4.141763230275788,20,3,1,0,0,0
ALLO,Medical,Medical - Biomedical and Genetics,10__0,10,0.0,1. p999999_trade_value,22920.0,22920.0,O:ALLO250620C00001500,ALLO,C,1.5,2025-06-20,227,0,309,0.24,1749226537001000000,955,22920.0,2025-06-06,3000,30,True,Single Leg Auction Non ISO,Medical,Medical - Biomedical and Genetics,1.3,1.47,1.29,1.42,1,4.360214613295352,20,1,1,0,0,0
ALLO,Medical,Medical - Biomedical and Genetics,10__0,10,0.0,8. p75_trade_value,13860.0,16302.000000000002,O:ALLO250620C00001500,ALLO,C,1.5,2025-06-20,227,0,309,0.19,1749225482169000000,858,16302.000000000002,2025-06-06,3000,30,True,Single Leg Auction Non ISO,Medical,Medical - Biomedical and Genetics,1.3,1.47,1.29,1.42,2,4.212240888801534,20,2,1,0,0,0
ALT,Medical,Medical - Drugs,25__0,25,0.0,1. p999999_trade_value,478500.0,478500.0,O:ALT241220P00008000,ALT,P,8.0,2024-12-20,231,0,301,0.55,1733510019341000000,8700,478500.0,2024-12-06,3000,30,True,Single Leg Floor Trade,Medical,Medical - Drugs,9.16,9.9,9.035,9.11,1,5.679881942112862,20,1,1,0,0,0
ALUR,Medical,Medical - Products,5__0,5,0.0,1. p999999_trade_value,4800.0,4800.0,O:ALUR1250221P00005000,ALUR,P,5.0,2025-02-21,209,0,325,4.8,1737989812037000000,10,4800.0,2025-01-27,3000,30,True,Automatic Execution,Medical,Medical - Products,7.24,7.4,6.06,6.85,1,3.681241237375587,20,1,1,1,1,0
AMLX,Medical,Medical - Drugs,5__0,5,0.0,1. p999999_trade_value,4550.0,4550.0,O:AMLX241115C00006000,AMLX,C,6.0,2024-11-15,209,0,313,0.35,1729879051779000000,130,4550.0,2024-10-25,3000,30,True,Automatic Execution,Medical,Medical - Drugs,4.9,5.495,4.86,5.31,1,3.6580113966571126,20,1,1,0,0,0
AMRN,Medical,Medical - Biomedical and Genetics,5__0,5,0.0,1. p999999_trade_value,8625.0,8625.0,O:AMRN250516C00011000,AMRN,C,11.0,2025-05-16,209,0,303,1.15,1745348336021000000,75,8625.0,2025-04-22,3000,30,True,Automatic Execution,Medical,Medical - Biomedical and Genetics,9.62,10.7,9.62,10.46,1,3.935759103745312,20,1,1,0,0,0
ANAB,Medical,Medical - Biomedical and Genetics,25__2,25,2.0,5. p99_trade_value,202390.0,675000.0,O:ANAB241220P00017500,ANAB,P,17.5,2024-12-20,235,0,300,3.7,1733328677293000000,547,202390.0,2024-12-04,3000,30,True,Multi Leg floor trade,Medical,Medical - Biomedical and Genetics,22.03,24.7,22.03,24.08,4,5.306189050400426,20,1,1,1,1,0
ANAB,Medical,Medical - Biomedical and Genetics,25__2,25,2.0,5. p99_trade_value,202390.0,675000.0,O:ANAB241220C00025000,ANAB,C,25.0,2024-12-20,231,0,301,7.2,1733515294862000000,500,360000.0,2024-12-06,3000,30,True,Single Leg Floor Trade,Medical,Medical - Biomedical and Genetics,23.8,24.95,23.67,24.81,3,5.556302500767287,20,1,1,0,0,0
ANAB,Medical,Medical - Biomedical and Genetics,25__2,25,2.0,1. p999999_trade_value,705000.0,705000.0,O:ANAB250620C00022500,ANAB,C,22.5,2025-06-20,235,0,300,2.35,1748452584782000000,3000,705000.0,2025-05-28,3000,30,True,Multi Leg floor trade,Medical,Medical - Biomedical and Genetics,21.14,22.4,20.6254,20.9,1,5.848189116991398,20,1,1,0,0,0
ANAB,Medical,Medical - Biomedical and Genetics,25__2,25,2.0,5. p99_trade_value,202390.0,675000.0,O:ANAB250620P00020000,ANAB,P,20.0,2025-06-20,235,0,300,2.25,1748452584782000000,3000,675000.0,2025-05-28,3000,30,True,Multi Leg floor trade,Medical,Medical - Biomedical and Genetics,21.14,22.4,20.6254,20.9,2,5.829303772831025,20,1,1,0,0,0
ANRO,Medical,Medical - Biomedical and Genetics,20__0,20,0.0,1. p999999_trade_value,207000.0,207000.0,O:ANRO241115P00012500,ANRO,P,12.5,2024-11-15,235,0,300,4.14,1729089603333000000,500,207000.0,2024-10-16,3000,30,True,Multi Leg floor trade,Medical,Medical - Biomedical and Genetics,14.16,14.45,13.62,14.45,1,5.315970345456917,20,1,1,1,1,0
APLT,Medical,Medical - Biomedical and Genetics,25__0,25,0.0,1. p999999_trade_value,525000.0,525000.0,O:APLT241220C00010000,APLT,C,10.0,2024-12-20,235,0,300,1.75,1732289474638000000,3000,525000.0,2024-11-22,3000,30,True,Multi Leg floor trade,Medical,Medical - Biomedical and Genetics,9.35,9.64,8.95,9.625,1,5.720159303405957,20,1,1,0,0,0
ARDX,Medical,Medical - Drugs,20__0,20,0.0,1. p999999_trade_value,26524.0,26524.0,O:ARDX241115P00005000,ARDX,P,5.0,2024-11-15,232,0,308,0.38,1729258454155000000,698,26524.0,2024-10-18,3000,30,True,Multi Leg auto-electronic trade,Medical,Medical - Drugs,5.84,5.96,5.81,5.84,1,4.423639019239971,20,1,1,1,1,0
ARDX,Medical,Medical - Drugs,20__0,20,0.0,7. p90_trade_value,11410.0,14819.999999999998,O:ARDX250117C00005000,ARDX,C,5.0,2025-01-17,209,0,316,0.35,1735233324784000000,326,11410.0,2024-12-26,3000,30,True,Automatic Execution,Medical,Medical - Drugs,4.61,4.89,4.555,4.81,8,4.057285644418215,20,2,1,1,1,0
ARDX,Medical,Medical - Drugs,20__0,20,0.0,7. p90_trade_value,11410.0,14819.999999999998,O:ARDX250117C00005500,ARDX,C,5.5,2025-01-17,209,0,300,0.3,1735570821926000000,494,14819.999999999998,2024-12-30,3000,30,True,Automatic Execution,Medical,Medical - Drugs,5.1,5.265,5.035,5.25,5,4.17084820364331,20,2,1,0,0,0
ARDX,Medical,Medical - Drugs,20__0,20,0.0,6. p95_trade_value,15000.0,25000.0,O:ARDX250117C00005500,ARDX,C,5.5,2025-01-17,209,0,300,0.3,1735570821925000000,500,15000.0,2024-12-30,3000,30,True,Automatic Execution,Medical,Medical - Drugs,5.1,5.265,5.035,5.25,4,4.176091259055681,20,1,1,0,0,0
ARDX,Medical,Medical - Drugs,20__0,20,0.0,7. p90_trade_value,11410.0,14819.999999999998,O:ARDX250221C00006000,ARDX,C,6.0,2025-02-21,209,0,315,0.35,1737649364374000000,408,14279.999999999998,2025-01-23,3000,30,True,Automatic Execution,Medical,Medical - Drugs,5.28,5.71,5.09,5.51,6,4.154728207440155,20,2,1,0,0,0
ARDX,Medical,Medical - Drugs,20__0,20,0.0,6. p95_trade_value,15000.0,25000.0,O:ARDX250221C00006000,ARDX,C,6.0,2025-02-21,209,0,307,0.25,1737648247159000000,1000,25000.0,2025-01-23,3000,30,True,Automatic Execution,Medical,Medical - Drugs,5.28,5.71,5.09,5.51,2,4.3979400086720375,20,1,1,0,0,0
ARDX,Medical,Medical - Drugs,20__0,20,0.0,7. p90_trade_value,11410.0,14819.999999999998,O:ARDX250321C00008000,ARDX,C,8.0,2025-03-21,209,0,319,0.25,1739987543731000000,497,12425.0,2025-02-19,3000,30,True,Automatic Execution,Medical,Medical - Drugs,6.4,6.55,6.33,6.36,7,4.09429639740537,20,2,0,0,0,1
ARDX,Medical,Medical - Drugs,20__0,20,0.0,6. p95_trade_value,15000.0,25000.0,O:ARDX250516P00005000,ARDX,P,5.0,2025-05-16,231,0,300,0.3,1745947782851000000,500,15000.0,2025-04-29,3000,30,True,Single Leg Floor Trade,Medical,Medical - Drugs,5.36,5.545,5.28,5.45,3,4.176091259055681,20,1,1,1,1,0
ARVN,Medical,Medical - Biomedical and Genetics,25__2,25,2.0,1. p999999_trade_value,503470.00000000006,503470.00000000006,O:ARVN250321P00012500,ARVN,P,12.5,2025-03-21,231,0,300,1.1,1740412206395000000,4577,503470.00000000006,2025-02-24,3000,30,True,Single Leg Floor Trade,Medical,Medical - Biomedical and Genetics,17.73,17.8,16.07,16.75,1,5.701973597585525,20,1,1,1,1,0
ARWR,Medical,Medical - Biomedical and Genetics,15__0,15,0.0,1. p999999_trade_value,54329.99999999999,54329.99999999999,O:ARWR250516C00015000,ARWR,C,15.0,2025-05-16,231,0,313,0.3,1746471095001000000,1811,54329.99999999999,2025-05-05,3000,30,True,Single Leg Floor Trade,Medical,Medical - Biomedical and Genetics,14.33,14.4,13.97,13.98,1,4.735039705033721,20,1,1,1,1,0
ASTH,Medical,Medical - Outpatient and Home Healthcare,15__2,15,2.0,6. p95_trade_value,940320.0000000001,940320.0000000001,O:ASTH241018C00060000,ASTH,C,60.0,2024-10-18,235,0,301,1.6,1726763352558000000,5877,940320.0000000001,2024-09-19,3000,30,True,Multi Leg floor trade,Medical,Medical - Outpatient and Home Healthcare,58.36,58.46,57.36,57.84,2,5.973275673370324,20,1,1,1,1,0
ASTH,Medical,Medical - Outpatient and Home Healthcare,15__2,15,2.0,1. p999999_trade_value,1476020.0,1476020.0,O:ASTH241115C00065000,ASTH,C,65.0,2024-11-15,235,0,301,2.6,1729101837638000000,5677,1476020.0,2024-10-16,3000,30,True,Multi Leg floor trade,Medical,Medical - Outpatient and Home Healthcare,61.49,63.2,61.38,62.54,1,6.169092242196231,20,1,0,0,0,1
ATAI,Medical,Medical - Outpatient and Home Healthcare,15__0,15,0.0,1. p999999_trade_value,72870.0,72870.0,O:ATAI250221C00002500,ATAI,C,2.5,2025-02-21,227,0,309,0.21,1738772136609000000,3470,72870.0,2025-02-05,3000,30,True,Single Leg Auction Non ISO,Medical,Medical - Outpatient and Home Healthcare,2.25,2.485,2.12,2.45,1,4.862548769524793,20,1,1,0,0,0
ATAI,Medical,Medical - Outpatient and Home Healthcare,15__0,15,0.0,7. p90_trade_value,32868.0,32868.0,O:ATAI250221C00002500,ATAI,C,2.5,2025-02-21,227,0,323,0.36,1738786611799000000,913,32868.0,2025-02-05,3000,30,True,Single Leg Auction Non ISO,Medical,Medical - Outpatient and Home Healthcare,2.25,2.485,2.12,2.45,2,4.516773278301586,20,2,1,0,0,0
ATEC,Medical,Medical - Instruments,20__2,20,2.0,1. p999999_trade_value,183600.0,183600.0,O:ATEC250321P00010000,ATEC,P,10.0,2025-03-21,231,0,301,0.75,1740422232012000000,2448,183600.0,2025-02-24,3000,30,True,Single Leg Floor Trade,Medical,Medical - Instruments,10.64,10.95,10.46,10.76,1,5.2638726768652235,20,1,1,1,1,0
ATHA,Medical,Medical - Biomedical and Genetics,10__0,10,0.0,8. p75_trade_value,5100.0,5100.0,O:ATHA240920P00002500,ATHA,P,2.5,2024-09-20,209,0,308,0.5,1725388795621000000,102,5100.0,2024-09-03,3000,30,True,Automatic Execution,Medical,Medical - Biomedical and Genetics,3.02,3.03,2.73,2.83,3,3.7075701760979363,20,3,1,1,1,0
ATHA,Medical,Medical - Biomedical and Genetics,10__0,10,0.0,7. p90_trade_value,5625.0,5625.0,O:ATHA240920P00002500,ATHA,P,2.5,2024-09-20,219,0,304,0.45,1725393050550000000,125,5625.0,2024-09-03,3000,30,True,Intermarket Sweep Order,Medical,Medical - Biomedical and Genetics,3.02,3.03,2.73,2.83,2,3.7501225267834,20,2,1,1,1,0
ATHA,Medical,Medical - Biomedical and Genetics,10__0,10,0.0,1. p999999_trade_value,14940.0,14940.0,O:ATHA240920P00002500,ATHA,P,2.5,2024-09-20,219,0,304,0.45,1725393050550000000,332,14940.0,2024-09-03,3000,30,True,Intermarket Sweep Order,Medical,Medical - Biomedical and Genetics,3.02,3.03,2.73,2.83,1,4.17435059747938,20,1,1,1,1,0
ATRC,Medical,Medical - Products,0__2,0,2.0,1. p999999_trade_value,5200.0,5200.0,O:ATRC241115C00030000,ATRC,C,30.0,2024-11-15,227,0,302,2.6,1730124747001000000,20,5200.0,2024-10-28,3000,30,True,Single Leg Auction Non ISO,Medical,Medical - Products,28.25,29.46,27.71,28.75,1,3.716003343634799,20,1,1,1,1,0
ATXS,Medical,Medical - Biomedical and Genetics,0__2,0,2.0,1. p999999_trade_value,5100.0,5100.0,O:ATXS250620C00005000,ATXS,C,5.0,2025-06-20,209,0,323,0.3,1748546788080000000,170,5100.0,2025-05-29,3000,30,True,Automatic Execution,Medical,Medical - Biomedical and Genetics,4.41,4.98,4.32,4.95,1,3.7075701760979363,20,1,1,0,0,0
AUTL,Medical,Medical - Biomedical and Genetics,5__0,5,0.0,1. p999999_trade_value,8070.0,8070.0,O:AUTL250620C00002000,AUTL,C,2.0,2025-06-20,209,0,323,0.1,1748881333223000000,807,8070.0,2025-06-02,3000,30,True,Automatic Execution,Medical,Medical - Biomedical and Genetics,1.78,1.95,1.745,1.91,1,3.90687353472207,20,1,1,0,0,0
AVDL,Medical,Medical - Drugs,20__0,20,0.0,1. p999999_trade_value,74250.00000000001,74250.00000000001,O:AVDL241115P00012500,AVDL,P,12.5,2024-11-15,229,0,302,1.1,1729176051801000000,675,74250.00000000001,2024-10-17,3000,30,True,Single Leg Cross Non ISO,Medical,Medical - Drugs,13.19,14.07,13.15,13.92,1,4.87069645798925,20,1,1,1,1,0
AVNS,Medical,Medical - Instruments,5__0,5,0.0,1. p999999_trade_value,6500.0,6500.0,O:AVNS250321P00015000,AVNS,P,15.0,2025-03-21,209,0,308,0.65,1740078878839000000,100,6500.0,2025-02-20,3000,30,True,Automatic Execution,Medical,Medical - Instruments,15.45,15.65,15.36,15.48,1,3.8129133566428557,20,1,1,1,1,0
AVTR,Medical,Medical Services,25__2,25,2.0,1. p999999_trade_value,429795.0,429795.0,O:AVTR241115P00020500,AVTR,P,20.5,2024-11-15,231,0,313,0.15,1729864197244000000,28653,429795.0,2024-10-25,3000,30,True,Single Leg Floor Trade,Medical,Medical Services,22.65,22.9,22.14,22.43,1,5.633261358840301,20,1,1,1,0,0
AXSM,Medical,Medical - Biomedical and Genetics,30__1,30,1.0,1. p999999_trade_value,960000.0,960000.0,O:AXSM250117C00095000,AXSM,C,95.0,2025-01-17,235,0,300,9.6,1734640673227000000,1000,960000.0,2024-12-19,3000,30,True,Multi Leg floor trade,Medical,Medical - Biomedical and Genetics,90.9,92.0,88.31,89.74,1,5.982271233039568,20,1,1,0,0,0
AZN,Medical,Medical - Biomedical and Genetics,30__1,30,1.0,1. p999999_trade_value,804004.0,804004.0,O:AZN250417P00072000,AZN,P,72.0,2025-04-17,231,0,323,1.49,1743621298324000000,5396,804004.0,2025-04-02,3000,30,True,Single Leg Floor Trade,Medical,Medical - Biomedical and Genetics,72.52,72.84,72.05,72.22,1,5.905258209412141,20,1,1,1,1,0
AZTA,Medical,Medical Info Systems,10__3,10,3.0,1. p999999_trade_value,260000.0,260000.0,O:AZTA250516P00025000,AZTA,P,25.0,2025-05-16,235,0,313,1.3,1746560803991000000,2000,260000.0,2025-05-06,3000,30,True,Multi Leg floor trade,Medical,Medical Info Systems,25.91,26.07,25.305,25.42,1,5.414973347970818,20,1,1,0,0,0
AZTA,Medical,Medical Info Systems,10__3,10,3.0,8. p75_trade_value,12665.0,12665.0,O:AZTA250516P00025000,AZTA,P,25.0,2025-05-16,232,0,313,1.49,1746561466954000000,85,12665.0,2025-05-06,3000,30,True,Multi Leg auto-electronic trade,Medical,Medical Info Systems,25.91,26.07,25.305,25.42,2,4.102605194126567,20,2,1,0,0,0
BCAB,Medical,Medical - Biomedical and Genetics,10__0,10,0.0,1. p999999_trade_value,6075.0,6075.0,O:BCAB241115C00002500,BCAB,C,2.5,2024-11-15,227,0,302,0.25,1730131014904000000,243,6075.0,2024-10-28,3000,30,True,Single Leg Auction Non ISO,Medical,Medical - Biomedical and Genetics,2.02,2.125,1.97,2.09,1,3.7835462822703496,20,1,1,0,0,0
BDX,Medical,Medical - Dental Supplies,30__1,30,1.0,1. p999999_trade_value,821520.0000000001,821520.0000000001,O:BDX250221P00245000,BDX,P,245.0,2025-02-21,233,0,302,4.2,1738336672939000000,1956,821520.0000000001,2025-01-31,3000,30,True,Multi Leg Auction,Medical,Medical - Dental Supplies,247.86,249.36,246.92,247.6,1,5.914618140849483,20,1,1,1,1,0
BEAM,Medical,Medical - Biomedical and Genetics,20__0,20,0.0,6. p95_trade_value,15200.0,20580.0,O:BEAM241115C00025000,BEAM,C,25.0,2024-11-15,209,0,313,1.4,1730743479869000000,147,20580.0,2024-11-04,3000,30,True,Automatic Execution,Medical,Medical - Biomedical and Genetics,22.75,24.95,22.52,24.36,3,4.313445370426414,20,1,1,1,0,0
BEAM,Medical,Medical - Biomedical and Genetics,20__0,20,0.0,6. p95_trade_value,15200.0,20580.0,O:BEAM241115C00025000,BEAM,C,25.0,2024-11-15,209,0,313,1.4,1730743479869000000,147,20580.0,2024-11-04,3000,30,True,Automatic Execution,Medical,Medical - Biomedical and Genetics,22.75,24.95,22.52,24.36,4,4.313445370426414,20,1,1,1,0,0
BEAM,Medical,Medical - Biomedical and Genetics,20__0,20,0.0,6. p95_trade_value,15200.0,20580.0,O:BEAM241115C00025000,BEAM,C,25.0,2024-11-15,209,0,316,1.52,1730819679951000000,100,15200.0,2024-11-05,3000,30,True,Automatic Execution,Medical,Medical - Biomedical and Genetics,21.62,24.79,21.46,23.93,7,4.181843587944773,20,1,1,1,0,0
BEAM,Medical,Medical - Biomedical and Genetics,20__0,20,0.0,6. p95_trade_value,15200.0,20580.0,O:BEAM241220C00030000,BEAM,C,30.0,2024-12-20,209,0,303,1.15,1732567490031000000,167,19205.0,2024-11-25,3000,30,True,Automatic Execution,Medical,Medical - Biomedical and Genetics,25.94,26.9,25.59,26.65,5,4.283414311501195,20,1,1,0,0,0
BEAM,Medical,Medical - Biomedical and Genetics,20__0,20,0.0,6. p95_trade_value,15200.0,20580.0,O:BEAM241220C00030000,BEAM,C,30.0,2024-12-20,209,0,304,1.15,1732567449383000000,143,16445.0,2024-11-25,3000,30,True,Automatic Execution,Medical,Medical - Biomedical and Genetics,25.94,26.9,25.59,26.65,6,4.216033877818673,20,1,1,0,0,0
BEAM,Medical,Medical - Biomedical and Genetics,20__0,20,0.0,5. p99_trade_value,33000.0,33000.0,O:BEAM241220C00030000,BEAM,C,30.0,2024-12-20,235,0,313,1.1,1732732045203000000,300,33000.0,2024-11-27,3000,30,True,Multi Leg floor trade,Medical,Medical - Biomedical and Genetics,26.09,27.3,26.09,27.2,2,4.518513939877887,20,1,1,0,0,0
BEAM,Medical,Medical - Biomedical and Genetics,20__0,20,0.0,1. p999999_trade_value,34100.0,34100.0,O:BEAM250321C00029000,BEAM,C,29.0,2025-03-21,209,0,302,1.55,1741294381906000000,220,34100.0,2025-03-06,3000,30,True,Automatic Execution,Medical,Medical - Biomedical and Genetics,25.31,27.5,24.52,27.25,1,4.532754378992498,20,1,1,0,0,0
BFLY,Medical,Medical Info Systems,5__0,5,0.0,1. p999999_trade_value,13000.0,13000.0,O:BFLY241115C00002000,BFLY,C,2.0,2024-11-15,227,0,323,0.13,1730397724917000000,1000,13000.0,2024-10-31,3000,30,True,Single Leg Auction Non ISO,Medical,Medical Info Systems,1.87,1.87,1.75,1.78,1,4.113943352306837,20,1,1,1,1,0
BIO,Medical,Medical - Products,15__0,15,0.0,6. p95_trade_value,101250.0,101250.0,O:BIO250516C00250000,BIO,C,250.0,2025-05-16,235,0,300,6.75,1746123622088000000,150,101250.0,2025-05-01,3000,30,True,Multi Leg floor trade,Medical,Medical - Products,243.01,245.175,238.53,240.43,2,5.005395031886706,20,1,1,0,0,0
BIO,Medical,Medical - Products,15__0,15,0.0,1. p999999_trade_value,133000.0,133000.0,O:BIO250516C00250000,BIO,C,250.0,2025-05-16,235,0,300,6.65,1746123270288000000,200,133000.0,2025-05-01,3000,30,True,Multi Leg floor trade,Medical,Medical - Products,243.01,245.175,238.53,240.43,1,5.123851640967086,20,1,1,0,0,0
BKD,Medical,Medical - Nursing Homes,0__2,0,2.0,1. p999999_trade_value,4000.0,4000.0,O:BKD250516C00006000,BKD,C,6.0,2025-05-16,209,0,323,0.4,1745334524514000000,100,4000.0,2025-04-22,3000,30,True,Automatic Execution,Medical,Medical - Nursing Homes,5.91,5.9794,5.81,5.88,1,3.6020599913279625,20,1,1,1,1,0
BLRX,Medical,Medical - Drugs,5__0,5,0.0,1. p999999_trade_value,3730.0000000000005,3730.0000000000005,O:BLRX250620P00004000,BLRX,P,4.0,2025-06-20,209,0,308,0.1,1748613694895000000,373,3730.0000000000005,2025-05-30,3000,30,True,Automatic Execution,Medical,Medical - Drugs,5.87,7.7699,4.9,5.25,1,3.571708831808688,20,1,1,0,0,0
BMRN,Medical,Medical - Biomedical and Genetics,25__0,25,0.0,1. p999999_trade_value,174150.0,174150.0,O:BMRN240920P00082500,BMRN,P,82.5,2024-09-20,227,0,300,0.86,1724766099715000000,2025,174150.0,2024-08-27,3000,30,True,Single Leg Auction Non ISO,Medical,Medical - Biomedical and Genetics,90.18,90.62,88.61,90.46,1,5.240923478794255,20,1,1,1,1,0
BMRN,Medical,Medical - Biomedical and Genetics,25__0,25,0.0,5. p99_trade_value,102000.0,130400.0,O:BMRN250117P00065000,BMRN,P,65.0,2025-01-17,231,0,301,1.0,1736542216948000000,1304,130400.0,2025-01-10,3000,30,True,Single Leg Floor Trade,Medical,Medical - Biomedical and Genetics,67.262,67.94,66.01,67.38,2,5.115277591395901,20,1,1,1,1,0
BMRN,Medical,Medical - Biomedical and Genetics,25__0,25,0.0,5. p99_trade_value,102000.0,130400.0,O:BMRN250221C00067500,BMRN,C,67.5,2025-02-21,235,0,300,1.02,1739990554161000000,1000,102000.0,2025-02-19,3000,30,True,Multi Leg floor trade,Medical,Medical - Biomedical and Genetics,64.65,65.69,64.39,65.61,3,5.008600171761918,20,1,1,1,1,0
BMY,Medical,Medical - Biomedical and Genetics,35__0,35,0.0,5. p99_trade_value,97500.0,315000.0,O:BMY240927P00047000,BMY,P,47.0,2024-09-27,229,0,300,0.52,1725989780551000000,5000,260000.0,2024-09-10,3000,30,True,Single Leg Cross Non ISO,Medical,Medical - Biomedical and Genetics,48.5,49.315,47.97,49.28,5,5.414973347970818,20,1,0,0,0,1
BMY,Medical,Medical - Biomedical and Genetics,35__0,35,0.0,5. p99_trade_value,97500.0,315000.0,O:BMY241018C00051000,BMY,C,51.0,2024-10-18,231,0,301,0.79,1727116638070000000,1836,145044.0,2024-09-23,3000,30,True,Single Leg Floor Trade,Medical,Medical - Biomedical and Genetics,49.56,50.23,49.482249,50.01,20,5.161499768155665,20,1,1,1,1,0
BMY,Medical,Medical - Biomedical and Genetics,35__0,35,0.0,5. p99_trade_value,97500.0,315000.0,O:BMY241004P00049500,BMY,P,49.5,2024-10-04,241,0,323,0.27,1727704441565000000,5000,135000.0,2024-09-30,3000,30,True,Stock Options Cross,Medical,Medical - Biomedical and Genetics,51.51,51.94,51.035,51.74,21,5.1303337684950066,20,1,0,0,0,1
BMY,Medical,Medical - Biomedical and Genetics,35__0,35,0.0,5. p99_trade_value,97500.0,315000.0,O:BMY241115C00057500,BMY,C,57.5,2024-11-15,235,0,323,0.49,1730474196629000000,2500,122500.0,2024-11-01,3000,30,True,Multi Leg floor trade,Medical,Medical - Biomedical and Genetics,55.88,55.9,54.2,54.32,23,5.088136088700551,20,1,1,1,0,0
BMY,Medical,Medical - Biomedical and Genetics,35__0,35,0.0,5. p99_trade_value,97500.0,315000.0,O:BMY250103P00057000,BMY,P,57.0,2025-01-03,239,0,302,0.54,1735315635510000000,4000,216000.0,2024-12-27,3000,30,True,Multi Leg floor trade against single leg(s),Medical,Medical - Biomedical and Genetics,57.65,58.375,57.52,57.68,7,5.334453751150931,20,1,1,1,1,0
BMY,Medical,Medical - Biomedical and Genetics,35__0,35,0.0,5. p99_trade_value,97500.0,315000.0,O:BMY250221C00060000,BMY,C,60.0,2025-02-21,235,0,323,1.52,1737662511431000000,955,145160.0,2025-01-23,3000,30,True,Multi Leg floor trade,Medical,Medical - Biomedical and Genetics,57.14,59.25,57.02,59.14,19,5.161846959528519,20,1,1,0,0,0
BMY,Medical,Medical - Biomedical and Genetics,35__0,35,0.0,5. p99_trade_value,97500.0,315000.0,O:BMY250221C00060000,BMY,C,60.0,2025-02-21,235,0,323,1.52,1737662511431000000,995,151240.0,2025-01-23,3000,30,True,Multi Leg floor trade,Medical,Medical - Biomedical and Genetics,57.14,59.25,57.02,59.14,18,5.179666668690498,20,1,1,0,0,0
BMY,Medical,Medical - Biomedical and Genetics,35__0,35,0.0,5. p99_trade_value,97500.0,315000.0,O:BMY250221C00060000,BMY,C,60.0,2025-02-21,235,0,323,1.52,1737661590014000000,995,151240.0,2025-01-23,3000,30,True,Multi Leg floor trade,Medical,Medical - Biomedical and Genetics,57.14,59.25,57.02,59.14,17,5.179666668690498,20,1,1,0,0,0
BMY,Medical,Medical - Biomedical and Genetics,35__0,35,0.0,5. p99_trade_value,97500.0,315000.0,O:BMY250207C00061000,BMY,C,61.0,2025-02-07,228,0,312,1.13,1738777375309000000,1411,159442.99999999997,2025-02-05,3000,30,True,Single Leg Auction ISO,Medical,Medical - Biomedical and Genetics,59.64,60.36,59.23,59.71,14,5.202605457237768,20,1,0,0,0,1
BMY,Medical,Medical - Biomedical and Genetics,35__0,35,0.0,5. p99_trade_value,97500.0,315000.0,O:BMY250207P00057000,BMY,P,57.0,2025-02-07,235,0,301,0.4,1738785068491000000,5000,200000.0,2025-02-05,3000,30,True,Multi Leg floor trade,Medical,Medical - Biomedical and Genetics,59.64,60.36,59.23,59.71,9,5.301029995663981,20,1,1,1,1,0
BMY,Medical,Medical - Biomedical and Genetics,35__0,35,0.0,5. p99_trade_value,97500.0,315000.0,O:BMY250207P00059000,BMY,P,59.0,2025-02-07,235,0,301,1.05,1738785068491000000,3000,315000.0,2025-02-05,3000,30,True,Multi Leg floor trade,Medical,Medical - Biomedical and Genetics,59.64,60.36,59.23,59.71,4,5.498310553789601,20,1,1,1,1,0
BMY,Medical,Medical - Biomedical and Genetics,35__0,35,0.0,5. p99_trade_value,97500.0,315000.0,O:BMY250321C00060000,BMY,C,60.0,2025-03-21,232,0,308,1.14,1741017041790000000,1000,114000.0,2025-03-03,3000,30,True,Multi Leg auto-electronic trade,Medical,Medical - Biomedical and Genetics,59.75,59.92,59.01,59.87,24,5.056904851336473,20,1,1,1,1,0
BMY,Medical,Medical - Biomedical and Genetics,35__0,35,0.0,5. p99_trade_value,97500.0,315000.0,O:BMY250314P00059000,BMY,P,59.0,2025-03-14,228,0,312,0.82,1741280746109000000,2337,191634.0,2025-03-06,3000,30,True,Single Leg Auction ISO,Medical,Medical - Biomedical and Genetics,59.94,60.7,59.03,60.18,11,5.282472564775944,20,1,1,1,0,0
BMY,Medical,Medical - Biomedical and Genetics,35__0,35,0.0,5. p99_trade_value,97500.0,315000.0,O:BMY250404P00059000,BMY,P,59.0,2025-04-04,232,0,313,1.28,1742931413862000000,1241,158848.0,2025-03-25,3000,30,True,Multi Leg auto-electronic trade,Medical,Medical - Biomedical and Genetics,61.21,61.49,59.18,59.19,15,5.200981751146598,20,1,1,1,1,0
BMY,Medical,Medical - Biomedical and Genetics,35__0,35,0.0,5. p99_trade_value,97500.0,315000.0,O:BMY250404P00059000,BMY,P,59.0,2025-04-04,232,0,313,1.26,1742931378740000000,1249,157374.0,2025-03-25,3000,30,True,Multi Leg auto-electronic trade,Medical,Medical - Biomedical and Genetics,61.21,61.49,59.18,59.19,16,5.196932983491698,20,1,1,1,1,0
BMY,Medical,Medical - Biomedical and Genetics,35__0,35,0.0,5. p99_trade_value,97500.0,315000.0,O:BMY250404P00059000,BMY,P,59.0,2025-04-04,232,0,301,1.28,1742931413763000000,1249,159872.0,2025-03-25,3000,30,True,Multi Leg auto-electronic trade,Medical,Medical - Biomedical and Genetics,61.21,61.49,59.18,59.19,13,5.203772408022004,20,1,1,1,1,0
BMY,Medical,Medical - Biomedical and Genetics,35__0,35,0.0,5. p99_trade_value,97500.0,315000.0,O:BMY250417P00057500,BMY,P,57.5,2025-04-17,228,0,312,1.03,1742932111074000000,1888,194464.0,2025-03-25,3000,30,True,Single Leg Auction ISO,Medical,Medical - Biomedical and Genetics,61.21,61.49,59.18,59.19,10,5.288839214667222,20,1,1,1,1,0
BMY,Medical,Medical - Biomedical and Genetics,35__0,35,0.0,5. p99_trade_value,97500.0,315000.0,O:BMY250425P00059000,BMY,P,59.0,2025-04-25,232,0,313,2.18,1743529979400000000,500,109000.0,2025-04-01,3000,30,True,Multi Leg auto-electronic trade,Medical,Medical - Biomedical and Genetics,60.77,61.1,59.235,59.55,25,5.037426497940624,20,1,1,1,1,0
BMY,Medical,Medical - Biomedical and Genetics,35__0,35,0.0,5. p99_trade_value,97500.0,315000.0,O:BMY250425P00059000,BMY,P,59.0,2025-04-25,232,0,313,1.95,1743516532730000000,500,97500.0,2025-04-01,3000,30,True,Multi Leg auto-electronic trade,Medical,Medical - Biomedical and Genetics,60.77,61.1,59.235,59.55,27,4.989004615698537,20,1,1,1,1,0
BMY,Medical,Medical - Biomedical and Genetics,35__0,35,0.0,5. p99_trade_value,97500.0,315000.0,O:BMY250417P00050000,BMY,P,50.0,2025-04-17,227,0,323,0.38,1743777988414000000,6538,248444.0,2025-04-04,3000,30,True,Single Leg Auction Non ISO,Medical,Medical - Biomedical and Genetics,56.82,57.1688,54.72,55.3,6,5.39522851286116,20,1,1,1,1,0
BMY,Medical,Medical - Biomedical and Genetics,35__0,35,0.0,4. p999_trade_value,344999.99999999994,352872.0,O:BMY250417P00053000,BMY,P,53.0,2025-04-17,229,0,300,1.15,1743791611314000000,3000,344999.99999999994,2025-04-04,3000,30,True,Single Leg Cross Non ISO,Medical,Medical - Biomedical and Genetics,56.82,57.1688,54.72,55.3,3,5.537819095073274,20,1,1,1,1,0
BMY,Medical,Medical - Biomedical and Genetics,35__0,35,0.0,1. p999999_trade_value,770000.0000000001,770000.0000000001,O:BMY250425P00054000,BMY,P,54.0,2025-04-25,241,0,323,2.2,1743785957283000000,3500,770000.0000000001,2025-04-04,3000,30,True,Stock Options Cross,Medical,Medical - Biomedical and Genetics,56.82,57.1688,54.72,55.3,1,5.886490725172482,20,1,1,1,1,0
BMY,Medical,Medical - Biomedical and Genetics,35__0,35,0.0,5. p99_trade_value,97500.0,315000.0,O:BMY250425P00052000,BMY,P,52.0,2025-04-25,232,0,313,2.71,1744141476273000000,469,127099.0,2025-04-08,3000,30,True,Multi Leg auto-electronic trade,Medical,Medical - Biomedical and Genetics,55.17,55.765,52.16,53.07,22,5.104142133589489,20,1,1,1,1,0
BMY,Medical,Medical - Biomedical and Genetics,35__0,35,0.0,5. p99_trade_value,97500.0,315000.0,O:BMY250425P00052000,BMY,P,52.0,2025-04-25,232,0,300,2.68,1744141500944000000,603,161604.00000000003,2025-04-08,3000,30,True,Multi Leg auto-electronic trade,Medical,Medical - Biomedical and Genetics,55.17,55.765,52.16,53.07,12,5.208452106168941,20,1,1,1,1,0
BMY,Medical,Medical - Biomedical and Genetics,35__0,35,0.0,5. p99_trade_value,97500.0,315000.0,O:BMY250411P00048000,BMY,P,48.0,2025-04-11,227,0,312,0.42,1744308113486000000,2498,104915.99999999999,2025-04-10,3000,30,True,Single Leg Auction Non ISO,Medical,Medical - Biomedical and Genetics,53.33,53.42,48.82,50.46,26,5.020841724436017,20,1,0,0,0,1
BMY,Medical,Medical - Biomedical and Genetics,35__0,35,0.0,4. p999_trade_value,344999.99999999994,352872.0,O:BMY250425P00048000,BMY,P,48.0,2025-04-25,235,0,313,0.78,1745347634362000000,4524,352872.0,2025-04-22,3000,30,True,Multi Leg floor trade,Medical,Medical - Biomedical and Genetics,49.31,50.055,48.88,49.82,2,5.5476171989438985,20,1,1,1,1,0
BMY,Medical,Medical - Biomedical and Genetics,35__0,35,0.0,5. p99_trade_value,97500.0,315000.0,O:BMY250516C00049000,BMY,C,49.0,2025-05-16,229,0,300,0.86,1745606923112000000,2500,215000.0,2025-04-25,3000,30,True,Single Leg Cross Non ISO,Medical,Medical - Biomedical and Genetics,48.87,48.945,46.96,47.9,8,5.332438459915605,20,1,1,0,0,0
BTSG,Medical,Medical Services,10__0,10,0.0,8. p75_trade_value,49500.0,49500.0,O:BTSG241115C00017500,BTSG,C,17.5,2024-11-15,231,0,302,0.45,1730223368099000000,1100,49500.0,2024-10-29,3000,30,True,Single Leg Floor Trade,Medical,Medical Services,15.95,16.0905,15.74,15.91,2,4.694605198933568,20,2,1,1,1,0
BTSG,Medical,Medical Services,10__0,10,0.0,1. p999999_trade_value,55000.0,55000.0,O:BTSG241220P00017500,BTSG,P,17.5,2024-12-20,235,0,301,0.55,1732652146496000000,1000,55000.0,2024-11-26,3000,30,True,Multi Leg floor trade,Medical,Medical Services,18.93,18.95,18.22,18.74,1,4.740362689494244,20,1,1,1,1,0
CAPR,Medical,Medical - Products,30__2,30,2.0,1. p999999_trade_value,391000.0,391000.0,O:CAPR241220P00017500,CAPR,P,17.5,2024-12-20,231,0,300,1.7,1732736955570000000,2300,391000.0,2024-11-27,3000,30,True,Single Leg Floor Trade,Medical,Medical - Products,19.09,20.1,18.668,19.04,1,5.592176757395867,20,1,1,1,1,0
CCCC,Medical,Medical - Biomedical and Genetics,10__2,10,2.0,1. p999999_trade_value,850000.0,850000.0,O:CCCC240920P00006000,CCCC,P,6.0,2024-09-20,229,0,302,0.85,1724774360940000000,10000,850000.0,2024-08-27,3000,30,True,Single Leg Cross Non ISO,Medical,Medical - Biomedical and Genetics,6.81,6.94,6.27,6.43,1,5.929418925714293,20,1,1,0,0,0
CCLD,Medical,Medical Info Systems,0__2,0,2.0,1. p999999_trade_value,4768.0,4768.0,O:CCLD250321C00002000,CCLD,C,2.0,2025-03-21,209,0,316,0.16,1741615889715000000,298,4768.0,2025-03-10,3000,30,True,Automatic Execution,Medical,Medical Info Systems,1.63,1.94,1.51,1.68,1,3.67833624673218,20,1,1,0,0,0
CDTX,Medical,Medical - Biomedical and Genetics,10__0,10,0.0,1. p999999_trade_value,10620.0,10620.0,O:CDTX250620C00025000,CDTX,C,25.0,2025-06-20,209,0,325,3.54,1748359712084000000,30,10620.0,2025-05-27,3000,30,True,Automatic Execution,Medical,Medical - Biomedical and Genetics,24.57,24.645,22.96,24.0,1,4.02612451674545,20,1,1,0,0,0
CELC,Medical,Medical - Biomedical and Genetics,0__0,0,0.0,1. p999999_trade_value,14500.0,14500.0,O:CELC250417C00010000,CELC,C,10.0,2025-04-17,209,0,308,1.45,1744121754679000000,100,14500.0,2025-04-08,3000,30,True,Automatic Execution,Medical,Medical - Biomedical and Genetics,9.24,9.71,7.575,8.21,1,4.161368002234975,20,1,1,1,1,0
CERS,Medical,Medical - Products,0__2,0,2.0,1. p999999_trade_value,3020.0000000000005,3020.0000000000005,O:CERS241115C00002000,CERS,C,2.0,2024-11-15,209,0,308,0.05,1730143256050000000,604,3020.0000000000005,2024-10-28,3000,30,True,Automatic Execution,Medical,Medical - Products,1.71,1.805,1.68,1.72,1,3.4800069429571505,20,1,1,0,0,0
CGON,Medical,Medical - Biomedical and Genetics,20__2,20,2.0,1. p999999_trade_value,440000.0,440000.0,O:CGON250516C00025000,CGON,C,25.0,2025-05-16,229,0,302,2.2,1745609764028000000,2000,440000.0,2025-04-25,3000,30,True,Single Leg Cross Non ISO,Medical,Medical - Biomedical and Genetics,21.1,22.45,21.0,22.37,1,5.643452676486188,20,1,1,1,1,0
CI,Medical,Medical - HMOs,35__0,35,0.0,5. p99_trade_value,77600.0,325000.0,O:CI240927P00347500,CI,P,347.5,2024-09-27,227,0,302,2.04,1727200738200000000,659,134436.0,2024-09-24,3000,30,True,Single Leg Auction Non ISO,Medical,Medical - HMOs,354.39,355.44,350.0,353.17,8,5.128515582019909,20,1,1,1,0,0
CI,Medical,Medical - HMOs,35__0,35,0.0,5. p99_trade_value,77600.0,325000.0,O:CI241108P00325000,CI,P,325.0,2024-11-08,242,0,323,6.5,1729268132962000000,500,325000.0,2024-10-18,3000,30,True,Stock Options floor trade,Medical,Medical - HMOs,353.55,353.55,335.96,336.0,4,5.511883360978874,20,1,1,1,1,0
CI,Medical,Medical - HMOs,35__0,35,0.0,4. p999_trade_value,392920.0,440000.0,O:CI241101C00325000,CI,C,325.0,2024-11-01,242,0,323,4.7,1730135737852000000,836,392920.0,2024-10-28,3000,30,True,Stock Options floor trade,Medical,Medical - HMOs,317.26,318.25,313.595,314.92,3,5.594304135374734,20,1,1,0,0,0
CI,Medical,Medical - HMOs,35__0,35,0.0,5. p99_trade_value,77600.0,325000.0,O:CI241101C00320000,CI,C,320.0,2024-11-01,235,0,301,5.4,1730218800833000000,175,94500.00000000001,2024-10-29,3000,30,True,Multi Leg floor trade,Medical,Medical - HMOs,314.83,315.11,307.86,308.23,14,4.975431808509263,20,1,1,0,0,0
CI,Medical,Medical - HMOs,35__0,35,0.0,5. p99_trade_value,77600.0,325000.0,O:CI241101C00320000,CI,C,320.0,2024-11-01,235,0,301,5.4,1730218800833000000,175,94500.00000000001,2024-10-29,3000,30,True,Multi Leg floor trade,Medical,Medical - HMOs,314.83,315.11,307.86,308.23,15,4.975431808509263,20,1,1,0,0,0
CI,Medical,Medical - HMOs,35__0,35,0.0,5. p99_trade_value,77600.0,325000.0,O:CI241129C00345000,CI,C,345.0,2024-11-29,209,0,308,4.1,1730395094420000000,196,80359.99999999999,2024-10-31,3000,30,True,Automatic Execution,Medical,Medical - HMOs,333.38,342.39,313.95,314.81,23,4.905039928076212,20,1,1,0,0,0
CI,Medical,Medical - HMOs,35__0,35,0.0,5. p99_trade_value,77600.0,325000.0,O:CI241220C00340000,CI,C,340.0,2024-12-20,209,0,323,3.4,1732213341964000000,256,87040.0,2024-11-21,3000,30,True,Automatic Execution,Medical,Medical - HMOs,324.92,331.07,322.21,330.07,16,4.9397188823541045,20,1,1,0,0,0
CI,Medical,Medical - HMOs,35__0,35,0.0,5. p99_trade_value,77600.0,325000.0,O:CI241213C00325000,CI,C,325.0,2024-12-13,235,0,301,2.6,1733498798157000000,500,130000.0,2024-12-06,3000,30,True,Multi Leg floor trade,Medical,Medical - HMOs,323.47,323.915,315.1,317.81,9,5.113943352306837,20,1,0,0,0,1
CI,Medical,Medical - HMOs,35__0,35,0.0,5. p99_trade_value,77600.0,325000.0,O:CI241220P00275000,CI,P,275.0,2024-12-20,231,0,313,1.05,1734023329378000000,1000,105000.0,2024-12-12,3000,30,True,Single Leg Floor Trade,Medical,Medical - HMOs,293.0,296.83,282.27,282.96,12,5.021189299069938,20,1,1,1,0,0
CI,Medical,Medical - HMOs,35__0,35,0.0,5. p99_trade_value,77600.0,325000.0,O:CI250117P00260000,CI,P,260.0,2025-01-17,232,0,300,5.45,1734535925693000000,153,83385.0,2024-12-18,3000,30,True,Multi Leg auto-electronic trade,Medical,Medical - HMOs,276.45,284.29,272.24,282.41,21,4.921087933094241,20,1,0,0,0,1
CI,Medical,Medical - HMOs,35__0,35,0.0,5. p99_trade_value,77600.0,325000.0,O:CI250117C00290000,CI,C,290.0,2025-01-17,235,0,301,3.6,1736182938148000000,533,191880.0,2025-01-06,3000,30,True,Multi Leg floor trade,Medical,Medical - HMOs,278.57,284.25,278.01,279.66,5,5.283029709793859,20,1,0,0,0,1
CI,Medical,Medical - HMOs,35__0,35,0.0,5. p99_trade_value,77600.0,325000.0,O:CI250117P00275000,CI,P,275.0,2025-01-17,235,0,301,3.5,1736182938148000000,533,186550.0,2025-01-06,3000,30,True,Multi Leg floor trade,Medical,Medical - HMOs,278.57,284.25,278.01,279.66,6,5.270795253376848,20,1,1,0,0,0
CI,Medical,Medical - HMOs,35__0,35,0.0,5. p99_trade_value,77600.0,325000.0,O:CI250131C00292500,CI,C,292.5,2025-01-31,227,0,312,6.0,1737477328456000000,173,103800.0,2025-01-21,3000,30,True,Single Leg Auction Non ISO,Medical,Medical - HMOs,283.99,288.6,283.0,288.59,13,5.016197353512439,20,1,1,1,1,0
CI,Medical,Medical - HMOs,35__0,35,0.0,5. p99_trade_value,77600.0,325000.0,O:CI250131P00280000,CI,P,280.0,2025-01-31,209,0,313,4.2,1737642978062000000,195,81900.0,2025-01-23,3000,30,True,Automatic Execution,Medical,Medical - HMOs,291.83,296.6,288.67,294.99,22,4.913283901760418,20,1,1,0,0,0
CI,Medical,Medical - HMOs,35__0,35,0.0,5. p99_trade_value,77600.0,325000.0,O:CI250131P00285000,CI,P,285.0,2025-01-31,231,0,302,1.75,1738172182911000000,450,78750.0,2025-01-29,3000,30,True,Single Leg Floor Trade,Medical,Medical - HMOs,303.29,305.76,301.47,303.31,24,4.896250562461638,20,1,1,1,0,0
CI,Medical,Medical - HMOs,35__0,35,0.0,1. p999999_trade_value,520000.0,520000.0,O:CI250131P00297500,CI,P,297.5,2025-01-31,241,0,308,5.2,1738169628144000000,1000,520000.0,2025-01-29,3000,30,True,Stock Options Cross,Medical,Medical - HMOs,303.29,305.76,301.47,303.31,1,5.7160033436347994,20,1,1,1,1,0
CI,Medical,Medical - HMOs,35__0,35,0.0,5. p99_trade_value,77600.0,325000.0,O:CI250328P00312500,CI,P,312.5,2025-03-28,209,0,308,4.7,1741704732199000000,264,124080.0,2025-03-11,3000,30,True,Automatic Execution,Medical,Medical - HMOs,327.65,327.65,316.33,317.87,10,5.093701784805549,20,1,1,0,0,0
CI,Medical,Medical - HMOs,35__0,35,0.0,5. p99_trade_value,77600.0,325000.0,O:CI250502C00335000,CI,C,335.0,2025-05-02,209,0,308,8.1,1744916250926000000,200,162000.0,2025-04-17,3000,30,True,Automatic Execution,Medical,Medical - HMOs,324.45,333.51,324.45,330.13,7,5.209515014542631,20,1,1,1,0,0
CI,Medical,Medical - HMOs,35__0,35,0.0,4. p999_trade_value,392920.0,440000.0,O:CI250516P00330000,CI,P,330.0,2025-05-16,231,0,301,8.8,1745607162655000000,500,440000.0,2025-04-25,3000,30,True,Single Leg Floor Trade,Medical,Medical - HMOs,336.76,336.76,331.21,335.36,2,5.643452676486188,20,1,1,1,1,0
CI,Medical,Medical - HMOs,35__0,35,0.0,5. p99_trade_value,77600.0,325000.0,O:CI250530C00330000,CI,C,330.0,2025-05-30,209,0,308,2.75,1747422480944000000,400,110000.0,2025-05-16,3000,30,True,Automatic Execution,Medical,Medical - HMOs,309.4,320.97,307.78,320.94,11,5.041392685158225,20,1,0,0,0,1
CI,Medical,Medical - HMOs,35__0,35,0.0,5. p99_trade_value,77600.0,325000.0,O:CI250620P00310000,CI,P,310.0,2025-06-20,232,0,302,9.5,1747927926814000000,89,84550.0,2025-05-22,3000,30,True,Multi Leg auto-electronic trade,Medical,Medical - HMOs,315.91,316.46,310.2,312.68,19,4.927113611933761,20,1,1,0,0,0
CI,Medical,Medical - HMOs,35__0,35,0.0,5. p99_trade_value,77600.0,325000.0,O:CI250620P00310000,CI,P,310.0,2025-06-20,232,0,308,9.5,1747927926714000000,90,85500.0,2025-05-22,3000,30,True,Multi Leg auto-electronic trade,Medical,Medical - HMOs,315.91,316.46,310.2,312.68,18,4.931966114728173,20,1,1,0,0,0
CI,Medical,Medical - HMOs,35__0,35,0.0,5. p99_trade_value,77600.0,325000.0,O:CI250620P00310000,CI,P,310.0,2025-06-20,232,0,312,9.5,1747927926914000000,91,86450.0,2025-05-22,3000,30,True,Multi Leg auto-electronic trade,Medical,Medical - HMOs,315.91,316.46,310.2,312.68,17,4.9367649976099415,20,1,1,0,0,0
CI,Medical,Medical - HMOs,35__0,35,0.0,5. p99_trade_value,77600.0,325000.0,O:CI250620P00310000,CI,P,310.0,2025-06-20,232,0,323,9.37,1747927926814000000,89,83393.0,2025-05-22,3000,30,True,Multi Leg auto-electronic trade,Medical,Medical - HMOs,315.91,316.46,310.2,312.68,20,4.921129597532691,20,1,1,0,0,0
CI,Medical,Medical - HMOs,35__0,35,0.0,5. p99_trade_value,77600.0,325000.0,O:CI250620P00310000,CI,P,310.0,2025-06-20,232,0,304,9.7,1747927926823000000,80,77600.0,2025-05-22,3000,30,True,Multi Leg auto-electronic trade,Medical,Medical - HMOs,315.91,316.46,310.2,312.68,25,4.889861721258188,20,1,1,0,0,0
CLDX,Medical,Medical - Biomedical and Genetics,20__2,20,2.0,1. p999999_trade_value,174500.0,174500.0,O:CLDX241018P00040000,CLDX,P,40.0,2024-10-18,235,0,301,5.0,1726854174780000000,349,174500.0,2024-09-20,3000,30,True,Multi Leg floor trade,Medical,Medical - Biomedical and Genetics,41.13,41.88,40.45,41.24,1,5.241795431295198,20,1,1,1,1,0
CLDX,Medical,Medical - Biomedical and Genetics,20__2,20,2.0,6. p95_trade_value,76140.0,160000.0,O:CLDX250117P00023000,CLDX,P,23.0,2025-01-17,229,0,308,1.0,1735936822545000000,1000,100000.0,2025-01-03,3000,30,True,Single Leg Cross Non ISO,Medical,Medical - Biomedical and Genetics,25.9,27.05,25.79,26.81,3,5.0,20,1,1,1,0,0
CLDX,Medical,Medical - Biomedical and Genetics,20__2,20,2.0,6. p95_trade_value,76140.0,160000.0,O:CLDX250117P00025000,CLDX,P,25.0,2025-01-17,229,0,308,1.8,1735932489936000000,423,76140.0,2025-01-03,3000,30,True,Single Leg Cross Non ISO,Medical,Medical - Biomedical and Genetics,25.9,27.05,25.79,26.81,4,4.881612872478349,20,1,1,1,1,0
CLDX,Medical,Medical - Biomedical and Genetics,20__2,20,2.0,6. p95_trade_value,76140.0,160000.0,O:CLDX250117P00025000,CLDX,P,25.0,2025-01-17,231,0,323,1.6,1736270120108000000,1000,160000.0,2025-01-07,3000,30,True,Single Leg Floor Trade,Medical,Medical - Biomedical and Genetics,26.54,28.88,26.54,27.6,2,5.204119982655925,20,1,1,1,1,0
CLOV,Medical,Medical Info Systems,25__0,25,0.0,5. p99_trade_value,20295.0,28458.0,O:CLOV240927C00003000,CLOV,C,3.0,2024-09-27,209,0,313,0.3,1725460328205000000,700,21000.0,2024-09-04,3000,30,True,Automatic Execution,Medical,Medical Info Systems,2.72,2.985,2.67,2.865,3,4.3222192947339195,20,1,1,0,0,0
CLOV,Medical,Medical Info Systems,25__0,25,0.0,5. p99_trade_value,20295.0,28458.0,O:CLOV241122C00004500,CLOV,C,4.5,2024-11-22,209,0,313,0.41,1730834270780000000,495,20295.0,2024-11-05,3000,30,True,Automatic Execution,Medical,Medical Info Systems,4.35,4.37,4.21,4.32,4,4.307389055653304,20,1,1,0,0,0
CLOV,Medical,Medical Info Systems,25__0,25,0.0,1. p999999_trade_value,39760.0,39760.0,O:CLOV241122C00004500,CLOV,C,4.5,2024-11-22,209,0,323,0.4,1730817064186000000,994,39760.0,2024-11-05,3000,30,True,Automatic Execution,Medical,Medical Info Systems,4.35,4.37,4.21,4.32,1,4.599446375725275,20,1,1,0,0,0
CLOV,Medical,Medical Info Systems,25__0,25,0.0,5. p99_trade_value,20295.0,28458.0,O:CLOV250314C00004500,CLOV,C,4.5,2025-03-14,209,0,323,0.31,1740407477122000000,918,28458.0,2025-02-24,3000,30,True,Automatic Execution,Medical,Medical Info Systems,4.45,4.49,4.17,4.18,2,4.454204375035515,20,1,1,0,0,0
CLPT,Medical,Medical - Instruments,15__0,15,0.0,6. p95_trade_value,29250.0,29250.0,O:CLPT250321C00017500,CLPT,C,17.5,2025-03-21,209,0,301,1.3,1740513709434000000,225,29250.0,2025-02-25,3000,30,True,Automatic Execution,Medical,Medical - Instruments,16.27,16.89,15.28,16.72,2,4.4661258704182,20,1,1,0,0,0
CLPT,Medical,Medical - Instruments,15__0,15,0.0,1. p999999_trade_value,32000.0,32000.0,O:CLPT250321C00017500,CLPT,C,17.5,2025-03-21,209,0,301,1.6,1740513528577000000,200,32000.0,2025-02-25,3000,30,True,Automatic Execution,Medical,Medical - Instruments,16.27,16.89,15.28,16.72,1,4.505149978319906,20,1,1,0,0,0
CLPT,Medical,Medical - Instruments,15__0,15,0.0,7. p90_trade_value,17000.0,17000.0,O:CLPT250516C00015000,CLPT,C,15.0,2025-05-16,209,0,308,0.85,1745510517929000000,200,17000.0,2025-04-24,3000,30,True,Automatic Execution,Medical,Medical - Instruments,13.32,14.33,13.081,14.29,3,4.230448921378274,20,2,1,0,0,0
CNC,Medical,Medical - HMOs,30__2,30,2.0,1. p999999_trade_value,370800.0,370800.0,O:CNC250117C00064000,CNC,C,64.0,2025-01-17,231,0,323,0.8,1736267484820000000,4635,370800.0,2025-01-07,3000,30,True,Single Leg Floor Trade,Medical,Medical - HMOs,62.88,63.18,62.0925,62.61,1,5.56913972547246,20,1,1,0,0,0
CNC,Medical,Medical - HMOs,30__2,30,2.0,4. p999_trade_value,292500.0,292500.0,O:CNC250321C00060000,CNC,C,60.0,2025-03-21,235,0,300,1.3,1739993414964000000,2250,292500.0,2025-02-19,3000,30,True,Multi Leg floor trade,Medical,Medical - HMOs,56.08,58.01,55.82,57.66,2,5.4661258704182,20,1,1,0,0,0
CNTA,Medical,Medical - Drugs,20__1,20,1.0,1. p999999_trade_value,600000.0,600000.0,O:CNTA240920C00015000,CNTA,C,15.0,2024-09-20,229,0,302,1.2,1724862948367000000,5000,600000.0,2024-08-28,3000,30,True,Single Leg Cross Non ISO,Medical,Medical - Drugs,13.36,13.9,13.26,13.48,1,5.778151250383644,20,1,1,1,1,0
CRDF,Medical,Medical - Biomedical and Genetics,10__0,10,0.0,7. p90_trade_value,31200.0,31200.0,O:CRDF241220P00002500,CRDF,P,2.5,2024-12-20,231,0,301,0.6,1733256795497000000,520,31200.0,2024-12-03,3000,30,True,Single Leg Floor Trade,Medical,Medical - Biomedical and Genetics,2.67,2.68,2.535,2.59,2,4.494154594018442,20,2,1,0,0,0
CRDF,Medical,Medical - Biomedical and Genetics,10__0,10,0.0,1. p999999_trade_value,44132.0,44132.0,O:CRDF241220P00002500,CRDF,P,2.5,2024-12-20,227,0,309,0.59,1733251857462000000,748,44132.0,2024-12-03,3000,30,True,Single Leg Auction Non ISO,Medical,Medical - Biomedical and Genetics,2.67,2.68,2.535,2.59,1,4.644753609506606,20,1,1,0,0,0
CRL,Medical,Medical Services,25__0,25,0.0,8. p75_trade_value,7400.0,12749.999999999998,O:CRL241018P00190000,CRL,P,190.0,2024-10-18,209,0,316,5.5,1727276709165000000,15,8250.0,2024-09-25,3000,30,True,Automatic Execution,Medical,Medical Services,200.49,200.9,190.7162,192.9,100,3.916453948549925,20,5,1,0,0,0
CRL,Medical,Medical Services,25__0,25,0.0,8. p75_trade_value,7400.0,12749.999999999998,O:CRL241018P00190000,CRL,P,190.0,2024-10-18,209,0,307,5.1,1727277288177000000,18,9180.0,2024-09-25,3000,30,True,Automatic Execution,Medical,Medical Services,200.49,200.9,190.7162,192.9,82,3.9628426812012423,20,4,1,0,0,0
CRL,Medical,Medical Services,25__0,25,0.0,8. p75_trade_value,7400.0,12749.999999999998,O:CRL241018P00190000,CRL,P,190.0,2024-10-18,232,0,313,4.89,1727273563695000000,20,9780.0,2024-09-25,3000,30,True,Multi Leg auto-electronic trade,Medical,Medical Services,200.49,200.9,190.7162,192.9,75,3.9903388547876015,20,4,1,0,0,0
CRL,Medical,Medical Services,25__0,25,0.0,8. p75_trade_value,7400.0,12749.999999999998,O:CRL241018P00190000,CRL,P,190.0,2024-10-18,209,0,316,5.5,1727276713772000000,14,7700.0,2024-09-25,3000,30,True,Automatic Execution,Medical,Medical Services,200.49,200.9,190.7162,192.9,111,3.886490725172482,20,5,1,0,0,0
CRL,Medical,Medical Services,25__0,25,0.0,8. p75_trade_value,7400.0,12749.999999999998,O:CRL241018P00190000,CRL,P,190.0,2024-10-18,209,0,316,5.5,1727276611215000000,14,7700.0,2024-09-25,3000,30,True,Automatic Execution,Medical,Medical Services,200.49,200.9,190.7162,192.9,112,3.886490725172482,20,5,1,0,0,0
CRL,Medical,Medical Services,25__0,25,0.0,8. p75_trade_value,7400.0,12749.999999999998,O:CRL241018P00190000,CRL,P,190.0,2024-10-18,209,0,316,5.5,1727276703586000000,15,8250.0,2024-09-25,3000,30,True,Automatic Execution,Medical,Medical Services,200.49,200.9,190.7162,192.9,101,3.916453948549925,20,5,1,0,0,0
CRL,Medical,Medical Services,25__0,25,0.0,8. p75_trade_value,7400.0,12749.999999999998,O:CRL241018P00190000,CRL,P,190.0,2024-10-18,209,0,316,5.5,1727276700748000000,15,8250.0,2024-09-25,3000,30,True,Automatic Execution,Medical,Medical Services,200.49,200.9,190.7162,192.9,102,3.916453948549925,20,5,1,0,0,0
CRL,Medical,Medical Services,25__0,25,0.0,7. p90_trade_value,13200.0,21339.999999999996,O:CRL241018P00190000,CRL,P,190.0,2024-10-18,209,0,316,5.3,1727273875085000000,27,14310.0,2024-09-25,3000,30,True,Automatic Execution,Medical,Medical Services,200.49,200.9,190.7162,192.9,44,4.155639633759776,20,2,1,0,0,0
CRL,Medical,Medical Services,25__0,25,0.0,8. p75_trade_value,7400.0,12749.999999999998,O:CRL241018P00190000,CRL,P,190.0,2024-10-18,209,0,325,3.7,1727366169677000000,20,7400.0,2024-09-26,3000,30,True,Automatic Execution,Medical,Medical Services,196.31,199.26,194.5,198.26,119,3.8692317197309762,20,5,1,0,0,0
CRL,Medical,Medical Services,25__0,25,0.0,8. p75_trade_value,7400.0,12749.999999999998,O:CRL241018P00190000,CRL,P,190.0,2024-10-18,209,0,325,3.7,1727366307497000000,24,8880.000000000002,2024-09-26,3000,30,True,Automatic Execution,Medical,Medical Services,196.31,199.26,194.5,198.26,87,3.948412965778601,20,4,1,0,0,0
CRL,Medical,Medical Services,25__0,25,0.0,8. p75_trade_value,7400.0,12749.999999999998,O:CRL241018P00190000,CRL,P,190.0,2024-10-18,209,0,316,4.0,1727714150540000000,30,12000.0,2024-09-30,3000,30,True,Automatic Execution,Medical,Medical Services,196.92,198.98,194.2,196.97,59,4.079181246047625,20,3,1,0,0,0
CRL,Medical,Medical Services,25__0,25,0.0,8. p75_trade_value,7400.0,12749.999999999998,O:CRL241018P00190000,CRL,P,190.0,2024-10-18,209,0,316,4.0,1727708728174000000,31,12400.0,2024-09-30,3000,30,True,Automatic Execution,Medical,Medical Services,196.92,198.98,194.2,196.97,53,4.093421685162235,20,3,1,0,0,0
CRL,Medical,Medical Services,25__0,25,0.0,8. p75_trade_value,7400.0,12749.999999999998,O:CRL241018P00190000,CRL,P,190.0,2024-10-18,209,0,316,4.0,1727707933559000000,31,12400.0,2024-09-30,3000,30,True,Automatic Execution,Medical,Medical Services,196.92,198.98,194.2,196.97,54,4.093421685162235,20,3,1,0,0,0
CRL,Medical,Medical Services,25__0,25,0.0,8. p75_trade_value,7400.0,12749.999999999998,O:CRL241018P00190000,CRL,P,190.0,2024-10-18,209,0,316,4.0,1727708606953000000,30,12000.0,2024-09-30,3000,30,True,Automatic Execution,Medical,Medical Services,196.92,198.98,194.2,196.97,60,4.079181246047625,20,3,1,0,0,0
CRL,Medical,Medical Services,25__0,25,0.0,7. p90_trade_value,13200.0,21339.999999999996,O:CRL241018P00190000,CRL,P,190.0,2024-10-18,209,0,316,4.0,1727708665210000000,33,13200.0,2024-09-30,3000,30,True,Automatic Execution,Medical,Medical Services,196.92,198.98,194.2,196.97,48,4.12057393120585,20,2,1,0,0,0
CRL,Medical,Medical Services,25__0,25,0.0,8. p75_trade_value,7400.0,12749.999999999998,O:CRL241018C00195000,CRL,C,195.0,2024-10-18,227,0,323,4.39,1727963647748000000,20,8780.0,2024-10-03,3000,30,True,Single Leg Auction Non ISO,Medical,Medical Services,191.32,193.9,189.38,189.59,88,3.9434945159061026,20,4,1,1,1,0
CRL,Medical,Medical Services,25__0,25,0.0,6. p95_trade_value,22000.000000000004,73750.0,O:CRL241115C00210000,CRL,C,210.0,2024-11-15,209,0,316,5.3,1729089648587000000,73,38690.0,2024-10-16,3000,30,True,Automatic Execution,Medical,Medical Services,192.79,197.04,192.625,195.11,12,4.587598729721245,20,1,1,0,0,0
CRL,Medical,Medical Services,25__0,25,0.0,8. p75_trade_value,7400.0,12749.999999999998,O:CRL241115C00210000,CRL,C,210.0,2024-11-15,227,0,323,5.45,1729191104978000000,14,7630.0,2024-10-17,3000,30,True,Single Leg Auction Non ISO,Medical,Medical Services,198.07,198.6,195.55,197.78,113,3.8825245379548803,20,5,1,0,0,0
CRL,Medical,Medical Services,25__0,25,0.0,5. p99_trade_value,87500.0,442395.00000000006,O:CRL241115C00210000,CRL,C,210.0,2024-11-15,231,0,323,6.1,1729173943332000000,711,433709.99999999994,2024-10-17,3000,30,True,Single Leg Floor Trade,Medical,Medical Services,198.07,198.6,195.55,197.78,3,5.637199435740533,20,1,1,0,0,0
CRL,Medical,Medical Services,25__0,25,0.0,5. p99_trade_value,87500.0,442395.00000000006,O:CRL241115C00210000,CRL,C,210.0,2024-11-15,227,0,323,5.65,1729191104978000000,783,442395.00000000006,2024-10-17,3000,30,True,Single Leg Auction Non ISO,Medical,Medical Services,198.07,198.6,195.55,197.78,2,5.645810209877382,20,1,1,0,0,0
CRL,Medical,Medical Services,25__0,25,0.0,8. p75_trade_value,7400.0,12749.999999999998,O:CRL241115C00190000,CRL,C,190.0,2024-11-15,209,0,316,7.3,1729795285774000000,12,8760.0,2024-10-24,3000,30,True,Automatic Execution,Medical,Medical Services,185.0,186.32,180.22,182.73,89,3.9425041061680806,20,4,1,1,0,0
CRL,Medical,Medical Services,25__0,25,0.0,8. p75_trade_value,7400.0,12749.999999999998,O:CRL241115P00180000,CRL,P,180.0,2024-11-15,209,0,313,9.5,1729784842919000000,9,8550.0,2024-10-24,3000,30,True,Automatic Execution,Medical,Medical Services,185.0,186.32,180.22,182.73,96,3.931966114728173,20,4,1,0,0,0
CRL,Medical,Medical Services,25__0,25,0.0,7. p90_trade_value,13200.0,21339.999999999996,O:CRL241115P00180000,CRL,P,180.0,2024-11-15,209,0,325,9.8,1729787843556000000,16,15680.000000000002,2024-10-24,3000,30,True,Automatic Execution,Medical,Medical Services,185.0,186.32,180.22,182.73,38,4.19534605834842,20,2,1,0,0,0
CRL,Medical,Medical Services,25__0,25,0.0,8. p75_trade_value,7400.0,12749.999999999998,O:CRL241115P00180000,CRL,P,180.0,2024-11-15,227,0,323,8.28,1729783875365000000,10,8280.0,2024-10-24,3000,30,True,Single Leg Auction Non ISO,Medical,Medical Services,185.0,186.32,180.22,182.73,99,3.9180303367848803,20,5,1,0,0,0
CRL,Medical,Medical Services,25__0,25,0.0,8. p75_trade_value,7400.0,12749.999999999998,O:CRL241115P00180000,CRL,P,180.0,2024-11-15,209,0,316,8.8,1729796222354000000,14,12320.000000000002,2024-10-24,3000,30,True,Automatic Execution,Medical,Medical Services,185.0,186.32,180.22,182.73,56,4.090610707828406,20,3,1,0,0,0
CRL,Medical,Medical Services,25__0,25,0.0,8. p75_trade_value,7400.0,12749.999999999998,O:CRL241115P00180000,CRL,P,180.0,2024-11-15,209,0,313,9.5,1729784842840000000,12,11400.0,2024-10-24,3000,30,True,Automatic Execution,Medical,Medical Services,185.0,186.32,180.22,182.73,67,4.056904851336473,20,3,1,0,0,0
CRL,Medical,Medical Services,25__0,25,0.0,8. p75_trade_value,7400.0,12749.999999999998,O:CRL241115P00180000,CRL,P,180.0,2024-11-15,209,0,316,8.7,1729796237688000000,13,11310.0,2024-10-24,3000,30,True,Automatic Execution,Medical,Medical Services,185.0,186.32,180.22,182.73,68,4.053462604925455,20,3,1,0,0,0
CRL,Medical,Medical Services,25__0,25,0.0,8. p75_trade_value,7400.0,12749.999999999998,O:CRL241115P00180000,CRL,P,180.0,2024-11-15,209,0,322,9.2,1729784766446000000,12,11040.0,2024-10-24,3000,30,True,Automatic Execution,Medical,Medical Services,185.0,186.32,180.22,182.73,70,4.04296907339318,20,3,1,0,0,0
CRL,Medical,Medical Services,25__0,25,0.0,8. p75_trade_value,7400.0,12749.999999999998,O:CRL241115P00180000,CRL,P,180.0,2024-11-15,209,0,316,9.9,1729786979092000000,10,9900.0,2024-10-24,3000,30,True,Automatic Execution,Medical,Medical Services,185.0,186.32,180.22,182.73,73,3.99563519459755,20,4,1,0,0,0
CRL,Medical,Medical Services,25__0,25,0.0,8. p75_trade_value,7400.0,12749.999999999998,O:CRL241115P00180000,CRL,P,180.0,2024-11-15,209,0,308,9.0,1729784728864000000,10,9000.0,2024-10-24,3000,30,True,Automatic Execution,Medical,Medical Services,185.0,186.32,180.22,182.73,85,3.9542425094393248,20,4,1,0,0,0
CRL,Medical,Medical Services,25__0,25,0.0,8. p75_trade_value,7400.0,12749.999999999998,O:CRL241115P00180000,CRL,P,180.0,2024-11-15,209,0,301,7.5,1729777851131000000,10,7500.0,2024-10-24,3000,30,True,Automatic Execution,Medical,Medical Services,185.0,186.32,180.22,182.73,114,3.8750612633917,20,5,1,0,0,0
CRL,Medical,Medical Services,25__0,25,0.0,7. p90_trade_value,13200.0,21339.999999999996,O:CRL241115P00180000,CRL,P,180.0,2024-11-15,209,0,316,8.5,1729796242960000000,20,17000.0,2024-10-24,3000,30,True,Automatic Execution,Medical,Medical Services,185.0,186.32,180.22,182.73,32,4.230448921378274,20,2,1,0,0,0
CRL,Medical,Medical Services,25__0,25,0.0,7. p90_trade_value,13200.0,21339.999999999996,O:CRL241115P00180000,CRL,P,180.0,2024-11-15,209,0,316,9.9,1729786973037000000,17,16830.0,2024-10-24,3000,30,True,Automatic Execution,Medical,Medical Services,185.0,186.32,180.22,182.73,33,4.226084115975824,20,2,1,0,0,0
CRL,Medical,Medical Services,25__0,25,0.0,7. p90_trade_value,13200.0,21339.999999999996,O:CRL241115P00180000,CRL,P,180.0,2024-11-15,209,0,325,9.6,1729787655080000000,15,14400.0,2024-10-24,3000,30,True,Automatic Execution,Medical,Medical Services,185.0,186.32,180.22,182.73,43,4.158362492095249,20,2,1,0,0,0
CRL,Medical,Medical Services,25__0,25,0.0,7. p90_trade_value,13200.0,21339.999999999996,O:CRL241115P00180000,CRL,P,180.0,2024-11-15,209,0,325,9.8,1729787812150000000,16,15680.000000000002,2024-10-24,3000,30,True,Automatic Execution,Medical,Medical Services,185.0,186.32,180.22,182.73,39,4.19534605834842,20,2,1,0,0,0
CRL,Medical,Medical Services,25__0,25,0.0,7. p90_trade_value,13200.0,21339.999999999996,O:CRL241115P00180000,CRL,P,180.0,2024-11-15,209,0,316,8.8,1729796217468000000,16,14080.000000000002,2024-10-24,3000,30,True,Automatic Execution,Medical,Medical Services,185.0,186.32,180.22,182.73,46,4.148602654806093,20,2,1,0,0,0
CRL,Medical,Medical Services,25__0,25,0.0,7. p90_trade_value,13200.0,21339.999999999996,O:CRL241115P00180000,CRL,P,180.0,2024-11-15,209,0,325,9.7,1729787964808000000,22,21339.999999999996,2024-10-24,3000,30,True,Automatic Execution,Medical,Medical Services,185.0,186.32,180.22,182.73,28,4.329194415088451,20,2,1,0,0,0
CRL,Medical,Medical Services,25__0,25,0.0,7. p90_trade_value,13200.0,21339.999999999996,O:CRL241115P00180000,CRL,P,180.0,2024-11-15,209,0,325,9.9,1729787170253000000,16,15840.0,2024-10-24,3000,30,True,Automatic Execution,Medical,Medical Services,185.0,186.32,180.22,182.73,37,4.199755177253475,20,2,1,0,0,0
CRL,Medical,Medical Services,25__0,25,0.0,6. p95_trade_value,22000.000000000004,73750.0,O:CRL241115P00180000,CRL,P,180.0,2024-11-15,209,0,316,9.2,1729784766446000000,29,26679.999999999996,2024-10-24,3000,30,True,Automatic Execution,Medical,Medical Services,185.0,186.32,180.22,182.73,17,4.426185825244511,20,1,1,0,0,0
CRL,Medical,Medical Services,25__0,25,0.0,6. p95_trade_value,22000.000000000004,73750.0,O:CRL241115P00180000,CRL,P,180.0,2024-11-15,209,0,316,9.2,1729784766489000000,27,24839.999999999996,2024-10-24,3000,30,True,Automatic Execution,Medical,Medical Services,185.0,186.32,180.22,182.73,19,4.3951515915045425,20,1,1,0,0,0
CRL,Medical,Medical Services,25__0,25,0.0,6. p95_trade_value,22000.000000000004,73750.0,O:CRL241115P00180000,CRL,P,180.0,2024-11-15,209,0,325,9.8,1729787842834000000,24,23520.0,2024-10-24,3000,30,True,Automatic Execution,Medical,Medical Services,185.0,186.32,180.22,182.73,21,4.371437317404101,20,1,1,0,0,0
CRL,Medical,Medical Services,25__0,25,0.0,6. p95_trade_value,22000.000000000004,73750.0,O:CRL241115P00180000,CRL,P,180.0,2024-11-15,209,0,325,9.8,1729787842012000000,24,23520.0,2024-10-24,3000,30,True,Automatic Execution,Medical,Medical Services,185.0,186.32,180.22,182.73,22,4.371437317404101,20,1,1,0,0,0
CRL,Medical,Medical Services,25__0,25,0.0,6. p95_trade_value,22000.000000000004,73750.0,O:CRL241115P00180000,CRL,P,180.0,2024-11-15,209,0,313,9.2,1729784766445000000,25,22999.999999999996,2024-10-24,3000,30,True,Automatic Execution,Medical,Medical Services,185.0,186.32,180.22,182.73,23,4.361727836017593,20,1,1,0,0,0
CRL,Medical,Medical Services,25__0,25,0.0,8. p75_trade_value,7400.0,12749.999999999998,O:CRL241115P00180000,CRL,P,180.0,2024-11-15,209,0,320,9.8,1729785017864000000,12,11760.0,2024-10-24,3000,30,True,Automatic Execution,Medical,Medical Services,185.0,186.32,180.22,182.73,61,4.070407321740119,20,3,1,0,0,0
CRL,Medical,Medical Services,25__0,25,0.0,8. p75_trade_value,7400.0,12749.999999999998,O:CRL241115P00180000,CRL,P,180.0,2024-11-15,227,0,323,7.56,1730216116729000000,12,9072.0,2024-10-29,3000,30,True,Single Leg Auction Non ISO,Medical,Medical Services,186.0,186.455,182.22,184.0,83,3.9577030415488315,20,4,1,0,0,0
CRL,Medical,Medical Services,25__0,25,0.0,1. p999999_trade_value,539600.0,539600.0,O:CRL241115C00190000,CRL,C,190.0,2024-11-15,235,0,323,7.6,1730471721598000000,710,539600.0,2024-11-01,3000,30,True,Multi Leg floor trade,Medical,Medical Services,180.4,184.04,179.455,180.96,1,5.732071940999867,20,1,1,1,0,0
CRL,Medical,Medical Services,25__0,25,0.0,5. p99_trade_value,87500.0,442395.00000000006,O:CRL241115C00210000,CRL,C,210.0,2024-11-15,235,0,323,2.2,1730471721598000000,711,156420.0,2024-11-01,3000,30,True,Multi Leg floor trade,Medical,Medical Services,180.4,184.04,179.455,180.96,4,5.194292281551973,20,1,1,0,0,0
CRL,Medical,Medical Services,25__0,25,0.0,6. p95_trade_value,22000.000000000004,73750.0,O:CRL241115C00190000,CRL,C,190.0,2024-11-15,233,0,309,8.13,1730833920465000000,53,43089.00000000001,2024-11-05,3000,30,True,Multi Leg Auction,Medical,Medical Services,180.89,189.18,180.5,188.68,10,4.634366415194857,20,1,1,1,0,0
CRL,Medical,Medical Services,25__0,25,0.0,8. p75_trade_value,7400.0,12749.999999999998,O:CRL241115C00210000,CRL,C,210.0,2024-11-15,233,0,309,2.27,1730833920466000000,53,12031.0,2024-11-05,3000,30,True,Multi Leg Auction,Medical,Medical Services,180.89,189.18,180.5,188.68,58,4.080301726793912,20,3,1,0,0,0
CRL,Medical,Medical Services,25__0,25,0.0,8. p75_trade_value,7400.0,12749.999999999998,O:CRL241115P00160000,CRL,P,160.0,2024-11-15,232,0,313,1.22,1730838125201000000,77,9394.0,2024-11-05,3000,30,True,Multi Leg auto-electronic trade,Medical,Medical Services,180.89,189.18,180.5,188.68,80,3.9728505558472302,20,4,0,0,0,1
CRL,Medical,Medical Services,25__0,25,0.0,8. p75_trade_value,7400.0,12749.999999999998,O:CRL241115P00160000,CRL,P,160.0,2024-11-15,232,0,302,1.27,1730838011447000000,61,7747.0,2024-11-05,3000,30,True,Multi Leg auto-electronic trade,Medical,Medical Services,180.89,189.18,180.5,188.68,110,3.889133555966724,20,5,0,0,0,1
CRL,Medical,Medical Services,25__0,25,0.0,7. p90_trade_value,13200.0,21339.999999999996,O:CRL241115P00160000,CRL,P,160.0,2024-11-15,232,0,301,1.05,1730838124193000000,128,13440.0,2024-11-05,3000,30,True,Multi Leg auto-electronic trade,Medical,Medical Services,180.89,189.18,180.5,188.68,47,4.128399268717806,20,2,0,0,0,1
CRL,Medical,Medical Services,25__0,25,0.0,8. p75_trade_value,7400.0,12749.999999999998,O:CRL241115P00160000,CRL,P,160.0,2024-11-15,232,0,308,1.27,1730838124185000000,96,12192.0,2024-11-05,3000,30,True,Multi Leg auto-electronic trade,Medical,Medical Services,180.89,189.18,180.5,188.68,57,4.086074953995525,20,3,0,0,0,1
CRL,Medical,Medical Services,25__0,25,0.0,8. p75_trade_value,7400.0,12749.999999999998,O:CRL241115P00180000,CRL,P,180.0,2024-11-15,209,0,316,5.7,1730839994104000000,15,8550.0,2024-11-05,3000,30,True,Automatic Execution,Medical,Medical Services,180.89,189.18,180.5,188.68,97,3.931966114728173,20,5,0,0,0,1
CRL,Medical,Medical Services,25__0,25,0.0,8. p75_trade_value,7400.0,12749.999999999998,O:CRL250221C00175000,CRL,C,175.0,2025-02-21,209,0,316,4.3,1737660507940000000,29,12469.999999999998,2025-01-23,3000,30,True,Automatic Execution,Medical,Medical Services,168.9,169.005,164.02,166.86,52,4.095866453478543,20,3,0,0,0,1
CRL,Medical,Medical Services,25__0,25,0.0,8. p75_trade_value,7400.0,12749.999999999998,O:CRL250221C00175000,CRL,C,175.0,2025-02-21,209,0,322,4.3,1738682665849000000,19,8170.0,2025-02-04,3000,30,True,Automatic Execution,Medical,Medical Services,162.14,169.67,161.43,163.12,105,3.9122220565324155,20,5,0,0,0,1
CRL,Medical,Medical Services,25__0,25,0.0,8. p75_trade_value,7400.0,12749.999999999998,O:CRL250221C00175000,CRL,C,175.0,2025-02-21,209,0,325,4.31,1738682665849000000,20,8619.999999999998,2025-02-04,3000,30,True,Automatic Execution,Medical,Medical Services,162.14,169.67,161.43,163.12,93,3.9355072658247128,20,4,0,0,0,1
CRL,Medical,Medical Services,25__0,25,0.0,7. p90_trade_value,13200.0,21339.999999999996,O:CRL250221P00140000,CRL,P,140.0,2025-02-21,209,0,308,1.2,1739912350974000000,110,13200.0,2025-02-18,3000,30,True,Automatic Execution,Medical,Medical Services,151.59,155.69,151.18,154.39,49,4.12057393120585,20,3,0,0,0,1
CRL,Medical,Medical Services,25__0,25,0.0,8. p75_trade_value,7400.0,12749.999999999998,O:CRL250221P00150000,CRL,P,150.0,2025-02-21,209,0,316,4.1,1739910312646000000,24,9840.0,2025-02-18,3000,30,True,Automatic Execution,Medical,Medical Services,151.59,155.69,151.18,154.39,74,3.9929950984313414,20,4,0,0,0,1
CRL,Medical,Medical Services,25__0,25,0.0,8. p75_trade_value,7400.0,12749.999999999998,O:CRL250221P00150000,CRL,P,150.0,2025-02-21,209,0,316,4.1,1739910312135000000,31,12710.0,2025-02-18,3000,30,True,Automatic Execution,Medical,Medical Services,151.59,155.69,151.18,154.39,51,4.1041455505540085,20,3,0,0,0,1
CRL,Medical,Medical Services,25__0,25,0.0,7. p90_trade_value,13200.0,21339.999999999996,O:CRL250321C00170000,CRL,C,170.0,2025-03-21,227,0,323,4.43,1739996742425000000,46,20377.999999999996,2025-02-19,3000,30,True,Single Leg Auction Non ISO,Medical,Medical Services,159.28,166.44,155.15,165.0,29,4.309161557904644,20,2,1,0,0,0
CRL,Medical,Medical Services,25__0,25,0.0,7. p90_trade_value,13200.0,21339.999999999996,O:CRL250321C00170000,CRL,C,170.0,2025-03-21,227,0,301,4.65,1739986791943000000,32,14880.000000000002,2025-02-19,3000,30,True,Single Leg Auction Non ISO,Medical,Medical Services,159.28,166.44,155.15,165.0,42,4.17260293120986,20,2,1,0,0,0
CRL,Medical,Medical Services,25__0,25,0.0,8. p75_trade_value,7400.0,12749.999999999998,O:CRL250321C00175000,CRL,C,175.0,2025-03-21,209,0,316,4.6,1740421168295000000,21,9660.0,2025-02-24,3000,30,True,Automatic Execution,Medical,Medical Services,166.41,172.45,165.59,170.51,76,3.9849771264154934,20,4,1,0,0,0
CRL,Medical,Medical Services,25__0,25,0.0,8. p75_trade_value,7400.0,12749.999999999998,O:CRL250321P00165000,CRL,P,165.0,2025-03-21,209,0,316,4.4,1740421190280000000,17,7480.000000000001,2025-02-24,3000,30,True,Automatic Execution,Medical,Medical Services,166.41,172.45,165.59,170.51,115,3.8739015978644615,20,5,1,1,0,0
CRL,Medical,Medical Services,25__0,25,0.0,6. p95_trade_value,22000.000000000004,73750.0,O:CRL250321C00180000,CRL,C,180.0,2025-03-21,235,0,323,2.95,1740590824627000000,250,73750.0,2025-02-26,3000,30,True,Multi Leg floor trade,Medical,Medical Services,167.0,170.435,165.77,167.96,6,4.867762024650201,20,1,1,0,0,0
CRL,Medical,Medical Services,25__0,25,0.0,8. p75_trade_value,7400.0,12749.999999999998,O:CRL250321C00170000,CRL,C,170.0,2025-03-21,232,0,312,4.3,1741022427470000000,20,8600.0,2025-03-03,3000,30,True,Multi Leg auto-electronic trade,Medical,Medical Services,165.89,166.715,162.18,163.5,94,3.934498451243568,20,4,1,0,0,0
CRL,Medical,Medical Services,25__0,25,0.0,8. p75_trade_value,7400.0,12749.999999999998,O:CRL250321C00170000,CRL,C,170.0,2025-03-21,240,0,304,5.42,1741185649013000000,15,8130.0,2025-03-05,3000,30,True,Stock Options auto-electronic trade,Medical,Medical Services,164.69,167.99,164.36,167.55,106,3.910090545594068,20,5,1,0,0,0
CRL,Medical,Medical Services,25__0,25,0.0,8. p75_trade_value,7400.0,12749.999999999998,O:CRL250417C00155000,CRL,C,155.0,2025-04-17,209,0,301,2.85,1743622507025000000,30,8550.0,2025-04-02,3000,30,True,Automatic Execution,Medical,Medical Services,143.97,150.16,142.76,149.28,95,3.931966114728173,20,4,0,0,0,1
CRL,Medical,Medical Services,25__0,25,0.0,8. p75_trade_value,7400.0,12749.999999999998,O:CRL250417P00095000,CRL,P,95.0,2025-04-17,209,0,308,5.0,1744315074891000000,23,11500.0,2025-04-10,3000,30,True,Automatic Execution,Medical,Medical Services,136.27,136.585,95.97,99.95,66,4.060697840353612,20,3,1,0,0,0
CRL,Medical,Medical Services,25__0,25,0.0,6. p95_trade_value,22000.000000000004,73750.0,O:CRL250417P00095000,CRL,P,95.0,2025-04-17,209,0,308,4.4,1744315074621000000,50,22000.000000000004,2025-04-10,3000,30,True,Automatic Execution,Medical,Medical Services,136.27,136.585,95.97,99.95,26,4.342422680822207,20,2,1,0,0,0
CRL,Medical,Medical Services,25__0,25,0.0,6. p95_trade_value,22000.000000000004,73750.0,O:CRL250417P00095000,CRL,P,95.0,2025-04-17,209,0,308,4.4,1744315074621000000,50,22000.000000000004,2025-04-10,3000,30,True,Automatic Execution,Medical,Medical Services,136.27,136.585,95.97,99.95,27,4.342422680822207,20,2,1,0,0,0
CRL,Medical,Medical Services,25__0,25,0.0,6. p95_trade_value,22000.000000000004,73750.0,O:CRL250417P00095000,CRL,P,95.0,2025-04-17,209,0,308,4.4,1744315074621000000,50,22000.000000000004,2025-04-10,3000,30,True,Automatic Execution,Medical,Medical Services,136.27,136.585,95.97,99.95,24,4.342422680822207,20,1,1,0,0,0
CRL,Medical,Medical Services,25__0,25,0.0,8. p75_trade_value,7400.0,12749.999999999998,O:CRL250417P00095000,CRL,P,95.0,2025-04-17,227,0,302,1.93,1744314937149000000,50,9650.0,2025-04-10,3000,30,True,Single Leg Auction Non ISO,Medical,Medical Services,136.27,136.585,95.97,99.95,77,3.9845273133437926,20,4,1,0,0,0
CRL,Medical,Medical Services,25__0,25,0.0,6. p95_trade_value,22000.000000000004,73750.0,O:CRL250417P00095000,CRL,P,95.0,2025-04-17,209,0,308,4.4,1744315074621000000,50,22000.000000000004,2025-04-10,3000,30,True,Automatic Execution,Medical,Medical Services,136.27,136.585,95.97,99.95,25,4.342422680822207,20,2,1,0,0,0
CRL,Medical,Medical Services,25__0,25,0.0,7. p90_trade_value,13200.0,21339.999999999996,O:CRL250417P00090000,CRL,P,90.0,2025-04-17,209,0,325,4.0,1744385217719000000,38,15200.0,2025-04-11,3000,30,True,Automatic Execution,Medical,Medical Services,98.33,101.36,91.8609,99.75,41,4.181843587944773,20,2,0,0,0,1
CRL,Medical,Medical Services,25__0,25,0.0,8. p75_trade_value,7400.0,12749.999999999998,O:CRL250516C00125000,CRL,C,125.0,2025-05-16,209,0,316,1.95,1744833157243000000,42,8189.999999999999,2025-04-16,3000,30,True,Automatic Execution,Medical,Medical Services,105.78,107.225,103.1248,104.25,103,3.9132839017604186,20,5,1,1,1,0
CRL,Medical,Medical Services,25__0,25,0.0,5. p99_trade_value,87500.0,442395.00000000006,O:CRL250516C00125000,CRL,C,125.0,2025-05-16,235,0,313,1.75,1744818383103000000,500,87500.0,2025-04-16,3000,30,True,Multi Leg floor trade,Medical,Medical Services,105.78,107.225,103.1248,104.25,5,4.942008053022313,20,1,1,1,1,0
CRL,Medical,Medical Services,25__0,25,0.0,8. p75_trade_value,7400.0,12749.999999999998,O:CRL250516C00105000,CRL,C,105.0,2025-05-16,209,0,325,6.5,1745242715577000000,18,11700.0,2025-04-21,3000,30,True,Automatic Execution,Medical,Medical Services,103.9,103.905,99.8,102.67,63,4.068185861746161,20,3,1,1,1,0
CRL,Medical,Medical Services,25__0,25,0.0,7. p90_trade_value,13200.0,21339.999999999996,O:CRL250516C00110000,CRL,C,110.0,2025-05-16,209,0,325,4.8,1745264651727000000,34,16319.999999999998,2025-04-21,3000,30,True,Automatic Execution,Medical,Medical Services,103.9,103.905,99.8,102.67,35,4.212720154417842,20,2,1,1,1,0
CRL,Medical,Medical Services,25__0,25,0.0,6. p95_trade_value,22000.000000000004,73750.0,O:CRL250516C00120000,CRL,C,120.0,2025-05-16,231,0,313,1.6,1745255723224000000,250,40000.0,2025-04-21,3000,30,True,Single Leg Floor Trade,Medical,Medical Services,103.9,103.905,99.8,102.67,11,4.6020599913279625,20,1,1,1,1,0
CRL,Medical,Medical Services,25__0,25,0.0,6. p95_trade_value,22000.000000000004,73750.0,O:CRL250516C00130000,CRL,C,130.0,2025-05-16,231,0,301,0.75,1745260359680000000,400,30000.0,2025-04-21,3000,30,True,Single Leg Floor Trade,Medical,Medical Services,103.9,103.905,99.8,102.67,16,4.477121254719663,20,1,1,1,1,0
CRL,Medical,Medical Services,25__0,25,0.0,8. p75_trade_value,7400.0,12749.999999999998,O:CRL250516C00110000,CRL,C,110.0,2025-05-16,209,0,316,4.5,1745332921406000000,20,9000.0,2025-04-22,3000,30,True,Automatic Execution,Medical,Medical Services,103.42,107.29,101.0,106.89,84,3.9542425094393248,20,4,1,1,1,0
CRL,Medical,Medical Services,25__0,25,0.0,8. p75_trade_value,7400.0,12749.999999999998,O:CRL250516C00110000,CRL,C,110.0,2025-05-16,209,0,301,4.5,1745332921406000000,21,9450.0,2025-04-22,3000,30,True,Automatic Execution,Medical,Medical Services,103.42,107.29,101.0,106.89,78,3.975431808509263,20,4,1,1,1,0
CRL,Medical,Medical Services,25__0,25,0.0,6. p95_trade_value,22000.000000000004,73750.0,O:CRL250516C00115000,CRL,C,115.0,2025-05-16,231,0,302,2.25,1745343425208000000,200,45000.0,2025-04-22,3000,30,True,Single Leg Floor Trade,Medical,Medical Services,103.42,107.29,101.0,106.89,8,4.653212513775344,20,1,1,1,1,0
CRL,Medical,Medical Services,25__0,25,0.0,6. p95_trade_value,22000.000000000004,73750.0,O:CRL250516C00130000,CRL,C,130.0,2025-05-16,231,0,323,0.6,1745349029769000000,502,30120.0,2025-04-22,3000,30,True,Single Leg Floor Trade,Medical,Medical Services,103.42,107.29,101.0,106.89,15,4.478854967528663,20,1,1,1,1,0
CRL,Medical,Medical Services,25__0,25,0.0,6. p95_trade_value,22000.000000000004,73750.0,O:CRL250516C00120000,CRL,C,120.0,2025-05-16,209,0,320,2.4,1745427351266000000,152,36480.0,2025-04-23,3000,30,True,Automatic Execution,Medical,Medical Services,109.215,116.06,107.595,109.0,13,4.562054829656379,20,1,1,1,1,0
CRL,Medical,Medical Services,25__0,25,0.0,8. p75_trade_value,7400.0,12749.999999999998,O:CRL250516C00120000,CRL,C,120.0,2025-05-16,209,0,312,5.4,1745416483116000000,16,8640.0,2025-04-23,3000,30,True,Automatic Execution,Medical,Medical Services,109.215,116.06,107.595,109.0,92,3.936513742478893,20,4,1,1,1,0
CRL,Medical,Medical Services,25__0,25,0.0,8. p75_trade_value,7400.0,12749.999999999998,O:CRL250516C00120000,CRL,C,120.0,2025-05-16,209,0,304,5.4,1745416483121000000,17,9180.000000000002,2025-04-23,3000,30,True,Automatic Execution,Medical,Medical Services,109.215,116.06,107.595,109.0,81,3.9628426812012427,20,4,1,1,1,0
CRL,Medical,Medical Services,25__0,25,0.0,8. p75_trade_value,7400.0,12749.999999999998,O:CRL250516C00125000,CRL,C,125.0,2025-05-16,209,0,316,2.35,1745512370155000000,37,8695.0,2025-04-24,3000,30,True,Automatic Execution,Medical,Medical Services,110.42,115.94,108.1,115.76,90,3.9392695863387313,20,4,1,1,1,0
CRL,Medical,Medical Services,25__0,25,0.0,8. p75_trade_value,7400.0,12749.999999999998,O:CRL250516C00125000,CRL,C,125.0,2025-05-16,209,0,316,2.35,1745506709774000000,40,9400.0,2025-04-24,3000,30,True,Automatic Execution,Medical,Medical Services,110.42,115.94,108.1,115.76,79,3.9731278535996988,20,4,1,1,1,0
CRL,Medical,Medical Services,25__0,25,0.0,8. p75_trade_value,7400.0,12749.999999999998,O:CRL250516C00120000,CRL,C,120.0,2025-05-16,209,0,323,5.1,1745608976638000000,23,11730.0,2025-04-25,3000,30,True,Automatic Execution,Medical,Medical Services,113.85,115.245,112.12,114.66,62,4.069298012115529,20,3,1,1,1,0
CRL,Medical,Medical Services,25__0,25,0.0,8. p75_trade_value,7400.0,12749.999999999998,O:CRL250516C00120000,CRL,C,120.0,2025-05-16,209,0,304,5.1,1745608976638000000,25,12749.999999999998,2025-04-25,3000,30,True,Automatic Execution,Medical,Medical Services,113.85,115.245,112.12,114.66,50,4.105510184769974,20,3,1,1,1,0
CRL,Medical,Medical Services,25__0,25,0.0,8. p75_trade_value,7400.0,12749.999999999998,O:CRL250516C00120000,CRL,C,120.0,2025-05-16,209,0,304,4.7,1745590443926000000,19,8930.0,2025-04-25,3000,30,True,Automatic Execution,Medical,Medical Services,113.85,115.245,112.12,114.66,86,3.9508514588885464,20,4,1,1,1,0
CRL,Medical,Medical Services,25__0,25,0.0,8. p75_trade_value,7400.0,12749.999999999998,O:CRL250516C00120000,CRL,C,120.0,2025-05-16,209,0,312,4.7,1745590443926000000,17,7990.000000000001,2025-04-25,3000,30,True,Automatic Execution,Medical,Medical Services,113.85,115.245,112.12,114.66,107,3.9025467793139916,20,5,1,1,1,0
CRL,Medical,Medical Services,25__0,25,0.0,8. p75_trade_value,7400.0,12749.999999999998,O:CRL250516C00120000,CRL,C,120.0,2025-05-16,209,0,312,5.1,1745608976638000000,17,8669.999999999998,2025-04-25,3000,30,True,Automatic Execution,Medical,Medical Services,113.85,115.245,112.12,114.66,91,3.9380190974762104,20,4,1,1,1,0
CRL,Medical,Medical Services,25__0,25,0.0,8. p75_trade_value,7400.0,12749.999999999998,O:CRL250516C00125000,CRL,C,125.0,2025-05-16,209,0,316,2.7,1745599975821000000,39,10530.000000000002,2025-04-25,3000,30,True,Automatic Execution,Medical,Medical Services,113.85,115.245,112.12,114.66,72,4.0224283711854865,20,3,1,1,1,0
CRL,Medical,Medical Services,25__0,25,0.0,7. p90_trade_value,13200.0,21339.999999999996,O:CRL250516C00120000,CRL,C,120.0,2025-05-16,209,0,316,6.1,1745945674029000000,29,17689.999999999996,2025-04-29,3000,30,True,Automatic Execution,Medical,Medical Services,114.71,117.86,113.94,117.29,31,4.247727832909723,20,2,1,1,1,0
CRL,Medical,Medical Services,25__0,25,0.0,6. p95_trade_value,22000.000000000004,73750.0,O:CRL250516C00120000,CRL,C,120.0,2025-05-16,209,0,316,5.8,1745945664504000000,45,26100.0,2025-04-29,3000,30,True,Automatic Execution,Medical,Medical Services,114.71,117.86,113.94,117.29,18,4.416640507338281,20,1,1,1,1,0
CRL,Medical,Medical Services,25__0,25,0.0,6. p95_trade_value,22000.000000000004,73750.0,O:CRL250516C00125000,CRL,C,125.0,2025-05-16,231,0,313,3.2,1745939083735000000,198,63360.0,2025-04-29,3000,30,True,Single Leg Floor Trade,Medical,Medical Services,114.71,117.86,113.94,117.29,7,4.801815168581437,20,1,1,1,1,0
CRL,Medical,Medical Services,25__0,25,0.0,6. p95_trade_value,22000.000000000004,73750.0,O:CRL250516C00125000,CRL,C,125.0,2025-05-16,209,0,316,4.4,1746202926915000000,100,44000.00000000001,2025-05-02,3000,30,True,Automatic Execution,Medical,Medical Services,120.22,121.81,118.25,118.46,9,4.643452676486188,20,1,1,1,1,0
CRL,Medical,Medical Services,25__0,25,0.0,8. p75_trade_value,7400.0,12749.999999999998,O:CRL250516C00125000,CRL,C,125.0,2025-05-16,209,0,316,3.9,1746546875640000000,19,7409.999999999999,2025-05-06,3000,30,True,Automatic Execution,Medical,Medical Services,117.44,120.02,113.885,115.41,118,3.869818207979328,20,5,1,1,1,0
CRL,Medical,Medical Services,25__0,25,0.0,7. p90_trade_value,13200.0,21339.999999999996,O:CRL250516C00125000,CRL,C,125.0,2025-05-16,209,0,316,3.9,1746546868931000000,40,15600.0,2025-05-06,3000,30,True,Automatic Execution,Medical,Medical Services,117.44,120.02,113.885,115.41,40,4.193124598354461,20,2,1,1,1,0
CRL,Medical,Medical Services,25__0,25,0.0,7. p90_trade_value,13200.0,21339.999999999996,O:CRL250516C00125000,CRL,C,125.0,2025-05-16,209,0,316,4.0,1746546874631000000,40,16000.0,2025-05-06,3000,30,True,Automatic Execution,Medical,Medical Services,117.44,120.02,113.885,115.41,36,4.204119982655925,20,2,1,1,1,0
CRL,Medical,Medical Services,25__0,25,0.0,7. p90_trade_value,13200.0,21339.999999999996,O:CRL250516C00125000,CRL,C,125.0,2025-05-16,209,0,316,3.8,1746549681967000000,43,16340.0,2025-05-06,3000,30,True,Automatic Execution,Medical,Medical Services,117.44,120.02,113.885,115.41,34,4.213252052196396,20,2,1,1,1,0
CRL,Medical,Medical Services,25__0,25,0.0,6. p95_trade_value,22000.000000000004,73750.0,O:CRL250516C00125000,CRL,C,125.0,2025-05-16,209,0,316,3.9,1746541776795000000,84,32759.999999999996,2025-05-06,3000,30,True,Automatic Execution,Medical,Medical Services,117.44,120.02,113.885,115.41,14,4.515343893088381,20,1,1,1,1,0
CRL,Medical,Medical Services,25__0,25,0.0,6. p95_trade_value,22000.000000000004,73750.0,O:CRL250516C00125000,CRL,C,125.0,2025-05-16,209,0,316,4.2,1746541782260000000,59,24780.0,2025-05-06,3000,30,True,Automatic Execution,Medical,Medical Services,117.44,120.02,113.885,115.41,20,4.394101302040045,20,1,1,1,1,0
CRL,Medical,Medical Services,25__0,25,0.0,8. p75_trade_value,7400.0,12749.999999999998,O:CRL250516C00125000,CRL,C,125.0,2025-05-16,209,0,322,3.9,1746539831512000000,20,7800.0,2025-05-06,3000,30,True,Automatic Execution,Medical,Medical Services,117.44,120.02,113.885,115.41,109,3.8920946026904804,20,5,1,1,1,0
CRL,Medical,Medical Services,25__0,25,0.0,8. p75_trade_value,7400.0,12749.999999999998,O:CRL250516C00135000,CRL,C,135.0,2025-05-16,209,0,316,1.5,1746542621060000000,74,11100.0,2025-05-06,3000,30,True,Automatic Execution,Medical,Medical Services,117.44,120.02,113.885,115.41,69,4.045322978786658,20,3,1,1,1,0
CRL,Medical,Medical Services,25__0,25,0.0,8. p75_trade_value,7400.0,12749.999999999998,O:CRL250516P00105000,CRL,P,105.0,2025-05-16,209,0,316,1.9,1746549932409000000,43,8170.0,2025-05-06,3000,30,True,Automatic Execution,Medical,Medical Services,117.44,120.02,113.885,115.41,104,3.9122220565324155,20,5,0,0,0,1
CRL,Medical,Medical Services,25__0,25,0.0,8. p75_trade_value,7400.0,12749.999999999998,O:CRL250516P00105000,CRL,P,105.0,2025-05-16,209,0,316,1.9,1746549928712000000,39,7409.999999999999,2025-05-06,3000,30,True,Automatic Execution,Medical,Medical Services,117.44,120.02,113.885,115.41,117,3.869818207979328,20,5,0,0,0,1
CRL,Medical,Medical Services,25__0,25,0.0,8. p75_trade_value,7400.0,12749.999999999998,O:CRL250516P00105000,CRL,P,105.0,2025-05-16,209,0,316,1.95,1746549929719000000,40,7800.0,2025-05-06,3000,30,True,Automatic Execution,Medical,Medical Services,117.44,120.02,113.885,115.41,108,3.8920946026904804,20,5,0,0,0,1
CRL,Medical,Medical Services,25__0,25,0.0,7. p90_trade_value,13200.0,21339.999999999996,O:CRL250620C00145000,CRL,C,145.0,2025-06-20,209,0,320,3.8,1747838721691000000,51,19380.0,2025-05-21,3000,30,True,Automatic Execution,Medical,Medical Services,141.39,141.71,134.86,134.98,30,4.287353772714747,20,2,1,0,0,0
CRL,Medical,Medical Services,25__0,25,0.0,8. p75_trade_value,7400.0,12749.999999999998,O:CRL250620C00145000,CRL,C,145.0,2025-06-20,209,0,315,3.8,1747838721696000000,22,8360.0,2025-05-21,3000,30,True,Automatic Execution,Medical,Medical Services,141.39,141.71,134.86,134.98,98,3.9222062774390163,20,5,1,0,0,0
CRL,Medical,Medical Services,25__0,25,0.0,8. p75_trade_value,7400.0,12749.999999999998,O:CRL250620C00145000,CRL,C,145.0,2025-06-20,240,0,304,4.98,1747834724655000000,15,7470.0,2025-05-21,3000,30,True,Stock Options auto-electronic trade,Medical,Medical Services,141.39,141.71,134.86,134.98,116,3.873320601815399,20,5,1,0,0,0
CRL,Medical,Medical Services,25__0,25,0.0,8. p75_trade_value,7400.0,12749.999999999998,O:CRL250620C00145000,CRL,C,145.0,2025-06-20,209,0,318,3.8,1747838721696000000,29,11019.999999999998,2025-05-21,3000,30,True,Automatic Execution,Medical,Medical Services,141.39,141.71,134.86,134.98,71,4.042181594515766,20,3,1,0,0,0
CRL,Medical,Medical Services,25__0,25,0.0,7. p90_trade_value,13200.0,21339.999999999996,O:CRL250620P00145000,CRL,P,145.0,2025-06-20,209,0,308,1.3,1749575252077000000,110,14300.0,2025-06-10,3000,30,True,Automatic Execution,Medical,Medical Services,149.4,152.43,147.37,151.0,45,4.155336037465061,20,2,0,0,0,1
CRL,Medical,Medical Services,25__0,25,0.0,8. p75_trade_value,7400.0,12749.999999999998,O:CRL250620P00145000,CRL,P,145.0,2025-06-20,209,0,308,1.2,1749575402645000000,97,11640.0,2025-06-10,3000,30,True,Automatic Execution,Medical,Medical Services,149.4,152.43,147.37,151.0,65,4.065952980313869,20,3,0,0,0,1
CRL,Medical,Medical Services,25__0,25,0.0,8. p75_trade_value,7400.0,12749.999999999998,O:CRL250620P00145000,CRL,P,145.0,2025-06-20,209,0,308,1.25,1749575258076000000,99,12375.0,2025-06-10,3000,30,True,Automatic Execution,Medical,Medical Services,149.4,152.43,147.37,151.0,55,4.092545207605606,20,3,0,0,0,1
CRL,Medical,Medical Services,25__0,25,0.0,8. p75_trade_value,7400.0,12749.999999999998,O:CRL250620P00145000,CRL,P,145.0,2025-06-20,219,0,308,1.2,1749575417104000000,97,11640.0,2025-06-10,3000,30,True,Intermarket Sweep Order,Medical,Medical Services,149.4,152.43,147.37,151.0,64,4.065952980313869,20,3,0,0,0,1
CRON,Medical,Medical - Drugs,0__2,0,2.0,1. p999999_trade_value,4990.000000000001,4990.000000000001,O:CRON250321C00002000,CRON,C,2.0,2025-03-21,227,0,323,0.1,1739983890605000000,499,4990.000000000001,2025-02-19,3000,30,True,Single Leg Auction Non ISO,Medical,Medical - Drugs,1.96,1.99,1.9411,1.96,1,3.69810054562339,20,1,1,0,0,0
CRSP,Medical,Medical - Biomedical and Genetics,30__2,30,2.0,1. p999999_trade_value,259870.00000000003,259870.00000000003,O:CRSP241115C00056000,CRSP,C,56.0,2024-11-15,231,0,323,1.3,1730485913635000000,1999,259870.00000000003,2024-11-01,3000,30,True,Single Leg Floor Trade,Medical,Medical - Biomedical and Genetics,46.96,50.85,46.91,50.76,2,5.414756146424954,20,1,1,0,0,0
CRSP,Medical,Medical - Biomedical and Genetics,30__2,30,2.0,1. p999999_trade_value,259870.00000000003,259870.00000000003,O:CRSP241115C00056000,CRSP,C,56.0,2024-11-15,231,0,323,1.3,1730486418788000000,1999,259870.00000000003,2024-11-01,3000,30,True,Single Leg Floor Trade,Medical,Medical - Biomedical and Genetics,46.96,50.85,46.91,50.76,1,5.414756146424954,20,1,1,0,0,0
CVAC,Medical,Medical - Biomedical and Genetics,5__3,5,3.0,1. p999999_trade_value,21420.0,21420.0,O:CVAC250117C00005000,CVAC,C,5.0,2025-01-17,209,0,300,0.15,1736195928617000000,1428,21420.0,2025-01-06,3000,30,True,Automatic Execution,Medical,Medical - Biomedical and Genetics,4.14,4.46,3.9321,4.44,1,4.330819466495837,20,1,1,0,0,0
DCTH,Medical,Medical - Instruments,10__0,10,0.0,2. p99999_trade_value,8469.999999999998,8469.999999999998,O:DCTH241115C00012500,DCTH,C,12.5,2024-11-15,227,0,302,0.35,1729176370602000000,242,8469.999999999998,2024-10-17,3000,30,True,Single Leg Auction Non ISO,Medical,Medical - Instruments,10.2,11.19,9.985,10.23,1,3.9278834103307068,20,1,1,0,0,0
DHR,Medical,Medical Services,35__0,35,0.0,1. p999999_trade_value,580244.0,580244.0,O:DHR241018C00270000,DHR,C,270.0,2024-10-18,227,0,323,2.38,1728588805952000000,2438,580244.0,2024-10-10,3000,30,True,Single Leg Auction Non ISO,Medical,Medical Services,268.37,269.12,265.5,266.45,1,5.763610658338875,20,1,1,1,1,0
DHR,Medical,Medical Services,35__0,35,0.0,4. p999_trade_value,381468.0,422988.0,O:DHR250321C00215000,DHR,C,215.0,2025-03-21,233,0,312,3.83,1740410691788000000,996,381468.0,2025-02-24,3000,30,True,Multi Leg Auction,Medical,Medical Services,209.61,212.7,207.95,211.14,3,5.581458112392322,20,1,1,0,0,0
DHR,Medical,Medical Services,35__0,35,0.0,4. p999_trade_value,381468.0,422988.0,O:DHR250516C00187500,DHR,C,187.5,2025-05-16,227,0,301,6.98,1745259530191000000,606,422988.0,2025-04-21,3000,30,True,Single Leg Auction Non ISO,Medical,Medical Services,185.28,185.64,181.94,184.96,2,5.626328046789447,20,1,1,1,1,0
DNA,Medical,Medical - Biomedical and Genetics,20__0,20,0.0,5. p99_trade_value,76230.0,76230.0,O:DNA240920C00008000,DNA,C,8.0,2024-09-20,209,0,309,0.45,1724785778584000000,1694,76230.0,2024-08-27,3000,30,True,Automatic Execution,Medical,Medical - Biomedical and Genetics,7.77,7.9599,7.26,7.53,2,4.882125919770032,20,1,1,1,1,0
DNA,Medical,Medical - Biomedical and Genetics,20__0,20,0.0,1. p999999_trade_value,173250.0,173250.0,O:DNA240920C00008000,DNA,C,8.0,2024-09-20,229,0,302,0.35,1724956221796000000,4950,173250.0,2024-08-29,3000,30,True,Single Leg Cross Non ISO,Medical,Medical - Biomedical and Genetics,7.19,7.5,7.03,7.09,1,5.238673243283844,20,1,1,1,1,0
DNLI,Medical,Medical - Biomedical and Genetics,10__3,10,3.0,7. p90_trade_value,60000.0,60000.0,O:DNLI241018P00030000,DNLI,P,30.0,2024-10-18,227,0,308,2.4,1726840468867000000,250,60000.0,2024-09-20,3000,30,True,Single Leg Auction Non ISO,Medical,Medical - Biomedical and Genetics,30.94,31.24,30.65,30.91,2,4.778151250383644,20,2,1,1,1,0
DNLI,Medical,Medical - Biomedical and Genetics,10__3,10,3.0,1. p999999_trade_value,100000.0,100000.0,O:DNLI241220C00025000,DNLI,C,25.0,2024-12-20,235,0,301,2.0,1732653318029000000,500,100000.0,2024-11-26,3000,30,True,Multi Leg floor trade,Medical,Medical - Biomedical and Genetics,24.53,24.945,24.175,24.68,1,5.0,20,1,1,0,0,0
DNLI,Medical,Medical - Biomedical and Genetics,10__3,10,3.0,8. p75_trade_value,41000.0,41000.0,O:DNLI241220P00022500,DNLI,P,22.5,2024-12-20,235,0,301,0.82,1732653318029000000,500,41000.0,2024-11-26,3000,30,True,Multi Leg floor trade,Medical,Medical - Biomedical and Genetics,24.53,24.945,24.175,24.68,3,4.6127838567197355,20,3,1,1,1,0
DNTH,Medical,Medical - Biomedical and Genetics,5__3,5,3.0,1. p999999_trade_value,26250.0,26250.0,O:DNTH250221C00022500,DNTH,C,22.5,2025-02-21,231,0,323,1.05,1738698433467000000,250,26250.0,2025-02-04,3000,30,True,Single Leg Floor Trade,Medical,Medical - Biomedical and Genetics,21.98,22.43,21.39,22.29,1,4.419129307741976,20,1,1,1,1,0
DOCS,Medical,Medical Services,30__2,30,2.0,4. p999_trade_value,190000.0,190000.0,O:DOCS250221C00062500,DOCS,C,62.5,2025-02-21,235,0,323,3.8,1738355123510000000,500,190000.0,2025-01-31,3000,30,True,Multi Leg floor trade,Medical,Medical Services,59.05,59.98,58.9394,59.1,2,5.278753600952829,20,1,1,1,1,0
DOCS,Medical,Medical Services,30__2,30,2.0,1. p999999_trade_value,298390.0,298390.0,O:DOCS250417P00060000,DOCS,P,60.0,2025-04-17,231,0,301,2.65,1743016044530000000,1126,298390.0,2025-03-26,3000,30,True,Single Leg Floor Trade,Medical,Medical Services,66.08,66.22,61.04,61.48,1,5.474784264452135,20,1,1,1,1,0
DVA,Medical,Medical - Outpatient and Home Healthcare,25__0,25,0.0,1. p999999_trade_value,396440.0,396440.0,O:DVA250516C00145000,DVA,C,145.0,2025-05-16,233,0,304,6.8,1746806812979000000,583,396440.0,2025-05-09,3000,30,True,Multi Leg Auction,Medical,Medical - Outpatient and Home Healthcare,143.59,144.415,142.76,143.76,1,5.59817746746525,20,1,1,1,1,0
DVAX,Medical,Medical - Biomedical and Genetics,10__0,10,0.0,1. p999999_trade_value,52500.0,52500.0,O:DVAX250221P00012000,DVAX,P,12.0,2025-02-21,231,0,313,0.35,1737996876997000000,1500,52500.0,2025-01-27,3000,30,True,Single Leg Floor Trade,Medical,Medical - Biomedical and Genetics,12.68,13.135,12.495,12.56,1,4.720159303405957,20,1,1,0,0,0
DVAX,Medical,Medical - Biomedical and Genetics,10__0,10,0.0,7. p90_trade_value,10000.0,10000.0,O:DVAX250516C00010000,DVAX,C,10.0,2025-05-16,231,0,301,0.1,1746818725575000000,1000,10000.0,2025-05-09,3000,30,True,Single Leg Floor Trade,Medical,Medical - Biomedical and Genetics,9.735,9.88,9.375,9.41,2,4.0,20,2,1,0,0,0
DVAX,Medical,Medical - Biomedical and Genetics,10__0,10,0.0,8. p75_trade_value,9690.0,9690.0,O:DVAX250516C00010000,DVAX,C,10.0,2025-05-16,231,0,301,0.1,1746818660712000000,969,9690.0,2025-05-09,3000,30,True,Single Leg Floor Trade,Medical,Medical - Biomedical and Genetics,9.735,9.88,9.375,9.41,3,3.986323777050765,20,3,1,0,0,0
DXCM,Medical,Medical - Instruments,35__0,35,0.0,1. p999999_trade_value,465000.0,465000.0,O:DXCM241213C00082000,DXCM,C,82.0,2024-12-13,234,0,313,1.55,1733248026759000000,3000,465000.0,2024-12-03,3000,30,True,Multi Leg Cross,Medical,Medical - Instruments,79.0,81.11,78.0901,80.91,1,5.6674529528899535,20,1,1,0,0,0
DXCM,Medical,Medical - Instruments,35__0,35,0.0,4. p999_trade_value,384000.0,397799.99999999994,O:DXCM241213P00078000,DXCM,P,78.0,2024-12-13,234,0,313,1.28,1733248026760000000,3000,384000.0,2024-12-03,3000,30,True,Multi Leg Cross,Medical,Medical - Instruments,79.0,81.11,78.0901,80.91,3,5.5843312243675305,20,1,1,1,1,0
DXCM,Medical,Medical - Instruments,35__0,35,0.0,4. p999_trade_value,384000.0,397799.99999999994,O:DXCM250425C00068000,DXCM,C,68.0,2025-04-25,229,0,300,1.17,1744211024139000000,3400,397799.99999999994,2025-04-09,3000,30,True,Single Leg Cross Non ISO,Medical,Medical - Instruments,60.09,67.63,59.62,66.84,2,5.599664778788417,20,1,1,1,1,0
DYN,Medical,Medical - Drugs,20__2,20,2.0,1. p999999_trade_value,590000.0,590000.0,O:DYN250117P00020000,DYN,P,20.0,2025-01-17,229,0,302,2.5,1735835620489000000,2360,590000.0,2025-01-02,3000,30,True,Single Leg Cross Non ISO,Medical,Medical - Drugs,23.87,26.22,23.74,25.46,1,5.770852011642144,20,1,1,1,1,0
DYN,Medical,Medical - Drugs,20__2,20,2.0,5. p99_trade_value,489755.0,489755.0,O:DYN250117P00020000,DYN,P,20.0,2025-01-17,234,0,302,2.45,1736194583073000000,1999,489755.0,2025-01-06,3000,30,True,Multi Leg Cross,Medical,Medical - Drugs,24.71,24.84,24.0,24.57,2,5.689978878482649,20,1,1,1,1,0
ELV,Medical,Medical Services,35__2,35,2.0,4. p999_trade_value,480000.0,522000.0,O:ELV241018P00500000,ELV,P,500.0,2024-10-18,242,0,323,9.6,1728929329373000000,500,480000.0,2024-10-14,3000,30,True,Stock Options floor trade,Medical,Medical Services,501.99,510.24,500.14,509.02,3,5.681241237375588,20,1,1,1,1,0
ELV,Medical,Medical Services,35__2,35,2.0,4. p999_trade_value,480000.0,522000.0,O:ELV241115P00420000,ELV,P,420.0,2024-11-15,235,0,323,8.7,1729529732720000000,600,522000.0,2024-10-21,3000,30,True,Multi Leg floor trade,Medical,Medical Services,428.21,435.61,420.76,422.26,2,5.717670503002262,20,1,1,1,1,0
ELV,Medical,Medical Services,35__2,35,2.0,1. p999999_trade_value,571392.0,571392.0,O:ELV250417C00440000,ELV,C,440.0,2025-04-17,233,0,312,11.52,1742566670539000000,496,571392.0,2025-03-21,3000,30,True,Multi Leg Auction,Medical,Medical Services,432.28,436.33,424.97,427.19,1,5.75693415557739,20,1,1,0,0,0
ENSG,Medical,Medical - Nursing Homes,10__0,10,0.0,8. p75_trade_value,6785.000000000001,7360.000000000001,O:ENSG241115P00150000,ENSG,P,150.0,2024-11-15,209,0,316,3.2,1730746536690000000,23,7360.000000000001,2024-11-04,3000,30,True,Automatic Execution,Medical,Medical - Nursing Homes,155.0,156.5,150.66,153.39,3,3.866877814337499,20,3,1,1,1,0
ENSG,Medical,Medical - Nursing Homes,10__0,10,0.0,8. p75_trade_value,6785.000000000001,7360.000000000001,O:ENSG241115P00150000,ENSG,P,150.0,2024-11-15,209,0,316,2.95,1730746525881000000,23,6785.000000000001,2024-11-04,3000,30,True,Automatic Execution,Medical,Medical - Nursing Homes,155.0,156.5,150.66,153.39,4,3.831549851995756,20,4,1,1,1,0
ENSG,Medical,Medical - Nursing Homes,10__0,10,0.0,1. p999999_trade_value,15635.000000000002,15635.000000000002,O:ENSG241115P00150000,ENSG,P,150.0,2024-11-15,209,0,316,2.95,1730746530120000000,53,15635.000000000002,2024-11-04,3000,30,True,Automatic Execution,Medical,Medical - Nursing Homes,155.0,156.5,150.66,153.39,1,4.194097885578952,20,1,1,1,1,0
ENSG,Medical,Medical - Nursing Homes,10__0,10,0.0,7. p90_trade_value,8640.0,8640.0,O:ENSG250117P00130000,ENSG,P,130.0,2025-01-17,209,0,316,1.35,1735928345946000000,64,8640.0,2025-01-03,3000,30,True,Automatic Execution,Medical,Medical - Nursing Homes,133.2,133.81,131.48,132.5,2,3.936513742478893,20,2,1,0,0,0
ESPR,Medical,Medical - Drugs,10__0,10,0.0,1. p999999_trade_value,8964.0,8964.0,O:ESPR241220C00002500,ESPR,C,2.5,2024-12-20,227,0,323,0.18,1732135504291000000,498,8964.0,2024-11-20,3000,30,True,Single Leg Auction Non ISO,Medical,Medical - Drugs,2.38,2.45,2.305,2.41,1,3.9525018478630236,20,1,1,0,0,0
ETNB,Medical,Medical - Biomedical and Genetics,15__0,15,0.0,1. p999999_trade_value,11940.0,11940.0,O:ETNB250221C00010000,ETNB,C,10.0,2025-02-21,209,0,313,0.6,1738265342230000000,199,11940.0,2025-01-30,3000,30,True,Automatic Execution,Medical,Medical - Biomedical and Genetics,9.15,9.82,8.95,9.64,1,4.07700432679335,20,1,1,1,1,0
FATE,Medical,Medical - Biomedical and Genetics,10__0,10,0.0,8. p75_trade_value,7475.0,7475.0,O:FATE241220P00002000,FATE,P,2.0,2024-12-20,209,0,325,0.25,1733412586834000000,299,7475.0,2024-12-05,3000,30,True,Automatic Execution,Medical,Medical - Biomedical and Genetics,2.55,2.615,2.35,2.38,2,3.873611196996467,20,2,1,1,1,0
FATE,Medical,Medical - Biomedical and Genetics,10__0,10,0.0,1. p999999_trade_value,10600.0,10600.0,O:FATE241220P00002000,FATE,P,2.0,2024-12-20,209,0,325,0.25,1733414239390000000,424,10600.0,2024-12-05,3000,30,True,Automatic Execution,Medical,Medical - Biomedical and Genetics,2.55,2.615,2.35,2.38,1,4.02530586526477,20,1,1,1,1,0
FGEN,Medical,Medical - Drugs,0__2,0,2.0,1. p999999_trade_value,7265.000000000001,7265.000000000001,O:FGEN250117C00000500,FGEN,C,0.5,2025-01-17,209,0,308,0.05,1734982775740000000,1453,7265.000000000001,2024-12-23,3000,30,True,Automatic Execution,Medical,Medical - Drugs,0.41,0.48,0.4,0.48,1,3.86123561863404,20,1,1,1,1,0
FLGT,Medical,Medical Info Systems,0__2,0,2.0,1. p999999_trade_value,3900.0,3900.0,O:FLGT241115C00020000,FLGT,C,20.0,2024-11-15,227,0,323,0.78,1729870459262000000,50,3900.0,2024-10-25,3000,30,True,Single Leg Auction Non ISO,Medical,Medical Info Systems,19.22,19.61,19.115,19.42,1,3.591064607026499,20,1,1,0,0,0
FTRE,Medical,Medical - Biomedical and Genetics,20__2,20,2.0,1. p999999_trade_value,145000.0,145000.0,O:FTRE250117P00017500,FTRE,P,17.5,2025-01-17,235,0,323,1.45,1734623577717000000,1000,145000.0,2024-12-19,3000,30,True,Multi Leg floor trade,Medical,Medical - Biomedical and Genetics,18.34,18.63,17.82,18.5,1,5.161368002234975,20,1,1,1,0,0
GANX,Medical,Medical - Drugs,0__2,0,2.0,1. p999999_trade_value,7500.0,7500.0,O:GANX241018C00002000,GANX,C,2.0,2024-10-18,209,0,307,0.25,1727792097997000000,300,7500.0,2024-10-01,3000,30,True,Automatic Execution,Medical,Medical - Drugs,1.81,1.81,1.541,1.64,1,3.8750612633917,20,1,1,1,1,0
GEHC,Medical,Medical - Products,30__1,30,1.0,1. p999999_trade_value,775000.0,775000.0,O:GEHC250516C00067500,GEHC,C,67.5,2025-05-16,229,0,318,3.1,1745523683692000000,2500,775000.0,2025-04-24,3000,30,True,Single Leg Cross Non ISO,Medical,Medical - Products,65.04,67.39,64.77,67.08,1,5.889301702506311,20,1,1,1,1,0
GHRS,Medical,Medical - Biomedical and Genetics,10__0,10,0.0,8. p75_trade_value,19900.0,19900.0,O:GHRS250221P00017500,GHRS,P,17.5,2025-02-21,227,0,323,1.99,1738593541786000000,100,19900.0,2025-02-03,3000,30,True,Single Leg Auction Non ISO,Medical,Medical - Biomedical and Genetics,20.0,20.5,17.51,17.99,2,4.298853076409706,20,2,1,1,1,0
GHRS,Medical,Medical - Biomedical and Genetics,10__0,10,0.0,1. p999999_trade_value,21500.0,21500.0,O:GHRS250221P00017500,GHRS,P,17.5,2025-02-21,227,0,323,2.15,1738593352592000000,100,21500.0,2025-02-03,3000,30,True,Single Leg Auction Non ISO,Medical,Medical - Biomedical and Genetics,20.0,20.5,17.51,17.99,1,4.332438459915605,20,1,1,1,1,0
GLUE,Medical,Medical - Biomedical and Genetics,10__0,10,0.0,1. p999999_trade_value,21060.0,21060.0,O:GLUE241115C00010000,GLUE,C,10.0,2024-11-15,235,0,323,0.45,1730919445727000000,468,21060.0,2024-11-06,3000,30,True,Multi Leg floor trade,Medical,Medical - Biomedical and Genetics,9.68,9.7,8.9,9.45,1,4.323458366849468,20,1,1,0,0,0
GMED,Medical,Medical - Instruments,20__2,20,2.0,5. p99_trade_value,240000.0,240000.0,O:GMED250117C00085000,GMED,C,85.0,2025-01-17,241,0,323,1.2,1736185610723000000,2000,240000.0,2025-01-06,3000,30,True,Stock Options Cross,Medical,Medical - Instruments,83.0,84.245,82.29,83.93,2,5.380211241711606,20,1,1,1,1,0
GMED,Medical,Medical - Instruments,20__2,20,2.0,1. p999999_trade_value,325890.0,325890.0,O:GMED250221P00082500,GMED,P,82.5,2025-02-21,235,0,313,2.7,1739987537164000000,1207,325890.0,2025-02-19,3000,30,True,Multi Leg floor trade,Medical,Medical - Instruments,84.51,85.5,84.06,84.09,1,5.5130710342563365,20,1,1,1,1,0
GRAL,Medical,Medical - Biomedical and Genetics,25__0,25,0.0,1. p999999_trade_value,93000.0,93000.0,O:GRAL250516C00030000,GRAL,C,30.0,2025-05-16,209,0,320,3.1,1745346365319000000,300,93000.0,2025-04-22,3000,30,True,Automatic Execution,Medical,Medical - Biomedical and Genetics,26.95,29.87,26.755,29.69,1,4.968482948553935,20,1,1,1,1,0
GRFS,Medical,Medical - Drugs,15__0,15,0.0,1. p999999_trade_value,16926.000000000004,16926.000000000004,O:GRFS250117C00008000,GRFS,C,8.0,2025-01-17,227,0,301,0.39,1734967034043000000,434,16926.000000000004,2024-12-23,3000,30,True,Single Leg Auction Non ISO,Medical,Medical - Drugs,7.45,7.695,7.37,7.68,1,4.22855433653901,20,1,1,0,0,0
GRFS,Medical,Medical - Drugs,15__0,15,0.0,7. p90_trade_value,16887.0,16887.0,O:GRFS250117C00008000,GRFS,C,8.0,2025-01-17,227,0,301,0.39,1734967034043000000,433,16887.0,2024-12-23,3000,30,True,Single Leg Auction Non ISO,Medical,Medical - Drugs,7.45,7.695,7.37,7.68,2,4.227552503379864,20,2,1,0,0,0
HAE,Medical,Medical - Products,20__1,20,1.0,5. p99_trade_value,960000.0,960000.0,O:HAE250221P00065000,HAE,P,65.0,2025-02-21,234,0,312,1.92,1738266694980000000,5000,960000.0,2025-01-30,3000,30,True,Multi Leg Cross,Medical,Medical - Products,69.08,71.0,67.98,69.47,2,5.982271233039568,20,1,1,1,1,0
HAE,Medical,Medical - Products,20__1,20,1.0,1. p999999_trade_value,990000.0,990000.0,O:HAE250221P00065000,HAE,P,65.0,2025-02-21,241,0,323,3.3,1738605275015000000,3000,990000.0,2025-02-03,3000,30,True,Stock Options Cross,Medical,Medical - Products,67.95,68.9,65.73,66.15,1,5.99563519459755,20,1,1,1,1,0
HCA,Medical,Medical - Hospital,35__2,35,2.0,1. p999999_trade_value,630000.0,630000.0,O:HCA240920C00395000,HCA,C,395.0,2024-09-20,241,0,323,6.3,1724770198616000000,1000,630000.0,2024-08-27,3000,30,True,Stock Options Cross,Medical,Medical - Hospital,388.86,391.88,387.57,390.18,1,5.799340549453582,20,1,1,1,1,0
HCA,Medical,Medical - Hospital,35__2,35,2.0,4. p999_trade_value,472553.00000000006,476545.00000000006,O:HCA241115P00355000,HCA,P,355.0,2024-11-15,235,0,300,9.55,1730472377432000000,499,476545.00000000006,2024-11-01,3000,30,True,Multi Leg floor trade,Medical,Medical - Hospital,360.52,360.88,355.56,357.19,2,5.678103917207136,20,1,1,1,1,0
HCA,Medical,Medical - Hospital,35__2,35,2.0,4. p999_trade_value,472553.00000000006,476545.00000000006,O:HCA241115P00355000,HCA,P,355.0,2024-11-15,233,0,312,9.47,1730470919572000000,499,472553.00000000006,2024-11-01,3000,30,True,Multi Leg Auction,Medical,Medical - Hospital,360.52,360.88,355.56,357.19,3,5.674450524626663,20,1,1,1,1,0
HCAT,Medical,Medical Info Systems,5__1,5,1.0,8. p75_trade_value,45350.0,45350.0,O:HCAT250117C00007500,HCAT,C,7.5,2025-01-17,231,0,313,0.5,1734984276941000000,907,45350.0,2024-12-23,3000,30,True,Single Leg Floor Trade,Medical,Medical Info Systems,7.06,7.14,6.85,6.94,2,4.656577291396114,20,2,1,0,0,0
HCAT,Medical,Medical Info Systems,5__1,5,1.0,1. p999999_trade_value,49610.0,49610.0,O:HCAT250117C00007500,HCAT,C,7.5,2025-01-17,231,0,301,0.55,1735312176824000000,902,49610.0,2024-12-27,3000,30,True,Single Leg Floor Trade,Medical,Medical Info Systems,7.05,7.2,6.775,7.08,1,4.695569227036185,20,1,1,0,0,0
HCM,Medical,Medical - Biomedical and Genetics,0__2,0,2.0,1. p999999_trade_value,5500.0,5500.0,O:HCM250321C00015000,HCM,C,15.0,2025-03-21,209,0,308,2.75,1742310565850000000,20,5500.0,2025-03-18,3000,30,True,Automatic Execution,Medical,Medical - Biomedical and Genetics,14.76,14.98,14.6,14.95,1,3.7403626894942437,20,1,1,1,0,0
HNGE,Medical,Medical Info Systems,10__0,10,0.0,8. p75_trade_value,4680.0,4680.0,O:HNGE250620P00035000,HNGE,P,35.0,2025-06-20,209,0,304,1.2,1749583586189000000,39,4680.0,2025-06-10,3000,30,True,Automatic Execution,Medical,Medical Info Systems,38.05,39.29,35.59,36.59,2,3.670245853074124,20,2,1,0,0,0
HNGE,Medical,Medical Info Systems,10__0,10,0.0,1. p999999_trade_value,5375.0,5375.0,O:HNGE250620P00035000,HNGE,P,35.0,2025-06-20,209,0,313,1.25,1749583331774000000,43,5375.0,2025-06-10,3000,30,True,Automatic Execution,Medical,Medical Info Systems,38.05,39.29,35.59,36.59,1,3.730378468587643,20,1,1,0,0,0
HOLX,Medical,Medical - Instruments,25__2,25,2.0,5. p99_trade_value,228000.0,228000.0,O:HOLX241115P00080000,HOLX,P,80.0,2024-11-15,231,0,301,2.85,1729192456443000000,800,228000.0,2024-10-17,3000,30,True,Single Leg Floor Trade,Medical,Medical - Instruments,81.5,81.99,80.02,80.47,2,5.357934847000454,20,1,1,1,1,0
HOLX,Medical,Medical - Instruments,25__2,25,2.0,1. p999999_trade_value,330000.0,330000.0,O:HOLX241115P00080000,HOLX,P,80.0,2024-11-15,235,0,301,1.65,1730478373772000000,2000,330000.0,2024-11-01,3000,30,True,Multi Leg floor trade,Medical,Medical - Instruments,80.99,83.05,80.86,82.33,1,5.518513939877887,20,1,1,1,1,0
HQY,Medical,Medical Services,25__0,25,0.0,1. p999999_trade_value,80000.0,80000.0,O:HQY241115C00095000,HQY,C,95.0,2024-11-15,231,0,313,0.8,1730829836095000000,1000,80000.0,2024-11-05,3000,30,True,Single Leg Floor Trade,Medical,Medical Services,86.93,89.58,86.36,89.23,1,4.903089986991944,20,1,1,1,1,0
HRTX,Medical,Medical - Drugs,5__0,5,0.0,1. p999999_trade_value,5000.0,5000.0,O:HRTX250516C00002000,HRTX,C,2.0,2025-05-16,209,0,308,0.2,1745257454215000000,250,5000.0,2025-04-21,3000,30,True,Automatic Execution,Medical,Medical - Drugs,1.82,1.99,1.81,1.93,1,3.6989700043360187,20,1,1,0,0,0
ICLR,Medical,Medical Services,25__0,25,0.0,1. p999999_trade_value,766800.0,766800.0,O:ICLR250117P00200000,ICLR,P,200.0,2025-01-17,235,0,301,7.1,1734546977972000000,1080,766800.0,2024-12-18,3000,30,True,Multi Leg floor trade,Medical,Medical Services,203.93,207.84,201.38,204.4,1,5.884682104206025,20,1,1,1,1,0
IDXX,Medical,Medical - Instruments,25__2,25,2.0,1. p999999_trade_value,577395.0,577395.0,O:IDXX241115P00420000,IDXX,P,420.0,2024-11-15,227,0,323,4.55,1729172444231000000,1269,577395.0,2024-10-17,3000,30,True,Single Leg Auction Non ISO,Medical,Medical - Instruments,466.6,467.95,458.05,460.01,1,5.7614730187518175,20,1,1,1,0,0
IGMS,Medical,Medical - Biomedical and Genetics,5__0,5,0.0,1. p999999_trade_value,6500.0,6500.0,O:IGMS241115P00015000,IGMS,P,15.0,2024-11-15,209,0,313,1.3,1729697032957000000,50,6500.0,2024-10-23,3000,30,True,Automatic Execution,Medical,Medical - Biomedical and Genetics,17.22,17.3385,15.3,16.03,1,3.8129133566428557,20,1,1,1,1,0
IMTX,Medical,Medical - Biomedical and Genetics,10__0,10,0.0,1. p999999_trade_value,50000.0,50000.0,O:IMTX241115P00009000,IMTX,P,9.0,2024-11-15,229,0,301,0.25,1729605722314000000,2000,50000.0,2024-10-22,3000,30,True,Single Leg Cross Non ISO,Medical,Medical - Biomedical and Genetics,9.58,9.68,9.5,9.54,1,4.698970004336019,20,1,1,1,1,0
IMVT,Medical,Medical - Biomedical and Genetics,20__1,20,1.0,1. p999999_trade_value,363636.0,363636.0,O:IMVT250417P00015000,IMVT,P,15.0,2025-04-17,235,0,300,0.91,1742319486728000000,3996,363636.0,2025-03-18,3000,30,True,Multi Leg floor trade,Medical,Medical - Biomedical and Genetics,19.87,19.89,18.77,18.79,1,5.560666871875038,20,1,1,1,0,0
INBX,Medical,Medical - Biomedical and Genetics,5__0,5,0.0,1. p999999_trade_value,8825.0,8825.0,O:INBX250417C00015000,INBX,C,15.0,2025-04-17,209,0,320,0.25,1742841792179000000,353,8825.0,2025-03-24,3000,30,True,Automatic Execution,Medical,Medical - Biomedical and Genetics,14.53,14.905,13.85,14.72,1,3.9457147140598603,20,1,1,0,0,0
INCY,Medical,Medical - Biomedical and Genetics,30__2,30,2.0,1. p999999_trade_value,250000.0,250000.0,O:INCY250221P00072500,INCY,P,72.5,2025-02-21,234,0,301,2.5,1738340906268000000,1000,250000.0,2025-01-31,3000,30,True,Multi Leg Cross,Medical,Medical - Biomedical and Genetics,73.76,75.18,73.1,74.16,1,5.3979400086720375,20,1,1,1,1,0
INSP,Medical,Medical Info Systems,30__1,30,1.0,5. p99_trade_value,91680.0,222360.0,O:INSP241115C00200000,INSP,C,200.0,2024-11-15,233,0,323,12.31,1730485212011000000,174,214194.0,2024-11-01,3000,30,True,Multi Leg Auction,Medical,Medical Info Systems,195.28,197.71,190.53,190.71,3,5.330807301213916,20,1,1,0,0,0
INSP,Medical,Medical Info Systems,30__1,30,1.0,5. p99_trade_value,91680.0,222360.0,O:INSP250117C00200000,INSP,C,200.0,2025-01-17,235,0,301,4.75,1735059109410000000,350,166250.0,2024-12-24,3000,30,True,Multi Leg floor trade,Medical,Medical Info Systems,188.62,188.62,184.015,186.29,5,5.220761653975142,20,1,1,0,0,0
INSP,Medical,Medical Info Systems,30__1,30,1.0,1. p999999_trade_value,223510.00000000003,223510.00000000003,O:INSP250117P00195000,INSP,P,195.0,2025-01-17,242,0,323,10.3,1736532191044000000,217,223510.00000000003,2025-01-10,3000,30,True,Stock Options floor trade,Medical,Medical Info Systems,211.95,211.99,202.38,202.48,1,5.349296958553702,20,1,1,1,1,0
INSP,Medical,Medical Info Systems,30__1,30,1.0,5. p99_trade_value,91680.0,222360.0,O:INSP250117P00195000,INSP,P,195.0,2025-01-17,242,0,323,10.2,1736532191044000000,218,222360.0,2025-01-10,3000,30,True,Stock Options floor trade,Medical,Medical Info Systems,211.95,211.99,202.38,202.48,2,5.347056665366522,20,1,1,1,1,0
INSP,Medical,Medical Info Systems,30__1,30,1.0,5. p99_trade_value,91680.0,222360.0,O:INSP250321P00155000,INSP,P,155.0,2025-03-21,231,0,300,1.6,1740410154935000000,573,91680.0,2025-02-24,3000,30,True,Single Leg Floor Trade,Medical,Medical Info Systems,177.94,190.8,175.62,186.45,7,4.962274604623315,20,1,0,0,0,1
INSP,Medical,Medical Info Systems,30__1,30,1.0,5. p99_trade_value,91680.0,222360.0,O:INSP250417P00150000,INSP,P,150.0,2025-04-17,231,0,301,3.8,1743603486386000000,345,131100.0,2025-04-02,3000,30,True,Single Leg Floor Trade,Medical,Medical Info Systems,156.41,164.02,156.1,159.56,6,5.1176026916900845,20,1,1,1,0,0
INSP,Medical,Medical Info Systems,30__1,30,1.0,5. p99_trade_value,91680.0,222360.0,O:INSP250516P00150000,INSP,P,150.0,2025-05-16,235,0,313,6.8,1746457070825000000,250,170000.0,2025-05-05,3000,30,True,Multi Leg floor trade,Medical,Medical Info Systems,158.9,160.75,156.02,158.74,4,5.230448921378274,20,1,1,1,0,0
IOVA,Medical,Medical - Biomedical and Genetics,30__2,30,2.0,6. p95_trade_value,22750.0,51726.0,O:IOVA240920P00011000,IOVA,P,11.0,2024-09-20,209,0,323,0.55,1724946205762000000,433,23815.0,2024-08-29,3000,30,True,Automatic Execution,Medical,Medical - Biomedical and Genetics,11.35,11.8243,11.32,11.38,43,4.37685058584761,20,1,1,1,1,0
IOVA,Medical,Medical - Biomedical and Genetics,30__2,30,2.0,6. p95_trade_value,22750.0,51726.0,O:IOVA240920P00011000,IOVA,P,11.0,2024-09-20,227,0,301,0.55,1724950683357000000,531,29205.0,2024-08-29,3000,30,True,Single Leg Auction Non ISO,Medical,Medical - Biomedical and Genetics,11.35,11.8243,11.32,11.38,30,4.465457210575713,20,1,1,1,1,0
IOVA,Medical,Medical - Biomedical and Genetics,30__2,30,2.0,6. p95_trade_value,22750.0,51726.0,O:IOVA241018C00011000,IOVA,C,11.0,2024-10-18,209,0,308,0.55,1726843329445000000,493,27115.000000000004,2024-09-20,3000,30,True,Automatic Execution,Medical,Medical - Biomedical and Genetics,10.38,10.5,10.015,10.15,33,4.433209608771474,20,1,1,1,0,0
IOVA,Medical,Medical - Biomedical and Genetics,30__2,30,2.0,6. p95_trade_value,22750.0,51726.0,O:IOVA241018C00011000,IOVA,C,11.0,2024-10-18,209,0,308,0.4,1727104677410000000,645,25800.0,2024-09-23,3000,30,True,Automatic Execution,Medical,Medical - Biomedical and Genetics,10.18,10.22,9.64,9.66,37,4.41161970596323,20,1,1,1,0,0
IOVA,Medical,Medical - Biomedical and Genetics,30__2,30,2.0,5. p99_trade_value,52268.99999999999,161000.0,O:IOVA241018C00011000,IOVA,C,11.0,2024-10-18,227,0,301,0.21,1727190476360000000,2489,52268.99999999999,2024-09-24,3000,30,True,Single Leg Auction Non ISO,Medical,Medical - Biomedical and Genetics,9.66,9.74,9.33,9.34,10,4.718244191342513,20,1,1,1,0,0
IOVA,Medical,Medical - Biomedical and Genetics,30__2,30,2.0,6. p95_trade_value,22750.0,51726.0,O:IOVA241018C00011000,IOVA,C,11.0,2024-10-18,209,0,325,0.23,1727194151877000000,995,22885.000000000004,2024-09-24,3000,30,True,Automatic Execution,Medical,Medical - Biomedical and Genetics,9.66,9.74,9.33,9.34,45,4.359550916763318,20,1,1,1,0,0
IOVA,Medical,Medical - Biomedical and Genetics,30__2,30,2.0,6. p95_trade_value,22750.0,51726.0,O:IOVA241018C00011000,IOVA,C,11.0,2024-10-18,209,0,325,0.22,1727189718309000000,1983,43626.0,2024-09-24,3000,30,True,Automatic Execution,Medical,Medical - Biomedical and Genetics,9.66,9.74,9.33,9.34,14,4.639745395027509,20,1,1,1,0,0
IOVA,Medical,Medical - Biomedical and Genetics,30__2,30,2.0,5. p99_trade_value,52268.99999999999,161000.0,O:IOVA241115C00012000,IOVA,C,12.0,2024-11-15,227,0,308,0.79,1729259587650000000,699,55221.0,2024-10-18,3000,30,True,Single Leg Auction Non ISO,Medical,Medical - Biomedical and Genetics,10.24,11.18,10.01,10.24,9,4.742104267036122,20,1,1,0,0,0
IOVA,Medical,Medical - Biomedical and Genetics,30__2,30,2.0,6. p95_trade_value,22750.0,51726.0,O:IOVA241115C00012000,IOVA,C,12.0,2024-11-15,227,0,308,0.74,1729259530579000000,699,51726.0,2024-10-18,3000,30,True,Single Leg Auction Non ISO,Medical,Medical - Biomedical and Genetics,10.24,11.18,10.01,10.24,11,4.713708895476658,20,1,1,0,0,0
IOVA,Medical,Medical - Biomedical and Genetics,30__2,30,2.0,6. p95_trade_value,22750.0,51726.0,O:IOVA241115C00012000,IOVA,C,12.0,2024-11-15,219,0,323,0.8,1729259587496000000,300,24000.0,2024-10-18,3000,30,True,Intermarket Sweep Order,Medical,Medical - Biomedical and Genetics,10.24,11.18,10.01,10.24,42,4.380211241711606,20,1,1,0,0,0
IOVA,Medical,Medical - Biomedical and Genetics,30__2,30,2.0,6. p95_trade_value,22750.0,51726.0,O:IOVA241115C00011000,IOVA,C,11.0,2024-11-15,232,0,303,0.81,1729525855490000000,375,30375.0,2024-10-21,3000,30,True,Multi Leg auto-electronic trade,Medical,Medical - Biomedical and Genetics,10.15,10.18,9.7,9.92,27,4.482516286606368,20,1,1,0,0,0
IOVA,Medical,Medical - Biomedical and Genetics,30__2,30,2.0,6. p95_trade_value,22750.0,51726.0,O:IOVA241115C00011000,IOVA,C,11.0,2024-11-15,232,0,308,0.81,1729525855491000000,325,26325.0,2024-10-21,3000,30,True,Multi Leg auto-electronic trade,Medical,Medical - Biomedical and Genetics,10.15,10.18,9.7,9.92,36,4.420368379857524,20,1,1,0,0,0
IOVA,Medical,Medical - Biomedical and Genetics,30__2,30,2.0,6. p95_trade_value,22750.0,51726.0,O:IOVA241115C00011000,IOVA,C,11.0,2024-11-15,232,0,313,0.8,1729525855489000000,523,41840.0,2024-10-21,3000,30,True,Multi Leg auto-electronic trade,Medical,Medical - Biomedical and Genetics,10.15,10.18,9.7,9.92,16,4.621591675859218,20,1,1,0,0,0
IOVA,Medical,Medical - Biomedical and Genetics,30__2,30,2.0,5. p99_trade_value,52268.99999999999,161000.0,O:IOVA241115C00011000,IOVA,C,11.0,2024-11-15,232,0,322,0.8,1729525855695000000,732,58560.0,2024-10-21,3000,30,True,Multi Leg auto-electronic trade,Medical,Medical - Biomedical and Genetics,10.15,10.18,9.7,9.92,7,4.767601068050335,20,1,1,0,0,0
IOVA,Medical,Medical - Biomedical and Genetics,30__2,30,2.0,5. p99_trade_value,52268.99999999999,161000.0,O:IOVA241115C00011000,IOVA,C,11.0,2024-11-15,232,0,322,0.82,1729525855590000000,698,57236.0,2024-10-21,3000,30,True,Multi Leg auto-electronic trade,Medical,Medical - Biomedical and Genetics,10.15,10.18,9.7,9.92,8,4.757669275006878,20,1,1,0,0,0
IOVA,Medical,Medical - Biomedical and Genetics,30__2,30,2.0,6. p95_trade_value,22750.0,51726.0,O:IOVA241115C00012000,IOVA,C,12.0,2024-11-15,232,0,322,0.53,1729525855695000000,732,38796.0,2024-10-21,3000,30,True,Multi Leg auto-electronic trade,Medical,Medical - Biomedical and Genetics,10.15,10.18,9.7,9.92,19,4.5887869506591805,20,1,1,0,0,0
IOVA,Medical,Medical - Biomedical and Genetics,30__2,30,2.0,6. p95_trade_value,22750.0,51726.0,O:IOVA241115C00012000,IOVA,C,12.0,2024-11-15,232,0,313,0.53,1729525855489000000,523,27719.0,2024-10-21,3000,30,True,Multi Leg auto-electronic trade,Medical,Medical - Biomedical and Genetics,10.15,10.18,9.7,9.92,32,4.442777558468063,20,1,1,0,0,0
IOVA,Medical,Medical - Biomedical and Genetics,30__2,30,2.0,6. p95_trade_value,22750.0,51726.0,O:IOVA241115C00012000,IOVA,C,12.0,2024-11-15,219,0,323,0.65,1729524134800000000,560,36400.0,2024-10-21,3000,30,True,Intermarket Sweep Order,Medical,Medical - Biomedical and Genetics,10.15,10.18,9.7,9.92,22,4.561101383649056,20,1,1,0,0,0
IOVA,Medical,Medical - Biomedical and Genetics,30__2,30,2.0,6. p95_trade_value,22750.0,51726.0,O:IOVA241115C00012000,IOVA,C,12.0,2024-11-15,232,0,322,0.55,1729525855590000000,698,38390.0,2024-10-21,3000,30,True,Multi Leg auto-electronic trade,Medical,Medical - Biomedical and Genetics,10.15,10.18,9.7,9.92,20,4.584218112117405,20,1,1,0,0,0
IOVA,Medical,Medical - Biomedical and Genetics,30__2,30,2.0,6. p95_trade_value,22750.0,51726.0,O:IOVA241101C00011500,IOVA,C,11.5,2024-11-01,232,0,304,0.45,1729867878248000000,537,24165.0,2024-10-25,3000,30,True,Multi Leg auto-electronic trade,Medical,Medical - Biomedical and Genetics,10.63,11.135,10.541,10.67,41,4.383186799474899,20,1,0,0,0,1
IOVA,Medical,Medical - Biomedical and Genetics,30__2,30,2.0,6. p95_trade_value,22750.0,51726.0,O:IOVA241101C00011500,IOVA,C,11.5,2024-11-01,232,0,322,0.45,1729867878237000000,600,27000.0,2024-10-25,3000,30,True,Multi Leg auto-electronic trade,Medical,Medical - Biomedical and Genetics,10.63,11.135,10.541,10.67,35,4.431363764158987,20,1,0,0,0,1
IOVA,Medical,Medical - Biomedical and Genetics,30__2,30,2.0,6. p95_trade_value,22750.0,51726.0,O:IOVA241101C00011500,IOVA,C,11.5,2024-11-01,209,0,325,0.38,1730126152946000000,998,37924.0,2024-10-28,3000,30,True,Automatic Execution,Medical,Medical - Biomedical and Genetics,10.85,11.208,10.7699,11.03,21,4.578914137904182,20,1,0,0,0,1
IOVA,Medical,Medical - Biomedical and Genetics,30__2,30,2.0,1. p999999_trade_value,388500.00000000006,388500.00000000006,O:IOVA241115C00011500,IOVA,C,11.5,2024-11-15,234,0,300,1.11,1730137059203000000,3500,388500.00000000006,2024-10-28,3000,30,True,Multi Leg Cross,Medical,Medical - Biomedical and Genetics,10.85,11.208,10.7699,11.03,1,5.589391023136933,20,1,1,0,0,0
IOVA,Medical,Medical - Biomedical and Genetics,30__2,30,2.0,6. p95_trade_value,22750.0,51726.0,O:IOVA241115C00013000,IOVA,C,13.0,2024-11-15,232,0,300,0.64,1730138940169000000,396,25344.0,2024-10-28,3000,30,True,Multi Leg auto-electronic trade,Medical,Medical - Biomedical and Genetics,10.85,11.208,10.7699,11.03,38,4.4038751599094,20,1,0,0,0,1
IOVA,Medical,Medical - Biomedical and Genetics,30__2,30,2.0,5. p99_trade_value,52268.99999999999,161000.0,O:IOVA241115C00014000,IOVA,C,14.0,2024-11-15,234,0,300,0.46,1730137059203000000,3500,161000.0,2024-10-28,3000,30,True,Multi Leg Cross,Medical,Medical - Biomedical and Genetics,10.85,11.208,10.7699,11.03,2,5.20682587603185,20,1,0,0,0,1
IOVA,Medical,Medical - Biomedical and Genetics,30__2,30,2.0,5. p99_trade_value,52268.99999999999,161000.0,O:IOVA241115P00009000,IOVA,P,9.0,2024-11-15,234,0,300,0.35,1730137059203000000,3500,122500.0,2024-10-28,3000,30,True,Multi Leg Cross,Medical,Medical - Biomedical and Genetics,10.85,11.208,10.7699,11.03,4,5.088136088700551,20,1,1,1,1,0
IOVA,Medical,Medical - Biomedical and Genetics,30__2,30,2.0,6. p95_trade_value,22750.0,51726.0,O:IOVA241115C00011500,IOVA,C,11.5,2024-11-15,233,0,304,0.95,1730223329083000000,480,45600.0,2024-10-29,3000,30,True,Multi Leg Auction,Medical,Medical - Biomedical and Genetics,11.0,11.08,10.66,10.81,13,4.658964842664435,20,1,1,0,0,0
IOVA,Medical,Medical - Biomedical and Genetics,30__2,30,2.0,6. p95_trade_value,22750.0,51726.0,O:IOVA241115C00012000,IOVA,C,12.0,2024-11-15,232,0,308,0.67,1730387892889000000,600,40200.0,2024-10-31,3000,30,True,Multi Leg auto-electronic trade,Medical,Medical - Biomedical and Genetics,10.85,10.95,10.38,10.44,18,4.60422605308447,20,1,1,0,0,0
IOVA,Medical,Medical - Biomedical and Genetics,30__2,30,2.0,6. p95_trade_value,22750.0,51726.0,O:IOVA241115P00010500,IOVA,P,10.5,2024-11-15,209,0,318,0.8,1730731628457000000,306,24480.0,2024-11-04,3000,30,True,Automatic Execution,Medical,Medical - Biomedical and Genetics,11.32,11.47,10.85,11.44,40,4.388811413473523,20,1,1,1,1,0
IOVA,Medical,Medical - Biomedical and Genetics,30__2,30,2.0,6. p95_trade_value,22750.0,51726.0,O:IOVA241115P00010500,IOVA,P,10.5,2024-11-15,209,0,325,0.82,1730731525469000000,500,41000.0,2024-11-04,3000,30,True,Automatic Execution,Medical,Medical - Biomedical and Genetics,11.32,11.47,10.85,11.44,17,4.6127838567197355,20,1,1,1,1,0
IOVA,Medical,Medical - Biomedical and Genetics,30__2,30,2.0,5. p99_trade_value,52268.99999999999,161000.0,O:IOVA241108C00012500,IOVA,C,12.5,2024-11-08,235,0,313,0.65,1730925825201000000,1000,65000.0,2024-11-06,3000,30,True,Multi Leg floor trade,Medical,Medical - Biomedical and Genetics,12.09,12.38,11.79,12.14,6,4.812913356642856,20,1,1,0,0,0
IOVA,Medical,Medical - Biomedical and Genetics,30__2,30,2.0,6. p95_trade_value,22750.0,51726.0,O:IOVA241115P00009000,IOVA,P,9.0,2024-11-15,231,0,323,0.15,1730926206818000000,2817,42255.0,2024-11-06,3000,30,True,Single Leg Floor Trade,Medical,Medical - Biomedical and Genetics,12.09,12.38,11.79,12.14,15,4.625878106041455,20,1,1,1,1,0
IOVA,Medical,Medical - Biomedical and Genetics,30__2,30,2.0,6. p95_trade_value,22750.0,51726.0,O:IOVA241115P00011000,IOVA,P,11.0,2024-11-15,235,0,313,0.5,1730925825202000000,1000,50000.0,2024-11-06,3000,30,True,Multi Leg floor trade,Medical,Medical - Biomedical and Genetics,12.09,12.38,11.79,12.14,12,4.698970004336019,20,1,1,1,1,0
IOVA,Medical,Medical - Biomedical and Genetics,30__2,30,2.0,5. p99_trade_value,52268.99999999999,161000.0,O:IOVA241115C00013000,IOVA,C,13.0,2024-11-15,235,0,301,0.72,1730993743264000000,1000,72000.0,2024-11-07,3000,30,True,Multi Leg floor trade,Medical,Medical - Biomedical and Genetics,12.22,12.505,12.1,12.28,5,4.857332496431268,20,1,0,0,0,1
IOVA,Medical,Medical - Biomedical and Genetics,30__2,30,2.0,6. p95_trade_value,22750.0,51726.0,O:IOVA241115C00013500,IOVA,C,13.5,2024-11-15,233,0,302,0.62,1730994794765000000,500,31000.0,2024-11-07,3000,30,True,Multi Leg Auction,Medical,Medical - Biomedical and Genetics,12.22,12.505,12.1,12.28,25,4.491361693834273,20,1,0,0,0,1
IOVA,Medical,Medical - Biomedical and Genetics,30__2,30,2.0,6. p95_trade_value,22750.0,51726.0,O:IOVA241115C00013500,IOVA,C,13.5,2024-11-15,233,0,302,0.62,1730994794765000000,500,31000.0,2024-11-07,3000,30,True,Multi Leg Auction,Medical,Medical - Biomedical and Genetics,12.22,12.505,12.1,12.28,26,4.491361693834273,20,1,0,0,0,1
IOVA,Medical,Medical - Biomedical and Genetics,30__2,30,2.0,6. p95_trade_value,22750.0,51726.0,O:IOVA241115C00011000,IOVA,C,11.0,2024-11-15,232,0,322,0.2,1731092556874000000,1499,29980.0,2024-11-08,3000,30,True,Multi Leg auto-electronic trade,Medical,Medical - Biomedical and Genetics,10.67,10.8,9.31,10.585,29,4.476831628512261,20,1,0,0,0,1
IOVA,Medical,Medical - Biomedical and Genetics,30__2,30,2.0,6. p95_trade_value,22750.0,51726.0,O:IOVA241206C00009500,IOVA,C,9.5,2024-12-06,209,0,308,0.25,1731947216100000000,1000,25000.0,2024-11-18,3000,30,True,Automatic Execution,Medical,Medical - Biomedical and Genetics,8.13,8.65,8.13,8.43,39,4.3979400086720375,20,1,1,0,0,0
IOVA,Medical,Medical - Biomedical and Genetics,30__2,30,2.0,5. p99_trade_value,52268.99999999999,161000.0,O:IOVA250117C00007500,IOVA,C,7.5,2025-01-17,227,0,312,0.62,1734724211671000000,1998,123876.0,2024-12-20,3000,30,True,Single Leg Auction Non ISO,Medical,Medical - Biomedical and Genetics,7.17,7.44,7.07,7.38,3,5.0929871733882175,20,1,1,0,0,0
IOVA,Medical,Medical - Biomedical and Genetics,30__2,30,2.0,6. p95_trade_value,22750.0,51726.0,O:IOVA250117C00007500,IOVA,C,7.5,2025-01-17,209,0,318,0.4,1735672606825000000,676,27040.000000000004,2024-12-31,3000,30,True,Automatic Execution,Medical,Medical - Biomedical and Genetics,7.27,7.445,7.12,7.4,34,4.432006687269598,20,1,1,0,0,0
IOVA,Medical,Medical - Biomedical and Genetics,30__2,30,2.0,6. p95_trade_value,22750.0,51726.0,O:IOVA250117C00007500,IOVA,C,7.5,2025-01-17,233,0,302,0.12,1736528514612000000,1923,23076.0,2025-01-10,3000,30,True,Multi Leg Auction,Medical,Medical - Biomedical and Genetics,7.0,7.025,6.24,6.4,44,4.3631605302861045,20,1,0,0,0,1
IOVA,Medical,Medical - Biomedical and Genetics,30__2,30,2.0,6. p95_trade_value,22750.0,51726.0,O:IOVA250228C00006500,IOVA,C,6.5,2025-02-28,209,0,302,0.3,1740419402777000000,1000,30000.0,2025-02-24,3000,30,True,Automatic Execution,Medical,Medical - Biomedical and Genetics,5.71,5.875,5.47,5.55,28,4.477121254719663,20,1,0,0,0,1
IOVA,Medical,Medical - Biomedical and Genetics,30__2,30,2.0,6. p95_trade_value,22750.0,51726.0,O:IOVA250228P00005000,IOVA,P,5.0,2025-02-28,209,0,320,0.25,1740413501508000000,910,22750.0,2025-02-24,3000,30,True,Automatic Execution,Medical,Medical - Biomedical and Genetics,5.71,5.875,5.47,5.55,46,4.356981400993131,20,1,1,1,1,0
IOVA,Medical,Medical - Biomedical and Genetics,30__2,30,2.0,6. p95_trade_value,22750.0,51726.0,O:IOVA250228P00005000,IOVA,P,5.0,2025-02-28,227,0,301,0.28,1740683141756000000,1000,28000.0,2025-02-27,3000,30,True,Single Leg Auction Non ISO,Medical,Medical - Biomedical and Genetics,5.38,5.64,5.25,5.26,31,4.447158031342219,20,1,1,1,1,0
IOVA,Medical,Medical - Biomedical and Genetics,30__2,30,2.0,6. p95_trade_value,22750.0,51726.0,O:IOVA250321C00004000,IOVA,C,4.0,2025-03-21,209,0,308,0.3,1741118482878000000,1200,36000.0,2025-03-04,3000,30,True,Automatic Execution,Medical,Medical - Biomedical and Genetics,3.95,3.96,3.7545,3.92,23,4.556302500767287,20,1,1,0,0,0
IOVA,Medical,Medical - Biomedical and Genetics,30__2,30,2.0,6. p95_trade_value,22750.0,51726.0,O:IOVA250516P00003000,IOVA,P,3.0,2025-05-16,209,0,323,0.35,1746714280335000000,978,34229.99999999999,2025-05-08,3000,30,True,Automatic Execution,Medical,Medical - Biomedical and Genetics,3.18,3.31,3.075,3.17,24,4.534406899137877,20,1,1,1,1,0
IQV,Medical,Medical - Instruments,25__2,25,2.0,5. p99_trade_value,360400.0,978690.0,O:IQV241115P00200000,IQV,P,200.0,2024-11-15,235,0,313,5.0,1730382197678000000,1320,660000.0,2024-10-31,3000,30,True,Multi Leg floor trade,Medical,Medical - Instruments,200.3,211.42,200.3,205.82,3,5.819543935541868,20,1,1,1,1,0
IQV,Medical,Medical - Instruments,25__2,25,2.0,5. p99_trade_value,360400.0,978690.0,O:IQV250221P00195000,IQV,P,195.0,2025-02-21,234,0,301,1.01,1738959473446000000,9690,978690.0,2025-02-07,3000,30,True,Multi Leg Cross,Medical,Medical - Instruments,211.67,211.67,205.41,208.14,2,5.990645150833408,20,1,1,1,1,0
IQV,Medical,Medical - Instruments,25__2,25,2.0,5. p99_trade_value,360400.0,978690.0,O:IQV250516P00150000,IQV,P,150.0,2025-05-16,235,0,313,4.89,1746469231231000000,800,391199.99999999994,2025-05-05,3000,30,True,Multi Leg floor trade,Medical,Medical - Instruments,151.81,154.4305,151.18,152.3,4,5.592398846115564,20,1,1,1,1,0
IQV,Medical,Medical - Instruments,25__2,25,2.0,5. p99_trade_value,360400.0,978690.0,O:IQV250516P00135000,IQV,P,135.0,2025-05-16,234,0,301,0.53,1747061063651000000,6800,360400.0,2025-05-12,3000,30,True,Multi Leg Cross,Medical,Medical - Instruments,152.88,156.53,151.5,156.13,5,5.556784782307026,20,1,0,0,0,1
IQV,Medical,Medical - Instruments,25__2,25,2.0,1. p999999_trade_value,1630800.0000000002,1630800.0000000002,O:IQV250516P00135000,IQV,P,135.0,2025-05-16,234,0,301,0.54,1747061063651000000,30200,1630800.0000000002,2025-05-12,3000,30,True,Multi Leg Cross,Medical,Medical - Instruments,152.88,156.53,151.5,156.13,1,6.212400702780119,20,1,0,0,0,1
IRTC,Medical,Medical Info Systems,20__0,20,0.0,1. p999999_trade_value,202500.00000000003,202500.00000000003,O:IRTC240920C00075000,IRTC,C,75.0,2024-09-20,235,0,313,1.35,1724859163681000000,1500,202500.00000000003,2024-08-28,3000,30,True,Multi Leg floor trade,Medical,Medical Info Systems,67.31,69.12,66.93,68.56,1,5.306425027550687,20,1,1,0,0,0
IRTC,Medical,Medical Info Systems,20__0,20,0.0,5. p99_trade_value,90000.0,90000.0,O:IRTC241018P00060000,IRTC,P,60.0,2024-10-18,235,0,313,3.0,1728069461080000000,300,90000.0,2024-10-04,3000,30,True,Multi Leg floor trade,Medical,Medical Info Systems,65.92,66.845,61.36,62.71,2,4.954242509439325,20,1,1,0,0,0
ITGR,Medical,Medical - Instruments,10__0,10,0.0,1. p999999_trade_value,7200.0,7200.0,O:ITGR250516C00125000,ITGR,C,125.0,2025-05-16,209,0,308,4.0,1745417746056000000,18,7200.0,2025-04-23,3000,30,True,Automatic Execution,Medical,Medical - Instruments,121.05,123.68,119.81,120.51,1,3.8573324964312685,20,1,1,0,0,0
ITGR,Medical,Medical - Instruments,10__0,10,0.0,8. p75_trade_value,6800.0,6800.0,O:ITGR250516C00125000,ITGR,C,125.0,2025-05-16,209,0,308,4.0,1745419943234000000,17,6800.0,2025-04-23,3000,30,True,Automatic Execution,Medical,Medical - Instruments,121.05,123.68,119.81,120.51,2,3.832508912706236,20,2,1,0,0,0
JNJ,Medical,Large Cap Pharmaceuticals,40__0,40,0.0,4. p999_trade_value,344999.99999999994,689500.0,O:JNJ241018C00162500,JNJ,C,162.5,2024-10-18,231,0,313,2.52,1727878710100000000,2000,504000.0,2024-10-02,3000,30,True,Single Leg Floor Trade,Medical,Large Cap Pharmaceuticals,161.51,162.12,160.65,161.17,5,5.702430536445525,20,1,1,1,1,0
JNJ,Medical,Large Cap Pharmaceuticals,40__0,40,0.0,1. p999999_trade_value,984000.0,984000.0,O:JNJ241018P00160000,JNJ,P,160.0,2024-10-18,229,0,300,2.46,1727964620499000000,4000,984000.0,2024-10-03,3000,30,True,Single Leg Cross Non ISO,Medical,Large Cap Pharmaceuticals,160.78,161.44,160.22,160.5,1,5.992995098431342,20,1,1,0,0,0
JNJ,Medical,Large Cap Pharmaceuticals,40__0,40,0.0,4. p999_trade_value,344999.99999999994,689500.0,O:JNJ241115C00165000,JNJ,C,165.0,2024-11-15,235,0,313,2.7,1729086845480000000,2500,675000.0,2024-10-16,3000,30,True,Multi Leg floor trade,Medical,Large Cap Pharmaceuticals,164.0,164.99,162.64,164.28,3,5.829303772831025,20,1,1,0,0,0
JNJ,Medical,Large Cap Pharmaceuticals,40__0,40,0.0,4. p999_trade_value,344999.99999999994,689500.0,O:JNJ241115P00160000,JNJ,P,160.0,2024-11-15,235,0,313,1.45,1729086845480000000,2500,362500.0,2024-10-16,3000,30,True,Multi Leg floor trade,Medical,Large Cap Pharmaceuticals,164.0,164.99,162.64,164.28,6,5.559308010907013,20,1,1,1,1,0
JNJ,Medical,Large Cap Pharmaceuticals,40__0,40,0.0,4. p999_trade_value,344999.99999999994,689500.0,O:JNJ250321C00160000,JNJ,C,160.0,2025-03-21,239,0,302,2.64,1740080035494000000,2044,539616.0,2025-02-20,3000,30,True,Multi Leg floor trade against single leg(s),Medical,Large Cap Pharmaceuticals,156.95,159.95,156.95,159.68,4,5.732084818332506,20,1,1,1,1,0
JNJ,Medical,Large Cap Pharmaceuticals,40__0,40,0.0,4. p999_trade_value,344999.99999999994,689500.0,O:JNJ250321P00165000,JNJ,P,165.0,2025-03-21,234,0,313,1.15,1741100401436000000,3000,344999.99999999994,2025-03-04,3000,30,True,Multi Leg Cross,Medical,Large Cap Pharmaceuticals,168.08,169.99,165.32,165.42,7,5.537819095073274,20,1,1,1,1,0
JNJ,Medical,Large Cap Pharmaceuticals,40__0,40,0.0,4. p999_trade_value,344999.99999999994,689500.0,O:JNJ250321C00170000,JNJ,C,170.0,2025-03-21,229,0,313,1.97,1741615374812000000,3500,689500.0,2025-03-10,3000,30,True,Single Leg Cross Non ISO,Medical,Large Cap Pharmaceuticals,167.48,169.9,167.05,167.7,2,5.838534270511868,20,1,0,0,0,1
JSPR,Medical,Medical - Biomedical and Genetics,25__0,25,0.0,1. p999999_trade_value,300000.0,300000.0,O:JSPR250117P00015000,JSPR,P,15.0,2025-01-17,235,0,300,3.0,1736188674027000000,1000,300000.0,2025-01-06,3000,30,True,Multi Leg floor trade,Medical,Medical - Biomedical and Genetics,19.82,21.06,19.64,20.87,1,5.477121254719663,20,1,1,1,1,0
KALV,Medical,Medical - Drugs,10__0,10,0.0,1. p999999_trade_value,74000.0,74000.0,O:KALV250321C00012500,KALV,C,12.5,2025-03-21,234,0,301,0.37,1741187889977000000,2000,74000.0,2025-03-05,3000,30,True,Multi Leg Cross,Medical,Medical - Drugs,11.39,11.63,11.0,11.61,1,4.869231719730976,20,1,1,0,0,0
KNSA,Medical,Medical - Biomedical and Genetics,0__2,0,2.0,1. p999999_trade_value,3400.0,3400.0,O:KNSA250321C00022500,KNSA,C,22.5,2025-03-21,209,0,320,0.85,1741017934631000000,40,3400.0,2025-03-03,3000,30,True,Automatic Execution,Medical,Medical - Biomedical and Genetics,20.47,22.23,20.4308,21.46,1,3.531478917042255,20,1,1,1,1,0
KRYS,Medical,Medical - Biomedical and Genetics,25__2,25,2.0,1. p999999_trade_value,750000.0,750000.0,O:KRYS241115C00195000,KRYS,C,195.0,2024-11-15,235,0,301,5.0,1730908753149000000,1500,750000.0,2024-11-06,3000,30,True,Multi Leg floor trade,Medical,Medical - Biomedical and Genetics,184.22,194.59,182.57,183.09,1,5.8750612633917,20,1,1,0,0,0
KRYS,Medical,Medical - Biomedical and Genetics,25__2,25,2.0,5. p99_trade_value,517175.0,700000.0,O:KRYS250221C00160000,KRYS,C,160.0,2025-02-21,234,0,302,7.55,1739890900230000000,685,517175.0,2025-02-18,3000,30,True,Multi Leg Cross,Medical,Medical - Biomedical and Genetics,152.94,157.39,152.51,156.69,3,5.713637523121614,20,1,1,1,1,0
KRYS,Medical,Medical - Biomedical and Genetics,25__2,25,2.0,5. p99_trade_value,517175.0,700000.0,O:KRYS250516P00160000,KRYS,P,160.0,2025-05-16,235,0,313,7.0,1745433279865000000,1000,700000.0,2025-04-23,3000,30,True,Multi Leg floor trade,Medical,Medical - Biomedical and Genetics,174.36,176.73,165.55,165.8,2,5.845098040014257,20,1,1,1,1,0
LEGN,Medical,Medical - Biomedical and Genetics,20__0,20,0.0,7. p90_trade_value,13000.0,16425.0,O:LEGN241115C00045000,LEGN,C,45.0,2024-11-15,209,0,308,2.0,1729523851605000000,73,14600.0,2024-10-21,3000,30,True,Automatic Execution,Medical,Medical - Biomedical and Genetics,42.63,44.48,42.395,43.45,15,4.164352855784437,20,2,1,0,0,0
LEGN,Medical,Medical - Biomedical and Genetics,20__0,20,0.0,6. p95_trade_value,16600.0,26450.0,O:LEGN241115C00045000,LEGN,C,45.0,2024-11-15,209,0,301,2.0,1729525711255000000,115,23000.0,2024-10-21,3000,30,True,Automatic Execution,Medical,Medical - Biomedical and Genetics,42.63,44.48,42.395,43.45,4,4.361727836017593,20,1,1,0,0,0
LEGN,Medical,Medical - Biomedical and Genetics,20__0,20,0.0,7. p90_trade_value,13000.0,16425.0,O:LEGN241115P00042500,LEGN,P,42.5,2024-11-15,209,0,308,2.0,1729607996135000000,80,16000.0,2024-10-22,3000,30,True,Automatic Execution,Medical,Medical - Biomedical and Genetics,45.375,45.96,43.29,45.035,12,4.204119982655925,20,2,1,1,1,0
LEGN,Medical,Medical - Biomedical and Genetics,20__0,20,0.0,6. p95_trade_value,16600.0,26450.0,O:LEGN241115P00042500,LEGN,P,42.5,2024-11-15,209,0,308,2.0,1729608009650000000,83,16600.0,2024-10-22,3000,30,True,Automatic Execution,Medical,Medical - Biomedical and Genetics,45.375,45.96,43.29,45.035,9,4.220108088040055,20,1,1,1,1,0
LEGN,Medical,Medical - Biomedical and Genetics,20__0,20,0.0,5. p99_trade_value,65000.0,65000.0,O:LEGN241115P00042500,LEGN,P,42.5,2024-11-15,231,0,301,1.0,1729869419551000000,650,65000.0,2024-10-25,3000,30,True,Single Leg Floor Trade,Medical,Medical - Biomedical and Genetics,44.06,45.88,43.81,44.74,2,4.812913356642856,20,1,1,1,1,0
LEGN,Medical,Medical - Biomedical and Genetics,20__0,20,0.0,1. p999999_trade_value,170000.0,170000.0,O:LEGN241115C00047500,LEGN,C,47.5,2024-11-15,231,0,301,1.7,1730228170980000000,1000,170000.0,2024-10-29,3000,30,True,Single Leg Floor Trade,Medical,Medical - Biomedical and Genetics,45.35,45.9,44.56,45.46,1,5.230448921378274,20,1,1,0,0,0
LEGN,Medical,Medical - Biomedical and Genetics,20__0,20,0.0,7. p90_trade_value,13000.0,16425.0,O:LEGN250117C00035000,LEGN,C,35.0,2025-01-17,209,0,308,2.25,1734628621134000000,72,16200.0,2024-12-19,3000,30,True,Automatic Execution,Medical,Medical - Biomedical and Genetics,34.11,34.66,32.5,34.02,11,4.209515014542631,20,2,1,0,0,0
LEGN,Medical,Medical - Biomedical and Genetics,20__0,20,0.0,7. p90_trade_value,13000.0,16425.0,O:LEGN250117C00035000,LEGN,C,35.0,2025-01-17,209,0,308,2.25,1734623379535000000,71,15975.0,2024-12-19,3000,30,True,Automatic Execution,Medical,Medical - Biomedical and Genetics,34.11,34.66,32.5,34.02,14,4.203440866830438,20,2,1,0,0,0
LEGN,Medical,Medical - Biomedical and Genetics,20__0,20,0.0,7. p90_trade_value,13000.0,16425.0,O:LEGN250117C00035000,LEGN,C,35.0,2025-01-17,209,0,308,2.25,1734626750462000000,73,16425.0,2024-12-19,3000,30,True,Automatic Execution,Medical,Medical - Biomedical and Genetics,34.11,34.66,32.5,34.02,10,4.215505378231819,20,2,1,0,0,0
LEGN,Medical,Medical - Biomedical and Genetics,20__0,20,0.0,6. p95_trade_value,16600.0,26450.0,O:LEGN250117C00035000,LEGN,C,35.0,2025-01-17,209,0,308,2.25,1734628457941000000,97,21825.0,2024-12-19,3000,30,True,Automatic Execution,Medical,Medical - Biomedical and Genetics,34.11,34.66,32.5,34.02,6,4.338954252377607,20,1,1,0,0,0
LEGN,Medical,Medical - Biomedical and Genetics,20__0,20,0.0,6. p95_trade_value,16600.0,26450.0,O:LEGN250117C00035000,LEGN,C,35.0,2025-01-17,209,0,308,2.25,1734628919514000000,100,22500.0,2024-12-19,3000,30,True,Automatic Execution,Medical,Medical - Biomedical and Genetics,34.11,34.66,32.5,34.02,5,4.352182518111363,20,1,1,0,0,0
LEGN,Medical,Medical - Biomedical and Genetics,20__0,20,0.0,7. p90_trade_value,13000.0,16425.0,O:LEGN250221C00040000,LEGN,C,40.0,2025-02-21,209,0,313,1.6,1737565152716000000,100,16000.0,2025-01-22,3000,30,True,Automatic Execution,Medical,Medical - Biomedical and Genetics,36.75,37.7,35.805,37.44,13,4.204119982655925,20,2,1,1,0,0
LEGN,Medical,Medical - Biomedical and Genetics,20__0,20,0.0,6. p95_trade_value,16600.0,26450.0,O:LEGN250221P00035000,LEGN,P,35.0,2025-02-21,209,0,313,1.9,1737572781240000000,100,19000.0,2025-01-22,3000,30,True,Automatic Execution,Medical,Medical - Biomedical and Genetics,36.75,37.7,35.805,37.44,8,4.278753600952829,20,1,1,0,0,0
LEGN,Medical,Medical - Biomedical and Genetics,20__0,20,0.0,7. p90_trade_value,13000.0,16425.0,O:LEGN250221C00040000,LEGN,C,40.0,2025-02-21,209,0,301,1.65,1737740153273000000,80,13200.0,2025-01-24,3000,30,True,Automatic Execution,Medical,Medical - Biomedical and Genetics,37.7,37.895,35.79,36.91,17,4.12057393120585,20,2,1,1,0,0
LEGN,Medical,Medical - Biomedical and Genetics,20__0,20,0.0,6. p95_trade_value,16600.0,26450.0,O:LEGN250221P00035000,LEGN,P,35.0,2025-02-21,209,0,322,0.5,1739459208667000000,529,26450.0,2025-02-13,3000,30,True,Automatic Execution,Medical,Medical - Biomedical and Genetics,35.95,37.11,35.35,36.39,3,4.422425676371205,20,1,0,0,0,1
LEGN,Medical,Medical - Biomedical and Genetics,20__0,20,0.0,7. p90_trade_value,13000.0,16425.0,O:LEGN250221P00035000,LEGN,P,35.0,2025-02-21,209,0,300,0.65,1739458428133000000,200,13000.0,2025-02-13,3000,30,True,Automatic Execution,Medical,Medical - Biomedical and Genetics,35.95,37.11,35.35,36.39,18,4.113943352306837,20,2,0,0,0,1
LEGN,Medical,Medical - Biomedical and Genetics,20__0,20,0.0,6. p95_trade_value,16600.0,26450.0,O:LEGN250620C00032500,LEGN,C,32.5,2025-06-20,209,0,325,1.05,1748880878157000000,190,19950.0,2025-06-02,3000,30,True,Automatic Execution,Medical,Medical - Biomedical and Genetics,28.94,29.79,28.61,29.32,7,4.299942900022767,20,1,1,0,0,0
LEGN,Medical,Medical - Biomedical and Genetics,20__0,20,0.0,7. p90_trade_value,13000.0,16425.0,O:LEGN250620C00040000,LEGN,C,40.0,2025-06-20,242,0,302,0.79,1749570105078000000,175,13825.0,2025-06-10,3000,30,True,Stock Options floor trade,Medical,Medical - Biomedical and Genetics,34.99,38.0,34.99,37.64,16,4.140665139976736,20,2,0,0,0,1
LFCR,Medical,Medical - Biomedical and Genetics,5__0,5,0.0,1. p999999_trade_value,3640.0,3640.0,O:LFCR241018C00005000,LFCR,C,5.0,2024-10-18,209,0,308,0.2,1727373664701000000,182,3640.0,2024-09-26,3000,30,True,Automatic Execution,Medical,Medical - Biomedical and Genetics,4.76,4.81,4.6008,4.72,1,3.561101383649056,20,1,1,1,1,0
LFMD,Medical,Medical Services,20__0,20,0.0,6. p95_trade_value,32475.0,39760.0,O:LFMD250620C00012000,LFMD,C,12.0,2025-06-20,227,0,323,0.8,1747844706969000000,497,39760.0,2025-05-21,3000,30,True,Single Leg Auction Non ISO,Medical,Medical Services,10.37,11.39,10.3505,10.77,3,4.599446375725275,20,1,1,0,0,0
LFMD,Medical,Medical Services,20__0,20,0.0,6. p95_trade_value,32475.0,39760.0,O:LFMD250620C00012000,LFMD,C,12.0,2025-06-20,227,0,302,0.7,1747839334521000000,500,35000.0,2025-05-21,3000,30,True,Single Leg Auction Non ISO,Medical,Medical Services,10.37,11.39,10.3505,10.77,4,4.544068044350276,20,1,1,0,0,0
LFMD,Medical,Medical Services,20__0,20,0.0,6. p95_trade_value,32475.0,39760.0,O:LFMD250620C00012000,LFMD,C,12.0,2025-06-20,209,0,301,0.9,1747923682253000000,361,32490.000000000004,2025-05-22,3000,30,True,Automatic Execution,Medical,Medical Services,10.478,11.645,10.38,11.5,5,4.511749711344983,20,1,1,0,0,0
LFMD,Medical,Medical Services,20__0,20,0.0,5. p99_trade_value,40375.0,40375.0,O:LFMD250620C00012000,LFMD,C,12.0,2025-06-20,209,0,320,0.85,1747923846293000000,475,40375.0,2025-05-22,3000,30,True,Automatic Execution,Medical,Medical Services,10.478,11.645,10.38,11.5,2,4.606112535339159,20,1,1,0,0,0
LFMD,Medical,Medical Services,20__0,20,0.0,6. p95_trade_value,32475.0,39760.0,O:LFMD250620C00012000,LFMD,C,12.0,2025-06-20,209,0,319,0.75,1748008224108000000,433,32475.0,2025-05-23,3000,30,True,Automatic Execution,Medical,Medical Services,11.19,11.62,11.11,11.53,6,4.511549159745066,20,1,1,0,0,0
LFMD,Medical,Medical Services,20__0,20,0.0,1. p999999_trade_value,130000.0,130000.0,O:LFMD250620C00013000,LFMD,C,13.0,2025-06-20,235,0,301,0.65,1749049158046000000,2000,130000.0,2025-06-04,3000,30,True,Multi Leg floor trade,Medical,Medical Services,12.7,12.8499,12.29,12.29,1,5.113943352306837,20,1,1,0,0,0
LFST,Medical,Medical - Outpatient and Home Healthcare,10__3,10,3.0,8. p75_trade_value,8560.0,8560.0,O:LFST250321C00008000,LFST,C,8.0,2025-03-21,209,0,307,0.4,1740163112348000000,214,8560.0,2025-02-21,3000,30,True,Automatic Execution,Medical,Medical - Outpatient and Home Healthcare,7.95,7.98,7.565,7.7,2,3.932473764677153,20,2,1,0,0,0
LFST,Medical,Medical - Outpatient and Home Healthcare,10__3,10,3.0,1. p999999_trade_value,144750.0,144750.0,O:LFST250321C00008000,LFST,C,8.0,2025-03-21,229,0,301,0.3,1740603374815000000,4825,144750.0,2025-02-26,3000,30,True,Single Leg Cross Non ISO,Medical,Medical - Outpatient and Home Healthcare,7.48,7.65,7.48,7.51,1,5.160618572399474,20,1,1,0,0,0
LH,Medical,Medical Services,20__2,20,2.0,1. p999999_trade_value,500000.0,500000.0,O:LH241115C00220000,LH,C,220.0,2024-11-15,235,0,301,5.0,1729530968118000000,1000,500000.0,2024-10-21,3000,30,True,Multi Leg floor trade,Medical,Medical Services,215.76,216.76,212.97,214.13,1,5.698970004336019,20,1,1,1,1,0
LIVN,Medical,Medical - Instruments,10__0,10,0.0,1. p999999_trade_value,9975.0,9975.0,O:LIVN241115C00055000,LIVN,C,55.0,2024-11-15,209,0,320,1.75,1730231925765000000,57,9975.0,2024-10-29,3000,30,True,Automatic Execution,Medical,Medical - Instruments,53.16,53.66,52.38,52.97,1,3.998912904358786,20,1,1,0,0,0
LMAT,Medical,Medical - Products,5__1,5,1.0,1. p999999_trade_value,47125.0,47125.0,O:LMAT250117C00095000,LMAT,C,95.0,2025-01-17,229,0,302,1.25,1735932107423000000,377,47125.0,2025-01-03,3000,30,True,Single Leg Cross Non ISO,Medical,Medical - Products,91.92,92.96,91.0501,91.74,1,4.67325136321385,20,1,1,1,1,0
LQDA,Medical,Medical - Biomedical and Genetics,25__0,25,0.0,1. p999999_trade_value,284715.0,284715.0,O:LQDA250620P00015000,LQDA,P,15.0,2025-06-20,239,0,302,1.71,1747934961891000000,1665,284715.0,2025-05-22,3000,30,True,Multi Leg floor trade against single leg(s),Medical,Medical - Biomedical and Genetics,16.53,16.567,15.35,15.56,1,5.454410348234492,20,1,1,0,0,0
MASI,Medical,Medical - Instruments,20__2,20,2.0,5. p99_trade_value,175000.0,175000.0,O:MASI240920C00115000,MASI,C,115.0,2024-09-20,229,0,313,1.75,1725904593728000000,1000,175000.0,2024-09-09,3000,30,True,Single Leg Cross Non ISO,Medical,Medical - Instruments,111.21,112.3,107.98,111.36,2,5.243038048686294,20,1,1,1,1,0
MASI,Medical,Medical - Instruments,20__2,20,2.0,1. p999999_trade_value,222000.0,222000.0,O:MASI241018C00120000,MASI,C,120.0,2024-10-18,242,0,323,3.7,1726763913672000000,600,222000.0,2024-09-19,3000,30,True,Stock Options floor trade,Medical,Medical - Instruments,115.84,116.68,111.03,111.73,1,5.346352974450639,20,1,1,1,1,0
MBOT,Medical,Medical - Instruments,10__0,10,0.0,8. p75_trade_value,7000.0,7000.0,O:MBOT250221C00002500,MBOT,C,2.5,2025-02-21,209,0,308,0.35,1737564880300000000,200,7000.0,2025-01-22,3000,30,True,Automatic Execution,Medical,Medical - Instruments,1.84,2.3899,1.84,1.99,2,3.845098040014257,20,2,1,0,0,0
MBOT,Medical,Medical - Instruments,10__0,10,0.0,1. p999999_trade_value,8720.0,8720.0,O:MBOT250221C00002500,MBOT,C,2.5,2025-02-21,219,0,316,0.2,1737646301667000000,436,8720.0,2025-01-23,3000,30,True,Intermarket Sweep Order,Medical,Medical - Instruments,2.13,2.16,1.88,1.91,1,3.940516484932567,20,1,1,0,0,0
MCK,Medical,Medical - Dental Supplies,35__0,35,0.0,1. p999999_trade_value,450000.0,450000.0,O:MCK241108C00510000,MCK,C,510.0,2024-11-08,242,0,313,15.0,1728482985093000000,300,450000.0,2024-10-09,3000,30,True,Stock Options floor trade,Medical,Medical - Dental Supplies,495.07,502.68,494.385,502.12,1,5.653212513775344,20,1,1,1,1,0
MDT,Medical,Medical - Products,30__1,30,1.0,5. p99_trade_value,170800.0,526500.0,O:MDT240920P00087500,MDT,P,87.5,2024-09-20,235,0,313,0.92,1724866829359000000,2000,184000.0,2024-08-28,3000,30,True,Multi Leg floor trade,Medical,Medical - Products,88.97,89.14,87.95,88.33,11,5.264817823009537,20,1,1,0,0,0
MDT,Medical,Medical - Products,30__1,30,1.0,5. p99_trade_value,170800.0,526500.0,O:MDT241115C00092500,MDT,C,92.5,2024-11-15,228,0,308,1.82,1729281126603000000,1213,220766.0,2024-10-18,3000,30,True,Single Leg Auction ISO,Medical,Medical - Products,89.97,92.25,89.84,92.24,9,5.343932188851648,20,1,1,0,0,0
MDT,Medical,Medical - Products,30__1,30,1.0,5. p99_trade_value,170800.0,526500.0,O:MDT241122P00085000,MDT,P,85.0,2024-11-22,227,0,302,0.6,1729866922777000000,3865,231900.0,2024-10-25,3000,30,True,Single Leg Auction Non ISO,Medical,Medical - Products,91.14,91.6,90.13,90.59,7,5.365300748637988,20,1,1,1,0,0
MDT,Medical,Medical - Products,30__1,30,1.0,5. p99_trade_value,170800.0,526500.0,O:MDT241220C00087000,MDT,C,87.0,2024-12-20,241,0,323,0.69,1732550225900000000,2500,172499.99999999997,2024-11-25,3000,30,True,Stock Options Cross,Medical,Medical - Products,86.5,86.83,84.77,85.75,13,5.236789099409293,20,1,0,0,0,1
MDT,Medical,Medical - Products,30__1,30,1.0,5. p99_trade_value,170800.0,526500.0,O:MDT241220C00087000,MDT,C,87.0,2024-12-20,235,0,313,0.7,1733326136252000000,2500,175000.0,2024-12-04,3000,30,True,Multi Leg floor trade,Medical,Medical - Products,85.35,86.12,85.01,85.32,12,5.243038048686294,20,1,0,0,0,1
MDT,Medical,Medical - Products,30__1,30,1.0,5. p99_trade_value,170800.0,526500.0,O:MDT241220P00085000,MDT,P,85.0,2024-12-20,235,0,313,0.9,1733326136252000000,2500,225000.0,2024-12-04,3000,30,True,Multi Leg floor trade,Medical,Medical - Products,85.35,86.12,85.01,85.32,8,5.352182518111363,20,1,1,1,1,0
MDT,Medical,Medical - Products,30__1,30,1.0,5. p99_trade_value,170800.0,526500.0,O:MDT250221C00092500,MDT,C,92.5,2025-02-21,229,0,300,1.32,1739467444068000000,2000,264000.0,2025-02-13,3000,30,True,Single Leg Cross Non ISO,Medical,Medical - Products,91.27,92.475,90.87,92.2,6,5.421603926869831,20,1,1,0,0,0
MDT,Medical,Medical - Products,30__1,30,1.0,5. p99_trade_value,170800.0,526500.0,O:MDT250221P00090000,MDT,P,90.0,2025-02-21,229,0,313,0.83,1739549720758000000,2500,207500.0,2025-02-14,3000,30,True,Single Leg Cross Non ISO,Medical,Medical - Products,92.42,93.05,91.86,92.81,10,5.317018101048111,20,1,1,1,1,0
MDT,Medical,Medical - Products,30__1,30,1.0,5. p99_trade_value,170800.0,526500.0,O:MDT250221P00091000,MDT,P,91.0,2025-02-21,235,0,323,1.17,1739556418684000000,4500,526500.0,2025-02-14,3000,30,True,Multi Leg floor trade,Medical,Medical - Products,92.42,93.05,91.86,92.81,3,5.721398375521505,20,1,1,1,1,0
MDT,Medical,Medical - Products,30__1,30,1.0,5. p99_trade_value,170800.0,526500.0,O:MDT250411P00089000,MDT,P,89.0,2025-04-11,231,0,300,1.4,1742479335182000000,1220,170800.0,2025-03-20,3000,30,True,Single Leg Floor Trade,Medical,Medical - Products,92.0,92.0,90.29,91.22,14,5.232487866352987,20,1,1,1,1,0
MDT,Medical,Medical - Products,30__1,30,1.0,4. p999_trade_value,784000.0,784000.0,O:MDT250417P00087500,MDT,P,87.5,2025-04-17,241,0,308,1.96,1742931536416000000,4000,784000.0,2025-03-25,3000,30,True,Stock Options Cross,Medical,Medical - Products,90.275,90.5,87.52,88.59,2,5.894316062684439,20,1,1,1,1,0
MDT,Medical,Medical - Products,30__1,30,1.0,1. p999999_trade_value,948000.0,948000.0,O:MDT250417P00082500,MDT,P,82.5,2025-04-17,234,0,301,2.37,1743792123135000000,4000,948000.0,2025-04-04,3000,30,True,Multi Leg Cross,Medical,Medical - Products,87.99,88.1,82.68,82.88,1,5.976808337338066,20,1,1,1,0,0
MDT,Medical,Medical - Products,30__1,30,1.0,5. p99_trade_value,170800.0,526500.0,O:MDT250523P00085000,MDT,P,85.0,2025-05-23,235,0,301,1.46,1747662857585000000,2967,433182.0,2025-05-19,3000,30,True,Multi Leg floor trade,Medical,Medical - Products,85.79,87.07,85.69,86.97,4,5.636670402101279,20,1,1,1,1,0
MDT,Medical,Medical - Products,30__1,30,1.0,5. p99_trade_value,170800.0,526500.0,O:MDT250620P00079000,MDT,P,79.0,2025-06-20,231,0,323,0.56,1747837942416000000,5000,280000.00000000006,2025-05-21,3000,30,True,Single Leg Floor Trade,Medical,Medical - Products,86.59,88.28,84.21,84.41,5,5.447158031342219,20,1,0,0,0,1
MDXG,Medical,Medical - Biomedical and Genetics,5__0,5,0.0,1. p999999_trade_value,6250.0,6250.0,O:MDXG250417P00007500,MDXG,P,7.5,2025-04-17,209,0,308,0.25,1742917961170000000,250,6250.0,2025-03-25,3000,30,True,Automatic Execution,Medical,Medical - Biomedical and Genetics,8.05,8.08,7.85,7.9,1,3.7958800173440754,20,1,1,1,1,0
MEDP,Medical,Medical Services,30__1,30,1.0,1. p999999_trade_value,540000.0,540000.0,O:MEDP250516C00300000,MEDP,C,300.0,2025-05-16,235,0,313,18.0,1745245707828000000,300,540000.0,2025-04-21,3000,30,True,Multi Leg floor trade,Medical,Medical Services,290.35,296.475,285.0378,288.99,1,5.732393759822968,20,1,1,1,1,0
MGNX,Medical,Medical - Products,5__0,5,0.0,1. p999999_trade_value,7000.0,7000.0,O:MGNX241115P00004000,MGNX,P,4.0,2024-11-15,209,0,313,0.35,1729195149802000000,200,7000.0,2024-10-17,3000,30,True,Automatic Execution,Medical,Medical - Products,4.15,4.18,4.01,4.02,1,3.845098040014257,20,1,1,1,1,0
MIRM,Medical,Medical - Biomedical and Genetics,10__0,10,0.0,1. p999999_trade_value,59359.99999999999,59359.99999999999,O:MIRM250516C00045000,MIRM,C,45.0,2025-05-16,235,0,301,2.8,1745243836845000000,212,59359.99999999999,2025-04-21,3000,30,True,Multi Leg floor trade,Medical,Medical - Biomedical and Genetics,38.78,39.865,38.22,38.39,1,4.77349389227097,20,1,1,1,1,0
MLTX,Medical,Medical - Biomedical and Genetics,15__0,15,0.0,1. p999999_trade_value,23625.000000000004,23625.000000000004,O:MLTX250117P00050000,MLTX,P,50.0,2025-01-17,231,0,302,1.35,1734984482256000000,175,23625.000000000004,2024-12-23,3000,30,True,Single Leg Floor Trade,Medical,Medical - Biomedical and Genetics,52.12,52.99,51.51,52.14,1,4.373371817181301,20,1,1,1,1,0
MNKD,Medical,Medical - Biomedical and Genetics,10__0,10,0.0,7. p90_trade_value,54304.0,54304.0,O:MNKD250117C00007000,MNKD,C,7.0,2025-01-17,235,0,313,0.16,1734534694582000000,3394,54304.0,2024-12-18,3000,30,True,Multi Leg floor trade,Medical,Medical - Biomedical and Genetics,6.11,6.415,5.86,5.94,2,4.734831820637582,20,2,1,0,0,0
MNKD,Medical,Medical - Biomedical and Genetics,10__0,10,0.0,1. p999999_trade_value,57681.00000000001,57681.00000000001,O:MNKD250117C00007000,MNKD,C,7.0,2025-01-17,235,0,313,0.17,1734534694584000000,3393,57681.00000000001,2024-12-18,3000,30,True,Multi Leg floor trade,Medical,Medical - Biomedical and Genetics,6.11,6.415,5.86,5.94,1,4.761032781023392,20,1,1,0,0,0
MNMD,Medical,Medical - Biomedical and Genetics,25__0,25,0.0,1. p999999_trade_value,48330.0,48330.0,O:MNMD250221C00009000,MNMD,C,9.0,2025-02-21,227,0,319,0.54,1738688796503000000,895,48330.0,2025-02-04,3000,30,True,Single Leg Auction Non ISO,Medical,Medical - Biomedical and Genetics,7.48,8.27,7.44,8.17,1,4.68421679513888,20,1,1,0,0,0
MOH,Medical,Medical - HMOs,30__1,30,1.0,1. p999999_trade_value,728640.0,728640.0,O:MOH241115C00300000,MOH,C,300.0,2024-11-15,235,0,300,9.2,1729704974938000000,792,728640.0,2024-10-23,3000,30,True,Multi Leg floor trade,Medical,Medical - HMOs,286.07,287.28,272.69,275.0,1,5.862513008935049,20,1,1,1,0,0
MRK,Medical,Large Cap Pharmaceuticals,35__1,35,1.0,4. p999_trade_value,1547800.0,2332600.0,O:MRK250221P00090000,MRK,P,90.0,2025-02-21,235,0,300,0.74,1737659770847000000,21800,1613200.0,2025-01-23,3000,30,True,Multi Leg floor trade,Medical,Large Cap Pharmaceuticals,96.11,97.155,95.22,96.63,5,6.207688213335581,20,1,1,1,1,0
MRK,Medical,Large Cap Pharmaceuticals,35__1,35,1.0,4. p999_trade_value,1547800.0,2332600.0,O:MRK250221P00095000,MRK,P,95.0,2025-02-21,235,0,300,2.14,1737659770847000000,10900,2332600.0,2025-01-23,3000,30,True,Multi Leg floor trade,Medical,Large Cap Pharmaceuticals,96.11,97.155,95.22,96.63,2,6.367840271289815,20,1,1,1,1,0
MRK,Medical,Large Cap Pharmaceuticals,35__1,35,1.0,4. p999_trade_value,1547800.0,2332600.0,O:MRK250221P00093000,MRK,P,93.0,2025-02-21,235,0,300,0.91,1738270475885000000,21800,1983800.0,2025-01-30,3000,30,True,Multi Leg floor trade,Medical,Large Cap Pharmaceuticals,99.41,99.41,98.23,98.95,3,6.297497885925698,20,1,1,1,1,0
MRK,Medical,Large Cap Pharmaceuticals,35__1,35,1.0,4. p999_trade_value,1547800.0,2332600.0,O:MRK250221P00095000,MRK,P,95.0,2025-02-21,235,0,300,1.42,1738270475894000000,10900,1547800.0,2025-01-30,3000,30,True,Multi Leg floor trade,Medical,Large Cap Pharmaceuticals,99.41,99.41,98.23,98.95,6,6.1897148423236805,20,1,1,1,1,0
MRK,Medical,Large Cap Pharmaceuticals,35__1,35,1.0,1. p999999_trade_value,2768600.0,2768600.0,O:MRK250221P00098000,MRK,P,98.0,2025-02-21,235,0,300,2.54,1738270475895000000,10900,2768600.0,2025-01-30,3000,30,True,Multi Leg floor trade,Medical,Large Cap Pharmaceuticals,99.41,99.41,98.23,98.95,1,6.442260214560561,20,1,1,1,1,0
MRK,Medical,Large Cap Pharmaceuticals,35__1,35,1.0,4. p999_trade_value,1547800.0,2332600.0,O:MRK250328P00085000,MRK,P,85.0,2025-03-28,234,0,300,0.26,1741875955041000000,63000,1638000.0,2025-03-13,3000,30,True,Multi Leg Cross,Medical,Large Cap Pharmaceuticals,93.4,96.34,93.4,94.71,4,6.214313897424399,20,1,0,0,0,1
MRUS,Medical,Medical - Biomedical and Genetics,25__2,25,2.0,1. p999999_trade_value,1750000.0,1750000.0,O:MRUS250620C00045000,MRUS,C,45.0,2025-06-20,229,0,302,3.5,1747921604024000000,5000,1750000.0,2025-05-22,3000,30,True,Single Leg Cross Non ISO,Medical,Medical - Biomedical and Genetics,42.47,43.09,41.5,41.6,1,6.243038048686294,20,1,1,0,0,0
MRUS,Medical,Medical - Biomedical and Genetics,25__2,25,2.0,5. p99_trade_value,712535.0,712535.0,O:MRUS250620P00050000,MRUS,P,50.0,2025-06-20,235,0,313,1.55,1748359012351000000,4597,712535.0,2025-05-27,3000,30,True,Multi Leg floor trade,Medical,Medical - Biomedical and Genetics,57.0,57.6572,50.4,50.8,2,5.852806201920601,20,1,1,0,0,0
MTD,Medical,Medical - Instruments,20__0,20,0.0,8. p75_trade_value,5880.0,8790.0,O:MTD240920C01450000,MTD,C,1450.0,2024-09-20,209,0,313,32.0,1724859511320000000,2,6400.0,2024-08-28,3000,30,True,Automatic Execution,Medical,Medical - Instruments,1422.0,1439.74,1418.41,1423.18,33,3.806179973983887,20,4,0,0,0,1
MTD,Medical,Medical - Instruments,20__0,20,0.0,8. p75_trade_value,5880.0,8790.0,O:MTD240920C01450000,MTD,C,1450.0,2024-09-20,209,0,313,32.5,1724942344451000000,2,6500.0,2024-08-29,3000,30,True,Automatic Execution,Medical,Medical - Instruments,1431.31,1446.999,1426.94,1431.23,30,3.8129133566428557,20,4,0,0,0,1
MTD,Medical,Medical - Instruments,20__0,20,0.0,8. p75_trade_value,5880.0,8790.0,O:MTD240920C01450000,MTD,C,1450.0,2024-09-20,209,0,313,30.5,1724945889346000000,2,6100.0,2024-08-29,3000,30,True,Automatic Execution,Medical,Medical - Instruments,1431.31,1446.999,1426.94,1431.23,37,3.785329835010767,20,5,0,0,0,1
MTD,Medical,Medical - Instruments,20__0,20,0.0,8. p75_trade_value,5880.0,8790.0,O:MTD241018P01290000,MTD,P,1290.0,2024-10-18,232,0,301,9.84,1727102715147000000,6,5904.0,2024-09-23,3000,30,True,Multi Leg auto-electronic trade,Medical,Medical - Instruments,1413.78,1413.78,1388.21,1405.9,40,3.7711463488149852,20,5,0,0,0,1
MTD,Medical,Medical - Instruments,20__0,20,0.0,8. p75_trade_value,5880.0,8790.0,O:MTD241018P01430000,MTD,P,1430.0,2024-10-18,209,0,301,20.0,1727364071165000000,3,6000.0,2024-09-26,3000,30,True,Automatic Execution,Medical,Medical - Instruments,1434.23,1492.92,1430.66,1491.02,39,3.7781512503836434,20,5,1,1,1,0
MTD,Medical,Medical - Instruments,20__0,20,0.0,8. p75_trade_value,5880.0,8790.0,O:MTD241018P01450000,MTD,P,1450.0,2024-10-18,209,0,301,24.0,1727978109777000000,3,7200.0,2024-10-03,3000,30,True,Automatic Execution,Medical,Medical - Instruments,1485.82,1488.75,1461.0,1463.4,25,3.8573324964312685,20,3,1,1,1,0
MTD,Medical,Medical - Instruments,20__0,20,0.0,8. p75_trade_value,5880.0,8790.0,O:MTD241115P01300000,MTD,P,1300.0,2024-11-15,209,0,316,20.4,1729099544022000000,3,6120.0,2024-10-16,3000,30,True,Automatic Execution,Medical,Medical - Instruments,1445.11,1455.995,1389.395,1404.47,36,3.7867514221455614,20,5,1,1,1,0
MTD,Medical,Medical - Instruments,20__0,20,0.0,8. p75_trade_value,5880.0,8790.0,O:MTD241115P01300000,MTD,P,1300.0,2024-11-15,209,0,316,20.5,1729099551119000000,3,6150.0,2024-10-16,3000,30,True,Automatic Execution,Medical,Medical - Instruments,1445.11,1455.995,1389.395,1404.47,34,3.788875115775417,20,4,1,1,1,0
MTD,Medical,Medical - Instruments,20__0,20,0.0,8. p75_trade_value,5880.0,8790.0,O:MTD241115P01300000,MTD,P,1300.0,2024-11-15,209,0,316,19.6,1729099500079000000,3,5880.0,2024-10-16,3000,30,True,Automatic Execution,Medical,Medical - Instruments,1445.11,1455.995,1389.395,1404.47,41,3.7693773260761385,20,5,1,1,1,0
MTD,Medical,Medical - Instruments,20__0,20,0.0,8. p75_trade_value,5880.0,8790.0,O:MTD241115P01300000,MTD,P,1300.0,2024-11-15,209,0,316,20.4,1729099537584000000,3,6120.0,2024-10-16,3000,30,True,Automatic Execution,Medical,Medical - Instruments,1445.11,1455.995,1389.395,1404.47,35,3.7867514221455614,20,4,1,1,1,0
MTD,Medical,Medical - Instruments,20__0,20,0.0,8. p75_trade_value,5880.0,8790.0,O:MTD241115P01300000,MTD,P,1300.0,2024-11-15,209,0,316,20.1,1729099528587000000,3,6030.0,2024-10-16,3000,30,True,Automatic Execution,Medical,Medical - Instruments,1445.11,1455.995,1389.395,1404.47,38,3.780317312140151,20,5,1,1,1,0
MTD,Medical,Medical - Instruments,20__0,20,0.0,8. p75_trade_value,5880.0,8790.0,O:MTD241115P01300000,MTD,P,1300.0,2024-11-15,209,0,316,22.8,1729172812693000000,3,6840.000000000001,2024-10-17,3000,30,True,Automatic Execution,Medical,Medical - Instruments,1422.37,1430.365,1360.5,1364.19,28,3.835056101720116,20,4,1,1,1,0
MTD,Medical,Medical - Instruments,20__0,20,0.0,8. p75_trade_value,5880.0,8790.0,O:MTD241115P01300000,MTD,P,1300.0,2024-11-15,209,0,316,24.5,1729172823586000000,3,7350.0,2024-10-17,3000,30,True,Automatic Execution,Medical,Medical - Instruments,1422.37,1430.365,1360.5,1364.19,22,3.8662873390841948,20,3,1,1,1,0
MTD,Medical,Medical - Instruments,20__0,20,0.0,8. p75_trade_value,5880.0,8790.0,O:MTD241115P01300000,MTD,P,1300.0,2024-11-15,209,0,316,24.4,1729172823923000000,3,7319.999999999999,2024-10-17,3000,30,True,Automatic Execution,Medical,Medical - Instruments,1422.37,1430.365,1360.5,1364.19,23,3.864511081058392,20,3,1,1,1,0
MTD,Medical,Medical - Instruments,20__0,20,0.0,8. p75_trade_value,5880.0,8790.0,O:MTD241220P01190000,MTD,P,1190.0,2024-12-20,209,0,302,13.3,1733168438433000000,6,7980.000000000001,2024-12-02,3000,30,True,Automatic Execution,Medical,Medical - Instruments,1248.48,1261.56,1232.42,1258.88,20,3.9020028913507296,20,3,0,0,0,1
MTD,Medical,Medical - Instruments,20__0,20,0.0,7. p90_trade_value,9300.0,14760.000000000002,O:MTD250117C01240000,MTD,C,1240.0,2025-01-17,209,0,308,31.0,1734964904514000000,3,9300.0,2024-12-23,3000,30,True,Automatic Execution,Medical,Medical - Instruments,1219.44,1236.325,1219.145,1234.39,17,3.9684829485539352,20,2,1,1,1,0
MTD,Medical,Medical - Instruments,20__0,20,0.0,1. p999999_trade_value,145800.0,145800.0,O:MTD250221C01400000,MTD,C,1400.0,2025-02-21,235,0,313,24.3,1738869635800000000,60,145800.0,2025-02-06,3000,30,True,Multi Leg floor trade,Medical,Medical - Instruments,1364.3,1369.115,1345.78,1357.26,1,5.163757523981956,20,1,1,0,0,0
MTD,Medical,Medical - Instruments,20__0,20,0.0,6. p95_trade_value,16110.0,108000.0,O:MTD250221C01400000,MTD,C,1400.0,2025-02-21,235,0,313,24.0,1738857461928000000,45,108000.0,2025-02-06,3000,30,True,Multi Leg floor trade,Medical,Medical - Instruments,1364.3,1369.115,1345.78,1357.26,3,5.033423755486949,20,1,1,0,0,0
MTD,Medical,Medical - Instruments,20__0,20,0.0,6. p95_trade_value,16110.0,108000.0,O:MTD250221C01420000,MTD,C,1420.0,2025-02-21,209,0,316,16.4,1738868511896000000,11,18039.999999999996,2025-02-06,3000,30,True,Automatic Execution,Medical,Medical - Instruments,1364.3,1369.115,1345.78,1357.26,8,4.256236533205922,20,1,1,0,0,0
MTD,Medical,Medical - Instruments,20__0,20,0.0,6. p95_trade_value,16110.0,108000.0,O:MTD250221C01420000,MTD,C,1420.0,2025-02-21,227,0,308,17.5,1738871360265000000,32,56000.0,2025-02-06,3000,30,True,Single Leg Auction Non ISO,Medical,Medical - Instruments,1364.3,1369.115,1345.78,1357.26,5,4.748188027006201,20,1,1,0,0,0
MTD,Medical,Medical - Instruments,20__0,20,0.0,8. p75_trade_value,5880.0,8790.0,O:MTD250221C01420000,MTD,C,1420.0,2025-02-21,209,0,325,16.2,1738867794576000000,4,6480.0,2025-02-06,3000,30,True,Automatic Execution,Medical,Medical - Instruments,1364.3,1369.115,1345.78,1357.26,31,3.8115750058705933,20,4,1,0,0,0
MTD,Medical,Medical - Instruments,20__0,20,0.0,8. p75_trade_value,5880.0,8790.0,O:MTD250221C01420000,MTD,C,1420.0,2025-02-21,209,0,316,18.0,1738870343247000000,4,7200.0,2025-02-06,3000,30,True,Automatic Execution,Medical,Medical - Instruments,1364.3,1369.115,1345.78,1357.26,24,3.8573324964312685,20,3,1,0,0,0
MTD,Medical,Medical - Instruments,20__0,20,0.0,8. p75_trade_value,5880.0,8790.0,O:MTD250221C01420000,MTD,C,1420.0,2025-02-21,209,0,302,17.9,1738870085791000000,4,7159.999999999999,2025-02-06,3000,30,True,Automatic Execution,Medical,Medical - Instruments,1364.3,1369.115,1345.78,1357.26,26,3.8549130223078554,20,3,1,0,0,0
MTD,Medical,Medical - Instruments,20__0,20,0.0,8. p75_trade_value,5880.0,8790.0,O:MTD250221C01420000,MTD,C,1420.0,2025-02-21,209,0,313,16.2,1738867794575000000,4,6480.0,2025-02-06,3000,30,True,Automatic Execution,Medical,Medical - Instruments,1364.3,1369.115,1345.78,1357.26,32,3.8115750058705933,20,4,1,0,0,0
MTD,Medical,Medical - Instruments,20__0,20,0.0,6. p95_trade_value,16110.0,108000.0,O:MTD250221C01420000,MTD,C,1420.0,2025-02-21,209,0,316,17.9,1738870084282000000,9,16110.0,2025-02-06,3000,30,True,Automatic Execution,Medical,Medical - Instruments,1364.3,1369.115,1345.78,1357.26,9,4.207095540419218,20,1,1,0,0,0
MTD,Medical,Medical - Instruments,20__0,20,0.0,6. p95_trade_value,16110.0,108000.0,O:MTD250221C01420000,MTD,C,1420.0,2025-02-21,209,0,316,16.3,1738867773530000000,13,21190.0,2025-02-06,3000,30,True,Automatic Execution,Medical,Medical - Instruments,1364.3,1369.115,1345.78,1357.26,7,4.326130956710794,20,1,1,0,0,0
MTD,Medical,Medical - Instruments,20__0,20,0.0,7. p90_trade_value,9300.0,14760.000000000002,O:MTD250221C01420000,MTD,C,1420.0,2025-02-21,209,0,307,16.2,1738867794576000000,8,12960.0,2025-02-06,3000,30,True,Automatic Execution,Medical,Medical - Instruments,1364.3,1369.115,1345.78,1357.26,11,4.1126050015345745,20,2,1,0,0,0
MTD,Medical,Medical - Instruments,20__0,20,0.0,6. p95_trade_value,16110.0,108000.0,O:MTD250221P01300000,MTD,P,1300.0,2025-02-21,235,0,313,16.0,1738857461928000000,45,72000.0,2025-02-06,3000,30,True,Multi Leg floor trade,Medical,Medical - Instruments,1364.3,1369.115,1345.78,1357.26,4,4.857332496431268,20,1,1,1,1,0
MTD,Medical,Medical - Instruments,20__0,20,0.0,5. p99_trade_value,132000.0,132000.0,O:MTD250221P01300000,MTD,P,1300.0,2025-02-21,235,0,313,22.0,1738869635800000000,60,132000.0,2025-02-06,3000,30,True,Multi Leg floor trade,Medical,Medical - Instruments,1364.3,1369.115,1345.78,1357.26,2,5.12057393120585,20,1,1,1,1,0
MTD,Medical,Medical - Instruments,20__0,20,0.0,7. p90_trade_value,9300.0,14760.000000000002,O:MTD250417C01290000,MTD,C,1290.0,2025-04-17,227,0,308,10.03,1742833480697000000,12,12035.999999999998,2025-03-24,3000,30,True,Single Leg Auction Non ISO,Medical,Medical - Instruments,1211.73,1220.49,1207.99,1212.06,14,4.080482179068043,20,2,0,0,0,1
MTD,Medical,Medical - Instruments,20__0,20,0.0,7. p90_trade_value,9300.0,14760.000000000002,O:MTD250417P01160000,MTD,P,1160.0,2025-04-17,209,0,323,14.1,1742833482157000000,7,9870.0,2025-03-24,3000,30,True,Automatic Execution,Medical,Medical - Instruments,1211.73,1220.49,1207.99,1212.06,16,3.9943171526696366,20,2,1,1,1,0
MTD,Medical,Medical - Instruments,20__0,20,0.0,8. p75_trade_value,5880.0,8790.0,O:MTD250417P01160000,MTD,P,1160.0,2025-04-17,209,0,316,13.5,1742833495688000000,5,6750.0,2025-03-24,3000,30,True,Automatic Execution,Medical,Medical - Instruments,1211.73,1220.49,1207.99,1212.06,29,3.829303772831025,20,4,1,1,1,0
MTD,Medical,Medical - Instruments,20__0,20,0.0,7. p90_trade_value,9300.0,14760.000000000002,O:MTD250417P01160000,MTD,P,1160.0,2025-04-17,209,0,304,13.4,1742833495685000000,9,12060.0,2025-03-24,3000,30,True,Automatic Execution,Medical,Medical - Instruments,1211.73,1220.49,1207.99,1212.06,13,4.0813473078041325,20,2,1,1,1,0
MTD,Medical,Medical - Instruments,20__0,20,0.0,8. p75_trade_value,5880.0,8790.0,O:MTD250417P01160000,MTD,P,1160.0,2025-04-17,209,0,313,13.5,1742833503396000000,6,8100.0,2025-03-24,3000,30,True,Automatic Execution,Medical,Medical - Instruments,1211.73,1220.49,1207.99,1212.06,19,3.90848501887865,20,3,1,1,1,0
MTD,Medical,Medical - Instruments,20__0,20,0.0,7. p90_trade_value,9300.0,14760.000000000002,O:MTD250417P01160000,MTD,P,1160.0,2025-04-17,209,0,307,13.6,1742833497805000000,9,12240.0,2025-03-24,3000,30,True,Automatic Execution,Medical,Medical - Instruments,1211.73,1220.49,1207.99,1212.06,12,4.087781417809542,20,2,1,1,1,0
MTD,Medical,Medical - Instruments,20__0,20,0.0,8. p75_trade_value,5880.0,8790.0,O:MTD250516C01140000,MTD,C,1140.0,2025-05-16,227,0,323,13.96,1744818901496000000,5,6980.000000000001,2025-04-16,3000,30,True,Single Leg Auction Non ISO,Medical,Medical - Instruments,1041.29,1049.9,1007.93,1016.65,27,3.843855422623161,20,3,1,1,1,0
MTD,Medical,Medical - Instruments,20__0,20,0.0,6. p95_trade_value,16110.0,108000.0,O:MTD250516C01000000,MTD,C,1000.0,2025-05-16,209,0,316,42.8,1745260698577000000,10,42800.0,2025-04-21,3000,30,True,Automatic Execution,Medical,Medical - Instruments,996.88,996.88,962.54,970.15,6,4.631443769013172,20,1,1,1,1,0
MTD,Medical,Medical - Instruments,20__0,20,0.0,7. p90_trade_value,9300.0,14760.000000000002,O:MTD250516C01180000,MTD,C,1180.0,2025-05-16,209,0,308,11.0,1745590878037000000,10,11000.0,2025-04-25,3000,30,True,Automatic Execution,Medical,Medical - Instruments,1060.1,1070.81,1048.775,1061.79,15,4.041392685158225,20,2,1,0,0,0
MTD,Medical,Medical - Instruments,20__0,20,0.0,7. p90_trade_value,9300.0,14760.000000000002,O:MTD250516P00940000,MTD,P,940.0,2025-05-16,209,0,322,12.3,1746106783913000000,12,14760.000000000002,2025-05-01,3000,30,True,Automatic Execution,Medical,Medical - Instruments,1074.13,1077.815,1029.23,1056.58,10,4.169086357487023,20,2,0,0,0,1
MTD,Medical,Medical - Instruments,20__0,20,0.0,8. p75_trade_value,5880.0,8790.0,O:MTD250620C01170000,MTD,C,1170.0,2025-06-20,209,0,313,29.3,1748448445236000000,3,8790.0,2025-05-28,3000,30,True,Automatic Execution,Medical,Medical - Instruments,1159.75,1165.27,1152.57,1157.5,18,3.9439888750737717,20,2,1,0,0,0
MTD,Medical,Medical - Instruments,20__0,20,0.0,8. p75_trade_value,5880.0,8790.0,O:MTD250620C01260000,MTD,C,1260.0,2025-06-20,209,0,316,7.5,1748527054265000000,10,7500.0,2025-05-29,3000,30,True,Automatic Execution,Medical,Medical - Instruments,1176.19,1179.47,1158.97,1173.18,21,3.8750612633917,20,3,0,0,0,1
MURA,Medical,Medical - Drugs,5__3,5,3.0,8. p75_trade_value,18500.0,18500.0,O:MURA250516P00002500,MURA,P,2.5,2025-05-16,209,0,316,0.25,1745242329463000000,740,18500.0,2025-04-21,3000,30,True,Automatic Execution,Medical,Medical - Drugs,2.6,2.79,2.55,2.69,2,4.267171728403014,20,2,1,1,0,0
MURA,Medical,Medical - Drugs,5__3,5,3.0,1. p999999_trade_value,20300.0,20300.0,O:MURA250516P00002500,MURA,P,2.5,2025-05-16,209,0,318,0.25,1745242257029000000,812,20300.0,2025-04-21,3000,30,True,Automatic Execution,Medical,Medical - Drugs,2.6,2.79,2.55,2.69,1,4.307496037913213,20,1,1,1,0,0
MYGN,Medical,Medical - Biomedical and Genetics,15__0,15,0.0,1. p999999_trade_value,22500.0,22500.0,O:MYGN241115P00021000,MYGN,P,21.0,2024-11-15,231,0,313,0.75,1729278044463000000,300,22500.0,2024-10-18,3000,30,True,Single Leg Floor Trade,Medical,Medical - Biomedical and Genetics,23.42,23.74,23.2,23.39,1,4.352182518111363,20,1,1,1,1,0
MYGN,Medical,Medical - Biomedical and Genetics,15__0,15,0.0,6. p95_trade_value,21280.0,21280.0,O:MYGN241115P00021000,MYGN,P,21.0,2024-11-15,209,0,323,1.4,1729789801470000000,152,21280.0,2024-10-24,3000,30,True,Automatic Execution,Medical,Medical - Biomedical and Genetics,22.4,22.58,21.63,21.81,2,4.327971623623011,20,1,1,1,1,0
NAGE,Medical,Medical - Biomedical and Genetics,5__0,5,0.0,8. p75_trade_value,4725.0,4725.0,O:NAGE250516C00009000,NAGE,C,9.0,2025-05-16,209,0,308,0.25,1745417472294000000,189,4725.0,2025-04-23,3000,30,True,Automatic Execution,Medical,Medical - Biomedical and Genetics,7.15,7.39,7.145,7.19,2,3.674401812845282,20,2,1,1,1,0
NAGE,Medical,Medical - Biomedical and Genetics,5__0,5,0.0,1. p999999_trade_value,5000.0,5000.0,O:NAGE250516C00009000,NAGE,C,9.0,2025-05-16,209,0,325,0.5,1746646599568000000,100,5000.0,2025-05-07,3000,30,True,Automatic Execution,Medical,Medical - Biomedical and Genetics,8.82,8.85,8.37,8.45,1,3.6989700043360187,20,1,1,1,1,0
NEOG,Medical,Medical - Products,10__0,10,0.0,1. p999999_trade_value,4400.0,4400.0,O:NEOG241018P00015000,NEOG,P,15.0,2024-10-18,227,0,323,0.44,1727890511597000000,100,4400.0,2024-10-02,3000,30,True,Single Leg Auction Non ISO,Medical,Medical - Products,15.4,15.78,15.23,15.71,1,3.6434526764861874,20,1,1,1,1,0
NEOG,Medical,Medical - Products,10__0,10,0.0,8. p75_trade_value,3900.0,3900.0,O:NEOG250117C00012500,NEOG,C,12.5,2025-01-17,209,0,319,0.6,1735240453448000000,65,3900.0,2024-12-26,3000,30,True,Automatic Execution,Medical,Medical - Products,12.01,12.465438,11.99,12.43,2,3.591064607026499,20,2,1,0,0,0
NGNE,Medical,Medical - Biomedical and Genetics,20__0,20,0.0,1. p999999_trade_value,100000.0,100000.0,O:NGNE241115P00050000,NGNE,P,50.0,2024-11-15,239,0,302,4.0,1729089820952000000,250,100000.0,2024-10-16,3000,30,True,Multi Leg floor trade against single leg(s),Medical,Medical - Biomedical and Genetics,50.53,54.38,50.53,53.255,1,5.0,20,1,1,1,1,0
NGNE,Medical,Medical - Biomedical and Genetics,20__0,20,0.0,8. p75_trade_value,6290.000000000001,24750.0,O:NGNE241115P00050000,NGNE,P,50.0,2024-11-15,239,0,302,4.0,1729089820952000000,25,10000.0,2024-10-16,3000,30,True,Multi Leg floor trade against single leg(s),Medical,Medical - Biomedical and Genetics,50.53,54.38,50.53,53.255,17,4.0,20,4,1,1,1,0
NGNE,Medical,Medical - Biomedical and Genetics,20__0,20,0.0,7. p90_trade_value,25000.0,31280.0,O:NGNE241115C00055000,NGNE,C,55.0,2024-11-15,209,0,316,6.8,1729533122213000000,46,31280.0,2024-10-21,3000,30,True,Automatic Execution,Medical,Medical - Biomedical and Genetics,54.64,54.64,52.3,52.66,6,4.49526674438781,20,2,1,0,0,0
NGNE,Medical,Medical - Biomedical and Genetics,20__0,20,0.0,7. p90_trade_value,25000.0,31280.0,O:NGNE241115C00060000,NGNE,C,60.0,2024-11-15,209,0,316,5.2,1729533122213000000,52,27040.000000000004,2024-10-21,3000,30,True,Automatic Execution,Medical,Medical - Biomedical and Genetics,54.64,54.64,52.3,52.66,8,4.432006687269598,20,2,1,0,0,0
NGNE,Medical,Medical - Biomedical and Genetics,20__0,20,0.0,8. p75_trade_value,6290.000000000001,24750.0,O:NGNE241115P00050000,NGNE,P,50.0,2024-11-15,219,0,322,5.5,1729532781181000000,45,24750.0,2024-10-21,3000,30,True,Intermarket Sweep Order,Medical,Medical - Biomedical and Genetics,54.64,54.64,52.3,52.66,11,4.393575203269587,20,3,1,1,1,0
NGNE,Medical,Medical - Biomedical and Genetics,20__0,20,0.0,6. p95_trade_value,31900.0,53460.0,O:NGNE241115P00050000,NGNE,P,50.0,2024-11-15,209,0,316,5.5,1729532781185000000,58,31900.0,2024-10-21,3000,30,True,Automatic Execution,Medical,Medical - Biomedical and Genetics,54.64,54.64,52.3,52.66,4,4.503790683057181,20,1,1,1,1,0
NGNE,Medical,Medical - Biomedical and Genetics,20__0,20,0.0,8. p75_trade_value,6290.000000000001,24750.0,O:NGNE241115P00050000,NGNE,P,50.0,2024-11-15,219,0,308,5.5,1729532781175000000,35,19250.0,2024-10-21,3000,30,True,Intermarket Sweep Order,Medical,Medical - Biomedical and Genetics,54.64,54.64,52.3,52.66,12,4.28443073384452,20,3,1,1,1,0
NGNE,Medical,Medical - Biomedical and Genetics,20__0,20,0.0,8. p75_trade_value,6290.000000000001,24750.0,O:NGNE241115P00050000,NGNE,P,50.0,2024-11-15,219,0,323,5.5,1729532781175000000,30,16500.0,2024-10-21,3000,30,True,Intermarket Sweep Order,Medical,Medical - Biomedical and Genetics,54.64,54.64,52.3,52.66,13,4.217483944213907,20,3,1,1,1,0
NGNE,Medical,Medical - Biomedical and Genetics,20__0,20,0.0,8. p75_trade_value,6290.000000000001,24750.0,O:NGNE241115P00050000,NGNE,P,50.0,2024-11-15,209,0,316,5.5,1729532781185000000,25,13750.0,2024-10-21,3000,30,True,Automatic Execution,Medical,Medical - Biomedical and Genetics,54.64,54.64,52.3,52.66,14,4.138302698166282,20,3,1,1,1,0
NGNE,Medical,Medical - Biomedical and Genetics,20__0,20,0.0,6. p95_trade_value,31900.0,53460.0,O:NGNE241115P00050000,NGNE,P,50.0,2024-11-15,219,0,316,5.5,1729532781181000000,81,44550.0,2024-10-21,3000,30,True,Intermarket Sweep Order,Medical,Medical - Biomedical and Genetics,54.64,54.64,52.3,52.66,3,4.648847708372894,20,1,1,1,1,0
NGNE,Medical,Medical - Biomedical and Genetics,20__0,20,0.0,6. p95_trade_value,31900.0,53460.0,O:NGNE241115P00050000,NGNE,P,50.0,2024-11-15,209,0,313,5.5,1729532781184000000,58,31900.0,2024-10-21,3000,30,True,Automatic Execution,Medical,Medical - Biomedical and Genetics,54.64,54.64,52.3,52.66,5,4.503790683057181,20,1,1,1,1,0
NGNE,Medical,Medical - Biomedical and Genetics,20__0,20,0.0,8. p75_trade_value,6290.000000000001,24750.0,O:NGNE241115C00060000,NGNE,C,60.0,2024-11-15,209,0,308,3.3,1730127551201000000,40,13200.0,2024-10-28,3000,30,True,Automatic Execution,Medical,Medical - Biomedical and Genetics,49.14,51.19,45.8,45.93,15,4.12057393120585,20,3,1,0,0,0
NGNE,Medical,Medical - Biomedical and Genetics,20__0,20,0.0,8. p75_trade_value,6290.000000000001,24750.0,O:NGNE241115C00050000,NGNE,C,50.0,2024-11-15,209,0,308,5.2,1730318395148000000,13,6760.000000000001,2024-10-30,3000,30,True,Automatic Execution,Medical,Medical - Biomedical and Genetics,45.08,46.01,43.58,43.74,23,3.829946695941636,20,5,1,0,0,0
NGNE,Medical,Medical - Biomedical and Genetics,20__0,20,0.0,8. p75_trade_value,6290.000000000001,24750.0,O:NGNE241115C00050000,NGNE,C,50.0,2024-11-15,209,0,308,5.2,1730383662107000000,16,8320.0,2024-10-31,3000,30,True,Automatic Execution,Medical,Medical - Biomedical and Genetics,43.56,44.31,42.23,44.01,19,3.920123326290724,20,4,1,0,0,0
NGNE,Medical,Medical - Biomedical and Genetics,20__0,20,0.0,8. p75_trade_value,6290.000000000001,24750.0,O:NGNE241115C00050000,NGNE,C,50.0,2024-11-15,209,0,308,5.2,1730385109379000000,14,7280.0,2024-10-31,3000,30,True,Automatic Execution,Medical,Medical - Biomedical and Genetics,43.56,44.31,42.23,44.01,20,3.862131379313037,20,4,1,0,0,0
NGNE,Medical,Medical - Biomedical and Genetics,20__0,20,0.0,8. p75_trade_value,6290.000000000001,24750.0,O:NGNE241115C00050000,NGNE,C,50.0,2024-11-15,209,0,308,5.2,1730386077144000000,14,7280.0,2024-10-31,3000,30,True,Automatic Execution,Medical,Medical - Biomedical and Genetics,43.56,44.31,42.23,44.01,21,3.862131379313037,20,5,1,0,0,0
NGNE,Medical,Medical - Biomedical and Genetics,20__0,20,0.0,8. p75_trade_value,6290.000000000001,24750.0,O:NGNE241115C00050000,NGNE,C,50.0,2024-11-15,209,0,308,5.2,1730385104328000000,13,6760.000000000001,2024-10-31,3000,30,True,Automatic Execution,Medical,Medical - Biomedical and Genetics,43.56,44.31,42.23,44.01,22,3.829946695941636,20,5,1,0,0,0
NGNE,Medical,Medical - Biomedical and Genetics,20__0,20,0.0,8. p75_trade_value,6290.000000000001,24750.0,O:NGNE241115C00050000,NGNE,C,50.0,2024-11-15,209,0,308,5.2,1730386518533000000,20,10400.0,2024-10-31,3000,30,True,Automatic Execution,Medical,Medical - Biomedical and Genetics,43.56,44.31,42.23,44.01,16,4.017033339298781,20,4,1,0,0,0
NGNE,Medical,Medical - Biomedical and Genetics,20__0,20,0.0,8. p75_trade_value,6290.000000000001,24750.0,O:NGNE241115C00050000,NGNE,C,50.0,2024-11-15,209,0,308,5.2,1730384849701000000,17,8840.0,2024-10-31,3000,30,True,Automatic Execution,Medical,Medical - Biomedical and Genetics,43.56,44.31,42.23,44.01,18,3.946452265013073,20,4,1,0,0,0
NGNE,Medical,Medical - Biomedical and Genetics,20__0,20,0.0,6. p95_trade_value,31900.0,53460.0,O:NGNE241115P00050000,NGNE,P,50.0,2024-11-15,231,0,302,3.3,1730733133485000000,162,53460.0,2024-11-04,3000,30,True,Single Leg Floor Trade,Medical,Medical - Biomedical and Genetics,56.17,73.59,55.0,66.0,2,4.728028954420519,20,1,1,1,1,0
NGNE,Medical,Medical - Biomedical and Genetics,20__0,20,0.0,8. p75_trade_value,6290.000000000001,24750.0,O:NGNE241115C00070000,NGNE,C,70.0,2024-11-15,233,0,304,3.7,1730823671336000000,17,6290.000000000001,2024-11-05,3000,30,True,Multi Leg Auction,Medical,Medical - Biomedical and Genetics,65.44,65.64,55.88,64.4,25,3.798650645445269,20,5,1,0,0,0
NGNE,Medical,Medical - Biomedical and Genetics,20__0,20,0.0,8. p75_trade_value,6290.000000000001,24750.0,O:NGNE241115C00070000,NGNE,C,70.0,2024-11-15,233,0,304,3.7,1730823671336000000,18,6660.000000000001,2024-11-05,3000,30,True,Multi Leg Auction,Medical,Medical - Biomedical and Genetics,65.44,65.64,55.88,64.4,24,3.823474229170301,20,5,1,0,0,0
NGNE,Medical,Medical - Biomedical and Genetics,20__0,20,0.0,7. p90_trade_value,25000.0,31280.0,O:NGNE241115C00075000,NGNE,C,75.0,2024-11-15,209,0,323,3.6,1731354217527000000,74,26640.000000000004,2024-11-11,3000,30,True,Automatic Execution,Medical,Medical - Biomedical and Genetics,70.04,74.49,69.485,71.53,9,4.425534220498264,20,2,0,0,0,1
NGNE,Medical,Medical - Biomedical and Genetics,20__0,20,0.0,7. p90_trade_value,25000.0,31280.0,O:NGNE250417P00010000,NGNE,P,10.0,2025-04-17,235,0,301,0.25,1743084371514000000,1000,25000.0,2025-03-27,3000,30,True,Multi Leg floor trade,Medical,Medical - Biomedical and Genetics,16.22,16.64,14.81,15.33,10,4.3979400086720375,20,2,1,0,0,0
NGNE,Medical,Medical - Biomedical and Genetics,20__0,20,0.0,7. p90_trade_value,25000.0,31280.0,O:NGNE250417P00010000,NGNE,P,10.0,2025-04-17,235,0,301,0.3,1743174359439000000,1000,30000.0,2025-03-28,3000,30,True,Multi Leg floor trade,Medical,Medical - Biomedical and Genetics,15.24,15.24,14.235,14.52,7,4.477121254719663,20,2,1,0,0,0
NMRA,Medical,Medical - Biomedical and Genetics,30__1,30,1.0,5. p99_trade_value,162000.0,719250.0,O:NMRA241115C00012500,NMRA,C,12.5,2024-11-15,231,0,301,2.5,1730299963437000000,1132,283000.0,2024-10-30,3000,30,True,Single Leg Floor Trade,Medical,Medical - Biomedical and Genetics,11.61,12.27,11.61,12.21,6,5.451786435524291,20,1,1,0,0,0
NMRA,Medical,Medical - Biomedical and Genetics,30__1,30,1.0,5. p99_trade_value,162000.0,719250.0,O:NMRA241115P00010000,NMRA,P,10.0,2024-11-15,209,0,307,1.8,1730737490997000000,1111,199980.0,2024-11-04,3000,30,True,Automatic Execution,Medical,Medical - Biomedical and Genetics,11.07,11.945,10.84,11.71,9,5.300986564044174,20,1,0,0,0,1
NMRA,Medical,Medical - Biomedical and Genetics,30__1,30,1.0,5. p99_trade_value,162000.0,719250.0,O:NMRA250117C00015000,NMRA,C,15.0,2025-01-17,235,0,300,4.05,1734708615668000000,1200,486000.0,2024-12-20,3000,30,True,Multi Leg floor trade,Medical,Medical - Biomedical and Genetics,10.17,11.1,10.0727,10.85,4,5.686636269262293,20,1,0,0,0,1
NMRA,Medical,Medical - Biomedical and Genetics,30__1,30,1.0,1. p999999_trade_value,900000.0,900000.0,O:NMRA250117P00005000,NMRA,P,5.0,2025-01-17,231,0,301,1.5,1734725979945000000,6000,900000.0,2024-12-20,3000,30,True,Single Leg Floor Trade,Medical,Medical - Biomedical and Genetics,10.17,11.1,10.0727,10.85,1,5.954242509439325,20,1,1,1,1,0
NMRA,Medical,Medical - Biomedical and Genetics,30__1,30,1.0,5. p99_trade_value,162000.0,719250.0,O:NMRA250117P00007500,NMRA,P,7.5,2025-01-17,231,0,302,2.7,1734713935846000000,1000,270000.0,2024-12-20,3000,30,True,Single Leg Floor Trade,Medical,Medical - Biomedical and Genetics,10.17,11.1,10.0727,10.85,7,5.431363764158987,20,1,1,1,1,0
NMRA,Medical,Medical - Biomedical and Genetics,30__1,30,1.0,5. p99_trade_value,162000.0,719250.0,O:NMRA250117P00007500,NMRA,P,7.5,2025-01-17,209,0,320,2.7,1734967253028000000,600,162000.0,2024-12-23,3000,30,True,Automatic Execution,Medical,Medical - Biomedical and Genetics,10.75,11.37,10.46,11.12,10,5.209515014542631,20,1,1,1,1,0
NMRA,Medical,Medical - Biomedical and Genetics,30__1,30,1.0,5. p99_trade_value,162000.0,719250.0,O:NMRA250117P00007500,NMRA,P,7.5,2025-01-17,209,0,320,2.7,1734967798128000000,996,268920.0,2024-12-23,3000,30,True,Automatic Execution,Medical,Medical - Biomedical and Genetics,10.75,11.37,10.46,11.12,8,5.429623102582686,20,1,1,1,1,0
NMRA,Medical,Medical - Biomedical and Genetics,30__1,30,1.0,5. p99_trade_value,162000.0,719250.0,O:NMRA250117P00005000,NMRA,P,5.0,2025-01-17,231,0,313,1.45,1735052352225000000,4679,678455.0,2024-12-24,3000,30,True,Single Leg Floor Trade,Medical,Medical - Biomedical and Genetics,11.13,11.27,10.4315,10.63,3,5.831521047427155,20,1,1,1,1,0
NMRA,Medical,Medical - Biomedical and Genetics,30__1,30,1.0,5. p99_trade_value,162000.0,719250.0,O:NMRA250117P00005000,NMRA,P,5.0,2025-01-17,231,0,313,1.45,1735227299177000000,2607,378015.0,2024-12-26,3000,30,True,Single Leg Floor Trade,Medical,Medical - Biomedical and Genetics,10.69,11.48,10.61,11.34,5,5.577509033403304,20,1,1,1,1,0
NMRA,Medical,Medical - Biomedical and Genetics,30__1,30,1.0,5. p99_trade_value,162000.0,719250.0,O:NMRA250117P00005000,NMRA,P,5.0,2025-01-17,231,0,313,1.5,1735312427393000000,4795,719250.0,2024-12-27,3000,30,True,Single Leg Floor Trade,Medical,Medical - Biomedical and Genetics,11.26,11.57,10.9684,11.33,2,5.856879870562364,20,1,1,1,1,0
NRXP,Medical,Medical - Drugs,5__0,5,0.0,1. p999999_trade_value,11519.999999999998,11519.999999999998,O:NRXP250117C00005000,NRXP,C,5.0,2025-01-17,209,0,325,0.18,1736521768786000000,640,11519.999999999998,2025-01-10,3000,30,True,Automatic Execution,Medical,Medical - Drugs,3.76,4.92,3.72,4.85,1,4.061452479087193,20,1,1,0,0,0
NUVB,Medical,Medical - Biomedical and Genetics,0__2,0,2.0,1. p999999_trade_value,3500.0,3500.0,O:NUVB250620C00002500,NUVB,C,2.5,2025-06-20,209,0,308,0.25,1748451667112000000,140,3500.0,2025-05-28,3000,30,True,Automatic Execution,Medical,Medical - Biomedical and Genetics,2.25,2.35,2.135,2.2,1,3.5440680443502757,20,1,1,0,0,0
NVCT,Medical,Medical - Biomedical and Genetics,10__0,10,0.0,1. p999999_trade_value,6500.0,6500.0,O:NVCT250417C00010000,NVCT,C,10.0,2025-04-17,209,0,313,1.3,1742308424764000000,50,6500.0,2025-03-18,3000,30,True,Automatic Execution,Medical,Medical - Biomedical and Genetics,9.5,9.5,8.81,9.44,1,3.8129133566428557,20,1,1,0,0,0
NVO,Medical,Large Cap Pharmaceuticals,40__4,40,4.0,1. p999999_trade_value,1987536.0,1987536.0,O:NVO241220C00112000,NVO,C,112.0,2024-12-20,231,0,323,2.82,1734448436545000000,7048,1987536.0,2024-12-17,3000,30,True,Single Leg Floor Trade,Medical,Large Cap Pharmaceuticals,107.75,108.99,107.726,108.01,1,6.298315003723353,20,1,0,0,0,1
NVO,Medical,Large Cap Pharmaceuticals,40__4,40,4.0,3. p9999_trade_value,1622400.0,1622400.0,O:NVO250404P00069000,NVO,P,69.0,2025-04-04,235,0,300,1.92,1743085866198000000,8450,1622400.0,2025-03-27,3000,30,True,Multi Leg floor trade,Medical,Large Cap Pharmaceuticals,70.155,70.64,69.77,70.16,2,6.210157937653242,20,1,1,1,1,0
OCUL,Medical,Medical - Drugs,10__0,10,0.0,1. p999999_trade_value,47150.0,47150.0,O:OCUL250321C00007500,OCUL,C,7.5,2025-03-21,229,0,308,0.25,1740419039484000000,1886,47150.0,2025-02-24,3000,30,True,Single Leg Cross Non ISO,Medical,Medical - Drugs,6.99,7.08,6.7,6.73,1,4.673481697073347,20,1,1,1,1,0
OGN,Medical,Medical Services,15__0,15,0.0,1. p999999_trade_value,130000.0,130000.0,O:OGN250516P00012500,OGN,P,12.5,2025-05-16,241,0,323,0.65,1746034532567000000,2000,130000.0,2025-04-30,3000,30,True,Stock Options Cross,Medical,Medical Services,13.05,13.075,12.81,12.93,1,5.113943352306837,20,1,1,1,1,0
ONC,Medical,Medical - Drugs,15__0,15,0.0,8. p75_trade_value,8400.0,18900.0,O:ONC250221C00230000,ONC,C,230.0,2025-02-21,209,0,316,4.5,1739472790562000000,42,18900.0,2025-02-13,3000,30,True,Automatic Execution,Medical,Medical - Drugs,218.6,226.33,218.51,225.49,4,4.276461804173244,20,2,1,1,1,0
ONC,Medical,Medical - Drugs,15__0,15,0.0,8. p75_trade_value,8400.0,18900.0,O:ONC250321C00250000,ONC,C,250.0,2025-03-21,209,0,320,8.5,1740071271475000000,13,11050.0,2025-02-20,3000,30,True,Automatic Execution,Medical,Medical - Drugs,237.12,246.8,237.12,244.2,5,4.04336227802113,20,3,1,1,1,0
ONC,Medical,Medical - Drugs,15__0,15,0.0,8. p75_trade_value,8400.0,18900.0,O:ONC250321C00250000,ONC,C,250.0,2025-03-21,209,0,301,8.4,1740071143049000000,10,8400.0,2025-02-20,3000,30,True,Automatic Execution,Medical,Medical - Drugs,237.12,246.8,237.12,244.2,8,3.9242792860618816,20,4,1,1,1,0
ONC,Medical,Medical - Drugs,15__0,15,0.0,8. p75_trade_value,8400.0,18900.0,O:ONC250321C00250000,ONC,C,250.0,2025-03-21,209,0,322,8.5,1740071278743000000,12,10200.0,2025-02-20,3000,30,True,Automatic Execution,Medical,Medical - Drugs,237.12,246.8,237.12,244.2,6,4.008600171761918,20,3,1,1,1,0
ONC,Medical,Medical - Drugs,15__0,15,0.0,7. p90_trade_value,33500.0,33500.0,O:ONC250417P00260000,ONC,P,260.0,2025-04-17,209,0,323,6.7,1743168621178000000,50,33500.0,2025-03-28,3000,30,True,Automatic Execution,Medical,Medical - Drugs,269.0,274.0,265.58,267.39,3,4.525044807036846,20,2,1,1,1,0
ONC,Medical,Medical - Drugs,15__0,15,0.0,1. p999999_trade_value,37500.0,37500.0,O:ONC250516P00230000,ONC,P,230.0,2025-05-16,209,0,313,5.0,1745856578013000000,75,37500.0,2025-04-28,3000,30,True,Automatic Execution,Medical,Medical - Drugs,247.67,255.64,247.67,249.46,2,4.574031267727719,20,1,1,1,1,0
ONC,Medical,Medical - Drugs,15__0,15,0.0,1. p999999_trade_value,37500.0,37500.0,O:ONC250516P00230000,ONC,P,230.0,2025-05-16,209,0,313,5.0,1745855318306000000,75,37500.0,2025-04-28,3000,30,True,Automatic Execution,Medical,Medical - Drugs,247.67,255.64,247.67,249.46,1,4.574031267727719,20,1,1,1,1,0
ONC,Medical,Medical - Drugs,15__0,15,0.0,8. p75_trade_value,8400.0,18900.0,O:ONC250620C00250000,ONC,C,250.0,2025-06-20,209,0,325,9.5,1748531692301000000,10,9500.0,2025-05-29,3000,30,True,Automatic Execution,Medical,Medical - Drugs,243.12,248.08,242.745,246.68,7,3.9777236052888476,20,4,1,0,0,0
ORGO,Medical,Medical - Drugs,10__0,10,0.0,8. p75_trade_value,4950.0,4950.0,O:ORGO250321P00005000,ORGO,P,5.0,2025-03-21,209,0,308,0.3,1741012282491000000,165,4950.0,2025-03-03,3000,30,True,Automatic Execution,Medical,Medical - Drugs,5.99,6.71,5.335,5.41,2,3.694605198933569,20,2,1,1,1,0
ORGO,Medical,Medical - Drugs,10__0,10,0.0,1. p999999_trade_value,6000.0,6000.0,O:ORGO250321P00005000,ORGO,P,5.0,2025-03-21,209,0,325,0.3,1741616979380000000,200,6000.0,2025-03-10,3000,30,True,Automatic Execution,Medical,Medical - Drugs,5.16,5.31,5.045,5.13,1,3.7781512503836434,20,1,1,1,1,0
ORIC,Medical,Medical - Biomedical and Genetics,15__0,15,0.0,1. p999999_trade_value,60000.0,60000.0,O:ORIC241115C00010000,ORIC,C,10.0,2024-11-15,231,0,301,0.6,1730309062982000000,1000,60000.0,2024-10-30,3000,30,True,Single Leg Floor Trade,Medical,Medical - Biomedical and Genetics,8.94,9.77,8.94,9.42,1,4.778151250383644,20,1,1,0,0,0
PACB,Medical,Medical - Instruments,20__0,20,0.0,6. p95_trade_value,19120.0,31140.000000000004,O:PACB240920C00002000,PACB,C,2.0,2024-09-20,209,0,323,0.1,1725997846124000000,2063,20630.0,2024-09-10,3000,30,True,Automatic Execution,Medical,Medical - Instruments,1.7,1.75,1.59,1.74,3,4.314499227973152,20,1,1,1,0,0
PACB,Medical,Medical - Instruments,20__0,20,0.0,7. p90_trade_value,17505.0,18000.0,O:PACB241115P00002000,PACB,P,2.0,2024-11-15,231,0,313,0.1,1731004129976000000,1800,18000.0,2024-11-07,3000,30,True,Single Leg Floor Trade,Medical,Medical - Instruments,2.71,2.72,2.38,2.45,5,4.2552725051033065,20,2,1,1,1,0
PACB,Medical,Medical - Instruments,20__0,20,0.0,7. p90_trade_value,17505.0,18000.0,O:PACB241220C00002000,PACB,C,2.0,2024-12-20,209,0,300,0.15,1732545043201000000,1167,17505.0,2024-11-25,3000,30,True,Automatic Execution,Medical,Medical - Instruments,1.87,1.96,1.84,1.85,7,4.243162115101051,20,2,1,1,0,0
PACB,Medical,Medical - Instruments,20__0,20,0.0,6. p95_trade_value,19120.0,31140.000000000004,O:PACB250117C00002000,PACB,C,2.0,2025-01-17,209,0,309,0.2,1735674799956000000,1557,31140.000000000004,2024-12-31,3000,30,True,Automatic Execution,Medical,Medical - Instruments,1.81,1.835,1.73,1.83,2,4.4933186082321015,20,1,1,0,0,0
PACB,Medical,Medical - Instruments,20__0,20,0.0,6. p95_trade_value,19120.0,31140.000000000004,O:PACB250117C00002000,PACB,C,2.0,2025-01-17,209,0,323,0.2,1735677475209000000,956,19120.0,2024-12-31,3000,30,True,Automatic Execution,Medical,Medical - Instruments,1.81,1.835,1.73,1.83,4,4.281487887940081,20,1,1,0,0,0
PACB,Medical,Medical - Instruments,20__0,20,0.0,7. p90_trade_value,17505.0,18000.0,O:PACB250221C00002000,PACB,C,2.0,2025-02-21,227,0,301,0.2,1737567581567000000,896,17920.0,2025-01-22,3000,30,True,Single Leg Auction Non ISO,Medical,Medical - Instruments,1.72,1.87,1.69,1.81,6,4.253338005326106,20,2,1,0,0,0
PACB,Medical,Medical - Instruments,20__0,20,0.0,1. p999999_trade_value,54000.0,54000.0,O:PACB250221C00001500,PACB,C,1.5,2025-02-21,234,0,300,0.06,1739297828024000000,9000,54000.0,2025-02-11,3000,30,True,Multi Leg Cross,Medical,Medical - Instruments,1.37,1.43,1.32,1.33,1,4.732393759822968,20,1,1,1,1,0
PBH,Medical,Medical - Products,5__0,5,0.0,1. p999999_trade_value,7500.0,7500.0,O:PBH250516C00085000,PBH,C,85.0,2025-05-16,209,0,313,1.5,1746635884763000000,50,7500.0,2025-05-07,3000,30,True,Automatic Execution,Medical,Medical - Products,81.64,82.29,80.99,81.41,1,3.8750612633917,20,1,1,1,1,0
PCRX,Medical,Medical - Biomedical and Genetics,15__0,15,0.0,1. p999999_trade_value,200000.0,200000.0,O:PCRX250117C00020000,PCRX,C,20.0,2025-01-17,235,0,301,2.0,1734715275086000000,1000,200000.0,2024-12-20,3000,30,True,Multi Leg floor trade,Medical,Medical - Biomedical and Genetics,19.07,19.8,18.73,18.98,1,5.301029995663981,20,1,1,1,1,0
PCVX,Medical,Medical - Biomedical and Genetics,25__0,25,0.0,1. p999999_trade_value,329000.0,329000.0,O:PCVX250417P00070000,PCVX,P,70.0,2025-04-17,240,0,302,6.58,1742931001078000000,500,329000.0,2025-03-25,3000,30,True,Stock Options auto-electronic trade,Medical,Medical - Biomedical and Genetics,73.76,73.76,71.13,71.9,1,5.517195897949974,20,1,1,1,1,0
PEN,Medical,Medical - Instruments,25__0,25,0.0,1. p999999_trade_value,625000.0,625000.0,O:PEN250221C00280000,PEN,C,280.0,2025-02-21,235,0,323,12.5,1737566768056000000,500,625000.0,2025-01-22,3000,30,True,Multi Leg floor trade,Medical,Medical - Instruments,267.43,277.89,266.23,275.84,1,5.795880017344075,20,1,1,1,1,0
PEPG,Medical,Medical - Biomedical and Genetics,10__0,10,0.0,8. p75_trade_value,9980.000000000002,9980.000000000002,O:PEPG250321P00002000,PEPG,P,2.0,2025-03-21,209,0,304,0.2,1740763252712000000,499,9980.000000000002,2025-02-28,3000,30,True,Automatic Execution,Medical,Medical - Biomedical and Genetics,2.43,3.17,2.21,3.15,2,3.999130541287371,20,2,1,1,1,0
PEPG,Medical,Medical - Biomedical and Genetics,10__0,10,0.0,1. p999999_trade_value,11235.0,11235.0,O:PEPG250321P00002000,PEPG,P,2.0,2025-03-21,227,0,302,0.15,1740763779410000000,749,11235.0,2025-02-28,3000,30,True,Single Leg Auction Non ISO,Medical,Medical - Biomedical and Genetics,2.43,3.17,2.21,3.15,1,4.050573076755148,20,1,1,1,1,0
PFE,Medical,Large Cap Pharmaceuticals,40__3,40,3.0,1. p999999_trade_value,705000.0,705000.0,O:PFE250411P00025500,PFE,P,25.5,2025-04-11,229,0,301,0.47,1742928246014000000,15000,705000.0,2025-03-25,3000,30,True,Single Leg Cross Non ISO,Medical,Large Cap Pharmaceuticals,26.16,26.2,25.51,25.55,1,5.848189116991398,20,1,1,1,1,0
PGEN,Medical,Medical - Biomedical and Genetics,5__3,5,3.0,1. p999999_trade_value,14000.0,14000.0,O:PGEN250321C00002000,PGEN,C,2.0,2025-03-21,209,0,308,0.2,1740408713647000000,700,14000.0,2025-02-24,3000,30,True,Automatic Execution,Medical,Medical - Biomedical and Genetics,1.92,1.925,1.74,1.75,1,4.146128035678238,20,1,1,0,0,0
PGNY,Medical,Medical Services,20__0,20,0.0,1. p999999_trade_value,36000.0,36000.0,O:PGNY250117C00017500,PGNY,C,17.5,2025-01-17,231,0,301,0.45,1735314392357000000,800,36000.0,2024-12-27,3000,30,True,Single Leg Floor Trade,Medical,Medical Services,15.81,17.27,15.71,16.9,1,4.556302500767287,20,1,1,1,1,0
PLSE,Medical,Medical - Instruments,15__0,15,0.0,7. p90_trade_value,8550.0,8550.0,O:PLSE240920P00018000,PLSE,P,18.0,2024-09-20,209,0,308,1.9,1724787845434000000,45,8550.0,2024-08-27,3000,30,True,Automatic Execution,Medical,Medical - Instruments,20.43,21.04,18.15,18.34,2,3.931966114728173,20,2,1,1,1,0
PLSE,Medical,Medical - Instruments,15__0,15,0.0,1. p999999_trade_value,10000.0,10000.0,O:PLSE250620C00018000,PLSE,C,18.0,2025-06-20,209,0,308,1.0,1748028303068000000,100,10000.0,2025-05-23,3000,30,True,Automatic Execution,Medical,Medical - Instruments,16.56,17.16,16.56,16.89,1,4.0,20,1,1,0,0,0
PPBT,Medical,Medical - Biomedical and Genetics,5__0,5,0.0,1. p999999_trade_value,5600.0,5600.0,O:PPBT241220P00005000,PPBT,P,5.0,2024-12-20,227,0,323,0.7,1733236726881000000,80,5600.0,2024-12-03,3000,30,True,Single Leg Auction Non ISO,Medical,Medical - Biomedical and Genetics,6.12,6.81,5.31,6.57,1,3.7481880270062002,20,1,1,1,1,0
PRCT,Medical,Medical - Instruments,25__0,25,0.0,1. p999999_trade_value,802000.0,802000.0,O:PRCT250321P00060000,PRCT,P,60.0,2025-03-21,235,0,301,4.01,1740156502046000000,2000,802000.0,2025-02-21,3000,30,True,Multi Leg floor trade,Medical,Medical - Instruments,66.14,67.24,62.1,62.25,1,5.904174368284163,20,1,1,1,1,0
PRGO,Medical,Medical - Products,15__1,15,1.0,6. p95_trade_value,372900.0,436000.0,O:PRGO241115C00027500,PRGO,C,27.5,2024-11-15,233,0,300,1.09,1729536194457000000,4000,436000.0,2024-10-21,3000,30,True,Multi Leg Auction,Medical,Medical - Products,25.21,26.075,25.21,25.85,2,5.639486489268586,20,1,1,0,0,0
PRGO,Medical,Medical - Products,15__1,15,1.0,1. p999999_trade_value,1200000.0,1200000.0,O:PRGO250321C00025000,PRGO,C,25.0,2025-03-21,235,0,323,1.2,1739985246606000000,10000,1200000.0,2025-02-19,3000,30,True,Multi Leg floor trade,Medical,Medical - Products,24.08,24.84,23.8603,24.8,1,6.079181246047625,20,1,1,1,1,0
PRGO,Medical,Medical - Products,15__1,15,1.0,6. p95_trade_value,372900.0,436000.0,O:PRGO250321C00030000,PRGO,C,30.0,2025-03-21,235,0,323,0.75,1740758052911000000,4972,372900.0,2025-02-28,3000,30,True,Multi Leg floor trade,Medical,Medical - Products,27.65,29.53,27.23,29.0,3,5.571592383361307,20,1,1,0,0,0
PRVA,Medical,Medical Info Systems,15__0,15,0.0,1. p999999_trade_value,50000.0,50000.0,O:PRVA250117P00020000,PRVA,P,20.0,2025-01-17,231,0,301,1.0,1734553422085000000,500,50000.0,2024-12-18,3000,30,True,Single Leg Floor Trade,Medical,Medical Info Systems,20.83,21.47,20.07,20.34,1,4.698970004336019,20,1,1,0,0,0
QGEN,Medical,Medical - Biomedical and Genetics,20__1,20,1.0,6. p95_trade_value,208208.0,226435.0,O:QGEN241115C00045000,QGEN,C,45.0,2024-11-15,231,0,313,1.15,1729274248166000000,1969,226435.0,2024-10-18,3000,30,True,Single Leg Floor Trade,Medical,Medical - Biomedical and Genetics,42.81,43.0,42.63,43.0,2,5.35494355649173,20,1,1,0,0,0
QGEN,Medical,Medical - Biomedical and Genetics,20__1,20,1.0,1. p999999_trade_value,476595.0,476595.0,O:QGEN241115C00045000,QGEN,C,45.0,2024-11-15,231,0,313,1.05,1730926177279000000,4539,476595.0,2024-11-06,3000,30,True,Single Leg Floor Trade,Medical,Medical - Biomedical and Genetics,43.02,44.06,42.71,43.87,1,5.678149481812787,20,1,1,0,0,0
QGEN,Medical,Medical - Biomedical and Genetics,20__1,20,1.0,6. p95_trade_value,208208.0,226435.0,O:QGEN1250221P00040000,QGEN,P,40.0,2025-02-21,235,0,313,1.76,1738768530249000000,1183,208208.0,2025-02-05,3000,30,True,Multi Leg floor trade,Medical,Medical - Biomedical and Genetics,43.93,44.03,43.35,43.8,3,5.31849741244208,20,1,1,1,1,0
QGEN,Medical,Medical - Biomedical and Genetics,20__1,20,1.0,6. p95_trade_value,208208.0,226435.0,O:QGEN1250221P00040000,QGEN,P,40.0,2025-02-21,235,0,313,1.76,1738769140791000000,1183,208208.0,2025-02-05,3000,30,True,Multi Leg floor trade,Medical,Medical - Biomedical and Genetics,43.93,44.03,43.35,43.8,4,5.31849741244208,20,1,1,1,1,0
QURE,Medical,Medical - Biomedical and Genetics,25__0,25,0.0,1. p999999_trade_value,60000.0,60000.0,O:QURE250620P00014000,QURE,P,14.0,2025-06-20,209,0,308,1.2,1747834678849000000,500,60000.0,2025-05-21,3000,30,True,Automatic Execution,Medical,Medical - Biomedical and Genetics,15.04,16.0,14.83,15.5,1,4.778151250383644,20,1,1,0,0,0
RAPP,Medical,Medical - Biomedical and Genetics,0__0,0,0.0,1. p999999_trade_value,10000.0,10000.0,O:RAPP250620P00010000,RAPP,P,10.0,2025-06-20,209,0,308,1.0,1748030205096000000,100,10000.0,2025-05-23,3000,30,True,Automatic Execution,Medical,Medical - Biomedical and Genetics,10.91,11.8171,10.75,10.82,1,4.0,20,1,1,0,0,0
RARE,Medical,Medical - Biomedical and Genetics,15__0,15,0.0,1. p999999_trade_value,185000.0,185000.0,O:RARE250117C00045000,RARE,C,45.0,2025-01-17,235,0,301,3.7,1734622453312000000,500,185000.0,2024-12-19,3000,30,True,Multi Leg floor trade,Medical,Medical - Biomedical and Genetics,42.96,44.0,41.45,43.47,1,5.267171728403014,20,1,1,0,0,0
RCUS,Medical,Medical - Biomedical and Genetics,15__0,15,0.0,1. p999999_trade_value,73500.0,73500.0,O:RCUS241115P00017500,RCUS,P,17.5,2024-11-15,235,0,301,2.45,1729274813768000000,300,73500.0,2024-10-18,3000,30,True,Multi Leg floor trade,Medical,Medical - Biomedical and Genetics,18.35,18.635,18.11,18.44,1,4.866287339084195,20,1,1,1,1,0
RCUS,Medical,Medical - Biomedical and Genetics,15__0,15,0.0,6. p95_trade_value,49335.0,49335.0,O:RCUS241115P00015000,RCUS,P,15.0,2024-11-15,233,0,312,1.65,1729523814114000000,299,49335.0,2024-10-21,3000,30,True,Multi Leg Auction,Medical,Medical - Biomedical and Genetics,17.95,18.12,16.46,16.97,2,4.693155132538336,20,1,1,1,0,0
REGN,Medical,Medical - Biomedical and Genetics,35__0,35,0.0,1. p999999_trade_value,683100.0,683100.0,O:REGN250516P00550000,REGN,P,550.0,2025-05-16,235,0,313,6.9,1746028193065000000,990,683100.0,2025-04-30,3000,30,True,Multi Leg floor trade,Medical,Medical - Biomedical and Genetics,579.26,600.2,566.985,598.76,1,5.834484285334805,20,1,1,0,0,0
REPL,Medical,Medical - Biomedical and Genetics,20__2,20,2.0,1. p999999_trade_value,275000.0,275000.0,O:REPL250620C00010000,REPL,C,10.0,2025-06-20,229,0,302,0.55,1747922020305000000,5000,275000.0,2025-05-22,3000,30,True,Single Leg Cross Non ISO,Medical,Medical - Biomedical and Genetics,8.8,9.85,8.213,8.76,1,5.439332693830263,20,1,1,0,0,0
RGLS,Medical,Medical - Drugs,15__0,15,0.0,6. p95_trade_value,13929.999999999998,13929.999999999998,O:RGLS250516C00004000,RGLS,C,4.0,2025-05-16,209,0,315,0.35,1745853592474000000,398,13929.999999999998,2025-04-28,3000,30,True,Automatic Execution,Medical,Medical - Drugs,2.78,3.73,2.7575,3.49,2,4.143951116423963,20,1,1,1,1,0
RGLS,Medical,Medical - Drugs,15__0,15,0.0,1. p999999_trade_value,17675.0,17675.0,O:RGLS250516C00004000,RGLS,C,4.0,2025-05-16,209,0,316,0.35,1745853592486000000,505,17675.0,2025-04-28,3000,30,True,Automatic Execution,Medical,Medical - Drugs,2.78,3.73,2.7575,3.49,1,4.247359422468937,20,1,1,1,1,0
RGLS,Medical,Medical - Drugs,15__0,15,0.0,8. p75_trade_value,7600.0,10335.0,O:RGLS250516C00004000,RGLS,C,4.0,2025-05-16,209,0,308,0.15,1745847939039000000,689,10335.0,2025-04-28,3000,30,True,Automatic Execution,Medical,Medical - Drugs,2.78,3.73,2.7575,3.49,4,4.0143104809633074,20,2,1,1,1,0
RGLS,Medical,Medical - Drugs,15__0,15,0.0,8. p75_trade_value,7600.0,10335.0,O:RGLS250516C00004000,RGLS,C,4.0,2025-05-16,227,0,302,0.4,1745935923571000000,190,7600.0,2025-04-29,3000,30,True,Single Leg Auction Non ISO,Medical,Medical - Drugs,3.5,3.597,3.212,3.37,6,3.8808135922807914,20,4,1,1,1,0
RGLS,Medical,Medical - Drugs,15__0,15,0.0,7. p90_trade_value,12400.0,12400.0,O:RGLS250516C00004000,RGLS,C,4.0,2025-05-16,209,0,312,0.4,1745935923471000000,310,12400.0,2025-04-29,3000,30,True,Automatic Execution,Medical,Medical - Drugs,3.5,3.597,3.212,3.37,3,4.093421685162235,20,2,1,1,1,0
RGLS,Medical,Medical - Drugs,15__0,15,0.0,8. p75_trade_value,7600.0,10335.0,O:RGLS250516C00004000,RGLS,C,4.0,2025-05-16,209,0,320,0.4,1745936062357000000,200,8000.0,2025-04-29,3000,30,True,Automatic Execution,Medical,Medical - Drugs,3.5,3.597,3.212,3.37,5,3.9030899869919438,20,3,1,1,1,0
RGNX,Medical,Medical - Biomedical and Genetics,10__0,10,0.0,7. p90_trade_value,4950.000000000001,4950.000000000001,O:RGNX241220C00010000,RGNX,C,10.0,2024-12-20,209,0,312,0.55,1733238927271000000,90,4950.000000000001,2024-12-03,3000,30,True,Automatic Execution,Medical,Medical - Biomedical and Genetics,9.84,9.9,9.13,9.3,2,3.694605198933569,20,2,1,0,0,0
RGNX,Medical,Medical - Biomedical and Genetics,10__0,10,0.0,1. p999999_trade_value,9625.000000000002,9625.000000000002,O:RGNX241220C00010000,RGNX,C,10.0,2024-12-20,209,0,308,0.55,1733239118487000000,175,9625.000000000002,2024-12-03,3000,30,True,Automatic Execution,Medical,Medical - Biomedical and Genetics,9.84,9.9,9.13,9.3,1,3.9834007381805385,20,1,1,0,0,0
RGNX,Medical,Medical - Biomedical and Genetics,10__0,10,0.0,8. p75_trade_value,4000.0,4000.0,O:RGNX250221P00007500,RGNX,P,7.5,2025-02-21,209,0,320,0.4,1738344829165000000,100,4000.0,2025-01-31,3000,30,True,Automatic Execution,Medical,Medical - Biomedical and Genetics,7.95,8.63,7.68,8.07,4,3.6020599913279625,20,4,1,1,1,0
RGNX,Medical,Medical - Biomedical and Genetics,10__0,10,0.0,8. p75_trade_value,4000.0,4000.0,O:RGNX250221P00007500,RGNX,P,7.5,2025-02-21,227,0,323,0.4,1738344863090000000,100,4000.0,2025-01-31,3000,30,True,Single Leg Auction Non ISO,Medical,Medical - Biomedical and Genetics,7.95,8.63,7.68,8.07,5,3.6020599913279625,20,5,1,1,1,0
RGNX,Medical,Medical - Biomedical and Genetics,10__0,10,0.0,8. p75_trade_value,4000.0,4000.0,O:RGNX250516C00010000,RGNX,C,10.0,2025-05-16,209,0,303,0.4,1746021105190000000,100,4000.0,2025-04-30,3000,30,True,Automatic Execution,Medical,Medical - Biomedical and Genetics,9.18,9.72,9.01,9.61,3,3.6020599913279625,20,3,1,0,0,0
RIGL,Medical,Medical - Drugs,10__0,10,0.0,1. p999999_trade_value,16560.0,16560.0,O:RIGL250321C00023000,RIGL,C,23.0,2025-03-21,209,0,325,1.8,1740682681726000000,92,16560.0,2025-02-27,3000,30,True,Automatic Execution,Medical,Medical - Drugs,22.64,22.75,21.58,21.78,1,4.219060332448861,20,1,1,0,0,0
RIGL,Medical,Medical - Drugs,10__0,10,0.0,8. p75_trade_value,11726.0,11726.0,O:RIGL250321C00023000,RIGL,C,23.0,2025-03-21,227,0,312,1.43,1740681053156000000,82,11726.0,2025-02-27,3000,30,True,Single Leg Auction Non ISO,Medical,Medical - Drugs,22.64,22.75,21.58,21.78,2,4.069149889848778,20,2,1,0,0,0
RLAY,Medical,Medical - Drugs,10__0,10,0.0,1. p999999_trade_value,20520.0,20520.0,O:RLAY240920P00007500,RLAY,P,7.5,2024-09-20,209,0,313,0.6,1725979006334000000,342,20520.0,2024-09-10,3000,30,True,Automatic Execution,Medical,Medical - Drugs,10.0,10.1263,8.075,9.0,1,4.312177356439778,20,1,1,1,1,0
RLAY,Medical,Medical - Drugs,10__0,10,0.0,8. p75_trade_value,5000.0,8189.999999999999,O:RLAY241220C00005000,RLAY,C,5.0,2024-12-20,209,0,308,0.2,1733159919780000000,250,5000.0,2024-12-02,3000,30,True,Automatic Execution,Medical,Medical - Drugs,4.76,4.81,4.61,4.67,4,3.6989700043360187,20,4,1,0,0,0
RLAY,Medical,Medical - Drugs,10__0,10,0.0,8. p75_trade_value,5000.0,8189.999999999999,O:RLAY250221C00005000,RLAY,C,5.0,2025-02-21,219,0,320,0.3,1737649733860000000,273,8189.999999999999,2025-01-23,3000,30,True,Intermarket Sweep Order,Medical,Medical - Drugs,4.82,4.96,4.615,4.89,3,3.9132839017604186,20,3,1,0,0,0
RLAY,Medical,Medical - Drugs,10__0,10,0.0,7. p90_trade_value,12500.0,12500.0,O:RLAY250221C00005000,RLAY,C,5.0,2025-02-21,231,0,300,0.25,1737731519178000000,500,12500.0,2025-01-24,3000,30,True,Single Leg Floor Trade,Medical,Medical - Drugs,4.75,4.9975,4.605,4.85,2,4.096910013008056,20,2,1,0,0,0
RMD,Medical,Medical - Products,30__2,30,2.0,1. p999999_trade_value,380000.0,380000.0,O:RMD250221C00260000,RMD,C,260.0,2025-02-21,231,0,323,7.6,1738181823097000000,500,380000.0,2025-01-29,3000,30,True,Single Leg Floor Trade,Medical,Medical - Products,249.67,253.5,248.22,252.86,1,5.57978359661681,20,1,1,0,0,0
ROIV,Medical,Medical - Biomedical and Genetics,15__0,15,0.0,1. p999999_trade_value,130000.0,130000.0,O:ROIV241018C00012000,ROIV,C,12.0,2024-10-18,227,0,304,0.26,1727188335263000000,5000,130000.0,2024-09-24,3000,30,True,Single Leg Auction Non ISO,Medical,Medical - Biomedical and Genetics,11.87,11.895,11.45,11.69,1,5.113943352306837,20,1,1,0,0,0
ROIV,Medical,Medical - Biomedical and Genetics,15__0,15,0.0,6. p95_trade_value,92463.0,92463.0,O:ROIV241018C00012000,ROIV,C,12.0,2024-10-18,227,0,304,0.37,1727361164928000000,2499,92463.0,2024-09-26,3000,30,True,Single Leg Auction Non ISO,Medical,Medical - Biomedical and Genetics,11.8,11.93,11.5,11.57,2,4.965967980193445,20,1,1,0,0,0
RPRX,Medical,Medical - Biomedical and Genetics,15__0,15,0.0,7. p90_trade_value,52320.00000000001,77766.00000000001,O:RPRX250417P00032500,RPRX,P,32.5,2025-04-17,228,0,312,0.4,1742931217146000000,1308,52320.00000000001,2025-03-25,3000,30,True,Single Leg Auction ISO,Medical,Medical - Biomedical and Genetics,33.85,34.14,33.5,33.76,4,4.7186677353162105,20,2,1,1,0,0
RPRX,Medical,Medical - Biomedical and Genetics,15__0,15,0.0,1. p999999_trade_value,128000.0,128000.0,O:RPRX250417P00030000,RPRX,P,30.0,2025-04-17,239,0,302,0.8,1743089631621000000,1600,128000.0,2025-03-27,3000,30,True,Multi Leg floor trade against single leg(s),Medical,Medical - Biomedical and Genetics,31.87,32.25,31.24,31.65,1,5.107209969647869,20,1,1,0,0,0
RPRX,Medical,Medical - Biomedical and Genetics,15__0,15,0.0,7. p90_trade_value,52320.00000000001,77766.00000000001,O:RPRX250417P00030000,RPRX,P,30.0,2025-04-17,228,0,312,0.78,1743087436010000000,997,77766.00000000001,2025-03-27,3000,30,True,Single Leg Auction ISO,Medical,Medical - Biomedical and Genetics,31.87,32.25,31.24,31.65,3,4.890789761002136,20,2,1,0,0,0
RPRX,Medical,Medical - Biomedical and Genetics,15__0,15,0.0,6. p95_trade_value,120000.0,120000.0,O:RPRX250417P00030000,RPRX,P,30.0,2025-04-17,231,0,323,0.6,1743614760147000000,2000,120000.0,2025-04-02,3000,30,True,Single Leg Floor Trade,Medical,Medical - Biomedical and Genetics,31.06,31.36,30.82,31.28,2,5.079181246047625,20,1,1,0,0,0
RVTY,Medical,Medical Services,20__2,20,2.0,1. p999999_trade_value,333720.0,333720.0,O:RVTY241115C00125000,RVTY,C,125.0,2024-11-15,231,0,301,3.6,1730476393990000000,927,333720.0,2024-11-01,3000,30,True,Single Leg Floor Trade,Medical,Medical Services,119.9,124.18,119.9,121.04,1,5.523382234911784,20,1,1,0,0,0
RVTY,Medical,Medical Services,20__2,20,2.0,6. p95_trade_value,52030.00000000001,54394.99999999999,O:RVTY250117C00120000,RVTY,C,120.0,2025-01-17,231,0,302,1.1,1736177610408000000,473,52030.00000000001,2025-01-06,3000,30,True,Single Leg Floor Trade,Medical,Medical Services,113.5,117.38,113.46,115.59,3,4.716253825896037,20,1,1,1,0,0
RVTY,Medical,Medical Services,20__2,20,2.0,6. p95_trade_value,52030.00000000001,54394.99999999999,O:RVTY250117C00120000,RVTY,C,120.0,2025-01-17,231,0,302,1.15,1736177610530000000,473,54394.99999999999,2025-01-06,3000,30,True,Single Leg Floor Trade,Medical,Medical Services,113.5,117.38,113.46,115.59,2,4.735558981091423,20,1,1,1,0,0
RXRX,Medical,Medical - Drugs,30__2,30,2.0,1. p999999_trade_value,360000.0,360000.0,O:RXRX250516C00006000,RXRX,C,6.0,2025-05-16,229,0,313,0.45,1744825225832000000,8000,360000.0,2025-04-16,3000,30,True,Single Leg Cross Non ISO,Medical,Medical - Drugs,5.45,5.56,5.14,5.32,1,5.556302500767287,20,1,1,0,0,0
RXRX,Medical,Medical - Drugs,30__2,30,2.0,4. p999_trade_value,135966.0,135966.0,O:RXRX250620C00006000,RXRX,C,6.0,2025-06-20,227,0,304,0.34,1749222306115000000,3999,135966.0,2025-06-06,3000,30,True,Single Leg Auction Non ISO,Medical,Medical - Drugs,4.72,5.52,4.705,5.49,2,5.133430321175776,20,1,1,0,0,0
RXST,Medical,Medical - Instruments,25__0,25,0.0,8. p75_trade_value,9570.0,17850.0,O:RXST241018C00052500,RXST,C,52.5,2024-10-18,209,0,323,0.75,1727198246784000000,172,12900.0,2024-09-24,3000,30,True,Automatic Execution,Medical,Medical - Instruments,51.33,51.88,48.7,48.89,50,4.110589710299249,20,4,0,0,0,1
RXST,Medical,Medical - Instruments,25__0,25,0.0,8. p75_trade_value,9570.0,17850.0,O:RXST241115P00047500,RXST,P,47.5,2024-11-15,209,0,316,2.95,1729781786236000000,40,11800.0,2024-10-24,3000,30,True,Automatic Execution,Medical,Medical - Instruments,48.85,50.24,48.85,49.57,57,4.071882007306125,20,4,1,1,1,0
RXST,Medical,Medical - Instruments,25__0,25,0.0,7. p90_trade_value,17980.0,25530.0,O:RXST241115C00052500,RXST,C,52.5,2024-11-15,219,0,323,2.9,1730138711561000000,62,17980.0,2024-10-28,3000,30,True,Intermarket Sweep Order,Medical,Medical - Instruments,51.07,51.4819,49.83,50.25,31,4.25478968739721,20,2,1,0,0,0
RXST,Medical,Medical - Instruments,25__0,25,0.0,1. p999999_trade_value,99060.0,99060.0,O:RXST241115C00055000,RXST,C,55.0,2024-11-15,231,0,323,2.6,1730141118619000000,381,99060.0,2024-10-28,3000,30,True,Single Leg Floor Trade,Medical,Medical - Instruments,51.07,51.4819,49.83,50.25,1,4.995898323646437,20,1,1,0,0,0
RXST,Medical,Medical - Instruments,25__0,25,0.0,8. p75_trade_value,9570.0,17850.0,O:RXST241115C00055000,RXST,C,55.0,2024-11-15,231,0,323,2.2,1730138773672000000,50,11000.000000000002,2024-10-28,3000,30,True,Single Leg Floor Trade,Medical,Medical - Instruments,51.07,51.4819,49.83,50.25,63,4.041392685158225,20,4,1,0,0,0
RXST,Medical,Medical - Instruments,25__0,25,0.0,6. p95_trade_value,25740.000000000004,66880.0,O:RXST241115C00055000,RXST,C,55.0,2024-11-15,209,0,325,2.2,1730138711562000000,117,25740.000000000004,2024-10-28,3000,30,True,Automatic Execution,Medical,Medical - Instruments,51.07,51.4819,49.83,50.25,16,4.410608542568368,20,1,1,0,0,0
RXST,Medical,Medical - Instruments,25__0,25,0.0,6. p95_trade_value,25740.000000000004,66880.0,O:RXST241115C00055000,RXST,C,55.0,2024-11-15,209,0,313,2.2,1730138711561000000,304,66880.0,2024-10-28,3000,30,True,Automatic Execution,Medical,Medical - Instruments,51.07,51.4819,49.83,50.25,5,4.82529626443096,20,1,1,0,0,0
RXST,Medical,Medical - Instruments,25__0,25,0.0,8. p75_trade_value,9570.0,17850.0,O:RXST241115C00055000,RXST,C,55.0,2024-11-15,209,0,323,3.5,1730470916340000000,48,16800.0,2024-11-01,3000,30,True,Automatic Execution,Medical,Medical - Instruments,51.2,53.46,50.67,51.1,35,4.225309281725863,20,3,1,0,0,0
RXST,Medical,Medical - Instruments,25__0,25,0.0,8. p75_trade_value,9570.0,17850.0,O:RXST241115C00055000,RXST,C,55.0,2024-11-15,209,0,323,3.3,1730470915527000000,36,11880.0,2024-11-01,3000,30,True,Automatic Execution,Medical,Medical - Instruments,51.2,53.46,50.67,51.1,56,4.074816440645175,20,4,1,0,0,0
RXST,Medical,Medical - Instruments,25__0,25,0.0,8. p75_trade_value,9570.0,17850.0,O:RXST241115C00055000,RXST,C,55.0,2024-11-15,209,0,325,4.5,1730475531854000000,33,14850.0,2024-11-01,3000,30,True,Automatic Execution,Medical,Medical - Instruments,51.2,53.46,50.67,51.1,41,4.171726453653231,20,3,1,0,0,0
RXST,Medical,Medical - Instruments,25__0,25,0.0,8. p75_trade_value,9570.0,17850.0,O:RXST241115C00055000,RXST,C,55.0,2024-11-15,219,0,316,3.8,1730470922690000000,27,10260.0,2024-11-01,3000,30,True,Intermarket Sweep Order,Medical,Medical - Instruments,51.2,53.46,50.67,51.1,71,4.011147360775797,20,5,1,0,0,0
RXST,Medical,Medical - Instruments,25__0,25,0.0,8. p75_trade_value,9570.0,17850.0,O:RXST241115C00055000,RXST,C,55.0,2024-11-15,209,0,323,5.1,1730475534595000000,35,17850.0,2024-11-01,3000,30,True,Automatic Execution,Medical,Medical - Instruments,51.2,53.46,50.67,51.1,32,4.251638220448212,20,2,1,0,0,0
RXST,Medical,Medical - Instruments,25__0,25,0.0,7. p90_trade_value,17980.0,25530.0,O:RXST241115C00055000,RXST,C,55.0,2024-11-15,209,0,323,5.1,1730475534582000000,37,18870.0,2024-11-01,3000,30,True,Automatic Execution,Medical,Medical - Instruments,51.2,53.46,50.67,51.1,30,4.275771900164932,20,2,1,0,0,0
RXST,Medical,Medical - Instruments,25__0,25,0.0,7. p90_trade_value,17980.0,25530.0,O:RXST241115C00055000,RXST,C,55.0,2024-11-15,209,0,323,4.5,1730475531874000000,44,19800.0,2024-11-01,3000,30,True,Automatic Execution,Medical,Medical - Instruments,51.2,53.46,50.67,51.1,27,4.296665190261531,20,2,1,0,0,0
RXST,Medical,Medical - Instruments,25__0,25,0.0,7. p90_trade_value,17980.0,25530.0,O:RXST241115C00055000,RXST,C,55.0,2024-11-15,209,0,323,5.1,1730475534607000000,43,21930.0,2024-11-01,3000,30,True,Automatic Execution,Medical,Medical - Instruments,51.2,53.46,50.67,51.1,24,4.341038631677523,20,2,1,0,0,0
RXST,Medical,Medical - Instruments,25__0,25,0.0,7. p90_trade_value,17980.0,25530.0,O:RXST241115C00055000,RXST,C,55.0,2024-11-15,219,0,323,3.8,1730470917676000000,55,20900.0,2024-11-01,3000,30,True,Intermarket Sweep Order,Medical,Medical - Instruments,51.2,53.46,50.67,51.1,25,4.320146286111054,20,2,1,0,0,0
RXST,Medical,Medical - Instruments,25__0,25,0.0,8. p75_trade_value,9570.0,17850.0,O:RXST241115P00040000,RXST,P,40.0,2024-11-15,209,0,323,2.25,1730737840724000000,75,16875.0,2024-11-04,3000,30,True,Automatic Execution,Medical,Medical - Instruments,50.67,53.0,50.67,51.25,34,4.227243781503063,20,3,0,0,0,1
RXST,Medical,Medical - Instruments,25__0,25,0.0,8. p75_trade_value,9570.0,17850.0,O:RXST241115P00040000,RXST,P,40.0,2024-11-15,209,0,323,2.05,1730734182349000000,65,13325.0,2024-11-04,3000,30,True,Automatic Execution,Medical,Medical - Instruments,50.67,53.0,50.67,51.25,47,4.12466721769861,20,3,0,0,0,1
RXST,Medical,Medical - Instruments,25__0,25,0.0,8. p75_trade_value,9570.0,17850.0,O:RXST241115P00040000,RXST,P,40.0,2024-11-15,209,0,323,1.9,1730734180668000000,82,15579.999999999998,2024-11-04,3000,30,True,Automatic Execution,Medical,Medical - Instruments,50.67,53.0,50.67,51.25,40,4.192567453336546,20,3,0,0,0,1
RXST,Medical,Medical - Instruments,25__0,25,0.0,8. p75_trade_value,9570.0,17850.0,O:RXST241115P00040000,RXST,P,40.0,2024-11-15,209,0,323,2.15,1730734184453000000,48,10319.999999999998,2024-11-04,3000,30,True,Automatic Execution,Medical,Medical - Instruments,50.67,53.0,50.67,51.25,70,4.013679697291193,20,5,0,0,0,1
RXST,Medical,Medical - Instruments,25__0,25,0.0,8. p75_trade_value,9570.0,17850.0,O:RXST241115P00040000,RXST,P,40.0,2024-11-15,209,0,323,2.15,1730734189054000000,50,10750.0,2024-11-04,3000,30,True,Automatic Execution,Medical,Medical - Instruments,50.67,53.0,50.67,51.25,65,4.031408464251625,20,5,0,0,0,1
RXST,Medical,Medical - Instruments,25__0,25,0.0,8. p75_trade_value,9570.0,17850.0,O:RXST241115P00040000,RXST,P,40.0,2024-11-15,209,0,323,1.7,1730734178072000000,72,12240.0,2024-11-04,3000,30,True,Automatic Execution,Medical,Medical - Instruments,50.67,53.0,50.67,51.25,54,4.087781417809542,20,4,0,0,0,1
RXST,Medical,Medical - Instruments,25__0,25,0.0,8. p75_trade_value,9570.0,17850.0,O:RXST241115P00040000,RXST,P,40.0,2024-11-15,209,0,323,1.7,1730734178111000000,82,13940.0,2024-11-04,3000,30,True,Automatic Execution,Medical,Medical - Instruments,50.67,53.0,50.67,51.25,43,4.144262773761991,20,3,0,0,0,1
RXST,Medical,Medical - Instruments,25__0,25,0.0,8. p75_trade_value,9570.0,17850.0,O:RXST241115P00040000,RXST,P,40.0,2024-11-15,209,0,323,1.7,1730734178092000000,78,13260.0,2024-11-04,3000,30,True,Automatic Execution,Medical,Medical - Instruments,50.67,53.0,50.67,51.25,48,4.122543524068754,20,3,0,0,0,1
RXST,Medical,Medical - Instruments,25__0,25,0.0,8. p75_trade_value,9570.0,17850.0,O:RXST241115P00040000,RXST,P,40.0,2024-11-15,209,0,323,1.85,1730734179741000000,68,12580.000000000002,2024-11-04,3000,30,True,Automatic Execution,Medical,Medical - Instruments,50.67,53.0,50.67,51.25,52,4.09968064110925,20,4,0,0,0,1
RXST,Medical,Medical - Instruments,25__0,25,0.0,8. p75_trade_value,9570.0,17850.0,O:RXST241115P00040000,RXST,P,40.0,2024-11-15,209,0,323,1.25,1730734173918000000,82,10250.0,2024-11-04,3000,30,True,Automatic Execution,Medical,Medical - Instruments,50.67,53.0,50.67,51.25,72,4.010723865391773,20,5,0,0,0,1
RXST,Medical,Medical - Instruments,25__0,25,0.0,7. p90_trade_value,17980.0,25530.0,O:RXST241115P00040000,RXST,P,40.0,2024-11-15,209,0,323,2.4,1730737843403000000,81,19440.0,2024-11-04,3000,30,True,Automatic Execution,Medical,Medical - Instruments,50.67,53.0,50.67,51.25,29,4.288696260590256,20,2,0,0,0,1
RXST,Medical,Medical - Instruments,25__0,25,0.0,7. p90_trade_value,17980.0,25530.0,O:RXST241115P00040000,RXST,P,40.0,2024-11-15,209,0,323,2.45,1730737844384000000,84,20580.0,2024-11-04,3000,30,True,Automatic Execution,Medical,Medical - Instruments,50.67,53.0,50.67,51.25,26,4.313445370426414,20,2,0,0,0,1
RXST,Medical,Medical - Instruments,25__0,25,0.0,8. p75_trade_value,9570.0,17850.0,O:RXST241115P00045000,RXST,P,45.0,2024-11-15,219,0,316,3.6,1730906112595000000,27,9720.0,2024-11-06,3000,30,True,Intermarket Sweep Order,Medical,Medical - Instruments,54.87,55.22,53.16,54.73,75,3.9876662649262746,20,5,1,1,0,0
RXST,Medical,Medical - Instruments,25__0,25,0.0,7. p90_trade_value,17980.0,25530.0,O:RXST241115P00045000,RXST,P,45.0,2024-11-15,209,0,323,3.9,1730910535509000000,62,24180.0,2024-11-06,3000,30,True,Automatic Execution,Medical,Medical - Instruments,54.87,55.22,53.16,54.73,21,4.383456296524753,20,2,1,1,0,0
RXST,Medical,Medical - Instruments,25__0,25,0.0,7. p90_trade_value,17980.0,25530.0,O:RXST241115P00045000,RXST,P,45.0,2024-11-15,219,0,301,3.9,1730906114159000000,64,24960.0,2024-11-06,3000,30,True,Intermarket Sweep Order,Medical,Medical - Instruments,54.87,55.22,53.16,54.73,20,4.397244581010386,20,2,1,1,0,0
RXST,Medical,Medical - Instruments,25__0,25,0.0,7. p90_trade_value,17980.0,25530.0,O:RXST241115P00045000,RXST,P,45.0,2024-11-15,209,0,323,3.6,1730906112587000000,64,23040.0,2024-11-06,3000,30,True,Automatic Execution,Medical,Medical - Instruments,54.87,55.22,53.16,54.73,22,4.362482474751174,20,2,1,1,0,0
RXST,Medical,Medical - Instruments,25__0,25,0.0,5. p99_trade_value,69020.0,78000.0,O:RXST241115P00045000,RXST,P,45.0,2024-11-15,209,0,323,3.9,1730906114280000000,200,78000.0,2024-11-06,3000,30,True,Automatic Execution,Medical,Medical - Instruments,54.87,55.22,53.16,54.73,2,4.892094602690481,20,1,1,1,0,0
RXST,Medical,Medical - Instruments,25__0,25,0.0,7. p90_trade_value,17980.0,25530.0,O:RXST241115P00045000,RXST,P,45.0,2024-11-15,209,0,323,3.9,1730910535518000000,57,22230.0,2024-11-06,3000,30,True,Automatic Execution,Medical,Medical - Instruments,54.87,55.22,53.16,54.73,23,4.346939462698991,20,2,1,1,0,0
RXST,Medical,Medical - Instruments,25__0,25,0.0,7. p90_trade_value,17980.0,25530.0,O:RXST241115P00045000,RXST,P,45.0,2024-11-15,209,0,316,3.9,1730906114280000000,50,19500.0,2024-11-06,3000,30,True,Automatic Execution,Medical,Medical - Instruments,54.87,55.22,53.16,54.73,28,4.290034611362518,20,2,1,1,0,0
RXST,Medical,Medical - Instruments,25__0,25,0.0,6. p95_trade_value,25740.000000000004,66880.0,O:RXST241115P00045000,RXST,P,45.0,2024-11-15,219,0,300,3.9,1730910535546000000,92,35880.0,2024-11-06,3000,30,True,Intermarket Sweep Order,Medical,Medical - Instruments,54.87,55.22,53.16,54.73,9,4.554852434372054,20,1,1,1,0,0
RXST,Medical,Medical - Instruments,25__0,25,0.0,6. p95_trade_value,25740.000000000004,66880.0,O:RXST241115P00045000,RXST,P,45.0,2024-11-15,219,0,320,3.6,1730906112595000000,92,33120.0,2024-11-06,3000,30,True,Intermarket Sweep Order,Medical,Medical - Instruments,54.87,55.22,53.16,54.73,10,4.520090328112842,20,1,1,1,0,0
RXST,Medical,Medical - Instruments,25__0,25,0.0,6. p95_trade_value,25740.000000000004,66880.0,O:RXST241115P00045000,RXST,P,45.0,2024-11-15,209,0,323,3.9,1730906114151000000,79,30809.999999999996,2024-11-06,3000,30,True,Automatic Execution,Medical,Medical - Instruments,54.87,55.22,53.16,54.73,12,4.4886916983169405,20,1,1,1,0,0
RXST,Medical,Medical - Instruments,25__0,25,0.0,8. p75_trade_value,9570.0,17850.0,O:RXST241115P00045000,RXST,P,45.0,2024-11-15,219,0,304,3.6,1730906112608000000,27,9720.0,2024-11-06,3000,30,True,Intermarket Sweep Order,Medical,Medical - Instruments,54.87,55.22,53.16,54.73,76,3.9876662649262746,20,5,1,1,0,0
RXST,Medical,Medical - Instruments,25__0,25,0.0,6. p95_trade_value,25740.000000000004,66880.0,O:RXST241115P00045000,RXST,P,45.0,2024-11-15,209,0,323,3.6,1730906112706000000,80,28800.0,2024-11-06,3000,30,True,Automatic Execution,Medical,Medical - Instruments,54.87,55.22,53.16,54.73,13,4.459392487759231,20,1,1,1,0,0
RXST,Medical,Medical - Instruments,25__0,25,0.0,8. p75_trade_value,9570.0,17850.0,O:RXST241115P00045000,RXST,P,45.0,2024-11-15,209,0,323,3.5,1730908977657000000,50,17500.0,2024-11-06,3000,30,True,Automatic Execution,Medical,Medical - Instruments,54.87,55.22,53.16,54.73,33,4.243038048686294,20,3,1,1,0,0
RXST,Medical,Medical - Instruments,25__0,25,0.0,8. p75_trade_value,9570.0,17850.0,O:RXST241115P00045000,RXST,P,45.0,2024-11-15,219,0,319,3.9,1730906114169000000,41,15990.0,2024-11-06,3000,30,True,Intermarket Sweep Order,Medical,Medical - Instruments,54.87,55.22,53.16,54.73,37,4.203848463746235,20,3,1,1,0,0
RXST,Medical,Medical - Instruments,25__0,25,0.0,8. p75_trade_value,9570.0,17850.0,O:RXST241115P00045000,RXST,P,45.0,2024-11-15,219,0,318,3.9,1730906114169000000,40,15600.0,2024-11-06,3000,30,True,Intermarket Sweep Order,Medical,Medical - Instruments,54.87,55.22,53.16,54.73,38,4.193124598354461,20,3,1,1,0,0
RXST,Medical,Medical - Instruments,25__0,25,0.0,8. p75_trade_value,9570.0,17850.0,O:RXST241115P00045000,RXST,P,45.0,2024-11-15,219,0,315,3.9,1730906114169000000,40,15600.0,2024-11-06,3000,30,True,Intermarket Sweep Order,Medical,Medical - Instruments,54.87,55.22,53.16,54.73,39,4.193124598354461,20,3,1,1,0,0
RXST,Medical,Medical - Instruments,25__0,25,0.0,8. p75_trade_value,9570.0,17850.0,O:RXST241115P00045000,RXST,P,45.0,2024-11-15,209,0,323,3.8,1730910534728000000,33,12540.0,2024-11-06,3000,30,True,Automatic Execution,Medical,Medical - Instruments,54.87,55.22,53.16,54.73,53,4.098297536494697,20,4,1,1,0,0
RXST,Medical,Medical - Instruments,25__0,25,0.0,6. p95_trade_value,25740.000000000004,66880.0,O:RXST241115P00045000,RXST,P,45.0,2024-11-15,219,0,323,3.6,1730906112697000000,75,27000.0,2024-11-06,3000,30,True,Intermarket Sweep Order,Medical,Medical - Instruments,54.87,55.22,53.16,54.73,14,4.431363764158987,20,1,1,1,0,0
RXST,Medical,Medical - Instruments,25__0,25,0.0,8. p75_trade_value,9570.0,17850.0,O:RXST241115P00045000,RXST,P,45.0,2024-11-15,209,0,323,3.9,1730910535544000000,29,11310.0,2024-11-06,3000,30,True,Automatic Execution,Medical,Medical - Instruments,54.87,55.22,53.16,54.73,60,4.053462604925455,20,4,1,1,0,0
RXST,Medical,Medical - Instruments,25__0,25,0.0,8. p75_trade_value,9570.0,17850.0,O:RXST241115P00045000,RXST,P,45.0,2024-11-15,219,0,300,3.6,1730906112608000000,28,10080.0,2024-11-06,3000,30,True,Intermarket Sweep Order,Medical,Medical - Instruments,54.87,55.22,53.16,54.73,73,4.003460532109506,20,5,1,1,0,0
RXST,Medical,Medical - Instruments,25__0,25,0.0,8. p75_trade_value,9570.0,17850.0,O:RXST241115P00045000,RXST,P,45.0,2024-11-15,219,0,315,3.6,1730906112596000000,28,10080.0,2024-11-06,3000,30,True,Intermarket Sweep Order,Medical,Medical - Instruments,54.87,55.22,53.16,54.73,74,4.003460532109506,20,5,1,1,0,0
RXST,Medical,Medical - Instruments,25__0,25,0.0,8. p75_trade_value,9570.0,17850.0,O:RXST241115P00045000,RXST,P,45.0,2024-11-15,209,0,308,3.1,1731002777602000000,44,13640.0,2024-11-07,3000,30,True,Automatic Execution,Medical,Medical - Instruments,55.0,55.57,50.03,50.85,45,4.13481437032046,20,3,1,1,0,0
RXST,Medical,Medical - Instruments,25__0,25,0.0,6. p95_trade_value,25740.000000000004,66880.0,O:RXST241115P00045000,RXST,P,45.0,2024-11-15,209,0,323,3.9,1731012307452000000,69,26909.999999999996,2024-11-07,3000,30,True,Automatic Execution,Medical,Medical - Instruments,55.0,55.57,50.03,50.85,15,4.429913697763754,20,1,1,1,0,0
RXST,Medical,Medical - Instruments,25__0,25,0.0,8. p75_trade_value,9570.0,17850.0,O:RXST241115P00045000,RXST,P,45.0,2024-11-15,209,0,300,2.9,1731000033307000000,33,9570.0,2024-11-07,3000,30,True,Automatic Execution,Medical,Medical - Instruments,55.0,55.57,50.03,50.85,77,3.9809119377768436,20,5,1,1,0,0
RXST,Medical,Medical - Instruments,25__0,25,0.0,8. p75_trade_value,9570.0,17850.0,O:RXST241115P00045000,RXST,P,45.0,2024-11-15,209,0,323,2.9,1731000019255000000,33,9570.0,2024-11-07,3000,30,True,Automatic Execution,Medical,Medical - Instruments,55.0,55.57,50.03,50.85,78,3.9809119377768436,20,5,1,1,0,0
RXST,Medical,Medical - Instruments,25__0,25,0.0,8. p75_trade_value,9570.0,17850.0,O:RXST241115P00045000,RXST,P,45.0,2024-11-15,209,0,323,3.3,1731002788687000000,35,11550.0,2024-11-07,3000,30,True,Automatic Execution,Medical,Medical - Instruments,55.0,55.57,50.03,50.85,58,4.062581984228163,20,4,1,1,0,0
RXST,Medical,Medical - Instruments,25__0,25,0.0,8. p75_trade_value,9570.0,17850.0,O:RXST241115P00045000,RXST,P,45.0,2024-11-15,209,0,308,3.7,1731012008423000000,34,12580.000000000002,2024-11-07,3000,30,True,Automatic Execution,Medical,Medical - Instruments,55.0,55.57,50.03,50.85,51,4.09968064110925,20,4,1,1,0,0
RXST,Medical,Medical - Instruments,25__0,25,0.0,8. p75_trade_value,9570.0,17850.0,O:RXST241115P00045000,RXST,P,45.0,2024-11-15,209,0,307,3.3,1731002788687000000,37,12210.0,2024-11-07,3000,30,True,Automatic Execution,Medical,Medical - Instruments,55.0,55.57,50.03,50.85,55,4.086715663944882,20,4,1,1,0,0
RXST,Medical,Medical - Instruments,25__0,25,0.0,8. p75_trade_value,9570.0,17850.0,O:RXST241115P00045000,RXST,P,45.0,2024-11-15,209,0,300,3.3,1731002788686000000,41,13529.999999999998,2024-11-07,3000,30,True,Automatic Execution,Medical,Medical - Instruments,55.0,55.57,50.03,50.85,46,4.1312977965976225,20,3,1,1,0,0
RXST,Medical,Medical - Instruments,25__0,25,0.0,8. p75_trade_value,9570.0,17850.0,O:RXST241115P00045000,RXST,P,45.0,2024-11-15,209,0,304,3.7,1731012011162000000,31,11470.0,2024-11-07,3000,30,True,Automatic Execution,Medical,Medical - Instruments,55.0,55.57,50.03,50.85,59,4.059563417901268,20,4,1,1,0,0
RXST,Medical,Medical - Instruments,25__0,25,0.0,8. p75_trade_value,9570.0,17850.0,O:RXST241115P00045000,RXST,P,45.0,2024-11-15,209,0,308,3.8,1731012297254000000,29,11019.999999999998,2024-11-07,3000,30,True,Automatic Execution,Medical,Medical - Instruments,55.0,55.57,50.03,50.85,62,4.042181594515766,20,4,1,1,0,0
RXST,Medical,Medical - Instruments,25__0,25,0.0,8. p75_trade_value,9570.0,17850.0,O:RXST241115P00045000,RXST,P,45.0,2024-11-15,209,0,308,3.4,1731002822994000000,32,10880.0,2024-11-07,3000,30,True,Automatic Execution,Medical,Medical - Instruments,55.0,55.57,50.03,50.85,64,4.036628895362161,20,4,1,1,0,0
RXST,Medical,Medical - Instruments,25__0,25,0.0,8. p75_trade_value,9570.0,17850.0,O:RXST241115P00045000,RXST,P,45.0,2024-11-15,209,0,319,3.7,1731012011162000000,29,10730.000000000002,2024-11-07,3000,30,True,Automatic Execution,Medical,Medical - Instruments,55.0,55.57,50.03,50.85,66,4.0305997219659515,20,5,1,1,0,0
RXST,Medical,Medical - Instruments,25__0,25,0.0,8. p75_trade_value,9570.0,17850.0,O:RXST241115P00045000,RXST,P,45.0,2024-11-15,209,0,308,3.9,1731012307452000000,27,10530.0,2024-11-07,3000,30,True,Automatic Execution,Medical,Medical - Instruments,55.0,55.57,50.03,50.85,67,4.0224283711854865,20,5,1,1,0,0
RXST,Medical,Medical - Instruments,25__0,25,0.0,8. p75_trade_value,9570.0,17850.0,O:RXST241115P00045000,RXST,P,45.0,2024-11-15,209,0,300,2.9,1731000019255000000,36,10440.0,2024-11-07,3000,30,True,Automatic Execution,Medical,Medical - Instruments,55.0,55.57,50.03,50.85,68,4.018700498666243,20,5,1,1,0,0
RXST,Medical,Medical - Instruments,25__0,25,0.0,8. p75_trade_value,9570.0,17850.0,O:RXST241115P00045000,RXST,P,45.0,2024-11-15,209,0,322,3.7,1731012011162000000,28,10360.0,2024-11-07,3000,30,True,Automatic Execution,Medical,Medical - Instruments,55.0,55.57,50.03,50.85,69,4.015359755409214,20,5,1,1,0,0
RXST,Medical,Medical - Instruments,25__0,25,0.0,8. p75_trade_value,9570.0,17850.0,O:RXST241115P00045000,RXST,P,45.0,2024-11-15,209,0,304,3.9,1731012307452000000,36,14040.0,2024-11-07,3000,30,True,Automatic Execution,Medical,Medical - Instruments,55.0,55.57,50.03,50.85,42,4.147367107793786,20,3,1,1,0,0
RXST,Medical,Medical - Instruments,25__0,25,0.0,8. p75_trade_value,9570.0,17850.0,O:RXST241115P00045000,RXST,P,45.0,2024-11-15,209,0,300,3.3,1731002792760000000,40,13200.0,2024-11-07,3000,30,True,Automatic Execution,Medical,Medical - Instruments,55.0,55.57,50.03,50.85,49,4.12057393120585,20,4,1,1,0,0
RXST,Medical,Medical - Instruments,25__0,25,0.0,8. p75_trade_value,9570.0,17850.0,O:RXST241115P00045000,RXST,P,45.0,2024-11-15,209,0,312,3.9,1731012307452000000,42,16379.999999999998,2024-11-07,3000,30,True,Automatic Execution,Medical,Medical - Instruments,55.0,55.57,50.03,50.85,36,4.214313897424399,20,3,1,1,0,0
RXST,Medical,Medical - Instruments,25__0,25,0.0,8. p75_trade_value,9570.0,17850.0,O:RXST241115P00045000,RXST,P,45.0,2024-11-15,209,0,308,3.3,1731002797271000000,42,13860.0,2024-11-07,3000,30,True,Automatic Execution,Medical,Medical - Instruments,55.0,55.57,50.03,50.85,44,4.141763230275788,20,3,1,1,0,0
RXST,Medical,Medical - Instruments,25__0,25,0.0,6. p95_trade_value,25740.000000000004,66880.0,O:RXST241115P00045000,RXST,P,45.0,2024-11-15,209,0,300,3.7,1731012011162000000,155,57350.0,2024-11-07,3000,30,True,Automatic Execution,Medical,Medical - Instruments,55.0,55.57,50.03,50.85,6,4.758533422237287,20,1,1,1,0,0
RXST,Medical,Medical - Instruments,25__0,25,0.0,7. p90_trade_value,17980.0,25530.0,O:RXST241115P00045000,RXST,P,45.0,2024-11-15,209,0,300,3.9,1731012307452000000,65,25350.0,2024-11-07,3000,30,True,Automatic Execution,Medical,Medical - Instruments,55.0,55.57,50.03,50.85,18,4.403977963669354,20,2,1,1,0,0
RXST,Medical,Medical - Instruments,25__0,25,0.0,8. p75_trade_value,9570.0,17850.0,O:RXST241115P00050000,RXST,P,50.0,2024-11-15,209,0,308,5.6,1731007936157000000,20,11200.0,2024-11-07,3000,30,True,Automatic Execution,Medical,Medical - Instruments,55.0,55.57,50.03,50.85,61,4.049218022670182,20,4,1,1,1,0
RXST,Medical,Medical - Instruments,25__0,25,0.0,7. p90_trade_value,17980.0,25530.0,O:RXST241115P00050000,RXST,P,50.0,2024-11-15,209,0,316,5.7,1731013156938000000,44,25080.0,2024-11-07,3000,30,True,Automatic Execution,Medical,Medical - Instruments,55.0,55.57,50.03,50.85,19,4.3993275321586784,20,2,1,1,1,0
RXST,Medical,Medical - Instruments,25__0,25,0.0,7. p90_trade_value,17980.0,25530.0,O:RXST241115P00050000,RXST,P,50.0,2024-11-15,209,0,325,5.55,1731006884647000000,46,25530.0,2024-11-07,3000,30,True,Automatic Execution,Medical,Medical - Instruments,55.0,55.57,50.03,50.85,17,4.407050814804251,20,2,1,1,1,0
RXST,Medical,Medical - Instruments,25__0,25,0.0,5. p99_trade_value,69020.0,78000.0,O:RXST241220P00042500,RXST,P,42.5,2024-12-20,209,0,325,1.4,1733258143661000000,493,69020.0,2024-12-03,3000,30,True,Automatic Execution,Medical,Medical - Instruments,45.61,46.09,43.3,43.56,4,4.838974954955468,20,1,1,1,1,0
RXST,Medical,Medical - Instruments,25__0,25,0.0,6. p95_trade_value,25740.000000000004,66880.0,O:RXST241220P00042500,RXST,P,42.5,2024-12-20,209,0,308,1.0,1733497494990000000,500,50000.0,2024-12-06,3000,30,True,Automatic Execution,Medical,Medical - Instruments,43.39,44.08,42.82,43.15,7,4.698970004336019,20,1,1,1,1,0
RXST,Medical,Medical - Instruments,25__0,25,0.0,6. p95_trade_value,25740.000000000004,66880.0,O:RXST250321P00025000,RXST,P,25.0,2025-03-21,209,0,313,2.0,1740514948643000000,240,48000.0,2025-02-25,3000,30,True,Automatic Execution,Medical,Medical - Instruments,29.03,29.58,28.43,29.21,8,4.681241237375588,20,1,1,1,1,0
RXST,Medical,Medical - Instruments,25__0,25,0.0,6. p95_trade_value,25740.000000000004,66880.0,O:RXST250321P00027500,RXST,P,27.5,2025-03-21,209,0,313,1.5,1740516933968000000,217,32550.0,2025-02-25,3000,30,True,Automatic Execution,Medical,Medical - Instruments,29.03,29.58,28.43,29.21,11,4.5125509929042105,20,1,1,1,1,0
RXST,Medical,Medical - Instruments,25__0,25,0.0,5. p99_trade_value,69020.0,78000.0,O:RXST250321P00027500,RXST,P,27.5,2025-03-21,209,0,313,1.45,1740501542975000000,478,69310.0,2025-02-25,3000,30,True,Automatic Execution,Medical,Medical - Instruments,29.03,29.58,28.43,29.21,3,4.840795898847094,20,1,1,1,1,0
SAGE,Medical,Medical - Biomedical and Genetics,10__0,10,0.0,8. p75_trade_value,5000.0,5400.0,O:SAGE241018C00007500,SAGE,C,7.5,2024-10-18,209,0,308,0.45,1727275636518000000,120,5400.0,2024-09-25,3000,30,True,Automatic Execution,Medical,Medical - Biomedical and Genetics,7.35,7.47,6.98,7.02,2,3.7323937598229686,20,2,1,1,1,0
SAGE,Medical,Medical - Biomedical and Genetics,10__0,10,0.0,8. p75_trade_value,5000.0,5400.0,O:SAGE241115C00007500,SAGE,C,7.5,2024-11-15,209,0,320,0.5,1729100159744000000,100,5000.0,2024-10-16,3000,30,True,Automatic Execution,Medical,Medical - Biomedical and Genetics,6.91,7.3,6.91,7.27,3,3.6989700043360187,20,3,1,0,0,0
SAGE,Medical,Medical - Biomedical and Genetics,10__0,10,0.0,1. p999999_trade_value,5500.000000000001,5500.000000000001,O:SAGE241115C00007500,SAGE,C,7.5,2024-11-15,209,0,316,0.55,1729184963014000000,100,5500.000000000001,2024-10-17,3000,30,True,Automatic Execution,Medical,Medical - Biomedical and Genetics,7.25,7.32,6.632,7.21,1,3.740362689494244,20,1,1,0,0,0
SDGR,Medical,Medical Info Systems,20__0,20,0.0,7. p90_trade_value,9630.0,11499.999999999998,O:SDGR241115C00020000,SDGR,C,20.0,2024-11-15,209,0,325,1.2,1729624517250000000,94,11280.0,2024-10-22,3000,30,True,Automatic Execution,Medical,Medical Info Systems,17.82,19.36,17.8123,18.68,11,4.052309099647323,20,2,1,1,0,0
SDGR,Medical,Medical Info Systems,20__0,20,0.0,5. p99_trade_value,67500.0,67500.0,O:SDGR241115C00020000,SDGR,C,20.0,2024-11-15,231,0,301,1.35,1731354100993000000,500,67500.0,2024-11-11,3000,30,True,Single Leg Floor Trade,Medical,Medical Info Systems,19.15,19.7129,19.05,19.54,2,4.829303772831025,20,1,1,1,0,0
SDGR,Medical,Medical Info Systems,20__0,20,0.0,6. p95_trade_value,14880.000000000002,62855.99999999999,O:SDGR241115C00020000,SDGR,C,20.0,2024-11-15,227,0,304,1.25,1731354066826000000,490,61250.0,2024-11-11,3000,30,True,Single Leg Auction Non ISO,Medical,Medical Info Systems,19.15,19.7129,19.05,19.54,4,4.78710609303657,20,1,1,1,0,0
SDGR,Medical,Medical Info Systems,20__0,20,0.0,7. p90_trade_value,9630.0,11499.999999999998,O:SDGR250221C00027500,SDGR,C,27.5,2025-02-21,209,0,325,0.7,1737559277774000000,149,10430.0,2025-01-22,3000,30,True,Automatic Execution,Medical,Medical Info Systems,21.52,25.7,21.325,24.34,13,4.018284308426531,20,2,1,0,0,0
SDGR,Medical,Medical Info Systems,20__0,20,0.0,7. p90_trade_value,9630.0,11499.999999999998,O:SDGR250221C00027500,SDGR,C,27.5,2025-02-21,209,0,320,0.95,1737564045561000000,107,10165.0,2025-01-22,3000,30,True,Automatic Execution,Medical,Medical Info Systems,21.52,25.7,21.325,24.34,15,4.007107382974057,20,2,1,0,0,0
SDGR,Medical,Medical Info Systems,20__0,20,0.0,6. p95_trade_value,14880.000000000002,62855.99999999999,O:SDGR250221C00027500,SDGR,C,27.5,2025-02-21,209,0,325,1.0,1737731565226000000,151,15100.0,2025-01-24,3000,30,True,Automatic Execution,Medical,Medical Info Systems,24.82,25.69,23.98,24.67,8,4.17897694729317,20,1,1,0,0,0
SDGR,Medical,Medical Info Systems,20__0,20,0.0,7. p90_trade_value,9630.0,11499.999999999998,O:SDGR250221C00025000,SDGR,C,25.0,2025-02-21,219,0,316,1.2,1737990343235000000,89,10680.0,2025-01-27,3000,30,True,Intermarket Sweep Order,Medical,Medical Info Systems,23.25,24.74,22.84,24.07,12,4.0285712526925375,20,2,1,0,0,0
SDGR,Medical,Medical Info Systems,20__0,20,0.0,6. p95_trade_value,14880.000000000002,62855.99999999999,O:SDGR250221C00025000,SDGR,C,25.0,2025-02-21,209,0,325,1.15,1737990051974000000,186,21389.999999999996,2025-01-27,3000,30,True,Automatic Execution,Medical,Medical Info Systems,23.25,24.74,22.84,24.07,5,4.330210784571528,20,1,1,0,0,0
SDGR,Medical,Medical Info Systems,20__0,20,0.0,6. p95_trade_value,14880.000000000002,62855.99999999999,O:SDGR250221C00025000,SDGR,C,25.0,2025-02-21,209,0,325,1.2,1737990362961000000,149,17880.0,2025-01-27,3000,30,True,Automatic Execution,Medical,Medical Info Systems,23.25,24.74,22.84,24.07,7,4.252367514459899,20,1,1,0,0,0
SDGR,Medical,Medical Info Systems,20__0,20,0.0,7. p90_trade_value,9630.0,11499.999999999998,O:SDGR250221C00025000,SDGR,C,25.0,2025-02-21,209,0,323,1.0,1738002148353000000,100,10000.0,2025-01-27,3000,30,True,Automatic Execution,Medical,Medical Info Systems,23.25,24.74,22.84,24.07,16,4.0,20,2,1,0,0,0
SDGR,Medical,Medical Info Systems,20__0,20,0.0,7. p90_trade_value,9630.0,11499.999999999998,O:SDGR250221C00025000,SDGR,C,25.0,2025-02-21,209,0,323,1.15,1738011214139000000,100,11499.999999999998,2025-01-27,3000,30,True,Automatic Execution,Medical,Medical Info Systems,23.25,24.74,22.84,24.07,10,4.060697840353612,20,2,1,0,0,0
SDGR,Medical,Medical Info Systems,20__0,20,0.0,6. p95_trade_value,14880.000000000002,62855.99999999999,O:SDGR250516C00027500,SDGR,C,27.5,2025-05-16,209,0,325,1.6,1745253740177000000,93,14880.000000000002,2025-04-21,3000,30,True,Automatic Execution,Medical,Medical Info Systems,25.39,26.28,25.375,26.19,9,4.17260293120986,20,1,0,0,0,1
SDGR,Medical,Medical Info Systems,20__0,20,0.0,6. p95_trade_value,14880.000000000002,62855.99999999999,O:SDGR250516P00022500,SDGR,P,22.5,2025-05-16,232,0,312,0.97,1746551506327000000,209,20273.0,2025-05-06,3000,30,True,Multi Leg auto-electronic trade,Medical,Medical Info Systems,25.45,25.54,23.27,23.56,6,4.3069180203772985,20,1,1,0,0,0
SDGR,Medical,Medical Info Systems,20__0,20,0.0,6. p95_trade_value,14880.000000000002,62855.99999999999,O:SDGR250516P00022500,SDGR,P,22.5,2025-05-16,232,0,304,0.97,1746551506122000000,648,62855.99999999999,2025-05-06,3000,30,True,Multi Leg auto-electronic trade,Medical,Medical Info Systems,25.45,25.54,23.27,23.56,3,4.7983467401368385,20,1,1,0,0,0
SDGR,Medical,Medical Info Systems,20__0,20,0.0,1. p999999_trade_value,105300.0,105300.0,O:SDGR250516P00022500,SDGR,P,22.5,2025-05-16,235,0,313,1.3,1746560542706000000,810,105300.0,2025-05-06,3000,30,True,Multi Leg floor trade,Medical,Medical Info Systems,25.45,25.54,23.27,23.56,1,5.0224283711854865,20,1,1,0,0,0
SDGR,Medical,Medical Info Systems,20__0,20,0.0,7. p90_trade_value,9630.0,11499.999999999998,O:SDGR250516C00025000,SDGR,C,25.0,2025-05-16,209,0,323,0.9,1746718610805000000,107,9630.0,2025-05-08,3000,30,True,Automatic Execution,Medical,Medical Info Systems,24.47,24.92,22.6895,23.88,17,3.9836262871245345,20,2,0,0,0,1
SDGR,Medical,Medical Info Systems,20__0,20,0.0,7. p90_trade_value,9630.0,11499.999999999998,O:SDGR250516C00025000,SDGR,C,25.0,2025-05-16,209,0,309,0.3,1746802887067000000,347,10410.0,2025-05-09,3000,30,True,Automatic Execution,Medical,Medical Info Systems,24.07,24.88,23.5,23.91,14,4.017450729510536,20,2,0,0,0,1
SENS,Medical,Medical Info Systems,5__0,5,0.0,1. p999999_trade_value,5150.0,5150.0,O:SENS250221P00001000,SENS,P,1.0,2025-02-21,219,0,301,0.1,1738177895087000000,515,5150.0,2025-01-29,3000,30,True,Intermarket Sweep Order,Medical,Medical Info Systems,1.1,1.12,1.04,1.04,1,3.711807229041191,20,1,1,1,1,0
SHC,Medical,Medical Services,5__3,5,3.0,1. p999999_trade_value,28800.0,28800.0,O:SHC250117P00012500,SHC,P,12.5,2025-01-17,235,0,301,0.3,1736521813891000000,960,28800.0,2025-01-10,3000,30,True,Multi Leg floor trade,Medical,Medical Services,13.26,13.355,12.955,13.11,1,4.459392487759231,20,1,1,0,0,0
SIBN,Medical,Medical - Instruments,5__0,5,0.0,1. p999999_trade_value,6468.000000000001,6468.000000000001,O:SIBN250516C00015000,SIBN,C,15.0,2025-05-16,209,0,316,0.66,1745850737571000000,98,6468.000000000001,2025-04-28,3000,30,True,Automatic Execution,Medical,Medical - Instruments,14.39,14.6,14.33,14.47,1,3.8107700112343634,20,1,1,1,1,0
SMMT,Medical,Medical - Drugs,30__2,30,2.0,1. p999999_trade_value,255000.0,255000.0,O:SMMT250417C00020000,SMMT,C,20.0,2025-04-17,229,0,301,0.85,1743534888378000000,3000,255000.0,2025-04-01,3000,30,True,Single Leg Cross Non ISO,Medical,Medical - Drugs,19.19,19.9,18.61,18.8,1,5.4065401804339555,20,1,1,1,1,0
SNN,Medical,Medical - Products,0__2,0,2.0,1. p999999_trade_value,4200.0,4200.0,O:SNN250117C00025000,SNN,C,25.0,2025-01-17,209,0,320,0.7,1735310298182000000,60,4200.0,2024-12-27,3000,30,True,Automatic Execution,Medical,Medical - Products,24.75,24.83,24.66,24.79,1,3.6232492903979003,20,1,1,1,1,0
SNY,Medical,Large Cap Pharmaceuticals,25__0,25,0.0,1. p999999_trade_value,217245.00000000003,217245.00000000003,O:SNY250417P00057500,SNY,P,57.5,2025-04-17,231,0,313,1.05,1742406523263000000,2069,217245.00000000003,2025-03-19,3000,30,True,Single Leg Floor Trade,Medical,Large Cap Pharmaceuticals,59.13,59.13,58.205,58.6,1,5.336949789735673,20,1,1,1,1,0
SOLV,Medical,Medical Services,20__2,20,2.0,1. p999999_trade_value,350000.0,350000.0,O:SOLV241115P00070000,SOLV,P,70.0,2024-11-15,235,0,323,1.4,1730992691881000000,2500,350000.0,2024-11-07,3000,30,True,Multi Leg floor trade,Medical,Medical Services,74.03,75.42,72.8892,75.07,1,5.544068044350276,20,1,1,1,1,0
SPRO,Medical,Medical - Biomedical and Genetics,10__0,10,0.0,8. p75_trade_value,4470.0,6750.0,O:SPRO250620C00002500,SPRO,C,2.5,2025-06-20,209,0,308,0.3,1748442389215000000,149,4470.0,2025-05-28,3000,30,True,Automatic Execution,Medical,Medical - Biomedical and Genetics,2.06,2.48,1.85,2.35,3,3.6503075231319366,20,3,1,0,0,0
SPRO,Medical,Medical - Biomedical and Genetics,10__0,10,0.0,8. p75_trade_value,4470.0,6750.0,O:SPRO250620C00002500,SPRO,C,2.5,2025-06-20,209,0,308,0.3,1748443552621000000,225,6750.0,2025-05-28,3000,30,True,Automatic Execution,Medical,Medical - Biomedical and Genetics,2.06,2.48,1.85,2.35,2,3.829303772831025,20,2,1,0,0,0
SPRO,Medical,Medical - Biomedical and Genetics,10__0,10,0.0,1. p999999_trade_value,7800.0,7800.0,O:SPRO250620C00002500,SPRO,C,2.5,2025-06-20,209,0,309,0.4,1748442591097000000,195,7800.0,2025-05-28,3000,30,True,Automatic Execution,Medical,Medical - Biomedical and Genetics,2.06,2.48,1.85,2.35,1,3.8920946026904804,20,1,1,0,0,0
SPRY,Medical,Medical - Drugs,15__0,15,0.0,6. p95_trade_value,31744.0,31744.0,O:SPRY241115C00017500,SPRY,C,17.5,2024-11-15,227,0,323,1.24,1729107778894000000,256,31744.0,2024-10-16,3000,30,True,Single Leg Auction Non ISO,Medical,Medical - Drugs,15.26,16.66,15.02,16.52,2,4.501661650474085,20,1,1,0,0,0
SPRY,Medical,Medical - Drugs,15__0,15,0.0,1. p999999_trade_value,42000.0,42000.0,O:SPRY241115C00017500,SPRY,C,17.5,2024-11-15,227,0,308,0.8,1730731660402000000,525,42000.0,2024-11-04,3000,30,True,Single Leg Auction Non ISO,Medical,Medical - Drugs,15.47,16.26,15.12,15.2,1,4.623249290397901,20,1,1,0,0,0
SPRY,Medical,Medical - Drugs,15__0,15,0.0,7. p90_trade_value,25000.0,27500.0,O:SPRY250516P00012500,SPRY,P,12.5,2025-05-16,209,0,316,0.5,1746643582271000000,500,25000.0,2025-05-07,3000,30,True,Automatic Execution,Medical,Medical - Drugs,13.98,14.045,13.1,13.49,4,4.3979400086720375,20,2,1,1,0,0
SPRY,Medical,Medical - Drugs,15__0,15,0.0,7. p90_trade_value,25000.0,27500.0,O:SPRY250516P00012500,SPRY,P,12.5,2025-05-16,209,0,313,0.55,1746641594731000000,500,27500.0,2025-05-07,3000,30,True,Automatic Execution,Medical,Medical - Drugs,13.98,14.045,13.1,13.49,3,4.439332693830263,20,2,1,1,0,0
SRPT,Medical,Medical - Biomedical and Genetics,30__2,30,2.0,1. p999999_trade_value,415000.0,415000.0,O:SRPT241018P00125000,SRPT,P,125.0,2024-10-18,235,0,301,4.15,1726850247097000000,1000,415000.0,2024-09-20,3000,30,True,Multi Leg floor trade,Medical,Medical - Biomedical and Genetics,127.1,129.01,125.05,127.21,1,5.6180480967120925,20,1,1,1,0,0
SRPT,Medical,Medical - Biomedical and Genetics,30__2,30,2.0,4. p999_trade_value,370000.0,370000.0,O:SRPT250117P00120000,SRPT,P,120.0,2025-01-17,229,0,302,3.7,1736531512606000000,1000,370000.0,2025-01-10,3000,30,True,Single Leg Cross Non ISO,Medical,Medical - Biomedical and Genetics,124.75,128.75,123.5,124.79,2,5.568201724066995,20,1,1,1,1,0
STAA,Medical,Medical - Dental Supplies,20__0,20,0.0,1. p999999_trade_value,165000.00000000003,165000.00000000003,O:STAA250516P00017500,STAA,P,17.5,2025-05-16,235,0,313,1.1,1746646803429000000,1500,165000.00000000003,2025-05-07,3000,30,True,Multi Leg floor trade,Medical,Medical - Dental Supplies,18.73,20.07,18.62,19.44,1,5.217483944213907,20,1,1,0,0,0
STIM,Medical,Medical - Instruments,5__0,5,0.0,8. p75_trade_value,4600.0,4600.0,O:STIM250321C00005000,STIM,C,5.0,2025-03-21,209,0,316,0.4,1740152248997000000,115,4600.0,2025-02-21,3000,30,True,Automatic Execution,Medical,Medical - Instruments,4.82,4.862,4.1,4.13,2,3.662757831681574,20,2,1,0,0,0
STIM,Medical,Medical - Instruments,5__0,5,0.0,1. p999999_trade_value,7000.0,7000.0,O:STIM250321C00005000,STIM,C,5.0,2025-03-21,209,0,308,0.5,1740581186935000000,140,7000.0,2025-02-26,3000,30,True,Automatic Execution,Medical,Medical - Instruments,4.41,4.98,4.41,4.63,1,3.845098040014257,20,1,1,0,0,0
STOK,Medical,Medical - Biomedical and Genetics,5__0,5,0.0,1. p999999_trade_value,12000.0,12000.0,O:STOK250221C00012500,STOK,C,12.5,2025-02-21,209,0,320,0.6,1738340132575000000,200,12000.0,2025-01-31,3000,30,True,Automatic Execution,Medical,Medical - Biomedical and Genetics,11.07,11.73,10.915,11.48,1,4.079181246047625,20,1,1,0,0,0
STVN,Medical,Medical - Drugs,5__3,5,3.0,1. p999999_trade_value,19460.0,19460.0,O:STVN241115P00017500,STVN,P,17.5,2024-11-15,209,0,301,0.7,1729189961407000000,278,19460.0,2024-10-17,3000,30,True,Automatic Execution,Medical,Medical - Drugs,18.23,18.7915,17.9,18.21,1,4.289142835932333,20,1,1,0,0,0
SUPN,Medical,Medical - Generic Drugs,5__0,5,0.0,1. p999999_trade_value,10500.0,10500.0,O:SUPN250221C00040000,SUPN,C,40.0,2025-02-21,209,0,308,2.5,1738269960224000000,42,10500.0,2025-01-30,3000,30,True,Automatic Execution,Medical,Medical - Generic Drugs,39.4,39.88,38.59,38.69,1,4.021189299069938,20,1,1,0,0,0
TALK,Medical,Medical Info Systems,10__0,10,0.0,1. p999999_trade_value,6000.0,6000.0,O:TALK241115C00003000,TALK,C,3.0,2024-11-15,227,0,301,0.2,1729105981870000000,300,6000.0,2024-10-16,3000,30,True,Single Leg Auction Non ISO,Medical,Medical Info Systems,2.7,2.86,2.625,2.83,1,3.7781512503836434,20,1,1,1,1,0
TALK,Medical,Medical Info Systems,10__0,10,0.0,8. p75_trade_value,4750.0,4750.0,O:TALK241115C00003000,TALK,C,3.0,2024-11-15,219,0,301,0.25,1729171821784000000,190,4750.0,2024-10-17,3000,30,True,Intermarket Sweep Order,Medical,Medical Info Systems,2.81,2.8489,2.74,2.74,3,3.6766936096248664,20,3,1,1,1,0
TALK,Medical,Medical Info Systems,10__0,10,0.0,7. p90_trade_value,5000.0,5000.0,O:TALK241115C00003000,TALK,C,3.0,2024-11-15,209,0,301,0.25,1729619947288000000,200,5000.0,2024-10-22,3000,30,True,Automatic Execution,Medical,Medical Info Systems,2.8,2.95,2.76,2.86,2,3.6989700043360187,20,2,1,1,1,0
TARS,Medical,Medical - Biomedical and Genetics,20__2,20,2.0,8. p75_trade_value,8880.000000000002,19500.0,O:TARS241115C00045000,TARS,C,45.0,2024-11-15,227,0,323,1.2,1730124520696000000,100,12000.0,2024-10-28,3000,30,True,Single Leg Auction Non ISO,Medical,Medical - Biomedical and Genetics,41.01,41.35,38.97,39.67,12,4.079181246047625,20,3,1,1,0,0
TARS,Medical,Medical - Biomedical and Genetics,20__2,20,2.0,6. p95_trade_value,75000.0,216000.0,O:TARS241115C00050000,TARS,C,50.0,2024-11-15,239,0,302,5.4,1731083255324000000,400,216000.0,2024-11-08,3000,30,True,Multi Leg floor trade against single leg(s),Medical,Medical - Biomedical and Genetics,47.15,49.9,46.71,49.42,2,5.334453751150931,20,1,1,0,0,0
TARS,Medical,Medical - Biomedical and Genetics,20__2,20,2.0,8. p75_trade_value,8880.000000000002,19500.0,O:TARS241115C00055000,TARS,C,55.0,2024-11-15,227,0,323,4.04,1731096960960000000,40,16160.0,2024-11-08,3000,30,True,Single Leg Auction Non ISO,Medical,Medical - Biomedical and Genetics,47.15,49.9,46.71,49.42,9,4.208441356438567,20,3,0,0,0,1
TARS,Medical,Medical - Biomedical and Genetics,20__2,20,2.0,8. p75_trade_value,8880.000000000002,19500.0,O:TARS241115P00045000,TARS,P,45.0,2024-11-15,209,0,316,3.7,1731096240158000000,24,8880.000000000002,2024-11-08,3000,30,True,Automatic Execution,Medical,Medical - Biomedical and Genetics,47.15,49.9,46.71,49.42,15,3.948412965778601,20,4,1,1,1,0
TARS,Medical,Medical - Biomedical and Genetics,20__2,20,2.0,8. p75_trade_value,8880.000000000002,19500.0,O:TARS241115P00045000,TARS,P,45.0,2024-11-15,209,0,316,3.7,1731096240161000000,24,8880.000000000002,2024-11-08,3000,30,True,Automatic Execution,Medical,Medical - Biomedical and Genetics,47.15,49.9,46.71,49.42,16,3.948412965778601,20,4,1,1,1,0
TARS,Medical,Medical - Biomedical and Genetics,20__2,20,2.0,7. p90_trade_value,23625.0,36000.0,O:TARS241115P00045000,TARS,P,45.0,2024-11-15,209,0,316,4.5,1731444653306000000,80,36000.0,2024-11-12,3000,30,True,Automatic Execution,Medical,Medical - Biomedical and Genetics,48.65,49.6234,47.03,47.57,5,4.556302500767287,20,2,1,1,1,0
TARS,Medical,Medical - Biomedical and Genetics,20__2,20,2.0,6. p95_trade_value,75000.0,216000.0,O:TARS241115C00050000,TARS,C,50.0,2024-11-15,229,0,301,2.5,1731530743916000000,300,75000.0,2024-11-13,3000,30,True,Single Leg Cross Non ISO,Medical,Medical - Biomedical and Genetics,47.6,48.84,46.215,46.505,4,4.8750612633917,20,1,1,0,0,0
TARS,Medical,Medical - Biomedical and Genetics,20__2,20,2.0,6. p95_trade_value,75000.0,216000.0,O:TARS241115C00050000,TARS,C,50.0,2024-11-15,235,0,301,3.5,1731527977145000000,500,175000.0,2024-11-13,3000,30,True,Multi Leg floor trade,Medical,Medical - Biomedical and Genetics,47.6,48.84,46.215,46.505,3,5.243038048686294,20,1,1,0,0,0
TARS,Medical,Medical - Biomedical and Genetics,20__2,20,2.0,7. p90_trade_value,23625.0,36000.0,O:TARS241115P00045000,TARS,P,45.0,2024-11-15,209,0,316,5.25,1731511117196000000,45,23625.0,2024-11-13,3000,30,True,Automatic Execution,Medical,Medical - Biomedical and Genetics,47.6,48.84,46.215,46.505,7,4.373371817181301,20,2,1,1,1,0
TARS,Medical,Medical - Biomedical and Genetics,20__2,20,2.0,7. p90_trade_value,23625.0,36000.0,O:TARS241115P00045000,TARS,P,45.0,2024-11-15,209,0,316,4.5,1731517157300000000,60,27000.0,2024-11-13,3000,30,True,Automatic Execution,Medical,Medical - Biomedical and Genetics,47.6,48.84,46.215,46.505,6,4.431363764158987,20,2,1,1,1,0
TARS,Medical,Medical - Biomedical and Genetics,20__2,20,2.0,1. p999999_trade_value,225000.0,225000.0,O:TARS241115P00045000,TARS,P,45.0,2024-11-15,235,0,301,4.5,1731527977144000000,500,225000.0,2024-11-13,3000,30,True,Multi Leg floor trade,Medical,Medical - Biomedical and Genetics,47.6,48.84,46.215,46.505,1,5.352182518111363,20,1,1,1,1,0
TARS,Medical,Medical - Biomedical and Genetics,20__2,20,2.0,8. p75_trade_value,8880.000000000002,19500.0,O:TARS250117C00055000,TARS,C,55.0,2025-01-17,232,0,308,4.0,1734727921471000000,30,12000.0,2024-12-20,3000,30,True,Multi Leg auto-electronic trade,Medical,Medical - Biomedical and Genetics,50.52,53.62,50.2,52.91,13,4.079181246047625,20,4,1,0,0,0
TARS,Medical,Medical - Biomedical and Genetics,20__2,20,2.0,8. p75_trade_value,8880.000000000002,19500.0,O:TARS250117C00055000,TARS,C,55.0,2025-01-17,209,0,325,4.35,1735053606643000000,30,13050.0,2024-12-24,3000,30,True,Automatic Execution,Medical,Medical - Biomedical and Genetics,54.88,54.88,53.66,54.04,11,4.1156105116743,20,3,1,0,0,0
TARS,Medical,Medical - Biomedical and Genetics,20__2,20,2.0,8. p75_trade_value,8880.000000000002,19500.0,O:TARS250321C00050000,TARS,C,50.0,2025-03-21,227,0,323,3.86,1740063900504000000,35,13510.0,2025-02-20,3000,30,True,Single Leg Auction Non ISO,Medical,Medical - Biomedical and Genetics,49.38,49.63,48.5,48.72,10,4.130655349022031,20,3,1,1,0,0
TARS,Medical,Medical - Biomedical and Genetics,20__2,20,2.0,8. p75_trade_value,8880.000000000002,19500.0,O:TARS250321C00050000,TARS,C,50.0,2025-03-21,209,0,308,1.5,1740424759036000000,130,19500.0,2025-02-24,3000,30,True,Automatic Execution,Medical,Medical - Biomedical and Genetics,48.2,48.2,45.49,45.54,8,4.290034611362518,20,2,1,1,0,0
TARS,Medical,Medical - Biomedical and Genetics,20__2,20,2.0,8. p75_trade_value,8880.000000000002,19500.0,O:TARS250321C00045000,TARS,C,45.0,2025-03-21,227,0,323,1.4,1741187140723000000,75,10500.0,2025-03-05,3000,30,True,Single Leg Auction Non ISO,Medical,Medical - Biomedical and Genetics,44.19,44.825,43.285,44.54,14,4.021189299069938,20,4,1,1,1,0
TECH,Medical,Medical - Biomedical and Genetics,15__0,15,0.0,1. p999999_trade_value,35250.0,35250.0,O:TECH241018P00075000,TECH,P,75.0,2024-10-18,235,0,301,2.35,1726671278270000000,150,35250.0,2024-09-18,3000,30,True,Multi Leg floor trade,Medical,Medical - Biomedical and Genetics,75.56,77.84,75.06,76.51,1,4.547159121327417,20,1,1,1,1,0
TECH,Medical,Medical - Biomedical and Genetics,15__0,15,0.0,7. p90_trade_value,11760.0,11760.0,O:TECH241018C00080000,TECH,C,80.0,2024-10-18,209,0,313,2.4,1726860870245000000,49,11760.0,2024-09-20,3000,30,True,Automatic Execution,Medical,Medical - Biomedical and Genetics,79.73,79.99,77.38,78.3,3,4.070407321740119,20,2,1,0,0,0
TECH,Medical,Medical - Biomedical and Genetics,15__0,15,0.0,6. p95_trade_value,18000.0,18000.0,O:TECH241115C00075000,TECH,C,75.0,2024-11-15,209,0,313,1.8,1729539007384000000,100,18000.0,2024-10-21,3000,30,True,Automatic Execution,Medical,Medical - Biomedical and Genetics,70.78,70.9245,69.8,70.36,2,4.2552725051033065,20,1,1,0,0,0
TEM,Medical,Medical Info Systems,40__0,40,0.0,3. p9999_trade_value,570000.0,570000.0,O:TEM250417P00045000,TEM,P,45.0,2025-04-17,209,0,308,2.85,1743516014167000000,2000,570000.0,2025-04-01,3000,30,True,Automatic Execution,Medical,Medical Info Systems,48.27,49.1299,45.46,47.22,2,5.7558748556724915,20,1,1,1,1,0
TEM,Medical,Medical Info Systems,40__0,40,0.0,1. p999999_trade_value,659670.0,659670.0,O:TEM250516C00055000,TEM,C,55.0,2025-05-16,209,0,300,3.3,1746539033215000000,1999,659670.0,2025-05-06,3000,30,True,Automatic Execution,Medical,Medical Info Systems,51.55,53.63,50.8001,52.19,1,5.819326733996005,20,1,1,1,1,0
TERN,Medical,Medical - Biomedical and Genetics,20__0,20,0.0,1. p999999_trade_value,30000.0,30000.0,O:TERN240920C00010000,TERN,C,10.0,2024-09-20,234,0,301,1.0,1725458682766000000,300,30000.0,2024-09-04,3000,30,True,Multi Leg Cross,Medical,Medical - Biomedical and Genetics,7.18,7.4,6.98,7.33,1,4.477121254719663,20,1,1,1,1,0
TEVA,Medical,Medical - Generic Drugs,30__0,30,0.0,1. p999999_trade_value,1777556.0000000002,1777556.0000000002,O:TEVA250509P00012000,TEVA,P,12.0,2025-05-09,235,0,313,0.44,1744660472013000000,40399,1777556.0000000002,2025-04-14,3000,30,True,Multi Leg floor trade,Medical,Medical - Generic Drugs,13.69,13.83,13.27,13.6,1,6.249823291600334,20,1,0,0,0,1
TEVA,Medical,Medical - Generic Drugs,30__0,30,0.0,4. p999_trade_value,1680000.0,1680000.0,O:TEVA250606C00017500,TEVA,C,17.5,2025-06-06,241,0,323,0.24,1747847023262000000,70000,1680000.0,2025-05-21,3000,30,True,Stock Options Cross,Medical,Medical - Generic Drugs,16.68,16.88,16.39,16.55,2,6.225309281725863,20,1,1,1,1,0
TGTX,Medical,Medical - Biomedical and Genetics,30__2,30,2.0,1. p999999_trade_value,205000.0,205000.0,O:TGTX250307C00030000,TGTX,C,30.0,2025-03-07,234,0,301,2.05,1740684824371000000,1000,205000.0,2025-02-27,3000,30,True,Multi Leg Cross,Medical,Medical - Biomedical and Genetics,29.25,29.77,28.41,28.53,1,5.311753861055754,20,1,1,1,1,0
THTX,Medical,Medical - Biomedical and Genetics,5__0,5,0.0,1. p999999_trade_value,5700.0,5700.0,O:THTX250620P00002500,THTX,P,2.5,2025-06-20,209,0,322,0.2,1747851599731000000,285,5700.0,2025-05-21,3000,30,True,Automatic Execution,Medical,Medical - Biomedical and Genetics,2.61,2.63,2.535,2.55,1,3.7558748556724915,20,1,1,0,0,0
TLRY,Medical,Medical - Products,25__0,25,0.0,5. p99_trade_value,21965.0,22500.0,O:TLRY250117C00001500,TLRY,C,1.5,2025-01-17,209,0,313,0.23,1735223664917000000,955,21965.0,2024-12-26,3000,30,True,Automatic Execution,Medical,Medical - Products,1.44,1.49,1.38,1.48,3,4.341731207601339,20,1,1,0,0,0
TLRY,Medical,Medical - Products,25__0,25,0.0,1. p999999_trade_value,25599.0,25599.0,O:TLRY250117C00001500,TLRY,C,1.5,2025-01-17,209,0,319,0.23,1735234475568000000,1113,25599.0,2024-12-26,3000,30,True,Automatic Execution,Medical,Medical - Products,1.44,1.49,1.38,1.48,1,4.408223000352301,20,1,1,0,0,0
TLRY,Medical,Medical - Products,25__0,25,0.0,5. p99_trade_value,21965.0,22500.0,O:TLRY250117C00001500,TLRY,C,1.5,2025-01-17,227,0,304,0.15,1735572280342000000,1500,22500.0,2024-12-30,3000,30,True,Single Leg Auction Non ISO,Medical,Medical - Products,1.41,1.42,1.33,1.36,2,4.352182518111363,20,1,1,0,0,0
TMDX,Medical,Medical - Instruments,35__0,35,0.0,4. p999_trade_value,720000.0,780000.0,O:TMDX241115P00120000,TMDX,P,120.0,2024-11-15,235,0,323,9.6,1730127539983000000,750,720000.0,2024-10-28,3000,30,True,Multi Leg floor trade,Medical,Medical - Instruments,129.21,134.21,126.12,126.24,3,5.857332496431268,20,1,1,1,1,0
TMDX,Medical,Medical - Instruments,35__0,35,0.0,4. p999_trade_value,720000.0,780000.0,O:TMDX241115P00120000,TMDX,P,120.0,2024-11-15,235,0,323,10.4,1730129513360000000,750,780000.0,2024-10-28,3000,30,True,Multi Leg floor trade,Medical,Medical - Instruments,129.21,134.21,126.12,126.24,2,5.892094602690481,20,1,1,1,1,0
TMDX,Medical,Medical - Instruments,35__0,35,0.0,1. p999999_trade_value,840000.0,840000.0,O:TMDX241115P00085000,TMDX,P,85.0,2024-11-15,235,0,301,4.2,1730210988340000000,2000,840000.0,2024-10-29,3000,30,True,Multi Leg floor trade,Medical,Medical - Instruments,91.15,96.43,85.5,88.5,1,5.924279286061882,20,1,1,1,1,0
TRDA,Medical,Medical - Biomedical and Genetics,10__0,10,0.0,1. p999999_trade_value,6116.0,6116.0,O:TRDA241018C00015000,TRDA,C,15.0,2024-10-18,227,0,323,2.78,1727108090705000000,22,6116.0,2024-09-23,3000,30,True,Single Leg Auction Non ISO,Medical,Medical - Biomedical and Genetics,14.84,14.9,14.4791,14.57,1,3.7864674767402824,20,1,1,1,1,0
TRDA,Medical,Medical - Biomedical and Genetics,10__0,10,0.0,8. p75_trade_value,4860.0,4860.0,O:TRDA241115C00017500,TRDA,C,17.5,2024-11-15,209,0,316,2.43,1729531382495000000,20,4860.0,2024-10-21,3000,30,True,Automatic Execution,Medical,Medical - Biomedical and Genetics,17.35,17.49,16.8,17.32,2,3.6866362692622934,20,2,1,1,1,0
TRML,Medical,Medical - Drugs,0__2,0,2.0,1. p999999_trade_value,7560.000000000001,7560.000000000001,O:TRML241220C00025000,TRML,C,25.0,2024-12-20,209,0,308,2.1,1732202208966000000,36,7560.000000000001,2024-11-21,3000,30,True,Automatic Execution,Medical,Medical - Drugs,23.86,24.365,22.57,22.72,1,3.878521795501207,20,1,1,0,0,0
TSHA,Medical,Medical - Generic Drugs,0__2,0,2.0,1. p999999_trade_value,5700.0,5700.0,O:TSHA241220C00002500,TSHA,C,2.5,2024-12-20,240,0,308,0.38,1733428957239000000,150,5700.0,2024-12-05,3000,30,True,Stock Options auto-electronic trade,Medical,Medical - Generic Drugs,2.35,2.43,2.2,2.38,1,3.7558748556724915,20,1,1,0,0,0
TWST,Medical,Medical - Biomedical and Genetics,15__0,15,0.0,1. p999999_trade_value,375000.0,375000.0,O:TWST250516P00037500,TWST,P,37.5,2025-05-16,235,0,313,2.5,1746213975407000000,1500,375000.0,2025-05-02,3000,30,True,Multi Leg floor trade,Medical,Medical - Biomedical and Genetics,38.45,40.45,38.45,39.24,1,5.574031267727719,20,1,1,1,1,0
TYRA,Medical,Medical - Biomedical and Genetics,10__3,10,3.0,1. p999999_trade_value,295000.0,295000.0,O:TYRA241115P00025000,TYRA,P,25.0,2024-11-15,234,0,302,2.95,1729538215314000000,1000,295000.0,2024-10-21,3000,30,True,Multi Leg Cross,Medical,Medical - Biomedical and Genetics,27.1,28.81,26.785,28.37,1,5.469822015978163,20,1,1,1,1,0
URGN,Medical,Medical - Biomedical and Genetics,25__0,25,0.0,1. p999999_trade_value,165000.00000000003,165000.00000000003,O:URGN250620C00007500,URGN,C,7.5,2025-06-20,241,0,323,0.55,1747848329224000000,3000,165000.00000000003,2025-05-21,3000,30,True,Stock Options Cross,Medical,Medical - Biomedical and Genetics,3.69,4.18,3.42,4.17,1,5.217483944213907,20,1,1,0,0,0
URGN,Medical,Medical - Biomedical and Genetics,25__0,25,0.0,6. p95_trade_value,15650.0,26789.999999999996,O:URGN250620C00005000,URGN,C,5.0,2025-06-20,227,0,301,1.03,1747942293315000000,250,25750.0,2025-05-22,3000,30,True,Single Leg Auction Non ISO,Medical,Medical - Biomedical and Genetics,4.13,4.14,3.86,4.08,8,4.4107772333772095,20,1,1,0,0,0
URGN,Medical,Medical - Biomedical and Genetics,25__0,25,0.0,6. p95_trade_value,15650.0,26789.999999999996,O:URGN250620C00005000,URGN,C,5.0,2025-06-20,209,0,325,1.15,1747943633388000000,214,24610.0,2025-05-22,3000,30,True,Automatic Execution,Medical,Medical - Biomedical and Genetics,4.13,4.14,3.86,4.08,9,4.391111613702803,20,1,1,0,0,0
URGN,Medical,Medical - Biomedical and Genetics,25__0,25,0.0,6. p95_trade_value,15650.0,26789.999999999996,O:URGN250620C00005000,URGN,C,5.0,2025-06-20,227,0,323,1.14,1747943608021000000,235,26789.999999999996,2025-05-22,3000,30,True,Single Leg Auction Non ISO,Medical,Medical - Biomedical and Genetics,4.13,4.14,3.86,4.08,6,4.4279727136082085,20,1,1,0,0,0
URGN,Medical,Medical - Biomedical and Genetics,25__0,25,0.0,5. p99_trade_value,30060.000000000004,51150.00000000001,O:URGN250620C00005000,URGN,C,5.0,2025-06-20,209,0,308,1.1,1747943023191000000,465,51150.00000000001,2025-05-22,3000,30,True,Automatic Execution,Medical,Medical - Biomedical and Genetics,4.13,4.14,3.86,4.08,2,4.708845638048179,20,1,1,0,0,0
URGN,Medical,Medical - Biomedical and Genetics,25__0,25,0.0,5. p99_trade_value,30060.000000000004,51150.00000000001,O:URGN250620C00005000,URGN,C,5.0,2025-06-20,227,0,302,0.9,1747923913410000000,334,30060.000000000004,2025-05-22,3000,30,True,Single Leg Auction Non ISO,Medical,Medical - Biomedical and Genetics,4.13,4.14,3.86,4.08,5,4.47798897625089,20,1,1,0,0,0
URGN,Medical,Medical - Biomedical and Genetics,25__0,25,0.0,6. p95_trade_value,15650.0,26789.999999999996,O:URGN250620C00005000,URGN,C,5.0,2025-06-20,227,0,323,1.35,1748029404206000000,120,16200.0,2025-05-23,3000,30,True,Single Leg Auction Non ISO,Medical,Medical - Biomedical and Genetics,3.92,4.23,3.71,4.19,20,4.209515014542631,20,1,1,0,0,0
URGN,Medical,Medical - Biomedical and Genetics,25__0,25,0.0,6. p95_trade_value,15650.0,26789.999999999996,O:URGN250620C00007500,URGN,C,7.5,2025-06-20,209,0,308,0.75,1748008498737000000,345,25875.0,2025-05-23,3000,30,True,Automatic Execution,Medical,Medical - Biomedical and Genetics,3.92,4.23,3.71,4.19,7,4.4128803584649745,20,1,1,0,0,0
URGN,Medical,Medical - Biomedical and Genetics,25__0,25,0.0,6. p95_trade_value,15650.0,26789.999999999996,O:URGN250620C00010000,URGN,C,10.0,2025-06-20,209,0,316,0.5,1748443293588000000,402,20100.0,2025-05-28,3000,30,True,Automatic Execution,Medical,Medical - Biomedical and Genetics,3.93,4.06,3.9,4.05,14,4.303196057420489,20,1,1,0,0,0
URGN,Medical,Medical - Biomedical and Genetics,25__0,25,0.0,6. p95_trade_value,15650.0,26789.999999999996,O:URGN250620C00006000,URGN,C,6.0,2025-06-20,209,0,308,1.05,1748527568894000000,154,16170.000000000002,2025-05-29,3000,30,True,Automatic Execution,Medical,Medical - Biomedical and Genetics,4.05,4.11,3.8512,3.97,21,4.208710019906401,20,1,1,0,0,0
URGN,Medical,Medical - Biomedical and Genetics,25__0,25,0.0,6. p95_trade_value,15650.0,26789.999999999996,O:URGN250620C00012500,URGN,C,12.5,2025-06-20,231,0,313,0.35,1748543637957000000,700,24499.999999999996,2025-05-29,3000,30,True,Single Leg Floor Trade,Medical,Medical - Biomedical and Genetics,4.05,4.11,3.8512,3.97,10,4.389166084364533,20,1,1,0,0,0
URGN,Medical,Medical - Biomedical and Genetics,25__0,25,0.0,5. p99_trade_value,30060.000000000004,51150.00000000001,O:URGN250620C00007500,URGN,C,7.5,2025-06-20,209,0,308,1.25,1748976586906000000,249,31125.0,2025-06-03,3000,30,True,Automatic Execution,Medical,Medical - Biomedical and Genetics,4.81,5.23,4.71,5.0,4,4.493109360103793,20,1,1,0,0,0
URGN,Medical,Medical - Biomedical and Genetics,25__0,25,0.0,6. p95_trade_value,15650.0,26789.999999999996,O:URGN250620C00010000,URGN,C,10.0,2025-06-20,227,0,301,0.69,1749148761941000000,349,24080.999999999996,2025-06-05,3000,30,True,Single Leg Auction Non ISO,Medical,Medical - Biomedical and Genetics,4.97,5.15,4.8,5.14,11,4.381674517696435,20,1,1,0,0,0
URGN,Medical,Medical - Biomedical and Genetics,25__0,25,0.0,6. p95_trade_value,15650.0,26789.999999999996,O:URGN250620C00010000,URGN,C,10.0,2025-06-20,227,0,301,0.69,1749148761941000000,349,24080.999999999996,2025-06-05,3000,30,True,Single Leg Auction Non ISO,Medical,Medical - Biomedical and Genetics,4.97,5.15,4.8,5.14,12,4.381674517696435,20,1,1,0,0,0
URGN,Medical,Medical - Biomedical and Genetics,25__0,25,0.0,6. p95_trade_value,15650.0,26789.999999999996,O:URGN250620C00010000,URGN,C,10.0,2025-06-20,209,0,309,1.4,1749236894998000000,136,19039.999999999996,2025-06-06,3000,30,True,Automatic Execution,Medical,Medical - Biomedical and Genetics,5.33,8.25,5.23,7.37,16,4.279666944048455,20,1,1,0,0,0
URGN,Medical,Medical - Biomedical and Genetics,25__0,25,0.0,6. p95_trade_value,15650.0,26789.999999999996,O:URGN250620C00010000,URGN,C,10.0,2025-06-20,209,0,309,1.4,1749236894998000000,112,15679.999999999998,2025-06-06,3000,30,True,Automatic Execution,Medical,Medical - Biomedical and Genetics,5.33,8.25,5.23,7.37,22,4.195346058348419,20,1,1,0,0,0
URGN,Medical,Medical - Biomedical and Genetics,25__0,25,0.0,6. p95_trade_value,15650.0,26789.999999999996,O:URGN250620C00012500,URGN,C,12.5,2025-06-20,209,0,300,0.9,1749237571185000000,200,18000.0,2025-06-06,3000,30,True,Automatic Execution,Medical,Medical - Biomedical and Genetics,5.33,8.25,5.23,7.37,18,4.2552725051033065,20,1,1,0,0,0
URGN,Medical,Medical - Biomedical and Genetics,25__0,25,0.0,6. p95_trade_value,15650.0,26789.999999999996,O:URGN250620P00004000,URGN,P,4.0,2025-06-20,209,0,323,0.5,1749237932832000000,313,15650.0,2025-06-06,3000,30,True,Automatic Execution,Medical,Medical - Biomedical and Genetics,5.33,8.25,5.23,7.37,23,4.194514341882467,20,1,0,0,0,1
URGN,Medical,Medical - Biomedical and Genetics,25__0,25,0.0,6. p95_trade_value,15650.0,26789.999999999996,O:URGN250620P00005000,URGN,P,5.0,2025-06-20,209,0,308,1.1,1749234023205000000,150,16500.0,2025-06-06,3000,30,True,Automatic Execution,Medical,Medical - Biomedical and Genetics,5.33,8.25,5.23,7.37,19,4.217483944213907,20,1,0,0,0,1
URGN,Medical,Medical - Biomedical and Genetics,25__0,25,0.0,5. p99_trade_value,30060.000000000004,51150.00000000001,O:URGN250620P00005000,URGN,P,5.0,2025-06-20,209,0,316,0.95,1749239412839000000,364,34580.0,2025-06-06,3000,30,True,Automatic Execution,Medical,Medical - Biomedical and Genetics,5.33,8.25,5.23,7.37,3,4.538824988937904,20,1,0,0,0,1
URGN,Medical,Medical - Biomedical and Genetics,25__0,25,0.0,6. p95_trade_value,15650.0,26789.999999999996,O:URGN250620P00005000,URGN,P,5.0,2025-06-20,227,0,301,0.9,1749564598059000000,201,18090.0,2025-06-10,3000,30,True,Single Leg Auction Non ISO,Medical,Medical - Biomedical and Genetics,7.11,7.46,6.73,7.05,17,4.257438566859814,20,1,0,0,0,1
URGN,Medical,Medical - Biomedical and Genetics,25__0,25,0.0,6. p95_trade_value,15650.0,26789.999999999996,O:URGN250620C00009000,URGN,C,9.0,2025-06-20,209,0,316,1.7,1749671357149000000,123,20910.0,2025-06-11,3000,30,True,Automatic Execution,Medical,Medical - Biomedical and Genetics,7.12,7.57,7.0125,7.3,13,4.320354032817672,20,1,1,0,0,0
URGN,Medical,Medical - Biomedical and Genetics,25__0,25,0.0,6. p95_trade_value,15650.0,26789.999999999996,O:URGN250620C00009000,URGN,C,9.0,2025-06-20,209,0,323,1.65,1749670812862000000,119,19635.0,2025-06-11,3000,30,True,Automatic Execution,Medical,Medical - Biomedical and Genetics,7.12,7.57,7.0125,7.3,15,4.293030905606437,20,1,1,0,0,0
UTHR,Medical,Medical - Drugs,20__2,20,2.0,1. p999999_trade_value,220000.0,220000.0,O:UTHR250321P00340000,UTHR,P,340.0,2025-03-21,242,0,313,8.8,1740507494213000000,250,220000.0,2025-02-25,3000,30,True,Stock Options floor trade,Medical,Medical - Drugs,362.42,364.98,351.08,357.5,1,5.342422680822207,20,1,1,1,1,0
VCEL,Medical,Medical - Biomedical and Genetics,15__0,15,0.0,8. p75_trade_value,17755.0,37500.0,O:VCEL241115C00050000,VCEL,C,50.0,2024-11-15,209,0,323,2.5,1730915702921000000,72,18000.0,2024-11-06,3000,30,True,Automatic Execution,Medical,Medical - Biomedical and Genetics,47.35,48.77,46.2,48.04,9,4.2552725051033065,20,5,1,1,1,0
VCEL,Medical,Medical - Biomedical and Genetics,15__0,15,0.0,8. p75_trade_value,17755.0,37500.0,O:VCEL241115C00050000,VCEL,C,50.0,2024-11-15,209,0,323,2.65,1730915704483000000,67,17755.0,2024-11-06,3000,30,True,Automatic Execution,Medical,Medical - Biomedical and Genetics,47.35,48.77,46.2,48.04,10,4.249320676637634,20,5,1,1,1,0
VCEL,Medical,Medical - Biomedical and Genetics,15__0,15,0.0,8. p75_trade_value,17755.0,37500.0,O:VCEL250117P00050000,VCEL,P,50.0,2025-01-17,235,0,301,1.5,1734726505487000000,250,37500.0,2024-12-20,3000,30,True,Multi Leg floor trade,Medical,Medical - Biomedical and Genetics,54.4,57.22,54.32,56.5,5,4.574031267727719,20,3,0,0,0,1
VCEL,Medical,Medical - Biomedical and Genetics,15__0,15,0.0,7. p90_trade_value,43000.0,50000.0,O:VCEL250117P00055000,VCEL,P,55.0,2025-01-17,235,0,301,2.0,1734970194186000000,250,50000.0,2024-12-23,3000,30,True,Multi Leg floor trade,Medical,Medical - Biomedical and Genetics,56.46,57.66,55.65,57.04,3,4.698970004336019,20,2,1,0,0,0
VCEL,Medical,Medical - Biomedical and Genetics,15__0,15,0.0,8. p75_trade_value,17755.0,37500.0,O:VCEL250117C00060000,VCEL,C,60.0,2025-01-17,234,0,302,1.72,1736192909502000000,150,25800.0,2025-01-06,3000,30,True,Multi Leg Cross,Medical,Medical - Biomedical and Genetics,57.39,58.76,57.03,57.61,8,4.41161970596323,20,4,1,0,0,0
VCEL,Medical,Medical - Biomedical and Genetics,15__0,15,0.0,8. p75_trade_value,17755.0,37500.0,O:VCEL250117C00060000,VCEL,C,60.0,2025-01-17,229,0,302,1.75,1736195951277000000,150,26250.0,2025-01-06,3000,30,True,Single Leg Cross Non ISO,Medical,Medical - Biomedical and Genetics,57.39,58.76,57.03,57.61,7,4.419129307741976,20,4,1,0,0,0
VCEL,Medical,Medical - Biomedical and Genetics,15__0,15,0.0,7. p90_trade_value,43000.0,50000.0,O:VCEL250117C00060000,VCEL,C,60.0,2025-01-17,229,0,302,2.15,1736179334334000000,200,43000.0,2025-01-06,3000,30,True,Single Leg Cross Non ISO,Medical,Medical - Biomedical and Genetics,57.39,58.76,57.03,57.61,4,4.633468455579586,20,2,1,0,0,0
VCEL,Medical,Medical - Biomedical and Genetics,15__0,15,0.0,8. p75_trade_value,17755.0,37500.0,O:VCEL250117P00055000,VCEL,P,55.0,2025-01-17,234,0,302,2.02,1736192909502000000,150,30300.0,2025-01-06,3000,30,True,Multi Leg Cross,Medical,Medical - Biomedical and Genetics,57.39,58.76,57.03,57.61,6,4.481442628502305,20,3,1,0,0,0
VCEL,Medical,Medical - Biomedical and Genetics,15__0,15,0.0,6. p95_trade_value,52360.0,52360.0,O:VCEL250117P00055000,VCEL,P,55.0,2025-01-17,229,0,302,2.2,1736195946644000000,238,52360.0,2025-01-06,3000,30,True,Single Leg Cross Non ISO,Medical,Medical - Biomedical and Genetics,57.39,58.76,57.03,57.61,2,4.718999637878718,20,1,1,0,0,0
VCEL,Medical,Medical - Biomedical and Genetics,15__0,15,0.0,1. p999999_trade_value,56000.0,56000.0,O:VCEL250117P00055000,VCEL,P,55.0,2025-01-17,229,0,302,2.0,1736179345868000000,280,56000.0,2025-01-06,3000,30,True,Single Leg Cross Non ISO,Medical,Medical - Biomedical and Genetics,57.39,58.76,57.03,57.61,1,4.748188027006201,20,1,1,0,0,0
VERV,Medical,Medical - Drugs,10__0,10,0.0,1. p999999_trade_value,13100.0,13100.0,O:VERV250417C00005000,VERV,C,5.0,2025-04-17,209,0,323,0.2,1744637422077000000,655,13100.0,2025-04-14,3000,30,True,Automatic Execution,Medical,Medical - Drugs,4.085,4.3,3.55,4.12,1,4.117271295655764,20,1,1,0,0,0
VIR,Medical,Medical - Biomedical and Genetics,15__0,15,0.0,1. p999999_trade_value,50000.0,50000.0,O:VIR241220P00007500,VIR,P,7.5,2024-12-20,231,0,323,0.2,1733499054318000000,2500,50000.0,2024-12-06,3000,30,True,Single Leg Floor Trade,Medical,Medical - Biomedical and Genetics,7.95,8.52,7.9,8.35,1,4.698970004336019,20,1,1,1,1,0
VNDA,Medical,Medical - Biomedical and Genetics,5__0,5,0.0,1. p999999_trade_value,6370.0,6370.0,O:VNDA241018C00005000,VNDA,C,5.0,2024-10-18,231,0,323,0.1,1727106191673000000,637,6370.0,2024-09-23,3000,30,True,Single Leg Floor Trade,Medical,Medical - Biomedical and Genetics,4.65,4.77,4.57,4.75,1,3.8041394323353503,20,1,1,0,0,0
VRDN,Medical,Medical - Biomedical and Genetics,20__0,20,0.0,1. p999999_trade_value,109720.0,109720.0,O:VRDN240920C00017500,VRDN,C,17.5,2024-09-20,235,0,313,1.3,1725557115302000000,844,109720.0,2024-09-05,3000,30,True,Multi Leg floor trade,Medical,Medical - Biomedical and Genetics,14.97,14.97,13.2,13.47,1,5.040285798932492,20,1,1,1,1,0
VRTX,Medical,Medical - Biomedical and Genetics,35__0,35,0.0,4. p999_trade_value,231750.0,339200.0,O:VRTX241025P00480000,VRTX,P,480.0,2024-10-25,231,0,313,7.5,1729006600424000000,309,231750.0,2024-10-15,3000,30,True,Single Leg Floor Trade,Medical,Medical - Biomedical and Genetics,487.01,488.0,480.79,484.3,5,5.365019742816535,20,1,1,1,1,0
VRTX,Medical,Medical - Biomedical and Genetics,35__0,35,0.0,4. p999_trade_value,231750.0,339200.0,O:VRTX241213P00490000,VRTX,P,490.0,2024-12-13,231,0,300,16.0,1731509730963000000,200,320000.0,2024-11-13,3000,30,True,Single Leg Floor Trade,Medical,Medical - Biomedical and Genetics,491.34,498.25,491.03,494.61,3,5.505149978319906,20,1,1,1,1,0
VRTX,Medical,Medical - Biomedical and Genetics,35__0,35,0.0,1. p999999_trade_value,475000.0,475000.0,O:VRTX241220P00450000,VRTX,P,450.0,2024-12-20,235,0,300,19.0,1733432063311000000,250,475000.0,2024-12-05,3000,30,True,Multi Leg floor trade,Medical,Medical - Biomedical and Genetics,461.35,467.06,457.96,459.92,1,5.676693609624866,20,1,1,1,1,0
VRTX,Medical,Medical - Biomedical and Genetics,35__0,35,0.0,4. p999_trade_value,231750.0,339200.0,O:VRTX241220P00460000,VRTX,P,460.0,2024-12-20,235,0,301,21.2,1733948687195000000,160,339200.0,2024-12-11,3000,30,True,Multi Leg floor trade,Medical,Medical - Biomedical and Genetics,472.31,472.33,460.7385,468.29,2,5.530455843584676,20,1,1,1,1,0
VRTX,Medical,Medical - Biomedical and Genetics,35__0,35,0.0,4. p999_trade_value,231750.0,339200.0,O:VRTX250221C00500000,VRTX,C,500.0,2025-02-21,235,0,301,6.3,1738702150309000000,500,315000.0,2025-02-04,3000,30,True,Multi Leg floor trade,Medical,Medical - Biomedical and Genetics,468.04,482.74,467.3,482.28,4,5.498310553789601,20,1,0,0,0,1
VTRS,Medical,Medical Services,15__0,15,0.0,1. p999999_trade_value,77952.0,77952.0,O:VTRS250516C00009000,VTRS,C,9.0,2025-05-16,233,0,312,0.29,1746641383351000000,2688,77952.0,2025-05-07,3000,30,True,Multi Leg Auction,Medical,Medical Services,8.49,8.71,8.49,8.6,1,4.891827262280744,20,1,1,0,0,0
WST,Medical,Medical - Dental Supplies,25__0,25,0.0,1. p999999_trade_value,631200.0,631200.0,O:WST241018P00300000,WST,P,300.0,2024-10-18,235,0,313,5.26,1726851711733000000,1200,631200.0,2024-09-20,3000,30,True,Multi Leg floor trade,Medical,Medical - Dental Supplies,309.86,311.9,306.21,308.15,1,5.8001669902013635,20,1,1,1,1,0
XENE,Medical,Medical - Biomedical and Genetics,15__1,15,1.0,1. p999999_trade_value,490000.0,490000.0,O:XENE250516P00030000,XENE,P,30.0,2025-05-16,239,0,302,3.5,1744829555373000000,1400,490000.0,2025-04-16,3000,30,True,Multi Leg floor trade against single leg(s),Medical,Medical - Biomedical and Genetics,32.92,33.78,32.35,33.78,1,5.690196080028514,20,1,1,1,0,0
XERS,Medical,Medical - Drugs,5__0,5,0.0,1. p999999_trade_value,5200.0,5200.0,O:XERS250620C00005000,XERS,C,5.0,2025-06-20,227,0,302,0.26,1748375368617000000,200,5200.0,2025-05-27,3000,30,True,Single Leg Auction Non ISO,Medical,Medical - Drugs,4.92,4.94,4.8,4.83,1,3.716003343634799,20,1,1,0,0,0
ZBH,Medical,Medical - Products,20__2,20,2.0,1. p999999_trade_value,385560.00000000006,385560.00000000006,O:ZBH241018P00105000,ZBH,P,105.0,2024-10-18,235,0,313,2.1,1726843460966000000,1836,385560.00000000006,2024-09-20,3000,30,True,Multi Leg floor trade,Medical,Medical - Products,105.57,106.74,105.01,106.42,1,5.586091971599143,20,1,1,1,0,0
ZBH,Medical,Medical - Products,20__2,20,2.0,6. p95_trade_value,43500.0,190888.0,O:ZBH241115C00110000,ZBH,C,110.0,2024-11-15,242,0,323,1.45,1730229414155000000,300,43500.0,2024-10-29,3000,30,True,Stock Options floor trade,Medical,Medical - Products,103.28,105.07,102.94,103.88,5,4.638489256954637,20,1,1,1,1,0
ZBH,Medical,Medical - Products,20__2,20,2.0,6. p95_trade_value,43500.0,190888.0,O:ZBH250321C00110000,ZBH,C,110.0,2025-03-21,231,0,300,1.45,1740512904704000000,500,72500.0,2025-02-25,3000,30,True,Single Leg Floor Trade,Medical,Medical - Products,106.1,107.64,105.57,107.35,4,4.860338006570994,20,1,1,1,1,0
ZBH,Medical,Medical - Products,20__2,20,2.0,6. p95_trade_value,43500.0,190888.0,O:ZBH250321C00110000,ZBH,C,110.0,2025-03-21,231,0,302,0.95,1741789966102000000,900,85500.0,2025-03-12,3000,30,True,Single Leg Floor Trade,Medical,Medical - Products,106.4,106.515,103.435,104.03,3,4.931966114728173,20,1,1,1,1,0
ZBH,Medical,Medical - Products,20__2,20,2.0,6. p95_trade_value,43500.0,190888.0,O:ZBH250417C00115000,ZBH,C,115.0,2025-04-17,235,0,300,1.07,1742581877211000000,1784,190888.0,2025-03-21,3000,30,True,Multi Leg floor trade,Medical,Medical - Products,111.0,111.67,109.84,110.73,2,5.280778627725314,20,1,0,0,0,1
ZNTL,Medical,Medical - Biomedical and Genetics,15__0,15,0.0,7. p90_trade_value,9250.0,9250.0,O:ZNTL250221C00002500,ZNTL,C,2.5,2025-02-21,227,0,309,0.37,1738161656002000000,250,9250.0,2025-01-29,3000,30,True,Single Leg Auction Non ISO,Medical,Medical - Biomedical and Genetics,1.77,2.37,1.7601,1.89,2,3.9661417327390325,20,2,1,1,0,0
ZNTL,Medical,Medical - Biomedical and Genetics,15__0,15,0.0,1. p999999_trade_value,9310.0,9310.0,O:ZNTL250221C00002500,ZNTL,C,2.5,2025-02-21,227,0,309,0.38,1738161620936000000,245,9310.0,2025-01-29,3000,30,True,Single Leg Auction Non ISO,Medical,Medical - Biomedical and Genetics,1.77,2.37,1.7601,1.89,1,3.9689496809813427,20,1,1,1,0,0
ZTS,Medical,Medical - Drugs,30__1,30,1.0,4. p999_trade_value,880000.0,880000.0,O:ZTS250516P00150000,ZTS,P,150.0,2025-05-16,229,0,301,4.0,1745608748986000000,2200,880000.0,2025-04-25,3000,30,True,Single Leg Cross Non ISO,Medical,Medical - Drugs,152.05,153.92,150.5,153.47,2,5.944482672150168,20,1,1,0,0,0
ZTS,Medical,Medical - Drugs,30__1,30,1.0,1. p999999_trade_value,1150500.0,1150500.0,O:ZTS250516P00150000,ZTS,P,150.0,2025-05-16,235,0,313,3.54,1745852031405000000,3250,1150500.0,2025-04-28,3000,30,True,Multi Leg floor trade,Medical,Medical - Drugs,153.35,154.78,152.45,153.57,1,6.060886623004662,20,1,1,0,0,0
ZYME,Medical,Medical - Biomedical and Genetics,10__0,10,0.0,8. p75_trade_value,6720.0,6720.0,O:ZYME250516C00012500,ZYME,C,12.5,2025-05-16,219,0,300,0.8,1745245689061000000,84,6720.0,2025-04-21,3000,30,True,Intermarket Sweep Order,Medical,Medical - Biomedical and Genetics,11.47,12.15,11.34,11.75,2,3.8273692730538253,20,2,1,0,0,0
ZYME,Medical,Medical - Biomedical and Genetics,10__0,10,0.0,1. p999999_trade_value,11840.0,11840.0,O:ZYME250516C00012500,ZYME,C,12.5,2025-05-16,219,0,318,0.8,1745246795801000000,148,11840.0,2025-04-21,3000,30,True,Intermarket Sweep Order,Medical,Medical - Biomedical and Genetics,11.47,12.15,11.34,11.75,1,4.073351702386901,20,1,1,0,0,0
