security,sector,industry,final_cluster,trade_volume_bin,cluster,trade_value_category,category_minimum,categiry_maximum,option_ticker,security_1,option_type,strike_price,expiration,conditions,correction,exchange,price,sip_timestamp,size,trade_value,data_date,option_condition_name,sector_1,industry_1,securty_open,security_high,security_low,security_close,trade_rank,trade_value_log10,trade_value_bin,itm,itm_expiration_day,itm_expriation_close,otm
BUD,Consumer Staples,Beverages - Alcohol,25__0,25,0.0,1. p999999_trade_value,165000.00000000003,165000.00000000003,O:BUD241115P00063000,BUD,P,63.0,2024-11-15,235,0,301,1.1,1729615538068000000,1500,165000.00000000003,2024-10-22,Multi Leg floor trade,Consumer Staples,Beverages - Alcohol,64.46,64.72,64.415,64.65,1,5.217483944213907,1,1,1,1,0
FMX,Consumer Staples,Beverages - Soft drinks,10__0,10,0.0,8. p75_trade_value,11130.000000000002,16960.000000000004,O:FMX241115C00100000,FMX,C,100.0,2024-11-15,209,0,313,2.1,1729519082189000000,53,11130.000000000002,2024-10-21,Automatic Execution,Consumer Staples,Beverages - Soft drinks,97.67,98.69,97.17,98.27,3,4.046495164334709,3,1,0,0,0
FMX,Consumer Staples,Beverages - Soft drinks,10__0,10,0.0,8. p75_trade_value,11130.000000000002,16960.000000000004,O:FMX250221C00090000,FMX,C,90.0,2025-02-21,209,0,308,0.8,1738094793267000000,212,16960.000000000004,2025-01-28,Automatic Execution,Consumer Staples,Beverages - Soft drinks,84.87,87.71,84.42,86.34,2,4.229425847920695,2,1,1,0,0
FMX,Consumer Staples,Beverages - Soft drinks,10__0,10,0.0,1. p999999_trade_value,25622.999999999996,25622.999999999996,O:FMX250321C00095000,FMX,C,95.0,2025-03-21,232,0,312,1.17,1739995228500000000,219,25622.999999999996,2025-02-19,Multi Leg auto-electronic trade,Consumer Staples,Beverages - Soft drinks,90.6,91.87,89.99,90.69,1,4.40862997658628,1,1,1,1,0
MGPI,Consumer Staples,Beverages - Alcohol,10__3,10,3.0,1. p999999_trade_value,108314.99999999999,108314.99999999999,O:MGPI250321C00035000,MGPI,C,35.0,2025-03-21,209,0,313,1.45,1740496646402000000,747,108314.99999999999,2025-02-25,Automatic Execution,Consumer Staples,Beverages - Alcohol,32.94,33.4,32.21,32.59,1,5.034688604050373,1,1,0,0,0
MGPI,Consumer Staples,Beverages - Alcohol,10__3,10,3.0,8. p75_trade_value,20910.0,20910.0,O:MGPI250321C00035000,MGPI,C,35.0,2025-03-21,209,0,313,0.85,1740580883692000000,246,20910.0,2025-02-26,Automatic Execution,Consumer Staples,Beverages - Alcohol,31.48,34.3344,31.31,32.22,3,4.320354032817672,3,1,0,0,0
MGPI,Consumer Staples,Beverages - Alcohol,10__3,10,3.0,7. p90_trade_value,22500.0,22500.0,O:MGPI250321C00035000,MGPI,C,35.0,2025-03-21,209,0,313,0.9,1740580464649000000,250,22500.0,2025-02-26,Automatic Execution,Consumer Staples,Beverages - Alcohol,31.48,34.3344,31.31,32.22,2,4.352182518111363,2,1,0,0,0
MNST,Consumer Staples,Beverages - Soft drinks,30__1,30,1.0,1. p999999_trade_value,715000.0,715000.0,O:MNST250516P00059000,MNST,P,59.0,2025-05-16,235,0,301,1.3,1746555532704000000,5500,715000.0,2025-05-06,Multi Leg floor trade,Consumer Staples,Beverages - Soft drinks,60.58,60.77,59.89,60.02,1,5.854306041801081,1,1,0,0,0
SAM,Consumer Staples,Beverages - Alcohol,25__0,25,0.0,1. p999999_trade_value,129150.0,129150.0,O:SAM250321P00220000,SAM,P,220.0,2025-03-21,233,0,301,6.3,1740513607877000000,205,129150.0,2025-02-25,Multi Leg Auction,Consumer Staples,Beverages - Alcohol,236.01,239.08,233.26,234.29,1,5.111094410509336,1,1,0,0,0
STZ,Consumer Staples,Beverages - Alcohol,35__0,35,0.0,8. p75_trade_value,8000.0,14520.000000000002,O:STZ240920C00250000,STZ,C,250.0,2024-09-20,209,0,308,4.0,1725380571012000000,20,8000.0,2024-09-03,Automatic Execution,Consumer Staples,Beverages - Alcohol,239.81,249.455,238.47,246.78,465,3.9030899869919438,5,1,0,0,0
STZ,Consumer Staples,Beverages - Alcohol,35__0,35,0.0,8. p75_trade_value,8000.0,14520.000000000002,O:STZ240920C00255000,STZ,C,255.0,2024-09-20,209,0,320,2.0,1726240023423000000,50,10000.0,2024-09-13,Automatic Execution,Consumer Staples,Beverages - Alcohol,252.34,254.94,251.84,252.57,350,4.0,4,1,0,0,0
STZ,Consumer Staples,Beverages - Alcohol,35__0,35,0.0,7. p90_trade_value,14580.000000000002,20240.0,O:STZ241004C00270000,STZ,C,270.0,2024-10-04,235,0,301,0.65,1726765440331000000,284,18460.0,2024-09-19,Multi Leg floor trade,Consumer Staples,Beverages - Alcohol,252.2,253.62,247.49,248.45,123,4.266231696689894,2,0,0,0,1
STZ,Consumer Staples,Beverages - Alcohol,35__0,35,0.0,8. p75_trade_value,8000.0,14520.000000000002,O:STZ240927C00250000,STZ,C,250.0,2024-09-27,209,0,322,1.8,1726840946125000000,77,13860.0,2024-09-20,Automatic Execution,Consumer Staples,Beverages - Alcohol,247.77,249.19,247.27,248.09,208,4.141763230275788,3,1,1,1,0
STZ,Consumer Staples,Beverages - Alcohol,35__0,35,0.0,6. p95_trade_value,20250.0,98800.0,O:STZ241018C00260000,STZ,C,260.0,2024-10-18,209,0,308,2.2,1726861156658000000,100,22000.000000000004,2024-09-20,Automatic Execution,Consumer Staples,Beverages - Alcohol,247.77,249.19,247.27,248.09,84,4.342422680822207,1,1,0,0,0
STZ,Consumer Staples,Beverages - Alcohol,35__0,35,0.0,7. p90_trade_value,14580.000000000002,20240.0,O:STZ241004C00255000,STZ,C,255.0,2024-10-04,227,0,323,3.66,1727289256541000000,42,15372.0,2024-09-25,Single Leg Auction Non ISO,Consumer Staples,Beverages - Alcohol,252.83,254.2,251.1371,251.9,166,4.186730375792311,2,1,0,0,0
STZ,Consumer Staples,Beverages - Alcohol,35__0,35,0.0,8. p75_trade_value,8000.0,14520.000000000002,O:STZ241004C00255000,STZ,C,255.0,2024-10-04,209,0,320,4.1,1727276131732000000,30,12299.999999999998,2024-09-25,Automatic Execution,Consumer Staples,Beverages - Alcohol,252.83,254.2,251.1371,251.9,245,4.089905111439398,3,1,0,0,0
STZ,Consumer Staples,Beverages - Alcohol,35__0,35,0.0,7. p90_trade_value,14580.000000000002,20240.0,O:STZ241004C00255000,STZ,C,255.0,2024-10-04,227,0,323,3.7,1727289169811000000,50,18500.0,2024-09-25,Single Leg Auction Non ISO,Consumer Staples,Beverages - Alcohol,252.83,254.2,251.1371,251.9,120,4.267171728403014,2,1,0,0,0
STZ,Consumer Staples,Beverages - Alcohol,35__0,35,0.0,6. p95_trade_value,20250.0,98800.0,O:STZ241004P00240000,STZ,P,240.0,2024-10-04,232,0,301,4.2,1727271003821000000,200,84000.0,2024-09-25,Multi Leg auto-electronic trade,Consumer Staples,Beverages - Alcohol,252.83,254.2,251.1371,251.9,25,4.924279286061882,1,0,0,0,1
STZ,Consumer Staples,Beverages - Alcohol,35__0,35,0.0,6. p95_trade_value,20250.0,98800.0,O:STZ241011P00240000,STZ,P,240.0,2024-10-11,232,0,301,4.6,1727271003826000000,200,91999.99999999999,2024-09-25,Multi Leg auto-electronic trade,Consumer Staples,Beverages - Alcohol,252.83,254.2,251.1371,251.9,22,4.963787827345556,1,1,1,0,0
STZ,Consumer Staples,Beverages - Alcohol,35__0,35,0.0,8. p75_trade_value,8000.0,14520.000000000002,O:STZ241004C00257500,STZ,C,257.5,2024-10-04,209,0,308,3.4,1727879522721000000,25,8500.0,2024-10-02,Automatic Execution,Consumer Staples,Beverages - Alcohol,255.93,257.36,254.06,255.67,430,3.929418925714293,5,0,0,0,1
STZ,Consumer Staples,Beverages - Alcohol,35__0,35,0.0,6. p95_trade_value,20250.0,98800.0,O:STZ241004C00260000,STZ,C,260.0,2024-10-04,209,0,303,2.35,1727898968696000000,199,46765.0,2024-10-02,Automatic Execution,Consumer Staples,Beverages - Alcohol,255.93,257.36,254.06,255.67,38,4.669920938681443,1,0,0,0,1
STZ,Consumer Staples,Beverages - Alcohol,35__0,35,0.0,6. p95_trade_value,20250.0,98800.0,O:STZ241004C00260000,STZ,C,260.0,2024-10-04,209,0,323,2.2,1727893614306000000,199,43780.0,2024-10-02,Automatic Execution,Consumer Staples,Beverages - Alcohol,255.93,257.36,254.06,255.67,41,4.641275757231913,1,0,0,0,1
STZ,Consumer Staples,Beverages - Alcohol,35__0,35,0.0,8. p75_trade_value,8000.0,14520.000000000002,O:STZ241011P00245000,STZ,P,245.0,2024-10-11,232,0,308,1.3,1727876294253000000,85,11050.0,2024-10-02,Multi Leg auto-electronic trade,Consumer Staples,Beverages - Alcohol,255.93,257.36,254.06,255.67,295,4.04336227802113,4,1,1,1,0
STZ,Consumer Staples,Beverages - Alcohol,35__0,35,0.0,8. p75_trade_value,8000.0,14520.000000000002,O:STZ241011C00255000,STZ,C,255.0,2024-10-11,209,0,319,1.5,1727967509885000000,60,9000.0,2024-10-03,Automatic Execution,Consumer Staples,Beverages - Alcohol,253.3,254.88,243.38,243.65,396,3.9542425094393248,5,0,0,0,1
STZ,Consumer Staples,Beverages - Alcohol,35__0,35,0.0,8. p75_trade_value,8000.0,14520.000000000002,O:STZ241018P00237500,STZ,P,237.5,2024-10-18,209,0,316,1.3,1727980808393000000,62,8060.000000000001,2024-10-03,Automatic Execution,Consumer Staples,Beverages - Alcohol,253.3,254.88,243.38,243.65,456,3.906335041805091,5,1,0,0,0
STZ,Consumer Staples,Beverages - Alcohol,35__0,35,0.0,8. p75_trade_value,8000.0,14520.000000000002,O:STZ241018C00245000,STZ,C,245.0,2024-10-18,227,0,323,1.34,1728407569597000000,98,13132.000000000002,2024-10-08,Single Leg Auction Non ISO,Consumer Staples,Beverages - Alcohol,240.64,241.67,237.3076,241.13,225,4.118330874057302,3,1,0,0,0
STZ,Consumer Staples,Beverages - Alcohol,35__0,35,0.0,8. p75_trade_value,8000.0,14520.000000000002,O:STZ241018C00245000,STZ,C,245.0,2024-10-18,227,0,323,1.5,1728402698199000000,95,14250.0,2024-10-08,Single Leg Auction Non ISO,Consumer Staples,Beverages - Alcohol,240.64,241.67,237.3076,241.13,194,4.153814864344529,3,1,0,0,0
STZ,Consumer Staples,Beverages - Alcohol,35__0,35,0.0,7. p90_trade_value,14580.000000000002,20240.0,O:STZ241101P00240000,STZ,P,240.0,2024-11-01,209,0,316,3.4,1728488990198000000,45,15300.0,2024-10-09,Automatic Execution,Consumer Staples,Beverages - Alcohol,242.61,242.92,240.37,240.42,167,4.184691430817598,2,1,1,1,0
STZ,Consumer Staples,Beverages - Alcohol,35__0,35,0.0,7. p90_trade_value,14580.000000000002,20240.0,O:STZ241101P00240000,STZ,P,240.0,2024-11-01,209,0,319,3.4,1728488990198000000,46,15640.0,2024-10-09,Automatic Execution,Consumer Staples,Beverages - Alcohol,242.61,242.92,240.37,240.42,159,4.194236748723829,2,1,1,1,0
STZ,Consumer Staples,Beverages - Alcohol,35__0,35,0.0,7. p90_trade_value,14580.000000000002,20240.0,O:STZ241108C00250000,STZ,C,250.0,2024-11-08,209,0,319,3.1,1728489170714000000,49,15190.0,2024-10-09,Automatic Execution,Consumer Staples,Beverages - Alcohol,242.61,242.92,240.37,240.42,171,4.181557773862786,2,0,0,0,1
STZ,Consumer Staples,Beverages - Alcohol,35__0,35,0.0,6. p95_trade_value,20250.0,98800.0,O:STZ241108P00240000,STZ,P,240.0,2024-11-08,209,0,316,5.3,1728489170714000000,43,22790.0,2024-10-09,Automatic Execution,Consumer Staples,Beverages - Alcohol,242.61,242.92,240.37,240.42,79,4.357744325180375,1,1,1,1,0
STZ,Consumer Staples,Beverages - Alcohol,35__0,35,0.0,7. p90_trade_value,14580.000000000002,20240.0,O:STZ241025C00250000,STZ,C,250.0,2024-10-25,227,0,304,1.2,1728918983231000000,126,15119.999999999998,2024-10-14,Single Leg Auction Non ISO,Consumer Staples,Beverages - Alcohol,243.0,246.18,241.68,245.71,175,4.179551791165188,2,0,0,0,1
STZ,Consumer Staples,Beverages - Alcohol,35__0,35,0.0,6. p95_trade_value,20250.0,98800.0,O:STZ241025C00250000,STZ,C,250.0,2024-10-25,209,0,302,1.2,1728918983044000000,243,29159.999999999996,2024-10-14,Automatic Execution,Consumer Staples,Beverages - Alcohol,243.0,246.18,241.68,245.71,58,4.464787519645937,1,0,0,0,1
STZ,Consumer Staples,Beverages - Alcohol,35__0,35,0.0,7. p90_trade_value,14580.000000000002,20240.0,O:STZ241025C00250000,STZ,C,250.0,2024-10-25,227,0,302,1.2,1728918983231000000,126,15119.999999999998,2024-10-14,Single Leg Auction Non ISO,Consumer Staples,Beverages - Alcohol,243.0,246.18,241.68,245.71,174,4.179551791165188,2,0,0,0,1
STZ,Consumer Staples,Beverages - Alcohol,35__0,35,0.0,6. p95_trade_value,20250.0,98800.0,O:STZ241025C00250000,STZ,C,250.0,2024-10-25,227,0,308,1.2,1728918983229000000,252,30239.999999999996,2024-10-14,Single Leg Auction Non ISO,Consumer Staples,Beverages - Alcohol,243.0,246.18,241.68,245.71,57,4.480581786829169,1,0,0,0,1
STZ,Consumer Staples,Beverages - Alcohol,35__0,35,0.0,6. p95_trade_value,20250.0,98800.0,O:STZ241108P00220000,STZ,P,220.0,2024-11-08,235,0,313,0.5,1728916523051000000,425,21250.0,2024-10-14,Multi Leg floor trade,Consumer Staples,Beverages - Alcohol,243.0,246.18,241.68,245.71,88,4.32735893438633,1,0,0,0,1
STZ,Consumer Staples,Beverages - Alcohol,35__0,35,0.0,5. p99_trade_value,116144.0,485640.00000000006,O:STZ241108P00240000,STZ,P,240.0,2024-11-08,235,0,313,4.0,1728916523051000000,425,170000.0,2024-10-14,Multi Leg floor trade,Consumer Staples,Beverages - Alcohol,243.0,246.18,241.68,245.71,17,5.230448921378274,1,1,1,1,0
STZ,Consumer Staples,Beverages - Alcohol,35__0,35,0.0,8. p75_trade_value,8000.0,14520.000000000002,O:STZ241101C00242500,STZ,C,242.5,2024-11-01,209,0,316,1.7,1729525584887000000,64,10880.0,2024-10-21,Automatic Execution,Consumer Staples,Beverages - Alcohol,239.59,241.015,238.19,239.21,306,4.036628895362161,4,0,0,0,1
STZ,Consumer Staples,Beverages - Alcohol,35__0,35,0.0,7. p90_trade_value,14580.000000000002,20240.0,O:STZ241108P00237500,STZ,P,237.5,2024-11-08,232,0,322,4.89,1729532446021000000,30,14669.999999999998,2024-10-21,Multi Leg auto-electronic trade,Consumer Staples,Beverages - Alcohol,239.59,241.015,238.19,239.21,187,4.166430113843282,2,1,1,1,0
STZ,Consumer Staples,Beverages - Alcohol,35__0,35,0.0,7. p90_trade_value,14580.000000000002,20240.0,O:STZ241108P00237500,STZ,P,237.5,2024-11-08,232,0,304,4.89,1729532446021000000,30,14669.999999999998,2024-10-21,Multi Leg auto-electronic trade,Consumer Staples,Beverages - Alcohol,239.59,241.015,238.19,239.21,186,4.166430113843282,2,1,1,1,0
STZ,Consumer Staples,Beverages - Alcohol,35__0,35,0.0,7. p90_trade_value,14580.000000000002,20240.0,O:STZ241108P00237500,STZ,P,237.5,2024-11-08,232,0,322,4.89,1729532439072000000,35,17114.999999999996,2024-10-21,Multi Leg auto-electronic trade,Consumer Staples,Beverages - Alcohol,239.59,241.015,238.19,239.21,136,4.2333769034738955,2,1,1,1,0
STZ,Consumer Staples,Beverages - Alcohol,35__0,35,0.0,7. p90_trade_value,14580.000000000002,20240.0,O:STZ241115P00230000,STZ,P,230.0,2024-11-15,209,0,316,2.75,1729530678820000000,62,17050.0,2024-10-21,Automatic Execution,Consumer Staples,Beverages - Alcohol,239.59,241.015,238.19,239.21,139,4.231724383328516,2,1,0,0,0
STZ,Consumer Staples,Beverages - Alcohol,35__0,35,0.0,5. p99_trade_value,116144.0,485640.00000000006,O:STZ241115P00232500,STZ,P,232.5,2024-11-15,241,0,323,3.6,1729530646500000000,1349,485640.00000000006,2024-10-21,Stock Options Cross,Consumer Staples,Beverages - Alcohol,239.59,241.015,238.19,239.21,3,5.686314450439191,1,1,0,0,0
STZ,Consumer Staples,Beverages - Alcohol,35__0,35,0.0,7. p90_trade_value,14580.000000000002,20240.0,O:STZ241115P00232500,STZ,P,232.5,2024-11-15,209,0,323,3.5,1729530980596000000,42,14700.0,2024-10-21,Automatic Execution,Consumer Staples,Beverages - Alcohol,239.59,241.015,238.19,239.21,184,4.1673173347481764,2,1,0,0,0
STZ,Consumer Staples,Beverages - Alcohol,35__0,35,0.0,7. p90_trade_value,14580.000000000002,20240.0,O:STZ241115P00232500,STZ,P,232.5,2024-11-15,209,0,323,3.5,1729530988466000000,42,14700.0,2024-10-21,Automatic Execution,Consumer Staples,Beverages - Alcohol,239.59,241.015,238.19,239.21,185,4.1673173347481764,2,1,0,0,0
STZ,Consumer Staples,Beverages - Alcohol,35__0,35,0.0,7. p90_trade_value,14580.000000000002,20240.0,O:STZ241115P00232500,STZ,P,232.5,2024-11-15,209,0,323,3.5,1729530872171000000,42,14700.0,2024-10-21,Automatic Execution,Consumer Staples,Beverages - Alcohol,239.59,241.015,238.19,239.21,183,4.1673173347481764,2,1,0,0,0
STZ,Consumer Staples,Beverages - Alcohol,35__0,35,0.0,6. p95_trade_value,20250.0,98800.0,O:STZ241115P00232500,STZ,P,232.5,2024-11-15,209,0,316,3.5,1729530872184000000,62,21700.0,2024-10-21,Automatic Execution,Consumer Staples,Beverages - Alcohol,239.59,241.015,238.19,239.21,85,4.336459733848529,1,1,0,0,0
STZ,Consumer Staples,Beverages - Alcohol,35__0,35,0.0,8. p75_trade_value,8000.0,14520.000000000002,O:STZ241101C00242500,STZ,C,242.5,2024-11-01,209,0,300,2.6,1729626793943000000,50,13000.0,2024-10-22,Automatic Execution,Consumer Staples,Beverages - Alcohol,238.14,241.88,237.8,241.61,230,4.113943352306837,3,0,0,0,1
STZ,Consumer Staples,Beverages - Alcohol,35__0,35,0.0,8. p75_trade_value,8000.0,14520.000000000002,O:STZ241115C00242500,STZ,C,242.5,2024-11-15,209,0,325,5.0,1729615408817000000,20,10000.0,2024-10-22,Automatic Execution,Consumer Staples,Beverages - Alcohol,238.14,241.88,237.8,241.61,353,4.0,4,1,0,0,0
STZ,Consumer Staples,Beverages - Alcohol,35__0,35,0.0,8. p75_trade_value,8000.0,14520.000000000002,O:STZ241115C00242500,STZ,C,242.5,2024-11-15,209,0,325,4.9,1729614294978000000,18,8820.0,2024-10-22,Automatic Execution,Consumer Staples,Beverages - Alcohol,238.14,241.88,237.8,241.61,409,3.94546858513182,5,1,0,0,0
STZ,Consumer Staples,Beverages - Alcohol,35__0,35,0.0,8. p75_trade_value,8000.0,14520.000000000002,O:STZ241115C00242500,STZ,C,242.5,2024-11-15,209,0,325,5.0,1729615345775000000,16,8000.0,2024-10-22,Automatic Execution,Consumer Staples,Beverages - Alcohol,238.14,241.88,237.8,241.61,470,3.9030899869919438,5,1,0,0,0
STZ,Consumer Staples,Beverages - Alcohol,35__0,35,0.0,8. p75_trade_value,8000.0,14520.000000000002,O:STZ241115C00242500,STZ,C,242.5,2024-11-15,209,0,325,4.9,1729614307568000000,21,10290.0,2024-10-22,Automatic Execution,Consumer Staples,Beverages - Alcohol,238.14,241.88,237.8,241.61,332,4.012415374762433,4,1,0,0,0
STZ,Consumer Staples,Beverages - Alcohol,35__0,35,0.0,8. p75_trade_value,8000.0,14520.000000000002,O:STZ241115C00242500,STZ,C,242.5,2024-11-15,209,0,325,5.0,1729615453698000000,20,10000.0,2024-10-22,Automatic Execution,Consumer Staples,Beverages - Alcohol,238.14,241.88,237.8,241.61,358,4.0,4,1,0,0,0
STZ,Consumer Staples,Beverages - Alcohol,35__0,35,0.0,8. p75_trade_value,8000.0,14520.000000000002,O:STZ241115C00242500,STZ,C,242.5,2024-11-15,209,0,325,5.0,1729615366460000000,20,10000.0,2024-10-22,Automatic Execution,Consumer Staples,Beverages - Alcohol,238.14,241.88,237.8,241.61,357,4.0,4,1,0,0,0
STZ,Consumer Staples,Beverages - Alcohol,35__0,35,0.0,8. p75_trade_value,8000.0,14520.000000000002,O:STZ241115C00242500,STZ,C,242.5,2024-11-15,209,0,325,5.0,1729615490051000000,20,10000.0,2024-10-22,Automatic Execution,Consumer Staples,Beverages - Alcohol,238.14,241.88,237.8,241.61,355,4.0,4,1,0,0,0
STZ,Consumer Staples,Beverages - Alcohol,35__0,35,0.0,8. p75_trade_value,8000.0,14520.000000000002,O:STZ241115C00242500,STZ,C,242.5,2024-11-15,209,0,325,5.0,1729615425442000000,20,10000.0,2024-10-22,Automatic Execution,Consumer Staples,Beverages - Alcohol,238.14,241.88,237.8,241.61,354,4.0,4,1,0,0,0
STZ,Consumer Staples,Beverages - Alcohol,35__0,35,0.0,8. p75_trade_value,8000.0,14520.000000000002,O:STZ241115C00242500,STZ,C,242.5,2024-11-15,209,0,325,5.0,1729615379802000000,20,10000.0,2024-10-22,Automatic Execution,Consumer Staples,Beverages - Alcohol,238.14,241.88,237.8,241.61,356,4.0,4,1,0,0,0
STZ,Consumer Staples,Beverages - Alcohol,35__0,35,0.0,8. p75_trade_value,8000.0,14520.000000000002,O:STZ241115P00237500,STZ,P,237.5,2024-11-15,209,0,325,5.2,1729614302051000000,17,8840.0,2024-10-22,Automatic Execution,Consumer Staples,Beverages - Alcohol,238.14,241.88,237.8,241.61,408,3.946452265013073,5,1,1,0,0
STZ,Consumer Staples,Beverages - Alcohol,35__0,35,0.0,8. p75_trade_value,8000.0,14520.000000000002,O:STZ241115P00237500,STZ,P,237.5,2024-11-15,209,0,325,5.2,1729614770315000000,22,11440.0,2024-10-22,Automatic Execution,Consumer Staples,Beverages - Alcohol,238.14,241.88,237.8,241.61,281,4.058426024457005,3,1,1,0,0
STZ,Consumer Staples,Beverages - Alcohol,35__0,35,0.0,8. p75_trade_value,8000.0,14520.000000000002,O:STZ241115P00237500,STZ,P,237.5,2024-11-15,209,0,325,5.2,1729614294959000000,16,8320.0,2024-10-22,Automatic Execution,Consumer Staples,Beverages - Alcohol,238.14,241.88,237.8,241.61,443,3.920123326290724,5,1,1,0,0
STZ,Consumer Staples,Beverages - Alcohol,35__0,35,0.0,8. p75_trade_value,8000.0,14520.000000000002,O:STZ241115P00237500,STZ,P,237.5,2024-11-15,209,0,325,5.1,1729615716005000000,23,11730.0,2024-10-22,Automatic Execution,Consumer Staples,Beverages - Alcohol,238.14,241.88,237.8,241.61,266,4.069298012115529,3,1,1,0,0
STZ,Consumer Staples,Beverages - Alcohol,35__0,35,0.0,8. p75_trade_value,8000.0,14520.000000000002,O:STZ241115P00237500,STZ,P,237.5,2024-11-15,209,0,325,4.9,1729618062332000000,25,12250.000000000002,2024-10-22,Automatic Execution,Consumer Staples,Beverages - Alcohol,238.14,241.88,237.8,241.61,248,4.088136088700551,3,1,1,0,0
STZ,Consumer Staples,Beverages - Alcohol,35__0,35,0.0,8. p75_trade_value,8000.0,14520.000000000002,O:STZ241115P00237500,STZ,P,237.5,2024-11-15,209,0,325,5.1,1729615345761000000,20,10200.0,2024-10-22,Automatic Execution,Consumer Staples,Beverages - Alcohol,238.14,241.88,237.8,241.61,337,4.008600171761918,4,1,1,0,0
STZ,Consumer Staples,Beverages - Alcohol,35__0,35,0.0,8. p75_trade_value,8000.0,14520.000000000002,O:STZ241115P00237500,STZ,P,237.5,2024-11-15,209,0,325,5.1,1729615356128000000,21,10710.0,2024-10-22,Automatic Execution,Consumer Staples,Beverages - Alcohol,238.14,241.88,237.8,241.61,318,4.029789470831855,4,1,1,0,0
STZ,Consumer Staples,Beverages - Alcohol,35__0,35,0.0,7. p90_trade_value,14580.000000000002,20240.0,O:STZ241115C00242500,STZ,C,242.5,2024-11-15,209,0,307,5.4,1729713520525000000,28,15120.000000000002,2024-10-23,Automatic Execution,Consumer Staples,Beverages - Alcohol,240.04,241.65,239.1033,241.42,173,4.179551791165188,2,1,0,0,0
STZ,Consumer Staples,Beverages - Alcohol,35__0,35,0.0,7. p90_trade_value,14580.000000000002,20240.0,O:STZ241115C00242500,STZ,C,242.5,2024-11-15,209,0,307,5.5,1729713556986000000,28,15400.0,2024-10-23,Automatic Execution,Consumer Staples,Beverages - Alcohol,240.04,241.65,239.1033,241.42,165,4.187520720836463,2,1,0,0,0
STZ,Consumer Staples,Beverages - Alcohol,35__0,35,0.0,7. p90_trade_value,14580.000000000002,20240.0,O:STZ241115C00242500,STZ,C,242.5,2024-11-15,209,0,307,5.4,1729713520654000000,28,15120.000000000002,2024-10-23,Automatic Execution,Consumer Staples,Beverages - Alcohol,240.04,241.65,239.1033,241.42,172,4.179551791165188,2,1,0,0,0
STZ,Consumer Staples,Beverages - Alcohol,35__0,35,0.0,7. p90_trade_value,14580.000000000002,20240.0,O:STZ241115C00245000,STZ,C,245.0,2024-11-15,209,0,325,3.95,1729698449234000000,50,19750.0,2024-10-23,Automatic Execution,Consumer Staples,Beverages - Alcohol,240.04,241.65,239.1033,241.42,102,4.295567099962479,2,0,0,0,1
STZ,Consumer Staples,Beverages - Alcohol,35__0,35,0.0,8. p75_trade_value,8000.0,14520.000000000002,O:STZ241115P00235000,STZ,P,235.0,2024-11-15,232,0,323,3.66,1729870354159000000,22,8052.000000000001,2024-10-25,Multi Leg auto-electronic trade,Consumer Staples,Beverages - Alcohol,240.98,241.67,238.56,239.38,457,3.905903766216617,5,1,0,0,0
STZ,Consumer Staples,Beverages - Alcohol,35__0,35,0.0,8. p75_trade_value,8000.0,14520.000000000002,O:STZ241115P00235000,STZ,P,235.0,2024-11-15,232,0,308,3.66,1729870354054000000,28,10248.0,2024-10-25,Multi Leg auto-electronic trade,Consumer Staples,Beverages - Alcohol,240.98,241.67,238.56,239.38,334,4.0106391167366295,4,1,0,0,0
STZ,Consumer Staples,Beverages - Alcohol,35__0,35,0.0,8. p75_trade_value,8000.0,14520.000000000002,O:STZ241115P00235000,STZ,P,235.0,2024-11-15,232,0,308,3.63,1729870354157000000,28,10164.0,2024-10-25,Multi Leg auto-electronic trade,Consumer Staples,Beverages - Alcohol,240.98,241.67,238.56,239.38,339,4.007064656378332,4,1,0,0,0
STZ,Consumer Staples,Beverages - Alcohol,35__0,35,0.0,8. p75_trade_value,8000.0,14520.000000000002,O:STZ241115P00235000,STZ,P,235.0,2024-11-15,232,0,308,3.63,1729870354259000000,28,10164.0,2024-10-25,Multi Leg auto-electronic trade,Consumer Staples,Beverages - Alcohol,240.98,241.67,238.56,239.38,340,4.007064656378332,4,1,0,0,0
STZ,Consumer Staples,Beverages - Alcohol,35__0,35,0.0,8. p75_trade_value,8000.0,14520.000000000002,O:STZ241115P00235000,STZ,P,235.0,2024-11-15,232,0,302,3.61,1729870354165000000,37,13357.0,2024-10-25,Multi Leg auto-electronic trade,Consumer Staples,Beverages - Alcohol,240.98,241.67,238.56,239.38,219,4.125708925972653,3,1,0,0,0
STZ,Consumer Staples,Beverages - Alcohol,35__0,35,0.0,8. p75_trade_value,8000.0,14520.000000000002,O:STZ241115P00235000,STZ,P,235.0,2024-11-15,232,0,302,3.61,1729870354054000000,37,13357.0,2024-10-25,Multi Leg auto-electronic trade,Consumer Staples,Beverages - Alcohol,240.98,241.67,238.56,239.38,218,4.125708925972653,3,1,0,0,0
STZ,Consumer Staples,Beverages - Alcohol,35__0,35,0.0,8. p75_trade_value,8000.0,14520.000000000002,O:STZ241115P00235000,STZ,P,235.0,2024-11-15,232,0,323,3.66,1729870354055000000,22,8052.000000000001,2024-10-25,Multi Leg auto-electronic trade,Consumer Staples,Beverages - Alcohol,240.98,241.67,238.56,239.38,458,3.905903766216617,5,1,0,0,0
STZ,Consumer Staples,Beverages - Alcohol,35__0,35,0.0,8. p75_trade_value,8000.0,14520.000000000002,O:STZ241115P00220000,STZ,P,220.0,2024-11-15,209,0,308,0.85,1730129830128000000,100,8500.0,2024-10-28,Automatic Execution,Consumer Staples,Beverages - Alcohol,240.4,241.83,237.08,237.51,429,3.929418925714293,5,0,0,0,1
STZ,Consumer Staples,Beverages - Alcohol,35__0,35,0.0,8. p75_trade_value,8000.0,14520.000000000002,O:STZ241115C00242500,STZ,C,242.5,2024-11-15,209,0,323,2.8,1730214942728000000,30,8400.0,2024-10-29,Automatic Execution,Consumer Staples,Beverages - Alcohol,236.0,237.769,234.66,236.07,437,3.9242792860618816,5,1,0,0,0
STZ,Consumer Staples,Beverages - Alcohol,35__0,35,0.0,1. p999999_trade_value,504639.99999999994,504639.99999999994,O:STZ241115P00232500,STZ,P,232.5,2024-11-15,241,0,323,3.8,1730224090077000000,1328,504639.99999999994,2024-10-29,Stock Options Cross,Consumer Staples,Beverages - Alcohol,236.0,237.769,234.66,236.07,1,5.702981671648809,1,1,0,0,0
STZ,Consumer Staples,Beverages - Alcohol,35__0,35,0.0,8. p75_trade_value,8000.0,14520.000000000002,O:STZ241115C00245000,STZ,C,245.0,2024-11-15,209,0,322,2.05,1730310977112000000,43,8815.0,2024-10-30,Automatic Execution,Consumer Staples,Beverages - Alcohol,236.17,237.74,234.56,235.47,410,3.945222316635341,5,0,0,0,1
STZ,Consumer Staples,Beverages - Alcohol,35__0,35,0.0,8. p75_trade_value,8000.0,14520.000000000002,O:STZ241115C00245000,STZ,C,245.0,2024-11-15,209,0,308,1.95,1730308256508000000,50,9750.0,2024-10-30,Automatic Execution,Consumer Staples,Beverages - Alcohol,236.17,237.74,234.56,235.47,367,3.989004615698537,4,0,0,0,1
STZ,Consumer Staples,Beverages - Alcohol,35__0,35,0.0,8. p75_trade_value,8000.0,14520.000000000002,O:STZ241108P00230000,STZ,P,230.0,2024-11-08,233,0,302,3.55,1730391030699000000,24,8519.999999999998,2024-10-31,Multi Leg Auction,Consumer Staples,Beverages - Alcohol,235.0,236.73,232.08,232.34,426,3.9304395947667,5,1,0,0,0
STZ,Consumer Staples,Beverages - Alcohol,35__0,35,0.0,6. p95_trade_value,20250.0,98800.0,O:STZ241115C00237500,STZ,C,237.5,2024-11-15,209,0,322,3.9,1730387390093000000,52,20280.0,2024-10-31,Automatic Execution,Consumer Staples,Beverages - Alcohol,235.0,236.73,232.08,232.34,93,4.307067950661298,1,1,1,1,0
STZ,Consumer Staples,Beverages - Alcohol,35__0,35,0.0,8. p75_trade_value,8000.0,14520.000000000002,O:STZ241115P00230000,STZ,P,230.0,2024-11-15,209,0,301,4.4,1730486816291000000,25,11000.000000000002,2024-11-01,Automatic Execution,Consumer Staples,Beverages - Alcohol,232.61,233.98,231.7,232.77,298,4.041392685158225,4,1,0,0,0
STZ,Consumer Staples,Beverages - Alcohol,35__0,35,0.0,8. p75_trade_value,8000.0,14520.000000000002,O:STZ241115P00230000,STZ,P,230.0,2024-11-15,209,0,304,4.4,1730486816291000000,30,13200.0,2024-11-01,Automatic Execution,Consumer Staples,Beverages - Alcohol,232.61,233.98,231.7,232.77,222,4.12057393120585,3,1,0,0,0
STZ,Consumer Staples,Beverages - Alcohol,35__0,35,0.0,7. p90_trade_value,14580.000000000002,20240.0,O:STZ241115P00230000,STZ,P,230.0,2024-11-15,209,0,300,4.4,1730486816285000000,35,15400.0,2024-11-01,Automatic Execution,Consumer Staples,Beverages - Alcohol,232.61,233.98,231.7,232.77,164,4.187520720836463,2,1,0,0,0
STZ,Consumer Staples,Beverages - Alcohol,35__0,35,0.0,7. p90_trade_value,14580.000000000002,20240.0,O:STZ241115P00230000,STZ,P,230.0,2024-11-15,209,0,315,4.4,1730486816286000000,35,15400.0,2024-11-01,Automatic Execution,Consumer Staples,Beverages - Alcohol,232.61,233.98,231.7,232.77,163,4.187520720836463,2,1,0,0,0
STZ,Consumer Staples,Beverages - Alcohol,35__0,35,0.0,7. p90_trade_value,14580.000000000002,20240.0,O:STZ241115P00230000,STZ,P,230.0,2024-11-15,209,0,316,4.4,1730486816286000000,38,16720.0,2024-11-01,Automatic Execution,Consumer Staples,Beverages - Alcohol,232.61,233.98,231.7,232.77,146,4.223236273102998,2,1,0,0,0
STZ,Consumer Staples,Beverages - Alcohol,35__0,35,0.0,8. p75_trade_value,8000.0,14520.000000000002,O:STZ241115P00230000,STZ,P,230.0,2024-11-15,209,0,320,4.4,1730486816291000000,26,11440.0,2024-11-01,Automatic Execution,Consumer Staples,Beverages - Alcohol,232.61,233.98,231.7,232.77,279,4.058426024457005,3,1,0,0,0
STZ,Consumer Staples,Beverages - Alcohol,35__0,35,0.0,8. p75_trade_value,8000.0,14520.000000000002,O:STZ241108C00245000,STZ,C,245.0,2024-11-08,227,0,304,1.15,1730731542348000000,100,11499.999999999998,2024-11-04,Single Leg Auction Non ISO,Consumer Staples,Beverages - Alcohol,233.32,241.72,233.32,239.74,275,4.060697840353612,3,0,0,0,1
STZ,Consumer Staples,Beverages - Alcohol,35__0,35,0.0,8. p75_trade_value,8000.0,14520.000000000002,O:STZ241108C00245000,STZ,C,245.0,2024-11-08,227,0,303,1.15,1730731542348000000,74,8510.0,2024-11-04,Single Leg Auction Non ISO,Consumer Staples,Beverages - Alcohol,233.32,241.72,233.32,239.74,427,3.929929560084588,5,0,0,0,1
STZ,Consumer Staples,Beverages - Alcohol,35__0,35,0.0,7. p90_trade_value,14580.000000000002,20240.0,O:STZ241108C00245000,STZ,C,245.0,2024-11-08,227,0,309,1.15,1730731542348000000,150,17250.0,2024-11-04,Single Leg Auction Non ISO,Consumer Staples,Beverages - Alcohol,233.32,241.72,233.32,239.74,135,4.236789099409293,2,0,0,0,1
STZ,Consumer Staples,Beverages - Alcohol,35__0,35,0.0,8. p75_trade_value,8000.0,14520.000000000002,O:STZ241108C00245000,STZ,C,245.0,2024-11-08,227,0,307,1.15,1730731542349000000,100,11499.999999999998,2024-11-04,Single Leg Auction Non ISO,Consumer Staples,Beverages - Alcohol,233.32,241.72,233.32,239.74,276,4.060697840353612,3,0,0,0,1
STZ,Consumer Staples,Beverages - Alcohol,35__0,35,0.0,8. p75_trade_value,8000.0,14520.000000000002,O:STZ241108C00245000,STZ,C,245.0,2024-11-08,227,0,303,1.15,1730731542348000000,76,8740.0,2024-11-04,Single Leg Auction Non ISO,Consumer Staples,Beverages - Alcohol,233.32,241.72,233.32,239.74,413,3.941511432634403,5,0,0,0,1
STZ,Consumer Staples,Beverages - Alcohol,35__0,35,0.0,8. p75_trade_value,8000.0,14520.000000000002,O:STZ241108C00245000,STZ,C,245.0,2024-11-08,227,0,301,1.13,1730731542347000000,100,11299.999999999998,2024-11-04,Single Leg Auction Non ISO,Consumer Staples,Beverages - Alcohol,233.32,241.72,233.32,239.74,283,4.05307844348342,4,0,0,0,1
STZ,Consumer Staples,Beverages - Alcohol,35__0,35,0.0,8. p75_trade_value,8000.0,14520.000000000002,O:STZ241108C00245000,STZ,C,245.0,2024-11-08,227,0,312,1.13,1730731542349000000,100,11299.999999999998,2024-11-04,Single Leg Auction Non ISO,Consumer Staples,Beverages - Alcohol,233.32,241.72,233.32,239.74,284,4.05307844348342,4,0,0,0,1
STZ,Consumer Staples,Beverages - Alcohol,35__0,35,0.0,8. p75_trade_value,8000.0,14520.000000000002,O:STZ241108C00245000,STZ,C,245.0,2024-11-08,227,0,300,1.15,1730731542348000000,88,10119.999999999998,2024-11-04,Single Leg Auction Non ISO,Consumer Staples,Beverages - Alcohol,233.32,241.72,233.32,239.74,341,4.00518051250378,4,0,0,0,1
STZ,Consumer Staples,Beverages - Alcohol,35__0,35,0.0,8. p75_trade_value,8000.0,14520.000000000002,O:STZ241108C00245000,STZ,C,245.0,2024-11-08,227,0,308,1.15,1730731542351000000,100,11499.999999999998,2024-11-04,Single Leg Auction Non ISO,Consumer Staples,Beverages - Alcohol,233.32,241.72,233.32,239.74,274,4.060697840353612,3,0,0,0,1
STZ,Consumer Staples,Beverages - Alcohol,35__0,35,0.0,8. p75_trade_value,8000.0,14520.000000000002,O:STZ241108C00245000,STZ,C,245.0,2024-11-08,227,0,302,1.15,1730731542351000000,100,11499.999999999998,2024-11-04,Single Leg Auction Non ISO,Consumer Staples,Beverages - Alcohol,233.32,241.72,233.32,239.74,277,4.060697840353612,3,0,0,0,1
STZ,Consumer Staples,Beverages - Alcohol,35__0,35,0.0,8. p75_trade_value,8000.0,14520.000000000002,O:STZ241108C00247500,STZ,C,247.5,2024-11-08,219,0,300,2.2,1730750770040000000,41,9020.0,2024-11-04,Intermarket Sweep Order,Consumer Staples,Beverages - Alcohol,233.32,241.72,233.32,239.74,393,3.9552065375419416,5,0,0,0,1
STZ,Consumer Staples,Beverages - Alcohol,35__0,35,0.0,8. p75_trade_value,8000.0,14520.000000000002,O:STZ241108C00247500,STZ,C,247.5,2024-11-08,219,0,325,2.2,1730750769901000000,41,9020.0,2024-11-04,Intermarket Sweep Order,Consumer Staples,Beverages - Alcohol,233.32,241.72,233.32,239.74,394,3.9552065375419416,5,0,0,0,1
STZ,Consumer Staples,Beverages - Alcohol,35__0,35,0.0,8. p75_trade_value,8000.0,14520.000000000002,O:STZ241108C00247500,STZ,C,247.5,2024-11-08,209,0,323,1.95,1730745956895000000,46,8970.0,2024-11-04,Automatic Execution,Consumer Staples,Beverages - Alcohol,233.32,241.72,233.32,239.74,399,3.952792443044092,5,0,0,0,1
STZ,Consumer Staples,Beverages - Alcohol,35__0,35,0.0,8. p75_trade_value,8000.0,14520.000000000002,O:STZ241108C00247500,STZ,C,247.5,2024-11-08,219,0,315,2.2,1730750770040000000,38,8360.0,2024-11-04,Intermarket Sweep Order,Consumer Staples,Beverages - Alcohol,233.32,241.72,233.32,239.74,439,3.9222062774390163,5,0,0,0,1
STZ,Consumer Staples,Beverages - Alcohol,35__0,35,0.0,8. p75_trade_value,8000.0,14520.000000000002,O:STZ241108P00227500,STZ,P,227.5,2024-11-08,209,0,316,1.35,1730739146959000000,67,9045.0,2024-11-04,Automatic Execution,Consumer Staples,Beverages - Alcohol,233.32,241.72,233.32,239.74,392,3.9564085711958326,5,1,0,0,0
STZ,Consumer Staples,Beverages - Alcohol,35__0,35,0.0,7. p90_trade_value,14580.000000000002,20240.0,O:STZ241108P00232500,STZ,P,232.5,2024-11-08,209,0,316,2.45,1730752138601000000,82,20090.0,2024-11-04,Automatic Execution,Consumer Staples,Beverages - Alcohol,233.32,241.72,233.32,239.74,96,4.302979936748249,2,1,1,0,0
STZ,Consumer Staples,Beverages - Alcohol,35__0,35,0.0,6. p95_trade_value,20250.0,98800.0,O:STZ241108P00232500,STZ,P,232.5,2024-11-08,209,0,316,2.55,1730737971943000000,80,20400.0,2024-11-04,Automatic Execution,Consumer Staples,Beverages - Alcohol,233.32,241.72,233.32,239.74,92,4.309630167425898,1,1,1,0,0
STZ,Consumer Staples,Beverages - Alcohol,35__0,35,0.0,8. p75_trade_value,8000.0,14520.000000000002,O:STZ241115C00250000,STZ,C,250.0,2024-11-15,209,0,323,2.3,1730748416354000000,42,9660.0,2024-11-04,Automatic Execution,Consumer Staples,Beverages - Alcohol,233.32,241.72,233.32,239.74,369,3.9849771264154934,4,0,0,0,1
STZ,Consumer Staples,Beverages - Alcohol,35__0,35,0.0,8. p75_trade_value,8000.0,14520.000000000002,O:STZ241213P00235000,STZ,P,235.0,2024-12-13,232,0,302,2.72,1731531221972000000,37,10064.0,2024-11-13,Multi Leg auto-electronic trade,Consumer Staples,Beverages - Alcohol,238.27,241.58,236.79,240.71,344,4.002770628101194,4,1,0,0,0
STZ,Consumer Staples,Beverages - Alcohol,35__0,35,0.0,8. p75_trade_value,8000.0,14520.000000000002,O:STZ241213P00235000,STZ,P,235.0,2024-12-13,232,0,308,2.87,1731531050687000000,28,8036.0,2024-11-13,Multi Leg auto-electronic trade,Consumer Staples,Beverages - Alcohol,238.27,241.58,236.79,240.71,461,3.9050399280762114,5,1,0,0,0
STZ,Consumer Staples,Beverages - Alcohol,35__0,35,0.0,8. p75_trade_value,8000.0,14520.000000000002,O:STZ241213P00235000,STZ,P,235.0,2024-12-13,232,0,302,2.83,1731531050687000000,38,10754.0,2024-11-13,Multi Leg auto-electronic trade,Consumer Staples,Beverages - Alcohol,238.27,241.58,236.79,240.71,313,4.031570032141101,4,1,0,0,0
STZ,Consumer Staples,Beverages - Alcohol,35__0,35,0.0,8. p75_trade_value,8000.0,14520.000000000002,O:STZ241213P00235000,STZ,P,235.0,2024-12-13,232,0,302,2.72,1731531221869000000,38,10336.000000000002,2024-11-13,Multi Leg auto-electronic trade,Consumer Staples,Beverages - Alcohol,238.27,241.58,236.79,240.71,329,4.014352500651009,4,1,0,0,0
STZ,Consumer Staples,Beverages - Alcohol,35__0,35,0.0,7. p90_trade_value,14580.000000000002,20240.0,O:STZ241220C00242500,STZ,C,242.5,2024-12-20,209,0,313,4.0,1732303635547000000,37,14800.0,2024-11-22,Automatic Execution,Consumer Staples,Beverages - Alcohol,241.16,242.12,238.5,239.66,180,4.1702617153949575,2,1,0,0,0
STZ,Consumer Staples,Beverages - Alcohol,35__0,35,0.0,8. p75_trade_value,8000.0,14520.000000000002,O:STZ241206P00227500,STZ,P,227.5,2024-12-06,209,0,316,2.1,1732634745589000000,48,10080.000000000002,2024-11-26,Automatic Execution,Consumer Staples,Beverages - Alcohol,232.83,235.91,229.88,233.6,343,4.003460532109506,4,0,0,0,1
STZ,Consumer Staples,Beverages - Alcohol,35__0,35,0.0,8. p75_trade_value,8000.0,14520.000000000002,O:STZ241206P00227500,STZ,P,227.5,2024-12-06,209,0,316,2.1,1732634745589000000,48,10080.000000000002,2024-11-26,Automatic Execution,Consumer Staples,Beverages - Alcohol,232.83,235.91,229.88,233.6,342,4.003460532109506,4,0,0,0,1
STZ,Consumer Staples,Beverages - Alcohol,35__0,35,0.0,6. p95_trade_value,20250.0,98800.0,O:STZ241220P00220000,STZ,P,220.0,2024-12-20,209,0,316,1.05,1732631510927000000,200,21000.0,2024-11-26,Automatic Execution,Consumer Staples,Beverages - Alcohol,232.83,235.91,229.88,233.6,90,4.3222192947339195,1,0,0,0,1
STZ,Consumer Staples,Beverages - Alcohol,35__0,35,0.0,5. p99_trade_value,116144.0,485640.00000000006,O:STZ241220P00230000,STZ,P,230.0,2024-12-20,231,0,301,2.45,1732719884860000000,800,196000.00000000003,2024-11-27,Single Leg Floor Trade,Consumer Staples,Beverages - Alcohol,234.25,237.1,233.8,235.97,14,5.292256071356476,1,1,1,1,0
STZ,Consumer Staples,Beverages - Alcohol,35__0,35,0.0,8. p75_trade_value,8000.0,14520.000000000002,O:STZ241227P00235000,STZ,P,235.0,2024-12-27,232,0,302,2.62,1733516987896000000,37,9694.0,2024-12-06,Multi Leg auto-electronic trade,Consumer Staples,Beverages - Alcohol,242.75,244.54,237.685,239.0,368,3.9865030153867402,4,1,1,1,0
STZ,Consumer Staples,Beverages - Alcohol,35__0,35,0.0,8. p75_trade_value,8000.0,14520.000000000002,O:STZ250103C00250000,STZ,C,250.0,2025-01-03,232,0,312,1.54,1733517355091000000,83,12782.0,2024-12-06,Multi Leg auto-electronic trade,Consumer Staples,Beverages - Alcohol,242.75,244.54,237.685,239.0,237,4.106598813212537,3,0,0,0,1
STZ,Consumer Staples,Beverages - Alcohol,35__0,35,0.0,7. p90_trade_value,14580.000000000002,20240.0,O:STZ250103P00230000,STZ,P,230.0,2025-01-03,232,0,312,1.81,1733517355091000000,83,15023.000000000002,2024-12-06,Multi Leg auto-electronic trade,Consumer Staples,Beverages - Alcohol,242.75,244.54,237.685,239.0,176,4.176756667245258,2,1,1,1,0
STZ,Consumer Staples,Beverages - Alcohol,35__0,35,0.0,8. p75_trade_value,8000.0,14520.000000000002,O:STZ250103P00235000,STZ,P,235.0,2025-01-03,232,0,302,2.28,1733950197988000000,38,8663.999999999998,2024-12-11,Multi Leg auto-electronic trade,Consumer Staples,Beverages - Alcohol,244.04,244.69,239.31,239.89,418,3.9377184436172636,5,1,1,1,0
STZ,Consumer Staples,Beverages - Alcohol,35__0,35,0.0,8. p75_trade_value,8000.0,14520.000000000002,O:STZ250103P00235000,STZ,P,235.0,2025-01-03,232,0,302,2.28,1733950198091000000,38,8663.999999999998,2024-12-11,Multi Leg auto-electronic trade,Consumer Staples,Beverages - Alcohol,244.04,244.69,239.31,239.89,419,3.9377184436172636,5,1,1,1,0
STZ,Consumer Staples,Beverages - Alcohol,35__0,35,0.0,8. p75_trade_value,8000.0,14520.000000000002,O:STZ250103P00235000,STZ,P,235.0,2025-01-03,232,0,302,2.25,1733950197885000000,38,8550.0,2024-12-11,Multi Leg auto-electronic trade,Consumer Staples,Beverages - Alcohol,244.04,244.69,239.31,239.89,425,3.931966114728173,5,1,1,1,0
STZ,Consumer Staples,Beverages - Alcohol,35__0,35,0.0,7. p90_trade_value,14580.000000000002,20240.0,O:STZ241227C00235000,STZ,C,235.0,2024-12-27,233,0,312,3.1,1734449466285000000,50,15500.0,2024-12-17,Multi Leg Auction,Consumer Staples,Beverages - Alcohol,232.93,234.98,232.19,233.09,162,4.190331698170292,2,0,0,0,1
STZ,Consumer Staples,Beverages - Alcohol,35__0,35,0.0,8. p75_trade_value,8000.0,14520.000000000002,O:STZ250110C00250000,STZ,C,250.0,2025-01-10,232,0,308,1.02,1734625420495000000,83,8466.0,2024-12-19,Multi Leg auto-electronic trade,Consumer Staples,Beverages - Alcohol,228.0,231.86,226.81,227.05,432,3.9276782641379913,5,0,0,0,1
STZ,Consumer Staples,Beverages - Alcohol,35__0,35,0.0,8. p75_trade_value,8000.0,14520.000000000002,O:STZ250110P00225000,STZ,P,225.0,2025-01-10,232,0,312,4.75,1734620678227000000,23,10925.0,2024-12-19,Multi Leg auto-electronic trade,Consumer Staples,Beverages - Alcohol,228.0,231.86,226.81,227.05,303,4.038421445642459,4,1,1,1,0
STZ,Consumer Staples,Beverages - Alcohol,35__0,35,0.0,8. p75_trade_value,8000.0,14520.000000000002,O:STZ250110P00225000,STZ,P,225.0,2025-01-10,233,0,312,4.7,1734621644667000000,23,10810.0,2024-12-19,Multi Leg Auction,Consumer Staples,Beverages - Alcohol,228.0,231.86,226.81,227.05,308,4.03382569395331,4,1,1,1,0
STZ,Consumer Staples,Beverages - Alcohol,35__0,35,0.0,8. p75_trade_value,8000.0,14520.000000000002,O:STZ250117P00225000,STZ,P,225.0,2025-01-17,209,0,325,5.1,1734629125516000000,26,13260.0,2024-12-19,Automatic Execution,Consumer Staples,Beverages - Alcohol,228.0,231.86,226.81,227.05,221,4.122543524068754,3,1,1,1,0
STZ,Consumer Staples,Beverages - Alcohol,35__0,35,0.0,7. p90_trade_value,14580.000000000002,20240.0,O:STZ250117P00225000,STZ,P,225.0,2025-01-17,209,0,325,5.2,1734628958585000000,32,16640.0,2024-12-19,Automatic Execution,Consumer Staples,Beverages - Alcohol,228.0,231.86,226.81,227.05,147,4.221153321954705,2,1,1,1,0
STZ,Consumer Staples,Beverages - Alcohol,35__0,35,0.0,8. p75_trade_value,8000.0,14520.000000000002,O:STZ250117C00230000,STZ,C,230.0,2025-01-17,227,0,301,4.91,1734965870646000000,17,8347.0,2024-12-23,Single Leg Auction Non ISO,Consumer Staples,Beverages - Alcohol,226.84,228.28,223.6791,226.36,440,3.9215304135012423,5,0,0,0,1
STZ,Consumer Staples,Beverages - Alcohol,35__0,35,0.0,6. p95_trade_value,20250.0,98800.0,O:STZ250117P00220000,STZ,P,220.0,2025-01-17,209,0,320,3.5,1734976052840000000,90,31500.0,2024-12-23,Automatic Execution,Consumer Staples,Beverages - Alcohol,226.84,228.28,223.6791,226.36,54,4.498310553789601,1,1,1,1,0
STZ,Consumer Staples,Beverages - Alcohol,35__0,35,0.0,6. p95_trade_value,20250.0,98800.0,O:STZ250103C00227500,STZ,C,227.5,2025-01-03,232,0,308,2.02,1735050797987000000,115,23230.0,2024-12-24,Multi Leg auto-electronic trade,Consumer Staples,Beverages - Alcohol,225.75,226.01,223.32,225.4,77,4.366049209800235,1,0,0,0,1
STZ,Consumer Staples,Beverages - Alcohol,35__0,35,0.0,8. p75_trade_value,8000.0,14520.000000000002,O:STZ250117C00230000,STZ,C,230.0,2025-01-17,227,0,304,2.95,1735312610693000000,48,14160.000000000002,2024-12-27,Single Leg Auction Non ISO,Consumer Staples,Beverages - Alcohol,222.99,224.5987,221.305,222.71,196,4.15106325335375,3,0,0,0,1
STZ,Consumer Staples,Beverages - Alcohol,35__0,35,0.0,8. p75_trade_value,8000.0,14520.000000000002,O:STZ250117C00230000,STZ,C,230.0,2025-01-17,209,0,308,3.0,1735312868863000000,35,10500.0,2024-12-27,Automatic Execution,Consumer Staples,Beverages - Alcohol,222.99,224.5987,221.305,222.71,327,4.021189299069938,4,0,0,0,1
STZ,Consumer Staples,Beverages - Alcohol,35__0,35,0.0,8. p75_trade_value,8000.0,14520.000000000002,O:STZ250117C00230000,STZ,C,230.0,2025-01-17,227,0,301,3.0,1735312850838000000,39,11700.0,2024-12-27,Single Leg Auction Non ISO,Consumer Staples,Beverages - Alcohol,222.99,224.5987,221.305,222.71,267,4.068185861746161,3,0,0,0,1
STZ,Consumer Staples,Beverages - Alcohol,35__0,35,0.0,7. p90_trade_value,14580.000000000002,20240.0,O:STZ250117C00230000,STZ,C,230.0,2025-01-17,209,0,315,3.0,1735314295545000000,50,15000.0,2024-12-27,Automatic Execution,Consumer Staples,Beverages - Alcohol,222.99,224.5987,221.305,222.71,178,4.176091259055681,2,0,0,0,1
STZ,Consumer Staples,Beverages - Alcohol,35__0,35,0.0,8. p75_trade_value,8000.0,14520.000000000002,O:STZ250117C00230000,STZ,C,230.0,2025-01-17,227,0,323,2.37,1735321277596000000,50,11850.0,2024-12-27,Single Leg Auction Non ISO,Consumer Staples,Beverages - Alcohol,222.99,224.5987,221.305,222.71,265,4.073718350346122,3,0,0,0,1
STZ,Consumer Staples,Beverages - Alcohol,35__0,35,0.0,8. p75_trade_value,8000.0,14520.000000000002,O:STZ250117C00230000,STZ,C,230.0,2025-01-17,227,0,300,2.85,1735312564127000000,45,12825.0,2024-12-27,Single Leg Auction Non ISO,Consumer Staples,Beverages - Alcohol,222.99,224.5987,221.305,222.71,236,4.108057373783854,3,0,0,0,1
STZ,Consumer Staples,Beverages - Alcohol,35__0,35,0.0,8. p75_trade_value,8000.0,14520.000000000002,O:STZ250117C00230000,STZ,C,230.0,2025-01-17,227,0,323,2.4,1735321220171000000,35,8400.0,2024-12-27,Single Leg Auction Non ISO,Consumer Staples,Beverages - Alcohol,222.99,224.5987,221.305,222.71,438,3.9242792860618816,5,0,0,0,1
STZ,Consumer Staples,Beverages - Alcohol,35__0,35,0.0,8. p75_trade_value,8000.0,14520.000000000002,O:STZ250117P00210000,STZ,P,210.0,2025-01-17,209,0,316,1.45,1735574404678000000,100,14500.0,2024-12-30,Automatic Execution,Consumer Staples,Beverages - Alcohol,222.67,222.81,219.57,219.66,190,4.161368002234975,3,1,1,1,0
STZ,Consumer Staples,Beverages - Alcohol,35__0,35,0.0,7. p90_trade_value,14580.000000000002,20240.0,O:STZ250117P00217500,STZ,P,217.5,2025-01-17,232,0,308,3.12,1735660799805000000,60,18720.0,2024-12-31,Multi Leg auto-electronic trade,Consumer Staples,Beverages - Alcohol,220.2,222.18,219.535,221.0,116,4.272305844402086,2,1,1,1,0
STZ,Consumer Staples,Beverages - Alcohol,35__0,35,0.0,5. p99_trade_value,116144.0,485640.00000000006,O:STZ250110C00227500,STZ,C,227.5,2025-01-10,233,0,323,1.54,1735927382295000000,1797,276738.0,2025-01-03,Multi Leg Auction,Consumer Staples,Beverages - Alcohol,217.8,222.17,217.52,221.92,7,5.442068797945437,1,1,0,0,0
STZ,Consumer Staples,Beverages - Alcohol,35__0,35,0.0,8. p75_trade_value,8000.0,14520.000000000002,O:STZ250117C00230000,STZ,C,230.0,2025-01-17,209,0,320,1.6,1735923743346000000,50,8000.0,2025-01-03,Automatic Execution,Consumer Staples,Beverages - Alcohol,217.8,222.17,217.52,221.92,462,3.9030899869919438,5,0,0,0,1
STZ,Consumer Staples,Beverages - Alcohol,35__0,35,0.0,8. p75_trade_value,8000.0,14520.000000000002,O:STZ250124C00235000,STZ,C,235.0,2025-01-24,227,0,323,1.39,1735934017562000000,100,13900.0,2025-01-03,Single Leg Auction Non ISO,Consumer Staples,Beverages - Alcohol,217.8,222.17,217.52,221.92,206,4.143014800254095,3,0,0,0,1
STZ,Consumer Staples,Beverages - Alcohol,35__0,35,0.0,8. p75_trade_value,8000.0,14520.000000000002,O:STZ250110C00237500,STZ,C,237.5,2025-01-10,209,0,325,0.7,1736180269909000000,115,8050.0,2025-01-06,Automatic Execution,Consumer Staples,Beverages - Alcohol,224.0,228.89,222.385,222.93,460,3.9057958803678687,5,0,0,0,1
STZ,Consumer Staples,Beverages - Alcohol,35__0,35,0.0,6. p95_trade_value,20250.0,98800.0,O:STZ250110P00220000,STZ,P,220.0,2025-01-10,209,0,308,1.35,1736176814319000000,150,20250.0,2025-01-06,Automatic Execution,Consumer Staples,Beverages - Alcohol,224.0,228.89,222.385,222.93,94,4.306425027550687,1,1,1,1,0
STZ,Consumer Staples,Beverages - Alcohol,35__0,35,0.0,8. p75_trade_value,8000.0,14520.000000000002,O:STZ250110P00220000,STZ,P,220.0,2025-01-10,209,0,322,2.05,1736186544997000000,50,10249.999999999998,2025-01-06,Automatic Execution,Consumer Staples,Beverages - Alcohol,224.0,228.89,222.385,222.93,333,4.010723865391773,4,1,1,1,0
STZ,Consumer Staples,Beverages - Alcohol,35__0,35,0.0,8. p75_trade_value,8000.0,14520.000000000002,O:STZ250117C00230000,STZ,C,230.0,2025-01-17,209,0,308,4.0,1736176747416000000,20,8000.0,2025-01-06,Automatic Execution,Consumer Staples,Beverages - Alcohol,224.0,228.89,222.385,222.93,467,3.9030899869919438,5,0,0,0,1
STZ,Consumer Staples,Beverages - Alcohol,35__0,35,0.0,8. p75_trade_value,8000.0,14520.000000000002,O:STZ250117C00230000,STZ,C,230.0,2025-01-17,209,0,320,4.0,1736174878703000000,20,8000.0,2025-01-06,Automatic Execution,Consumer Staples,Beverages - Alcohol,224.0,228.89,222.385,222.93,466,3.9030899869919438,5,0,0,0,1
STZ,Consumer Staples,Beverages - Alcohol,35__0,35,0.0,7. p90_trade_value,14580.000000000002,20240.0,O:STZ250117C00230000,STZ,C,230.0,2025-01-17,209,0,303,4.0,1736174814155000000,50,20000.0,2025-01-06,Automatic Execution,Consumer Staples,Beverages - Alcohol,224.0,228.89,222.385,222.93,99,4.301029995663981,2,0,0,0,1
STZ,Consumer Staples,Beverages - Alcohol,35__0,35,0.0,7. p90_trade_value,14580.000000000002,20240.0,O:STZ250117C00230000,STZ,C,230.0,2025-01-17,209,0,303,4.0,1736174822076000000,50,20000.0,2025-01-06,Automatic Execution,Consumer Staples,Beverages - Alcohol,224.0,228.89,222.385,222.93,101,4.301029995663981,2,0,0,0,1
STZ,Consumer Staples,Beverages - Alcohol,35__0,35,0.0,7. p90_trade_value,14580.000000000002,20240.0,O:STZ250117C00230000,STZ,C,230.0,2025-01-17,209,0,303,4.0,1736174830643000000,50,20000.0,2025-01-06,Automatic Execution,Consumer Staples,Beverages - Alcohol,224.0,228.89,222.385,222.93,97,4.301029995663981,2,0,0,0,1
STZ,Consumer Staples,Beverages - Alcohol,35__0,35,0.0,7. p90_trade_value,14580.000000000002,20240.0,O:STZ250117C00230000,STZ,C,230.0,2025-01-17,227,0,323,4.0,1736174838694000000,50,20000.0,2025-01-06,Single Leg Auction Non ISO,Consumer Staples,Beverages - Alcohol,224.0,228.89,222.385,222.93,98,4.301029995663981,2,0,0,0,1
STZ,Consumer Staples,Beverages - Alcohol,35__0,35,0.0,7. p90_trade_value,14580.000000000002,20240.0,O:STZ250117C00230000,STZ,C,230.0,2025-01-17,209,0,308,4.0,1736174892212000000,50,20000.0,2025-01-06,Automatic Execution,Consumer Staples,Beverages - Alcohol,224.0,228.89,222.385,222.93,100,4.301029995663981,2,0,0,0,1
STZ,Consumer Staples,Beverages - Alcohol,35__0,35,0.0,8. p75_trade_value,8000.0,14520.000000000002,O:STZ250110P00217500,STZ,P,217.5,2025-01-10,209,0,322,3.3,1736281361722000000,25,8250.0,2025-01-07,Automatic Execution,Consumer Staples,Beverages - Alcohol,223.69,226.22,218.06,218.51,445,3.916453948549925,5,1,1,1,0
STZ,Consumer Staples,Beverages - Alcohol,35__0,35,0.0,8. p75_trade_value,8000.0,14520.000000000002,O:STZ250110C00225000,STZ,C,225.0,2025-01-10,209,0,308,1.65,1736352469672000000,74,12210.0,2025-01-08,Automatic Execution,Consumer Staples,Beverages - Alcohol,217.47,220.585,217.47,219.28,252,4.086715663944882,3,0,0,0,1
STZ,Consumer Staples,Beverages - Alcohol,35__0,35,0.0,6. p95_trade_value,20250.0,98800.0,O:STZ250110P00212500,STZ,P,212.5,2025-01-10,209,0,308,1.4,1736369694639000000,150,21000.0,2025-01-08,Automatic Execution,Consumer Staples,Beverages - Alcohol,217.47,220.585,217.47,219.28,89,4.3222192947339195,1,1,1,1,0
STZ,Consumer Staples,Beverages - Alcohol,35__0,35,0.0,6. p95_trade_value,20250.0,98800.0,O:STZ250110P00215000,STZ,P,215.0,2025-01-10,209,0,308,2.55,1736350308831000000,100,25499.999999999996,2025-01-08,Automatic Execution,Consumer Staples,Beverages - Alcohol,217.47,220.585,217.47,219.28,64,4.4065401804339555,1,1,1,1,0
STZ,Consumer Staples,Beverages - Alcohol,35__0,35,0.0,8. p75_trade_value,8000.0,14520.000000000002,O:STZ250117C00225000,STZ,C,225.0,2025-01-17,209,0,308,2.15,1736348286247000000,50,10750.0,2025-01-08,Automatic Execution,Consumer Staples,Beverages - Alcohol,217.47,220.585,217.47,219.28,314,4.031408464251625,4,0,0,0,1
STZ,Consumer Staples,Beverages - Alcohol,35__0,35,0.0,7. p90_trade_value,14580.000000000002,20240.0,O:STZ250117C00190000,STZ,C,190.0,2025-01-17,232,0,323,1.5,1736800909050000000,120,18000.0,2025-01-13,Multi Leg auto-electronic trade,Consumer Staples,Beverages - Alcohol,178.77,189.07,176.51,185.91,124,4.2552725051033065,2,0,0,0,1
STZ,Consumer Staples,Beverages - Alcohol,35__0,35,0.0,8. p75_trade_value,8000.0,14520.000000000002,O:STZ250117P00180000,STZ,P,180.0,2025-01-17,209,0,308,1.5,1736872607942000000,68,10200.0,2025-01-14,Automatic Execution,Consumer Staples,Beverages - Alcohol,184.13,186.14,180.4431,182.2,336,4.008600171761918,4,1,0,0,0
STZ,Consumer Staples,Beverages - Alcohol,35__0,35,0.0,8. p75_trade_value,8000.0,14520.000000000002,O:STZ250207C00200000,STZ,C,200.0,2025-02-07,209,0,308,0.5,1736866805038000000,200,10000.0,2025-01-14,Automatic Execution,Consumer Staples,Beverages - Alcohol,184.13,186.14,180.4431,182.2,351,4.0,4,0,0,0,1
STZ,Consumer Staples,Beverages - Alcohol,35__0,35,0.0,8. p75_trade_value,8000.0,14520.000000000002,O:STZ250207P00180000,STZ,P,180.0,2025-02-07,209,0,316,3.8,1736884523863000000,34,12919.999999999998,2025-01-14,Automatic Execution,Consumer Staples,Beverages - Alcohol,184.13,186.14,180.4431,182.2,233,4.1112625136590655,3,1,1,1,0
STZ,Consumer Staples,Beverages - Alcohol,35__0,35,0.0,7. p90_trade_value,14580.000000000002,20240.0,O:STZ250207P00180000,STZ,P,180.0,2025-02-07,209,0,316,4.2,1736874266337000000,35,14700.0,2025-01-14,Automatic Execution,Consumer Staples,Beverages - Alcohol,184.13,186.14,180.4431,182.2,182,4.1673173347481764,2,1,1,1,0
STZ,Consumer Staples,Beverages - Alcohol,35__0,35,0.0,8. p75_trade_value,8000.0,14520.000000000002,O:STZ250207C00200000,STZ,C,200.0,2025-02-07,209,0,308,0.55,1737054142227000000,200,11000.000000000002,2025-01-16,Automatic Execution,Consumer Staples,Beverages - Alcohol,180.32,186.465,180.0,184.57,300,4.041392685158225,4,0,0,0,1
STZ,Consumer Staples,Beverages - Alcohol,35__0,35,0.0,8. p75_trade_value,8000.0,14520.000000000002,O:STZ250207C00200000,STZ,C,200.0,2025-02-07,209,0,308,0.2,1737476681162000000,478,9560.0,2025-01-21,Automatic Execution,Consumer Staples,Beverages - Alcohol,184.88,184.9999,179.865,183.08,372,3.9804578922761,4,0,0,0,1
STZ,Consumer Staples,Beverages - Alcohol,35__0,35,0.0,8. p75_trade_value,8000.0,14520.000000000002,O:STZ250207P00175000,STZ,P,175.0,2025-02-07,209,0,316,2.3,1737570837880000000,53,12190.0,2025-01-22,Automatic Execution,Consumer Staples,Beverages - Alcohol,183.45,183.45,178.37,178.96,254,4.086003705618382,3,1,1,1,0
STZ,Consumer Staples,Beverages - Alcohol,35__0,35,0.0,6. p95_trade_value,20250.0,98800.0,O:STZ250131P00175000,STZ,P,175.0,2025-01-31,235,0,300,1.85,1737657824147000000,150,27750.0,2025-01-23,Multi Leg floor trade,Consumer Staples,Beverages - Alcohol,179.63,179.665,176.93,179.5,61,4.443262987458695,1,0,0,0,1
STZ,Consumer Staples,Beverages - Alcohol,35__0,35,0.0,8. p75_trade_value,8000.0,14520.000000000002,O:STZ250131P00175000,STZ,P,175.0,2025-01-31,235,0,300,0.21,1737729276597000000,525,11025.0,2025-01-24,Multi Leg floor trade,Consumer Staples,Beverages - Alcohol,180.96,183.42,179.97,183.1,297,4.0423785981398765,4,0,0,0,1
STZ,Consumer Staples,Beverages - Alcohol,35__0,35,0.0,5. p99_trade_value,116144.0,485640.00000000006,O:STZ250207C00187500,STZ,C,187.5,2025-02-07,235,0,323,1.75,1737733047479000000,1000,175000.0,2025-01-24,Multi Leg floor trade,Consumer Staples,Beverages - Alcohol,180.96,183.42,179.97,183.1,15,5.243038048686294,1,1,0,0,0
STZ,Consumer Staples,Beverages - Alcohol,35__0,35,0.0,6. p95_trade_value,20250.0,98800.0,O:STZ250207P00177500,STZ,P,177.5,2025-02-07,235,0,300,2.08,1737729276597000000,475,98800.0,2025-01-24,Multi Leg floor trade,Consumer Staples,Beverages - Alcohol,180.96,183.42,179.97,183.1,20,4.994756944587628,1,1,1,1,0
STZ,Consumer Staples,Beverages - Alcohol,35__0,35,0.0,8. p75_trade_value,8000.0,14520.000000000002,O:STZ250221C00185000,STZ,C,185.0,2025-02-21,209,0,313,3.7,1737747165457000000,24,8880.000000000002,2025-01-24,Automatic Execution,Consumer Staples,Beverages - Alcohol,180.96,183.42,179.97,183.1,403,3.948412965778601,5,1,0,0,0
STZ,Consumer Staples,Beverages - Alcohol,35__0,35,0.0,8. p75_trade_value,8000.0,14520.000000000002,O:STZ250221C00185000,STZ,C,185.0,2025-02-21,209,0,313,3.7,1737746965730000000,30,11100.0,2025-01-24,Automatic Execution,Consumer Staples,Beverages - Alcohol,180.96,183.42,179.97,183.1,294,4.045322978786658,4,1,0,0,0
STZ,Consumer Staples,Beverages - Alcohol,35__0,35,0.0,8. p75_trade_value,8000.0,14520.000000000002,O:STZ250221C00185000,STZ,C,185.0,2025-02-21,209,0,313,3.7,1737747369467000000,34,12580.000000000002,2025-01-24,Automatic Execution,Consumer Staples,Beverages - Alcohol,180.96,183.42,179.97,183.1,238,4.09968064110925,3,1,0,0,0
STZ,Consumer Staples,Beverages - Alcohol,35__0,35,0.0,5. p99_trade_value,116144.0,485640.00000000006,O:STZ250221C00190000,STZ,C,190.0,2025-02-21,235,0,323,1.75,1737733047479000000,1000,175000.0,2025-01-24,Multi Leg floor trade,Consumer Staples,Beverages - Alcohol,180.96,183.42,179.97,183.1,16,5.243038048686294,1,0,0,0,1
STZ,Consumer Staples,Beverages - Alcohol,35__0,35,0.0,8. p75_trade_value,8000.0,14520.000000000002,O:STZ250221P00170000,STZ,P,170.0,2025-02-21,209,0,308,1.1,1737749444271000000,101,11110.0,2025-01-24,Automatic Execution,Consumer Staples,Beverages - Alcohol,180.96,183.42,179.97,183.1,292,4.0457140589408676,4,1,0,0,0
STZ,Consumer Staples,Beverages - Alcohol,35__0,35,0.0,8. p75_trade_value,8000.0,14520.000000000002,O:STZ250207C00195000,STZ,C,195.0,2025-02-07,209,0,316,1.3,1738010837262000000,64,8320.0,2025-01-27,Automatic Execution,Consumer Staples,Beverages - Alcohol,184.71,188.95,183.945,187.94,442,3.920123326290724,5,0,0,0,1
STZ,Consumer Staples,Beverages - Alcohol,35__0,35,0.0,6. p95_trade_value,20250.0,98800.0,O:STZ250207C00200000,STZ,C,200.0,2025-02-07,209,0,308,0.5,1737999784406000000,1008,50400.0,2025-01-27,Automatic Execution,Consumer Staples,Beverages - Alcohol,184.71,188.95,183.945,187.94,34,4.702430536445525,1,0,0,0,1
STZ,Consumer Staples,Beverages - Alcohol,35__0,35,0.0,6. p95_trade_value,20250.0,98800.0,O:STZ250207C00200000,STZ,C,200.0,2025-02-07,209,0,308,0.45,1737999765743000000,500,22500.0,2025-01-27,Automatic Execution,Consumer Staples,Beverages - Alcohol,184.71,188.95,183.945,187.94,81,4.352182518111363,1,0,0,0,1
STZ,Consumer Staples,Beverages - Alcohol,35__0,35,0.0,8. p75_trade_value,8000.0,14520.000000000002,O:STZ250221P00172500,STZ,P,172.5,2025-02-21,227,0,312,0.93,1737995685832000000,99,9207.0,2025-01-27,Single Leg Auction Non ISO,Consumer Staples,Beverages - Alcohol,184.71,188.95,183.945,187.94,386,3.964118143151485,5,1,1,0,0
STZ,Consumer Staples,Beverages - Alcohol,35__0,35,0.0,8. p75_trade_value,8000.0,14520.000000000002,O:STZ250221P00177500,STZ,P,177.5,2025-02-21,209,0,320,1.45,1738006123111000000,61,8845.0,2025-01-27,Automatic Execution,Consumer Staples,Beverages - Alcohol,184.71,188.95,183.945,187.94,407,3.946697837245742,5,1,1,1,0
STZ,Consumer Staples,Beverages - Alcohol,35__0,35,0.0,8. p75_trade_value,8000.0,14520.000000000002,O:STZ250131C00192500,STZ,C,192.5,2025-01-31,209,0,313,0.4,1738077919946000000,300,12000.0,2025-01-28,Automatic Execution,Consumer Staples,Beverages - Alcohol,186.59,188.5457,182.77,183.09,261,4.079181246047625,3,0,0,0,1
STZ,Consumer Staples,Beverages - Alcohol,35__0,35,0.0,7. p90_trade_value,14580.000000000002,20240.0,O:STZ250207C00185000,STZ,C,185.0,2025-02-07,209,0,313,2.55,1738171011208000000,68,17339.999999999996,2025-01-29,Automatic Execution,Consumer Staples,Beverages - Alcohol,183.94,184.05,181.2301,182.23,133,4.239049093140191,2,1,0,0,0
STZ,Consumer Staples,Beverages - Alcohol,35__0,35,0.0,7. p90_trade_value,14580.000000000002,20240.0,O:STZ250207C00185000,STZ,C,185.0,2025-02-07,209,0,313,2.6,1738171014379000000,68,17680.0,2025-01-29,Automatic Execution,Consumer Staples,Beverages - Alcohol,183.94,184.05,181.2301,182.23,130,4.247482260677054,2,1,0,0,0
STZ,Consumer Staples,Beverages - Alcohol,35__0,35,0.0,7. p90_trade_value,14580.000000000002,20240.0,O:STZ250207C00185000,STZ,C,185.0,2025-02-07,209,0,313,2.6,1738171014379000000,68,17680.0,2025-01-29,Automatic Execution,Consumer Staples,Beverages - Alcohol,183.94,184.05,181.2301,182.23,129,4.247482260677054,2,1,0,0,0
STZ,Consumer Staples,Beverages - Alcohol,35__0,35,0.0,7. p90_trade_value,14580.000000000002,20240.0,O:STZ250207C00185000,STZ,C,185.0,2025-02-07,209,0,313,2.5,1738170995080000000,68,17000.0,2025-01-29,Automatic Execution,Consumer Staples,Beverages - Alcohol,183.94,184.05,181.2301,182.23,142,4.230448921378274,2,1,0,0,0
STZ,Consumer Staples,Beverages - Alcohol,35__0,35,0.0,8. p75_trade_value,8000.0,14520.000000000002,O:STZ250207C00185000,STZ,C,185.0,2025-02-07,209,0,313,2.35,1738176549874000000,55,12925.0,2025-01-29,Automatic Execution,Consumer Staples,Beverages - Alcohol,183.94,184.05,181.2301,182.23,232,4.11143055176598,3,1,0,0,0
STZ,Consumer Staples,Beverages - Alcohol,35__0,35,0.0,7. p90_trade_value,14580.000000000002,20240.0,O:STZ250207C00185000,STZ,C,185.0,2025-02-07,209,0,313,2.5,1738170994823000000,68,17000.0,2025-01-29,Automatic Execution,Consumer Staples,Beverages - Alcohol,183.94,184.05,181.2301,182.23,141,4.230448921378274,2,1,0,0,0
STZ,Consumer Staples,Beverages - Alcohol,35__0,35,0.0,7. p90_trade_value,14580.000000000002,20240.0,O:STZ250207C00185000,STZ,C,185.0,2025-02-07,209,0,313,2.55,1738171011202000000,68,17339.999999999996,2025-01-29,Automatic Execution,Consumer Staples,Beverages - Alcohol,183.94,184.05,181.2301,182.23,134,4.239049093140191,2,1,0,0,0
STZ,Consumer Staples,Beverages - Alcohol,35__0,35,0.0,6. p95_trade_value,20250.0,98800.0,O:STZ250207C00185000,STZ,C,185.0,2025-02-07,209,0,308,2.45,1738176613376000000,99,24255.0,2025-01-29,Automatic Execution,Consumer Staples,Beverages - Alcohol,183.94,184.05,181.2301,182.23,71,4.384801278962082,1,1,0,0,0
STZ,Consumer Staples,Beverages - Alcohol,35__0,35,0.0,6. p95_trade_value,20250.0,98800.0,O:STZ250207C00185000,STZ,C,185.0,2025-02-07,209,0,308,2.45,1738176630051000000,100,24500.000000000004,2025-01-29,Automatic Execution,Consumer Staples,Beverages - Alcohol,183.94,184.05,181.2301,182.23,70,4.389166084364533,1,1,0,0,0
STZ,Consumer Staples,Beverages - Alcohol,35__0,35,0.0,7. p90_trade_value,14580.000000000002,20240.0,O:STZ250207C00185000,STZ,C,185.0,2025-02-07,209,0,313,2.6,1738171014379000000,68,17680.0,2025-01-29,Automatic Execution,Consumer Staples,Beverages - Alcohol,183.94,184.05,181.2301,182.23,128,4.247482260677054,2,1,0,0,0
STZ,Consumer Staples,Beverages - Alcohol,35__0,35,0.0,8. p75_trade_value,8000.0,14520.000000000002,O:STZ250207P00180000,STZ,P,180.0,2025-02-07,209,0,313,2.8,1738171005360000000,32,8960.0,2025-01-29,Automatic Execution,Consumer Staples,Beverages - Alcohol,183.94,184.05,181.2301,182.23,400,3.9523080096621253,5,1,1,1,0
STZ,Consumer Staples,Beverages - Alcohol,35__0,35,0.0,8. p75_trade_value,8000.0,14520.000000000002,O:STZ250207P00180000,STZ,P,180.0,2025-02-07,209,0,313,2.8,1738171005360000000,32,8960.0,2025-01-29,Automatic Execution,Consumer Staples,Beverages - Alcohol,183.94,184.05,181.2301,182.23,401,3.9523080096621253,5,1,1,1,0
STZ,Consumer Staples,Beverages - Alcohol,35__0,35,0.0,6. p95_trade_value,20250.0,98800.0,O:STZ250207P00180000,STZ,P,180.0,2025-02-07,209,0,313,2.8,1738171005540000000,132,36960.0,2025-01-29,Automatic Execution,Consumer Staples,Beverages - Alcohol,183.94,184.05,181.2301,182.23,47,4.567731962548069,1,1,1,1,0
STZ,Consumer Staples,Beverages - Alcohol,35__0,35,0.0,8. p75_trade_value,8000.0,14520.000000000002,O:STZ250207P00180000,STZ,P,180.0,2025-02-07,209,0,313,2.8,1738176484073000000,48,13439.999999999998,2025-01-29,Automatic Execution,Consumer Staples,Beverages - Alcohol,183.94,184.05,181.2301,182.23,217,4.128399268717806,3,1,1,1,0
STZ,Consumer Staples,Beverages - Alcohol,35__0,35,0.0,8. p75_trade_value,8000.0,14520.000000000002,O:STZ250207P00180000,STZ,P,180.0,2025-02-07,209,0,308,2.5,1738248362790000000,40,10000.0,2025-01-30,Automatic Execution,Consumer Staples,Beverages - Alcohol,183.135,187.14,182.12,184.32,352,4.0,4,1,1,1,0
STZ,Consumer Staples,Beverages - Alcohol,35__0,35,0.0,8. p75_trade_value,8000.0,14520.000000000002,O:STZ250207P00180000,STZ,P,180.0,2025-02-07,232,0,308,2.73,1738269816283000000,50,13650.0,2025-01-30,Multi Leg auto-electronic trade,Consumer Staples,Beverages - Alcohol,183.135,187.14,182.12,184.32,212,4.135132651376775,3,1,1,1,0
STZ,Consumer Staples,Beverages - Alcohol,35__0,35,0.0,6. p95_trade_value,20250.0,98800.0,O:STZ250207P00180000,STZ,P,180.0,2025-02-07,209,0,308,2.5,1738248294462000000,101,25250.0,2025-01-30,Automatic Execution,Consumer Staples,Beverages - Alcohol,183.135,187.14,182.12,184.32,67,4.402261382454681,1,1,1,1,0
STZ,Consumer Staples,Beverages - Alcohol,35__0,35,0.0,6. p95_trade_value,20250.0,98800.0,O:STZ250207P00180000,STZ,P,180.0,2025-02-07,209,0,308,2.5,1738248300004000000,83,20750.0,2025-01-30,Automatic Execution,Consumer Staples,Beverages - Alcohol,183.135,187.14,182.12,184.32,91,4.317018101048111,1,1,1,1,0
STZ,Consumer Staples,Beverages - Alcohol,35__0,35,0.0,7. p90_trade_value,14580.000000000002,20240.0,O:STZ250207P00180000,STZ,P,180.0,2025-02-07,209,0,308,2.5,1738248296983000000,72,18000.0,2025-01-30,Automatic Execution,Consumer Staples,Beverages - Alcohol,183.135,187.14,182.12,184.32,125,4.2552725051033065,2,1,1,1,0
STZ,Consumer Staples,Beverages - Alcohol,35__0,35,0.0,7. p90_trade_value,14580.000000000002,20240.0,O:STZ250207P00180000,STZ,P,180.0,2025-02-07,209,0,308,2.5,1738248287110000000,65,16250.0,2025-01-30,Automatic Execution,Consumer Staples,Beverages - Alcohol,183.135,187.14,182.12,184.32,151,4.210853365314893,2,1,1,1,0
STZ,Consumer Staples,Beverages - Alcohol,35__0,35,0.0,7. p90_trade_value,14580.000000000002,20240.0,O:STZ250207P00180000,STZ,P,180.0,2025-02-07,209,0,308,2.5,1738248248053000000,63,15750.0,2025-01-30,Automatic Execution,Consumer Staples,Beverages - Alcohol,183.135,187.14,182.12,184.32,157,4.19728055812562,2,1,1,1,0
STZ,Consumer Staples,Beverages - Alcohol,35__0,35,0.0,8. p75_trade_value,8000.0,14520.000000000002,O:STZ250207P00180000,STZ,P,180.0,2025-02-07,209,0,308,2.5,1738248366187000000,32,8000.0,2025-01-30,Automatic Execution,Consumer Staples,Beverages - Alcohol,183.135,187.14,182.12,184.32,468,3.9030899869919438,5,1,1,1,0
STZ,Consumer Staples,Beverages - Alcohol,35__0,35,0.0,8. p75_trade_value,8000.0,14520.000000000002,O:STZ250221C00195000,STZ,C,195.0,2025-02-21,209,0,308,1.8,1738261328261000000,50,9000.0,2025-01-30,Automatic Execution,Consumer Staples,Beverages - Alcohol,183.135,187.14,182.12,184.32,398,3.9542425094393248,5,0,0,0,1
STZ,Consumer Staples,Beverages - Alcohol,35__0,35,0.0,6. p95_trade_value,20250.0,98800.0,O:STZ250207C00187500,STZ,C,187.5,2025-02-07,209,0,325,2.4,1738334155354000000,226,54240.0,2025-01-31,Automatic Execution,Consumer Staples,Beverages - Alcohol,184.0,184.4,180.01,180.8,28,4.734319680859007,1,0,0,0,1
STZ,Consumer Staples,Beverages - Alcohol,35__0,35,0.0,6. p95_trade_value,20250.0,98800.0,O:STZ250207C00187500,STZ,C,187.5,2025-02-07,209,0,308,2.3,1738343570467000000,122,28059.999999999996,2025-01-31,Automatic Execution,Consumer Staples,Beverages - Alcohol,184.0,184.4,180.01,180.8,60,4.4480876666923415,1,0,0,0,1
STZ,Consumer Staples,Beverages - Alcohol,35__0,35,0.0,7. p90_trade_value,14580.000000000002,20240.0,O:STZ250207C00187500,STZ,C,187.5,2025-02-07,209,0,308,2.25,1738343571577000000,68,15300.0,2025-01-31,Automatic Execution,Consumer Staples,Beverages - Alcohol,184.0,184.4,180.01,180.8,168,4.184691430817598,2,0,0,0,1
STZ,Consumer Staples,Beverages - Alcohol,35__0,35,0.0,8. p75_trade_value,8000.0,14520.000000000002,O:STZ250207C00192500,STZ,C,192.5,2025-02-07,232,0,308,0.43,1738346914494000000,267,11481.0,2025-01-31,Multi Leg auto-electronic trade,Consumer Staples,Beverages - Alcohol,184.0,184.4,180.01,180.8,278,4.059979716944162,3,0,0,0,1
STZ,Consumer Staples,Beverages - Alcohol,35__0,35,0.0,7. p90_trade_value,14580.000000000002,20240.0,O:STZ250207P00180000,STZ,P,180.0,2025-02-07,209,0,325,2.95,1738347768665000000,65,19175.0,2025-01-31,Automatic Execution,Consumer Staples,Beverages - Alcohol,184.0,184.4,180.01,180.8,106,4.282735372621018,2,1,1,1,0
STZ,Consumer Staples,Beverages - Alcohol,35__0,35,0.0,7. p90_trade_value,14580.000000000002,20240.0,O:STZ250207P00180000,STZ,P,180.0,2025-02-07,209,0,325,2.95,1738347768665000000,65,19175.0,2025-01-31,Automatic Execution,Consumer Staples,Beverages - Alcohol,184.0,184.4,180.01,180.8,105,4.282735372621018,2,1,1,1,0
STZ,Consumer Staples,Beverages - Alcohol,35__0,35,0.0,8. p75_trade_value,8000.0,14520.000000000002,O:STZ250207P00180000,STZ,P,180.0,2025-02-07,209,0,325,2.85,1738347762749000000,49,13965.0,2025-01-31,Automatic Execution,Consumer Staples,Beverages - Alcohol,184.0,184.4,180.01,180.8,203,4.145040940037024,3,1,1,1,0
STZ,Consumer Staples,Beverages - Alcohol,35__0,35,0.0,7. p90_trade_value,14580.000000000002,20240.0,O:STZ250207P00180000,STZ,P,180.0,2025-02-07,209,0,325,2.95,1738347768665000000,65,19175.0,2025-01-31,Automatic Execution,Consumer Staples,Beverages - Alcohol,184.0,184.4,180.01,180.8,107,4.282735372621018,2,1,1,1,0
STZ,Consumer Staples,Beverages - Alcohol,35__0,35,0.0,7. p90_trade_value,14580.000000000002,20240.0,O:STZ250207P00180000,STZ,P,180.0,2025-02-07,209,0,325,2.95,1738347768453000000,65,19175.0,2025-01-31,Automatic Execution,Consumer Staples,Beverages - Alcohol,184.0,184.4,180.01,180.8,108,4.282735372621018,2,1,1,1,0
STZ,Consumer Staples,Beverages - Alcohol,35__0,35,0.0,8. p75_trade_value,8000.0,14520.000000000002,O:STZ250207P00180000,STZ,P,180.0,2025-02-07,209,0,325,2.85,1738347762747000000,49,13965.0,2025-01-31,Automatic Execution,Consumer Staples,Beverages - Alcohol,184.0,184.4,180.01,180.8,204,4.145040940037024,3,1,1,1,0
STZ,Consumer Staples,Beverages - Alcohol,35__0,35,0.0,7. p90_trade_value,14580.000000000002,20240.0,O:STZ250207P00180000,STZ,P,180.0,2025-02-07,209,0,325,2.85,1738347762741000000,65,18525.0,2025-01-31,Automatic Execution,Consumer Staples,Beverages - Alcohol,184.0,184.4,180.01,180.8,119,4.267758216651366,2,1,1,1,0
STZ,Consumer Staples,Beverages - Alcohol,35__0,35,0.0,8. p75_trade_value,8000.0,14520.000000000002,O:STZ250207P00180000,STZ,P,180.0,2025-02-07,209,0,318,2.75,1738342830592000000,45,12375.0,2025-01-31,Automatic Execution,Consumer Staples,Beverages - Alcohol,184.0,184.4,180.01,180.8,243,4.092545207605606,3,1,1,1,0
STZ,Consumer Staples,Beverages - Alcohol,35__0,35,0.0,8. p75_trade_value,8000.0,14520.000000000002,O:STZ250207P00165000,STZ,P,165.0,2025-02-07,227,0,301,1.24,1738593918640000000,90,11160.0,2025-02-03,Single Leg Auction Non ISO,Consumer Staples,Beverages - Alcohol,168.25,178.24,166.02,174.41,289,4.04766419460156,4,0,0,0,1
STZ,Consumer Staples,Beverages - Alcohol,35__0,35,0.0,7. p90_trade_value,14580.000000000002,20240.0,O:STZ250214C00182500,STZ,C,182.5,2025-02-14,209,0,308,2.25,1738597334554000000,84,18900.0,2025-02-03,Automatic Execution,Consumer Staples,Beverages - Alcohol,168.25,178.24,166.02,174.41,112,4.276461804173244,2,0,0,0,1
STZ,Consumer Staples,Beverages - Alcohol,35__0,35,0.0,5. p99_trade_value,116144.0,485640.00000000006,O:STZ250221C00180000,STZ,C,180.0,2025-02-21,233,0,301,2.44,1738614269004000000,476,116144.0,2025-02-03,Multi Leg Auction,Consumer Staples,Beverages - Alcohol,168.25,178.24,166.02,174.41,19,5.064996779059222,1,0,0,0,1
STZ,Consumer Staples,Beverages - Alcohol,35__0,35,0.0,6. p95_trade_value,20250.0,98800.0,O:STZ250221C00185000,STZ,C,185.0,2025-02-21,209,0,320,2.4,1738596417288000000,94,22560.0,2025-02-03,Automatic Execution,Consumer Staples,Beverages - Alcohol,168.25,178.24,166.02,174.41,80,4.353339095311305,1,0,0,0,1
STZ,Consumer Staples,Beverages - Alcohol,35__0,35,0.0,8. p75_trade_value,8000.0,14520.000000000002,O:STZ250221C00185000,STZ,C,185.0,2025-02-21,209,0,302,2.4,1738596417199000000,38,9120.0,2025-02-03,Automatic Execution,Consumer Staples,Beverages - Alcohol,168.25,178.24,166.02,174.41,387,3.959994838328416,5,0,0,0,1
STZ,Consumer Staples,Beverages - Alcohol,35__0,35,0.0,7. p90_trade_value,14580.000000000002,20240.0,O:STZ250221C00185000,STZ,C,185.0,2025-02-21,227,0,301,2.22,1738596417190000000,77,17094.000000000004,2025-02-03,Single Leg Auction Non ISO,Consumer Staples,Beverages - Alcohol,168.25,178.24,166.02,174.41,138,4.23284369962312,2,0,0,0,1
STZ,Consumer Staples,Beverages - Alcohol,35__0,35,0.0,8. p75_trade_value,8000.0,14520.000000000002,O:STZ250221C00185000,STZ,C,185.0,2025-02-21,209,0,302,2.4,1738596417208000000,38,9120.0,2025-02-03,Automatic Execution,Consumer Staples,Beverages - Alcohol,168.25,178.24,166.02,174.41,389,3.959994838328416,5,0,0,0,1
STZ,Consumer Staples,Beverages - Alcohol,35__0,35,0.0,8. p75_trade_value,8000.0,14520.000000000002,O:STZ250221C00185000,STZ,C,185.0,2025-02-21,209,0,302,2.4,1738596417206000000,38,9120.0,2025-02-03,Automatic Execution,Consumer Staples,Beverages - Alcohol,168.25,178.24,166.02,174.41,388,3.959994838328416,5,0,0,0,1
STZ,Consumer Staples,Beverages - Alcohol,35__0,35,0.0,8. p75_trade_value,8000.0,14520.000000000002,O:STZ250221P00170000,STZ,P,170.0,2025-02-21,232,0,308,3.1,1738680012206000000,42,13020.000000000002,2025-02-04,Multi Leg auto-electronic trade,Consumer Staples,Beverages - Alcohol,173.76,175.2931,171.71,172.59,227,4.114610984232173,3,1,0,0,0
STZ,Consumer Staples,Beverages - Alcohol,35__0,35,0.0,8. p75_trade_value,8000.0,14520.000000000002,O:STZ250228C00165000,STZ,C,165.0,2025-02-28,209,0,315,2.8,1739461866366000000,40,11200.0,2025-02-13,Automatic Execution,Consumer Staples,Beverages - Alcohol,162.98,163.69,160.93,163.2,288,4.049218022670182,4,1,1,1,0
STZ,Consumer Staples,Beverages - Alcohol,35__0,35,0.0,8. p75_trade_value,8000.0,14520.000000000002,O:STZ250314C00170000,STZ,C,170.0,2025-03-14,209,0,320,3.0,1739543992060000000,45,13500.0,2025-02-14,Automatic Execution,Consumer Staples,Beverages - Alcohol,164.51,165.19,161.06,162.94,216,4.1303337684950066,3,1,1,1,0
STZ,Consumer Staples,Beverages - Alcohol,35__0,35,0.0,8. p75_trade_value,8000.0,14520.000000000002,O:STZ250221C00175000,STZ,C,175.0,2025-02-21,209,0,300,1.15,1739893009354000000,75,8625.0,2025-02-18,Automatic Execution,Consumer Staples,Beverages - Alcohol,168.22,172.6015,165.42,169.38,420,3.935759103745312,5,1,1,1,0
STZ,Consumer Staples,Beverages - Alcohol,35__0,35,0.0,8. p75_trade_value,8000.0,14520.000000000002,O:STZ250221C00175000,STZ,C,175.0,2025-02-21,209,0,316,0.75,1739889292404000000,113,8475.0,2025-02-18,Automatic Execution,Consumer Staples,Beverages - Alcohol,168.22,172.6015,165.42,169.38,431,3.9281397068751196,5,1,1,1,0
STZ,Consumer Staples,Beverages - Alcohol,35__0,35,0.0,7. p90_trade_value,14580.000000000002,20240.0,O:STZ250221C00177500,STZ,C,177.5,2025-02-21,209,0,320,0.85,1739890093268000000,200,17000.0,2025-02-18,Automatic Execution,Consumer Staples,Beverages - Alcohol,168.22,172.6015,165.42,169.38,143,4.230448921378274,2,0,0,0,1
STZ,Consumer Staples,Beverages - Alcohol,35__0,35,0.0,7. p90_trade_value,14580.000000000002,20240.0,O:STZ250221C00177500,STZ,C,177.5,2025-02-21,231,0,301,0.75,1739889687332000000,200,15000.0,2025-02-18,Single Leg Floor Trade,Consumer Staples,Beverages - Alcohol,168.22,172.6015,165.42,169.38,177,4.176091259055681,2,0,0,0,1
STZ,Consumer Staples,Beverages - Alcohol,35__0,35,0.0,8. p75_trade_value,8000.0,14520.000000000002,O:STZ250221P00162500,STZ,P,162.5,2025-02-21,235,0,300,0.4,1739893905622000000,300,12000.0,2025-02-18,Multi Leg floor trade,Consumer Staples,Beverages - Alcohol,168.22,172.6015,165.42,169.38,262,4.079181246047625,3,0,0,0,1
STZ,Consumer Staples,Beverages - Alcohol,35__0,35,0.0,8. p75_trade_value,8000.0,14520.000000000002,O:STZ250228C00175000,STZ,C,175.0,2025-02-28,209,0,300,1.5,1739912100671000000,67,10050.0,2025-02-18,Automatic Execution,Consumer Staples,Beverages - Alcohol,168.22,172.6015,165.42,169.38,345,4.002166061756507,4,1,1,1,0
STZ,Consumer Staples,Beverages - Alcohol,35__0,35,0.0,8. p75_trade_value,8000.0,14520.000000000002,O:STZ250307C00180000,STZ,C,180.0,2025-03-07,209,0,308,2.1,1739895328588000000,41,8610.0,2025-02-18,Automatic Execution,Consumer Staples,Beverages - Alcohol,168.22,172.6015,165.42,169.38,421,3.935003151453655,5,1,1,1,0
STZ,Consumer Staples,Beverages - Alcohol,35__0,35,0.0,7. p90_trade_value,14580.000000000002,20240.0,O:STZ250228P00165000,STZ,P,165.0,2025-02-28,231,0,301,0.65,1739998464646000000,300,19500.0,2025-02-19,Single Leg Floor Trade,Consumer Staples,Beverages - Alcohol,170.51,173.4699,169.75,172.42,104,4.290034611362518,2,0,0,0,1
STZ,Consumer Staples,Beverages - Alcohol,35__0,35,0.0,8. p75_trade_value,8000.0,14520.000000000002,O:STZ250321C00175000,STZ,C,175.0,2025-03-21,209,0,325,4.3,1739990808776000000,20,8600.0,2025-02-19,Automatic Execution,Consumer Staples,Beverages - Alcohol,170.51,173.4699,169.75,172.42,422,3.934498451243568,5,1,1,1,0
STZ,Consumer Staples,Beverages - Alcohol,35__0,35,0.0,6. p95_trade_value,20250.0,98800.0,O:STZ250321C00175000,STZ,C,175.0,2025-03-21,209,0,308,4.2,1739985057402000000,74,31080.0,2025-02-19,Automatic Execution,Consumer Staples,Beverages - Alcohol,170.51,173.4699,169.75,172.42,55,4.492481010128877,1,1,1,1,0
STZ,Consumer Staples,Beverages - Alcohol,35__0,35,0.0,8. p75_trade_value,8000.0,14520.000000000002,O:STZ250321C00175000,STZ,C,175.0,2025-03-21,209,0,308,4.2,1739984713257000000,26,10920.0,2025-02-19,Automatic Execution,Consumer Staples,Beverages - Alcohol,170.51,173.4699,169.75,172.42,304,4.038222638368718,4,1,1,1,0
STZ,Consumer Staples,Beverages - Alcohol,35__0,35,0.0,5. p99_trade_value,116144.0,485640.00000000006,O:STZ250321C00180000,STZ,C,180.0,2025-03-21,241,0,323,2.75,1739998404910000000,1000,275000.0,2025-02-19,Stock Options Cross,Consumer Staples,Beverages - Alcohol,170.51,173.4699,169.75,172.42,8,5.439332693830263,1,1,1,0,0
STZ,Consumer Staples,Beverages - Alcohol,35__0,35,0.0,8. p75_trade_value,8000.0,14520.000000000002,O:STZ250321C00180000,STZ,C,180.0,2025-03-21,232,0,308,3.04,1739976091491000000,30,9120.0,2025-02-19,Multi Leg auto-electronic trade,Consumer Staples,Beverages - Alcohol,170.51,173.4699,169.75,172.42,390,3.959994838328416,5,1,1,0,0
STZ,Consumer Staples,Beverages - Alcohol,35__0,35,0.0,6. p95_trade_value,20250.0,98800.0,O:STZ250321C00185000,STZ,C,185.0,2025-03-21,235,0,323,1.65,1739997019991000000,150,24750.0,2025-02-19,Multi Leg floor trade,Consumer Staples,Beverages - Alcohol,170.51,173.4699,169.75,172.42,68,4.393575203269587,1,1,0,0,0
STZ,Consumer Staples,Beverages - Alcohol,35__0,35,0.0,8. p75_trade_value,8000.0,14520.000000000002,O:STZ250321C00175000,STZ,C,175.0,2025-03-21,209,0,323,5.0,1740077261125000000,20,10000.0,2025-02-20,Automatic Execution,Consumer Staples,Beverages - Alcohol,172.6,173.37,169.3,172.33,359,4.0,4,1,1,1,0
STZ,Consumer Staples,Beverages - Alcohol,35__0,35,0.0,7. p90_trade_value,14580.000000000002,20240.0,O:STZ250321C00175000,STZ,C,175.0,2025-03-21,209,0,313,4.4,1740079256598000000,46,20240.0,2025-02-20,Automatic Execution,Consumer Staples,Beverages - Alcohol,172.6,173.37,169.3,172.33,95,4.306210508167761,2,1,1,1,0
STZ,Consumer Staples,Beverages - Alcohol,35__0,35,0.0,8. p75_trade_value,8000.0,14520.000000000002,O:STZ250321C00175000,STZ,C,175.0,2025-03-21,232,0,308,4.17,1740064089186000000,27,11259.0,2025-02-20,Multi Leg auto-electronic trade,Consumer Staples,Beverages - Alcohol,172.6,173.37,169.3,172.33,285,4.0514998191327445,4,1,1,1,0
STZ,Consumer Staples,Beverages - Alcohol,35__0,35,0.0,6. p95_trade_value,20250.0,98800.0,O:STZ250321C00180000,STZ,C,180.0,2025-03-21,209,0,320,2.7,1740075769770000000,100,27000.0,2025-02-20,Automatic Execution,Consumer Staples,Beverages - Alcohol,172.6,173.37,169.3,172.33,62,4.431363764158987,1,1,1,0,0
STZ,Consumer Staples,Beverages - Alcohol,35__0,35,0.0,8. p75_trade_value,8000.0,14520.000000000002,O:STZ250321C00180000,STZ,C,180.0,2025-03-21,209,0,315,4.0,1740161845054000000,33,13200.0,2025-02-21,Automatic Execution,Consumer Staples,Beverages - Alcohol,174.4,176.8274,171.9,175.97,223,4.12057393120585,3,1,1,0,0
STZ,Consumer Staples,Beverages - Alcohol,35__0,35,0.0,7. p90_trade_value,14580.000000000002,20240.0,O:STZ250321C00180000,STZ,C,180.0,2025-03-21,209,0,313,3.8,1740165285469000000,40,15200.0,2025-02-21,Automatic Execution,Consumer Staples,Beverages - Alcohol,174.4,176.8274,171.9,175.97,170,4.181843587944773,2,1,1,0,0
STZ,Consumer Staples,Beverages - Alcohol,35__0,35,0.0,5. p99_trade_value,116144.0,485640.00000000006,O:STZ250321C00185000,STZ,C,185.0,2025-03-21,241,0,323,2.25,1740161436714000000,1000,225000.0,2025-02-21,Stock Options Cross,Consumer Staples,Beverages - Alcohol,174.4,176.8274,171.9,175.97,12,5.352182518111363,1,1,0,0,0
STZ,Consumer Staples,Beverages - Alcohol,35__0,35,0.0,5. p99_trade_value,116144.0,485640.00000000006,O:STZ250321C00185000,STZ,C,185.0,2025-03-21,241,0,323,2.25,1740162104936000000,1000,225000.0,2025-02-21,Stock Options Cross,Consumer Staples,Beverages - Alcohol,174.4,176.8274,171.9,175.97,11,5.352182518111363,1,1,0,0,0
STZ,Consumer Staples,Beverages - Alcohol,35__0,35,0.0,7. p90_trade_value,14580.000000000002,20240.0,O:STZ250321P00160000,STZ,P,160.0,2025-03-21,209,0,308,1.0,1740171038329000000,156,15600.0,2025-02-21,Automatic Execution,Consumer Staples,Beverages - Alcohol,174.4,176.8274,171.9,175.97,161,4.193124598354461,2,0,0,0,1
STZ,Consumer Staples,Beverages - Alcohol,35__0,35,0.0,8. p75_trade_value,8000.0,14520.000000000002,O:STZ250321P00170000,STZ,P,170.0,2025-03-21,209,0,320,4.1,1740150392961000000,30,12299.999999999998,2025-02-21,Automatic Execution,Consumer Staples,Beverages - Alcohol,174.4,176.8274,171.9,175.97,246,4.089905111439398,3,0,0,0,1
STZ,Consumer Staples,Beverages - Alcohol,35__0,35,0.0,6. p95_trade_value,20250.0,98800.0,O:STZ250228C00182500,STZ,C,182.5,2025-02-28,235,0,301,2.55,1740430371356000000,200,50999.99999999999,2025-02-24,Multi Leg floor trade,Consumer Staples,Beverages - Alcohol,177.2,181.56,176.05,178.97,32,4.707570176097937,1,0,0,0,1
STZ,Consumer Staples,Beverages - Alcohol,35__0,35,0.0,8. p75_trade_value,8000.0,14520.000000000002,O:STZ250228C00182500,STZ,C,182.5,2025-02-28,219,0,316,2.1,1740429414732000000,39,8190.000000000001,2025-02-24,Intermarket Sweep Order,Consumer Staples,Beverages - Alcohol,177.2,181.56,176.05,178.97,450,3.9132839017604186,5,0,0,0,1
STZ,Consumer Staples,Beverages - Alcohol,35__0,35,0.0,7. p90_trade_value,14580.000000000002,20240.0,O:STZ250228P00175000,STZ,P,175.0,2025-02-28,209,0,316,1.2,1740428998861000000,148,17760.0,2025-02-24,Automatic Execution,Consumer Staples,Beverages - Alcohol,177.2,181.56,176.05,178.97,127,4.249442961442583,2,1,1,0,0
STZ,Consumer Staples,Beverages - Alcohol,35__0,35,0.0,8. p75_trade_value,8000.0,14520.000000000002,O:STZ250228P00175000,STZ,P,175.0,2025-02-28,209,0,313,1.2,1740428998861000000,74,8880.0,2025-02-24,Automatic Execution,Consumer Staples,Beverages - Alcohol,177.2,181.56,176.05,178.97,405,3.948412965778601,5,1,1,0,0
STZ,Consumer Staples,Beverages - Alcohol,35__0,35,0.0,8. p75_trade_value,8000.0,14520.000000000002,O:STZ250228P00175000,STZ,P,175.0,2025-02-28,209,0,302,1.2,1740428998861000000,74,8880.0,2025-02-24,Automatic Execution,Consumer Staples,Beverages - Alcohol,177.2,181.56,176.05,178.97,406,3.948412965778601,5,1,1,0,0
STZ,Consumer Staples,Beverages - Alcohol,35__0,35,0.0,8. p75_trade_value,8000.0,14520.000000000002,O:STZ250228P00175000,STZ,P,175.0,2025-02-28,209,0,313,0.85,1740412288342000000,111,9435.0,2025-02-24,Automatic Execution,Consumer Staples,Beverages - Alcohol,177.2,181.56,176.05,178.97,378,3.97474190450095,5,1,1,0,0
STZ,Consumer Staples,Beverages - Alcohol,35__0,35,0.0,8. p75_trade_value,8000.0,14520.000000000002,O:STZ250228P00175000,STZ,P,175.0,2025-02-28,209,0,304,1.2,1740428997221000000,69,8280.0,2025-02-24,Automatic Execution,Consumer Staples,Beverages - Alcohol,177.2,181.56,176.05,178.97,444,3.9180303367848803,5,1,1,0,0
STZ,Consumer Staples,Beverages - Alcohol,35__0,35,0.0,8. p75_trade_value,8000.0,14520.000000000002,O:STZ250307P00175000,STZ,P,175.0,2025-03-07,232,0,308,1.92,1740414787223000000,60,11519.999999999998,2025-02-24,Multi Leg auto-electronic trade,Consumer Staples,Beverages - Alcohol,177.2,181.56,176.05,178.97,271,4.061452479087193,3,1,0,0,0
STZ,Consumer Staples,Beverages - Alcohol,35__0,35,0.0,6. p95_trade_value,20250.0,98800.0,O:STZ250321C00182500,STZ,C,182.5,2025-03-21,209,0,313,4.4,1740426480451000000,56,24640.000000000004,2025-02-24,Automatic Execution,Consumer Staples,Beverages - Alcohol,177.2,181.56,176.05,178.97,69,4.391640703492388,1,1,0,0,0
STZ,Consumer Staples,Beverages - Alcohol,35__0,35,0.0,7. p90_trade_value,14580.000000000002,20240.0,O:STZ250321C00185000,STZ,C,185.0,2025-03-21,227,0,304,4.14,1740411448685000000,45,18630.0,2025-02-24,Single Leg Auction Non ISO,Consumer Staples,Beverages - Alcohol,177.2,181.56,176.05,178.97,117,4.270212854896243,2,1,0,0,0
STZ,Consumer Staples,Beverages - Alcohol,35__0,35,0.0,7. p90_trade_value,14580.000000000002,20240.0,O:STZ250321C00185000,STZ,C,185.0,2025-03-21,227,0,304,4.14,1740411448685000000,45,18630.0,2025-02-24,Single Leg Auction Non ISO,Consumer Staples,Beverages - Alcohol,177.2,181.56,176.05,178.97,118,4.270212854896243,2,1,0,0,0
STZ,Consumer Staples,Beverages - Alcohol,35__0,35,0.0,8. p75_trade_value,8000.0,14520.000000000002,O:STZ250321C00185000,STZ,C,185.0,2025-03-21,227,0,323,4.07,1740412306663000000,25,10175.0,2025-02-24,Single Leg Auction Non ISO,Consumer Staples,Beverages - Alcohol,177.2,181.56,176.05,178.97,338,4.007534417897258,4,1,0,0,0
STZ,Consumer Staples,Beverages - Alcohol,35__0,35,0.0,8. p75_trade_value,8000.0,14520.000000000002,O:STZ250321C00190000,STZ,C,190.0,2025-03-21,240,0,312,2.45,1740411402423000000,49,12005.000000000002,2025-02-24,Stock Options auto-electronic trade,Consumer Staples,Beverages - Alcohol,177.2,181.56,176.05,178.97,259,4.079362164393046,3,1,0,0,0
STZ,Consumer Staples,Beverages - Alcohol,35__0,35,0.0,6. p95_trade_value,20250.0,98800.0,O:STZ250321C00190000,STZ,C,190.0,2025-03-21,240,0,312,2.45,1740411402423000000,200,49000.00000000001,2025-02-24,Stock Options auto-electronic trade,Consumer Staples,Beverages - Alcohol,177.2,181.56,176.05,178.97,35,4.690196080028514,1,1,0,0,0
STZ,Consumer Staples,Beverages - Alcohol,35__0,35,0.0,8. p75_trade_value,8000.0,14520.000000000002,O:STZ250321P00165000,STZ,P,165.0,2025-03-21,209,0,319,1.55,1740430533412000000,72,11160.0,2025-02-24,Automatic Execution,Consumer Staples,Beverages - Alcohol,177.2,181.56,176.05,178.97,290,4.04766419460156,4,0,0,0,1
STZ,Consumer Staples,Beverages - Alcohol,35__0,35,0.0,8. p75_trade_value,8000.0,14520.000000000002,O:STZ250307P00172500,STZ,P,172.5,2025-03-07,209,0,316,2.2,1740502656709000000,37,8140.000000000001,2025-02-25,Automatic Execution,Consumer Staples,Beverages - Alcohol,180.2,180.84,175.81,178.02,452,3.910624404889201,5,1,0,0,0
STZ,Consumer Staples,Beverages - Alcohol,35__0,35,0.0,8. p75_trade_value,8000.0,14520.000000000002,O:STZ250307P00172500,STZ,P,172.5,2025-03-07,209,0,316,2.2,1740504236161000000,42,9240.0,2025-02-25,Automatic Execution,Consumer Staples,Beverages - Alcohol,180.2,180.84,175.81,178.02,384,3.9656719712201065,5,1,0,0,0
STZ,Consumer Staples,Beverages - Alcohol,35__0,35,0.0,7. p90_trade_value,14580.000000000002,20240.0,O:STZ250321C00185000,STZ,C,185.0,2025-03-21,209,0,308,4.2,1740495029743000000,44,18480.0,2025-02-25,Automatic Execution,Consumer Staples,Beverages - Alcohol,180.2,180.84,175.81,178.02,122,4.266701966884088,2,1,0,0,0
STZ,Consumer Staples,Beverages - Alcohol,35__0,35,0.0,8. p75_trade_value,8000.0,14520.000000000002,O:STZ250228C00182500,STZ,C,182.5,2025-02-28,209,0,308,1.15,1740581111367000000,70,8050.0,2025-02-26,Automatic Execution,Consumer Staples,Beverages - Alcohol,179.47,180.25,176.445,178.35,459,3.9057958803678687,5,0,0,0,1
STZ,Consumer Staples,Beverages - Alcohol,35__0,35,0.0,8. p75_trade_value,8000.0,14520.000000000002,O:STZ250228C00182500,STZ,C,182.5,2025-02-28,209,0,320,1.0,1740581514245000000,84,8400.0,2025-02-26,Automatic Execution,Consumer Staples,Beverages - Alcohol,179.47,180.25,176.445,178.35,434,3.9242792860618816,5,0,0,0,1
STZ,Consumer Staples,Beverages - Alcohol,35__0,35,0.0,8. p75_trade_value,8000.0,14520.000000000002,O:STZ250321C00182500,STZ,C,182.5,2025-03-21,209,0,325,4.39,1740590939117000000,21,9219.0,2025-02-26,Automatic Execution,Consumer Staples,Beverages - Alcohol,179.47,180.25,176.445,178.35,385,3.964683814976041,5,1,0,0,0
STZ,Consumer Staples,Beverages - Alcohol,35__0,35,0.0,6. p95_trade_value,20250.0,98800.0,O:STZ250321P00170000,STZ,P,170.0,2025-03-21,227,0,303,2.13,1740591005191000000,423,90099.0,2025-02-26,Single Leg Auction Non ISO,Consumer Staples,Beverages - Alcohol,179.47,180.25,176.445,178.35,24,4.95471997081378,1,0,0,0,1
STZ,Consumer Staples,Beverages - Alcohol,35__0,35,0.0,6. p95_trade_value,20250.0,98800.0,O:STZ250321P00170000,STZ,P,170.0,2025-03-21,227,0,303,2.04,1740591077323000000,191,38964.0,2025-02-26,Single Leg Auction Non ISO,Consumer Staples,Beverages - Alcohol,179.47,180.25,176.445,178.35,46,4.590663534673626,1,0,0,0,1
STZ,Consumer Staples,Beverages - Alcohol,35__0,35,0.0,7. p90_trade_value,14580.000000000002,20240.0,O:STZ250321C00175000,STZ,C,175.0,2025-03-21,232,0,322,4.86,1740668564495000000,30,14580.000000000002,2025-02-27,Multi Leg auto-electronic trade,Consumer Staples,Beverages - Alcohol,172.42,174.3,170.7,173.24,188,4.163757523981956,2,1,1,1,0
STZ,Consumer Staples,Beverages - Alcohol,35__0,35,0.0,8. p75_trade_value,8000.0,14520.000000000002,O:STZ250321C00182500,STZ,C,182.5,2025-03-21,209,0,300,2.05,1740687358840000000,59,12094.999999999998,2025-02-27,Automatic Execution,Consumer Staples,Beverages - Alcohol,172.42,174.3,170.7,173.24,256,4.082605872697898,3,1,0,0,0
STZ,Consumer Staples,Beverages - Alcohol,35__0,35,0.0,8. p75_trade_value,8000.0,14520.000000000002,O:STZ250321C00182500,STZ,C,182.5,2025-03-21,209,0,302,2.05,1740687358838000000,69,14144.999999999998,2025-02-27,Automatic Execution,Consumer Staples,Beverages - Alcohol,172.42,174.3,170.7,173.24,198,4.15060295179301,3,1,0,0,0
STZ,Consumer Staples,Beverages - Alcohol,35__0,35,0.0,8. p75_trade_value,8000.0,14520.000000000002,O:STZ250321C00182500,STZ,C,182.5,2025-03-21,209,0,312,2.05,1740687358840000000,59,12094.999999999998,2025-02-27,Automatic Execution,Consumer Staples,Beverages - Alcohol,172.42,174.3,170.7,173.24,257,4.082605872697898,3,1,0,0,0
STZ,Consumer Staples,Beverages - Alcohol,35__0,35,0.0,8. p75_trade_value,8000.0,14520.000000000002,O:STZ250321C00182500,STZ,C,182.5,2025-03-21,209,0,307,2.05,1740687358840000000,69,14144.999999999998,2025-02-27,Automatic Execution,Consumer Staples,Beverages - Alcohol,172.42,174.3,170.7,173.24,197,4.15060295179301,3,1,0,0,0
STZ,Consumer Staples,Beverages - Alcohol,35__0,35,0.0,8. p75_trade_value,8000.0,14520.000000000002,O:STZ250321C00182500,STZ,C,182.5,2025-03-21,209,0,309,2.05,1740687358840000000,68,13939.999999999998,2025-02-27,Automatic Execution,Consumer Staples,Beverages - Alcohol,172.42,174.3,170.7,173.24,205,4.144262773761991,3,1,0,0,0
STZ,Consumer Staples,Beverages - Alcohol,35__0,35,0.0,8. p75_trade_value,8000.0,14520.000000000002,O:STZ250328C00175000,STZ,C,175.0,2025-03-28,232,0,303,5.37,1740668696048000000,20,10740.0,2025-02-27,Multi Leg auto-electronic trade,Consumer Staples,Beverages - Alcohol,172.42,174.3,170.7,173.24,317,4.031004281363537,4,1,1,1,0
STZ,Consumer Staples,Beverages - Alcohol,35__0,35,0.0,6. p95_trade_value,20250.0,98800.0,O:STZ250307P00165000,STZ,P,165.0,2025-03-07,235,0,300,0.8,1740771861108000000,500,40000.0,2025-02-28,Multi Leg floor trade,Consumer Staples,Beverages - Alcohol,174.97,176.7,173.03,175.5,45,4.6020599913279625,1,0,0,0,1
STZ,Consumer Staples,Beverages - Alcohol,35__0,35,0.0,8. p75_trade_value,8000.0,14520.000000000002,O:STZ250307P00170000,STZ,P,170.0,2025-03-07,209,0,316,1.85,1740774081122000000,50,9250.0,2025-02-28,Automatic Execution,Consumer Staples,Beverages - Alcohol,174.97,176.7,173.03,175.5,383,3.9661417327390325,5,0,0,0,1
STZ,Consumer Staples,Beverages - Alcohol,35__0,35,0.0,5. p99_trade_value,116144.0,485640.00000000006,O:STZ250307P00172500,STZ,P,172.5,2025-03-07,235,0,300,2.85,1740771861108000000,500,142500.0,2025-02-28,Multi Leg floor trade,Consumer Staples,Beverages - Alcohol,174.97,176.7,173.03,175.5,18,5.153814864344529,1,1,0,0,0
STZ,Consumer Staples,Beverages - Alcohol,35__0,35,0.0,8. p75_trade_value,8000.0,14520.000000000002,O:STZ250307P00172500,STZ,P,172.5,2025-03-07,233,0,302,2.52,1740753016063000000,39,9828.0,2025-02-28,Multi Leg Auction,Consumer Staples,Beverages - Alcohol,174.97,176.7,173.03,175.5,364,3.9924651478080433,4,1,0,0,0
STZ,Consumer Staples,Beverages - Alcohol,35__0,35,0.0,6. p95_trade_value,20250.0,98800.0,O:STZ250307P00172500,STZ,P,172.5,2025-03-07,233,0,302,2.64,1740754055901000000,160,42240.0,2025-02-28,Multi Leg Auction,Consumer Staples,Beverages - Alcohol,174.97,176.7,173.03,175.5,42,4.625723909525756,1,1,0,0,0
STZ,Consumer Staples,Beverages - Alcohol,35__0,35,0.0,6. p95_trade_value,20250.0,98800.0,O:STZ250307P00170000,STZ,P,170.0,2025-03-07,209,0,302,1.85,1741032239360000000,131,24235.000000000004,2025-03-03,Automatic Execution,Consumer Staples,Beverages - Alcohol,176.01,178.19,173.885,175.28,72,4.384443024058778,1,0,0,0,1
STZ,Consumer Staples,Beverages - Alcohol,35__0,35,0.0,6. p95_trade_value,20250.0,98800.0,O:STZ250307P00170000,STZ,P,170.0,2025-03-07,209,0,316,1.85,1741032239360000000,262,48470.00000000001,2025-03-03,Automatic Execution,Consumer Staples,Beverages - Alcohol,176.01,178.19,173.885,175.28,37,4.685473019722759,1,0,0,0,1
STZ,Consumer Staples,Beverages - Alcohol,35__0,35,0.0,6. p95_trade_value,20250.0,98800.0,O:STZ250307P00170000,STZ,P,170.0,2025-03-07,227,0,303,0.84,1741028064263000000,262,22008.0,2025-03-03,Single Leg Auction Non ISO,Consumer Staples,Beverages - Alcohol,176.01,178.19,173.885,175.28,83,4.342580577381627,1,0,0,0,1
STZ,Consumer Staples,Beverages - Alcohol,35__0,35,0.0,6. p95_trade_value,20250.0,98800.0,O:STZ250307P00170000,STZ,P,170.0,2025-03-07,209,0,302,1.8,1741032223033000000,175,31500.0,2025-03-03,Automatic Execution,Consumer Staples,Beverages - Alcohol,176.01,178.19,173.885,175.28,53,4.498310553789601,1,0,0,0,1
STZ,Consumer Staples,Beverages - Alcohol,35__0,35,0.0,6. p95_trade_value,20250.0,98800.0,O:STZ250307P00170000,STZ,P,170.0,2025-03-07,209,0,313,1.85,1741032239360000000,131,24235.000000000004,2025-03-03,Automatic Execution,Consumer Staples,Beverages - Alcohol,176.01,178.19,173.885,175.28,73,4.384443024058778,1,0,0,0,1
STZ,Consumer Staples,Beverages - Alcohol,35__0,35,0.0,6. p95_trade_value,20250.0,98800.0,O:STZ250307P00172500,STZ,P,172.5,2025-03-07,233,0,302,2.94,1741033249633000000,190,55860.0,2025-03-03,Multi Leg Auction,Consumer Staples,Beverages - Alcohol,176.01,178.19,173.885,175.28,26,4.747100931364987,1,1,0,0,0
STZ,Consumer Staples,Beverages - Alcohol,35__0,35,0.0,8. p75_trade_value,8000.0,14520.000000000002,O:STZ250307P00172500,STZ,P,172.5,2025-03-07,209,0,316,2.45,1741032041744000000,42,10290.0,2025-03-03,Automatic Execution,Consumer Staples,Beverages - Alcohol,176.01,178.19,173.885,175.28,331,4.012415374762433,4,1,0,0,0
STZ,Consumer Staples,Beverages - Alcohol,35__0,35,0.0,8. p75_trade_value,8000.0,14520.000000000002,O:STZ250307P00172500,STZ,P,172.5,2025-03-07,209,0,316,2.5,1741031880225000000,45,11250.0,2025-03-03,Automatic Execution,Consumer Staples,Beverages - Alcohol,176.01,178.19,173.885,175.28,286,4.051152522447381,4,1,0,0,0
STZ,Consumer Staples,Beverages - Alcohol,35__0,35,0.0,8. p75_trade_value,8000.0,14520.000000000002,O:STZ250307P00172500,STZ,P,172.5,2025-03-07,209,0,316,1.8,1741031599092000000,62,11160.0,2025-03-03,Automatic Execution,Consumer Staples,Beverages - Alcohol,176.01,178.19,173.885,175.28,291,4.04766419460156,4,1,0,0,0
STZ,Consumer Staples,Beverages - Alcohol,35__0,35,0.0,8. p75_trade_value,8000.0,14520.000000000002,O:STZ250307P00172500,STZ,P,172.5,2025-03-07,209,0,316,2.5,1741032177469000000,44,11000.0,2025-03-03,Automatic Execution,Consumer Staples,Beverages - Alcohol,176.01,178.19,173.885,175.28,302,4.041392685158225,4,1,0,0,0
STZ,Consumer Staples,Beverages - Alcohol,35__0,35,0.0,8. p75_trade_value,8000.0,14520.000000000002,O:STZ250307P00172500,STZ,P,172.5,2025-03-07,209,0,316,2.5,1741032457438000000,40,10000.0,2025-03-03,Automatic Execution,Consumer Staples,Beverages - Alcohol,176.01,178.19,173.885,175.28,349,4.0,4,1,0,0,0
STZ,Consumer Staples,Beverages - Alcohol,35__0,35,0.0,8. p75_trade_value,8000.0,14520.000000000002,O:STZ250321C00180000,STZ,C,180.0,2025-03-21,209,0,313,3.9,1741030443653000000,27,10530.0,2025-03-03,Automatic Execution,Consumer Staples,Beverages - Alcohol,176.01,178.19,173.885,175.28,322,4.0224283711854865,4,1,1,0,0
STZ,Consumer Staples,Beverages - Alcohol,35__0,35,0.0,7. p90_trade_value,14580.000000000002,20240.0,O:STZ250321C00185000,STZ,C,185.0,2025-03-21,227,0,323,2.2,1741016392008000000,84,18480.0,2025-03-03,Single Leg Auction Non ISO,Consumer Staples,Beverages - Alcohol,176.01,178.19,173.885,175.28,121,4.266701966884088,2,1,0,0,0
STZ,Consumer Staples,Beverages - Alcohol,35__0,35,0.0,8. p75_trade_value,8000.0,14520.000000000002,O:STZ250321C00185000,STZ,C,185.0,2025-03-21,227,0,323,2.2,1741016392008000000,66,14520.000000000002,2025-03-03,Single Leg Auction Non ISO,Consumer Staples,Beverages - Alcohol,176.01,178.19,173.885,175.28,189,4.161966616364075,3,1,0,0,0
STZ,Consumer Staples,Beverages - Alcohol,35__0,35,0.0,6. p95_trade_value,20250.0,98800.0,O:STZ250314C00182500,STZ,C,182.5,2025-03-14,235,0,300,0.99,1741110308941000000,460,45540.0,2025-03-04,Multi Leg floor trade,Consumer Staples,Beverages - Alcohol,174.24,175.86,170.73,172.56,40,4.658393026279124,1,1,1,0,0
STZ,Consumer Staples,Beverages - Alcohol,35__0,35,0.0,8. p75_trade_value,8000.0,14520.000000000002,O:STZ250321P00167500,STZ,P,167.5,2025-03-21,209,0,308,3.1,1741102805124000000,28,8680.0,2025-03-04,Automatic Execution,Consumer Staples,Beverages - Alcohol,174.24,175.86,170.73,172.56,417,3.938519725176492,5,0,0,0,1
STZ,Consumer Staples,Beverages - Alcohol,35__0,35,0.0,8. p75_trade_value,8000.0,14520.000000000002,O:STZ250307C00180000,STZ,C,180.0,2025-03-07,232,0,301,2.0,1741294744875000000,69,13800.0,2025-03-06,Multi Leg auto-electronic trade,Consumer Staples,Beverages - Alcohol,172.97,179.525,171.51,178.95,209,4.139879086401237,3,1,1,1,0
STZ,Consumer Staples,Beverages - Alcohol,35__0,35,0.0,8. p75_trade_value,8000.0,14520.000000000002,O:STZ250307C00180000,STZ,C,180.0,2025-03-07,232,0,322,1.82,1741294744975000000,55,10010.0,2025-03-06,Multi Leg auto-electronic trade,Consumer Staples,Beverages - Alcohol,172.97,179.525,171.51,178.95,347,4.000434077479318,4,1,1,1,0
STZ,Consumer Staples,Beverages - Alcohol,35__0,35,0.0,8. p75_trade_value,8000.0,14520.000000000002,O:STZ250307C00180000,STZ,C,180.0,2025-03-07,232,0,300,1.97,1741294744974000000,66,13002.000000000002,2025-03-06,Multi Leg auto-electronic trade,Consumer Staples,Beverages - Alcohol,172.97,179.525,171.51,178.95,228,4.114010161703462,3,1,1,1,0
STZ,Consumer Staples,Beverages - Alcohol,35__0,35,0.0,8. p75_trade_value,8000.0,14520.000000000002,O:STZ250307C00180000,STZ,C,180.0,2025-03-07,232,0,312,1.95,1741294745104000000,54,10530.0,2025-03-06,Multi Leg auto-electronic trade,Consumer Staples,Beverages - Alcohol,172.97,179.525,171.51,178.95,323,4.0224283711854865,4,1,1,1,0
STZ,Consumer Staples,Beverages - Alcohol,35__0,35,0.0,8. p75_trade_value,8000.0,14520.000000000002,O:STZ250307C00180000,STZ,C,180.0,2025-03-07,232,0,304,1.82,1741294744975000000,54,9828.0,2025-03-06,Multi Leg auto-electronic trade,Consumer Staples,Beverages - Alcohol,172.97,179.525,171.51,178.95,365,3.9924651478080433,4,1,1,1,0
STZ,Consumer Staples,Beverages - Alcohol,35__0,35,0.0,8. p75_trade_value,8000.0,14520.000000000002,O:STZ250307C00180000,STZ,C,180.0,2025-03-07,232,0,323,2.13,1741294744976000000,68,14484.0,2025-03-06,Multi Leg auto-electronic trade,Consumer Staples,Beverages - Alcohol,172.97,179.525,171.51,178.95,191,4.160888516144974,3,1,1,1,0
STZ,Consumer Staples,Beverages - Alcohol,35__0,35,0.0,8. p75_trade_value,8000.0,14520.000000000002,O:STZ250307C00180000,STZ,C,180.0,2025-03-07,232,0,313,1.93,1741294744974000000,65,12545.0,2025-03-06,Multi Leg auto-electronic trade,Consumer Staples,Beverages - Alcohol,172.97,179.525,171.51,178.95,239,4.09847066565063,3,1,1,1,0
STZ,Consumer Staples,Beverages - Alcohol,35__0,35,0.0,8. p75_trade_value,8000.0,14520.000000000002,O:STZ250307C00180000,STZ,C,180.0,2025-03-07,232,0,308,1.65,1741294744976000000,68,11219.999999999998,2025-03-06,Multi Leg auto-electronic trade,Consumer Staples,Beverages - Alcohol,172.97,179.525,171.51,178.95,287,4.049992856920142,4,1,1,1,0
STZ,Consumer Staples,Beverages - Alcohol,35__0,35,0.0,8. p75_trade_value,8000.0,14520.000000000002,O:STZ250307C00180000,STZ,C,180.0,2025-03-07,232,0,302,1.82,1741294744976000000,68,12376.0,2025-03-06,Multi Leg auto-electronic trade,Consumer Staples,Beverages - Alcohol,172.97,179.525,171.51,178.95,242,4.092580300691311,3,1,1,1,0
STZ,Consumer Staples,Beverages - Alcohol,35__0,35,0.0,8. p75_trade_value,8000.0,14520.000000000002,O:STZ250307C00180000,STZ,C,180.0,2025-03-07,232,0,312,1.9,1741294740560000000,75,14250.0,2025-03-06,Multi Leg auto-electronic trade,Consumer Staples,Beverages - Alcohol,172.97,179.525,171.51,178.95,195,4.153814864344529,3,1,1,1,0
STZ,Consumer Staples,Beverages - Alcohol,35__0,35,0.0,8. p75_trade_value,8000.0,14520.000000000002,O:STZ250307C00180000,STZ,C,180.0,2025-03-07,232,0,309,1.65,1741294744878000000,53,8744.999999999998,2025-03-06,Multi Leg auto-electronic trade,Consumer Staples,Beverages - Alcohol,172.97,179.525,171.51,178.95,412,3.9417598138146954,5,1,1,1,0
STZ,Consumer Staples,Beverages - Alcohol,35__0,35,0.0,8. p75_trade_value,8000.0,14520.000000000002,O:STZ250314C00190000,STZ,C,190.0,2025-03-14,209,0,301,1.55,1741363955639000000,70,10850.0,2025-03-07,Automatic Execution,Consumer Staples,Beverages - Alcohol,178.48,188.7,178.225,186.25,307,4.035429738184549,4,1,0,0,0
STZ,Consumer Staples,Beverages - Alcohol,35__0,35,0.0,8. p75_trade_value,8000.0,14520.000000000002,O:STZ250321C00190000,STZ,C,190.0,2025-03-21,232,0,302,3.6,1741368529735000000,34,12240.0,2025-03-07,Multi Leg auto-electronic trade,Consumer Staples,Beverages - Alcohol,178.48,188.7,178.225,186.25,249,4.087781417809542,3,1,0,0,0
STZ,Consumer Staples,Beverages - Alcohol,35__0,35,0.0,8. p75_trade_value,8000.0,14520.000000000002,O:STZ250321C00190000,STZ,C,190.0,2025-03-21,232,0,300,3.67,1741368529735000000,26,9542.0,2025-03-07,Multi Leg auto-electronic trade,Consumer Staples,Beverages - Alcohol,178.48,188.7,178.225,186.25,373,3.9796394122229075,4,1,0,0,0
STZ,Consumer Staples,Beverages - Alcohol,35__0,35,0.0,8. p75_trade_value,8000.0,14520.000000000002,O:STZ250321C00190000,STZ,C,190.0,2025-03-21,236,0,313,3.6,1741368529724000000,25,9000.0,2025-03-07,Multi Leg auto-electronic trade against single leg(s),Consumer Staples,Beverages - Alcohol,178.48,188.7,178.225,186.25,397,3.9542425094393248,5,1,0,0,0
STZ,Consumer Staples,Beverages - Alcohol,35__0,35,0.0,7. p90_trade_value,14580.000000000002,20240.0,O:STZ250321C00190000,STZ,C,190.0,2025-03-21,209,0,313,3.7,1741376021742000000,43,15910.0,2025-03-07,Automatic Execution,Consumer Staples,Beverages - Alcohol,178.48,188.7,178.225,186.25,155,4.201670179646581,2,1,0,0,0
STZ,Consumer Staples,Beverages - Alcohol,35__0,35,0.0,8. p75_trade_value,8000.0,14520.000000000002,O:STZ250321C00190000,STZ,C,190.0,2025-03-21,209,0,313,3.5,1741377090573000000,34,11900.0,2025-03-07,Automatic Execution,Consumer Staples,Beverages - Alcohol,178.48,188.7,178.225,186.25,264,4.075546961392531,3,1,0,0,0
STZ,Consumer Staples,Beverages - Alcohol,35__0,35,0.0,8. p75_trade_value,8000.0,14520.000000000002,O:STZ250321C00190000,STZ,C,190.0,2025-03-21,209,0,313,3.6,1741376756176000000,26,9360.0,2025-03-07,Automatic Execution,Consumer Staples,Beverages - Alcohol,178.48,188.7,178.225,186.25,380,3.971275848738105,5,1,0,0,0
STZ,Consumer Staples,Beverages - Alcohol,35__0,35,0.0,8. p75_trade_value,8000.0,14520.000000000002,O:STZ250321C00190000,STZ,C,190.0,2025-03-21,232,0,301,3.6,1741368529726000000,29,10440.0,2025-03-07,Multi Leg auto-electronic trade,Consumer Staples,Beverages - Alcohol,178.48,188.7,178.225,186.25,328,4.018700498666243,4,1,0,0,0
STZ,Consumer Staples,Beverages - Alcohol,35__0,35,0.0,7. p90_trade_value,14580.000000000002,20240.0,O:STZ250404P00175000,STZ,P,175.0,2025-04-04,235,0,301,2.75,1741362384698000000,60,16500.0,2025-03-07,Multi Leg floor trade,Consumer Staples,Beverages - Alcohol,178.48,188.7,178.225,186.25,148,4.217483944213907,2,1,1,1,0
STZ,Consumer Staples,Beverages - Alcohol,35__0,35,0.0,7. p90_trade_value,14580.000000000002,20240.0,O:STZ250321C00192500,STZ,C,192.5,2025-03-21,209,0,313,4.3,1741631705167000000,41,17630.0,2025-03-10,Automatic Execution,Consumer Staples,Beverages - Alcohol,185.94,192.4255,185.38,189.47,131,4.246252312299322,2,0,0,0,1
STZ,Consumer Staples,Beverages - Alcohol,35__0,35,0.0,7. p90_trade_value,14580.000000000002,20240.0,O:STZ250321C00192500,STZ,C,192.5,2025-03-21,209,0,313,4.3,1741631501218000000,37,15910.0,2025-03-10,Automatic Execution,Consumer Staples,Beverages - Alcohol,185.94,192.4255,185.38,189.47,154,4.201670179646581,2,0,0,0,1
STZ,Consumer Staples,Beverages - Alcohol,35__0,35,0.0,8. p75_trade_value,8000.0,14520.000000000002,O:STZ250321C00190000,STZ,C,190.0,2025-03-21,209,0,308,1.05,1741891241859000000,100,10500.0,2025-03-13,Automatic Execution,Consumer Staples,Beverages - Alcohol,182.97,186.29,180.45,181.59,326,4.021189299069938,4,0,0,0,1
STZ,Consumer Staples,Beverages - Alcohol,35__0,35,0.0,6. p95_trade_value,20250.0,98800.0,O:STZ250321C00185000,STZ,C,185.0,2025-03-21,209,0,313,2.2,1741959804518000000,232,51040.0,2025-03-14,Automatic Execution,Consumer Staples,Beverages - Alcohol,182.49,183.8899,180.3439,181.33,30,4.707910665713106,1,1,0,0,0
STZ,Consumer Staples,Beverages - Alcohol,35__0,35,0.0,8. p75_trade_value,8000.0,14520.000000000002,O:STZ250321C00185000,STZ,C,185.0,2025-03-21,209,0,313,2.2,1741959804518000000,53,11660.0,2025-03-14,Automatic Execution,Consumer Staples,Beverages - Alcohol,182.49,183.8899,180.3439,181.33,268,4.066698550422995,3,1,0,0,0
STZ,Consumer Staples,Beverages - Alcohol,35__0,35,0.0,8. p75_trade_value,8000.0,14520.000000000002,O:STZ250411P00180000,STZ,P,180.0,2025-04-11,209,0,300,7.2,1741962556543000000,17,12240.0,2025-03-14,Automatic Execution,Consumer Staples,Beverages - Alcohol,182.49,183.8899,180.3439,181.33,251,4.087781417809542,3,1,1,0,0
STZ,Consumer Staples,Beverages - Alcohol,35__0,35,0.0,8. p75_trade_value,8000.0,14520.000000000002,O:STZ250411P00180000,STZ,P,180.0,2025-04-11,209,0,312,7.2,1741962556543000000,15,10800.0,2025-03-14,Automatic Execution,Consumer Staples,Beverages - Alcohol,182.49,183.8899,180.3439,181.33,312,4.033423755486949,4,1,1,0,0
STZ,Consumer Staples,Beverages - Alcohol,35__0,35,0.0,8. p75_trade_value,8000.0,14520.000000000002,O:STZ250411P00180000,STZ,P,180.0,2025-04-11,209,0,309,7.2,1741962556543000000,17,12240.0,2025-03-14,Automatic Execution,Consumer Staples,Beverages - Alcohol,182.49,183.8899,180.3439,181.33,250,4.087781417809542,3,1,1,0,0
STZ,Consumer Staples,Beverages - Alcohol,35__0,35,0.0,8. p75_trade_value,8000.0,14520.000000000002,O:STZ250411P00180000,STZ,P,180.0,2025-04-11,209,0,302,7.2,1741962556543000000,16,11520.0,2025-03-14,Automatic Execution,Consumer Staples,Beverages - Alcohol,182.49,183.8899,180.3439,181.33,270,4.061452479087193,3,1,1,0,0
STZ,Consumer Staples,Beverages - Alcohol,35__0,35,0.0,8. p75_trade_value,8000.0,14520.000000000002,O:STZ250411P00180000,STZ,P,180.0,2025-04-11,209,0,304,7.2,1741962556543000000,15,10800.0,2025-03-14,Automatic Execution,Consumer Staples,Beverages - Alcohol,182.49,183.8899,180.3439,181.33,311,4.033423755486949,4,1,1,0,0
STZ,Consumer Staples,Beverages - Alcohol,35__0,35,0.0,6. p95_trade_value,20250.0,98800.0,O:STZ250321C00190000,STZ,C,190.0,2025-03-21,209,0,308,1.45,1742218492174000000,198,28709.999999999996,2025-03-17,Automatic Execution,Consumer Staples,Beverages - Alcohol,183.29,186.5,182.2,183.61,59,4.458033192496506,1,0,0,0,1
STZ,Consumer Staples,Beverages - Alcohol,35__0,35,0.0,8. p75_trade_value,8000.0,14520.000000000002,O:STZ250417P00175000,STZ,P,175.0,2025-04-17,233,0,302,6.27,1742392503500000000,16,10032.0,2025-03-19,Multi Leg Auction,Consumer Staples,Beverages - Alcohol,178.94,179.78,176.465,179.0,346,4.001387523486641,4,1,0,0,0
STZ,Consumer Staples,Beverages - Alcohol,35__0,35,0.0,6. p95_trade_value,20250.0,98800.0,O:STZ250328C00182500,STZ,C,182.5,2025-03-28,209,0,323,2.55,1742491291716000000,100,25499.999999999996,2025-03-20,Automatic Execution,Consumer Staples,Beverages - Alcohol,177.39,182.01,177.33,178.88,65,4.4065401804339555,1,1,1,1,0
STZ,Consumer Staples,Beverages - Alcohol,35__0,35,0.0,6. p95_trade_value,20250.0,98800.0,O:STZ250417C00190000,STZ,C,190.0,2025-04-17,209,0,308,4.3,1742499707964000000,50,21500.0,2025-03-20,Automatic Execution,Consumer Staples,Beverages - Alcohol,177.39,182.01,177.33,178.88,87,4.332438459915605,1,0,0,0,1
STZ,Consumer Staples,Beverages - Alcohol,35__0,35,0.0,8. p75_trade_value,8000.0,14520.000000000002,O:STZ250417C00190000,STZ,C,190.0,2025-04-17,227,0,301,4.3,1742499649935000000,23,9890.0,2025-03-20,Single Leg Auction Non ISO,Consumer Staples,Beverages - Alcohol,177.39,182.01,177.33,178.88,361,3.9951962915971793,4,0,0,0,1
STZ,Consumer Staples,Beverages - Alcohol,35__0,35,0.0,8. p75_trade_value,8000.0,14520.000000000002,O:STZ250417C00190000,STZ,C,190.0,2025-04-17,227,0,301,4.3,1742499649935000000,22,9460.0,2025-03-20,Single Leg Auction Non ISO,Consumer Staples,Beverages - Alcohol,177.39,182.01,177.33,178.88,376,3.975891136401793,4,0,0,0,1
STZ,Consumer Staples,Beverages - Alcohol,35__0,35,0.0,8. p75_trade_value,8000.0,14520.000000000002,O:STZ250417C00190000,STZ,C,190.0,2025-04-17,209,0,313,4.3,1742499717240000000,25,10750.0,2025-03-20,Automatic Execution,Consumer Staples,Beverages - Alcohol,177.39,182.01,177.33,178.88,316,4.031408464251625,4,0,0,0,1
STZ,Consumer Staples,Beverages - Alcohol,35__0,35,0.0,8. p75_trade_value,8000.0,14520.000000000002,O:STZ250417C00190000,STZ,C,190.0,2025-04-17,219,0,315,4.3,1742499717249000000,22,9460.0,2025-03-20,Intermarket Sweep Order,Consumer Staples,Beverages - Alcohol,177.39,182.01,177.33,178.88,377,3.975891136401793,5,0,0,0,1
STZ,Consumer Staples,Beverages - Alcohol,35__0,35,0.0,8. p75_trade_value,8000.0,14520.000000000002,O:STZ250404C00182500,STZ,C,182.5,2025-04-04,209,0,315,2.4,1742841822255000000,41,9840.0,2025-03-24,Automatic Execution,Consumer Staples,Beverages - Alcohol,178.5,180.75,177.18,180.28,362,3.9929950984313414,4,1,0,0,0
STZ,Consumer Staples,Beverages - Alcohol,35__0,35,0.0,6. p95_trade_value,20250.0,98800.0,O:STZ250404C00182500,STZ,C,182.5,2025-04-04,209,0,320,2.4,1742841822255000000,134,32159.999999999996,2025-03-24,Automatic Execution,Consumer Staples,Beverages - Alcohol,178.5,180.75,177.18,180.28,52,4.507316040076414,1,1,0,0,0
STZ,Consumer Staples,Beverages - Alcohol,35__0,35,0.0,5. p99_trade_value,116144.0,485640.00000000006,O:STZ250404C00182500,STZ,C,182.5,2025-04-04,241,0,323,2.15,1742825658180000000,1150,247250.0,2025-03-24,Stock Options Cross,Consumer Staples,Beverages - Alcohol,178.5,180.75,177.18,180.28,9,5.393136300269217,1,1,0,0,0
STZ,Consumer Staples,Beverages - Alcohol,35__0,35,0.0,8. p75_trade_value,8000.0,14520.000000000002,O:STZ250404C00182500,STZ,C,182.5,2025-04-04,209,0,325,2.4,1742841822255000000,41,9840.0,2025-03-24,Automatic Execution,Consumer Staples,Beverages - Alcohol,178.5,180.75,177.18,180.28,363,3.9929950984313414,4,1,0,0,0
STZ,Consumer Staples,Beverages - Alcohol,35__0,35,0.0,8. p75_trade_value,8000.0,14520.000000000002,O:STZ250417C00185000,STZ,C,185.0,2025-04-17,209,0,313,5.6,1742845238403000000,15,8400.0,2025-03-24,Automatic Execution,Consumer Staples,Beverages - Alcohol,178.5,180.75,177.18,180.28,436,3.9242792860618816,5,1,1,1,0
STZ,Consumer Staples,Beverages - Alcohol,35__0,35,0.0,8. p75_trade_value,8000.0,14520.000000000002,O:STZ250404P00175000,STZ,P,175.0,2025-04-04,209,0,325,1.95,1742910093755000000,70,13650.0,2025-03-25,Automatic Execution,Consumer Staples,Beverages - Alcohol,179.92,180.48,177.41,178.36,211,4.135132651376775,3,1,1,1,0
STZ,Consumer Staples,Beverages - Alcohol,35__0,35,0.0,6. p95_trade_value,20250.0,98800.0,O:STZ250404P00175000,STZ,P,175.0,2025-04-04,209,0,325,1.95,1742909714021000000,130,25350.0,2025-03-25,Automatic Execution,Consumer Staples,Beverages - Alcohol,179.92,180.48,177.41,178.36,66,4.403977963669354,1,1,1,1,0
STZ,Consumer Staples,Beverages - Alcohol,35__0,35,0.0,6. p95_trade_value,20250.0,98800.0,O:STZ250417C00182500,STZ,C,182.5,2025-04-17,209,0,313,6.1,1742928758976000000,59,35990.0,2025-03-25,Automatic Execution,Consumer Staples,Beverages - Alcohol,179.92,180.48,177.41,178.36,48,4.556181846652911,1,1,1,1,0
STZ,Consumer Staples,Beverages - Alcohol,35__0,35,0.0,8. p75_trade_value,8000.0,14520.000000000002,O:STZ250328C00185000,STZ,C,185.0,2025-03-28,232,0,308,1.17,1743009173431000000,75,8775.0,2025-03-26,Multi Leg auto-electronic trade,Consumer Staples,Beverages - Alcohol,178.455,184.34,178.0,184.11,411,3.943247125137862,5,1,1,0,0
STZ,Consumer Staples,Beverages - Alcohol,35__0,35,0.0,6. p95_trade_value,20250.0,98800.0,O:STZ250417C00190000,STZ,C,190.0,2025-04-17,209,0,323,5.5,1743016968052000000,166,91300.0,2025-03-26,Automatic Execution,Consumer Staples,Beverages - Alcohol,178.455,184.34,178.0,184.11,23,4.960470777534299,1,0,0,0,1
STZ,Consumer Staples,Beverages - Alcohol,35__0,35,0.0,8. p75_trade_value,8000.0,14520.000000000002,O:STZ250328P00180000,STZ,P,180.0,2025-03-28,209,0,302,0.5,1743096691418000000,190,9500.0,2025-03-27,Automatic Execution,Consumer Staples,Beverages - Alcohol,183.5,185.17,182.08,184.31,375,3.9777236052888476,4,0,0,0,1
STZ,Consumer Staples,Beverages - Alcohol,35__0,35,0.0,8. p75_trade_value,8000.0,14520.000000000002,O:STZ250328P00180000,STZ,P,180.0,2025-03-28,209,0,302,0.45,1743096661184000000,270,12150.0,2025-03-27,Automatic Execution,Consumer Staples,Beverages - Alcohol,183.5,185.17,182.08,184.31,255,4.084576277934331,3,0,0,0,1
STZ,Consumer Staples,Beverages - Alcohol,35__0,35,0.0,8. p75_trade_value,8000.0,14520.000000000002,O:STZ250328P00180000,STZ,P,180.0,2025-03-28,209,0,323,0.45,1743096661184000000,180,8100.0,2025-03-27,Automatic Execution,Consumer Staples,Beverages - Alcohol,183.5,185.17,182.08,184.31,455,3.90848501887865,5,0,0,0,1
STZ,Consumer Staples,Beverages - Alcohol,35__0,35,0.0,8. p75_trade_value,8000.0,14520.000000000002,O:STZ250425P00170000,STZ,P,170.0,2025-04-25,209,0,308,2.85,1743171516789000000,35,9975.0,2025-03-28,Automatic Execution,Consumer Staples,Beverages - Alcohol,184.84,186.74,182.26,183.74,360,3.998912904358786,4,1,0,0,0
STZ,Consumer Staples,Beverages - Alcohol,35__0,35,0.0,8. p75_trade_value,8000.0,14520.000000000002,O:STZ250425P00170000,STZ,P,170.0,2025-04-25,209,0,308,2.85,1743171520427000000,30,8550.0,2025-03-28,Automatic Execution,Consumer Staples,Beverages - Alcohol,184.84,186.74,182.26,183.74,423,3.931966114728173,5,1,0,0,0
STZ,Consumer Staples,Beverages - Alcohol,35__0,35,0.0,8. p75_trade_value,8000.0,14520.000000000002,O:STZ250417P00172500,STZ,P,172.5,2025-04-17,209,0,316,3.7,1743437506867000000,23,8510.0,2025-03-31,Automatic Execution,Consumer Staples,Beverages - Alcohol,181.86,185.35,180.9,183.52,428,3.929929560084588,5,1,0,0,0
STZ,Consumer Staples,Beverages - Alcohol,35__0,35,0.0,8. p75_trade_value,8000.0,14520.000000000002,O:STZ250411P00170000,STZ,P,170.0,2025-04-11,209,0,320,2.4,1743534197589000000,43,10320.0,2025-04-01,Automatic Execution,Consumer Staples,Beverages - Alcohol,184.6,185.21,182.85,184.81,330,4.013679697291193,4,1,0,0,0
STZ,Consumer Staples,Beverages - Alcohol,35__0,35,0.0,8. p75_trade_value,8000.0,14520.000000000002,O:STZ250417C00190000,STZ,C,190.0,2025-04-17,209,0,320,5.4,1743515411363000000,15,8100.0,2025-04-01,Automatic Execution,Consumer Staples,Beverages - Alcohol,184.6,185.21,182.85,184.81,453,3.90848501887865,5,0,0,0,1
STZ,Consumer Staples,Beverages - Alcohol,35__0,35,0.0,8. p75_trade_value,8000.0,14520.000000000002,O:STZ250417C00190000,STZ,C,190.0,2025-04-17,209,0,301,5.4,1743515411373000000,15,8100.0,2025-04-01,Automatic Execution,Consumer Staples,Beverages - Alcohol,184.6,185.21,182.85,184.81,454,3.90848501887865,5,0,0,0,1
STZ,Consumer Staples,Beverages - Alcohol,35__0,35,0.0,8. p75_trade_value,8000.0,14520.000000000002,O:STZ250404P00180000,STZ,P,180.0,2025-04-04,209,0,301,1.5,1743618939987000000,86,12900.0,2025-04-02,Automatic Execution,Consumer Staples,Beverages - Alcohol,184.92,187.15,181.65,182.73,234,4.110589710299249,3,1,1,1,0
STZ,Consumer Staples,Beverages - Alcohol,35__0,35,0.0,7. p90_trade_value,14580.000000000002,20240.0,O:STZ250404P00180000,STZ,P,180.0,2025-04-04,209,0,302,1.5,1743618939959000000,125,18750.0,2025-04-02,Automatic Execution,Consumer Staples,Beverages - Alcohol,184.92,187.15,181.65,182.73,115,4.273001272063738,2,1,1,1,0
STZ,Consumer Staples,Beverages - Alcohol,35__0,35,0.0,7. p90_trade_value,14580.000000000002,20240.0,O:STZ250404P00180000,STZ,P,180.0,2025-04-04,209,0,313,1.5,1743618939958000000,125,18750.0,2025-04-02,Automatic Execution,Consumer Staples,Beverages - Alcohol,184.92,187.15,181.65,182.73,114,4.273001272063738,2,1,1,1,0
STZ,Consumer Staples,Beverages - Alcohol,35__0,35,0.0,7. p90_trade_value,14580.000000000002,20240.0,O:STZ250411C00187500,STZ,C,187.5,2025-04-11,209,0,313,6.8,1743605057923000000,23,15640.0,2025-04-02,Automatic Execution,Consumer Staples,Beverages - Alcohol,184.92,187.15,181.65,182.73,160,4.194236748723829,2,0,0,0,1
STZ,Consumer Staples,Beverages - Alcohol,35__0,35,0.0,4. p999_trade_value,499500.0,499500.0,O:STZ250411P00172500,STZ,P,172.5,2025-04-11,229,0,300,2.7,1743616866073000000,1850,499500.0,2025-04-02,Single Leg Cross Non ISO,Consumer Staples,Beverages - Alcohol,184.92,187.15,181.65,182.73,2,5.6985354925620015,1,1,0,0,0
STZ,Consumer Staples,Beverages - Alcohol,35__0,35,0.0,6. p95_trade_value,20250.0,98800.0,O:STZ250411P00180000,STZ,P,180.0,2025-04-11,209,0,316,5.6,1743619085303000000,58,32479.999999999996,2025-04-02,Automatic Execution,Consumer Staples,Beverages - Alcohol,184.92,187.15,181.65,182.73,51,4.511616020569138,1,1,1,0,0
STZ,Consumer Staples,Beverages - Alcohol,35__0,35,0.0,8. p75_trade_value,8000.0,14520.000000000002,O:STZ250411P00180000,STZ,P,180.0,2025-04-11,209,0,316,5.5,1743618868795000000,15,8250.0,2025-04-02,Automatic Execution,Consumer Staples,Beverages - Alcohol,184.92,187.15,181.65,182.73,446,3.916453948549925,5,1,1,0,0
STZ,Consumer Staples,Beverages - Alcohol,35__0,35,0.0,5. p99_trade_value,116144.0,485640.00000000006,O:STZ250417C00190000,STZ,C,190.0,2025-04-17,242,0,323,6.3,1743612754947000000,350,220500.0,2025-04-02,Stock Options floor trade,Consumer Staples,Beverages - Alcohol,184.92,187.15,181.65,182.73,13,5.343408593803857,1,0,0,0,1
STZ,Consumer Staples,Beverages - Alcohol,35__0,35,0.0,5. p99_trade_value,116144.0,485640.00000000006,O:STZ250411P00167500,STZ,P,167.5,2025-04-11,235,0,301,2.4,1743710299126000000,1925,462000.0,2025-04-03,Multi Leg floor trade,Consumer Staples,Beverages - Alcohol,182.64,186.423,180.22,181.49,4,5.664641975556125,1,0,0,0,1
STZ,Consumer Staples,Beverages - Alcohol,35__0,35,0.0,5. p99_trade_value,116144.0,485640.00000000006,O:STZ250411P00167500,STZ,P,167.5,2025-04-11,235,0,301,2.4,1743708399437000000,1925,462000.0,2025-04-03,Multi Leg floor trade,Consumer Staples,Beverages - Alcohol,182.64,186.423,180.22,181.49,5,5.664641975556125,1,0,0,0,1
STZ,Consumer Staples,Beverages - Alcohol,35__0,35,0.0,8. p75_trade_value,8000.0,14520.000000000002,O:STZ250411P00167500,STZ,P,167.5,2025-04-11,209,0,302,2.3,1743708371429000000,48,11040.0,2025-04-03,Automatic Execution,Consumer Staples,Beverages - Alcohol,182.64,186.423,180.22,181.49,296,4.04296907339318,4,0,0,0,1
STZ,Consumer Staples,Beverages - Alcohol,35__0,35,0.0,6. p95_trade_value,20250.0,98800.0,O:STZ250417P00175000,STZ,P,175.0,2025-04-17,209,0,323,4.8,1743696875415000000,50,24000.0,2025-04-03,Automatic Execution,Consumer Staples,Beverages - Alcohol,182.64,186.423,180.22,181.49,74,4.380211241711606,1,1,0,0,0
STZ,Consumer Staples,Beverages - Alcohol,35__0,35,0.0,8. p75_trade_value,8000.0,14520.000000000002,O:STZ250411C00182500,STZ,C,182.5,2025-04-11,232,0,308,5.46,1743783639533000000,16,8736.0,2025-04-04,Multi Leg auto-electronic trade,Consumer Staples,Beverages - Alcohol,181.42,181.48,173.49,173.86,414,3.941312625360662,5,1,1,1,0
STZ,Consumer Staples,Beverages - Alcohol,35__0,35,0.0,6. p95_trade_value,20250.0,98800.0,O:STZ250411P00172500,STZ,P,172.5,2025-04-11,209,0,308,5.8,1743777774130000000,40,23200.0,2025-04-04,Automatic Execution,Consumer Staples,Beverages - Alcohol,181.42,181.48,173.49,173.86,78,4.365487984890899,1,1,0,0,0
STZ,Consumer Staples,Beverages - Alcohol,35__0,35,0.0,6. p95_trade_value,20250.0,98800.0,O:STZ250417C00185000,STZ,C,185.0,2025-04-17,209,0,316,4.5,1743796317550000000,108,48600.0,2025-04-04,Automatic Execution,Consumer Staples,Beverages - Alcohol,181.42,181.48,173.49,173.86,36,4.686636269262293,1,1,1,1,0
STZ,Consumer Staples,Beverages - Alcohol,35__0,35,0.0,6. p95_trade_value,20250.0,98800.0,O:STZ250417C00185000,STZ,C,185.0,2025-04-17,209,0,316,5.1,1743783084284000000,100,50999.99999999999,2025-04-04,Automatic Execution,Consumer Staples,Beverages - Alcohol,181.42,181.48,173.49,173.86,33,4.707570176097937,1,1,1,1,0
STZ,Consumer Staples,Beverages - Alcohol,35__0,35,0.0,8. p75_trade_value,8000.0,14520.000000000002,O:STZ250417C00185000,STZ,C,185.0,2025-04-17,209,0,301,5.7,1743775716935000000,15,8550.0,2025-04-04,Automatic Execution,Consumer Staples,Beverages - Alcohol,181.42,181.48,173.49,173.86,424,3.931966114728173,5,1,1,1,0
STZ,Consumer Staples,Beverages - Alcohol,35__0,35,0.0,8. p75_trade_value,8000.0,14520.000000000002,O:STZ250417C00190000,STZ,C,190.0,2025-04-17,209,0,301,4.0,1743777143245000000,30,12000.0,2025-04-04,Automatic Execution,Consumer Staples,Beverages - Alcohol,181.42,181.48,173.49,173.86,263,4.079181246047625,3,0,0,0,1
STZ,Consumer Staples,Beverages - Alcohol,35__0,35,0.0,7. p90_trade_value,14580.000000000002,20240.0,O:STZ250417P00165000,STZ,P,165.0,2025-04-17,209,0,301,3.9,1743789979980000000,41,15990.0,2025-04-04,Automatic Execution,Consumer Staples,Beverages - Alcohol,181.42,181.48,173.49,173.86,153,4.203848463746235,2,0,0,0,1
STZ,Consumer Staples,Beverages - Alcohol,35__0,35,0.0,7. p90_trade_value,14580.000000000002,20240.0,O:STZ250425C00185000,STZ,C,185.0,2025-04-25,232,0,308,6.06,1743776349484000000,28,16967.999999999996,2025-04-04,Multi Leg auto-electronic trade,Consumer Staples,Beverages - Alcohol,181.42,181.48,173.49,173.86,144,4.2296306555085055,2,1,1,1,0
STZ,Consumer Staples,Beverages - Alcohol,35__0,35,0.0,6. p95_trade_value,20250.0,98800.0,O:STZ250425C00190000,STZ,C,190.0,2025-04-25,209,0,308,4.1,1743795808767000000,100,40999.99999999999,2025-04-04,Automatic Execution,Consumer Staples,Beverages - Alcohol,181.42,181.48,173.49,173.86,44,4.6127838567197355,1,1,0,0,0
STZ,Consumer Staples,Beverages - Alcohol,35__0,35,0.0,8. p75_trade_value,8000.0,14520.000000000002,O:STZ250425P00155000,STZ,P,155.0,2025-04-25,232,0,312,2.29,1743783059029000000,60,13740.0,2025-04-04,Multi Leg auto-electronic trade,Consumer Staples,Beverages - Alcohol,181.42,181.48,173.49,173.86,210,4.137986732723531,3,0,0,0,1
STZ,Consumer Staples,Beverages - Alcohol,35__0,35,0.0,7. p90_trade_value,14580.000000000002,20240.0,O:STZ250502C00185000,STZ,C,185.0,2025-05-02,232,0,308,6.74,1743776349483000000,28,18872.0,2025-04-04,Multi Leg auto-electronic trade,Consumer Staples,Beverages - Alcohol,181.42,181.48,173.49,173.86,113,4.275817927877539,2,1,1,1,0
STZ,Consumer Staples,Beverages - Alcohol,35__0,35,0.0,8. p75_trade_value,8000.0,14520.000000000002,O:STZ250411P00167500,STZ,P,167.5,2025-04-11,232,0,308,5.45,1744038571341000000,16,8720.0,2025-04-07,Multi Leg auto-electronic trade,Consumer Staples,Beverages - Alcohol,170.0,179.94,169.5137,172.59,416,3.940516484932567,5,0,0,0,1
STZ,Consumer Staples,Beverages - Alcohol,35__0,35,0.0,8. p75_trade_value,8000.0,14520.000000000002,O:STZ250411P00167500,STZ,P,167.5,2025-04-11,209,0,325,7.15,1744032850957000000,18,12870.000000000002,2025-04-07,Automatic Execution,Consumer Staples,Beverages - Alcohol,170.0,179.94,169.5137,172.59,235,4.109578546904387,3,0,0,0,1
STZ,Consumer Staples,Beverages - Alcohol,35__0,35,0.0,8. p75_trade_value,8000.0,14520.000000000002,O:STZ250411P00167500,STZ,P,167.5,2025-04-11,209,0,325,7.25,1744032699797000000,17,12325.0,2025-04-07,Automatic Execution,Consumer Staples,Beverages - Alcohol,170.0,179.94,169.5137,172.59,244,4.090786927949267,3,0,0,0,1
STZ,Consumer Staples,Beverages - Alcohol,35__0,35,0.0,8. p75_trade_value,8000.0,14520.000000000002,O:STZ250417C00180000,STZ,C,180.0,2025-04-17,209,0,316,5.9,1744039979739000000,23,13570.000000000002,2025-04-07,Automatic Execution,Consumer Staples,Beverages - Alcohol,170.0,179.94,169.5137,172.59,214,4.132579847659737,3,1,1,1,0
STZ,Consumer Staples,Beverages - Alcohol,35__0,35,0.0,7. p90_trade_value,14580.000000000002,20240.0,O:STZ250417C00180000,STZ,C,180.0,2025-04-17,209,0,313,5.6,1744045099808000000,32,17920.0,2025-04-07,Automatic Execution,Consumer Staples,Beverages - Alcohol,170.0,179.94,169.5137,172.59,126,4.253338005326106,2,1,1,1,0
STZ,Consumer Staples,Beverages - Alcohol,35__0,35,0.0,8. p75_trade_value,8000.0,14520.000000000002,O:STZ250417P00165000,STZ,P,165.0,2025-04-17,209,0,308,7.2,1744032639807000000,15,10800.0,2025-04-07,Automatic Execution,Consumer Staples,Beverages - Alcohol,170.0,179.94,169.5137,172.59,310,4.033423755486949,4,0,0,0,1
STZ,Consumer Staples,Beverages - Alcohol,35__0,35,0.0,8. p75_trade_value,8000.0,14520.000000000002,O:STZ250411C00180000,STZ,C,180.0,2025-04-11,227,0,301,6.95,1744121129184000000,20,13900.0,2025-04-08,Single Leg Auction Non ISO,Consumer Staples,Beverages - Alcohol,176.16,179.545,168.5,170.96,207,4.143014800254095,3,1,1,1,0
STZ,Consumer Staples,Beverages - Alcohol,35__0,35,0.0,8. p75_trade_value,8000.0,14520.000000000002,O:STZ250411P00167500,STZ,P,167.5,2025-04-11,209,0,308,7.2,1744141479928000000,18,12960.0,2025-04-08,Automatic Execution,Consumer Staples,Beverages - Alcohol,176.16,179.545,168.5,170.96,231,4.1126050015345745,3,0,0,0,1
STZ,Consumer Staples,Beverages - Alcohol,35__0,35,0.0,8. p75_trade_value,8000.0,14520.000000000002,O:STZ250417C00192500,STZ,C,192.5,2025-04-17,209,0,313,2.05,1744125220964000000,40,8200.0,2025-04-08,Automatic Execution,Consumer Staples,Beverages - Alcohol,176.16,179.545,168.5,170.96,448,3.9138138523837167,5,0,0,0,1
STZ,Consumer Staples,Beverages - Alcohol,35__0,35,0.0,8. p75_trade_value,8000.0,14520.000000000002,O:STZ250417C00195000,STZ,C,195.0,2025-04-17,209,0,313,2.15,1744119797073000000,50,10750.0,2025-04-08,Automatic Execution,Consumer Staples,Beverages - Alcohol,176.16,179.545,168.5,170.96,315,4.031408464251625,4,0,0,0,1
STZ,Consumer Staples,Beverages - Alcohol,35__0,35,0.0,7. p90_trade_value,14580.000000000002,20240.0,O:STZ250417P00165000,STZ,P,165.0,2025-04-17,209,0,315,3.8,1744120165130000000,40,15200.0,2025-04-08,Automatic Execution,Consumer Staples,Beverages - Alcohol,176.16,179.545,168.5,170.96,169,4.181843587944773,2,0,0,0,1
STZ,Consumer Staples,Beverages - Alcohol,35__0,35,0.0,8. p75_trade_value,8000.0,14520.000000000002,O:STZ250411C00185000,STZ,C,185.0,2025-04-11,232,0,303,5.55,1744224733096000000,16,8880.0,2025-04-09,Multi Leg auto-electronic trade,Consumer Staples,Beverages - Alcohol,168.47,184.11,168.0,183.4,404,3.948412965778601,5,1,1,1,0
STZ,Consumer Staples,Beverages - Alcohol,35__0,35,0.0,8. p75_trade_value,8000.0,14520.000000000002,O:STZ250411C00185000,STZ,C,185.0,2025-04-11,209,0,301,6.0,1744221494314000000,20,12000.0,2025-04-09,Automatic Execution,Consumer Staples,Beverages - Alcohol,168.47,184.11,168.0,183.4,260,4.079181246047625,3,1,1,1,0
STZ,Consumer Staples,Beverages - Alcohol,35__0,35,0.0,8. p75_trade_value,8000.0,14520.000000000002,O:STZ250411C00187500,STZ,C,187.5,2025-04-11,209,0,325,5.5,1744228404960000000,20,11000.0,2025-04-09,Automatic Execution,Consumer Staples,Beverages - Alcohol,168.47,184.11,168.0,183.4,301,4.041392685158225,4,0,0,0,1
STZ,Consumer Staples,Beverages - Alcohol,35__0,35,0.0,8. p75_trade_value,8000.0,14520.000000000002,O:STZ250411C00190000,STZ,C,190.0,2025-04-11,209,0,325,4.9,1744228633557000000,25,12250.000000000002,2025-04-09,Automatic Execution,Consumer Staples,Beverages - Alcohol,168.47,184.11,168.0,183.4,247,4.088136088700551,3,0,0,0,1
STZ,Consumer Staples,Beverages - Alcohol,35__0,35,0.0,7. p90_trade_value,14580.000000000002,20240.0,O:STZ250411C00190000,STZ,C,190.0,2025-04-11,209,0,325,1.7,1744207616897000000,100,17000.0,2025-04-09,Automatic Execution,Consumer Staples,Beverages - Alcohol,168.47,184.11,168.0,183.4,140,4.230448921378274,2,0,0,0,1
STZ,Consumer Staples,Beverages - Alcohol,35__0,35,0.0,6. p95_trade_value,20250.0,98800.0,O:STZ250411C00192500,STZ,C,192.5,2025-04-11,232,0,312,3.11,1744227639709000000,135,41985.0,2025-04-09,Multi Leg auto-electronic trade,Consumer Staples,Beverages - Alcohol,168.47,184.11,168.0,183.4,43,4.623094157521844,1,0,0,0,1
STZ,Consumer Staples,Beverages - Alcohol,35__0,35,0.0,8. p75_trade_value,8000.0,14520.000000000002,O:STZ250411C00192500,STZ,C,192.5,2025-04-11,232,0,312,3.17,1744227808450000000,30,9510.0,2025-04-09,Multi Leg auto-electronic trade,Consumer Staples,Beverages - Alcohol,168.47,184.11,168.0,183.4,374,3.978180516937414,4,0,0,0,1
STZ,Consumer Staples,Beverages - Alcohol,35__0,35,0.0,8. p75_trade_value,8000.0,14520.000000000002,O:STZ250411C00195000,STZ,C,195.0,2025-04-11,209,0,313,2.2,1744224002492000000,50,11000.000000000002,2025-04-09,Automatic Execution,Consumer Staples,Beverages - Alcohol,168.47,184.11,168.0,183.4,299,4.041392685158225,4,0,0,0,1
STZ,Consumer Staples,Beverages - Alcohol,35__0,35,0.0,8. p75_trade_value,8000.0,14520.000000000002,O:STZ250411C00197500,STZ,C,197.5,2025-04-11,209,0,313,1.85,1744227638548000000,50,9250.0,2025-04-09,Automatic Execution,Consumer Staples,Beverages - Alcohol,168.47,184.11,168.0,183.4,382,3.9661417327390325,5,0,0,0,1
STZ,Consumer Staples,Beverages - Alcohol,35__0,35,0.0,8. p75_trade_value,8000.0,14520.000000000002,O:STZ250411C00210000,STZ,C,210.0,2025-04-11,209,0,325,0.45,1744228695028000000,199,8955.0,2025-04-09,Automatic Execution,Consumer Staples,Beverages - Alcohol,168.47,184.11,168.0,183.4,402,3.9520655901850503,5,0,0,0,1
STZ,Consumer Staples,Beverages - Alcohol,35__0,35,0.0,8. p75_trade_value,8000.0,14520.000000000002,O:STZ250411P00165000,STZ,P,165.0,2025-04-11,209,0,301,2.1,1744225003087000000,50,10500.0,2025-04-09,Automatic Execution,Consumer Staples,Beverages - Alcohol,168.47,184.11,168.0,183.4,324,4.021189299069938,4,0,0,0,1
STZ,Consumer Staples,Beverages - Alcohol,35__0,35,0.0,8. p75_trade_value,8000.0,14520.000000000002,O:STZ250411P00167500,STZ,P,167.5,2025-04-11,227,0,302,6.27,1744205553145000000,17,10658.999999999998,2025-04-09,Single Leg Auction Non ISO,Consumer Staples,Beverages - Alcohol,168.47,184.11,168.0,183.4,320,4.02771646220899,4,0,0,0,1
STZ,Consumer Staples,Beverages - Alcohol,35__0,35,0.0,8. p75_trade_value,8000.0,14520.000000000002,O:STZ250411P00167500,STZ,P,167.5,2025-04-11,227,0,302,6.27,1744205553145000000,17,10658.999999999998,2025-04-09,Single Leg Auction Non ISO,Consumer Staples,Beverages - Alcohol,168.47,184.11,168.0,183.4,321,4.02771646220899,4,0,0,0,1
STZ,Consumer Staples,Beverages - Alcohol,35__0,35,0.0,5. p99_trade_value,116144.0,485640.00000000006,O:STZ250411P00167500,STZ,P,167.5,2025-04-11,229,0,301,1.8,1744228419483000000,2125,382500.0,2025-04-09,Single Leg Cross Non ISO,Consumer Staples,Beverages - Alcohol,168.47,184.11,168.0,183.4,6,5.582631439489637,1,0,0,0,1
STZ,Consumer Staples,Beverages - Alcohol,35__0,35,0.0,7. p90_trade_value,14580.000000000002,20240.0,O:STZ250411P00167500,STZ,P,167.5,2025-04-11,219,0,320,1.9,1744228599139000000,103,19570.0,2025-04-09,Intermarket Sweep Order,Consumer Staples,Beverages - Alcohol,168.47,184.11,168.0,183.4,103,4.291590825658001,2,0,0,0,1
STZ,Consumer Staples,Beverages - Alcohol,35__0,35,0.0,7. p90_trade_value,14580.000000000002,20240.0,O:STZ250411P00167500,STZ,P,167.5,2025-04-11,219,0,318,1.9,1744228599139000000,100,19000.0,2025-04-09,Intermarket Sweep Order,Consumer Staples,Beverages - Alcohol,168.47,184.11,168.0,183.4,110,4.278753600952829,2,0,0,0,1
STZ,Consumer Staples,Beverages - Alcohol,35__0,35,0.0,8. p75_trade_value,8000.0,14520.000000000002,O:STZ250417C00190000,STZ,C,190.0,2025-04-17,209,0,301,2.7,1744217132717000000,50,13500.0,2025-04-09,Automatic Execution,Consumer Staples,Beverages - Alcohol,168.47,184.11,168.0,183.4,215,4.1303337684950066,3,0,0,0,1
STZ,Consumer Staples,Beverages - Alcohol,35__0,35,0.0,8. p75_trade_value,8000.0,14520.000000000002,O:STZ250417C00190000,STZ,C,190.0,2025-04-17,227,0,312,2.7,1744217075704000000,40,10800.0,2025-04-09,Single Leg Auction Non ISO,Consumer Staples,Beverages - Alcohol,168.47,184.11,168.0,183.4,309,4.033423755486949,4,0,0,0,1
STZ,Consumer Staples,Beverages - Alcohol,35__0,35,0.0,8. p75_trade_value,8000.0,14520.000000000002,O:STZ250417P00149000,STZ,P,149.0,2025-04-17,209,0,303,1.2,1744205412457000000,104,12480.0,2025-04-09,Automatic Execution,Consumer Staples,Beverages - Alcohol,168.47,184.11,168.0,183.4,241,4.096214585346405,3,0,0,0,1
STZ,Consumer Staples,Beverages - Alcohol,35__0,35,0.0,7. p90_trade_value,14580.000000000002,20240.0,O:STZ250425C00190000,STZ,C,190.0,2025-04-25,232,0,312,5.42,1744227808450000000,30,16260.0,2025-04-09,Multi Leg auto-electronic trade,Consumer Staples,Beverages - Alcohol,168.47,184.11,168.0,183.4,150,4.211120541258049,2,1,0,0,0
STZ,Consumer Staples,Beverages - Alcohol,35__0,35,0.0,6. p95_trade_value,20250.0,98800.0,O:STZ250425C00190000,STZ,C,190.0,2025-04-25,232,0,312,5.05,1744227639709000000,185,93425.0,2025-04-09,Multi Leg auto-electronic trade,Consumer Staples,Beverages - Alcohol,168.47,184.11,168.0,183.4,21,4.9704631065216756,1,1,0,0,0
STZ,Consumer Staples,Beverages - Alcohol,35__0,35,0.0,8. p75_trade_value,8000.0,14520.000000000002,O:STZ250425C00190000,STZ,C,190.0,2025-04-25,227,0,323,5.12,1744226552951000000,20,10240.0,2025-04-09,Single Leg Auction Non ISO,Consumer Staples,Beverages - Alcohol,168.47,184.11,168.0,183.4,335,4.010299956639812,4,1,0,0,0
STZ,Consumer Staples,Beverages - Alcohol,35__0,35,0.0,8. p75_trade_value,8000.0,14520.000000000002,O:STZ250502P00150000,STZ,P,150.0,2025-05-02,227,0,323,2.91,1744208977114000000,30,8730.000000000002,2025-04-09,Single Leg Auction Non ISO,Consumer Staples,Beverages - Alcohol,168.47,184.11,168.0,183.4,415,3.94101424370557,5,0,0,0,1
STZ,Consumer Staples,Beverages - Alcohol,35__0,35,0.0,6. p95_trade_value,20250.0,98800.0,O:STZ250417P00175000,STZ,P,175.0,2025-04-17,227,0,323,2.24,1744303987279000000,100,22400.000000000004,2025-04-10,Single Leg Auction Non ISO,Consumer Staples,Beverages - Alcohol,175.93,186.73,175.1,184.75,82,4.350248018334163,1,0,0,0,1
STZ,Consumer Staples,Beverages - Alcohol,35__0,35,0.0,8. p75_trade_value,8000.0,14520.000000000002,O:STZ250417C00192500,STZ,C,192.5,2025-04-17,227,0,323,1.09,1744386781687000000,100,10900.000000000002,2025-04-11,Single Leg Auction Non ISO,Consumer Staples,Beverages - Alcohol,180.88,187.34,179.08,185.63,305,4.037426497940624,4,0,0,0,1
STZ,Consumer Staples,Beverages - Alcohol,35__0,35,0.0,8. p75_trade_value,8000.0,14520.000000000002,O:STZ250417P00177500,STZ,P,177.5,2025-04-17,209,0,308,2.0,1744379671067000000,40,8000.0,2025-04-11,Automatic Execution,Consumer Staples,Beverages - Alcohol,180.88,187.34,179.08,185.63,469,3.9030899869919438,5,0,0,0,1
STZ,Consumer Staples,Beverages - Alcohol,35__0,35,0.0,6. p95_trade_value,20250.0,98800.0,O:STZ250425C00190000,STZ,C,190.0,2025-04-25,232,0,312,2.87,1744401074404000000,180,51660.0,2025-04-11,Multi Leg auto-electronic trade,Consumer Staples,Beverages - Alcohol,180.88,187.34,179.08,185.63,29,4.713154401837299,1,1,0,0,0
STZ,Consumer Staples,Beverages - Alcohol,35__0,35,0.0,6. p95_trade_value,20250.0,98800.0,O:STZ250425P00172500,STZ,P,172.5,2025-04-25,232,0,312,1.2,1744401074404000000,195,23400.0,2025-04-11,Multi Leg auto-electronic trade,Consumer Staples,Beverages - Alcohol,180.88,187.34,179.08,185.63,76,4.3692158574101425,1,0,0,0,1
STZ,Consumer Staples,Beverages - Alcohol,35__0,35,0.0,7. p90_trade_value,14580.000000000002,20240.0,O:STZ250516C00190000,STZ,C,190.0,2025-05-16,209,0,316,3.8,1744897569021000000,45,17100.0,2025-04-17,Automatic Execution,Consumer Staples,Beverages - Alcohol,184.04,187.169,183.04,186.63,137,4.232996110392154,2,1,1,1,0
STZ,Consumer Staples,Beverages - Alcohol,35__0,35,0.0,8. p75_trade_value,8000.0,14520.000000000002,O:STZ250516P00180000,STZ,P,180.0,2025-05-16,232,0,312,4.38,1745257071925000000,22,9636.0,2025-04-21,Multi Leg auto-electronic trade,Consumer Staples,Beverages - Alcohol,186.45,187.77,183.1,187.26,370,3.983896791326306,4,0,0,0,1
STZ,Consumer Staples,Beverages - Alcohol,35__0,35,0.0,6. p95_trade_value,20250.0,98800.0,O:STZ250516C00190000,STZ,C,190.0,2025-05-16,209,0,320,3.2,1745430380964000000,75,24000.0,2025-04-23,Automatic Execution,Consumer Staples,Beverages - Alcohol,187.27,189.725,184.915,187.28,75,4.380211241711606,1,1,1,1,0
STZ,Consumer Staples,Beverages - Alcohol,35__0,35,0.0,6. p95_trade_value,20250.0,98800.0,O:STZ250516C00195000,STZ,C,195.0,2025-05-16,227,0,309,1.59,1745430316997000000,162,25758.000000000004,2025-04-23,Single Leg Auction Non ISO,Consumer Staples,Beverages - Alcohol,187.27,189.725,184.915,187.28,63,4.4109121388630825,1,1,1,1,0
STZ,Consumer Staples,Beverages - Alcohol,35__0,35,0.0,8. p75_trade_value,8000.0,14520.000000000002,O:STZ250516P00185000,STZ,P,185.0,2025-05-16,209,0,320,4.7,1745505852598000000,30,14100.0,2025-04-24,Automatic Execution,Consumer Staples,Beverages - Alcohol,186.83,187.99,185.025,187.5,200,4.14921911265538,3,1,0,0,0
STZ,Consumer Staples,Beverages - Alcohol,35__0,35,0.0,7. p90_trade_value,14580.000000000002,20240.0,O:STZ250516P00185000,STZ,P,185.0,2025-05-16,209,0,320,2.95,1746213073156000000,50,14750.0,2025-05-02,Automatic Execution,Consumer Staples,Beverages - Alcohol,187.09,188.17,185.33,186.97,181,4.168792020314182,2,1,0,0,0
STZ,Consumer Staples,Beverages - Alcohol,35__0,35,0.0,8. p75_trade_value,8000.0,14520.000000000002,O:STZ250530P00185000,STZ,P,185.0,2025-05-30,209,0,325,3.65,1746470826290000000,36,13140.0,2025-05-05,Automatic Execution,Consumer Staples,Beverages - Alcohol,187.09,188.47,186.2,187.44,224,4.118595365223762,3,1,1,1,0
STZ,Consumer Staples,Beverages - Alcohol,35__0,35,0.0,8. p75_trade_value,8000.0,14520.000000000002,O:STZ250516C00190000,STZ,C,190.0,2025-05-16,209,0,322,2.35,1746557579017000000,49,11515.0,2025-05-06,Automatic Execution,Consumer Staples,Beverages - Alcohol,187.32,187.76,185.57,187.07,272,4.06126394230025,3,1,1,1,0
STZ,Consumer Staples,Beverages - Alcohol,35__0,35,0.0,6. p95_trade_value,20250.0,98800.0,O:STZ250516P00187500,STZ,P,187.5,2025-05-16,231,0,313,1.7,1747143312164000000,300,51000.0,2025-05-13,Single Leg Floor Trade,Consumer Staples,Beverages - Alcohol,189.35,190.58,187.56,187.67,31,4.707570176097937,1,1,0,0,0
STZ,Consumer Staples,Beverages - Alcohol,35__0,35,0.0,8. p75_trade_value,8000.0,14520.000000000002,O:STZ250516C00190000,STZ,C,190.0,2025-05-16,209,0,313,1.05,1747252595852000000,134,14070.000000000002,2025-05-14,Automatic Execution,Consumer Staples,Beverages - Alcohol,187.0,187.53,183.3642,186.76,201,4.1482940974347455,3,1,1,1,0
STZ,Consumer Staples,Beverages - Alcohol,35__0,35,0.0,6. p95_trade_value,20250.0,98800.0,O:STZ250516C00190000,STZ,C,190.0,2025-05-16,231,0,301,1.05,1747252263967000000,440,46200.0,2025-05-14,Single Leg Floor Trade,Consumer Staples,Beverages - Alcohol,187.0,187.53,183.3642,186.76,39,4.664641975556125,1,1,1,1,0
STZ,Consumer Staples,Beverages - Alcohol,35__0,35,0.0,8. p75_trade_value,8000.0,14520.000000000002,O:STZ250516C00190000,STZ,C,190.0,2025-05-16,209,0,302,1.05,1747252595852000000,124,13020.000000000002,2025-05-14,Automatic Execution,Consumer Staples,Beverages - Alcohol,187.0,187.53,183.3642,186.76,226,4.114610984232173,3,1,1,1,0
STZ,Consumer Staples,Beverages - Alcohol,35__0,35,0.0,8. p75_trade_value,8000.0,14520.000000000002,O:STZ250516C00190000,STZ,C,190.0,2025-05-16,209,0,308,0.5,1747230215385000000,231,11550.0,2025-05-14,Automatic Execution,Consumer Staples,Beverages - Alcohol,187.0,187.53,183.3642,186.76,269,4.062581984228163,3,1,1,1,0
STZ,Consumer Staples,Beverages - Alcohol,35__0,35,0.0,7. p90_trade_value,14580.000000000002,20240.0,O:STZ250516C00190000,STZ,C,190.0,2025-05-16,209,0,302,1.1,1747252533353000000,136,14960.000000000002,2025-05-14,Automatic Execution,Consumer Staples,Beverages - Alcohol,187.0,187.53,183.3642,186.76,179,4.174931593528442,2,1,1,1,0
STZ,Consumer Staples,Beverages - Alcohol,35__0,35,0.0,8. p75_trade_value,8000.0,14520.000000000002,O:STZ250516C00190000,STZ,C,190.0,2025-05-16,209,0,300,1.05,1747252595852000000,80,8400.0,2025-05-14,Automatic Execution,Consumer Staples,Beverages - Alcohol,187.0,187.53,183.3642,186.76,435,3.9242792860618816,5,1,1,1,0
STZ,Consumer Staples,Beverages - Alcohol,35__0,35,0.0,6. p95_trade_value,20250.0,98800.0,O:STZ250516C00190000,STZ,C,190.0,2025-05-16,209,0,302,0.65,1747250510523000000,500,32500.0,2025-05-14,Automatic Execution,Consumer Staples,Beverages - Alcohol,187.0,187.53,183.3642,186.76,50,4.511883360978874,1,1,1,1,0
STZ,Consumer Staples,Beverages - Alcohol,35__0,35,0.0,6. p95_trade_value,20250.0,98800.0,O:STZ250516P00182500,STZ,P,182.5,2025-05-16,232,0,308,0.88,1747240874824000000,245,21560.0,2025-05-14,Multi Leg auto-electronic trade,Consumer Staples,Beverages - Alcohol,187.0,187.53,183.3642,186.76,86,4.333648756514701,1,0,0,0,1
STZ,Consumer Staples,Beverages - Alcohol,35__0,35,0.0,8. p75_trade_value,8000.0,14520.000000000002,O:STZ250523P00190000,STZ,P,190.0,2025-05-23,209,0,320,1.7,1747665562027000000,80,13600.0,2025-05-19,Automatic Execution,Consumer Staples,Beverages - Alcohol,195.71,195.7561,191.36,192.91,213,4.133538908370218,3,1,1,1,0
STZ,Consumer Staples,Beverages - Alcohol,35__0,35,0.0,8. p75_trade_value,8000.0,14520.000000000002,O:STZ250530C00200000,STZ,C,200.0,2025-05-30,209,0,308,1.15,1747672656869000000,100,11499.999999999998,2025-05-19,Automatic Execution,Consumer Staples,Beverages - Alcohol,195.71,195.7561,191.36,192.91,273,4.060697840353612,3,0,0,0,1
STZ,Consumer Staples,Beverages - Alcohol,35__0,35,0.0,8. p75_trade_value,8000.0,14520.000000000002,O:STZ250530C00200000,STZ,C,200.0,2025-05-30,227,0,323,1.87,1747662206333000000,50,9350.0,2025-05-19,Single Leg Auction Non ISO,Consumer Staples,Beverages - Alcohol,195.71,195.7561,191.36,192.91,381,3.9708116108725178,5,0,0,0,1
STZ,Consumer Staples,Beverages - Alcohol,35__0,35,0.0,8. p75_trade_value,8000.0,14520.000000000002,O:STZ250530C00200000,STZ,C,200.0,2025-05-30,209,0,320,1.5,1747663764710000000,96,14400.0,2025-05-19,Automatic Execution,Consumer Staples,Beverages - Alcohol,195.71,195.7561,191.36,192.91,193,4.158362492095249,3,0,0,0,1
STZ,Consumer Staples,Beverages - Alcohol,35__0,35,0.0,8. p75_trade_value,8000.0,14520.000000000002,O:STZ250530C00200000,STZ,C,200.0,2025-05-30,209,0,313,2.0,1747661541032000000,49,9800.0,2025-05-19,Automatic Execution,Consumer Staples,Beverages - Alcohol,195.71,195.7561,191.36,192.91,366,3.9912260756924947,4,0,0,0,1
STZ,Consumer Staples,Beverages - Alcohol,35__0,35,0.0,8. p75_trade_value,8000.0,14520.000000000002,O:STZ250530C00200000,STZ,C,200.0,2025-05-30,209,0,313,2.0,1747661406759000000,41,8200.0,2025-05-19,Automatic Execution,Consumer Staples,Beverages - Alcohol,195.71,195.7561,191.36,192.91,447,3.9138138523837167,5,0,0,0,1
STZ,Consumer Staples,Beverages - Alcohol,35__0,35,0.0,7. p90_trade_value,14580.000000000002,20240.0,O:STZ250530C00200000,STZ,C,200.0,2025-05-30,209,0,320,1.9,1747661802392000000,100,19000.0,2025-05-19,Automatic Execution,Consumer Staples,Beverages - Alcohol,195.71,195.7561,191.36,192.91,111,4.278753600952829,2,0,0,0,1
STZ,Consumer Staples,Beverages - Alcohol,35__0,35,0.0,8. p75_trade_value,8000.0,14520.000000000002,O:STZ250530C00200000,STZ,C,200.0,2025-05-30,209,0,308,0.8,1747759355544000000,100,8000.0,2025-05-20,Automatic Execution,Consumer Staples,Beverages - Alcohol,192.82,193.5,189.2,189.37,464,3.9030899869919438,5,0,0,0,1
STZ,Consumer Staples,Beverages - Alcohol,35__0,35,0.0,7. p90_trade_value,14580.000000000002,20240.0,O:STZ250620C00192500,STZ,C,192.5,2025-06-20,209,0,301,3.8,1747838920483000000,43,16340.0,2025-05-21,Automatic Execution,Consumer Staples,Beverages - Alcohol,189.915,190.05,185.625,185.7,149,4.213252052196396,2,0,0,0,1
STZ,Consumer Staples,Beverages - Alcohol,35__0,35,0.0,8. p75_trade_value,8000.0,14520.000000000002,O:STZ250620P00180000,STZ,P,180.0,2025-06-20,209,0,313,2.85,1747851685117000000,33,9405.0,2025-05-21,Automatic Execution,Consumer Staples,Beverages - Alcohol,189.915,190.05,185.625,185.7,379,3.9733587998863977,5,1,0,0,0
STZ,Consumer Staples,Beverages - Alcohol,35__0,35,0.0,8. p75_trade_value,8000.0,14520.000000000002,O:STZ250620C00187500,STZ,C,187.5,2025-06-20,209,0,308,3.9,1748010965690000000,31,12090.0,2025-05-23,Automatic Execution,Consumer Staples,Beverages - Alcohol,184.0,185.5173,182.3994,184.42,258,4.082426300860772,3,0,0,0,1
STZ,Consumer Staples,Beverages - Alcohol,35__0,35,0.0,8. p75_trade_value,8000.0,14520.000000000002,O:STZ250620P00180000,STZ,P,180.0,2025-06-20,233,0,302,3.83,1748012400495000000,29,11107.0,2025-05-23,Multi Leg Auction,Consumer Staples,Beverages - Alcohol,184.0,185.5173,182.3994,184.42,293,4.0455967718675785,4,1,0,0,0
STZ,Consumer Staples,Beverages - Alcohol,35__0,35,0.0,8. p75_trade_value,8000.0,14520.000000000002,O:STZ250620P00165000,STZ,P,165.0,2025-06-20,209,0,308,0.9,1748458023274000000,100,9000.0,2025-05-28,Automatic Execution,Consumer Staples,Beverages - Alcohol,185.91,186.05,178.4,178.73,395,3.9542425094393248,5,1,0,0,0
STZ,Consumer Staples,Beverages - Alcohol,35__0,35,0.0,8. p75_trade_value,8000.0,14520.000000000002,O:STZ250620P00165000,STZ,P,165.0,2025-06-20,209,0,308,0.85,1748455071187000000,99,8415.0,2025-05-28,Automatic Execution,Consumer Staples,Beverages - Alcohol,185.91,186.05,178.4,178.73,433,3.9250541203118425,5,1,0,0,0
STZ,Consumer Staples,Beverages - Alcohol,35__0,35,0.0,8. p75_trade_value,8000.0,14520.000000000002,O:STZ250620P00165000,STZ,P,165.0,2025-06-20,227,0,323,1.0,1748458466986000000,100,10000.0,2025-05-28,Single Leg Auction Non ISO,Consumer Staples,Beverages - Alcohol,185.91,186.05,178.4,178.73,348,4.0,4,1,0,0,0
STZ,Consumer Staples,Beverages - Alcohol,35__0,35,0.0,8. p75_trade_value,8000.0,14520.000000000002,O:STZ250620P00170000,STZ,P,170.0,2025-06-20,209,0,320,1.3,1748450817005000000,100,13000.0,2025-05-28,Automatic Execution,Consumer Staples,Beverages - Alcohol,185.91,186.05,178.4,178.73,229,4.113943352306837,3,1,0,0,0
STZ,Consumer Staples,Beverages - Alcohol,35__0,35,0.0,7. p90_trade_value,14580.000000000002,20240.0,O:STZ250620P00170000,STZ,P,170.0,2025-06-20,209,0,322,1.6,1748455489613000000,100,16000.0,2025-05-28,Automatic Execution,Consumer Staples,Beverages - Alcohol,185.91,186.05,178.4,178.73,152,4.204119982655925,2,1,0,0,0
STZ,Consumer Staples,Beverages - Alcohol,35__0,35,0.0,7. p90_trade_value,14580.000000000002,20240.0,O:STZ250620P00170000,STZ,P,170.0,2025-06-20,209,0,308,1.75,1748460876065000000,100,17500.0,2025-05-28,Automatic Execution,Consumer Staples,Beverages - Alcohol,185.91,186.05,178.4,178.73,132,4.243038048686294,2,1,0,0,0
STZ,Consumer Staples,Beverages - Alcohol,35__0,35,0.0,6. p95_trade_value,20250.0,98800.0,O:STZ250606P00170000,STZ,P,170.0,2025-06-06,235,0,300,0.55,1748535055230000000,1000,55000.0,2025-05-29,Multi Leg floor trade,Consumer Staples,Beverages - Alcohol,179.36,179.93,177.5,179.71,27,4.740362689494244,1,1,0,0,0
STZ,Consumer Staples,Beverages - Alcohol,35__0,35,0.0,8. p75_trade_value,8000.0,14520.000000000002,O:STZ250620C00180000,STZ,C,180.0,2025-06-20,227,0,309,4.8,1748538657248000000,20,9600.0,2025-05-29,Single Leg Auction Non ISO,Consumer Staples,Beverages - Alcohol,179.36,179.93,177.5,179.71,371,3.9822712330395684,4,1,0,0,0
STZ,Consumer Staples,Beverages - Alcohol,35__0,35,0.0,8. p75_trade_value,8000.0,14520.000000000002,O:STZ250620C00187500,STZ,C,187.5,2025-06-20,209,0,312,1.85,1748542102757000000,66,12210.0,2025-05-29,Automatic Execution,Consumer Staples,Beverages - Alcohol,179.36,179.93,177.5,179.71,253,4.086715663944882,3,0,0,0,1
STZ,Consumer Staples,Beverages - Alcohol,35__0,35,0.0,8. p75_trade_value,8000.0,14520.000000000002,O:STZ250620C00187500,STZ,C,187.5,2025-06-20,209,0,309,1.85,1748542102756000000,45,8325.0,2025-05-29,Automatic Execution,Consumer Staples,Beverages - Alcohol,179.36,179.93,177.5,179.71,441,3.9203842421783577,5,0,0,0,1
STZ,Consumer Staples,Beverages - Alcohol,35__0,35,0.0,8. p75_trade_value,8000.0,14520.000000000002,O:STZ250620C00187500,STZ,C,187.5,2025-06-20,209,0,304,1.85,1748542102756000000,78,14430.000000000002,2025-05-29,Automatic Execution,Consumer Staples,Beverages - Alcohol,179.36,179.93,177.5,179.71,192,4.1592663310934945,3,0,0,0,1
STZ,Consumer Staples,Beverages - Alcohol,35__0,35,0.0,8. p75_trade_value,8000.0,14520.000000000002,O:STZ250620C00180000,STZ,C,180.0,2025-06-20,227,0,323,1.41,1748875308568000000,100,14100.0,2025-06-02,Single Leg Auction Non ISO,Consumer Staples,Beverages - Alcohol,177.28,177.925,170.89,174.17,199,4.14921911265538,3,0,0,0,1
STZ,Consumer Staples,Beverages - Alcohol,35__0,35,0.0,7. p90_trade_value,14580.000000000002,20240.0,O:STZ250620C00180000,STZ,C,180.0,2025-06-20,209,0,313,1.6,1748876251493000000,99,15840.0,2025-06-02,Automatic Execution,Consumer Staples,Beverages - Alcohol,177.28,177.925,170.89,174.17,156,4.199755177253475,2,0,0,0,1
STZ,Consumer Staples,Beverages - Alcohol,35__0,35,0.0,8. p75_trade_value,8000.0,14520.000000000002,O:STZ250620P00160000,STZ,P,160.0,2025-06-20,209,0,308,0.8,1748872291294000000,100,8000.0,2025-06-02,Automatic Execution,Consumer Staples,Beverages - Alcohol,177.28,177.925,170.89,174.17,463,3.9030899869919438,5,0,0,0,1
STZ,Consumer Staples,Beverages - Alcohol,35__0,35,0.0,8. p75_trade_value,8000.0,14520.000000000002,O:STZ250620P00160000,STZ,P,160.0,2025-06-20,209,0,308,1.05,1748875083400000000,100,10500.0,2025-06-02,Automatic Execution,Consumer Staples,Beverages - Alcohol,177.28,177.925,170.89,174.17,325,4.021189299069938,4,0,0,0,1
STZ,Consumer Staples,Beverages - Alcohol,35__0,35,0.0,8. p75_trade_value,8000.0,14520.000000000002,O:STZ250620C00180000,STZ,C,180.0,2025-06-20,209,0,307,2.5,1748968614517000000,50,12500.0,2025-06-03,Automatic Execution,Consumer Staples,Beverages - Alcohol,175.0,177.3,172.53,176.67,240,4.096910013008056,3,0,0,0,1
STZ,Consumer Staples,Beverages - Alcohol,35__0,35,0.0,8. p75_trade_value,8000.0,14520.000000000002,O:STZ250620C00180000,STZ,C,180.0,2025-06-20,227,0,323,2.6,1748969870788000000,44,11440.0,2025-06-03,Single Leg Auction Non ISO,Consumer Staples,Beverages - Alcohol,175.0,177.3,172.53,176.67,280,4.058426024457005,3,0,0,0,1
STZ,Consumer Staples,Beverages - Alcohol,35__0,35,0.0,7. p90_trade_value,14580.000000000002,20240.0,O:STZ250613C00182500,STZ,C,182.5,2025-06-13,209,0,316,1.55,1749058729730000000,101,15655.000000000002,2025-06-04,Automatic Execution,Consumer Staples,Beverages - Alcohol,177.45,178.55,176.9,176.97,158,4.194653071952934,2,0,0,0,1
STZ,Consumer Staples,Beverages - Alcohol,35__0,35,0.0,8. p75_trade_value,8000.0,14520.000000000002,O:STZ250703P00150000,STZ,P,150.0,2025-07-03,209,0,301,1.1,1749136369491000000,74,8140.000000000001,2025-06-05,Automatic Execution,Consumer Staples,Beverages - Alcohol,174.77,175.38,169.88,170.6,451,3.910624404889201,5,0,0,0,1
STZ,Consumer Staples,Beverages - Alcohol,35__0,35,0.0,8. p75_trade_value,8000.0,14520.000000000002,O:STZ250703P00155000,STZ,P,155.0,2025-07-03,232,0,308,1.58,1749131821105000000,84,13272.0,2025-06-05,Multi Leg auto-electronic trade,Consumer Staples,Beverages - Alcohol,174.77,175.38,169.88,170.6,220,4.122936373016304,3,0,0,0,1
STZ,Consumer Staples,Beverages - Alcohol,35__0,35,0.0,6. p95_trade_value,20250.0,98800.0,O:STZ250703P00165000,STZ,P,165.0,2025-07-03,232,0,308,3.64,1749131821105000000,84,30576.0,2025-06-05,Multi Leg auto-electronic trade,Consumer Staples,Beverages - Alcohol,174.77,175.38,169.88,170.6,56,4.4853806697109375,1,1,0,0,0
STZ,Consumer Staples,Beverages - Alcohol,35__0,35,0.0,8. p75_trade_value,8000.0,14520.000000000002,O:STZ250703P00165000,STZ,P,165.0,2025-07-03,232,0,308,3.67,1749565998000000000,31,11377.0,2025-06-10,Multi Leg auto-electronic trade,Consumer Staples,Beverages - Alcohol,171.56,173.16,170.6336,171.55,282,4.056027758086362,3,1,0,0,0
STZ,Consumer Staples,Beverages - Alcohol,35__0,35,0.0,5. p99_trade_value,116144.0,485640.00000000006,O:STZ250620P00165000,STZ,P,165.0,2025-06-20,241,0,323,2.4,1749662103611000000,1000,240000.0,2025-06-11,Stock Options Cross,Consumer Staples,Beverages - Alcohol,172.175,172.53,165.7,169.04,10,5.380211241711606,1,1,0,0,0
STZ,Consumer Staples,Beverages - Alcohol,35__0,35,0.0,6. p95_trade_value,20250.0,98800.0,O:STZ250703C00180000,STZ,C,180.0,2025-07-03,227,0,309,1.82,1749654128291000000,193,35126.0,2025-06-11,Single Leg Auction Non ISO,Consumer Staples,Beverages - Alcohol,172.175,172.53,165.7,169.04,49,4.545628696992849,1,0,0,0,1
STZ,Consumer Staples,Beverages - Alcohol,35__0,35,0.0,8. p75_trade_value,8000.0,14520.000000000002,O:STZ250703C00180000,STZ,C,180.0,2025-07-03,227,0,323,2.18,1749664616477000000,49,10682.0,2025-06-11,Single Leg Auction Non ISO,Consumer Staples,Beverages - Alcohol,172.175,172.53,165.7,169.04,319,4.028652573633119,4,0,0,0,1
STZ,Consumer Staples,Beverages - Alcohol,35__0,35,0.0,8. p75_trade_value,8000.0,14520.000000000002,O:STZ250703C00180000,STZ,C,180.0,2025-07-03,209,0,316,1.9,1749654173321000000,48,9119.999999999998,2025-06-11,Automatic Execution,Consumer Staples,Beverages - Alcohol,172.175,172.53,165.7,169.04,391,3.959994838328416,5,0,0,0,1
STZ,Consumer Staples,Beverages - Alcohol,35__0,35,0.0,8. p75_trade_value,8000.0,14520.000000000002,O:STZ250703P00165000,STZ,P,165.0,2025-07-03,232,0,308,4.82,1749669821025000000,17,8194.0,2025-06-11,Multi Leg auto-electronic trade,Consumer Staples,Beverages - Alcohol,172.175,172.53,165.7,169.04,449,3.9134959596171237,5,1,0,0,0
STZ,Consumer Staples,Beverages - Alcohol,35__0,35,0.0,7. p90_trade_value,14580.000000000002,20240.0,O:STZ250703C00180000,STZ,C,180.0,2025-07-03,209,0,325,2.3,1749753181209000000,83,19089.999999999996,2025-06-12,Automatic Execution,Consumer Staples,Beverages - Alcohol,168.75,169.84,165.945,169.81,109,4.280805928393667,2,0,0,0,1
STZ,Consumer Staples,Beverages - Alcohol,35__0,35,0.0,8. p75_trade_value,8000.0,14520.000000000002,O:STZ250703P00150000,STZ,P,150.0,2025-07-03,232,0,312,1.12,1749746298597000000,125,14000.0,2025-06-12,Multi Leg auto-electronic trade,Consumer Staples,Beverages - Alcohol,168.75,169.84,165.945,169.81,202,4.146128035678238,3,0,0,0,1
STZ,Consumer Staples,Beverages - Alcohol,35__0,35,0.0,7. p90_trade_value,14580.000000000002,20240.0,O:STZ250711P00150000,STZ,P,150.0,2025-07-11,232,0,312,1.35,1749746298597000000,125,16875.0,2025-06-12,Multi Leg auto-electronic trade,Consumer Staples,Beverages - Alcohol,168.75,169.84,165.945,169.81,145,4.227243781503063,2,0,0,0,1
TAP,Consumer Staples,Beverages - Alcohol,20__0,20,0.0,5. p99_trade_value,67500.0,67500.0,O:TAP241018C00057500,TAP,C,57.5,2024-10-18,229,0,301,0.45,1726844946981000000,1500,67500.0,2024-09-20,Single Leg Cross Non ISO,Consumer Staples,Beverages - Alcohol,54.66,55.81,54.205,54.49,2,4.829303772831025,1,1,0,0,0
TAP,Consumer Staples,Beverages - Alcohol,20__0,20,0.0,1. p999999_trade_value,135000.0,135000.0,O:TAP250516P00055000,TAP,P,55.0,2025-05-16,235,0,323,0.9,1746644466274000000,1500,135000.0,2025-05-07,Multi Leg floor trade,Consumer Staples,Beverages - Alcohol,57.46,57.46,56.53,56.84,1,5.1303337684950066,1,1,0,0,0
