security,sector,industry,final_cluster,trade_volume_bin,cluster,trade_value_category,max_trade_value,min_trade_value,itm_total,total,itm_pct,itm_threshold,ab,itm_running_total,running_total,itm_running_pct
AAP,Retail-Wholesale,Automotive - Retail and Wholesale - Parts,30__0,30,0.0,1. p999999_trade_value,322500.0,322500.0,0.0,1.0,0.0,0.55,2. BELOW BASELINE,0.0,1.0,0.0
AAP,Retail-Wholesale,Automotive - Retail and Wholesale - Parts,30__0,30,0.0,4. p999_trade_value,240396.0,240396.0,1.0,1.0,1.0,0.55,2. BELOW BASELINE,1.0,2.0,0.5
AAP,Retail-Wholesale,Automotive - Retail and Wholesale - Parts,30__0,30,0.0,5. p99_trade_value,238008.0,69000.0,8.0,15.0,0.5333333333333333,0.55,2. BELOW BASELINE,9.0,17.0,0.5294117647058824
AAP,Retail-Wholesale,Automotive - Retail and Wholesale - Parts,30__0,30,0.0,6. p95_trade_value,66834.0,24206.000000000004,36.0,67.0,0.5373134328358209,0.55,2. BELOW BASELINE,45.0,84.0,0.5357142857142857
AAP,Retail-Wholesale,Automotive - Retail and Wholesale - Parts,30__0,30,0.0,7. p90_trade_value,24070.0,14213.0,40.0,84.0,0.47619047619047616,0.55,2. BELOW BASELINE,85.0,168.0,0.5059523809523809
AAP,Retail-Wholesale,Automotive - Retail and Wholesale - Parts,30__0,30,0.0,8. p75_trade_value,14140.0,7995.0,145.0,252.0,0.5753968253968254,0.55,2. BELOW BASELINE,230.0,420.0,0.5476190476190477
ABG,Retail-Wholesale,Automotive - Retail and Whole Sales,15__0,15,0.0,1. p999999_trade_value,59000.0,59000.0,1.0,1.0,1.0,0.55,1. ABOVE BASELINE,1.0,1.0,1.0
ABG,Retail-Wholesale,Automotive - Retail and Whole Sales,15__0,15,0.0,6. p95_trade_value,50399.99999999999,50399.99999999999,1.0,1.0,1.0,0.55,1. ABOVE BASELINE,2.0,2.0,1.0
ABG,Retail-Wholesale,Automotive - Retail and Whole Sales,15__0,15,0.0,7. p90_trade_value,31500.0,31500.0,2.0,2.0,1.0,0.55,1. ABOVE BASELINE,4.0,4.0,1.0
ABG,Retail-Wholesale,Automotive - Retail and Whole Sales,15__0,15,0.0,8. p75_trade_value,19200.0,8800.0,3.0,3.0,1.0,0.55,1. ABOVE BASELINE,7.0,7.0,1.0
ACVA,Retail-Wholesale,Internet - Commerce,20__0,20,0.0,1. p999999_trade_value,123400.0,123400.0,1.0,1.0,1.0,0.55,1. ABOVE BASELINE,1.0,1.0,1.0
ACVA,Retail-Wholesale,Internet - Commerce,20__0,20,0.0,6. p95_trade_value,90015.0,42000.0,0.0,2.0,0.0,0.55,2. BELOW BASELINE,1.0,3.0,0.3333333333333333
ACVA,Retail-Wholesale,Internet - Commerce,20__0,20,0.0,7. p90_trade_value,12500.0,8550.0,1.0,3.0,0.3333333333333333,0.55,2. BELOW BASELINE,2.0,6.0,0.3333333333333333
ACVA,Retail-Wholesale,Internet - Commerce,20__0,20,0.0,8. p75_trade_value,8325.0,6459.999999999999,1.0,9.0,0.1111111111111111,0.55,2. BELOW BASELINE,3.0,15.0,0.2
AEO,Retail-Wholesale,Retail - Apparel and Shoes,25__1,25,1.0,1. p999999_trade_value,247936.0,247936.0,1.0,1.0,1.0,0.55,1. ABOVE BASELINE,1.0,1.0,1.0
AEO,Retail-Wholesale,Retail - Apparel and Shoes,25__1,25,1.0,5. p99_trade_value,200000.0,200000.0,3.0,3.0,1.0,0.55,1. ABOVE BASELINE,4.0,4.0,1.0
AEO,Retail-Wholesale,Retail - Apparel and Shoes,25__1,25,1.0,6. p95_trade_value,175000.0,26639.999999999996,7.0,15.0,0.4666666666666667,0.55,2. BELOW BASELINE,11.0,19.0,0.5789473684210527
AEO,Retail-Wholesale,Retail - Apparel and Shoes,25__1,25,1.0,7. p90_trade_value,26398.0,15000.0,8.0,18.0,0.4444444444444444,0.55,2. BELOW BASELINE,19.0,37.0,0.5135135135135135
AEO,Retail-Wholesale,Retail - Apparel and Shoes,25__1,25,1.0,8. p75_trade_value,14945.999999999998,8800.0,41.0,54.0,0.7592592592592593,0.55,2. BELOW BASELINE,60.0,91.0,0.6593406593406593
AN,Retail-Wholesale,Automotive - Retail and Whole Sales,20__0,20,0.0,1. p999999_trade_value,57000.0,57000.0,1.0,1.0,1.0,0.55,1. ABOVE BASELINE,1.0,1.0,1.0
AN,Retail-Wholesale,Automotive - Retail and Whole Sales,20__0,20,0.0,5. p99_trade_value,37014.0,37014.0,1.0,1.0,1.0,0.55,1. ABOVE BASELINE,2.0,2.0,1.0
AN,Retail-Wholesale,Automotive - Retail and Whole Sales,20__0,20,0.0,6. p95_trade_value,31784.000000000004,16554.0,4.0,6.0,0.6666666666666666,0.55,1. ABOVE BASELINE,6.0,8.0,0.75
AN,Retail-Wholesale,Automotive - Retail and Whole Sales,20__0,20,0.0,7. p90_trade_value,15000.0,10080.0,4.0,7.0,0.5714285714285714,0.55,1. ABOVE BASELINE,10.0,15.0,0.6666666666666666
AN,Retail-Wholesale,Automotive - Retail and Whole Sales,20__0,20,0.0,8. p75_trade_value,9660.0,6955.0,21.0,22.0,0.9545454545454546,0.55,1. ABOVE BASELINE,31.0,37.0,0.8378378378378378
ANF,Retail-Wholesale,Retail - Apparel and Shoes,40__0,40,0.0,1. p999999_trade_value,1137500.0,1137500.0,1.0,1.0,1.0,0.55,2. BELOW BASELINE,1.0,1.0,1.0
ANF,Retail-Wholesale,Retail - Apparel and Shoes,40__0,40,0.0,4. p999_trade_value,678000.0,411840.00000000006,2.0,7.0,0.2857142857142857,0.55,2. BELOW BASELINE,3.0,8.0,0.375
ANF,Retail-Wholesale,Retail - Apparel and Shoes,40__0,40,0.0,5. p99_trade_value,403328.0,84000.0,37.0,72.0,0.5138888888888888,0.55,2. BELOW BASELINE,40.0,80.0,0.5
ANF,Retail-Wholesale,Retail - Apparel and Shoes,40__0,40,0.0,6. p95_trade_value,83100.0,27720.0,188.0,317.0,0.5930599369085173,0.55,2. BELOW BASELINE,228.0,397.0,0.5743073047858942
ANF,Retail-Wholesale,Retail - Apparel and Shoes,40__0,40,0.0,7. p90_trade_value,27512.0,17340.0,204.0,397.0,0.5138539042821159,0.55,2. BELOW BASELINE,432.0,794.0,0.5440806045340051
ANF,Retail-Wholesale,Retail - Apparel and Shoes,40__0,40,0.0,8. p75_trade_value,17280.0,8724.0,564.0,1190.0,0.47394957983193275,0.55,2. BELOW BASELINE,996.0,1984.0,0.5020161290322581
ARHS,Retail-Wholesale,Retail - Miscellaneous,10__0,10,0.0,1. p999999_trade_value,12475.0,12475.0,0.0,1.0,0.0,0.55,2. BELOW BASELINE,0.0,1.0,0.0
ARHS,Retail-Wholesale,Retail - Miscellaneous,10__0,10,0.0,7. p90_trade_value,10000.0,10000.0,0.0,2.0,0.0,0.55,2. BELOW BASELINE,0.0,3.0,0.0
AZO,Retail-Wholesale,Automotive - Retail and Wholesale - Parts,35__0,35,0.0,1. p999999_trade_value,291200.0,291200.0,0.0,1.0,0.0,0.55,2. BELOW BASELINE,0.0,1.0,0.0
AZO,Retail-Wholesale,Automotive - Retail and Wholesale - Parts,35__0,35,0.0,4. p999_trade_value,269200.0,173485.0,2.0,4.0,0.5,0.55,2. BELOW BASELINE,2.0,5.0,0.4
AZO,Retail-Wholesale,Automotive - Retail and Wholesale - Parts,35__0,35,0.0,5. p99_trade_value,167400.0,62460.0,31.0,40.0,0.775,0.55,2. BELOW BASELINE,33.0,45.0,0.7333333333333333
AZO,Retail-Wholesale,Automotive - Retail and Wholesale - Parts,35__0,35,0.0,6. p95_trade_value,61979.99999999999,19342.0,77.0,179.0,0.4301675977653631,0.55,2. BELOW BASELINE,110.0,224.0,0.49107142857142855
AZO,Retail-Wholesale,Automotive - Retail and Wholesale - Parts,35__0,35,0.0,7. p90_trade_value,19300.0,12600.0,119.0,225.0,0.5288888888888889,0.55,2. BELOW BASELINE,229.0,449.0,0.5100222717149221
AZO,Retail-Wholesale,Automotive - Retail and Wholesale - Parts,35__0,35,0.0,8. p75_trade_value,12560.0,7500.0,359.0,674.0,0.5326409495548962,0.55,2. BELOW BASELINE,588.0,1123.0,0.5235975066785397
BABA,Retail-Wholesale,Internet - Commerce,50__3,50,3.0,1. p999999_trade_value,2130000.0,2130000.0,0.0,1.0,0.0,0.55,2. BELOW BASELINE,0.0,1.0,0.0
BABA,Retail-Wholesale,Internet - Commerce,50__3,50,3.0,2. p99999_trade_value,1593000.0,1593000.0,1.0,1.0,1.0,0.55,2. BELOW BASELINE,1.0,2.0,0.5
BABA,Retail-Wholesale,Internet - Commerce,50__3,50,3.0,3. p9999_trade_value,1545000.0000000002,1071360.0,6.0,12.0,0.5,0.55,2. BELOW BASELINE,7.0,14.0,0.5
BABA,Retail-Wholesale,Internet - Commerce,50__3,50,3.0,4. p999_trade_value,1038500.0,343200.0,73.0,124.0,0.5887096774193549,0.55,2. BELOW BASELINE,80.0,138.0,0.5797101449275363
BABA,Retail-Wholesale,Internet - Commerce,50__3,50,3.0,5. p99_trade_value,339000.0,85500.0,732.0,1244.0,0.5884244372990354,0.55,2. BELOW BASELINE,812.0,1382.0,0.5875542691751086
BABA,Retail-Wholesale,Internet - Commerce,50__3,50,3.0,6. p95_trade_value,85459.0,30690.000000000004,2972.0,5504.0,0.5399709302325582,0.55,2. BELOW BASELINE,3784.0,6886.0,0.549520766773163
BABA,Retail-Wholesale,Internet - Commerce,50__3,50,3.0,7. p90_trade_value,30680.0,19530.0,3593.0,6886.0,0.5217833284925937,0.55,2. BELOW BASELINE,7377.0,13772.0,0.5356520476328783
BABA,Retail-Wholesale,Internet - Commerce,50__3,50,3.0,8. p75_trade_value,19529.0,9960.0,10361.0,20675.0,0.501136638452237,0.55,2. BELOW BASELINE,17738.0,34447.0,0.5149359886201992
BBW,Retail-Wholesale,Retail - Miscellaneous,20__0,20,0.0,1. p999999_trade_value,250000.0,250000.0,1.0,1.0,1.0,0.55,1. ABOVE BASELINE,1.0,1.0,1.0
BBW,Retail-Wholesale,Retail - Miscellaneous,20__0,20,0.0,6. p95_trade_value,34560.0,29095.0,2.0,2.0,1.0,0.55,1. ABOVE BASELINE,3.0,3.0,1.0
BBW,Retail-Wholesale,Retail - Miscellaneous,20__0,20,0.0,7. p90_trade_value,25488.0,23939.999999999996,3.0,3.0,1.0,0.55,1. ABOVE BASELINE,6.0,6.0,1.0
BBW,Retail-Wholesale,Retail - Miscellaneous,20__0,20,0.0,8. p75_trade_value,23600.0,10319.999999999998,7.0,9.0,0.7777777777777778,0.55,1. ABOVE BASELINE,13.0,15.0,0.8666666666666667
BBWI,Retail-Wholesale,Retail - Miscellaneous,30__0,30,0.0,1. p999999_trade_value,443250.0,443250.0,1.0,1.0,1.0,0.55,1. ABOVE BASELINE,1.0,1.0,1.0
BBWI,Retail-Wholesale,Retail - Miscellaneous,30__0,30,0.0,5. p99_trade_value,360000.0,200000.0,2.0,6.0,0.3333333333333333,0.55,2. BELOW BASELINE,3.0,7.0,0.42857142857142855
BBWI,Retail-Wholesale,Retail - Miscellaneous,30__0,30,0.0,6. p95_trade_value,161982.0,37904.99999999999,11.0,26.0,0.4230769230769231,0.55,2. BELOW BASELINE,14.0,33.0,0.42424242424242425
BBWI,Retail-Wholesale,Retail - Miscellaneous,30__0,30,0.0,7. p90_trade_value,37500.0,18445.0,17.0,32.0,0.53125,0.55,2. BELOW BASELINE,31.0,65.0,0.47692307692307695
BBWI,Retail-Wholesale,Retail - Miscellaneous,30__0,30,0.0,8. p75_trade_value,18400.0,9000.0,46.0,97.0,0.4742268041237113,0.55,2. BELOW BASELINE,77.0,162.0,0.47530864197530864
BBY,Retail-Wholesale,Retail - Consumer Electronics,35__4,35,4.0,1. p999999_trade_value,1172745.0,1172745.0,1.0,1.0,1.0,0.55,1. ABOVE BASELINE,1.0,1.0,1.0
BBY,Retail-Wholesale,Retail - Consumer Electronics,35__4,35,4.0,4. p999_trade_value,813868.0,360000.0,2.0,3.0,0.6666666666666666,0.55,1. ABOVE BASELINE,3.0,4.0,0.75
BBY,Retail-Wholesale,Retail - Consumer Electronics,35__4,35,4.0,5. p99_trade_value,245119.0,104000.0,10.0,28.0,0.35714285714285715,0.55,2. BELOW BASELINE,13.0,32.0,0.40625
BBY,Retail-Wholesale,Retail - Consumer Electronics,35__4,35,4.0,6. p95_trade_value,103500.0,26280.0,62.0,124.0,0.5,0.55,2. BELOW BASELINE,75.0,156.0,0.4807692307692308
BBY,Retail-Wholesale,Retail - Consumer Electronics,35__4,35,4.0,7. p90_trade_value,26234.999999999996,15792.000000000002,63.0,156.0,0.40384615384615385,0.55,2. BELOW BASELINE,138.0,312.0,0.4423076923076923
BBY,Retail-Wholesale,Retail - Consumer Electronics,35__4,35,4.0,8. p75_trade_value,15760.0,8234.0,243.0,467.0,0.5203426124197003,0.55,2. BELOW BASELINE,381.0,779.0,0.4890885750962773
BGFV,Retail-Wholesale,Retail - Miscellaneous,0__0,0,0.0,1. p999999_trade_value,7640.000000000001,7640.000000000001,0.0,1.0,0.0,0.55,2. BELOW BASELINE,0.0,1.0,0.0
BIRD,Retail-Wholesale,Retail - Apparel and Shoes,5__0,5,0.0,1. p999999_trade_value,12350.0,12350.0,0.0,1.0,0.0,0.55,2. BELOW BASELINE,0.0,1.0,0.0
BJRI,Retail-Wholesale,Retail - Restaurants,10__0,10,0.0,1. p999999_trade_value,31075.0,31075.0,0.0,1.0,0.0,0.55,2. BELOW BASELINE,0.0,1.0,0.0
BJRI,Retail-Wholesale,Retail - Restaurants,10__0,10,0.0,7. p90_trade_value,23400.0,23400.0,0.0,1.0,0.0,0.55,2. BELOW BASELINE,0.0,2.0,0.0
BJRI,Retail-Wholesale,Retail - Restaurants,10__0,10,0.0,8. p75_trade_value,8960.0,8960.0,1.0,1.0,1.0,0.55,2. BELOW BASELINE,1.0,3.0,0.3333333333333333
BKE,Retail-Wholesale,Retail - Apparel and Shoes,15__0,15,0.0,1. p999999_trade_value,8189.999999999999,8189.999999999999,0.0,1.0,0.0,0.55,2. BELOW BASELINE,0.0,1.0,0.0
BKE,Retail-Wholesale,Retail - Apparel and Shoes,15__0,15,0.0,7. p90_trade_value,6800.0,6800.0,1.0,1.0,1.0,0.55,2. BELOW BASELINE,1.0,2.0,0.5
BKE,Retail-Wholesale,Retail - Apparel and Shoes,15__0,15,0.0,8. p75_trade_value,5699.999999999999,5252.0,2.0,3.0,0.6666666666666666,0.55,2. BELOW BASELINE,3.0,5.0,0.6
BKNG,Retail-Wholesale,Internet - Commerce,45__2,45,2.0,1. p999999_trade_value,1060200.0,1060200.0,1.0,1.0,1.0,0.55,1. ABOVE BASELINE,1.0,1.0,1.0
BKNG,Retail-Wholesale,Internet - Commerce,45__2,45,2.0,3. p9999_trade_value,771000.0,756340.0,2.0,3.0,0.6666666666666666,0.55,1. ABOVE BASELINE,3.0,4.0,0.75
BKNG,Retail-Wholesale,Internet - Commerce,45__2,45,2.0,4. p999_trade_value,720000.0,202600.0,18.0,32.0,0.5625,0.55,1. ABOVE BASELINE,21.0,36.0,0.5833333333333334
BKNG,Retail-Wholesale,Internet - Commerce,45__2,45,2.0,5. p99_trade_value,200000.0,78680.0,113.0,315.0,0.35873015873015873,0.55,2. BELOW BASELINE,134.0,351.0,0.3817663817663818
BKNG,Retail-Wholesale,Internet - Commerce,45__2,45,2.0,6. p95_trade_value,78631.0,29872.000000000004,578.0,1400.0,0.41285714285714287,0.55,2. BELOW BASELINE,712.0,1751.0,0.4066247858366648
BKNG,Retail-Wholesale,Internet - Commerce,45__2,45,2.0,7. p90_trade_value,29839.999999999996,17266.0,796.0,1751.0,0.45459737292975444,0.55,2. BELOW BASELINE,1508.0,3502.0,0.4306110793832096
BKNG,Retail-Wholesale,Internet - Commerce,45__2,45,2.0,8. p75_trade_value,17260.0,9634.0,2906.0,5253.0,0.5532076908433277,0.55,2. BELOW BASELINE,4414.0,8755.0,0.5041690462592804
BLDR,Retail-Wholesale,Building Products - Retail,30__0,30,0.0,1. p999999_trade_value,450000.0,450000.0,1.0,1.0,1.0,0.55,1. ABOVE BASELINE,1.0,1.0,1.0
BLDR,Retail-Wholesale,Building Products - Retail,30__0,30,0.0,4. p999_trade_value,145000.0,145000.0,1.0,1.0,1.0,0.55,1. ABOVE BASELINE,2.0,2.0,1.0
BLDR,Retail-Wholesale,Building Products - Retail,30__0,30,0.0,5. p99_trade_value,137500.0,61294.99999999999,8.0,11.0,0.7272727272727273,0.55,1. ABOVE BASELINE,10.0,13.0,0.7692307692307693
BLDR,Retail-Wholesale,Building Products - Retail,30__0,30,0.0,6. p95_trade_value,55200.0,25200.0,23.0,53.0,0.4339622641509434,0.55,2. BELOW BASELINE,33.0,66.0,0.5
BLDR,Retail-Wholesale,Building Products - Retail,30__0,30,0.0,7. p90_trade_value,25160.000000000004,15850.0,32.0,65.0,0.49230769230769234,0.55,2. BELOW BASELINE,65.0,131.0,0.4961832061068702
BLDR,Retail-Wholesale,Building Products - Retail,30__0,30,0.0,8. p75_trade_value,15834.0,8487.0,112.0,194.0,0.5773195876288659,0.55,2. BELOW BASELINE,177.0,325.0,0.5446153846153846
BLMN,Retail-Wholesale,Retail - Restaurants,15__0,15,0.0,1. p999999_trade_value,41580.0,41580.0,1.0,1.0,1.0,0.55,1. ABOVE BASELINE,1.0,1.0,1.0
BLMN,Retail-Wholesale,Retail - Restaurants,15__0,15,0.0,6. p95_trade_value,17814.999999999996,16000.0,0.0,2.0,0.0,0.55,2. BELOW BASELINE,1.0,3.0,0.3333333333333333
BLMN,Retail-Wholesale,Retail - Restaurants,15__0,15,0.0,7. p90_trade_value,14654.999999999998,12780.0,0.0,3.0,0.0,0.55,2. BELOW BASELINE,1.0,6.0,0.16666666666666666
BLMN,Retail-Wholesale,Retail - Restaurants,15__0,15,0.0,8. p75_trade_value,12460.0,7380.0,5.0,8.0,0.625,0.55,2. BELOW BASELINE,6.0,14.0,0.42857142857142855
BOOT,Retail-Wholesale,Retail - Apparel and Shoes,25__1,25,1.0,1. p999999_trade_value,135000.0,135000.0,0.0,1.0,0.0,0.55,2. BELOW BASELINE,0.0,1.0,0.0
BOOT,Retail-Wholesale,Retail - Apparel and Shoes,25__1,25,1.0,5. p99_trade_value,120000.0,96000.0,3.0,5.0,0.6,0.55,2. BELOW BASELINE,3.0,6.0,0.5
BOOT,Retail-Wholesale,Retail - Apparel and Shoes,25__1,25,1.0,6. p95_trade_value,95620.0,38400.0,11.0,20.0,0.55,0.55,2. BELOW BASELINE,14.0,26.0,0.5384615384615384
BOOT,Retail-Wholesale,Retail - Apparel and Shoes,25__1,25,1.0,7. p90_trade_value,34500.0,17520.0,22.0,26.0,0.8461538461538461,0.55,2. BELOW BASELINE,36.0,52.0,0.6923076923076923
BOOT,Retail-Wholesale,Retail - Apparel and Shoes,25__1,25,1.0,8. p75_trade_value,17100.0,8910.0,49.0,78.0,0.6282051282051282,0.55,2. BELOW BASELINE,85.0,130.0,0.6538461538461539
BROS,Retail-Wholesale,Retail - Restaurants,35__0,35,0.0,1. p999999_trade_value,946000.0,946000.0,0.0,1.0,0.0,0.55,2. BELOW BASELINE,0.0,1.0,0.0
BROS,Retail-Wholesale,Retail - Restaurants,35__0,35,0.0,4. p999_trade_value,850000.0,522000.0,1.0,2.0,0.5,0.55,2. BELOW BASELINE,1.0,3.0,0.3333333333333333
BROS,Retail-Wholesale,Retail - Restaurants,35__0,35,0.0,5. p99_trade_value,494000.0,63750.0,5.0,19.0,0.2631578947368421,0.55,2. BELOW BASELINE,6.0,22.0,0.2727272727272727
BROS,Retail-Wholesale,Retail - Restaurants,35__0,35,0.0,6. p95_trade_value,61005.00000000001,19110.0,57.0,86.0,0.6627906976744186,0.55,2. BELOW BASELINE,63.0,108.0,0.5833333333333334
BROS,Retail-Wholesale,Retail - Restaurants,35__0,35,0.0,7. p90_trade_value,19076.0,13377.000000000002,74.0,107.0,0.6915887850467289,0.55,2. BELOW BASELINE,137.0,215.0,0.6372093023255814
BROS,Retail-Wholesale,Retail - Restaurants,35__0,35,0.0,8. p75_trade_value,13300.0,7750.0,221.0,333.0,0.6636636636636637,0.55,2. BELOW BASELINE,358.0,548.0,0.6532846715328468
BURL,Retail-Wholesale,Retail - Discount Stores,35__4,35,4.0,1. p999999_trade_value,1725000.0,1725000.0,1.0,1.0,1.0,0.55,1. ABOVE BASELINE,1.0,1.0,1.0
BURL,Retail-Wholesale,Retail - Discount Stores,35__4,35,4.0,4. p999_trade_value,1543239.9999999998,950000.0,3.0,3.0,1.0,0.55,1. ABOVE BASELINE,4.0,4.0,1.0
BURL,Retail-Wholesale,Retail - Discount Stores,35__4,35,4.0,5. p99_trade_value,795000.0,121439.99999999999,18.0,34.0,0.5294117647058824,0.55,2. BELOW BASELINE,22.0,38.0,0.5789473684210527
BURL,Retail-Wholesale,Retail - Discount Stores,35__4,35,4.0,6. p95_trade_value,120000.0,23424.0,72.0,149.0,0.48322147651006714,0.55,2. BELOW BASELINE,94.0,187.0,0.5026737967914439
BURL,Retail-Wholesale,Retail - Discount Stores,35__4,35,4.0,7. p90_trade_value,23400.0,14400.0,107.0,189.0,0.5661375661375662,0.55,2. BELOW BASELINE,201.0,376.0,0.5345744680851063
BURL,Retail-Wholesale,Retail - Discount Stores,35__4,35,4.0,8. p75_trade_value,14368.0,8125.0,340.0,559.0,0.6082289803220036,0.55,2. BELOW BASELINE,541.0,935.0,0.5786096256684492
BYON,Retail-Wholesale,Internet - Commerce,25__1,25,1.0,1. p999999_trade_value,125000.0,125000.0,1.0,1.0,1.0,0.55,1. ABOVE BASELINE,1.0,1.0,1.0
BYON,Retail-Wholesale,Internet - Commerce,25__1,25,1.0,5. p99_trade_value,75000.0,52500.0,3.0,4.0,0.75,0.55,1. ABOVE BASELINE,4.0,5.0,0.8
BYON,Retail-Wholesale,Internet - Commerce,25__1,25,1.0,6. p95_trade_value,51870.00000000001,16200.0,8.0,16.0,0.5,0.55,2. BELOW BASELINE,12.0,21.0,0.5714285714285714
BYON,Retail-Wholesale,Internet - Commerce,25__1,25,1.0,7. p90_trade_value,15419.999999999998,10500.0,12.0,20.0,0.6,0.55,2. BELOW BASELINE,24.0,41.0,0.5853658536585366
BYON,Retail-Wholesale,Internet - Commerce,25__1,25,1.0,8. p75_trade_value,10320.0,6900.0,31.0,61.0,0.5081967213114754,0.55,2. BELOW BASELINE,55.0,102.0,0.5392156862745098
CAKE,Retail-Wholesale,Retail - Restaurants,25__1,25,1.0,1. p999999_trade_value,75364.0,75364.0,2.0,2.0,1.0,0.55,1. ABOVE BASELINE,2.0,2.0,1.0
CAKE,Retail-Wholesale,Retail - Restaurants,25__1,25,1.0,6. p95_trade_value,75000.0,16830.0,7.0,8.0,0.875,0.55,1. ABOVE BASELINE,9.0,10.0,0.9
CAKE,Retail-Wholesale,Retail - Restaurants,25__1,25,1.0,7. p90_trade_value,16000.0,12537.0,8.0,9.0,0.8888888888888888,0.55,1. ABOVE BASELINE,17.0,19.0,0.8947368421052632
CAKE,Retail-Wholesale,Retail - Restaurants,25__1,25,1.0,8. p75_trade_value,12500.0,7363.0,13.0,28.0,0.4642857142857143,0.55,2. BELOW BASELINE,30.0,47.0,0.6382978723404256
CART,Retail-Wholesale,Internet - Commerce,30__0,30,0.0,1. p999999_trade_value,650000.0,650000.0,1.0,1.0,1.0,0.55,1. ABOVE BASELINE,1.0,1.0,1.0
CART,Retail-Wholesale,Internet - Commerce,30__0,30,0.0,4. p999_trade_value,420000.0,420000.0,1.0,1.0,1.0,0.55,1. ABOVE BASELINE,2.0,2.0,1.0
CART,Retail-Wholesale,Internet - Commerce,30__0,30,0.0,5. p99_trade_value,416000.0,56979.99999999999,8.0,10.0,0.8,0.55,1. ABOVE BASELINE,10.0,12.0,0.8333333333333334
CART,Retail-Wholesale,Internet - Commerce,30__0,30,0.0,6. p95_trade_value,55500.0,19000.0,26.0,46.0,0.5652173913043478,0.55,1. ABOVE BASELINE,36.0,58.0,0.6206896551724138
CART,Retail-Wholesale,Internet - Commerce,30__0,30,0.0,7. p90_trade_value,18980.0,13068.0,36.0,57.0,0.631578947368421,0.55,1. ABOVE BASELINE,72.0,115.0,0.6260869565217392
CART,Retail-Wholesale,Internet - Commerce,30__0,30,0.0,8. p75_trade_value,13020.000000000002,7783.0,108.0,171.0,0.631578947368421,0.55,1. ABOVE BASELINE,180.0,286.0,0.6293706293706294
CASY,Retail-Wholesale,Retail - Convenience Stores,25__1,25,1.0,1. p999999_trade_value,525000.0,525000.0,1.0,1.0,1.0,0.55,1. ABOVE BASELINE,1.0,1.0,1.0
CASY,Retail-Wholesale,Retail - Convenience Stores,25__1,25,1.0,5. p99_trade_value,140360.0,61275.0,2.0,5.0,0.4,0.55,2. BELOW BASELINE,3.0,6.0,0.5
CASY,Retail-Wholesale,Retail - Convenience Stores,25__1,25,1.0,6. p95_trade_value,59150.0,24992.0,14.0,20.0,0.7,0.55,2. BELOW BASELINE,17.0,26.0,0.6538461538461539
CASY,Retail-Wholesale,Retail - Convenience Stores,25__1,25,1.0,7. p90_trade_value,24239.999999999996,17550.0,21.0,27.0,0.7777777777777778,0.55,2. BELOW BASELINE,38.0,53.0,0.7169811320754716
CASY,Retail-Wholesale,Retail - Convenience Stores,25__1,25,1.0,8. p75_trade_value,17295.0,8400.0,38.0,78.0,0.48717948717948717,0.55,2. BELOW BASELINE,76.0,131.0,0.5801526717557252
CATO,Retail-Wholesale,Retail - Apparel and Shoes,0__0,0,0.0,1. p999999_trade_value,4000.0,4000.0,0.0,1.0,0.0,0.55,2. BELOW BASELINE,0.0,1.0,0.0
CAVA,Retail-Wholesale,Retail - Restaurants,40__1,40,1.0,1. p999999_trade_value,2502500.0,2502500.0,1.0,1.0,1.0,0.55,1. ABOVE BASELINE,1.0,1.0,1.0
CAVA,Retail-Wholesale,Retail - Restaurants,40__1,40,1.0,3. p9999_trade_value,836073.0,836073.0,1.0,1.0,1.0,0.55,1. ABOVE BASELINE,2.0,2.0,1.0
CAVA,Retail-Wholesale,Retail - Restaurants,40__1,40,1.0,4. p999_trade_value,820000.0,339120.0,6.0,12.0,0.5,0.55,2. BELOW BASELINE,8.0,14.0,0.5714285714285714
CAVA,Retail-Wholesale,Retail - Restaurants,40__1,40,1.0,5. p99_trade_value,314424.0,65325.000000000015,53.0,119.0,0.44537815126050423,0.55,2. BELOW BASELINE,61.0,133.0,0.45864661654135336
CAVA,Retail-Wholesale,Retail - Restaurants,40__1,40,1.0,6. p95_trade_value,65100.0,24325.0,237.0,531.0,0.4463276836158192,0.55,2. BELOW BASELINE,298.0,664.0,0.44879518072289154
CAVA,Retail-Wholesale,Retail - Restaurants,40__1,40,1.0,7. p90_trade_value,24300.000000000004,15424.0,362.0,664.0,0.5451807228915663,0.55,2. BELOW BASELINE,660.0,1328.0,0.49698795180722893
CAVA,Retail-Wholesale,Retail - Restaurants,40__1,40,1.0,8. p75_trade_value,15405.000000000002,8300.0,994.0,1995.0,0.4982456140350877,0.55,2. BELOW BASELINE,1654.0,3323.0,0.49774300331026183
CBRL,Retail-Wholesale,Retail - Restaurants,25__1,25,1.0,1. p999999_trade_value,114425.0,114425.0,0.0,1.0,0.0,0.55,2. BELOW BASELINE,0.0,1.0,0.0
CBRL,Retail-Wholesale,Retail - Restaurants,25__1,25,1.0,5. p99_trade_value,105000.0,84930.0,2.0,2.0,1.0,0.55,2. BELOW BASELINE,2.0,3.0,0.6666666666666666
CBRL,Retail-Wholesale,Retail - Restaurants,25__1,25,1.0,6. p95_trade_value,45999.99999999999,29039.999999999996,8.0,8.0,1.0,0.55,2. BELOW BASELINE,10.0,11.0,0.9090909090909091
CBRL,Retail-Wholesale,Retail - Restaurants,25__1,25,1.0,7. p90_trade_value,28689.999999999996,21210.000000000004,8.0,10.0,0.8,0.55,2. BELOW BASELINE,18.0,21.0,0.8571428571428571
CBRL,Retail-Wholesale,Retail - Restaurants,25__1,25,1.0,8. p75_trade_value,19800.0,8000.0,20.0,31.0,0.6451612903225806,0.55,2. BELOW BASELINE,38.0,52.0,0.7307692307692307
CHWY,Retail-Wholesale,Internet - Commerce,35__3,35,3.0,1. p999999_trade_value,460000.0,460000.0,0.0,1.0,0.0,0.55,2. BELOW BASELINE,0.0,1.0,0.0
CHWY,Retail-Wholesale,Internet - Commerce,35__3,35,3.0,4. p999_trade_value,396758.00000000006,331520.0,0.0,3.0,0.0,0.55,2. BELOW BASELINE,0.0,4.0,0.0
CHWY,Retail-Wholesale,Internet - Commerce,35__3,35,3.0,5. p99_trade_value,329592.0,109710.00000000001,9.0,35.0,0.2571428571428571,0.55,2. BELOW BASELINE,9.0,39.0,0.23076923076923078
CHWY,Retail-Wholesale,Internet - Commerce,35__3,35,3.0,6. p95_trade_value,108000.0,27708.999999999996,73.0,152.0,0.48026315789473684,0.55,2. BELOW BASELINE,82.0,191.0,0.4293193717277487
CHWY,Retail-Wholesale,Internet - Commerce,35__3,35,3.0,7. p90_trade_value,27565.000000000004,16440.0,104.0,191.0,0.5445026178010471,0.55,2. BELOW BASELINE,186.0,382.0,0.4869109947643979
CHWY,Retail-Wholesale,Internet - Commerce,35__3,35,3.0,8. p75_trade_value,16430.0,8350.0,298.0,569.0,0.523725834797891,0.55,2. BELOW BASELINE,484.0,951.0,0.508937960042061
CMG,Retail-Wholesale,Retail - Restaurants,40__1,40,1.0,1. p999999_trade_value,835662.0000000001,835662.0000000001,0.0,1.0,0.0,0.55,2. BELOW BASELINE,0.0,1.0,0.0
CMG,Retail-Wholesale,Retail - Restaurants,40__1,40,1.0,4. p999_trade_value,640000.0,500340.00000000006,4.0,6.0,0.6666666666666666,0.55,2. BELOW BASELINE,4.0,7.0,0.5714285714285714
CMG,Retail-Wholesale,Retail - Restaurants,40__1,40,1.0,5. p99_trade_value,436000.0,83200.0,22.0,60.0,0.36666666666666664,0.55,2. BELOW BASELINE,26.0,67.0,0.3880597014925373
CMG,Retail-Wholesale,Retail - Restaurants,40__1,40,1.0,6. p95_trade_value,82500.0,23850.0,116.0,264.0,0.4393939393939394,0.55,2. BELOW BASELINE,142.0,331.0,0.42900302114803623
CMG,Retail-Wholesale,Retail - Restaurants,40__1,40,1.0,7. p90_trade_value,23808.0,14900.0,161.0,330.0,0.48787878787878786,0.55,2. BELOW BASELINE,303.0,661.0,0.4583963691376702
CMG,Retail-Wholesale,Retail - Restaurants,40__1,40,1.0,8. p75_trade_value,14895.000000000002,7925.0,489.0,990.0,0.49393939393939396,0.55,2. BELOW BASELINE,792.0,1651.0,0.47970926711084194
CNXN,Retail-Wholesale,Retail - Computer Hardware,5__0,5,0.0,1. p999999_trade_value,10720.0,10720.0,0.0,1.0,0.0,0.55,2. BELOW BASELINE,0.0,1.0,0.0
COST,Retail-Wholesale,Retail - Discount Stores,50__3,50,3.0,1. p999999_trade_value,1281791.0,1281791.0,0.0,1.0,0.0,0.55,2. BELOW BASELINE,0.0,1.0,0.0
COST,Retail-Wholesale,Retail - Discount Stores,50__3,50,3.0,3. p9999_trade_value,1180000.0,771308.0,2.0,8.0,0.25,0.55,2. BELOW BASELINE,2.0,9.0,0.2222222222222222
COST,Retail-Wholesale,Retail - Discount Stores,50__3,50,3.0,4. p999_trade_value,764050.0,257400.0,30.0,72.0,0.4166666666666667,0.55,2. BELOW BASELINE,32.0,81.0,0.3950617283950617
COST,Retail-Wholesale,Retail - Discount Stores,50__3,50,3.0,5. p99_trade_value,254508.0,66700.0,353.0,728.0,0.4848901098901099,0.55,2. BELOW BASELINE,385.0,809.0,0.4758961681087763
COST,Retail-Wholesale,Retail - Discount Stores,50__3,50,3.0,6. p95_trade_value,66430.0,24360.0,1657.0,3238.0,0.5117356392835083,0.55,2. BELOW BASELINE,2042.0,4047.0,0.504571287373363
COST,Retail-Wholesale,Retail - Discount Stores,50__3,50,3.0,7. p90_trade_value,24358.0,15726.0,2044.0,4043.0,0.5055651743754638,0.55,2. BELOW BASELINE,4086.0,8090.0,0.5050679851668727
COST,Retail-Wholesale,Retail - Discount Stores,50__3,50,3.0,8. p75_trade_value,15720.000000000002,8550.0,5828.0,12175.0,0.4786858316221766,0.55,2. BELOW BASELINE,9914.0,20265.0,0.48921786331112754
CPNG,Retail-Wholesale,Internet - Commerce,30__0,30,0.0,1. p999999_trade_value,323082.0,323082.0,1.0,1.0,1.0,0.55,1. ABOVE BASELINE,1.0,1.0,1.0
CPNG,Retail-Wholesale,Internet - Commerce,30__0,30,0.0,5. p99_trade_value,109872.0,66740.0,4.0,8.0,0.5,0.55,2. BELOW BASELINE,5.0,9.0,0.5555555555555556
CPNG,Retail-Wholesale,Internet - Commerce,30__0,30,0.0,6. p95_trade_value,62340.0,18810.000000000004,10.0,33.0,0.30303030303030304,0.55,2. BELOW BASELINE,15.0,42.0,0.35714285714285715
CPNG,Retail-Wholesale,Internet - Commerce,30__0,30,0.0,7. p90_trade_value,18660.0,12000.0,19.0,42.0,0.4523809523809524,0.55,2. BELOW BASELINE,34.0,84.0,0.40476190476190477
CPNG,Retail-Wholesale,Internet - Commerce,30__0,30,0.0,8. p75_trade_value,11819.000000000002,7600.0,60.0,123.0,0.4878048780487805,0.55,2. BELOW BASELINE,94.0,207.0,0.45410628019323673
CPRI,Retail-Wholesale,Retail - Apparel and Shoes,35__2,35,2.0,1. p999999_trade_value,2300000.0,2300000.0,2.0,2.0,1.0,0.55,2. BELOW BASELINE,2.0,2.0,1.0
CPRI,Retail-Wholesale,Retail - Apparel and Shoes,35__2,35,2.0,4. p999_trade_value,930000.0,930000.0,0.0,2.0,0.0,0.55,2. BELOW BASELINE,2.0,4.0,0.5
CPRI,Retail-Wholesale,Retail - Apparel and Shoes,35__2,35,2.0,5. p99_trade_value,880000.0,290000.0,7.0,26.0,0.2692307692307692,0.55,2. BELOW BASELINE,9.0,30.0,0.3
CPRI,Retail-Wholesale,Retail - Apparel and Shoes,35__2,35,2.0,6. p95_trade_value,270000.0,37000.0,41.0,119.0,0.3445378151260504,0.55,2. BELOW BASELINE,50.0,149.0,0.33557046979865773
CPRI,Retail-Wholesale,Retail - Apparel and Shoes,35__2,35,2.0,7. p90_trade_value,36600.0,18760.0,61.0,149.0,0.40939597315436244,0.55,2. BELOW BASELINE,111.0,298.0,0.3724832214765101
CPRI,Retail-Wholesale,Retail - Apparel and Shoes,35__2,35,2.0,8. p75_trade_value,18750.0,8820.0,149.0,447.0,0.3333333333333333,0.55,2. BELOW BASELINE,260.0,745.0,0.348993288590604
CTRN,Retail-Wholesale,Retail - Apparel and Shoes,15__0,15,0.0,1. p999999_trade_value,26000.0,26000.0,1.0,1.0,1.0,0.55,1. ABOVE BASELINE,1.0,1.0,1.0
CTRN,Retail-Wholesale,Retail - Apparel and Shoes,15__0,15,0.0,6. p95_trade_value,11499.999999999998,11499.999999999998,1.0,1.0,1.0,0.55,1. ABOVE BASELINE,2.0,2.0,1.0
CTRN,Retail-Wholesale,Retail - Apparel and Shoes,15__0,15,0.0,7. p90_trade_value,10500.0,10000.0,2.0,2.0,1.0,0.55,1. ABOVE BASELINE,4.0,4.0,1.0
CTRN,Retail-Wholesale,Retail - Apparel and Shoes,15__0,15,0.0,8. p75_trade_value,9230.0,8300.0,4.0,4.0,1.0,0.55,1. ABOVE BASELINE,8.0,8.0,1.0
CURV,Retail-Wholesale,Retail - Apparel and Shoes,5__3,5,3.0,1. p999999_trade_value,25000.0,25000.0,1.0,1.0,1.0,0.55,1. ABOVE BASELINE,1.0,1.0,1.0
CVNA,Retail-Wholesale,Internet - Commerce,50__0,50,0.0,1. p999999_trade_value,8624000.0,8624000.0,1.0,1.0,1.0,0.55,2. BELOW BASELINE,1.0,1.0,1.0
CVNA,Retail-Wholesale,Internet - Commerce,50__0,50,0.0,3. p9999_trade_value,4550000.0,1428154.0,4.0,8.0,0.5,0.55,2. BELOW BASELINE,5.0,9.0,0.5555555555555556
CVNA,Retail-Wholesale,Internet - Commerce,50__0,50,0.0,4. p999_trade_value,1425600.0,471000.0,47.0,75.0,0.6266666666666667,0.55,2. BELOW BASELINE,52.0,84.0,0.6190476190476191
CVNA,Retail-Wholesale,Internet - Commerce,50__0,50,0.0,5. p99_trade_value,468531.00000000006,149700.0,489.0,753.0,0.649402390438247,0.55,2. BELOW BASELINE,541.0,837.0,0.6463560334528077
CVNA,Retail-Wholesale,Internet - Commerce,50__0,50,0.0,6. p95_trade_value,149500.0,46860.0,1956.0,3340.0,0.5856287425149701,0.55,2. BELOW BASELINE,2497.0,4177.0,0.597797462293512
CVNA,Retail-Wholesale,Internet - Commerce,50__0,50,0.0,7. p90_trade_value,46842.0,26300.0,2396.0,4178.0,0.5734801340354236,0.55,2. BELOW BASELINE,4893.0,8355.0,0.585637342908438
CVNA,Retail-Wholesale,Internet - Commerce,50__0,50,0.0,8. p75_trade_value,26289.0,11438.000000000002,6992.0,12510.0,0.5589128697042366,0.55,2. BELOW BASELINE,11885.0,20865.0,0.5696141864366163
DADA,Retail-Wholesale,Internet - Commerce,5__0,5,0.0,1. p999999_trade_value,8400.000000000002,8400.000000000002,0.0,1.0,0.0,0.55,2. BELOW BASELINE,0.0,1.0,0.0
DBI,Retail-Wholesale,Retail - Apparel and Shoes,15__0,15,0.0,1. p999999_trade_value,90000.0,90000.0,1.0,1.0,1.0,0.55,1. ABOVE BASELINE,1.0,1.0,1.0
DBI,Retail-Wholesale,Retail - Apparel and Shoes,15__0,15,0.0,6. p95_trade_value,66000.0,66000.0,1.0,1.0,1.0,0.55,1. ABOVE BASELINE,2.0,2.0,1.0
DBI,Retail-Wholesale,Retail - Apparel and Shoes,15__0,15,0.0,7. p90_trade_value,60000.0,60000.0,0.0,1.0,0.0,0.55,2. BELOW BASELINE,2.0,3.0,0.6666666666666666
DBI,Retail-Wholesale,Retail - Apparel and Shoes,15__0,15,0.0,8. p75_trade_value,24970.0,12000.0,2.0,4.0,0.5,0.55,2. BELOW BASELINE,4.0,7.0,0.5714285714285714
DECK,Retail-Wholesale,Retail - Apparel and Shoes,40__0,40,0.0,1. p999999_trade_value,1492000.0,1492000.0,0.0,1.0,0.0,0.55,2. BELOW BASELINE,0.0,1.0,0.0
DECK,Retail-Wholesale,Retail - Apparel and Shoes,40__0,40,0.0,4. p999_trade_value,1080000.0,696000.0,2.0,6.0,0.3333333333333333,0.55,2. BELOW BASELINE,2.0,7.0,0.2857142857142857
DECK,Retail-Wholesale,Retail - Apparel and Shoes,40__0,40,0.0,5. p99_trade_value,680000.0,176000.0,22.0,60.0,0.36666666666666664,0.55,2. BELOW BASELINE,24.0,67.0,0.3582089552238806
DECK,Retail-Wholesale,Retail - Apparel and Shoes,40__0,40,0.0,6. p95_trade_value,169150.0,31680.0,92.0,265.0,0.3471698113207547,0.55,2. BELOW BASELINE,116.0,332.0,0.3493975903614458
DECK,Retail-Wholesale,Retail - Apparel and Shoes,40__0,40,0.0,7. p90_trade_value,31539.999999999996,18810.0,170.0,331.0,0.513595166163142,0.55,2. BELOW BASELINE,286.0,663.0,0.43137254901960786
DECK,Retail-Wholesale,Retail - Apparel and Shoes,40__0,40,0.0,8. p75_trade_value,18800.0,9045.0,546.0,994.0,0.5492957746478874,0.55,2. BELOW BASELINE,832.0,1657.0,0.5021122510561256
DG,Retail-Wholesale,Retail - Discount Stores,40__1,40,1.0,1. p999999_trade_value,1215000.0,1215000.0,1.0,1.0,1.0,0.55,2. BELOW BASELINE,1.0,1.0,1.0
DG,Retail-Wholesale,Retail - Discount Stores,40__1,40,1.0,4. p999_trade_value,983254.9999999999,466375.0,1.0,5.0,0.2,0.55,2. BELOW BASELINE,2.0,6.0,0.3333333333333333
DG,Retail-Wholesale,Retail - Discount Stores,40__1,40,1.0,5. p99_trade_value,429722.0,86524.0,31.0,53.0,0.5849056603773585,0.55,2. BELOW BASELINE,33.0,59.0,0.559322033898305
DG,Retail-Wholesale,Retail - Discount Stores,40__1,40,1.0,6. p95_trade_value,84224.00000000001,24910.0,117.0,234.0,0.5,0.55,2. BELOW BASELINE,150.0,293.0,0.5119453924914675
DG,Retail-Wholesale,Retail - Discount Stores,40__1,40,1.0,7. p90_trade_value,24820.0,16121.0,111.0,292.0,0.3801369863013699,0.55,2. BELOW BASELINE,261.0,585.0,0.4461538461538462
DG,Retail-Wholesale,Retail - Discount Stores,40__1,40,1.0,8. p75_trade_value,16079.999999999998,8685.0,427.0,877.0,0.4868871151653364,0.55,2. BELOW BASELINE,688.0,1462.0,0.47058823529411764
DIN,Retail-Wholesale,Retail - Restaurants,15__0,15,0.0,1. p999999_trade_value,29655.0,29655.0,1.0,1.0,1.0,0.55,1. ABOVE BASELINE,1.0,1.0,1.0
DIN,Retail-Wholesale,Retail - Restaurants,15__0,15,0.0,7. p90_trade_value,28080.0,28080.0,1.0,1.0,1.0,0.55,1. ABOVE BASELINE,2.0,2.0,1.0
DIN,Retail-Wholesale,Retail - Restaurants,15__0,15,0.0,8. p75_trade_value,28000.0,18000.0,3.0,3.0,1.0,0.55,1. ABOVE BASELINE,5.0,5.0,1.0
DKS,Retail-Wholesale,Retail - Miscellaneous,35__4,35,4.0,1. p999999_trade_value,1940000.0,1940000.0,1.0,1.0,1.0,0.55,2. BELOW BASELINE,1.0,1.0,1.0
DKS,Retail-Wholesale,Retail - Miscellaneous,35__4,35,4.0,4. p999_trade_value,1239000.0,585000.0,2.0,4.0,0.5,0.55,2. BELOW BASELINE,3.0,5.0,0.6
DKS,Retail-Wholesale,Retail - Miscellaneous,35__4,35,4.0,5. p99_trade_value,584435.0,90000.0,18.0,39.0,0.46153846153846156,0.55,2. BELOW BASELINE,21.0,44.0,0.4772727272727273
DKS,Retail-Wholesale,Retail - Miscellaneous,35__4,35,4.0,6. p95_trade_value,86859.99999999999,26780.0,79.0,173.0,0.45664739884393063,0.55,2. BELOW BASELINE,100.0,217.0,0.4608294930875576
DKS,Retail-Wholesale,Retail - Miscellaneous,35__4,35,4.0,7. p90_trade_value,26750.0,17395.0,97.0,215.0,0.4511627906976744,0.55,2. BELOW BASELINE,197.0,432.0,0.45601851851851855
DKS,Retail-Wholesale,Retail - Miscellaneous,35__4,35,4.0,8. p75_trade_value,17380.0,9282.0,288.0,648.0,0.4444444444444444,0.55,2. BELOW BASELINE,485.0,1080.0,0.44907407407407407
DLTR,Retail-Wholesale,Retail - Discount Stores,40__0,40,0.0,1. p999999_trade_value,2750640.0,2750640.0,0.0,2.0,0.0,0.55,2. BELOW BASELINE,0.0,2.0,0.0
DLTR,Retail-Wholesale,Retail - Discount Stores,40__0,40,0.0,4. p999_trade_value,1203405.0,720000.0,1.0,6.0,0.16666666666666666,0.55,2. BELOW BASELINE,1.0,8.0,0.125
DLTR,Retail-Wholesale,Retail - Discount Stores,40__0,40,0.0,5. p99_trade_value,502500.0,115339.99999999999,31.0,68.0,0.45588235294117646,0.55,2. BELOW BASELINE,32.0,76.0,0.42105263157894735
DLTR,Retail-Wholesale,Retail - Discount Stores,40__0,40,0.0,6. p95_trade_value,114800.0,24600.0,124.0,304.0,0.40789473684210525,0.55,2. BELOW BASELINE,156.0,380.0,0.4105263157894737
DLTR,Retail-Wholesale,Retail - Discount Stores,40__0,40,0.0,7. p90_trade_value,24500.000000000004,14924.0,179.0,371.0,0.48247978436657685,0.55,2. BELOW BASELINE,335.0,751.0,0.44607190412782954
DLTR,Retail-Wholesale,Retail - Discount Stores,40__0,40,0.0,8. p75_trade_value,14910.0,7830.0,483.0,1126.0,0.4289520426287744,0.55,2. BELOW BASELINE,818.0,1877.0,0.4358018114011721
DPZ,Retail-Wholesale,Retail - Restaurants,35__3,35,3.0,1. p999999_trade_value,623700.0,623700.0,1.0,1.0,1.0,0.55,1. ABOVE BASELINE,1.0,1.0,1.0
DPZ,Retail-Wholesale,Retail - Restaurants,35__3,35,3.0,4. p999_trade_value,581140.0,203840.0,1.0,2.0,0.5,0.55,2. BELOW BASELINE,2.0,3.0,0.6666666666666666
DPZ,Retail-Wholesale,Retail - Restaurants,35__3,35,3.0,5. p99_trade_value,187000.0,72062.0,18.0,25.0,0.72,0.55,2. BELOW BASELINE,20.0,28.0,0.7142857142857143
DPZ,Retail-Wholesale,Retail - Restaurants,35__3,35,3.0,6. p95_trade_value,72000.0,28000.0,71.0,107.0,0.6635514018691588,0.55,2. BELOW BASELINE,91.0,135.0,0.674074074074074
DPZ,Retail-Wholesale,Retail - Restaurants,35__3,35,3.0,7. p90_trade_value,27960.000000000004,17840.0,86.0,135.0,0.6370370370370371,0.55,2. BELOW BASELINE,177.0,270.0,0.6555555555555556
DPZ,Retail-Wholesale,Retail - Restaurants,35__3,35,3.0,8. p75_trade_value,17780.0,8680.0,262.0,404.0,0.6485148514851485,0.55,2. BELOW BASELINE,439.0,674.0,0.6513353115727003
DRI,Retail-Wholesale,Retail - Restaurants,30__0,30,0.0,1. p999999_trade_value,384000.0,384000.0,0.0,1.0,0.0,0.55,2. BELOW BASELINE,0.0,1.0,0.0
DRI,Retail-Wholesale,Retail - Restaurants,30__0,30,0.0,5. p99_trade_value,381070.0,188232.00000000003,6.0,8.0,0.75,0.55,2. BELOW BASELINE,6.0,9.0,0.6666666666666666
DRI,Retail-Wholesale,Retail - Restaurants,30__0,30,0.0,6. p95_trade_value,178499.99999999997,28500.0,21.0,33.0,0.6363636363636364,0.55,2. BELOW BASELINE,27.0,42.0,0.6428571428571429
DRI,Retail-Wholesale,Retail - Restaurants,30__0,30,0.0,7. p90_trade_value,28480.0,17100.0,20.0,40.0,0.5,0.55,2. BELOW BASELINE,47.0,82.0,0.573170731707317
DRI,Retail-Wholesale,Retail - Restaurants,30__0,30,0.0,8. p75_trade_value,16650.0,8580.0,70.0,123.0,0.5691056910569106,0.55,2. BELOW BASELINE,117.0,205.0,0.5707317073170731
DRVN,Retail-Wholesale,Automotive - Retail and Wholesale - Parts,5__0,5,0.0,1. p999999_trade_value,4320.0,4320.0,1.0,1.0,1.0,0.55,1. ABOVE BASELINE,1.0,1.0,1.0
EAT,Retail-Wholesale,Retail - Restaurants,35__3,35,3.0,1. p999999_trade_value,727499.9999999999,727499.9999999999,0.0,1.0,0.0,0.55,2. BELOW BASELINE,0.0,1.0,0.0
EAT,Retail-Wholesale,Retail - Restaurants,35__3,35,3.0,4. p999_trade_value,523380.0,523380.0,1.0,1.0,1.0,0.55,2. BELOW BASELINE,1.0,2.0,0.5
EAT,Retail-Wholesale,Retail - Restaurants,35__3,35,3.0,5. p99_trade_value,265500.0,85750.0,14.0,18.0,0.7777777777777778,0.55,2. BELOW BASELINE,15.0,20.0,0.75
EAT,Retail-Wholesale,Retail - Restaurants,35__3,35,3.0,6. p95_trade_value,85000.0,27750.0,51.0,77.0,0.6623376623376623,0.55,2. BELOW BASELINE,66.0,97.0,0.6804123711340206
EAT,Retail-Wholesale,Retail - Restaurants,35__3,35,3.0,7. p90_trade_value,27500.0,17500.0,63.0,96.0,0.65625,0.55,2. BELOW BASELINE,129.0,193.0,0.6683937823834197
EAT,Retail-Wholesale,Retail - Restaurants,35__3,35,3.0,8. p75_trade_value,17390.0,9900.0,224.0,290.0,0.7724137931034483,0.55,2. BELOW BASELINE,353.0,483.0,0.7308488612836439
EBAY,Retail-Wholesale,Internet - Commerce,30__0,30,0.0,1. p999999_trade_value,807360.0,807360.0,1.0,1.0,1.0,0.55,1. ABOVE BASELINE,1.0,1.0,1.0
EBAY,Retail-Wholesale,Internet - Commerce,30__0,30,0.0,4. p999_trade_value,738000.0,738000.0,0.0,1.0,0.0,0.55,2. BELOW BASELINE,1.0,2.0,0.5
EBAY,Retail-Wholesale,Internet - Commerce,30__0,30,0.0,5. p99_trade_value,501000.0,148000.0,7.0,13.0,0.5384615384615384,0.55,2. BELOW BASELINE,8.0,15.0,0.5333333333333333
EBAY,Retail-Wholesale,Internet - Commerce,30__0,30,0.0,6. p95_trade_value,135000.0,26292.0,33.0,55.0,0.6,0.55,2. BELOW BASELINE,41.0,70.0,0.5857142857142857
EBAY,Retail-Wholesale,Internet - Commerce,30__0,30,0.0,7. p90_trade_value,25449.0,14616.0,47.0,69.0,0.6811594202898551,0.55,2. BELOW BASELINE,88.0,139.0,0.6330935251798561
EBAY,Retail-Wholesale,Internet - Commerce,30__0,30,0.0,8. p75_trade_value,14375.0,7900.0,150.0,207.0,0.7246376811594203,0.55,2. BELOW BASELINE,238.0,346.0,0.6878612716763006
ETD,Retail-Wholesale,Retail - Home Furnishings,0__0,0,0.0,1. p999999_trade_value,4000.0,4000.0,1.0,1.0,1.0,0.55,1. ABOVE BASELINE,1.0,1.0,1.0
ETSY,Retail-Wholesale,Internet - Commerce,35__1,35,1.0,1. p999999_trade_value,885500.0,885500.0,1.0,1.0,1.0,0.55,1. ABOVE BASELINE,1.0,1.0,1.0
ETSY,Retail-Wholesale,Internet - Commerce,35__1,35,1.0,4. p999_trade_value,720000.0,577200.0000000001,2.0,3.0,0.6666666666666666,0.55,1. ABOVE BASELINE,3.0,4.0,0.75
ETSY,Retail-Wholesale,Internet - Commerce,35__1,35,1.0,5. p99_trade_value,560000.0,131805.0,22.0,34.0,0.6470588235294118,0.55,1. ABOVE BASELINE,25.0,38.0,0.6578947368421053
ETSY,Retail-Wholesale,Internet - Commerce,35__1,35,1.0,6. p95_trade_value,131776.0,29800.0,80.0,149.0,0.5369127516778524,0.55,2. BELOW BASELINE,105.0,187.0,0.5614973262032086
ETSY,Retail-Wholesale,Internet - Commerce,35__1,35,1.0,7. p90_trade_value,29744.0,17745.0,113.0,187.0,0.6042780748663101,0.55,2. BELOW BASELINE,218.0,374.0,0.5828877005347594
ETSY,Retail-Wholesale,Internet - Commerce,35__1,35,1.0,8. p75_trade_value,17721.0,8650.0,328.0,561.0,0.5846702317290553,0.55,2. BELOW BASELINE,546.0,935.0,0.5839572192513369
EXPE,Retail-Wholesale,Internet - Commerce,35__0,35,0.0,1. p999999_trade_value,835919.9999999999,835919.9999999999,1.0,1.0,1.0,0.55,1. ABOVE BASELINE,1.0,1.0,1.0
EXPE,Retail-Wholesale,Internet - Commerce,35__0,35,0.0,4. p999_trade_value,726000.0,498000.0,2.0,2.0,1.0,0.55,1. ABOVE BASELINE,3.0,3.0,1.0
EXPE,Retail-Wholesale,Internet - Commerce,35__0,35,0.0,5. p99_trade_value,400000.0,63500.0,12.0,27.0,0.4444444444444444,0.55,2. BELOW BASELINE,15.0,30.0,0.5
EXPE,Retail-Wholesale,Internet - Commerce,35__0,35,0.0,6. p95_trade_value,61200.0,22800.0,61.0,116.0,0.5258620689655172,0.55,2. BELOW BASELINE,76.0,146.0,0.5205479452054794
EXPE,Retail-Wholesale,Internet - Commerce,35__0,35,0.0,7. p90_trade_value,22799.999999999996,15330.000000000002,105.0,147.0,0.7142857142857143,0.55,2. BELOW BASELINE,181.0,293.0,0.6177474402730375
EXPE,Retail-Wholesale,Internet - Commerce,35__0,35,0.0,8. p75_trade_value,15329.999999999998,8470.0,239.0,437.0,0.5469107551487414,0.55,2. BELOW BASELINE,420.0,730.0,0.5753424657534246
FAST,Retail-Wholesale,Building Products - Retail,25__0,25,0.0,1. p999999_trade_value,570000.0,570000.0,0.0,1.0,0.0,0.55,2. BELOW BASELINE,0.0,1.0,0.0
FAST,Retail-Wholesale,Building Products - Retail,25__0,25,0.0,5. p99_trade_value,311775.0,278183.0,2.0,2.0,1.0,0.55,2. BELOW BASELINE,2.0,3.0,0.6666666666666666
FAST,Retail-Wholesale,Building Products - Retail,25__0,25,0.0,6. p95_trade_value,193199.99999999997,55100.0,3.0,9.0,0.3333333333333333,0.55,2. BELOW BASELINE,5.0,12.0,0.4166666666666667
FAST,Retail-Wholesale,Building Products - Retail,25__0,25,0.0,7. p90_trade_value,51800.0,26564.0,5.0,12.0,0.4166666666666667,0.55,2. BELOW BASELINE,10.0,24.0,0.4166666666666667
FAST,Retail-Wholesale,Building Products - Retail,25__0,25,0.0,8. p75_trade_value,26250.0,11625.0,18.0,36.0,0.5,0.55,2. BELOW BASELINE,28.0,60.0,0.4666666666666667
FBIN,Retail-Wholesale,Retail - Home Furnishings,10__2,10,2.0,1. p999999_trade_value,149600.0,149600.0,2.0,2.0,1.0,0.55,1. ABOVE BASELINE,2.0,2.0,1.0
FBIN,Retail-Wholesale,Retail - Home Furnishings,10__2,10,2.0,8. p75_trade_value,53200.0,53200.0,0.0,1.0,0.0,0.55,2. BELOW BASELINE,2.0,3.0,0.6666666666666666
FIGS,Retail-Wholesale,Retail - Apparel and Shoes,5__3,5,3.0,1. p999999_trade_value,19800.0,19800.0,0.0,1.0,0.0,0.55,2. BELOW BASELINE,0.0,1.0,0.0
FIVE,Retail-Wholesale,Retail - Miscellaneous,35__1,35,1.0,1. p999999_trade_value,777000.0,777000.0,1.0,1.0,1.0,0.55,1. ABOVE BASELINE,1.0,1.0,1.0
FIVE,Retail-Wholesale,Retail - Miscellaneous,35__1,35,1.0,4. p999_trade_value,626066.0,611000.0,1.0,3.0,0.3333333333333333,0.55,2. BELOW BASELINE,2.0,4.0,0.5
FIVE,Retail-Wholesale,Retail - Miscellaneous,35__1,35,1.0,5. p99_trade_value,606760.0,216000.0,13.0,27.0,0.48148148148148145,0.55,2. BELOW BASELINE,15.0,31.0,0.4838709677419355
FIVE,Retail-Wholesale,Retail - Miscellaneous,35__1,35,1.0,6. p95_trade_value,212000.0,33600.0,71.0,121.0,0.5867768595041323,0.55,2. BELOW BASELINE,86.0,152.0,0.5657894736842105
FIVE,Retail-Wholesale,Retail - Miscellaneous,35__1,35,1.0,7. p90_trade_value,33456.0,15750.0,87.0,151.0,0.5761589403973509,0.55,2. BELOW BASELINE,173.0,303.0,0.570957095709571
FIVE,Retail-Wholesale,Retail - Miscellaneous,35__1,35,1.0,8. p75_trade_value,15713.999999999998,8580.0,215.0,459.0,0.4684095860566449,0.55,2. BELOW BASELINE,388.0,762.0,0.5091863517060368
FL,Retail-Wholesale,Retail - Apparel and Shoes,30__0,30,0.0,1. p999999_trade_value,325000.0,325000.0,0.0,1.0,0.0,0.55,2. BELOW BASELINE,0.0,1.0,0.0
FL,Retail-Wholesale,Retail - Apparel and Shoes,30__0,30,0.0,4. p999_trade_value,302099.99999999994,302099.99999999994,1.0,1.0,1.0,0.55,2. BELOW BASELINE,1.0,2.0,0.5
FL,Retail-Wholesale,Retail - Apparel and Shoes,30__0,30,0.0,5. p99_trade_value,210000.0,82500.0,3.0,9.0,0.3333333333333333,0.55,2. BELOW BASELINE,4.0,11.0,0.36363636363636365
FL,Retail-Wholesale,Retail - Apparel and Shoes,30__0,30,0.0,6. p95_trade_value,82000.0,26750.0,14.0,40.0,0.35,0.55,2. BELOW BASELINE,18.0,51.0,0.35294117647058826
FL,Retail-Wholesale,Retail - Apparel and Shoes,30__0,30,0.0,7. p90_trade_value,26400.0,18125.0,21.0,50.0,0.42,0.55,2. BELOW BASELINE,39.0,101.0,0.38613861386138615
FL,Retail-Wholesale,Retail - Apparel and Shoes,30__0,30,0.0,8. p75_trade_value,18000.0,9610.0,81.0,151.0,0.5364238410596026,0.55,2. BELOW BASELINE,120.0,252.0,0.47619047619047616
FLWS,Retail-Wholesale,Retail - Mail Order,10__0,10,0.0,1. p999999_trade_value,7200.0,7200.0,1.0,1.0,1.0,0.55,1. ABOVE BASELINE,1.0,1.0,1.0
FLWS,Retail-Wholesale,Retail - Mail Order,10__0,10,0.0,8. p75_trade_value,4800.0,4800.0,1.0,1.0,1.0,0.55,1. ABOVE BASELINE,2.0,2.0,1.0
FND,Retail-Wholesale,Retail - Home Furnishings,30__2,30,2.0,1. p999999_trade_value,1445000.0,1445000.0,1.0,1.0,1.0,0.55,1. ABOVE BASELINE,1.0,1.0,1.0
FND,Retail-Wholesale,Retail - Home Furnishings,30__2,30,2.0,5. p99_trade_value,939500.0,166495.0,5.0,7.0,0.7142857142857143,0.55,1. ABOVE BASELINE,6.0,8.0,0.75
FND,Retail-Wholesale,Retail - Home Furnishings,30__2,30,2.0,6. p95_trade_value,165105.00000000003,48900.0,10.0,28.0,0.35714285714285715,0.55,2. BELOW BASELINE,16.0,36.0,0.4444444444444444
FND,Retail-Wholesale,Retail - Home Furnishings,30__2,30,2.0,7. p90_trade_value,47700.0,23800.0,28.0,36.0,0.7777777777777778,0.55,2. BELOW BASELINE,44.0,72.0,0.6111111111111112
FND,Retail-Wholesale,Retail - Home Furnishings,30__2,30,2.0,8. p75_trade_value,23700.0,9400.0,90.0,107.0,0.8411214953271028,0.55,2. BELOW BASELINE,134.0,179.0,0.7486033519553073
FOSL,Retail-Wholesale,Retail - Apparel and Shoes,10__0,10,0.0,1. p999999_trade_value,12075.0,12075.0,0.0,1.0,0.0,0.55,2. BELOW BASELINE,0.0,1.0,0.0
FOSL,Retail-Wholesale,Retail - Apparel and Shoes,10__0,10,0.0,8. p75_trade_value,8400.000000000002,8400.000000000002,0.0,1.0,0.0,0.55,2. BELOW BASELINE,0.0,2.0,0.0
FVRR,Retail-Wholesale,Internet - Commerce,25__1,25,1.0,1. p999999_trade_value,136640.0,136640.0,1.0,1.0,1.0,0.55,1. ABOVE BASELINE,1.0,1.0,1.0
FVRR,Retail-Wholesale,Internet - Commerce,25__1,25,1.0,5. p99_trade_value,40754.99999999999,39600.0,1.0,2.0,0.5,0.55,2. BELOW BASELINE,2.0,3.0,0.6666666666666666
FVRR,Retail-Wholesale,Internet - Commerce,25__1,25,1.0,6. p95_trade_value,38800.0,17000.0,6.0,11.0,0.5454545454545454,0.55,2. BELOW BASELINE,8.0,14.0,0.5714285714285714
FVRR,Retail-Wholesale,Internet - Commerce,25__1,25,1.0,7. p90_trade_value,16905.0,13280.000000000002,12.0,13.0,0.9230769230769231,0.55,2. BELOW BASELINE,20.0,27.0,0.7407407407407407
FVRR,Retail-Wholesale,Internet - Commerce,25__1,25,1.0,8. p75_trade_value,12240.0,6375.0,24.0,40.0,0.6,0.55,2. BELOW BASELINE,44.0,67.0,0.6567164179104478
FWRG,Retail-Wholesale,Retail - Restaurants,5__3,5,3.0,1. p999999_trade_value,16060.0,16060.0,1.0,1.0,1.0,0.55,1. ABOVE BASELINE,1.0,1.0,1.0
GAP,Retail-Wholesale,Retail - Apparel and Shoes,30__0,30,0.0,1. p999999_trade_value,515000.0,515000.0,1.0,1.0,1.0,0.55,1. ABOVE BASELINE,1.0,1.0,1.0
GAP,Retail-Wholesale,Retail - Apparel and Shoes,30__0,30,0.0,4. p999_trade_value,495000.0,495000.0,1.0,1.0,1.0,0.55,1. ABOVE BASELINE,2.0,2.0,1.0
GAP,Retail-Wholesale,Retail - Apparel and Shoes,30__0,30,0.0,5. p99_trade_value,450000.0,150000.0,6.0,15.0,0.4,0.55,2. BELOW BASELINE,8.0,17.0,0.47058823529411764
GAP,Retail-Wholesale,Retail - Apparel and Shoes,30__0,30,0.0,6. p95_trade_value,147000.0,37400.0,35.0,65.0,0.5384615384615384,0.55,2. BELOW BASELINE,43.0,82.0,0.524390243902439
GAP,Retail-Wholesale,Retail - Apparel and Shoes,30__0,30,0.0,7. p90_trade_value,36231.0,18837.0,37.0,82.0,0.45121951219512196,0.55,2. BELOW BASELINE,80.0,164.0,0.4878048780487805
GAP,Retail-Wholesale,Retail - Apparel and Shoes,30__0,30,0.0,8. p75_trade_value,18830.0,9240.0,133.0,245.0,0.5428571428571428,0.55,2. BELOW BASELINE,213.0,409.0,0.5207823960880196
GCO,Retail-Wholesale,Retail - Apparel and Shoes,10__0,10,0.0,1. p999999_trade_value,59680.00000000001,59680.00000000001,0.0,1.0,0.0,0.55,2. BELOW BASELINE,0.0,1.0,0.0
GCO,Retail-Wholesale,Retail - Apparel and Shoes,10__0,10,0.0,7. p90_trade_value,27000.0,27000.0,0.0,1.0,0.0,0.55,2. BELOW BASELINE,0.0,2.0,0.0
GCO,Retail-Wholesale,Retail - Apparel and Shoes,10__0,10,0.0,8. p75_trade_value,21080.0,19344.0,1.0,2.0,0.5,0.55,2. BELOW BASELINE,1.0,4.0,0.25
GLBE,Retail-Wholesale,Internet - Commerce,25__1,25,1.0,1. p999999_trade_value,434025.0,434025.0,0.0,1.0,0.0,0.55,2. BELOW BASELINE,0.0,1.0,0.0
GLBE,Retail-Wholesale,Internet - Commerce,25__1,25,1.0,5. p99_trade_value,40320.0,40320.0,1.0,1.0,1.0,0.55,2. BELOW BASELINE,1.0,2.0,0.5
GLBE,Retail-Wholesale,Internet - Commerce,25__1,25,1.0,6. p95_trade_value,30810.000000000004,18000.0,1.0,8.0,0.125,0.55,2. BELOW BASELINE,2.0,10.0,0.2
GLBE,Retail-Wholesale,Internet - Commerce,25__1,25,1.0,7. p90_trade_value,14000.0,12360.0,3.0,11.0,0.2727272727272727,0.55,2. BELOW BASELINE,5.0,21.0,0.23809523809523808
GLBE,Retail-Wholesale,Internet - Commerce,25__1,25,1.0,8. p75_trade_value,12000.0,9000.0,13.0,30.0,0.43333333333333335,0.55,2. BELOW BASELINE,18.0,51.0,0.35294117647058826
GMS,Retail-Wholesale,Building Products - Retail,10__0,10,0.0,1. p999999_trade_value,7575.0,7575.0,2.0,2.0,1.0,0.55,1. ABOVE BASELINE,2.0,2.0,1.0
GMS,Retail-Wholesale,Building Products - Retail,10__0,10,0.0,8. p75_trade_value,7500.0,7500.0,6.0,6.0,1.0,0.55,1. ABOVE BASELINE,8.0,8.0,1.0
GOOS,Retail-Wholesale,Retail - Apparel and Shoes,15__0,15,0.0,1. p999999_trade_value,30828.000000000004,30828.000000000004,0.0,1.0,0.0,0.55,2. BELOW BASELINE,0.0,1.0,0.0
GOOS,Retail-Wholesale,Retail - Apparel and Shoes,15__0,15,0.0,7. p90_trade_value,11000.000000000002,11000.000000000002,0.0,1.0,0.0,0.55,2. BELOW BASELINE,0.0,2.0,0.0
GOOS,Retail-Wholesale,Retail - Apparel and Shoes,15__0,15,0.0,8. p75_trade_value,8760.0,6509.0,0.0,3.0,0.0,0.55,2. BELOW BASELINE,0.0,5.0,0.0
GPC,Retail-Wholesale,Automotive - Retail and Wholesale - Parts,25__1,25,1.0,1. p999999_trade_value,565000.0,565000.0,1.0,1.0,1.0,0.55,1. ABOVE BASELINE,1.0,1.0,1.0
GPC,Retail-Wholesale,Automotive - Retail and Wholesale - Parts,25__1,25,1.0,5. p99_trade_value,317240.0,307450.0,1.0,3.0,0.3333333333333333,0.55,2. BELOW BASELINE,2.0,4.0,0.5
GPC,Retail-Wholesale,Automotive - Retail and Wholesale - Parts,25__1,25,1.0,6. p95_trade_value,186250.0,25345.0,6.0,13.0,0.46153846153846156,0.55,2. BELOW BASELINE,8.0,17.0,0.47058823529411764
GPC,Retail-Wholesale,Automotive - Retail and Wholesale - Parts,25__1,25,1.0,7. p90_trade_value,24080.0,13860.0,8.0,17.0,0.47058823529411764,0.55,2. BELOW BASELINE,16.0,34.0,0.47058823529411764
GPC,Retail-Wholesale,Automotive - Retail and Wholesale - Parts,25__1,25,1.0,8. p75_trade_value,13500.0,7458.0,20.0,50.0,0.4,0.55,2. BELOW BASELINE,36.0,84.0,0.42857142857142855
GPI,Retail-Wholesale,Automotive - Retail and Whole Sales,20__0,20,0.0,1. p999999_trade_value,85000.0,85000.0,0.0,1.0,0.0,0.55,2. BELOW BASELINE,0.0,1.0,0.0
GPI,Retail-Wholesale,Automotive - Retail and Whole Sales,20__0,20,0.0,6. p95_trade_value,72000.0,59400.0,1.0,4.0,0.25,0.55,2. BELOW BASELINE,1.0,5.0,0.2
GPI,Retail-Wholesale,Automotive - Retail and Whole Sales,20__0,20,0.0,7. p90_trade_value,54000.0,40000.0,2.0,5.0,0.4,0.55,2. BELOW BASELINE,3.0,10.0,0.3
GPI,Retail-Wholesale,Automotive - Retail and Whole Sales,20__0,20,0.0,8. p75_trade_value,37620.0,10500.0,3.0,13.0,0.23076923076923078,0.55,2. BELOW BASELINE,6.0,23.0,0.2608695652173913
GRPN,Retail-Wholesale,Internet - Commerce,30__0,30,0.0,1. p999999_trade_value,223500.0,223500.0,1.0,1.0,1.0,0.55,1. ABOVE BASELINE,1.0,1.0,1.0
GRPN,Retail-Wholesale,Internet - Commerce,30__0,30,0.0,5. p99_trade_value,200000.0,150000.0,3.0,7.0,0.42857142857142855,0.55,2. BELOW BASELINE,4.0,8.0,0.5
GRPN,Retail-Wholesale,Internet - Commerce,30__0,30,0.0,6. p95_trade_value,139275.0,39600.0,17.0,32.0,0.53125,0.55,2. BELOW BASELINE,21.0,40.0,0.525
GRPN,Retail-Wholesale,Internet - Commerce,30__0,30,0.0,7. p90_trade_value,37540.0,19250.000000000004,25.0,37.0,0.6756756756756757,0.55,2. BELOW BASELINE,46.0,77.0,0.5974025974025974
GRPN,Retail-Wholesale,Internet - Commerce,30__0,30,0.0,8. p75_trade_value,19220.0,8550.0,71.0,115.0,0.6173913043478261,0.55,2. BELOW BASELINE,117.0,192.0,0.609375
HD,Retail-Wholesale,Retail - Home Furnishings,40__1,40,1.0,1. p999999_trade_value,785000.0,785000.0,1.0,1.0,1.0,0.55,1. ABOVE BASELINE,1.0,1.0,1.0
HD,Retail-Wholesale,Retail - Home Furnishings,40__1,40,1.0,3. p9999_trade_value,409875.0,409875.0,1.0,1.0,1.0,0.55,1. ABOVE BASELINE,2.0,2.0,1.0
HD,Retail-Wholesale,Retail - Home Furnishings,40__1,40,1.0,4. p999_trade_value,367900.0,224500.0,4.0,14.0,0.2857142857142857,0.55,2. BELOW BASELINE,6.0,16.0,0.375
HD,Retail-Wholesale,Retail - Home Furnishings,40__1,40,1.0,5. p99_trade_value,220800.0,54404.99999999999,70.0,135.0,0.5185185185185185,0.55,2. BELOW BASELINE,76.0,151.0,0.5033112582781457
HD,Retail-Wholesale,Retail - Home Furnishings,40__1,40,1.0,6. p95_trade_value,54119.00000000001,22927.0,305.0,601.0,0.5074875207986689,0.55,2. BELOW BASELINE,381.0,752.0,0.5066489361702128
HD,Retail-Wholesale,Retail - Home Furnishings,40__1,40,1.0,7. p90_trade_value,22889.0,15300.0,382.0,753.0,0.5073041168658698,0.55,2. BELOW BASELINE,763.0,1505.0,0.5069767441860465
HD,Retail-Wholesale,Retail - Home Furnishings,40__1,40,1.0,8. p75_trade_value,15295.000000000002,8340.0,1192.0,2253.0,0.5290723479804705,0.55,2. BELOW BASELINE,1955.0,3758.0,0.520223523150612
HLF,Retail-Wholesale,Retail - Pharmacies and Drug Stores,20__0,20,0.0,1. p999999_trade_value,120000.0,120000.0,2.0,2.0,1.0,0.55,1. ABOVE BASELINE,2.0,2.0,1.0
HLF,Retail-Wholesale,Retail - Pharmacies and Drug Stores,20__0,20,0.0,6. p95_trade_value,78000.0,32097.000000000004,2.0,4.0,0.5,0.55,2. BELOW BASELINE,4.0,6.0,0.6666666666666666
HLF,Retail-Wholesale,Retail - Pharmacies and Drug Stores,20__0,20,0.0,7. p90_trade_value,25600.0,19500.0,1.0,5.0,0.2,0.55,2. BELOW BASELINE,5.0,11.0,0.45454545454545453
HLF,Retail-Wholesale,Retail - Pharmacies and Drug Stores,20__0,20,0.0,8. p75_trade_value,18360.000000000004,6900.0,2.0,15.0,0.13333333333333333,0.55,2. BELOW BASELINE,7.0,26.0,0.2692307692307692
HZO,Retail-Wholesale,Retail - Miscellaneous,5__0,5,0.0,1. p999999_trade_value,10800.0,10800.0,1.0,1.0,1.0,0.55,1. ABOVE BASELINE,1.0,1.0,1.0
IMKTA,Retail-Wholesale,Retail - Supermarkets,15__0,15,0.0,1. p999999_trade_value,11640.0,11640.0,0.0,1.0,0.0,0.55,2. BELOW BASELINE,0.0,1.0,0.0
IMKTA,Retail-Wholesale,Retail - Supermarkets,15__0,15,0.0,7. p90_trade_value,7153.999999999999,7153.999999999999,1.0,1.0,1.0,0.55,2. BELOW BASELINE,1.0,2.0,0.5
IMKTA,Retail-Wholesale,Retail - Supermarkets,15__0,15,0.0,8. p75_trade_value,6900.0,4950.0,1.0,3.0,0.3333333333333333,0.55,2. BELOW BASELINE,2.0,5.0,0.4
JACK,Retail-Wholesale,Retail - Restaurants,20__1,20,1.0,1. p999999_trade_value,420000.0,420000.0,2.0,2.0,1.0,0.55,1. ABOVE BASELINE,2.0,2.0,1.0
JACK,Retail-Wholesale,Retail - Restaurants,20__1,20,1.0,6. p95_trade_value,149450.0,45000.0,5.0,6.0,0.8333333333333334,0.55,1. ABOVE BASELINE,7.0,8.0,0.875
JACK,Retail-Wholesale,Retail - Restaurants,20__1,20,1.0,7. p90_trade_value,33600.0,16185.0,7.0,8.0,0.875,0.55,1. ABOVE BASELINE,14.0,16.0,0.875
JACK,Retail-Wholesale,Retail - Restaurants,20__1,20,1.0,8. p75_trade_value,15225.0,8640.0,18.0,24.0,0.75,0.55,1. ABOVE BASELINE,32.0,40.0,0.8
JD,Retail-Wholesale,Internet - Commerce,40__1,40,1.0,1. p999999_trade_value,898600.0,898600.0,0.0,1.0,0.0,0.55,2. BELOW BASELINE,0.0,1.0,0.0
JD,Retail-Wholesale,Internet - Commerce,40__1,40,1.0,3. p9999_trade_value,728500.0,728500.0,1.0,1.0,1.0,0.55,2. BELOW BASELINE,1.0,2.0,0.5
JD,Retail-Wholesale,Internet - Commerce,40__1,40,1.0,4. p999_trade_value,694999.9999999999,287664.0,11.0,16.0,0.6875,0.55,2. BELOW BASELINE,12.0,18.0,0.6666666666666666
JD,Retail-Wholesale,Internet - Commerce,40__1,40,1.0,5. p99_trade_value,287500.0,67950.0,79.0,155.0,0.5096774193548387,0.55,2. BELOW BASELINE,91.0,173.0,0.5260115606936416
JD,Retail-Wholesale,Internet - Commerce,40__1,40,1.0,6. p95_trade_value,67800.0,24592.0,357.0,682.0,0.5234604105571847,0.55,2. BELOW BASELINE,448.0,855.0,0.5239766081871345
JD,Retail-Wholesale,Internet - Commerce,40__1,40,1.0,7. p90_trade_value,24570.0,16128.0,406.0,855.0,0.47485380116959064,0.55,2. BELOW BASELINE,854.0,1710.0,0.4994152046783626
JD,Retail-Wholesale,Internet - Commerce,40__1,40,1.0,8. p75_trade_value,16116.999999999998,8904.0,1280.0,2564.0,0.49921996879875197,0.55,2. BELOW BASELINE,2134.0,4274.0,0.499298081422555
JMIA,Retail-Wholesale,Internet - Commerce,20__0,20,0.0,1. p999999_trade_value,76500.0,76500.0,0.0,1.0,0.0,0.55,2. BELOW BASELINE,0.0,1.0,0.0
JMIA,Retail-Wholesale,Internet - Commerce,20__0,20,0.0,6. p95_trade_value,24947.0,10275.0,1.0,3.0,0.3333333333333333,0.55,2. BELOW BASELINE,1.0,4.0,0.25
JMIA,Retail-Wholesale,Internet - Commerce,20__0,20,0.0,7. p90_trade_value,10260.0,9640.0,3.0,4.0,0.75,0.55,2. BELOW BASELINE,4.0,8.0,0.5
JMIA,Retail-Wholesale,Internet - Commerce,20__0,20,0.0,8. p75_trade_value,8890.0,5984.999999999999,6.0,11.0,0.5454545454545454,0.55,2. BELOW BASELINE,10.0,19.0,0.5263157894736842
KMX,Retail-Wholesale,Automotive - Retail and Wholesale - Parts,30__0,30,0.0,1. p999999_trade_value,1050000.0,1050000.0,1.0,1.0,1.0,0.55,1. ABOVE BASELINE,1.0,1.0,1.0
KMX,Retail-Wholesale,Automotive - Retail and Wholesale - Parts,30__0,30,0.0,4. p999_trade_value,645000.0,645000.0,1.0,1.0,1.0,0.55,1. ABOVE BASELINE,2.0,2.0,1.0
KMX,Retail-Wholesale,Automotive - Retail and Wholesale - Parts,30__0,30,0.0,5. p99_trade_value,420000.0,52350.0,1.0,9.0,0.1111111111111111,0.55,2. BELOW BASELINE,3.0,11.0,0.2727272727272727
KMX,Retail-Wholesale,Automotive - Retail and Wholesale - Parts,30__0,30,0.0,6. p95_trade_value,50399.99999999999,24080.0,24.0,45.0,0.5333333333333333,0.55,2. BELOW BASELINE,27.0,56.0,0.48214285714285715
KMX,Retail-Wholesale,Automotive - Retail and Wholesale - Parts,30__0,30,0.0,7. p90_trade_value,23980.0,14476.0,30.0,54.0,0.5555555555555556,0.55,2. BELOW BASELINE,57.0,110.0,0.5181818181818182
KMX,Retail-Wholesale,Automotive - Retail and Wholesale - Parts,30__0,30,0.0,8. p75_trade_value,14454.999999999998,8610.0,98.0,166.0,0.5903614457831325,0.55,2. BELOW BASELINE,155.0,276.0,0.5615942028985508
KR,Retail-Wholesale,Retail - Supermarkets,30__0,30,0.0,1. p999999_trade_value,393000.0,393000.0,1.0,1.0,1.0,0.55,1. ABOVE BASELINE,1.0,1.0,1.0
KR,Retail-Wholesale,Retail - Supermarkets,30__0,30,0.0,4. p999_trade_value,378000.0,378000.0,1.0,1.0,1.0,0.55,1. ABOVE BASELINE,2.0,2.0,1.0
KR,Retail-Wholesale,Retail - Supermarkets,30__0,30,0.0,5. p99_trade_value,307500.0,78750.0,8.0,11.0,0.7272727272727273,0.55,1. ABOVE BASELINE,10.0,13.0,0.7692307692307693
KR,Retail-Wholesale,Retail - Supermarkets,30__0,30,0.0,6. p95_trade_value,58000.0,19203.000000000004,20.0,48.0,0.4166666666666667,0.55,2. BELOW BASELINE,30.0,61.0,0.4918032786885246
KR,Retail-Wholesale,Retail - Supermarkets,30__0,30,0.0,7. p90_trade_value,19110.0,12505.0,38.0,61.0,0.6229508196721312,0.55,2. BELOW BASELINE,68.0,122.0,0.5573770491803278
KR,Retail-Wholesale,Retail - Supermarkets,30__0,30,0.0,8. p75_trade_value,12352.0,7500.0,120.0,186.0,0.6451612903225806,0.55,2. BELOW BASELINE,188.0,308.0,0.6103896103896104
KSS,Retail-Wholesale,Retail - Regional Department Stores,35__1,35,1.0,1. p999999_trade_value,1241718.9999999998,1241718.9999999998,1.0,1.0,1.0,0.55,2. BELOW BASELINE,1.0,1.0,1.0
KSS,Retail-Wholesale,Retail - Regional Department Stores,35__1,35,1.0,4. p999_trade_value,1230000.0,771926.0,1.0,2.0,0.5,0.55,2. BELOW BASELINE,2.0,3.0,0.6666666666666666
KSS,Retail-Wholesale,Retail - Regional Department Stores,35__1,35,1.0,5. p99_trade_value,754032.0000000001,280000.00000000006,13.0,20.0,0.65,0.55,2. BELOW BASELINE,15.0,23.0,0.6521739130434783
KSS,Retail-Wholesale,Retail - Regional Department Stores,35__1,35,1.0,6. p95_trade_value,277500.0,29500.0,46.0,92.0,0.5,0.55,2. BELOW BASELINE,61.0,115.0,0.5304347826086957
KSS,Retail-Wholesale,Retail - Regional Department Stores,35__1,35,1.0,7. p90_trade_value,29145.999999999996,16356.0,61.0,108.0,0.5648148148148148,0.55,2. BELOW BASELINE,122.0,223.0,0.547085201793722
KSS,Retail-Wholesale,Retail - Regional Department Stores,35__1,35,1.0,8. p75_trade_value,16297.999999999998,8250.0,187.0,334.0,0.5598802395209581,0.55,2. BELOW BASELINE,309.0,557.0,0.5547576301615799
LAD,Retail-Wholesale,Automotive - Retail and Whole Sales,20__0,20,0.0,1. p999999_trade_value,192030.00000000003,192030.00000000003,1.0,1.0,1.0,0.55,1. ABOVE BASELINE,1.0,1.0,1.0
LAD,Retail-Wholesale,Automotive - Retail and Whole Sales,20__0,20,0.0,5. p99_trade_value,117000.0,117000.0,0.0,1.0,0.0,0.55,2. BELOW BASELINE,1.0,2.0,0.5
LAD,Retail-Wholesale,Automotive - Retail and Whole Sales,20__0,20,0.0,6. p95_trade_value,72659.99999999999,35500.0,4.0,6.0,0.6666666666666666,0.55,2. BELOW BASELINE,5.0,8.0,0.625
LAD,Retail-Wholesale,Automotive - Retail and Whole Sales,20__0,20,0.0,7. p90_trade_value,27000.0,20580.0,8.0,11.0,0.7272727272727273,0.55,2. BELOW BASELINE,13.0,19.0,0.6842105263157895
LAD,Retail-Wholesale,Automotive - Retail and Whole Sales,20__0,20,0.0,8. p75_trade_value,20460.000000000004,12160.0,15.0,19.0,0.7894736842105263,0.55,2. BELOW BASELINE,28.0,38.0,0.7368421052631579
LE,Retail-Wholesale,Retail - Catalog Shopping,10__0,10,0.0,1. p999999_trade_value,4590.0,4590.0,0.0,1.0,0.0,0.55,2. BELOW BASELINE,0.0,1.0,0.0
LE,Retail-Wholesale,Retail - Catalog Shopping,10__0,10,0.0,8. p75_trade_value,4200.0,4200.0,0.0,1.0,0.0,0.55,2. BELOW BASELINE,0.0,2.0,0.0
LEVI,Retail-Wholesale,Retail - Apparel and Shoes,20__1,20,1.0,1. p999999_trade_value,500000.0,500000.0,0.0,1.0,0.0,0.55,2. BELOW BASELINE,0.0,1.0,0.0
LEVI,Retail-Wholesale,Retail - Apparel and Shoes,20__1,20,1.0,5. p99_trade_value,100000.0,100000.0,1.0,1.0,1.0,0.55,2. BELOW BASELINE,1.0,2.0,0.5
LEVI,Retail-Wholesale,Retail - Apparel and Shoes,20__1,20,1.0,6. p95_trade_value,90000.0,29900.0,2.0,6.0,0.3333333333333333,0.55,2. BELOW BASELINE,3.0,8.0,0.375
LEVI,Retail-Wholesale,Retail - Apparel and Shoes,20__1,20,1.0,7. p90_trade_value,29500.0,16720.0,2.0,7.0,0.2857142857142857,0.55,2. BELOW BASELINE,5.0,15.0,0.3333333333333333
LEVI,Retail-Wholesale,Retail - Apparel and Shoes,20__1,20,1.0,8. p75_trade_value,15850.0,7000.0,8.0,21.0,0.38095238095238093,0.55,2. BELOW BASELINE,13.0,36.0,0.3611111111111111
LOGC,Retail-Wholesale,Internet - Commerce,10__2,10,2.0,1. p999999_trade_value,127000.0,127000.0,1.0,1.0,1.0,0.55,1. ABOVE BASELINE,1.0,1.0,1.0
LOGC,Retail-Wholesale,Internet - Commerce,10__2,10,2.0,7. p90_trade_value,101295.0,101295.0,0.0,1.0,0.0,0.55,2. BELOW BASELINE,1.0,2.0,0.5
LOGC,Retail-Wholesale,Internet - Commerce,10__2,10,2.0,8. p75_trade_value,6750.0,6750.0,1.0,1.0,1.0,0.55,2. BELOW BASELINE,2.0,3.0,0.6666666666666666
LOVE,Retail-Wholesale,Retail - Home Furnishings,20__0,20,0.0,1. p999999_trade_value,53165.0,53165.0,0.0,1.0,0.0,0.55,2. BELOW BASELINE,0.0,1.0,0.0
LOVE,Retail-Wholesale,Retail - Home Furnishings,20__0,20,0.0,5. p99_trade_value,27500.0,27500.0,1.0,1.0,1.0,0.55,2. BELOW BASELINE,1.0,2.0,0.5
LOVE,Retail-Wholesale,Retail - Home Furnishings,20__0,20,0.0,6. p95_trade_value,26075.0,19250.0,4.0,5.0,0.8,0.55,2. BELOW BASELINE,5.0,7.0,0.7142857142857143
LOVE,Retail-Wholesale,Retail - Home Furnishings,20__0,20,0.0,7. p90_trade_value,18928.000000000004,13975.0,3.0,6.0,0.5,0.55,2. BELOW BASELINE,8.0,13.0,0.6153846153846154
LOVE,Retail-Wholesale,Retail - Home Furnishings,20__0,20,0.0,8. p75_trade_value,13800.0,8400.0,11.0,19.0,0.5789473684210527,0.55,2. BELOW BASELINE,19.0,32.0,0.59375
LOW,Retail-Wholesale,Retail - Home Furnishings,35__0,35,0.0,1. p999999_trade_value,710000.0,710000.0,1.0,1.0,1.0,0.55,1. ABOVE BASELINE,1.0,1.0,1.0
LOW,Retail-Wholesale,Retail - Home Furnishings,35__0,35,0.0,4. p999_trade_value,285000.0,241917.49999999997,2.0,3.0,0.6666666666666666,0.55,1. ABOVE BASELINE,3.0,4.0,0.75
LOW,Retail-Wholesale,Retail - Home Furnishings,35__0,35,0.0,5. p99_trade_value,216000.0,52379.99999999999,20.0,29.0,0.6896551724137931,0.55,1. ABOVE BASELINE,23.0,33.0,0.696969696969697
LOW,Retail-Wholesale,Retail - Home Furnishings,35__0,35,0.0,6. p95_trade_value,51479.99999999999,20800.0,87.0,128.0,0.6796875,0.55,1. ABOVE BASELINE,110.0,161.0,0.6832298136645962
LOW,Retail-Wholesale,Retail - Home Furnishings,35__0,35,0.0,7. p90_trade_value,20757.000000000004,12900.0,79.0,161.0,0.4906832298136646,0.55,2. BELOW BASELINE,189.0,322.0,0.5869565217391305
LOW,Retail-Wholesale,Retail - Home Furnishings,35__0,35,0.0,8. p75_trade_value,12879.0,7095.0,225.0,483.0,0.4658385093167702,0.55,2. BELOW BASELINE,414.0,805.0,0.5142857142857142
M,Retail-Wholesale,Retail - Regional Department Stores,30__0,30,0.0,1. p999999_trade_value,453050.0,453050.0,1.0,1.0,1.0,0.55,1. ABOVE BASELINE,1.0,1.0,1.0
M,Retail-Wholesale,Retail - Regional Department Stores,30__0,30,0.0,4. p999_trade_value,359473.0,359473.0,0.0,1.0,0.0,0.55,2. BELOW BASELINE,1.0,2.0,0.5
M,Retail-Wholesale,Retail - Regional Department Stores,30__0,30,0.0,5. p99_trade_value,170896.99999999997,70500.0,4.0,9.0,0.4444444444444444,0.55,2. BELOW BASELINE,5.0,11.0,0.45454545454545453
M,Retail-Wholesale,Retail - Regional Department Stores,30__0,30,0.0,6. p95_trade_value,70140.0,25844.0,25.0,43.0,0.5813953488372093,0.55,2. BELOW BASELINE,30.0,54.0,0.5555555555555556
M,Retail-Wholesale,Retail - Regional Department Stores,30__0,30,0.0,7. p90_trade_value,25600.0,13719.999999999998,31.0,53.0,0.5849056603773585,0.55,2. BELOW BASELINE,61.0,107.0,0.5700934579439252
M,Retail-Wholesale,Retail - Regional Department Stores,30__0,30,0.0,8. p75_trade_value,13520.000000000002,7595.0,93.0,160.0,0.58125,0.55,2. BELOW BASELINE,154.0,267.0,0.5767790262172284
MCD,Retail-Wholesale,Retail - Restaurants,40__1,40,1.0,1. p999999_trade_value,660000.0000000001,660000.0000000001,0.0,1.0,0.0,0.55,2. BELOW BASELINE,0.0,1.0,0.0
MCD,Retail-Wholesale,Retail - Restaurants,40__1,40,1.0,3. p9999_trade_value,652392.0,652392.0,0.0,1.0,0.0,0.55,2. BELOW BASELINE,0.0,2.0,0.0
MCD,Retail-Wholesale,Retail - Restaurants,40__1,40,1.0,4. p999_trade_value,637350.0,314000.0,3.0,9.0,0.3333333333333333,0.55,2. BELOW BASELINE,3.0,11.0,0.2727272727272727
MCD,Retail-Wholesale,Retail - Restaurants,40__1,40,1.0,5. p99_trade_value,309600.0,54990.0,30.0,94.0,0.3191489361702128,0.55,2. BELOW BASELINE,33.0,105.0,0.3142857142857143
MCD,Retail-Wholesale,Retail - Restaurants,40__1,40,1.0,6. p95_trade_value,54600.0,20865.0,206.0,416.0,0.4951923076923077,0.55,2. BELOW BASELINE,239.0,521.0,0.45873320537428025
MCD,Retail-Wholesale,Retail - Restaurants,40__1,40,1.0,7. p90_trade_value,20850.0,13750.0,263.0,522.0,0.5038314176245211,0.55,2. BELOW BASELINE,502.0,1043.0,0.4813039309683605
MCD,Retail-Wholesale,Retail - Restaurants,40__1,40,1.0,8. p75_trade_value,13740.0,7760.000000000001,735.0,1558.0,0.47175866495507063,0.55,2. BELOW BASELINE,1237.0,2601.0,0.4755863129565552
MELI,Retail-Wholesale,Internet - Commerce,45__0,45,0.0,1. p999999_trade_value,1185000.0,1185000.0,0.0,1.0,0.0,0.55,1. ABOVE BASELINE,0.0,1.0,0.0
MELI,Retail-Wholesale,Internet - Commerce,45__0,45,0.0,3. p9999_trade_value,802030.0,792500.0,2.0,2.0,1.0,0.55,1. ABOVE BASELINE,2.0,3.0,0.6666666666666666
MELI,Retail-Wholesale,Internet - Commerce,45__0,45,0.0,4. p999_trade_value,716500.0000000001,286850.0,9.0,19.0,0.47368421052631576,0.55,2. BELOW BASELINE,11.0,22.0,0.5
MELI,Retail-Wholesale,Internet - Commerce,45__0,45,0.0,5. p99_trade_value,280000.0,65279.99999999999,98.0,192.0,0.5104166666666666,0.55,2. BELOW BASELINE,109.0,214.0,0.5093457943925234
MELI,Retail-Wholesale,Internet - Commerce,45__0,45,0.0,6. p95_trade_value,65000.0,23840.0,479.0,853.0,0.5615474794841735,0.55,2. BELOW BASELINE,588.0,1067.0,0.5510777881911902
MELI,Retail-Wholesale,Internet - Commerce,45__0,45,0.0,7. p90_trade_value,23820.0,14730.000000000002,571.0,1065.0,0.536150234741784,0.55,2. BELOW BASELINE,1159.0,2132.0,0.5436210131332082
MELI,Retail-Wholesale,Internet - Commerce,45__0,45,0.0,8. p75_trade_value,14719.999999999998,7800.0,1842.0,3205.0,0.5747269890795632,0.55,2. BELOW BASELINE,3001.0,5337.0,0.5623009181187933
MNSO,Retail-Wholesale,Retail - Apparel and Shoes,25__1,25,1.0,1. p999999_trade_value,73760.0,73760.0,1.0,1.0,1.0,0.55,1. ABOVE BASELINE,1.0,1.0,1.0
MNSO,Retail-Wholesale,Retail - Apparel and Shoes,25__1,25,1.0,5. p99_trade_value,59940.0,44500.0,1.0,2.0,0.5,0.55,2. BELOW BASELINE,2.0,3.0,0.6666666666666666
MNSO,Retail-Wholesale,Retail - Apparel and Shoes,25__1,25,1.0,6. p95_trade_value,38964.00000000001,18675.0,4.0,8.0,0.5,0.55,2. BELOW BASELINE,6.0,11.0,0.5454545454545454
MNSO,Retail-Wholesale,Retail - Apparel and Shoes,25__1,25,1.0,7. p90_trade_value,17750.0,11800.0,8.0,11.0,0.7272727272727273,0.55,2. BELOW BASELINE,14.0,22.0,0.6363636363636364
MNSO,Retail-Wholesale,Retail - Apparel and Shoes,25__1,25,1.0,8. p75_trade_value,11760.0,7600.0,17.0,35.0,0.4857142857142857,0.55,2. BELOW BASELINE,31.0,57.0,0.543859649122807
MUSA,Retail-Wholesale,Retail - Convenience Stores,20__1,20,1.0,1. p999999_trade_value,285000.0,285000.0,0.0,1.0,0.0,0.55,2. BELOW BASELINE,0.0,1.0,0.0
MUSA,Retail-Wholesale,Retail - Convenience Stores,20__1,20,1.0,5. p99_trade_value,131175.0,131175.0,0.0,1.0,0.0,0.55,2. BELOW BASELINE,0.0,2.0,0.0
MUSA,Retail-Wholesale,Retail - Convenience Stores,20__1,20,1.0,6. p95_trade_value,127500.0,114000.0,2.0,4.0,0.5,0.55,2. BELOW BASELINE,2.0,6.0,0.3333333333333333
MUSA,Retail-Wholesale,Retail - Convenience Stores,20__1,20,1.0,7. p90_trade_value,82400.0,40500.0,5.0,6.0,0.8333333333333334,0.55,2. BELOW BASELINE,7.0,12.0,0.5833333333333334
MUSA,Retail-Wholesale,Retail - Convenience Stores,20__1,20,1.0,8. p75_trade_value,35000.0,14000.0,11.0,17.0,0.6470588235294118,0.55,2. BELOW BASELINE,18.0,29.0,0.6206896551724138
NEGG,Retail-Wholesale,Internet - Commerce,5__0,5,0.0,1. p999999_trade_value,4590.0,4590.0,0.0,1.0,0.0,0.55,2. BELOW BASELINE,0.0,1.0,0.0
NGVC,Retail-Wholesale,Food - Natural Foods Products,10__0,10,0.0,1. p999999_trade_value,13000.0,13000.0,1.0,1.0,1.0,0.55,1. ABOVE BASELINE,1.0,1.0,1.0
NGVC,Retail-Wholesale,Food - Natural Foods Products,10__0,10,0.0,8. p75_trade_value,9000.0,6840.000000000001,2.0,2.0,1.0,0.55,1. ABOVE BASELINE,3.0,3.0,1.0
NSIT,Retail-Wholesale,Retail - Mail Order,5__0,5,0.0,1. p999999_trade_value,6000.0,6000.0,0.0,1.0,0.0,0.55,2. BELOW BASELINE,0.0,1.0,0.0
ODP,Retail-Wholesale,Retail - Miscellaneous,10__2,10,2.0,1. p999999_trade_value,191400.0,191400.0,1.0,1.0,1.0,0.55,1. ABOVE BASELINE,1.0,1.0,1.0
ODP,Retail-Wholesale,Retail - Miscellaneous,10__2,10,2.0,7. p90_trade_value,75899.99999999999,75899.99999999999,1.0,1.0,1.0,0.55,1. ABOVE BASELINE,2.0,2.0,1.0
ODP,Retail-Wholesale,Retail - Miscellaneous,10__2,10,2.0,8. p75_trade_value,65000.0,47250.00000000001,2.0,2.0,1.0,0.55,1. ABOVE BASELINE,4.0,4.0,1.0
ONON,Retail-Wholesale,Retail - Apparel and Shoes,35__0,35,0.0,1. p999999_trade_value,654454.9999999999,654454.9999999999,1.0,1.0,1.0,0.55,1. ABOVE BASELINE,1.0,1.0,1.0
ONON,Retail-Wholesale,Retail - Apparel and Shoes,35__0,35,0.0,4. p999_trade_value,566100.0,399380.0,1.0,2.0,0.5,0.55,2. BELOW BASELINE,2.0,3.0,0.6666666666666666
ONON,Retail-Wholesale,Retail - Apparel and Shoes,35__0,35,0.0,5. p99_trade_value,228000.0,54719.99999999999,11.0,23.0,0.4782608695652174,0.55,2. BELOW BASELINE,13.0,26.0,0.5
ONON,Retail-Wholesale,Retail - Apparel and Shoes,35__0,35,0.0,6. p95_trade_value,54000.0,22185.0,69.0,103.0,0.6699029126213593,0.55,2. BELOW BASELINE,82.0,129.0,0.6356589147286822
ONON,Retail-Wholesale,Retail - Apparel and Shoes,35__0,35,0.0,7. p90_trade_value,22134.0,14895.000000000002,83.0,129.0,0.6434108527131783,0.55,2. BELOW BASELINE,165.0,258.0,0.6395348837209303
ONON,Retail-Wholesale,Retail - Apparel and Shoes,35__0,35,0.0,8. p75_trade_value,14850.0,8100.0,224.0,386.0,0.5803108808290155,0.55,2. BELOW BASELINE,389.0,644.0,0.6040372670807453
ORLY,Retail-Wholesale,Automotive - Retail and Wholesale - Parts,30__0,30,0.0,1. p999999_trade_value,219410.0,219410.0,0.0,1.0,0.0,0.55,2. BELOW BASELINE,0.0,1.0,0.0
ORLY,Retail-Wholesale,Automotive - Retail and Wholesale - Parts,30__0,30,0.0,4. p999_trade_value,217500.0,217500.0,1.0,1.0,1.0,0.55,2. BELOW BASELINE,1.0,2.0,0.5
ORLY,Retail-Wholesale,Automotive - Retail and Wholesale - Parts,30__0,30,0.0,5. p99_trade_value,150450.0,62692.00000000001,5.0,10.0,0.5,0.55,2. BELOW BASELINE,6.0,12.0,0.5
ORLY,Retail-Wholesale,Automotive - Retail and Wholesale - Parts,30__0,30,0.0,6. p95_trade_value,61740.0,27360.000000000004,39.0,47.0,0.8297872340425532,0.55,2. BELOW BASELINE,45.0,59.0,0.7627118644067796
ORLY,Retail-Wholesale,Automotive - Retail and Wholesale - Parts,30__0,30,0.0,7. p90_trade_value,26770.0,17460.000000000004,38.0,58.0,0.6551724137931034,0.55,2. BELOW BASELINE,83.0,117.0,0.7094017094017094
ORLY,Retail-Wholesale,Automotive - Retail and Wholesale - Parts,30__0,30,0.0,8. p75_trade_value,16950.0,8960.0,98.0,176.0,0.5568181818181818,0.55,2. BELOW BASELINE,181.0,293.0,0.6177474402730375
PAG,Retail-Wholesale,Automotive - Retail and Whole Sales,15__0,15,0.0,1. p999999_trade_value,82225.0,82225.0,1.0,1.0,1.0,0.55,1. ABOVE BASELINE,1.0,1.0,1.0
PAG,Retail-Wholesale,Automotive - Retail and Whole Sales,15__0,15,0.0,6. p95_trade_value,26790.000000000004,26790.000000000004,0.0,1.0,0.0,0.55,2. BELOW BASELINE,1.0,2.0,0.5
PAG,Retail-Wholesale,Automotive - Retail and Whole Sales,15__0,15,0.0,7. p90_trade_value,25298.0,22725.0,1.0,2.0,0.5,0.55,2. BELOW BASELINE,2.0,4.0,0.5
PAG,Retail-Wholesale,Automotive - Retail and Whole Sales,15__0,15,0.0,8. p75_trade_value,15750.0,9360.0,2.0,4.0,0.5,0.55,2. BELOW BASELINE,4.0,8.0,0.5
PBPB,Retail-Wholesale,Retail - Restaurants,5__0,5,0.0,1. p999999_trade_value,3230.0000000000005,3230.0000000000005,1.0,1.0,1.0,0.55,1. ABOVE BASELINE,1.0,1.0,1.0
PDD,Retail-Wholesale,Internet - Commerce,50__2,50,2.0,1. p999999_trade_value,4524065.0,4524065.0,1.0,1.0,1.0,0.55,2. BELOW BASELINE,1.0,1.0,1.0
PDD,Retail-Wholesale,Internet - Commerce,50__2,50,2.0,3. p9999_trade_value,3458060.0,2100000.0,2.0,5.0,0.4,0.55,2. BELOW BASELINE,3.0,6.0,0.5
PDD,Retail-Wholesale,Internet - Commerce,50__2,50,2.0,4. p999_trade_value,2099790.0,623492.0,21.0,51.0,0.4117647058823529,0.55,2. BELOW BASELINE,24.0,57.0,0.42105263157894735
PDD,Retail-Wholesale,Internet - Commerce,50__2,50,2.0,5. p99_trade_value,618000.0,98000.0,217.0,509.0,0.4263261296660118,0.55,2. BELOW BASELINE,241.0,566.0,0.42579505300353354
PDD,Retail-Wholesale,Internet - Commerce,50__2,50,2.0,6. p95_trade_value,97790.0,33930.0,1092.0,2263.0,0.482545293857711,0.55,2. BELOW BASELINE,1333.0,2829.0,0.4711912336514669
PDD,Retail-Wholesale,Internet - Commerce,50__2,50,2.0,7. p90_trade_value,33929.99999999999,21417.0,1388.0,2829.0,0.4906327324142807,0.55,2. BELOW BASELINE,2721.0,5658.0,0.4809119830328738
PDD,Retail-Wholesale,Internet - Commerce,50__2,50,2.0,8. p75_trade_value,21409.0,10530.0,4099.0,8496.0,0.4824623352165725,0.55,2. BELOW BASELINE,6820.0,14154.0,0.4818425886675145
PFGC,Retail-Wholesale,Food - Natural Foods Products,20__1,20,1.0,1. p999999_trade_value,537500.0,537500.0,1.0,1.0,1.0,0.55,1. ABOVE BASELINE,1.0,1.0,1.0
PFGC,Retail-Wholesale,Food - Natural Foods Products,20__1,20,1.0,6. p95_trade_value,287500.0,101250.0,3.0,3.0,1.0,0.55,1. ABOVE BASELINE,4.0,4.0,1.0
PFGC,Retail-Wholesale,Food - Natural Foods Products,20__1,20,1.0,7. p90_trade_value,52500.0,48020.0,0.0,3.0,0.0,0.55,2. BELOW BASELINE,4.0,7.0,0.5714285714285714
PFGC,Retail-Wholesale,Food - Natural Foods Products,20__1,20,1.0,8. p75_trade_value,35700.0,18810.0,6.0,9.0,0.6666666666666666,0.55,2. BELOW BASELINE,10.0,16.0,0.625
PLAY,Retail-Wholesale,Retail - Restaurants,30__1,30,1.0,1. p999999_trade_value,3516056.0000000005,3516056.0000000005,1.0,1.0,1.0,0.55,1. ABOVE BASELINE,1.0,1.0,1.0
PLAY,Retail-Wholesale,Retail - Restaurants,30__1,30,1.0,5. p99_trade_value,343200.0,144055.0,5.0,5.0,1.0,0.55,1. ABOVE BASELINE,6.0,6.0,1.0
PLAY,Retail-Wholesale,Retail - Restaurants,30__1,30,1.0,6. p95_trade_value,135000.0,24975.000000000004,19.0,24.0,0.7916666666666666,0.55,1. ABOVE BASELINE,25.0,30.0,0.8333333333333334
PLAY,Retail-Wholesale,Retail - Restaurants,30__1,30,1.0,7. p90_trade_value,24875.0,18500.0,18.0,30.0,0.6,0.55,1. ABOVE BASELINE,43.0,60.0,0.7166666666666667
PLAY,Retail-Wholesale,Retail - Restaurants,30__1,30,1.0,8. p75_trade_value,18000.0,7906.0,54.0,88.0,0.6136363636363636,0.55,1. ABOVE BASELINE,97.0,148.0,0.6554054054054054
PLCE,Retail-Wholesale,Retail - Apparel and Shoes,25__1,25,1.0,1. p999999_trade_value,128000.0,128000.0,1.0,1.0,1.0,0.55,1. ABOVE BASELINE,1.0,1.0,1.0
PLCE,Retail-Wholesale,Retail - Apparel and Shoes,25__1,25,1.0,5. p99_trade_value,80000.0,36630.0,5.0,5.0,1.0,0.55,1. ABOVE BASELINE,6.0,6.0,1.0
PLCE,Retail-Wholesale,Retail - Apparel and Shoes,25__1,25,1.0,6. p95_trade_value,36100.0,18000.0,14.0,20.0,0.7,0.55,1. ABOVE BASELINE,20.0,26.0,0.7692307692307693
PLCE,Retail-Wholesale,Retail - Apparel and Shoes,25__1,25,1.0,7. p90_trade_value,17600.0,13500.0,18.0,25.0,0.72,0.55,1. ABOVE BASELINE,38.0,51.0,0.7450980392156863
PLCE,Retail-Wholesale,Retail - Apparel and Shoes,25__1,25,1.0,8. p75_trade_value,13366.0,7500.0,39.0,80.0,0.4875,0.55,2. BELOW BASELINE,77.0,131.0,0.5877862595419847
PSMT,Retail-Wholesale,Retail - Discount Stores,5__0,5,0.0,1. p999999_trade_value,13900.0,13900.0,0.0,1.0,0.0,0.55,2. BELOW BASELINE,0.0,1.0,0.0
PSMT,Retail-Wholesale,Retail - Discount Stores,5__0,5,0.0,8. p75_trade_value,6216.0,6216.0,0.0,1.0,0.0,0.55,2. BELOW BASELINE,0.0,2.0,0.0
PSQH,Retail-Wholesale,Internet - Commerce,20__0,20,0.0,1. p999999_trade_value,13850.0,13850.0,1.0,1.0,1.0,0.55,1. ABOVE BASELINE,1.0,1.0,1.0
PSQH,Retail-Wholesale,Internet - Commerce,20__0,20,0.0,6. p95_trade_value,12500.0,9765.0,1.0,3.0,0.3333333333333333,0.55,2. BELOW BASELINE,2.0,4.0,0.5
PSQH,Retail-Wholesale,Internet - Commerce,20__0,20,0.0,7. p90_trade_value,9180.0,8550.0,2.0,3.0,0.6666666666666666,0.55,2. BELOW BASELINE,4.0,7.0,0.5714285714285714
PSQH,Retail-Wholesale,Internet - Commerce,20__0,20,0.0,8. p75_trade_value,8070.0,5600.000000000001,6.0,11.0,0.5454545454545454,0.55,2. BELOW BASELINE,10.0,18.0,0.5555555555555556
PTLO,Retail-Wholesale,Retail - Restaurants,15__0,15,0.0,1. p999999_trade_value,52200.0,52200.0,1.0,1.0,1.0,0.55,1. ABOVE BASELINE,1.0,1.0,1.0
PTLO,Retail-Wholesale,Retail - Restaurants,15__0,15,0.0,6. p95_trade_value,42750.0,42750.0,0.0,1.0,0.0,0.55,2. BELOW BASELINE,1.0,2.0,0.5
PTLO,Retail-Wholesale,Retail - Restaurants,15__0,15,0.0,7. p90_trade_value,25000.0,25000.0,0.0,1.0,0.0,0.55,2. BELOW BASELINE,1.0,3.0,0.3333333333333333
PTLO,Retail-Wholesale,Retail - Restaurants,15__0,15,0.0,8. p75_trade_value,17290.0,7350.0,4.0,4.0,1.0,0.55,2. BELOW BASELINE,5.0,7.0,0.7142857142857143
PZZA,Retail-Wholesale,Retail - Restaurants,25__1,25,1.0,1. p999999_trade_value,400000.0,400000.0,0.0,1.0,0.0,0.55,2. BELOW BASELINE,0.0,1.0,0.0
PZZA,Retail-Wholesale,Retail - Restaurants,25__1,25,1.0,5. p99_trade_value,150000.0,106080.0,0.0,3.0,0.0,0.55,2. BELOW BASELINE,0.0,4.0,0.0
PZZA,Retail-Wholesale,Retail - Restaurants,25__1,25,1.0,6. p95_trade_value,87165.0,24375.0,4.0,12.0,0.3333333333333333,0.55,2. BELOW BASELINE,4.0,16.0,0.25
PZZA,Retail-Wholesale,Retail - Restaurants,25__1,25,1.0,7. p90_trade_value,23870.0,13804.0,9.0,15.0,0.6,0.55,2. BELOW BASELINE,13.0,31.0,0.41935483870967744
PZZA,Retail-Wholesale,Retail - Restaurants,25__1,25,1.0,8. p75_trade_value,13769.999999999998,7500.0,32.0,46.0,0.6956521739130435,0.55,2. BELOW BASELINE,45.0,77.0,0.5844155844155844
QSR,Retail-Wholesale,Retail - Restaurants,20__0,20,0.0,1. p999999_trade_value,46215.0,46215.0,0.0,1.0,0.0,0.55,2. BELOW BASELINE,0.0,1.0,0.0
QSR,Retail-Wholesale,Retail - Restaurants,20__0,20,0.0,5. p99_trade_value,37910.0,37910.0,1.0,1.0,1.0,0.55,2. BELOW BASELINE,1.0,2.0,0.5
QSR,Retail-Wholesale,Retail - Restaurants,20__0,20,0.0,6. p95_trade_value,33300.0,24000.0,3.0,4.0,0.75,0.55,2. BELOW BASELINE,4.0,6.0,0.6666666666666666
QSR,Retail-Wholesale,Retail - Restaurants,20__0,20,0.0,7. p90_trade_value,21000.0,13579.999999999998,5.0,6.0,0.8333333333333334,0.55,2. BELOW BASELINE,9.0,12.0,0.75
QSR,Retail-Wholesale,Retail - Restaurants,20__0,20,0.0,8. p75_trade_value,12960.0,8300.0,8.0,16.0,0.5,0.55,2. BELOW BASELINE,17.0,28.0,0.6071428571428571
RMBL,Retail-Wholesale,Internet - Commerce,10__0,10,0.0,1. p999999_trade_value,11900.0,11900.0,0.0,1.0,0.0,0.55,2. BELOW BASELINE,0.0,1.0,0.0
RMBL,Retail-Wholesale,Internet - Commerce,10__0,10,0.0,8. p75_trade_value,6964.999999999999,6964.999999999999,0.0,1.0,0.0,0.55,2. BELOW BASELINE,0.0,2.0,0.0
ROST,Retail-Wholesale,Retail - Discount Stores,30__0,30,0.0,1. p999999_trade_value,858240.0,858240.0,1.0,1.0,1.0,0.55,1. ABOVE BASELINE,1.0,1.0,1.0
ROST,Retail-Wholesale,Retail - Discount Stores,30__0,30,0.0,4. p999_trade_value,642928.0,642928.0,1.0,1.0,1.0,0.55,1. ABOVE BASELINE,2.0,2.0,1.0
ROST,Retail-Wholesale,Retail - Discount Stores,30__0,30,0.0,5. p99_trade_value,627200.0,144000.0,7.0,13.0,0.5384615384615384,0.55,2. BELOW BASELINE,9.0,15.0,0.6
ROST,Retail-Wholesale,Retail - Discount Stores,30__0,30,0.0,6. p95_trade_value,102740.00000000001,24000.0,26.0,55.0,0.4727272727272727,0.55,2. BELOW BASELINE,35.0,70.0,0.5
ROST,Retail-Wholesale,Retail - Discount Stores,30__0,30,0.0,7. p90_trade_value,23680.0,12630.0,38.0,70.0,0.5428571428571428,0.55,2. BELOW BASELINE,73.0,140.0,0.5214285714285715
ROST,Retail-Wholesale,Retail - Discount Stores,30__0,30,0.0,8. p75_trade_value,12600.0,7110.000000000001,104.0,209.0,0.49760765550239233,0.55,2. BELOW BASELINE,177.0,349.0,0.5071633237822349
RRGB,Retail-Wholesale,Retail - Restaurants,10__0,10,0.0,1. p999999_trade_value,15440.0,15440.0,0.0,1.0,0.0,0.55,2. BELOW BASELINE,0.0,1.0,0.0
RRGB,Retail-Wholesale,Retail - Restaurants,10__0,10,0.0,7. p90_trade_value,15000.0,15000.0,0.0,1.0,0.0,0.55,2. BELOW BASELINE,0.0,2.0,0.0
RRGB,Retail-Wholesale,Retail - Restaurants,10__0,10,0.0,8. p75_trade_value,11619.999999999998,9400.0,0.0,2.0,0.0,0.55,2. BELOW BASELINE,0.0,4.0,0.0
SAH,Retail-Wholesale,Automotive - Retail and Whole Sales,5__3,5,3.0,1. p999999_trade_value,15960.0,15960.0,1.0,1.0,1.0,0.55,1. ABOVE BASELINE,1.0,1.0,1.0
SAH,Retail-Wholesale,Automotive - Retail and Whole Sales,5__3,5,3.0,8. p75_trade_value,4030.0000000000005,4030.0000000000005,1.0,1.0,1.0,0.55,1. ABOVE BASELINE,2.0,2.0,1.0
SBH,Retail-Wholesale,Retail - Miscellaneous,10__0,10,0.0,1. p999999_trade_value,17910.0,17910.0,1.0,1.0,1.0,0.55,1. ABOVE BASELINE,1.0,1.0,1.0
SBH,Retail-Wholesale,Retail - Miscellaneous,10__0,10,0.0,8. p75_trade_value,5295.0,5295.0,1.0,1.0,1.0,0.55,1. ABOVE BASELINE,2.0,2.0,1.0
SBUX,Retail-Wholesale,Retail - Restaurants,40__1,40,1.0,1. p999999_trade_value,1890048.0,1890048.0,1.0,1.0,1.0,0.55,1. ABOVE BASELINE,1.0,1.0,1.0
SBUX,Retail-Wholesale,Retail - Restaurants,40__1,40,1.0,3. p9999_trade_value,1404900.0,1404900.0,1.0,1.0,1.0,0.55,1. ABOVE BASELINE,2.0,2.0,1.0
SBUX,Retail-Wholesale,Retail - Restaurants,40__1,40,1.0,4. p999_trade_value,668100.0,421600.0,9.0,9.0,1.0,0.55,1. ABOVE BASELINE,11.0,11.0,1.0
SBUX,Retail-Wholesale,Retail - Restaurants,40__1,40,1.0,5. p99_trade_value,421500.0,75000.0,55.0,90.0,0.6111111111111112,0.55,1. ABOVE BASELINE,66.0,101.0,0.6534653465346535
SBUX,Retail-Wholesale,Retail - Restaurants,40__1,40,1.0,6. p95_trade_value,74784.0,23850.0,224.0,401.0,0.5586034912718204,0.55,1. ABOVE BASELINE,290.0,502.0,0.5776892430278885
SBUX,Retail-Wholesale,Retail - Restaurants,40__1,40,1.0,7. p90_trade_value,23789.999999999996,15092.000000000002,256.0,501.0,0.5109780439121756,0.55,2. BELOW BASELINE,546.0,1003.0,0.5443668993020937
SBUX,Retail-Wholesale,Retail - Restaurants,40__1,40,1.0,8. p75_trade_value,15078.0,8084.0,761.0,1503.0,0.5063206919494344,0.55,2. BELOW BASELINE,1307.0,2506.0,0.5215482841181165
SCVL,Retail-Wholesale,Retail - Apparel and Shoes,10__0,10,0.0,1. p999999_trade_value,22500.0,22500.0,1.0,1.0,1.0,0.55,1. ABOVE BASELINE,1.0,1.0,1.0
SCVL,Retail-Wholesale,Retail - Apparel and Shoes,10__0,10,0.0,7. p90_trade_value,12500.0,12500.0,0.0,1.0,0.0,0.55,2. BELOW BASELINE,1.0,2.0,0.5
SCVL,Retail-Wholesale,Retail - Apparel and Shoes,10__0,10,0.0,8. p75_trade_value,11250.0,11250.0,0.0,1.0,0.0,0.55,2. BELOW BASELINE,1.0,3.0,0.3333333333333333
SFIX,Retail-Wholesale,Retail - Apparel and Shoes,25__1,25,1.0,1. p999999_trade_value,200000.0,200000.0,0.0,1.0,0.0,0.55,2. BELOW BASELINE,0.0,1.0,0.0
SFIX,Retail-Wholesale,Retail - Apparel and Shoes,25__1,25,1.0,5. p99_trade_value,145120.0,145120.0,1.0,1.0,1.0,0.55,2. BELOW BASELINE,1.0,2.0,0.5
SFIX,Retail-Wholesale,Retail - Apparel and Shoes,25__1,25,1.0,6. p95_trade_value,110000.0,17420.0,2.0,8.0,0.25,0.55,2. BELOW BASELINE,3.0,10.0,0.3
SFIX,Retail-Wholesale,Retail - Apparel and Shoes,25__1,25,1.0,7. p90_trade_value,17081.0,11817.0,3.0,9.0,0.3333333333333333,0.55,2. BELOW BASELINE,6.0,19.0,0.3157894736842105
SFIX,Retail-Wholesale,Retail - Apparel and Shoes,25__1,25,1.0,8. p75_trade_value,11115.0,7548.0,13.0,27.0,0.48148148148148145,0.55,2. BELOW BASELINE,19.0,46.0,0.41304347826086957
SFM,Retail-Wholesale,Food - Natural Foods Products,30__0,30,0.0,1. p999999_trade_value,205000.0,205000.0,0.0,1.0,0.0,0.55,2. BELOW BASELINE,0.0,1.0,0.0
SFM,Retail-Wholesale,Food - Natural Foods Products,30__0,30,0.0,4. p999_trade_value,164124.0,164124.0,1.0,1.0,1.0,0.55,2. BELOW BASELINE,1.0,2.0,0.5
SFM,Retail-Wholesale,Food - Natural Foods Products,30__0,30,0.0,5. p99_trade_value,147726.0,74860.0,7.0,10.0,0.7,0.55,2. BELOW BASELINE,8.0,12.0,0.6666666666666666
SFM,Retail-Wholesale,Food - Natural Foods Products,30__0,30,0.0,6. p95_trade_value,74250.0,22620.0,15.0,47.0,0.3191489361702128,0.55,2. BELOW BASELINE,23.0,59.0,0.3898305084745763
SFM,Retail-Wholesale,Food - Natural Foods Products,30__0,30,0.0,7. p90_trade_value,22035.0,14070.000000000002,30.0,59.0,0.5084745762711864,0.55,2. BELOW BASELINE,53.0,118.0,0.4491525423728814
SFM,Retail-Wholesale,Food - Natural Foods Products,30__0,30,0.0,8. p75_trade_value,14000.0,7680.000000000001,109.0,176.0,0.6193181818181818,0.55,2. BELOW BASELINE,162.0,294.0,0.5510204081632653
SG,Retail-Wholesale,Retail - Restaurants,30__2,30,2.0,1. p999999_trade_value,1197759.9999999998,1197759.9999999998,1.0,1.0,1.0,0.55,2. BELOW BASELINE,1.0,1.0,1.0
SG,Retail-Wholesale,Retail - Restaurants,30__2,30,2.0,4. p999_trade_value,750000.0,750000.0,0.0,1.0,0.0,0.55,2. BELOW BASELINE,1.0,2.0,0.5
SG,Retail-Wholesale,Retail - Restaurants,30__2,30,2.0,5. p99_trade_value,724710.0,152000.0,9.0,13.0,0.6923076923076923,0.55,2. BELOW BASELINE,10.0,15.0,0.6666666666666666
SG,Retail-Wholesale,Retail - Restaurants,30__2,30,2.0,6. p95_trade_value,146250.0,42030.0,19.0,59.0,0.3220338983050847,0.55,2. BELOW BASELINE,29.0,74.0,0.3918918918918919
SG,Retail-Wholesale,Retail - Restaurants,30__2,30,2.0,7. p90_trade_value,41580.0,20000.0,48.0,75.0,0.64,0.55,2. BELOW BASELINE,77.0,149.0,0.5167785234899329
SG,Retail-Wholesale,Retail - Restaurants,30__2,30,2.0,8. p75_trade_value,19500.0,9576.0,109.0,217.0,0.5023041474654378,0.55,2. BELOW BASELINE,186.0,366.0,0.5081967213114754
SGI,Retail-Wholesale,Retail - Home Furnishings,20__0,20,0.0,1. p999999_trade_value,201312.0,201312.0,1.0,1.0,1.0,0.55,1. ABOVE BASELINE,1.0,1.0,1.0
SGI,Retail-Wholesale,Retail - Home Furnishings,20__0,20,0.0,5. p99_trade_value,75840.00000000001,75840.00000000001,0.0,1.0,0.0,0.55,2. BELOW BASELINE,1.0,2.0,0.5
SGI,Retail-Wholesale,Retail - Home Furnishings,20__0,20,0.0,6. p95_trade_value,38000.0,17822.0,2.0,5.0,0.4,0.55,2. BELOW BASELINE,3.0,7.0,0.42857142857142855
SGI,Retail-Wholesale,Retail - Home Furnishings,20__0,20,0.0,7. p90_trade_value,17640.0,14260.0,7.0,7.0,1.0,0.55,2. BELOW BASELINE,10.0,14.0,0.7142857142857143
SGI,Retail-Wholesale,Retail - Home Furnishings,20__0,20,0.0,8. p75_trade_value,13750.0,8710.0,13.0,21.0,0.6190476190476191,0.55,2. BELOW BASELINE,23.0,35.0,0.6571428571428571
SHAK,Retail-Wholesale,Retail - Restaurants,30__2,30,2.0,1. p999999_trade_value,1143600.0,1143600.0,0.0,1.0,0.0,0.55,1. ABOVE BASELINE,0.0,1.0,0.0
SHAK,Retail-Wholesale,Retail - Restaurants,30__2,30,2.0,4. p999_trade_value,519040.00000000006,519040.00000000006,2.0,2.0,1.0,0.55,1. ABOVE BASELINE,2.0,3.0,0.6666666666666666
SHAK,Retail-Wholesale,Retail - Restaurants,30__2,30,2.0,5. p99_trade_value,502820.0,122070.0,3.0,9.0,0.3333333333333333,0.55,2. BELOW BASELINE,5.0,12.0,0.4166666666666667
SHAK,Retail-Wholesale,Retail - Restaurants,30__2,30,2.0,6. p95_trade_value,95880.0,24800.0,29.0,46.0,0.6304347826086957,0.55,2. BELOW BASELINE,34.0,58.0,0.5862068965517241
SHAK,Retail-Wholesale,Retail - Restaurants,30__2,30,2.0,7. p90_trade_value,24300.0,15200.0,44.0,58.0,0.7586206896551724,0.55,2. BELOW BASELINE,78.0,116.0,0.6724137931034483
SHAK,Retail-Wholesale,Retail - Restaurants,30__2,30,2.0,8. p75_trade_value,15145.000000000002,9000.0,110.0,174.0,0.632183908045977,0.55,2. BELOW BASELINE,188.0,290.0,0.6482758620689655
SIG,Retail-Wholesale,Retail - Jewelry,30__2,30,2.0,1. p999999_trade_value,681340.0,681340.0,1.0,1.0,1.0,0.55,1. ABOVE BASELINE,1.0,1.0,1.0
SIG,Retail-Wholesale,Retail - Jewelry,30__2,30,2.0,4. p999_trade_value,657000.0,657000.0,1.0,1.0,1.0,0.55,1. ABOVE BASELINE,2.0,2.0,1.0
SIG,Retail-Wholesale,Retail - Jewelry,30__2,30,2.0,5. p99_trade_value,595782.0,159000.0,6.0,10.0,0.6,0.55,1. ABOVE BASELINE,8.0,12.0,0.6666666666666666
SIG,Retail-Wholesale,Retail - Jewelry,30__2,30,2.0,6. p95_trade_value,148400.0,31464.999999999996,23.0,45.0,0.5111111111111111,0.55,2. BELOW BASELINE,31.0,57.0,0.543859649122807
SIG,Retail-Wholesale,Retail - Jewelry,30__2,30,2.0,7. p90_trade_value,31000.0,19980.0,19.0,56.0,0.3392857142857143,0.55,2. BELOW BASELINE,50.0,113.0,0.4424778761061947
SIG,Retail-Wholesale,Retail - Jewelry,30__2,30,2.0,8. p75_trade_value,19824.0,9434.0,106.0,169.0,0.6272189349112426,0.55,2. BELOW BASELINE,156.0,282.0,0.5531914893617021
SN,Retail-Wholesale,Retail - Miscellaneous,30__1,30,1.0,1. p999999_trade_value,2722176.0,2722176.0,1.0,1.0,1.0,0.55,1. ABOVE BASELINE,1.0,1.0,1.0
SN,Retail-Wholesale,Retail - Miscellaneous,30__1,30,1.0,5. p99_trade_value,1890000.0,166495.0,6.0,9.0,0.6666666666666666,0.55,1. ABOVE BASELINE,7.0,10.0,0.7
SN,Retail-Wholesale,Retail - Miscellaneous,30__1,30,1.0,6. p95_trade_value,162260.0,45000.0,16.0,38.0,0.42105263157894735,0.55,2. BELOW BASELINE,23.0,48.0,0.4791666666666667
SN,Retail-Wholesale,Retail - Miscellaneous,30__1,30,1.0,7. p90_trade_value,44690.0,23000.0,25.0,47.0,0.5319148936170213,0.55,2. BELOW BASELINE,48.0,95.0,0.5052631578947369
SN,Retail-Wholesale,Retail - Miscellaneous,30__1,30,1.0,8. p75_trade_value,22601.000000000004,9440.0,72.0,142.0,0.5070422535211268,0.55,2. BELOW BASELINE,120.0,237.0,0.5063291139240507
SPWH,Retail-Wholesale,Retail - Apparel and Shoes,5__0,5,0.0,1. p999999_trade_value,4500.0,4500.0,0.0,1.0,0.0,0.55,2. BELOW BASELINE,0.0,1.0,0.0
TGLS,Retail-Wholesale,Building Products - Retail,10__0,10,0.0,1. p999999_trade_value,63360.0,63360.0,1.0,1.0,1.0,0.55,1. ABOVE BASELINE,1.0,1.0,1.0
TGLS,Retail-Wholesale,Building Products - Retail,10__0,10,0.0,7. p90_trade_value,35100.0,35100.0,0.0,1.0,0.0,0.55,2. BELOW BASELINE,1.0,2.0,0.5
TGLS,Retail-Wholesale,Building Products - Retail,10__0,10,0.0,8. p75_trade_value,21000.0,21000.0,2.0,2.0,1.0,0.55,2. BELOW BASELINE,3.0,4.0,0.75
TGT,Retail-Wholesale,Retail - Discount Stores,45__0,45,0.0,1. p999999_trade_value,1224195.0,1224195.0,1.0,1.0,1.0,0.55,2. BELOW BASELINE,1.0,1.0,1.0
TGT,Retail-Wholesale,Retail - Discount Stores,45__0,45,0.0,3. p9999_trade_value,810495.0000000001,810495.0000000001,0.0,1.0,0.0,0.55,2. BELOW BASELINE,1.0,2.0,0.5
TGT,Retail-Wholesale,Retail - Discount Stores,45__0,45,0.0,4. p999_trade_value,712500.0,349631.0,6.0,17.0,0.35294117647058826,0.55,2. BELOW BASELINE,7.0,19.0,0.3684210526315789
TGT,Retail-Wholesale,Retail - Discount Stores,45__0,45,0.0,5. p99_trade_value,324000.0,59103.00000000001,67.0,170.0,0.3941176470588235,0.55,2. BELOW BASELINE,74.0,189.0,0.3915343915343915
TGT,Retail-Wholesale,Retail - Discount Stores,45__0,45,0.0,6. p95_trade_value,59000.0,22034.999999999996,320.0,754.0,0.4244031830238727,0.55,2. BELOW BASELINE,394.0,943.0,0.4178154825026511
TGT,Retail-Wholesale,Retail - Discount Stores,45__0,45,0.0,7. p90_trade_value,22032.000000000004,14640.0,422.0,943.0,0.44750795334040294,0.55,2. BELOW BASELINE,816.0,1886.0,0.432661717921527
TGT,Retail-Wholesale,Retail - Discount Stores,45__0,45,0.0,8. p75_trade_value,14639.999999999998,8274.0,1266.0,2830.0,0.44734982332155476,0.55,2. BELOW BASELINE,2082.0,4716.0,0.44147582697201015
TITN,Retail-Wholesale,Automotive - Retail and Whole Sales,10__0,10,0.0,1. p999999_trade_value,20910.0,20910.0,0.0,1.0,0.0,0.55,2. BELOW BASELINE,0.0,1.0,0.0
TITN,Retail-Wholesale,Automotive - Retail and Whole Sales,10__0,10,0.0,7. p90_trade_value,15000.0,15000.0,0.0,2.0,0.0,0.55,2. BELOW BASELINE,0.0,3.0,0.0
TITN,Retail-Wholesale,Automotive - Retail and Whole Sales,10__0,10,0.0,8. p75_trade_value,12500.0,12500.0,0.0,1.0,0.0,0.55,2. BELOW BASELINE,0.0,4.0,0.0
TJX,Retail-Wholesale,Retail - Discount Stores,35__3,35,3.0,1. p999999_trade_value,744800.0,744800.0,0.0,1.0,0.0,0.55,2. BELOW BASELINE,0.0,1.0,0.0
TJX,Retail-Wholesale,Retail - Discount Stores,35__3,35,3.0,4. p999_trade_value,237250.0,237250.0,1.0,1.0,1.0,0.55,2. BELOW BASELINE,1.0,2.0,0.5
TJX,Retail-Wholesale,Retail - Discount Stores,35__3,35,3.0,5. p99_trade_value,206550.0,84375.0,11.0,17.0,0.6470588235294118,0.55,2. BELOW BASELINE,12.0,19.0,0.631578947368421
TJX,Retail-Wholesale,Retail - Discount Stores,35__3,35,3.0,6. p95_trade_value,84225.0,29044.0,61.0,75.0,0.8133333333333334,0.55,2. BELOW BASELINE,73.0,94.0,0.776595744680851
TJX,Retail-Wholesale,Retail - Discount Stores,35__3,35,3.0,7. p90_trade_value,28840.000000000004,20691.0,83.0,97.0,0.8556701030927835,0.55,2. BELOW BASELINE,156.0,191.0,0.8167539267015707
TJX,Retail-Wholesale,Retail - Discount Stores,35__3,35,3.0,8. p75_trade_value,20592.0,9675.0,209.0,279.0,0.7491039426523297,0.55,2. BELOW BASELINE,365.0,470.0,0.776595744680851
TPR,Retail-Wholesale,Retail - Apparel and Shoes,30__2,30,2.0,1. p999999_trade_value,1623900.0,1623900.0,1.0,1.0,1.0,0.55,1. ABOVE BASELINE,1.0,1.0,1.0
TPR,Retail-Wholesale,Retail - Apparel and Shoes,30__2,30,2.0,4. p999_trade_value,1434445.0,1434445.0,1.0,1.0,1.0,0.55,1. ABOVE BASELINE,2.0,2.0,1.0
TPR,Retail-Wholesale,Retail - Apparel and Shoes,30__2,30,2.0,5. p99_trade_value,913345.0000000001,378000.00000000006,5.0,10.0,0.5,0.55,2. BELOW BASELINE,7.0,12.0,0.5833333333333334
TPR,Retail-Wholesale,Retail - Apparel and Shoes,30__2,30,2.0,6. p95_trade_value,351000.00000000006,67000.0,19.0,48.0,0.3958333333333333,0.55,2. BELOW BASELINE,26.0,60.0,0.43333333333333335
TPR,Retail-Wholesale,Retail - Apparel and Shoes,30__2,30,2.0,7. p90_trade_value,61879.99999999999,19080.0,38.0,59.0,0.6440677966101694,0.55,2. BELOW BASELINE,64.0,119.0,0.5378151260504201
TPR,Retail-Wholesale,Retail - Apparel and Shoes,30__2,30,2.0,8. p75_trade_value,18960.000000000004,8900.0,117.0,179.0,0.6536312849162011,0.55,2. BELOW BASELINE,181.0,298.0,0.6073825503355704
TRIP,Retail-Wholesale,Internet - Commerce,20__0,20,0.0,1. p999999_trade_value,165375.0,165375.0,1.0,1.0,1.0,0.55,1. ABOVE BASELINE,1.0,1.0,1.0
TRIP,Retail-Wholesale,Internet - Commerce,20__0,20,0.0,5. p99_trade_value,113100.0,113100.0,1.0,1.0,1.0,0.55,1. ABOVE BASELINE,2.0,2.0,1.0
TRIP,Retail-Wholesale,Internet - Commerce,20__0,20,0.0,6. p95_trade_value,23670.0,22005.0,6.0,7.0,0.8571428571428571,0.55,1. ABOVE BASELINE,8.0,9.0,0.8888888888888888
TRIP,Retail-Wholesale,Internet - Commerce,20__0,20,0.0,7. p90_trade_value,21320.0,14076.0,5.0,9.0,0.5555555555555556,0.55,1. ABOVE BASELINE,13.0,18.0,0.7222222222222222
TRIP,Retail-Wholesale,Internet - Commerce,20__0,20,0.0,8. p75_trade_value,14000.0,7700.0,19.0,26.0,0.7307692307692307,0.55,1. ABOVE BASELINE,32.0,44.0,0.7272727272727273
TSCO,Retail-Wholesale,Retail - Miscellaneous,25__1,25,1.0,1. p999999_trade_value,263500.0,263500.0,1.0,1.0,1.0,0.55,1. ABOVE BASELINE,1.0,1.0,1.0
TSCO,Retail-Wholesale,Retail - Miscellaneous,25__1,25,1.0,5. p99_trade_value,246500.0,131989.0,2.0,4.0,0.5,0.55,2. BELOW BASELINE,3.0,5.0,0.6
TSCO,Retail-Wholesale,Retail - Miscellaneous,25__1,25,1.0,6. p95_trade_value,70000.0,22400.0,14.0,20.0,0.7,0.55,2. BELOW BASELINE,17.0,25.0,0.68
TSCO,Retail-Wholesale,Retail - Miscellaneous,25__1,25,1.0,7. p90_trade_value,21839.999999999996,12488.999999999998,15.0,25.0,0.6,0.55,2. BELOW BASELINE,32.0,50.0,0.64
TSCO,Retail-Wholesale,Retail - Miscellaneous,25__1,25,1.0,8. p75_trade_value,12348.0,7315.000000000001,44.0,75.0,0.5866666666666667,0.55,2. BELOW BASELINE,76.0,125.0,0.608
TXRH,Retail-Wholesale,Retail - Restaurants,30__0,30,0.0,1. p999999_trade_value,942911.9999999999,942911.9999999999,0.0,1.0,0.0,0.55,2. BELOW BASELINE,0.0,1.0,0.0
TXRH,Retail-Wholesale,Retail - Restaurants,30__0,30,0.0,5. p99_trade_value,455000.0,151196.99999999997,0.0,5.0,0.0,0.55,2. BELOW BASELINE,0.0,6.0,0.0
TXRH,Retail-Wholesale,Retail - Restaurants,30__0,30,0.0,6. p95_trade_value,138750.0,21460.0,14.0,23.0,0.6086956521739131,0.55,2. BELOW BASELINE,14.0,29.0,0.4827586206896552
TXRH,Retail-Wholesale,Retail - Restaurants,30__0,30,0.0,7. p90_trade_value,20700.0,13640.0,19.0,28.0,0.6785714285714286,0.55,2. BELOW BASELINE,33.0,57.0,0.5789473684210527
TXRH,Retail-Wholesale,Retail - Restaurants,30__0,30,0.0,8. p75_trade_value,13200.0,7123.0,42.0,86.0,0.4883720930232558,0.55,2. BELOW BASELINE,75.0,143.0,0.5244755244755245
TZOO,Retail-Wholesale,Internet - Commerce,5__0,5,0.0,2. p99999_trade_value,5799.999999999999,5799.999999999999,0.0,1.0,0.0,0.55,2. BELOW BASELINE,0.0,1.0,0.0
ULTA,Retail-Wholesale,Retail - Miscellaneous,40__1,40,1.0,1. p999999_trade_value,525000.0,525000.0,1.0,1.0,1.0,0.55,1. ABOVE BASELINE,1.0,1.0,1.0
ULTA,Retail-Wholesale,Retail - Miscellaneous,40__1,40,1.0,4. p999_trade_value,460570.0,205000.0,5.0,10.0,0.5,0.55,2. BELOW BASELINE,6.0,11.0,0.5454545454545454
ULTA,Retail-Wholesale,Retail - Miscellaneous,40__1,40,1.0,5. p99_trade_value,202130.00000000003,52150.0,35.0,83.0,0.42168674698795183,0.55,2. BELOW BASELINE,41.0,94.0,0.43617021276595747
ULTA,Retail-Wholesale,Retail - Miscellaneous,40__1,40,1.0,6. p95_trade_value,51600.0,22770.0,196.0,373.0,0.5254691689008043,0.55,2. BELOW BASELINE,237.0,467.0,0.5074946466809421
ULTA,Retail-Wholesale,Retail - Miscellaneous,40__1,40,1.0,7. p90_trade_value,22737.0,14150.0,239.0,464.0,0.5150862068965517,0.55,2. BELOW BASELINE,476.0,931.0,0.5112781954887218
ULTA,Retail-Wholesale,Retail - Miscellaneous,40__1,40,1.0,8. p75_trade_value,14130.000000000002,7700.0,711.0,1406.0,0.5056899004267426,0.55,2. BELOW BASELINE,1187.0,2337.0,0.5079161317928969
URBN,Retail-Wholesale,Retail - Apparel and Shoes,30__2,30,2.0,1. p999999_trade_value,534720.0,534720.0,1.0,1.0,1.0,0.55,1. ABOVE BASELINE,1.0,1.0,1.0
URBN,Retail-Wholesale,Retail - Apparel and Shoes,30__2,30,2.0,5. p99_trade_value,340000.0,200000.0,5.0,7.0,0.7142857142857143,0.55,1. ABOVE BASELINE,6.0,8.0,0.75
URBN,Retail-Wholesale,Retail - Apparel and Shoes,30__2,30,2.0,6. p95_trade_value,186000.0,38400.0,18.0,32.0,0.5625,0.55,1. ABOVE BASELINE,24.0,40.0,0.6
URBN,Retail-Wholesale,Retail - Apparel and Shoes,30__2,30,2.0,7. p90_trade_value,37944.0,20800.0,26.0,39.0,0.6666666666666666,0.55,1. ABOVE BASELINE,50.0,79.0,0.6329113924050633
URBN,Retail-Wholesale,Retail - Apparel and Shoes,30__2,30,2.0,8. p75_trade_value,20580.0,8370.0,88.0,117.0,0.7521367521367521,0.55,1. ABOVE BASELINE,138.0,196.0,0.7040816326530612
VRA,Retail-Wholesale,Retail - Apparel and Shoes,10__0,10,0.0,1. p999999_trade_value,81000.0,81000.0,2.0,2.0,1.0,0.55,1. ABOVE BASELINE,2.0,2.0,1.0
VSCO,Retail-Wholesale,Retail - Apparel and Shoes,30__0,30,0.0,1. p999999_trade_value,375000.0,375000.0,0.0,1.0,0.0,0.55,2. BELOW BASELINE,0.0,1.0,0.0
VSCO,Retail-Wholesale,Retail - Apparel and Shoes,30__0,30,0.0,5. p99_trade_value,337500.0,118439.99999999999,2.0,9.0,0.2222222222222222,0.55,2. BELOW BASELINE,2.0,10.0,0.2
VSCO,Retail-Wholesale,Retail - Apparel and Shoes,30__0,30,0.0,6. p95_trade_value,115000.0,39600.0,15.0,40.0,0.375,0.55,2. BELOW BASELINE,17.0,50.0,0.34
VSCO,Retail-Wholesale,Retail - Apparel and Shoes,30__0,30,0.0,7. p90_trade_value,37925.0,19145.0,18.0,47.0,0.3829787234042553,0.55,2. BELOW BASELINE,35.0,97.0,0.36082474226804123
VSCO,Retail-Wholesale,Retail - Apparel and Shoes,30__0,30,0.0,8. p75_trade_value,18966.000000000004,10032.0,68.0,144.0,0.4722222222222222,0.55,2. BELOW BASELINE,103.0,241.0,0.42738589211618255
VVV,Retail-Wholesale,Automotive - Retail and Wholesale - Parts,5__0,5,0.0,1. p999999_trade_value,6000.0,6000.0,1.0,1.0,1.0,0.55,1. ABOVE BASELINE,1.0,1.0,1.0
W,Retail-Wholesale,Internet - Commerce,35__1,35,1.0,1. p999999_trade_value,812700.0,812700.0,0.0,1.0,0.0,0.55,2. BELOW BASELINE,0.0,1.0,0.0
W,Retail-Wholesale,Internet - Commerce,35__1,35,1.0,4. p999_trade_value,751980.0,539784.0,3.0,4.0,0.75,0.55,2. BELOW BASELINE,3.0,5.0,0.6
W,Retail-Wholesale,Internet - Commerce,35__1,35,1.0,5. p99_trade_value,522252.00000000006,161250.0,17.0,36.0,0.4722222222222222,0.55,2. BELOW BASELINE,20.0,41.0,0.4878048780487805
W,Retail-Wholesale,Internet - Commerce,35__1,35,1.0,6. p95_trade_value,160500.0,31250.0,86.0,160.0,0.5375,0.55,2. BELOW BASELINE,106.0,201.0,0.527363184079602
W,Retail-Wholesale,Internet - Commerce,35__1,35,1.0,7. p90_trade_value,31208.0,17250.0,123.0,201.0,0.6119402985074627,0.55,2. BELOW BASELINE,229.0,402.0,0.5696517412935324
W,Retail-Wholesale,Internet - Commerce,35__1,35,1.0,8. p75_trade_value,17242.0,8575.0,325.0,606.0,0.5363036303630363,0.55,2. BELOW BASELINE,554.0,1008.0,0.5496031746031746
WBA,Retail-Wholesale,Retail - Pharmacies and Drug Stores,30__0,30,0.0,1. p999999_trade_value,196000.0,196000.0,1.0,1.0,1.0,0.55,1. ABOVE BASELINE,1.0,1.0,1.0
WBA,Retail-Wholesale,Retail - Pharmacies and Drug Stores,30__0,30,0.0,4. p999_trade_value,145548.0,145548.0,1.0,1.0,1.0,0.55,1. ABOVE BASELINE,2.0,2.0,1.0
WBA,Retail-Wholesale,Retail - Pharmacies and Drug Stores,30__0,30,0.0,5. p99_trade_value,141792.0,55000.0,9.0,15.0,0.6,0.55,1. ABOVE BASELINE,11.0,17.0,0.6470588235294118
WBA,Retail-Wholesale,Retail - Pharmacies and Drug Stores,30__0,30,0.0,6. p95_trade_value,54240.0,20440.0,54.0,68.0,0.7941176470588235,0.55,1. ABOVE BASELINE,65.0,85.0,0.7647058823529411
WBA,Retail-Wholesale,Retail - Pharmacies and Drug Stores,30__0,30,0.0,7. p90_trade_value,20377.0,13440.0,60.0,85.0,0.7058823529411765,0.55,1. ABOVE BASELINE,125.0,170.0,0.7352941176470589
WBA,Retail-Wholesale,Retail - Pharmacies and Drug Stores,30__0,30,0.0,8. p75_trade_value,13394.999999999998,7755.000000000001,147.0,252.0,0.5833333333333334,0.55,1. ABOVE BASELINE,272.0,422.0,0.6445497630331753
WEN,Retail-Wholesale,Retail - Restaurants,20__0,20,0.0,1. p999999_trade_value,100000.0,100000.0,1.0,1.0,1.0,0.55,1. ABOVE BASELINE,1.0,1.0,1.0
WEN,Retail-Wholesale,Retail - Restaurants,20__0,20,0.0,6. p95_trade_value,70000.0,43471.0,3.0,3.0,1.0,0.55,1. ABOVE BASELINE,4.0,4.0,1.0
WEN,Retail-Wholesale,Retail - Restaurants,20__0,20,0.0,7. p90_trade_value,23405.999999999996,19920.0,3.0,3.0,1.0,0.55,1. ABOVE BASELINE,7.0,7.0,1.0
WEN,Retail-Wholesale,Retail - Restaurants,20__0,20,0.0,8. p75_trade_value,18144.000000000004,7350.0,8.0,11.0,0.7272727272727273,0.55,1. ABOVE BASELINE,15.0,18.0,0.8333333333333334
WING,Retail-Wholesale,Retail - Restaurants,35__4,35,4.0,1. p999999_trade_value,2000000.0,2000000.0,0.0,1.0,0.0,0.55,1. ABOVE BASELINE,0.0,1.0,0.0
WING,Retail-Wholesale,Retail - Restaurants,35__4,35,4.0,4. p999_trade_value,670680.0,670680.0,1.0,1.0,1.0,0.55,1. ABOVE BASELINE,1.0,2.0,0.5
WING,Retail-Wholesale,Retail - Restaurants,35__4,35,4.0,5. p99_trade_value,614999.9999999999,83835.0,9.0,18.0,0.5,0.55,2. BELOW BASELINE,10.0,20.0,0.5
WING,Retail-Wholesale,Retail - Restaurants,35__4,35,4.0,6. p95_trade_value,82075.0,24960.000000000004,45.0,73.0,0.6164383561643836,0.55,2. BELOW BASELINE,55.0,93.0,0.5913978494623656
WING,Retail-Wholesale,Retail - Restaurants,35__4,35,4.0,7. p90_trade_value,24900.0,15010.0,63.0,93.0,0.6774193548387096,0.55,2. BELOW BASELINE,118.0,186.0,0.6344086021505376
WING,Retail-Wholesale,Retail - Restaurants,35__4,35,4.0,8. p75_trade_value,15000.0,8640.0,146.0,279.0,0.5232974910394266,0.55,2. BELOW BASELINE,264.0,465.0,0.567741935483871
WKSP,Retail-Wholesale,Automotive - Retail and Whole Sales,0__0,0,0.0,1. p999999_trade_value,4140.000000000001,4140.000000000001,1.0,1.0,1.0,0.55,1. ABOVE BASELINE,1.0,1.0,1.0
WMT,Retail-Wholesale,Retail - Supermarkets,45__0,45,0.0,1. p999999_trade_value,1400000.0,1400000.0,1.0,1.0,1.0,0.55,2. BELOW BASELINE,1.0,1.0,1.0
WMT,Retail-Wholesale,Retail - Supermarkets,45__0,45,0.0,3. p9999_trade_value,1388610.0,1388610.0,0.0,1.0,0.0,0.55,2. BELOW BASELINE,1.0,2.0,0.5
WMT,Retail-Wholesale,Retail - Supermarkets,45__0,45,0.0,4. p999_trade_value,1037000.0,341366.0,11.0,18.0,0.6111111111111112,0.55,2. BELOW BASELINE,12.0,20.0,0.6
WMT,Retail-Wholesale,Retail - Supermarkets,45__0,45,0.0,5. p99_trade_value,317275.0,68363.00000000001,100.0,172.0,0.5813953488372093,0.55,2. BELOW BASELINE,112.0,192.0,0.5833333333333334
WMT,Retail-Wholesale,Retail - Supermarkets,45__0,45,0.0,6. p95_trade_value,68320.0,23400.0,434.0,765.0,0.5673202614379085,0.55,2. BELOW BASELINE,546.0,957.0,0.5705329153605015
WMT,Retail-Wholesale,Retail - Supermarkets,45__0,45,0.0,7. p90_trade_value,23375.0,14868.0,575.0,954.0,0.6027253668763103,0.55,2. BELOW BASELINE,1121.0,1911.0,0.586603872318158
WMT,Retail-Wholesale,Retail - Supermarkets,45__0,45,0.0,8. p75_trade_value,14867.999999999998,8295.0,1693.0,2866.0,0.5907187718073971,0.55,2. BELOW BASELINE,2814.0,4777.0,0.5890726397320494
WOOF,Retail-Wholesale,Retail - Miscellaneous,15__0,15,0.0,1. p999999_trade_value,250000.0,250000.0,0.0,3.0,0.0,0.55,2. BELOW BASELINE,0.0,3.0,0.0
WOOF,Retail-Wholesale,Retail - Miscellaneous,15__0,15,0.0,7. p90_trade_value,145000.0,52500.0,2.0,3.0,0.6666666666666666,0.55,2. BELOW BASELINE,2.0,6.0,0.3333333333333333
WOOF,Retail-Wholesale,Retail - Miscellaneous,15__0,15,0.0,8. p75_trade_value,23100.0,10170.0,7.0,8.0,0.875,0.55,2. BELOW BASELINE,9.0,14.0,0.6428571428571429
WSM,Retail-Wholesale,Retail - Home Furnishings,35__3,35,3.0,1. p999999_trade_value,500000.0,500000.0,1.0,1.0,1.0,0.55,1. ABOVE BASELINE,1.0,1.0,1.0
WSM,Retail-Wholesale,Retail - Home Furnishings,35__3,35,3.0,4. p999_trade_value,380000.0,362000.0,2.0,2.0,1.0,0.55,1. ABOVE BASELINE,3.0,3.0,1.0
WSM,Retail-Wholesale,Retail - Home Furnishings,35__3,35,3.0,5. p99_trade_value,348753.0,130000.0,9.0,22.0,0.4090909090909091,0.55,2. BELOW BASELINE,12.0,25.0,0.48
WSM,Retail-Wholesale,Retail - Home Furnishings,35__3,35,3.0,6. p95_trade_value,124000.0,25200.0,59.0,101.0,0.5841584158415841,0.55,2. BELOW BASELINE,71.0,126.0,0.5634920634920635
WSM,Retail-Wholesale,Retail - Home Furnishings,35__3,35,3.0,7. p90_trade_value,25187.0,16800.0,66.0,121.0,0.5454545454545454,0.55,2. BELOW BASELINE,137.0,247.0,0.5546558704453441
WSM,Retail-Wholesale,Retail - Home Furnishings,35__3,35,3.0,8. p75_trade_value,16640.0,9000.0,214.0,374.0,0.5721925133689839,0.55,2. BELOW BASELINE,351.0,621.0,0.5652173913043478
YUM,Retail-Wholesale,Retail - Restaurants,25__1,25,1.0,1. p999999_trade_value,330000.0,330000.0,1.0,1.0,1.0,0.55,1. ABOVE BASELINE,1.0,1.0,1.0
YUM,Retail-Wholesale,Retail - Restaurants,25__1,25,1.0,5. p99_trade_value,105000.0,76800.0,1.0,3.0,0.3333333333333333,0.55,2. BELOW BASELINE,2.0,4.0,0.5
YUM,Retail-Wholesale,Retail - Restaurants,25__1,25,1.0,6. p95_trade_value,64000.0,22989.999999999996,6.0,13.0,0.46153846153846156,0.55,2. BELOW BASELINE,8.0,17.0,0.47058823529411764
YUM,Retail-Wholesale,Retail - Restaurants,25__1,25,1.0,7. p90_trade_value,22895.0,12610.0,8.0,16.0,0.5,0.55,2. BELOW BASELINE,16.0,33.0,0.48484848484848486
YUM,Retail-Wholesale,Retail - Restaurants,25__1,25,1.0,8. p75_trade_value,12500.0,7564.999999999999,24.0,48.0,0.5,0.55,2. BELOW BASELINE,40.0,81.0,0.49382716049382713
YUMC,Retail-Wholesale,Retail - Restaurants,25__1,25,1.0,1. p999999_trade_value,280000.0,280000.0,1.0,1.0,1.0,0.55,1. ABOVE BASELINE,1.0,1.0,1.0
YUMC,Retail-Wholesale,Retail - Restaurants,25__1,25,1.0,5. p99_trade_value,110000.0,97500.0,2.0,3.0,0.6666666666666666,0.55,1. ABOVE BASELINE,3.0,4.0,0.75
YUMC,Retail-Wholesale,Retail - Restaurants,25__1,25,1.0,6. p95_trade_value,75000.0,28000.0,6.0,13.0,0.46153846153846156,0.55,2. BELOW BASELINE,9.0,17.0,0.5294117647058824
YUMC,Retail-Wholesale,Retail - Restaurants,25__1,25,1.0,7. p90_trade_value,27695.0,14960.000000000002,12.0,17.0,0.7058823529411765,0.55,2. BELOW BASELINE,21.0,34.0,0.6176470588235294
YUMC,Retail-Wholesale,Retail - Restaurants,25__1,25,1.0,8. p75_trade_value,14000.0,8505.0,31.0,49.0,0.6326530612244898,0.55,2. BELOW BASELINE,52.0,83.0,0.6265060240963856
ZUMZ,Retail-Wholesale,Retail - Apparel and Shoes,10__0,10,0.0,1. p999999_trade_value,21250.0,21250.0,1.0,1.0,1.0,0.55,1. ABOVE BASELINE,1.0,1.0,1.0
ZUMZ,Retail-Wholesale,Retail - Apparel and Shoes,10__0,10,0.0,8. p75_trade_value,14550.0,14550.0,1.0,1.0,1.0,0.55,1. ABOVE BASELINE,2.0,2.0,1.0
