security,sector,industry,final_cluster,trade_volume_bin,cluster,trade_value_category,max_trade_value,min_trade_value,itm_total,total,itm_pct,itm_threshold,ab,itm_running_total,running_total,itm_running_pct
ACDC,Oils-Energy,Oil and Gas - Field Services,15__0,15,0.0,1. p999999_trade_value,12180.0,12180.0,1.0,1.0,1.0,0.55,1. ABOVE BASELINE,1.0,1.0,1.0
ACDC,Oils-Energy,Oil and Gas - Field Services,15__0,15,0.0,6. p95_trade_value,11025.0,11025.0,1.0,1.0,1.0,0.55,1. ABOVE BASELINE,2.0,2.0,1.0
ACDC,Oils-Energy,Oil and Gas - Field Services,15__0,15,0.0,7. p90_trade_value,7440.000000000001,7440.000000000001,1.0,1.0,1.0,0.55,1. ABOVE BASELINE,3.0,3.0,1.0
ACDC,Oils-Energy,Oil and Gas - Field Services,15__0,15,0.0,8. p75_trade_value,6000.0,5000.0,3.0,3.0,1.0,0.55,1. ABOVE BASELINE,6.0,6.0,1.0
AESI,Oils-Energy,Oil and Gas - Integrated - United States,10__0,10,0.0,1. p999999_trade_value,10000.0,10000.0,1.0,1.0,1.0,0.55,1. ABOVE BASELINE,1.0,1.0,1.0
AESI,Oils-Energy,Oil and Gas - Integrated - United States,10__0,10,0.0,7. p90_trade_value,7500.0,7500.0,0.0,1.0,0.0,0.55,2. BELOW BASELINE,1.0,2.0,0.5
AESI,Oils-Energy,Oil and Gas - Integrated - United States,10__0,10,0.0,8. p75_trade_value,7400.0,6820.0,2.0,2.0,1.0,0.55,2. BELOW BASELINE,3.0,4.0,0.75
AM,Oils-Energy,Oil and Gas - Integrated - United States,10__0,10,0.0,1. p999999_trade_value,8000.0,8000.0,1.0,1.0,1.0,0.55,1. ABOVE BASELINE,1.0,1.0,1.0
AM,Oils-Energy,Oil and Gas - Integrated - United States,10__0,10,0.0,8. p75_trade_value,5145.0,5145.0,1.0,1.0,1.0,0.55,1. ABOVE BASELINE,2.0,2.0,1.0
AMPY,Oils-Energy,Oil and Gas - Exploration and Production - United States,5__1,5,1.0,1. p999999_trade_value,42000.00000000001,42000.00000000001,1.0,1.0,1.0,0.55,1. ABOVE BASELINE,1.0,1.0,1.0
AMRC,Oils-Energy,Alternative Energy - Other,15__0,15,0.0,1. p999999_trade_value,36225.0,36225.0,0.0,1.0,0.0,0.55,2. BELOW BASELINE,0.0,1.0,0.0
AMRC,Oils-Energy,Alternative Energy - Other,15__0,15,0.0,7. p90_trade_value,14085.0,14085.0,1.0,1.0,1.0,0.55,2. BELOW BASELINE,1.0,2.0,0.5
AMRC,Oils-Energy,Alternative Energy - Other,15__0,15,0.0,8. p75_trade_value,10450.0,4785.0,2.0,3.0,0.6666666666666666,0.55,2. BELOW BASELINE,3.0,5.0,0.6
AMTX,Oils-Energy,Biofuels,5__0,5,0.0,1. p999999_trade_value,5000.0,5000.0,0.0,1.0,0.0,0.55,2. BELOW BASELINE,0.0,1.0,0.0
APA,Oils-Energy,Oil and Gas - Exploration and Production - United States,30__2,30,2.0,1. p999999_trade_value,770000.0000000001,770000.0000000001,0.0,1.0,0.0,0.55,2. BELOW BASELINE,0.0,1.0,0.0
APA,Oils-Energy,Oil and Gas - Exploration and Production - United States,30__2,30,2.0,5. p99_trade_value,675000.0,135000.0,3.0,9.0,0.3333333333333333,0.55,2. BELOW BASELINE,3.0,10.0,0.3
APA,Oils-Energy,Oil and Gas - Exploration and Production - United States,30__2,30,2.0,6. p95_trade_value,132000.0,15574.0,18.0,36.0,0.5,0.55,2. BELOW BASELINE,21.0,46.0,0.45652173913043476
APA,Oils-Energy,Oil and Gas - Exploration and Production - United States,30__2,30,2.0,7. p90_trade_value,15568.0,11315.0,18.0,45.0,0.4,0.55,2. BELOW BASELINE,39.0,91.0,0.42857142857142855
APA,Oils-Energy,Oil and Gas - Exploration and Production - United States,30__2,30,2.0,8. p75_trade_value,11250.0,6600.0,76.0,139.0,0.5467625899280576,0.55,2. BELOW BASELINE,115.0,230.0,0.5
AR,Oils-Energy,Oil and Gas - Exploration and Production - United States,25__0,25,0.0,1. p999999_trade_value,187380.0,187380.0,0.0,1.0,0.0,0.55,2. BELOW BASELINE,0.0,1.0,0.0
AR,Oils-Energy,Oil and Gas - Exploration and Production - United States,25__0,25,0.0,5. p99_trade_value,170000.0,95000.0,3.0,5.0,0.6,0.55,2. BELOW BASELINE,3.0,6.0,0.5
AR,Oils-Energy,Oil and Gas - Exploration and Production - United States,25__0,25,0.0,6. p95_trade_value,78360.0,22920.0,5.0,20.0,0.25,0.55,2. BELOW BASELINE,8.0,26.0,0.3076923076923077
AR,Oils-Energy,Oil and Gas - Exploration and Production - United States,25__0,25,0.0,7. p90_trade_value,21384.0,14839.999999999998,12.0,25.0,0.48,0.55,2. BELOW BASELINE,20.0,51.0,0.39215686274509803
AR,Oils-Energy,Oil and Gas - Exploration and Production - United States,25__0,25,0.0,8. p75_trade_value,14300.0,8900.0,40.0,77.0,0.5194805194805194,0.55,2. BELOW BASELINE,60.0,128.0,0.46875
ARLP,Oils-Energy,Coal,15__0,15,0.0,1. p999999_trade_value,7500.0,7500.0,1.0,2.0,0.5,0.55,2. BELOW BASELINE,1.0,2.0,0.5
ARLP,Oils-Energy,Coal,15__0,15,0.0,8. p75_trade_value,5865.0,4950.0,1.0,3.0,0.3333333333333333,0.55,2. BELOW BASELINE,2.0,5.0,0.4
AROC,Oils-Energy,Oil and Gas - Field Services,0__2,0,2.0,1. p999999_trade_value,5915.0,5915.0,1.0,1.0,1.0,0.55,1. ABOVE BASELINE,1.0,1.0,1.0
ARRY,Oils-Energy,Solar,20__0,20,0.0,1. p999999_trade_value,90240.00000000001,90240.00000000001,0.0,1.0,0.0,0.55,2. BELOW BASELINE,0.0,1.0,0.0
ARRY,Oils-Energy,Solar,20__0,20,0.0,5. p99_trade_value,47879.99999999999,47879.99999999999,0.0,1.0,0.0,0.55,2. BELOW BASELINE,0.0,2.0,0.0
ARRY,Oils-Energy,Solar,20__0,20,0.0,6. p95_trade_value,23200.0,16650.0,4.0,5.0,0.8,0.55,2. BELOW BASELINE,4.0,7.0,0.5714285714285714
ARRY,Oils-Energy,Solar,20__0,20,0.0,7. p90_trade_value,15000.0,10710.0,4.0,6.0,0.6666666666666666,0.55,2. BELOW BASELINE,8.0,13.0,0.6153846153846154
ARRY,Oils-Energy,Solar,20__0,20,0.0,8. p75_trade_value,10575.0,7875.0,13.0,18.0,0.7222222222222222,0.55,2. BELOW BASELINE,21.0,31.0,0.6774193548387096
BE,Oils-Energy,Alternative Energy - Other,35__0,35,0.0,1. p999999_trade_value,573560.0,573560.0,1.0,1.0,1.0,0.55,1. ABOVE BASELINE,1.0,1.0,1.0
BE,Oils-Energy,Alternative Energy - Other,35__0,35,0.0,4. p999_trade_value,343639.99999999994,304285.0,0.0,2.0,0.0,0.55,2. BELOW BASELINE,1.0,3.0,0.3333333333333333
BE,Oils-Energy,Alternative Energy - Other,35__0,35,0.0,5. p99_trade_value,188344.99999999997,58753.0,7.0,22.0,0.3181818181818182,0.55,2. BELOW BASELINE,8.0,25.0,0.32
BE,Oils-Energy,Alternative Energy - Other,35__0,35,0.0,6. p95_trade_value,56745.00000000001,19800.0,50.0,97.0,0.5154639175257731,0.55,2. BELOW BASELINE,58.0,122.0,0.47540983606557374
BE,Oils-Energy,Alternative Energy - Other,35__0,35,0.0,7. p90_trade_value,19520.0,13400.0,68.0,122.0,0.5573770491803278,0.55,2. BELOW BASELINE,126.0,244.0,0.5163934426229508
BE,Oils-Energy,Alternative Energy - Other,35__0,35,0.0,8. p75_trade_value,13369.999999999998,8550.0,176.0,366.0,0.4808743169398907,0.55,2. BELOW BASELINE,302.0,610.0,0.49508196721311476
BEPC,Oils-Energy,Alternative Energy - Other,15__0,15,0.0,1. p999999_trade_value,14707.0,14707.0,0.0,1.0,0.0,0.55,2. BELOW BASELINE,0.0,1.0,0.0
BEPC,Oils-Energy,Alternative Energy - Other,15__0,15,0.0,6. p95_trade_value,9000.0,9000.0,0.0,1.0,0.0,0.55,2. BELOW BASELINE,0.0,2.0,0.0
BEPC,Oils-Energy,Alternative Energy - Other,15__0,15,0.0,7. p90_trade_value,8400.0,8400.0,0.0,1.0,0.0,0.55,2. BELOW BASELINE,0.0,3.0,0.0
BEPC,Oils-Energy,Alternative Energy - Other,15__0,15,0.0,8. p75_trade_value,7960.000000000001,5700.0,2.0,4.0,0.5,0.55,2. BELOW BASELINE,2.0,7.0,0.2857142857142857
BKR,Oils-Energy,Oil and Gas - Field Services,25__0,25,0.0,1. p999999_trade_value,148240.0,148240.0,1.0,1.0,1.0,0.55,1. ABOVE BASELINE,1.0,1.0,1.0
BKR,Oils-Energy,Oil and Gas - Field Services,25__0,25,0.0,5. p99_trade_value,119000.0,84000.0,2.0,2.0,1.0,0.55,1. ABOVE BASELINE,3.0,3.0,1.0
BKR,Oils-Energy,Oil and Gas - Field Services,25__0,25,0.0,6. p95_trade_value,61600.0,28275.0,3.0,11.0,0.2727272727272727,0.55,2. BELOW BASELINE,6.0,14.0,0.42857142857142855
BKR,Oils-Energy,Oil and Gas - Field Services,25__0,25,0.0,7. p90_trade_value,27200.0,14700.0,4.0,12.0,0.3333333333333333,0.55,2. BELOW BASELINE,10.0,26.0,0.38461538461538464
BKR,Oils-Energy,Oil and Gas - Field Services,25__0,25,0.0,8. p75_trade_value,14144.999999999998,8500.0,17.0,40.0,0.425,0.55,2. BELOW BASELINE,27.0,66.0,0.4090909090909091
BP,Oils-Energy,Oil and Gas - Integrated - International,30__0,30,0.0,1. p999999_trade_value,836000.0,836000.0,0.0,1.0,0.0,0.55,2. BELOW BASELINE,0.0,1.0,0.0
BP,Oils-Energy,Oil and Gas - Integrated - International,30__0,30,0.0,4. p999_trade_value,800000.0,800000.0,1.0,1.0,1.0,0.55,2. BELOW BASELINE,1.0,2.0,0.5
BP,Oils-Energy,Oil and Gas - Integrated - International,30__0,30,0.0,5. p99_trade_value,629685.0,169965.0,10.0,14.0,0.7142857142857143,0.55,2. BELOW BASELINE,11.0,16.0,0.6875
BP,Oils-Energy,Oil and Gas - Integrated - International,30__0,30,0.0,6. p95_trade_value,169775.0,31920.0,35.0,64.0,0.546875,0.55,2. BELOW BASELINE,46.0,80.0,0.575
BP,Oils-Energy,Oil and Gas - Integrated - International,30__0,30,0.0,7. p90_trade_value,31895.999999999996,19162.0,47.0,79.0,0.5949367088607594,0.55,2. BELOW BASELINE,93.0,159.0,0.5849056603773585
BP,Oils-Energy,Oil and Gas - Integrated - International,30__0,30,0.0,8. p75_trade_value,19116.000000000004,8626.0,149.0,238.0,0.6260504201680672,0.55,2. BELOW BASELINE,242.0,397.0,0.6095717884130982
BRY,Oils-Energy,Oil and Gas - Integrated - United States,0__2,0,2.0,1. p999999_trade_value,4900.0,4900.0,1.0,1.0,1.0,0.55,1. ABOVE BASELINE,1.0,1.0,1.0
BTU,Oils-Energy,Coal,30__2,30,2.0,1. p999999_trade_value,495000.0,495000.0,1.0,1.0,1.0,0.55,1. ABOVE BASELINE,1.0,1.0,1.0
BTU,Oils-Energy,Coal,30__2,30,2.0,5. p99_trade_value,159500.0,80000.0,2.0,5.0,0.4,0.55,2. BELOW BASELINE,3.0,6.0,0.5
BTU,Oils-Energy,Coal,30__2,30,2.0,6. p95_trade_value,60640.0,29400.0,12.0,23.0,0.5217391304347826,0.55,2. BELOW BASELINE,15.0,29.0,0.5172413793103449
BTU,Oils-Energy,Coal,30__2,30,2.0,7. p90_trade_value,29172.000000000004,17673.0,22.0,31.0,0.7096774193548387,0.55,2. BELOW BASELINE,37.0,60.0,0.6166666666666667
BTU,Oils-Energy,Coal,30__2,30,2.0,8. p75_trade_value,17630.0,8216.0,47.0,84.0,0.5595238095238095,0.55,2. BELOW BASELINE,84.0,144.0,0.5833333333333334
CAPL,Oils-Energy,Oil and Gas - Refining and Marketing - Master Limited Partnerships,0__1,0,1.0,1. p999999_trade_value,30439.0,30439.0,1.0,1.0,1.0,0.55,1. ABOVE BASELINE,1.0,1.0,1.0
CEG,Oils-Energy,Alternative Energy - Other,45__0,45,0.0,1. p999999_trade_value,2878848.0,2878848.0,1.0,1.0,1.0,0.55,1. ABOVE BASELINE,1.0,1.0,1.0
CEG,Oils-Energy,Alternative Energy - Other,45__0,45,0.0,3. p9999_trade_value,1603200.0,1603200.0,1.0,1.0,1.0,0.55,1. ABOVE BASELINE,2.0,2.0,1.0
CEG,Oils-Energy,Alternative Energy - Other,45__0,45,0.0,4. p999_trade_value,1287000.0,558000.0,12.0,18.0,0.6666666666666666,0.55,1. ABOVE BASELINE,14.0,20.0,0.7
CEG,Oils-Energy,Alternative Energy - Other,45__0,45,0.0,5. p99_trade_value,511446.0,86632.0,108.0,177.0,0.6101694915254238,0.55,1. ABOVE BASELINE,122.0,197.0,0.6192893401015228
CEG,Oils-Energy,Alternative Energy - Other,45__0,45,0.0,6. p95_trade_value,86140.0,29070.0,505.0,786.0,0.6424936386768448,0.55,1. ABOVE BASELINE,627.0,983.0,0.6378433367243134
CEG,Oils-Energy,Alternative Energy - Other,45__0,45,0.0,7. p90_trade_value,29050.0,18750.0,657.0,984.0,0.6676829268292683,0.55,1. ABOVE BASELINE,1284.0,1967.0,0.6527707168276563
CEG,Oils-Energy,Alternative Energy - Other,45__0,45,0.0,8. p75_trade_value,18725.0,9450.0,1760.0,2955.0,0.5956006768189509,0.55,1. ABOVE BASELINE,3044.0,4922.0,0.6184477854530679
CEPU,Oils-Energy,Alternative Energy - Other,5__0,5,0.0,1. p999999_trade_value,6000.0,6000.0,1.0,1.0,1.0,0.55,1. ABOVE BASELINE,1.0,1.0,1.0
CHRD,Oils-Energy,Oil and Gas - Exploration and Production - United States,20__0,20,0.0,1. p999999_trade_value,84000.0,84000.0,0.0,1.0,0.0,0.55,2. BELOW BASELINE,0.0,1.0,0.0
CHRD,Oils-Energy,Oil and Gas - Exploration and Production - United States,20__0,20,0.0,6. p95_trade_value,54000.0,19500.0,0.0,3.0,0.0,0.55,2. BELOW BASELINE,0.0,4.0,0.0
CHRD,Oils-Energy,Oil and Gas - Exploration and Production - United States,20__0,20,0.0,7. p90_trade_value,12000.0,7175.0,2.0,3.0,0.6666666666666666,0.55,2. BELOW BASELINE,2.0,7.0,0.2857142857142857
CHRD,Oils-Energy,Oil and Gas - Exploration and Production - United States,20__0,20,0.0,8. p75_trade_value,7000.0,5250.0,8.0,11.0,0.7272727272727273,0.55,2. BELOW BASELINE,10.0,18.0,0.5555555555555556
CIVI,Oils-Energy,Oil and Gas - Exploration and Production - United States,20__1,20,1.0,1. p999999_trade_value,265202.0,265202.0,0.0,1.0,0.0,0.55,2. BELOW BASELINE,0.0,1.0,0.0
CIVI,Oils-Energy,Oil and Gas - Exploration and Production - United States,20__1,20,1.0,5. p99_trade_value,249600.0,249600.0,0.0,1.0,0.0,0.55,2. BELOW BASELINE,0.0,2.0,0.0
CIVI,Oils-Energy,Oil and Gas - Exploration and Production - United States,20__1,20,1.0,6. p95_trade_value,60000.0,48000.0,3.0,4.0,0.75,0.55,2. BELOW BASELINE,3.0,6.0,0.5
CIVI,Oils-Energy,Oil and Gas - Exploration and Production - United States,20__1,20,1.0,7. p90_trade_value,45999.99999999999,42480.0,11.0,11.0,1.0,0.55,2. BELOW BASELINE,14.0,17.0,0.8235294117647058
CIVI,Oils-Energy,Oil and Gas - Exploration and Production - United States,20__1,20,1.0,8. p75_trade_value,41520.0,15562.0,23.0,25.0,0.92,0.55,2. BELOW BASELINE,37.0,42.0,0.8809523809523809
CLB,Oils-Energy,Oil and Gas - Field Services,5__3,5,3.0,1. p999999_trade_value,34800.0,34800.0,0.0,1.0,0.0,0.55,2. BELOW BASELINE,0.0,1.0,0.0
CLMT,Oils-Energy,Oil and Gas - Integrated - United States,30__0,30,0.0,1. p999999_trade_value,440000.0,440000.0,2.0,2.0,1.0,0.55,1. ABOVE BASELINE,2.0,2.0,1.0
CLMT,Oils-Energy,Oil and Gas - Integrated - United States,30__0,30,0.0,5. p99_trade_value,390000.0,168750.0,5.0,6.0,0.8333333333333334,0.55,1. ABOVE BASELINE,7.0,8.0,0.875
CLMT,Oils-Energy,Oil and Gas - Integrated - United States,30__0,30,0.0,6. p95_trade_value,154882.00000000003,40392.0,15.0,28.0,0.5357142857142857,0.55,2. BELOW BASELINE,22.0,36.0,0.6111111111111112
CLMT,Oils-Energy,Oil and Gas - Integrated - United States,30__0,30,0.0,7. p90_trade_value,40000.0,18205.0,24.0,36.0,0.6666666666666666,0.55,2. BELOW BASELINE,46.0,72.0,0.6388888888888888
CLMT,Oils-Energy,Oil and Gas - Integrated - United States,30__0,30,0.0,8. p75_trade_value,18000.0,9021.0,71.0,107.0,0.6635514018691588,0.55,2. BELOW BASELINE,117.0,179.0,0.6536312849162011
CNQ,Oils-Energy,Oil and Gas - Exploration and Production - Canadian,20__0,20,0.0,1. p999999_trade_value,55319.99999999999,55319.99999999999,1.0,1.0,1.0,0.55,1. ABOVE BASELINE,1.0,1.0,1.0
CNQ,Oils-Energy,Oil and Gas - Exploration and Production - Canadian,20__0,20,0.0,5. p99_trade_value,35979.99999999999,35979.99999999999,0.0,1.0,0.0,0.55,2. BELOW BASELINE,1.0,2.0,0.5
CNQ,Oils-Energy,Oil and Gas - Exploration and Production - Canadian,20__0,20,0.0,6. p95_trade_value,31920.000000000004,18865.0,6.0,6.0,1.0,0.55,2. BELOW BASELINE,7.0,8.0,0.875
CNQ,Oils-Energy,Oil and Gas - Exploration and Production - Canadian,20__0,20,0.0,7. p90_trade_value,16915.0,13200.0,6.0,8.0,0.75,0.55,2. BELOW BASELINE,13.0,16.0,0.8125
CNQ,Oils-Energy,Oil and Gas - Exploration and Production - Canadian,20__0,20,0.0,8. p75_trade_value,13176.000000000002,7470.0,13.0,22.0,0.5909090909090909,0.55,2. BELOW BASELINE,26.0,38.0,0.6842105263157895
CNR,Oils-Energy,Coal,20__0,20,0.0,1. p999999_trade_value,105000.0,105000.0,0.0,1.0,0.0,0.55,2. BELOW BASELINE,0.0,1.0,0.0
CNR,Oils-Energy,Coal,20__0,20,0.0,6. p95_trade_value,103500.0,68000.0,2.0,3.0,0.6666666666666666,0.55,2. BELOW BASELINE,2.0,4.0,0.5
CNR,Oils-Energy,Coal,20__0,20,0.0,7. p90_trade_value,49980.0,26250.0,2.0,3.0,0.6666666666666666,0.55,2. BELOW BASELINE,4.0,7.0,0.5714285714285714
CNR,Oils-Energy,Coal,20__0,20,0.0,8. p75_trade_value,19625.0,6500.0,8.0,10.0,0.8,0.55,2. BELOW BASELINE,12.0,17.0,0.7058823529411765
CNX,Oils-Energy,Oil and Gas - Exploration and Production - United States,20__1,20,1.0,1. p999999_trade_value,360000.0,360000.0,1.0,1.0,1.0,0.55,1. ABOVE BASELINE,1.0,1.0,1.0
CNX,Oils-Energy,Oil and Gas - Exploration and Production - United States,20__1,20,1.0,5. p99_trade_value,250000.0,250000.0,1.0,1.0,1.0,0.55,1. ABOVE BASELINE,2.0,2.0,1.0
CNX,Oils-Energy,Oil and Gas - Exploration and Production - United States,20__1,20,1.0,6. p95_trade_value,247500.0,95000.0,2.0,5.0,0.4,0.55,2. BELOW BASELINE,4.0,7.0,0.5714285714285714
CNX,Oils-Energy,Oil and Gas - Exploration and Production - United States,20__1,20,1.0,7. p90_trade_value,90000.0,29375.0,3.0,6.0,0.5,0.55,2. BELOW BASELINE,7.0,13.0,0.5384615384615384
CNX,Oils-Energy,Oil and Gas - Exploration and Production - United States,20__1,20,1.0,8. p75_trade_value,23210.000000000004,8625.0,20.0,22.0,0.9090909090909091,0.55,2. BELOW BASELINE,27.0,35.0,0.7714285714285715
COP,Oils-Energy,Oil and Gas - Integrated - United States,35__0,35,0.0,1. p999999_trade_value,570492.0,570492.0,0.0,1.0,0.0,0.55,2. BELOW BASELINE,0.0,1.0,0.0
COP,Oils-Energy,Oil and Gas - Integrated - United States,35__0,35,0.0,4. p999_trade_value,450800.0,429784.99999999994,2.0,2.0,1.0,0.55,2. BELOW BASELINE,2.0,3.0,0.6666666666666666
COP,Oils-Energy,Oil and Gas - Integrated - United States,35__0,35,0.0,5. p99_trade_value,265468.0,99439.99999999999,12.0,23.0,0.5217391304347826,0.55,2. BELOW BASELINE,14.0,26.0,0.5384615384615384
COP,Oils-Energy,Oil and Gas - Integrated - United States,35__0,35,0.0,6. p95_trade_value,95914.0,25000.0,64.0,102.0,0.6274509803921569,0.55,2. BELOW BASELINE,78.0,128.0,0.609375
COP,Oils-Energy,Oil and Gas - Integrated - United States,35__0,35,0.0,7. p90_trade_value,24948.0,16140.0,70.0,127.0,0.5511811023622047,0.55,2. BELOW BASELINE,148.0,255.0,0.5803921568627451
COP,Oils-Energy,Oil and Gas - Integrated - United States,35__0,35,0.0,8. p75_trade_value,16136.999999999998,8159.999999999999,227.0,381.0,0.5958005249343832,0.55,2. BELOW BASELINE,375.0,636.0,0.589622641509434
CQP,Oils-Energy,Alternative Energy - Other,5__0,5,0.0,1. p999999_trade_value,7000.0,7000.0,1.0,1.0,1.0,0.55,1. ABOVE BASELINE,1.0,1.0,1.0
CQP,Oils-Energy,Alternative Energy - Other,5__0,5,0.0,8. p75_trade_value,5000.0,5000.0,0.0,1.0,0.0,0.55,2. BELOW BASELINE,1.0,2.0,0.5
CRC,Oils-Energy,Oil and Gas - Exploration and Production - United States,20__0,20,0.0,1. p999999_trade_value,24000.0,24000.0,0.0,1.0,0.0,0.55,2. BELOW BASELINE,0.0,1.0,0.0
CRC,Oils-Energy,Oil and Gas - Exploration and Production - United States,20__0,20,0.0,6. p95_trade_value,13260.0,13260.0,1.0,1.0,1.0,0.55,2. BELOW BASELINE,1.0,2.0,0.5
CRC,Oils-Energy,Oil and Gas - Exploration and Production - United States,20__0,20,0.0,7. p90_trade_value,12919.999999999998,11730.0,9.0,9.0,1.0,0.55,2. BELOW BASELINE,10.0,11.0,0.9090909090909091
CRC,Oils-Energy,Oil and Gas - Exploration and Production - United States,20__0,20,0.0,8. p75_trade_value,10980.999999999998,9430.0,2.0,4.0,0.5,0.55,2. BELOW BASELINE,12.0,15.0,0.8
CRGY,Oils-Energy,Alternative Energy - Other,5__3,5,3.0,1. p999999_trade_value,22330.0,22330.0,0.0,1.0,0.0,0.55,2. BELOW BASELINE,0.0,1.0,0.0
CRK,Oils-Energy,Oil and Gas - Exploration and Production - United States,20__1,20,1.0,1. p999999_trade_value,316000.0,316000.0,0.0,1.0,0.0,0.55,2. BELOW BASELINE,0.0,1.0,0.0
CRK,Oils-Energy,Oil and Gas - Exploration and Production - United States,20__1,20,1.0,5. p99_trade_value,111670.0,111670.0,1.0,1.0,1.0,0.55,2. BELOW BASELINE,1.0,2.0,0.5
CRK,Oils-Energy,Oil and Gas - Exploration and Production - United States,20__1,20,1.0,6. p95_trade_value,53568.00000000001,25935.000000000004,3.0,5.0,0.6,0.55,2. BELOW BASELINE,4.0,7.0,0.5714285714285714
CRK,Oils-Energy,Oil and Gas - Exploration and Production - United States,20__1,20,1.0,7. p90_trade_value,24000.0,18180.0,4.0,7.0,0.5714285714285714,0.55,2. BELOW BASELINE,8.0,14.0,0.5714285714285714
CRK,Oils-Energy,Oil and Gas - Exploration and Production - United States,20__1,20,1.0,8. p75_trade_value,16920.0,7775.999999999999,11.0,19.0,0.5789473684210527,0.55,2. BELOW BASELINE,19.0,33.0,0.5757575757575758
CSIQ,Oils-Energy,Solar,25__0,25,0.0,1. p999999_trade_value,38960.0,38960.0,1.0,1.0,1.0,0.55,1. ABOVE BASELINE,1.0,1.0,1.0
CSIQ,Oils-Energy,Solar,25__0,25,0.0,5. p99_trade_value,24000.0,22999.999999999996,1.0,2.0,0.5,0.55,2. BELOW BASELINE,2.0,3.0,0.6666666666666666
CSIQ,Oils-Energy,Solar,25__0,25,0.0,6. p95_trade_value,22500.0,13685.0,6.0,11.0,0.5454545454545454,0.55,2. BELOW BASELINE,8.0,14.0,0.5714285714285714
CSIQ,Oils-Energy,Solar,25__0,25,0.0,7. p90_trade_value,13000.0,10200.0,7.0,12.0,0.5833333333333334,0.55,2. BELOW BASELINE,15.0,26.0,0.5769230769230769
CSIQ,Oils-Energy,Solar,25__0,25,0.0,8. p75_trade_value,10000.0,6698.0,20.0,37.0,0.5405405405405406,0.55,2. BELOW BASELINE,35.0,63.0,0.5555555555555556
CTRA,Oils-Energy,Oil and Gas - Exploration and Production - United States,20__0,20,0.0,1. p999999_trade_value,111959.99999999999,111959.99999999999,1.0,1.0,1.0,0.55,1. ABOVE BASELINE,1.0,1.0,1.0
CTRA,Oils-Energy,Oil and Gas - Exploration and Production - United States,20__0,20,0.0,5. p99_trade_value,33000.0,33000.0,1.0,1.0,1.0,0.55,1. ABOVE BASELINE,2.0,2.0,1.0
CTRA,Oils-Energy,Oil and Gas - Exploration and Production - United States,20__0,20,0.0,6. p95_trade_value,30625.0,25449.0,2.0,4.0,0.5,0.55,2. BELOW BASELINE,4.0,6.0,0.6666666666666666
CTRA,Oils-Energy,Oil and Gas - Exploration and Production - United States,20__0,20,0.0,7. p90_trade_value,21420.0,15350.0,4.0,5.0,0.8,0.55,2. BELOW BASELINE,8.0,11.0,0.7272727272727273
CTRA,Oils-Energy,Oil and Gas - Exploration and Production - United States,20__0,20,0.0,8. p75_trade_value,15181.0,8970.0,9.0,15.0,0.6,0.55,2. BELOW BASELINE,17.0,26.0,0.6538461538461539
CVE,Oils-Energy,Oil and Gas - Integrated - Canadian,20__0,20,0.0,1. p999999_trade_value,95800.0,95800.0,1.0,1.0,1.0,0.55,1. ABOVE BASELINE,1.0,1.0,1.0
CVE,Oils-Energy,Oil and Gas - Integrated - Canadian,20__0,20,0.0,5. p99_trade_value,94400.0,94400.0,0.0,1.0,0.0,0.55,2. BELOW BASELINE,1.0,2.0,0.5
CVE,Oils-Energy,Oil and Gas - Integrated - Canadian,20__0,20,0.0,6. p95_trade_value,26840.000000000004,21000.0,4.0,4.0,1.0,0.55,2. BELOW BASELINE,5.0,6.0,0.8333333333333334
CVE,Oils-Energy,Oil and Gas - Integrated - Canadian,20__0,20,0.0,7. p90_trade_value,20860.000000000004,12900.0,3.0,6.0,0.5,0.55,2. BELOW BASELINE,8.0,12.0,0.6666666666666666
CVE,Oils-Energy,Oil and Gas - Integrated - Canadian,20__0,20,0.0,8. p75_trade_value,12760.0,7904.000000000001,12.0,16.0,0.75,0.55,2. BELOW BASELINE,20.0,28.0,0.7142857142857143
CVI,Oils-Energy,Oil and Gas - Refining and Marketing,20__1,20,1.0,1. p999999_trade_value,240029.99999999997,240029.99999999997,1.0,1.0,1.0,0.55,1. ABOVE BASELINE,1.0,1.0,1.0
CVI,Oils-Energy,Oil and Gas - Refining and Marketing,20__1,20,1.0,6. p95_trade_value,166650.0,140000.0,3.0,3.0,1.0,0.55,1. ABOVE BASELINE,4.0,4.0,1.0
CVI,Oils-Energy,Oil and Gas - Refining and Marketing,20__1,20,1.0,7. p90_trade_value,106000.0,35760.0,1.0,3.0,0.3333333333333333,0.55,2. BELOW BASELINE,5.0,7.0,0.7142857142857143
CVI,Oils-Energy,Oil and Gas - Refining and Marketing,20__1,20,1.0,8. p75_trade_value,32400.0,9112.0,3.0,9.0,0.3333333333333333,0.55,2. BELOW BASELINE,8.0,16.0,0.5
CVX,Oils-Energy,Oil and Gas - Integrated - International,40__0,40,0.0,1. p999999_trade_value,650000.0,650000.0,1.0,1.0,1.0,0.55,1. ABOVE BASELINE,1.0,1.0,1.0
CVX,Oils-Energy,Oil and Gas - Integrated - International,40__0,40,0.0,4. p999_trade_value,416800.0,224000.0,5.0,8.0,0.625,0.55,1. ABOVE BASELINE,6.0,9.0,0.6666666666666666
CVX,Oils-Energy,Oil and Gas - Integrated - International,40__0,40,0.0,5. p99_trade_value,180048.0,54890.00000000001,39.0,72.0,0.5416666666666666,0.55,2. BELOW BASELINE,45.0,81.0,0.5555555555555556
CVX,Oils-Energy,Oil and Gas - Integrated - International,40__0,40,0.0,6. p95_trade_value,54800.0,22089.0,165.0,324.0,0.5092592592592593,0.55,2. BELOW BASELINE,210.0,405.0,0.5185185185185185
CVX,Oils-Energy,Oil and Gas - Integrated - International,40__0,40,0.0,7. p90_trade_value,22050.0,14235.0,235.0,405.0,0.5802469135802469,0.55,2. BELOW BASELINE,445.0,810.0,0.5493827160493827
CVX,Oils-Energy,Oil and Gas - Integrated - International,40__0,40,0.0,8. p75_trade_value,14224.0,7808.0,622.0,1217.0,0.5110928512736237,0.55,2. BELOW BASELINE,1067.0,2027.0,0.5263936852491367
CWEN,Oils-Energy,Alternative Energy - Other,15__0,15,0.0,1. p999999_trade_value,32978.0,32978.0,0.0,1.0,0.0,0.55,2. BELOW BASELINE,0.0,1.0,0.0
CWEN,Oils-Energy,Alternative Energy - Other,15__0,15,0.0,6. p95_trade_value,21195.0,21195.0,1.0,1.0,1.0,0.55,2. BELOW BASELINE,1.0,2.0,0.5
CWEN,Oils-Energy,Alternative Energy - Other,15__0,15,0.0,7. p90_trade_value,14460.0,12660.0,2.0,2.0,1.0,0.55,2. BELOW BASELINE,3.0,4.0,0.75
CWEN,Oils-Energy,Alternative Energy - Other,15__0,15,0.0,8. p75_trade_value,11760.0,9270.0,5.0,5.0,1.0,0.55,2. BELOW BASELINE,8.0,9.0,0.8888888888888888
DINO,Oils-Energy,Oil and Gas - Refining and Marketing,20__0,20,0.0,1. p999999_trade_value,68100.0,68100.0,0.0,1.0,0.0,0.55,2. BELOW BASELINE,0.0,1.0,0.0
DINO,Oils-Energy,Oil and Gas - Refining and Marketing,20__0,20,0.0,5. p99_trade_value,63744.00000000001,63744.00000000001,0.0,1.0,0.0,0.55,2. BELOW BASELINE,0.0,2.0,0.0
DINO,Oils-Energy,Oil and Gas - Refining and Marketing,20__0,20,0.0,6. p95_trade_value,59960.0,25000.0,2.0,7.0,0.2857142857142857,0.55,2. BELOW BASELINE,2.0,9.0,0.2222222222222222
DINO,Oils-Energy,Oil and Gas - Refining and Marketing,20__0,20,0.0,7. p90_trade_value,24700.0,15750.0,0.0,10.0,0.0,0.55,2. BELOW BASELINE,2.0,19.0,0.10526315789473684
DINO,Oils-Energy,Oil and Gas - Refining and Marketing,20__0,20,0.0,8. p75_trade_value,15300.0,8700.0,4.0,24.0,0.16666666666666666,0.55,2. BELOW BASELINE,6.0,43.0,0.13953488372093023
DK,Oils-Energy,Oil and Gas - Refining and Marketing,15__0,15,0.0,1. p999999_trade_value,72000.0,72000.0,0.0,1.0,0.0,0.55,2. BELOW BASELINE,0.0,1.0,0.0
DK,Oils-Energy,Oil and Gas - Refining and Marketing,15__0,15,0.0,6. p95_trade_value,71000.0,70000.0,1.0,2.0,0.5,0.55,2. BELOW BASELINE,1.0,3.0,0.3333333333333333
DK,Oils-Energy,Oil and Gas - Refining and Marketing,15__0,15,0.0,7. p90_trade_value,59819.99999999999,17000.0,3.0,3.0,1.0,0.55,2. BELOW BASELINE,4.0,6.0,0.6666666666666666
DK,Oils-Energy,Oil and Gas - Refining and Marketing,15__0,15,0.0,8. p75_trade_value,16150.0,14000.0,1.0,8.0,0.125,0.55,2. BELOW BASELINE,5.0,14.0,0.35714285714285715
DKL,Oils-Energy,Oil and Gas - Production Pipeline - MLB,10__0,10,0.0,1. p999999_trade_value,33000.0,33000.0,1.0,1.0,1.0,0.55,1. ABOVE BASELINE,1.0,1.0,1.0
DKL,Oils-Energy,Oil and Gas - Production Pipeline - MLB,10__0,10,0.0,8. p75_trade_value,31680.0,31680.0,1.0,1.0,1.0,0.55,1. ABOVE BASELINE,2.0,2.0,1.0
DTM,Oils-Energy,Oil and Gas - Integrated - United States,5__3,5,3.0,1. p999999_trade_value,15730.000000000002,15730.000000000002,1.0,1.0,1.0,0.55,1. ABOVE BASELINE,1.0,1.0,1.0
DVN,Oils-Energy,Oil and Gas - Exploration and Production - United States,35__0,35,0.0,1. p999999_trade_value,142499.99999999997,142499.99999999997,0.0,1.0,0.0,0.55,2. BELOW BASELINE,0.0,1.0,0.0
DVN,Oils-Energy,Oil and Gas - Exploration and Production - United States,35__0,35,0.0,4. p999_trade_value,100000.0,100000.0,1.0,2.0,0.5,0.55,2. BELOW BASELINE,1.0,3.0,0.3333333333333333
DVN,Oils-Energy,Oil and Gas - Exploration and Production - United States,35__0,35,0.0,5. p99_trade_value,78000.0,36852.0,8.0,16.0,0.5,0.55,2. BELOW BASELINE,9.0,19.0,0.47368421052631576
DVN,Oils-Energy,Oil and Gas - Exploration and Production - United States,35__0,35,0.0,6. p95_trade_value,36520.00000000001,18460.0,42.0,76.0,0.5526315789473685,0.55,2. BELOW BASELINE,51.0,95.0,0.5368421052631579
DVN,Oils-Energy,Oil and Gas - Exploration and Production - United States,35__0,35,0.0,7. p90_trade_value,18200.0,13206.0,51.0,96.0,0.53125,0.55,2. BELOW BASELINE,102.0,191.0,0.5340314136125655
DVN,Oils-Energy,Oil and Gas - Exploration and Production - United States,35__0,35,0.0,8. p75_trade_value,13200.0,7744.0,180.0,283.0,0.6360424028268551,0.55,2. BELOW BASELINE,282.0,474.0,0.5949367088607594
EC,Oils-Energy,Oil and Gas - Integrated - International,10__0,10,0.0,1. p999999_trade_value,7235.000000000001,7235.000000000001,1.0,1.0,1.0,0.55,1. ABOVE BASELINE,1.0,1.0,1.0
EC,Oils-Energy,Oil and Gas - Integrated - International,10__0,10,0.0,8. p75_trade_value,5135.0,5135.0,1.0,1.0,1.0,0.55,1. ABOVE BASELINE,2.0,2.0,1.0
ENB,Oils-Energy,Oil and Gas - Production and Pipelines,15__0,15,0.0,1. p999999_trade_value,258615.0,258615.0,1.0,1.0,1.0,0.55,1. ABOVE BASELINE,1.0,1.0,1.0
ENB,Oils-Energy,Oil and Gas - Production and Pipelines,15__0,15,0.0,6. p95_trade_value,73850.0,25389.0,2.0,2.0,1.0,0.55,1. ABOVE BASELINE,3.0,3.0,1.0
ENB,Oils-Energy,Oil and Gas - Production and Pipelines,15__0,15,0.0,7. p90_trade_value,19500.0,15925.0,2.0,3.0,0.6666666666666666,0.55,1. ABOVE BASELINE,5.0,6.0,0.8333333333333334
ENB,Oils-Energy,Oil and Gas - Production and Pipelines,15__0,15,0.0,8. p75_trade_value,12800.0,9000.0,7.0,8.0,0.875,0.55,1. ABOVE BASELINE,12.0,14.0,0.8571428571428571
ENPH,Oils-Energy,Solar,40__0,40,0.0,1. p999999_trade_value,774845.0,774845.0,1.0,1.0,1.0,0.55,1. ABOVE BASELINE,1.0,1.0,1.0
ENPH,Oils-Energy,Solar,40__0,40,0.0,3. p9999_trade_value,442000.0,442000.0,1.0,1.0,1.0,0.55,1. ABOVE BASELINE,2.0,2.0,1.0
ENPH,Oils-Energy,Solar,40__0,40,0.0,4. p999_trade_value,377880.0,232800.0,5.0,10.0,0.5,0.55,2. BELOW BASELINE,7.0,12.0,0.5833333333333334
ENPH,Oils-Energy,Solar,40__0,40,0.0,5. p99_trade_value,216000.0,52200.0,58.0,103.0,0.5631067961165048,0.55,2. BELOW BASELINE,65.0,115.0,0.5652173913043478
ENPH,Oils-Energy,Solar,40__0,40,0.0,6. p95_trade_value,51750.0,21222.000000000004,276.0,456.0,0.6052631578947368,0.55,2. BELOW BASELINE,341.0,571.0,0.5971978984238179
ENPH,Oils-Energy,Solar,40__0,40,0.0,7. p90_trade_value,21189.999999999996,14000.0,263.0,574.0,0.45818815331010454,0.55,2. BELOW BASELINE,604.0,1145.0,0.5275109170305677
ENPH,Oils-Energy,Solar,40__0,40,0.0,8. p75_trade_value,13975.0,7760.000000000001,807.0,1708.0,0.4724824355971897,0.55,2. BELOW BASELINE,1411.0,2853.0,0.4945671223273747
ENVX,Oils-Energy,Alternative Energy - Other,30__2,30,2.0,1. p999999_trade_value,220000.0,220000.0,1.0,1.0,1.0,0.55,1. ABOVE BASELINE,1.0,1.0,1.0
ENVX,Oils-Energy,Alternative Energy - Other,30__2,30,2.0,4. p999_trade_value,137700.0,137700.0,0.0,1.0,0.0,0.55,2. BELOW BASELINE,1.0,2.0,0.5
ENVX,Oils-Energy,Alternative Energy - Other,30__2,30,2.0,5. p99_trade_value,136472.0,39000.0,5.0,13.0,0.38461538461538464,0.55,2. BELOW BASELINE,6.0,15.0,0.4
ENVX,Oils-Energy,Alternative Energy - Other,30__2,30,2.0,6. p95_trade_value,37924.0,18900.0,30.0,60.0,0.5,0.55,2. BELOW BASELINE,36.0,75.0,0.48
ENVX,Oils-Energy,Alternative Energy - Other,30__2,30,2.0,7. p90_trade_value,18695.999999999996,12834.0,36.0,74.0,0.4864864864864865,0.55,2. BELOW BASELINE,72.0,149.0,0.48322147651006714
ENVX,Oils-Energy,Alternative Energy - Other,30__2,30,2.0,8. p75_trade_value,12805.000000000002,7500.0,128.0,223.0,0.5739910313901345,0.55,2. BELOW BASELINE,200.0,372.0,0.5376344086021505
EOG,Oils-Energy,Oil and Gas - Exploration and Production - United States,30__2,30,2.0,1. p999999_trade_value,172250.0,172250.0,0.0,1.0,0.0,0.55,2. BELOW BASELINE,0.0,1.0,0.0
EOG,Oils-Energy,Oil and Gas - Exploration and Production - United States,30__2,30,2.0,5. p99_trade_value,110500.0,77520.0,4.0,8.0,0.5,0.55,2. BELOW BASELINE,4.0,9.0,0.4444444444444444
EOG,Oils-Energy,Oil and Gas - Exploration and Production - United States,30__2,30,2.0,6. p95_trade_value,68250.0,22969.0,20.0,33.0,0.6060606060606061,0.55,2. BELOW BASELINE,24.0,42.0,0.5714285714285714
EOG,Oils-Energy,Oil and Gas - Exploration and Production - United States,30__2,30,2.0,7. p90_trade_value,22650.0,14500.0,20.0,41.0,0.4878048780487805,0.55,2. BELOW BASELINE,44.0,83.0,0.5301204819277109
EOG,Oils-Energy,Oil and Gas - Exploration and Production - United States,30__2,30,2.0,8. p75_trade_value,14490.0,8250.0,72.0,125.0,0.576,0.55,2. BELOW BASELINE,116.0,208.0,0.5576923076923077
EPD,Oils-Energy,Oil and Gas - Production Pipeline - MLB,25__0,25,0.0,1. p999999_trade_value,52200.0,52200.0,1.0,1.0,1.0,0.55,1. ABOVE BASELINE,1.0,1.0,1.0
EPD,Oils-Energy,Oil and Gas - Production Pipeline - MLB,25__0,25,0.0,5. p99_trade_value,41250.00000000001,30969.0,1.0,3.0,0.3333333333333333,0.55,2. BELOW BASELINE,2.0,4.0,0.5
EPD,Oils-Energy,Oil and Gas - Production Pipeline - MLB,25__0,25,0.0,6. p95_trade_value,30000.0,17500.000000000004,8.0,13.0,0.6153846153846154,0.55,2. BELOW BASELINE,10.0,17.0,0.5882352941176471
EPD,Oils-Energy,Oil and Gas - Production Pipeline - MLB,25__0,25,0.0,7. p90_trade_value,16687.0,12221.0,8.0,17.0,0.47058823529411764,0.55,2. BELOW BASELINE,18.0,34.0,0.5294117647058824
EPD,Oils-Energy,Oil and Gas - Production Pipeline - MLB,25__0,25,0.0,8. p75_trade_value,12060.0,7500.0,23.0,50.0,0.46,0.55,2. BELOW BASELINE,41.0,84.0,0.4880952380952381
EQNR,Oils-Energy,Oil and Gas - Refining and Marketing,20__1,20,1.0,1. p999999_trade_value,219842.0,219842.0,1.0,1.0,1.0,0.55,1. ABOVE BASELINE,1.0,1.0,1.0
EQNR,Oils-Energy,Oil and Gas - Refining and Marketing,20__1,20,1.0,5. p99_trade_value,144840.0,144840.0,1.0,1.0,1.0,0.55,1. ABOVE BASELINE,2.0,2.0,1.0
EQNR,Oils-Energy,Oil and Gas - Refining and Marketing,20__1,20,1.0,6. p95_trade_value,144330.0,79920.0,1.0,5.0,0.2,0.55,2. BELOW BASELINE,3.0,7.0,0.42857142857142855
EQNR,Oils-Energy,Oil and Gas - Refining and Marketing,20__1,20,1.0,7. p90_trade_value,69600.0,58815.0,4.0,7.0,0.5714285714285714,0.55,2. BELOW BASELINE,7.0,14.0,0.5
EQNR,Oils-Energy,Oil and Gas - Refining and Marketing,20__1,20,1.0,8. p75_trade_value,58650.0,25752.0,10.0,20.0,0.5,0.55,2. BELOW BASELINE,17.0,34.0,0.5
EQT,Oils-Energy,Oil and Gas - Exploration and Production - United States,30__0,30,0.0,1. p999999_trade_value,427500.0,427500.0,1.0,1.0,1.0,0.55,1. ABOVE BASELINE,1.0,1.0,1.0
EQT,Oils-Energy,Oil and Gas - Exploration and Production - United States,30__0,30,0.0,4. p999_trade_value,416520.0,416520.0,1.0,1.0,1.0,0.55,1. ABOVE BASELINE,2.0,2.0,1.0
EQT,Oils-Energy,Oil and Gas - Exploration and Production - United States,30__0,30,0.0,5. p99_trade_value,361050.0,231588.0,7.0,13.0,0.5384615384615384,0.55,2. BELOW BASELINE,9.0,15.0,0.6
EQT,Oils-Energy,Oil and Gas - Exploration and Production - United States,30__0,30,0.0,6. p95_trade_value,225379.0,63600.0,34.0,60.0,0.5666666666666667,0.55,2. BELOW BASELINE,43.0,75.0,0.5733333333333334
EQT,Oils-Energy,Oil and Gas - Exploration and Production - United States,30__0,30,0.0,7. p90_trade_value,63000.0,21924.0,42.0,74.0,0.5675675675675675,0.55,2. BELOW BASELINE,85.0,149.0,0.5704697986577181
EQT,Oils-Energy,Oil and Gas - Exploration and Production - United States,30__0,30,0.0,8. p75_trade_value,21726.0,9828.0,148.0,223.0,0.6636771300448431,0.55,2. BELOW BASELINE,233.0,372.0,0.6263440860215054
ET,Oils-Energy,Oil and Gas - Production Pipeline - MLB,30__2,30,2.0,1. p999999_trade_value,439560.00000000006,439560.00000000006,1.0,1.0,1.0,0.55,1. ABOVE BASELINE,1.0,1.0,1.0
ET,Oils-Energy,Oil and Gas - Production Pipeline - MLB,30__2,30,2.0,4. p999_trade_value,315000.0,315000.0,1.0,1.0,1.0,0.55,1. ABOVE BASELINE,2.0,2.0,1.0
ET,Oils-Energy,Oil and Gas - Production Pipeline - MLB,30__2,30,2.0,5. p99_trade_value,280000.0,105000.0,8.0,9.0,0.8888888888888888,0.55,1. ABOVE BASELINE,10.0,11.0,0.9090909090909091
ET,Oils-Energy,Oil and Gas - Production Pipeline - MLB,30__2,30,2.0,6. p95_trade_value,99748.0,20979.0,21.0,41.0,0.5121951219512195,0.55,2. BELOW BASELINE,31.0,52.0,0.5961538461538461
ET,Oils-Energy,Oil and Gas - Production Pipeline - MLB,30__2,30,2.0,7. p90_trade_value,20000.0,14000.0,28.0,54.0,0.5185185185185185,0.55,2. BELOW BASELINE,59.0,106.0,0.5566037735849056
ET,Oils-Energy,Oil and Gas - Production Pipeline - MLB,30__2,30,2.0,8. p75_trade_value,13986.000000000002,8372.0,84.0,150.0,0.56,0.55,2. BELOW BASELINE,143.0,256.0,0.55859375
EXE,Oils-Energy,Alternative Energy - Other,30__0,30,0.0,1. p999999_trade_value,699000.0,699000.0,1.0,1.0,1.0,0.55,1. ABOVE BASELINE,1.0,1.0,1.0
EXE,Oils-Energy,Alternative Energy - Other,30__0,30,0.0,5. p99_trade_value,590000.0,372000.0,5.0,7.0,0.7142857142857143,0.55,1. ABOVE BASELINE,6.0,8.0,0.75
EXE,Oils-Energy,Alternative Energy - Other,30__0,30,0.0,6. p95_trade_value,300300.0,60000.0,22.0,31.0,0.7096774193548387,0.55,1. ABOVE BASELINE,28.0,39.0,0.717948717948718
EXE,Oils-Energy,Alternative Energy - Other,30__0,30,0.0,7. p90_trade_value,57600.0,16500.0,20.0,39.0,0.5128205128205128,0.55,2. BELOW BASELINE,48.0,78.0,0.6153846153846154
EXE,Oils-Energy,Alternative Energy - Other,30__0,30,0.0,8. p75_trade_value,16300.0,7869.0,68.0,116.0,0.5862068965517241,0.55,2. BELOW BASELINE,116.0,194.0,0.5979381443298969
FANG,Oils-Energy,Oil and Gas - Exploration and Production - United States,30__2,30,2.0,1. p999999_trade_value,124000.0,124000.0,0.0,1.0,0.0,0.55,2. BELOW BASELINE,0.0,1.0,0.0
FANG,Oils-Energy,Oil and Gas - Exploration and Production - United States,30__2,30,2.0,4. p999_trade_value,120000.0,120000.0,0.0,1.0,0.0,0.55,2. BELOW BASELINE,0.0,2.0,0.0
FANG,Oils-Energy,Oil and Gas - Exploration and Production - United States,30__2,30,2.0,5. p99_trade_value,97999.99999999999,69000.0,6.0,11.0,0.5454545454545454,0.55,2. BELOW BASELINE,6.0,13.0,0.46153846153846156
FANG,Oils-Energy,Oil and Gas - Exploration and Production - United States,30__2,30,2.0,6. p95_trade_value,68782.0,26500.0,24.0,48.0,0.5,0.55,2. BELOW BASELINE,30.0,61.0,0.4918032786885246
FANG,Oils-Energy,Oil and Gas - Exploration and Production - United States,30__2,30,2.0,7. p90_trade_value,25564.0,15900.0,42.0,61.0,0.6885245901639344,0.55,2. BELOW BASELINE,72.0,122.0,0.5901639344262295
FANG,Oils-Energy,Oil and Gas - Exploration and Production - United States,30__2,30,2.0,8. p75_trade_value,15754.999999999998,7989.999999999999,108.0,183.0,0.5901639344262295,0.55,2. BELOW BASELINE,180.0,305.0,0.5901639344262295
FCEL,Oils-Energy,Alternative Energy - Other,20__0,20,0.0,1. p999999_trade_value,45000.0,45000.0,1.0,1.0,1.0,0.55,1. ABOVE BASELINE,1.0,1.0,1.0
FCEL,Oils-Energy,Alternative Energy - Other,20__0,20,0.0,6. p95_trade_value,19840.0,12500.0,1.0,3.0,0.3333333333333333,0.55,2. BELOW BASELINE,2.0,4.0,0.5
FCEL,Oils-Energy,Alternative Energy - Other,20__0,20,0.0,7. p90_trade_value,12324.0,8982.0,2.0,4.0,0.5,0.55,2. BELOW BASELINE,4.0,8.0,0.5
FCEL,Oils-Energy,Alternative Energy - Other,20__0,20,0.0,8. p75_trade_value,8141.999999999999,6272.0,10.0,11.0,0.9090909090909091,0.55,2. BELOW BASELINE,14.0,19.0,0.7368421052631579
FLNC,Oils-Energy,Alternative Energy - Other,20__0,20,0.0,1. p999999_trade_value,62750.0,62750.0,0.0,1.0,0.0,0.55,2. BELOW BASELINE,0.0,1.0,0.0
FLNC,Oils-Energy,Alternative Energy - Other,20__0,20,0.0,5. p99_trade_value,58250.0,58250.0,0.0,1.0,0.0,0.55,2. BELOW BASELINE,0.0,2.0,0.0
FLNC,Oils-Energy,Alternative Energy - Other,20__0,20,0.0,6. p95_trade_value,51240.0,28000.0,1.0,6.0,0.16666666666666666,0.55,2. BELOW BASELINE,1.0,8.0,0.125
FLNC,Oils-Energy,Alternative Energy - Other,20__0,20,0.0,7. p90_trade_value,27944.000000000007,17964.0,4.0,7.0,0.5714285714285714,0.55,2. BELOW BASELINE,5.0,15.0,0.3333333333333333
FLNC,Oils-Energy,Alternative Energy - Other,20__0,20,0.0,8. p75_trade_value,17535.0,9000.0,7.0,22.0,0.3181818181818182,0.55,2. BELOW BASELINE,12.0,37.0,0.32432432432432434
FSLR,Oils-Energy,Solar,45__3,45,3.0,1. p999999_trade_value,4400000.0,4400000.0,2.0,2.0,1.0,0.55,2. BELOW BASELINE,2.0,2.0,1.0
FSLR,Oils-Energy,Solar,45__3,45,3.0,3. p9999_trade_value,3850000.0,3775000.0,1.0,2.0,0.5,0.55,2. BELOW BASELINE,3.0,4.0,0.75
FSLR,Oils-Energy,Solar,45__3,45,3.0,4. p999_trade_value,3452400.0,1020000.0,19.0,29.0,0.6551724137931034,0.55,2. BELOW BASELINE,22.0,33.0,0.6666666666666666
FSLR,Oils-Energy,Solar,45__3,45,3.0,5. p99_trade_value,1004300.0,119105.00000000001,127.0,295.0,0.43050847457627117,0.55,2. BELOW BASELINE,149.0,328.0,0.45426829268292684
FSLR,Oils-Energy,Solar,45__3,45,3.0,6. p95_trade_value,119000.0,29440.000000000004,620.0,1312.0,0.4725609756097561,0.55,2. BELOW BASELINE,769.0,1640.0,0.4689024390243902
FSLR,Oils-Energy,Solar,45__3,45,3.0,7. p90_trade_value,29400.0,17490.0,788.0,1637.0,0.4813683567501527,0.55,2. BELOW BASELINE,1557.0,3277.0,0.4751296917912725
FSLR,Oils-Energy,Solar,45__3,45,3.0,8. p75_trade_value,17485.0,9044.0,2350.0,4915.0,0.47812817904374366,0.55,2. BELOW BASELINE,3907.0,8192.0,0.4769287109375
FTI,Oils-Energy,Oil and Gas - Field Services,15__1,15,1.0,1. p999999_trade_value,540000.0,540000.0,1.0,1.0,1.0,0.55,1. ABOVE BASELINE,1.0,1.0,1.0
FTI,Oils-Energy,Oil and Gas - Field Services,15__1,15,1.0,6. p95_trade_value,300000.0,269500.0,3.0,4.0,0.75,0.55,1. ABOVE BASELINE,4.0,5.0,0.8
FTI,Oils-Energy,Oil and Gas - Field Services,15__1,15,1.0,7. p90_trade_value,256000.0,256000.0,1.0,1.0,1.0,0.55,1. ABOVE BASELINE,5.0,6.0,0.8333333333333334
FTI,Oils-Energy,Oil and Gas - Field Services,15__1,15,1.0,8. p75_trade_value,221250.0,52529.99999999999,4.0,7.0,0.5714285714285714,0.55,1. ABOVE BASELINE,9.0,13.0,0.6923076923076923
GEL,Oils-Energy,Oil and Gas - Refining and Marketing - Master Limited Partnerships,5__3,5,3.0,1. p999999_trade_value,30000.0,30000.0,0.0,1.0,0.0,0.55,2. BELOW BASELINE,0.0,1.0,0.0
GEV,Oils-Energy,Alternative Energy - Other,45__3,45,3.0,1. p999999_trade_value,2698000.0,2698000.0,0.0,1.0,0.0,0.55,2. BELOW BASELINE,0.0,1.0,0.0
GEV,Oils-Energy,Alternative Energy - Other,45__3,45,3.0,3. p9999_trade_value,2223000.0,2223000.0,0.0,1.0,0.0,0.55,2. BELOW BASELINE,0.0,2.0,0.0
GEV,Oils-Energy,Alternative Energy - Other,45__3,45,3.0,4. p999_trade_value,1940000.0,599400.0,11.0,17.0,0.6470588235294118,0.55,2. BELOW BASELINE,11.0,19.0,0.5789473684210527
GEV,Oils-Energy,Alternative Energy - Other,45__3,45,3.0,5. p99_trade_value,575000.0,93480.0,94.0,168.0,0.5595238095238095,0.55,2. BELOW BASELINE,105.0,187.0,0.5614973262032086
GEV,Oils-Energy,Alternative Energy - Other,45__3,45,3.0,6. p95_trade_value,93309.99999999999,29039.999999999996,414.0,749.0,0.5527369826435247,0.55,2. BELOW BASELINE,519.0,936.0,0.5544871794871795
GEV,Oils-Energy,Alternative Energy - Other,45__3,45,3.0,7. p90_trade_value,29015.999999999996,18720.0,544.0,941.0,0.5781083953241233,0.55,2. BELOW BASELINE,1063.0,1877.0,0.5663292488012787
GEV,Oils-Energy,Alternative Energy - Other,45__3,45,3.0,8. p75_trade_value,18700.0,9976.0,1676.0,2802.0,0.5981441827266238,0.55,2. BELOW BASELINE,2739.0,4679.0,0.5853814917717461
GEVO,Oils-Energy,Alternative Energy - Other,15__0,15,0.0,1. p999999_trade_value,20000.0,20000.0,0.0,1.0,0.0,0.55,2. BELOW BASELINE,0.0,1.0,0.0
GEVO,Oils-Energy,Alternative Energy - Other,15__0,15,0.0,6. p95_trade_value,10000.0,10000.0,1.0,1.0,1.0,0.55,2. BELOW BASELINE,1.0,2.0,0.5
GEVO,Oils-Energy,Alternative Energy - Other,15__0,15,0.0,7. p90_trade_value,7840.000000000001,7840.000000000001,1.0,1.0,1.0,0.55,2. BELOW BASELINE,2.0,3.0,0.6666666666666666
GEVO,Oils-Energy,Alternative Energy - Other,15__0,15,0.0,8. p75_trade_value,7710.000000000001,6000.0,3.0,5.0,0.6,0.55,2. BELOW BASELINE,5.0,8.0,0.625
GLNG,Oils-Energy,Oil and Gas - Integrated - International,25__0,25,0.0,1. p999999_trade_value,316160.00000000006,316160.00000000006,0.0,1.0,0.0,0.55,2. BELOW BASELINE,0.0,1.0,0.0
GLNG,Oils-Energy,Oil and Gas - Integrated - International,25__0,25,0.0,5. p99_trade_value,283340.0,95000.0,2.0,4.0,0.5,0.55,2. BELOW BASELINE,2.0,5.0,0.4
GLNG,Oils-Energy,Oil and Gas - Integrated - International,25__0,25,0.0,6. p95_trade_value,90000.0,24360.0,8.0,20.0,0.4,0.55,2. BELOW BASELINE,10.0,25.0,0.4
GLNG,Oils-Energy,Oil and Gas - Integrated - International,25__0,25,0.0,7. p90_trade_value,24300.0,15360.0,13.0,25.0,0.52,0.55,2. BELOW BASELINE,23.0,50.0,0.46
GLNG,Oils-Energy,Oil and Gas - Integrated - International,25__0,25,0.0,8. p75_trade_value,15335.999999999998,8240.0,33.0,75.0,0.44,0.55,2. BELOW BASELINE,56.0,125.0,0.448
GPOR,Oils-Energy,Oil and Gas - Exploration and Production - United States,10__3,10,3.0,1. p999999_trade_value,126000.0,126000.0,0.0,1.0,0.0,0.55,2. BELOW BASELINE,0.0,1.0,0.0
GPOR,Oils-Energy,Oil and Gas - Exploration and Production - United States,10__3,10,3.0,8. p75_trade_value,52000.0,52000.0,0.0,1.0,0.0,0.55,2. BELOW BASELINE,0.0,2.0,0.0
GPRK,Oils-Energy,Oil and Gas - Exploration and Production - United States,5__0,5,0.0,1. p999999_trade_value,5490.0,5490.0,1.0,1.0,1.0,0.55,1. ABOVE BASELINE,1.0,1.0,1.0
HAL,Oils-Energy,Oil and Gas - Field Services,30__2,30,2.0,1. p999999_trade_value,139986.0,139986.0,1.0,1.0,1.0,0.55,1. ABOVE BASELINE,1.0,1.0,1.0
HAL,Oils-Energy,Oil and Gas - Field Services,30__2,30,2.0,5. p99_trade_value,124033.00000000001,73724.00000000001,6.0,8.0,0.75,0.55,1. ABOVE BASELINE,7.0,9.0,0.7777777777777778
HAL,Oils-Energy,Oil and Gas - Field Services,30__2,30,2.0,6. p95_trade_value,66000.0,28288.0,17.0,34.0,0.5,0.55,2. BELOW BASELINE,24.0,43.0,0.5581395348837209
HAL,Oils-Energy,Oil and Gas - Field Services,30__2,30,2.0,7. p90_trade_value,28000.0,15000.0,17.0,43.0,0.3953488372093023,0.55,2. BELOW BASELINE,41.0,86.0,0.47674418604651164
HAL,Oils-Energy,Oil and Gas - Field Services,30__2,30,2.0,8. p75_trade_value,14600.0,8352.0,75.0,129.0,0.5813953488372093,0.55,2. BELOW BASELINE,116.0,215.0,0.5395348837209303
HCC,Oils-Energy,Coal,20__0,20,0.0,1. p999999_trade_value,169980.0,169980.0,1.0,1.0,1.0,0.55,1. ABOVE BASELINE,1.0,1.0,1.0
HCC,Oils-Energy,Coal,20__0,20,0.0,6. p95_trade_value,74800.0,59500.0,0.0,3.0,0.0,0.55,2. BELOW BASELINE,1.0,4.0,0.25
HCC,Oils-Energy,Coal,20__0,20,0.0,7. p90_trade_value,56100.0,18000.0,1.0,3.0,0.3333333333333333,0.55,2. BELOW BASELINE,2.0,7.0,0.2857142857142857
HCC,Oils-Energy,Coal,20__0,20,0.0,8. p75_trade_value,15810.0,9401.0,4.0,9.0,0.4444444444444444,0.55,2. BELOW BASELINE,6.0,16.0,0.375
HES,Oils-Energy,Oil and Gas - Integrated - United States,25__2,25,2.0,1. p999999_trade_value,490000.0,490000.0,0.0,1.0,0.0,0.55,2. BELOW BASELINE,0.0,1.0,0.0
HES,Oils-Energy,Oil and Gas - Integrated - United States,25__2,25,2.0,5. p99_trade_value,280000.0,234700.0,1.0,2.0,0.5,0.55,2. BELOW BASELINE,1.0,3.0,0.3333333333333333
HES,Oils-Energy,Oil and Gas - Integrated - United States,25__2,25,2.0,6. p95_trade_value,230340.0,54502.0,4.0,11.0,0.36363636363636365,0.55,2. BELOW BASELINE,5.0,14.0,0.35714285714285715
HES,Oils-Energy,Oil and Gas - Integrated - United States,25__2,25,2.0,7. p90_trade_value,53750.0,31600.0,12.0,14.0,0.8571428571428571,0.55,2. BELOW BASELINE,17.0,28.0,0.6071428571428571
HES,Oils-Energy,Oil and Gas - Integrated - United States,25__2,25,2.0,8. p75_trade_value,30000.0,12500.0,13.0,41.0,0.3170731707317073,0.55,2. BELOW BASELINE,30.0,69.0,0.43478260869565216
HESM,Oils-Energy,Energy and Pipeline - Master Limited Partnerships,15__0,15,0.0,1. p999999_trade_value,118340.00000000001,118340.00000000001,0.0,1.0,0.0,0.55,2. BELOW BASELINE,0.0,1.0,0.0
HESM,Oils-Energy,Energy and Pipeline - Master Limited Partnerships,15__0,15,0.0,6. p95_trade_value,61542.00000000001,61542.00000000001,0.0,1.0,0.0,0.55,2. BELOW BASELINE,0.0,2.0,0.0
HESM,Oils-Energy,Energy and Pipeline - Master Limited Partnerships,15__0,15,0.0,7. p90_trade_value,47565.0,17460.0,1.0,2.0,0.5,0.55,2. BELOW BASELINE,1.0,4.0,0.25
HESM,Oils-Energy,Energy and Pipeline - Master Limited Partnerships,15__0,15,0.0,8. p75_trade_value,16401.000000000004,8526.0,0.0,6.0,0.0,0.55,2. BELOW BASELINE,1.0,10.0,0.1
HLX,Oils-Energy,Oil and Gas - Field Services,15__0,15,0.0,1. p999999_trade_value,45400.0,45400.0,1.0,1.0,1.0,0.55,1. ABOVE BASELINE,1.0,1.0,1.0
HLX,Oils-Energy,Oil and Gas - Field Services,15__0,15,0.0,6. p95_trade_value,40000.0,40000.0,0.0,1.0,0.0,0.55,2. BELOW BASELINE,1.0,2.0,0.5
HLX,Oils-Energy,Oil and Gas - Field Services,15__0,15,0.0,7. p90_trade_value,28139.999999999996,24605.0,2.0,2.0,1.0,0.55,2. BELOW BASELINE,3.0,4.0,0.75
HLX,Oils-Energy,Oil and Gas - Field Services,15__0,15,0.0,8. p75_trade_value,14985.0,10650.0,6.0,6.0,1.0,0.55,2. BELOW BASELINE,9.0,10.0,0.9
HNRG,Oils-Energy,Alternative Energy - Other,20__0,20,0.0,1. p999999_trade_value,103739.99999999999,103739.99999999999,1.0,1.0,1.0,0.55,1. ABOVE BASELINE,1.0,1.0,1.0
HNRG,Oils-Energy,Alternative Energy - Other,20__0,20,0.0,5. p99_trade_value,85000.0,85000.0,2.0,2.0,1.0,0.55,1. ABOVE BASELINE,3.0,3.0,1.0
HNRG,Oils-Energy,Alternative Energy - Other,20__0,20,0.0,6. p95_trade_value,69965.0,49335.0,4.0,4.0,1.0,0.55,1. ABOVE BASELINE,7.0,7.0,1.0
HNRG,Oils-Energy,Alternative Energy - Other,20__0,20,0.0,7. p90_trade_value,36000.0,16200.0,2.0,7.0,0.2857142857142857,0.55,2. BELOW BASELINE,9.0,14.0,0.6428571428571429
HNRG,Oils-Energy,Alternative Energy - Other,20__0,20,0.0,8. p75_trade_value,13019.999999999998,7139.999999999999,7.0,19.0,0.3684210526315789,0.55,2. BELOW BASELINE,16.0,33.0,0.48484848484848486
HP,Oils-Energy,Oil and Gas - Drilling,15__1,15,1.0,1. p999999_trade_value,700000.0,700000.0,1.0,1.0,1.0,0.55,1. ABOVE BASELINE,1.0,1.0,1.0
HP,Oils-Energy,Oil and Gas - Drilling,15__1,15,1.0,6. p95_trade_value,37074.0,37074.0,0.0,1.0,0.0,0.55,2. BELOW BASELINE,1.0,2.0,0.5
HP,Oils-Energy,Oil and Gas - Drilling,15__1,15,1.0,7. p90_trade_value,26789.999999999996,26789.999999999996,0.0,1.0,0.0,0.55,2. BELOW BASELINE,1.0,3.0,0.3333333333333333
HP,Oils-Energy,Oil and Gas - Drilling,15__1,15,1.0,8. p75_trade_value,19435.0,7500.0,1.0,5.0,0.2,0.55,2. BELOW BASELINE,2.0,8.0,0.25
HPK,Oils-Energy,Oil and Gas - Exploration and Production - United States,5__0,5,0.0,1. p999999_trade_value,4275.0,4275.0,0.0,1.0,0.0,0.55,2. BELOW BASELINE,0.0,1.0,0.0
HUSA,Oils-Energy,Oil and Gas - Exploration and Production - United States,5__0,5,0.0,1. p999999_trade_value,5040.000000000001,5040.000000000001,0.0,1.0,0.0,0.55,2. BELOW BASELINE,0.0,1.0,0.0
IMO,Oils-Energy,Oil and Gas - Integrated - Canadian,10__0,10,0.0,1. p999999_trade_value,7500.0,7500.0,0.0,1.0,0.0,0.55,2. BELOW BASELINE,0.0,1.0,0.0
IMO,Oils-Energy,Oil and Gas - Integrated - Canadian,10__0,10,0.0,8. p75_trade_value,6675.0,6675.0,0.0,1.0,0.0,0.55,2. BELOW BASELINE,0.0,2.0,0.0
JKS,Oils-Energy,Solar,25__0,25,0.0,1. p999999_trade_value,94045.99999999999,94045.99999999999,0.0,1.0,0.0,0.55,2. BELOW BASELINE,0.0,1.0,0.0
JKS,Oils-Energy,Solar,25__0,25,0.0,5. p99_trade_value,74325.0,48480.0,1.0,3.0,0.3333333333333333,0.55,2. BELOW BASELINE,1.0,4.0,0.25
JKS,Oils-Energy,Solar,25__0,25,0.0,6. p95_trade_value,46190.0,18900.0,4.0,13.0,0.3076923076923077,0.55,2. BELOW BASELINE,5.0,17.0,0.29411764705882354
JKS,Oils-Energy,Solar,25__0,25,0.0,7. p90_trade_value,18830.0,14210.0,5.0,16.0,0.3125,0.55,2. BELOW BASELINE,10.0,33.0,0.30303030303030304
JKS,Oils-Energy,Solar,25__0,25,0.0,8. p75_trade_value,14025.0,8164.999999999999,17.0,49.0,0.3469387755102041,0.55,2. BELOW BASELINE,27.0,82.0,0.32926829268292684
KGS,Oils-Energy,Oil and Gas - Mechanical and and Equipment,5__3,5,3.0,1. p999999_trade_value,14500.0,14500.0,1.0,1.0,1.0,0.55,1. ABOVE BASELINE,1.0,1.0,1.0
KLXE,Oils-Energy,Oil and Gas - Field Services,5__0,5,0.0,1. p999999_trade_value,7475.0,7475.0,2.0,2.0,1.0,0.55,1. ABOVE BASELINE,2.0,2.0,1.0
KMI,Oils-Energy,Oil and Gas - Production and Pipelines,30__2,30,2.0,1. p999999_trade_value,161000.00000000003,161000.00000000003,1.0,1.0,1.0,0.55,1. ABOVE BASELINE,1.0,1.0,1.0
KMI,Oils-Energy,Oil and Gas - Production and Pipelines,30__2,30,2.0,5. p99_trade_value,72000.0,53964.0,1.0,5.0,0.2,0.55,2. BELOW BASELINE,2.0,6.0,0.3333333333333333
KMI,Oils-Energy,Oil and Gas - Production and Pipelines,30__2,30,2.0,6. p95_trade_value,48000.0,23808.0,7.0,24.0,0.2916666666666667,0.55,2. BELOW BASELINE,9.0,30.0,0.3
KMI,Oils-Energy,Oil and Gas - Production and Pipelines,30__2,30,2.0,7. p90_trade_value,22680.0,15000.0,13.0,30.0,0.43333333333333335,0.55,2. BELOW BASELINE,22.0,60.0,0.36666666666666664
KMI,Oils-Energy,Oil and Gas - Production and Pipelines,30__2,30,2.0,8. p75_trade_value,14557.999999999998,7400.0,44.0,88.0,0.5,0.55,2. BELOW BASELINE,66.0,148.0,0.44594594594594594
KNTK,Oils-Energy,Oil and Gas - Field Services,15__0,15,0.0,1. p999999_trade_value,106820.0,106820.0,1.0,1.0,1.0,0.55,1. ABOVE BASELINE,1.0,1.0,1.0
KNTK,Oils-Energy,Oil and Gas - Field Services,15__0,15,0.0,6. p95_trade_value,54230.00000000001,54230.00000000001,0.0,1.0,0.0,0.55,2. BELOW BASELINE,1.0,2.0,0.5
KNTK,Oils-Energy,Oil and Gas - Field Services,15__0,15,0.0,7. p90_trade_value,47879.99999999999,36100.0,1.0,2.0,0.5,0.55,2. BELOW BASELINE,2.0,4.0,0.5
KNTK,Oils-Energy,Oil and Gas - Field Services,15__0,15,0.0,8. p75_trade_value,32314.999999999996,18360.0,5.0,7.0,0.7142857142857143,0.55,2. BELOW BASELINE,7.0,11.0,0.6363636363636364
KOS,Oils-Energy,Oil and Gas - Exploration and Production - International,10__0,10,0.0,1. p999999_trade_value,17964.0,17964.0,1.0,1.0,1.0,0.55,1. ABOVE BASELINE,1.0,1.0,1.0
KOS,Oils-Energy,Oil and Gas - Exploration and Production - International,10__0,10,0.0,8. p75_trade_value,5907.0,5000.0,2.0,2.0,1.0,0.55,1. ABOVE BASELINE,3.0,3.0,1.0
LB,Oils-Energy,Oil and Gas - Integrated - United States,20__0,20,0.0,1. p999999_trade_value,73800.0,73800.0,0.0,1.0,0.0,0.55,2. BELOW BASELINE,0.0,1.0,0.0
LB,Oils-Energy,Oil and Gas - Integrated - United States,20__0,20,0.0,6. p95_trade_value,31860.000000000004,22800.0,0.0,3.0,0.0,0.55,2. BELOW BASELINE,0.0,4.0,0.0
LB,Oils-Energy,Oil and Gas - Integrated - United States,20__0,20,0.0,7. p90_trade_value,22000.000000000004,19600.0,3.0,3.0,1.0,0.55,2. BELOW BASELINE,3.0,7.0,0.42857142857142855
LB,Oils-Energy,Oil and Gas - Integrated - United States,20__0,20,0.0,8. p75_trade_value,18300.0,9150.0,5.0,10.0,0.5,0.55,2. BELOW BASELINE,8.0,17.0,0.47058823529411764
LBRT,Oils-Energy,Oil and Gas - Field Services,20__0,20,0.0,1. p999999_trade_value,19500.0,19500.0,0.0,1.0,0.0,0.55,2. BELOW BASELINE,0.0,1.0,0.0
LBRT,Oils-Energy,Oil and Gas - Field Services,20__0,20,0.0,6. p95_trade_value,18750.0,16390.0,1.0,2.0,0.5,0.55,2. BELOW BASELINE,1.0,3.0,0.3333333333333333
LBRT,Oils-Energy,Oil and Gas - Field Services,20__0,20,0.0,7. p90_trade_value,13500.0,12545.0,1.0,3.0,0.3333333333333333,0.55,2. BELOW BASELINE,2.0,6.0,0.3333333333333333
LBRT,Oils-Energy,Oil and Gas - Field Services,20__0,20,0.0,8. p75_trade_value,11499.999999999998,9920.0,0.0,9.0,0.0,0.55,2. BELOW BASELINE,2.0,15.0,0.13333333333333333
LITM,Oils-Energy,Alternative Energy - Other,15__0,15,0.0,1. p999999_trade_value,9850.0,9850.0,0.0,1.0,0.0,0.55,2. BELOW BASELINE,0.0,1.0,0.0
LITM,Oils-Energy,Alternative Energy - Other,15__0,15,0.0,6. p95_trade_value,9340.0,9340.0,0.0,1.0,0.0,0.55,2. BELOW BASELINE,0.0,2.0,0.0
LITM,Oils-Energy,Alternative Energy - Other,15__0,15,0.0,7. p90_trade_value,7720.0,7205.000000000001,1.0,2.0,0.5,0.55,2. BELOW BASELINE,1.0,4.0,0.25
LITM,Oils-Energy,Alternative Energy - Other,15__0,15,0.0,8. p75_trade_value,7170.0,6000.0,0.0,5.0,0.0,0.55,2. BELOW BASELINE,1.0,9.0,0.1111111111111111
LNG,Oils-Energy,Oil and Gas - Exploration and Production - United States,35__2,35,2.0,1. p999999_trade_value,902870.0000000001,902870.0000000001,1.0,1.0,1.0,0.55,1. ABOVE BASELINE,1.0,1.0,1.0
LNG,Oils-Energy,Oil and Gas - Exploration and Production - United States,35__2,35,2.0,4. p999_trade_value,718920.0,630000.0,1.0,2.0,0.5,0.55,2. BELOW BASELINE,2.0,3.0,0.6666666666666666
LNG,Oils-Energy,Oil and Gas - Exploration and Production - United States,35__2,35,2.0,5. p99_trade_value,623220.0,210000.0,15.0,22.0,0.6818181818181818,0.55,2. BELOW BASELINE,17.0,25.0,0.68
LNG,Oils-Energy,Oil and Gas - Exploration and Production - United States,35__2,35,2.0,6. p95_trade_value,200790.0,40000.0,67.0,110.0,0.6090909090909091,0.55,2. BELOW BASELINE,84.0,135.0,0.6222222222222222
LNG,Oils-Energy,Oil and Gas - Exploration and Production - United States,35__2,35,2.0,7. p90_trade_value,39650.0,22440.0,45.0,111.0,0.40540540540540543,0.55,2. BELOW BASELINE,129.0,246.0,0.524390243902439
LNG,Oils-Energy,Oil and Gas - Exploration and Production - United States,35__2,35,2.0,8. p75_trade_value,22200.000000000004,10240.0,160.0,369.0,0.43360433604336046,0.55,2. BELOW BASELINE,289.0,615.0,0.46991869918699186
LTBR,Oils-Energy,Alternative Energy - Other,30__2,30,2.0,1. p999999_trade_value,58941.0,58941.0,1.0,1.0,1.0,0.55,1. ABOVE BASELINE,1.0,1.0,1.0
LTBR,Oils-Energy,Alternative Energy - Other,30__2,30,2.0,5. p99_trade_value,49500.00000000001,28160.000000000004,4.0,6.0,0.6666666666666666,0.55,1. ABOVE BASELINE,5.0,7.0,0.7142857142857143
LTBR,Oils-Energy,Alternative Energy - Other,30__2,30,2.0,6. p95_trade_value,26955.0,17430.0,15.0,24.0,0.625,0.55,1. ABOVE BASELINE,20.0,31.0,0.6451612903225806
LTBR,Oils-Energy,Alternative Energy - Other,30__2,30,2.0,7. p90_trade_value,17400.0,12500.0,24.0,31.0,0.7741935483870968,0.55,1. ABOVE BASELINE,44.0,62.0,0.7096774193548387
LTBR,Oils-Energy,Alternative Energy - Other,30__2,30,2.0,8. p75_trade_value,12075.0,7600.0,55.0,90.0,0.6111111111111112,0.55,1. ABOVE BASELINE,99.0,152.0,0.6513157894736842
MAXN,Oils-Energy,Solar,15__0,15,0.0,1. p999999_trade_value,9800.0,9800.0,0.0,1.0,0.0,0.55,2. BELOW BASELINE,0.0,1.0,0.0
MAXN,Oils-Energy,Solar,15__0,15,0.0,6. p95_trade_value,7200.0,7200.0,1.0,1.0,1.0,0.55,2. BELOW BASELINE,1.0,2.0,0.5
MAXN,Oils-Energy,Solar,15__0,15,0.0,7. p90_trade_value,7000.0,7000.0,1.0,3.0,0.3333333333333333,0.55,2. BELOW BASELINE,2.0,5.0,0.4
MAXN,Oils-Energy,Solar,15__0,15,0.0,8. p75_trade_value,6930.0,6000.0,3.0,6.0,0.5,0.55,2. BELOW BASELINE,5.0,11.0,0.45454545454545453
METC,Oils-Energy,Coal,15__0,15,0.0,1. p999999_trade_value,51520.00000000001,51520.00000000001,0.0,1.0,0.0,0.55,2. BELOW BASELINE,0.0,1.0,0.0
METC,Oils-Energy,Coal,15__0,15,0.0,6. p95_trade_value,39960.0,29970.0,0.0,2.0,0.0,0.55,2. BELOW BASELINE,0.0,3.0,0.0
METC,Oils-Energy,Coal,15__0,15,0.0,7. p90_trade_value,28470.0,28400.0,0.0,2.0,0.0,0.55,2. BELOW BASELINE,0.0,5.0,0.0
METC,Oils-Energy,Coal,15__0,15,0.0,8. p75_trade_value,24975.0,7500.0,2.0,6.0,0.3333333333333333,0.55,2. BELOW BASELINE,2.0,11.0,0.18181818181818182
MGY,Oils-Energy,Oil and Gas - Exploration and Production - United States,5__3,5,3.0,1. p999999_trade_value,19300.0,19300.0,1.0,1.0,1.0,0.55,1. ABOVE BASELINE,1.0,1.0,1.0
MPC,Oils-Energy,Oil and Gas - Refining and Marketing,30__2,30,2.0,1. p999999_trade_value,135000.0,135000.0,0.0,1.0,0.0,0.55,2. BELOW BASELINE,0.0,1.0,0.0
MPC,Oils-Energy,Oil and Gas - Refining and Marketing,30__2,30,2.0,4. p999_trade_value,128506.00000000001,128506.00000000001,0.0,1.0,0.0,0.55,2. BELOW BASELINE,0.0,2.0,0.0
MPC,Oils-Energy,Oil and Gas - Refining and Marketing,30__2,30,2.0,5. p99_trade_value,68880.0,47000.0,1.0,10.0,0.1,0.55,2. BELOW BASELINE,1.0,12.0,0.08333333333333333
MPC,Oils-Energy,Oil and Gas - Refining and Marketing,30__2,30,2.0,6. p95_trade_value,45090.0,18748.0,16.0,46.0,0.34782608695652173,0.55,2. BELOW BASELINE,17.0,58.0,0.29310344827586204
MPC,Oils-Energy,Oil and Gas - Refining and Marketing,30__2,30,2.0,7. p90_trade_value,18525.0,12319.999999999998,30.0,57.0,0.5263157894736842,0.55,2. BELOW BASELINE,47.0,115.0,0.40869565217391307
MPC,Oils-Energy,Oil and Gas - Refining and Marketing,30__2,30,2.0,8. p75_trade_value,12288.0,7180.0,71.0,172.0,0.4127906976744186,0.55,2. BELOW BASELINE,118.0,287.0,0.41114982578397213
MPLX,Oils-Energy,Oil and Gas - Production and Pipelines,20__0,20,0.0,1. p999999_trade_value,210000.0,210000.0,0.0,1.0,0.0,0.55,2. BELOW BASELINE,0.0,1.0,0.0
MPLX,Oils-Energy,Oil and Gas - Production and Pipelines,20__0,20,0.0,6. p95_trade_value,43250.0,31812.0,2.0,4.0,0.5,0.55,2. BELOW BASELINE,2.0,5.0,0.4
MPLX,Oils-Energy,Oil and Gas - Production and Pipelines,20__0,20,0.0,7. p90_trade_value,29880.0,23100.0,1.0,4.0,0.25,0.55,2. BELOW BASELINE,3.0,9.0,0.3333333333333333
MPLX,Oils-Energy,Oil and Gas - Production and Pipelines,20__0,20,0.0,8. p75_trade_value,22753.0,10800.0,4.0,13.0,0.3076923076923077,0.55,2. BELOW BASELINE,7.0,22.0,0.3181818181818182
MTDR,Oils-Energy,Oil and Gas - Exploration and Production - United States,25__0,25,0.0,1. p999999_trade_value,90000.0,90000.0,1.0,1.0,1.0,0.55,1. ABOVE BASELINE,1.0,1.0,1.0
MTDR,Oils-Energy,Oil and Gas - Exploration and Production - United States,25__0,25,0.0,5. p99_trade_value,55000.0,42330.0,2.0,2.0,1.0,0.55,1. ABOVE BASELINE,3.0,3.0,1.0
MTDR,Oils-Energy,Oil and Gas - Exploration and Production - United States,25__0,25,0.0,6. p95_trade_value,34929.99999999999,18450.0,4.0,8.0,0.5,0.55,2. BELOW BASELINE,7.0,11.0,0.6363636363636364
MTDR,Oils-Energy,Oil and Gas - Exploration and Production - United States,25__0,25,0.0,7. p90_trade_value,18100.0,15000.0,9.0,11.0,0.8181818181818182,0.55,2. BELOW BASELINE,16.0,22.0,0.7272727272727273
MTDR,Oils-Energy,Oil and Gas - Exploration and Production - United States,25__0,25,0.0,8. p75_trade_value,14935.0,9779.0,14.0,31.0,0.45161290322580644,0.55,2. BELOW BASELINE,30.0,53.0,0.5660377358490566
MUR,Oils-Energy,Oil and Gas - Exploration and Production - United States,15__0,15,0.0,1. p999999_trade_value,70605.0,70605.0,0.0,1.0,0.0,0.55,2. BELOW BASELINE,0.0,1.0,0.0
MUR,Oils-Energy,Oil and Gas - Exploration and Production - United States,15__0,15,0.0,6. p95_trade_value,30000.0,30000.0,1.0,1.0,1.0,0.55,2. BELOW BASELINE,1.0,2.0,0.5
MUR,Oils-Energy,Oil and Gas - Exploration and Production - United States,15__0,15,0.0,7. p90_trade_value,14000.0,10500.0,1.0,2.0,0.5,0.55,2. BELOW BASELINE,2.0,4.0,0.5
MUR,Oils-Energy,Oil and Gas - Exploration and Production - United States,15__0,15,0.0,8. p75_trade_value,9300.0,6100.0,2.0,5.0,0.4,0.55,2. BELOW BASELINE,4.0,9.0,0.4444444444444444
NBR,Oils-Energy,Oil and Gas - Drilling,25__0,25,0.0,1. p999999_trade_value,201600.0,201600.0,1.0,1.0,1.0,0.55,1. ABOVE BASELINE,1.0,1.0,1.0
NBR,Oils-Energy,Oil and Gas - Drilling,25__0,25,0.0,5. p99_trade_value,166624.0,152457.0,1.0,3.0,0.3333333333333333,0.55,2. BELOW BASELINE,2.0,4.0,0.5
NBR,Oils-Energy,Oil and Gas - Drilling,25__0,25,0.0,6. p95_trade_value,126350.0,42000.0,8.0,17.0,0.47058823529411764,0.55,2. BELOW BASELINE,10.0,21.0,0.47619047619047616
NBR,Oils-Energy,Oil and Gas - Drilling,25__0,25,0.0,7. p90_trade_value,41580.0,28350.0,14.0,18.0,0.7777777777777778,0.55,2. BELOW BASELINE,24.0,39.0,0.6153846153846154
NBR,Oils-Energy,Oil and Gas - Drilling,25__0,25,0.0,8. p75_trade_value,28340.000000000004,14000.0,25.0,58.0,0.43103448275862066,0.55,2. BELOW BASELINE,49.0,97.0,0.5051546391752577
NE,Oils-Energy,Oil and Gas - Drilling,20__0,20,0.0,1. p999999_trade_value,30000.0,30000.0,1.0,1.0,1.0,0.55,1. ABOVE BASELINE,1.0,1.0,1.0
NE,Oils-Energy,Oil and Gas - Drilling,20__0,20,0.0,6. p95_trade_value,25800.0,15400.0,2.0,4.0,0.5,0.55,2. BELOW BASELINE,3.0,5.0,0.6
NE,Oils-Energy,Oil and Gas - Drilling,20__0,20,0.0,7. p90_trade_value,14300.0,11000.000000000002,5.0,5.0,1.0,0.55,2. BELOW BASELINE,8.0,10.0,0.8
NE,Oils-Energy,Oil and Gas - Drilling,20__0,20,0.0,8. p75_trade_value,10680.0,7400.0,13.0,15.0,0.8666666666666667,0.55,2. BELOW BASELINE,21.0,25.0,0.84
NEXT,Oils-Energy,Oil and Gas - Production Pipeline - MLB,20__1,20,1.0,1. p999999_trade_value,290485.0,290485.0,1.0,1.0,1.0,0.55,1. ABOVE BASELINE,1.0,1.0,1.0
NEXT,Oils-Energy,Oil and Gas - Production Pipeline - MLB,20__1,20,1.0,5. p99_trade_value,161370.0,161370.0,0.0,1.0,0.0,0.55,2. BELOW BASELINE,1.0,2.0,0.5
NEXT,Oils-Energy,Oil and Gas - Production Pipeline - MLB,20__1,20,1.0,6. p95_trade_value,149445.0,39960.0,3.0,5.0,0.6,0.55,2. BELOW BASELINE,4.0,7.0,0.5714285714285714
NEXT,Oils-Energy,Oil and Gas - Production Pipeline - MLB,20__1,20,1.0,7. p90_trade_value,34104.0,19960.000000000004,4.0,7.0,0.5714285714285714,0.55,2. BELOW BASELINE,8.0,14.0,0.5714285714285714
NEXT,Oils-Energy,Oil and Gas - Production Pipeline - MLB,20__1,20,1.0,8. p75_trade_value,19710.0,10000.0,12.0,20.0,0.6,0.55,2. BELOW BASELINE,20.0,34.0,0.5882352941176471
NFE,Oils-Energy,Oil and Gas - Integrated - International,30__2,30,2.0,1. p999999_trade_value,450000.0,450000.0,1.0,1.0,1.0,0.55,1. ABOVE BASELINE,1.0,1.0,1.0
NFE,Oils-Energy,Oil and Gas - Integrated - International,30__2,30,2.0,5. p99_trade_value,250000.0,129350.0,4.0,6.0,0.6666666666666666,0.55,1. ABOVE BASELINE,5.0,7.0,0.7142857142857143
NFE,Oils-Energy,Oil and Gas - Integrated - International,30__2,30,2.0,6. p95_trade_value,120000.0,19305.0,10.0,25.0,0.4,0.55,2. BELOW BASELINE,15.0,32.0,0.46875
NFE,Oils-Energy,Oil and Gas - Integrated - International,30__2,30,2.0,7. p90_trade_value,19175.0,14175.0,17.0,32.0,0.53125,0.55,2. BELOW BASELINE,32.0,64.0,0.5
NFE,Oils-Energy,Oil and Gas - Integrated - International,30__2,30,2.0,8. p75_trade_value,14000.0,7500.0,46.0,97.0,0.4742268041237113,0.55,2. BELOW BASELINE,78.0,161.0,0.484472049689441
NGL,Oils-Energy,Oil and Gas - Refining and Marketing - Master Limited Partnerships,5__0,5,0.0,1. p999999_trade_value,6000.0,6000.0,0.0,1.0,0.0,0.55,2. BELOW BASELINE,0.0,1.0,0.0
NGS,Oils-Energy,Oil and Gas - Mechanical and and Equipment,0__2,0,2.0,1. p999999_trade_value,4235.0,4235.0,0.0,1.0,0.0,0.55,2. BELOW BASELINE,0.0,1.0,0.0
NINE,Oils-Energy,Oil and Gas - Field Services,10__0,10,0.0,1. p999999_trade_value,7439.999999999999,7439.999999999999,0.0,1.0,0.0,0.55,2. BELOW BASELINE,0.0,1.0,0.0
NINE,Oils-Energy,Oil and Gas - Field Services,10__0,10,0.0,8. p75_trade_value,6630.0,6000.0,0.0,2.0,0.0,0.55,2. BELOW BASELINE,0.0,3.0,0.0
NNE,Oils-Energy,Alternative Energy - Other,35__2,35,2.0,1. p999999_trade_value,470400.0,470400.0,0.0,1.0,0.0,0.55,2. BELOW BASELINE,0.0,1.0,0.0
NNE,Oils-Energy,Alternative Energy - Other,35__2,35,2.0,4. p999_trade_value,340000.0,328680.0,0.0,2.0,0.0,0.55,2. BELOW BASELINE,0.0,3.0,0.0
NNE,Oils-Energy,Alternative Energy - Other,35__2,35,2.0,5. p99_trade_value,249100.0,104059.99999999999,3.0,25.0,0.12,0.55,2. BELOW BASELINE,3.0,28.0,0.10714285714285714
NNE,Oils-Energy,Alternative Energy - Other,35__2,35,2.0,6. p95_trade_value,100620.0,33040.0,30.0,109.0,0.27522935779816515,0.55,2. BELOW BASELINE,33.0,137.0,0.24087591240875914
NNE,Oils-Energy,Alternative Energy - Other,35__2,35,2.0,7. p90_trade_value,33000.0,18200.0,53.0,137.0,0.38686131386861317,0.55,2. BELOW BASELINE,86.0,274.0,0.31386861313868614
NNE,Oils-Energy,Alternative Energy - Other,35__2,35,2.0,8. p75_trade_value,18150.0,8792.0,196.0,410.0,0.47804878048780486,0.55,2. BELOW BASELINE,282.0,684.0,0.41228070175438597
NOA,Oils-Energy,Oil and Gas - Mechanical and and Equipment,0__2,0,2.0,1. p999999_trade_value,7000.0,7000.0,1.0,1.0,1.0,0.55,1. ABOVE BASELINE,1.0,1.0,1.0
NOG,Oils-Energy,Oil and Gas - Exploration and Production - United States,15__0,15,0.0,1. p999999_trade_value,16500.0,16500.0,1.0,1.0,1.0,0.55,1. ABOVE BASELINE,1.0,1.0,1.0
NOG,Oils-Energy,Oil and Gas - Exploration and Production - United States,15__0,15,0.0,6. p95_trade_value,12000.0,11000.000000000002,1.0,2.0,0.5,0.55,2. BELOW BASELINE,2.0,3.0,0.6666666666666666
NOG,Oils-Energy,Oil and Gas - Exploration and Production - United States,15__0,15,0.0,7. p90_trade_value,10000.0,9550.0,0.0,2.0,0.0,0.55,2. BELOW BASELINE,2.0,5.0,0.4
NOG,Oils-Energy,Oil and Gas - Exploration and Production - United States,15__0,15,0.0,8. p75_trade_value,8400.0,6000.0,8.0,9.0,0.8888888888888888,0.55,2. BELOW BASELINE,10.0,14.0,0.7142857142857143
NOV,Oils-Energy,Oil and Gas - Mechanical and and Equipment,10__3,10,3.0,1. p999999_trade_value,87071.99999999999,87071.99999999999,1.0,1.0,1.0,0.55,1. ABOVE BASELINE,1.0,1.0,1.0
NOV,Oils-Energy,Oil and Gas - Mechanical and and Equipment,10__3,10,3.0,7. p90_trade_value,62200.0,62200.0,0.0,1.0,0.0,0.55,2. BELOW BASELINE,1.0,2.0,0.5
NOV,Oils-Energy,Oil and Gas - Mechanical and and Equipment,10__3,10,3.0,8. p75_trade_value,16250.0,16250.0,0.0,1.0,0.0,0.55,2. BELOW BASELINE,1.0,3.0,0.3333333333333333
NPWR,Oils-Energy,Alternative Energy - Other,15__0,15,0.0,1. p999999_trade_value,13125.0,13125.0,1.0,1.0,1.0,0.55,1. ABOVE BASELINE,1.0,1.0,1.0
NPWR,Oils-Energy,Alternative Energy - Other,15__0,15,0.0,6. p95_trade_value,12480.000000000002,12480.000000000002,1.0,1.0,1.0,0.55,1. ABOVE BASELINE,2.0,2.0,1.0
NPWR,Oils-Energy,Alternative Energy - Other,15__0,15,0.0,7. p90_trade_value,11400.0,11400.0,0.0,1.0,0.0,0.55,2. BELOW BASELINE,2.0,3.0,0.6666666666666666
NPWR,Oils-Energy,Alternative Energy - Other,15__0,15,0.0,8. p75_trade_value,10395.0,6400.0,1.0,4.0,0.25,0.55,2. BELOW BASELINE,3.0,7.0,0.42857142857142855
NRP,Oils-Energy,Coal,10__0,10,0.0,1. p999999_trade_value,39840.0,39840.0,1.0,1.0,1.0,0.55,1. ABOVE BASELINE,1.0,1.0,1.0
NRP,Oils-Energy,Coal,10__0,10,0.0,7. p90_trade_value,30000.0,30000.0,1.0,1.0,1.0,0.55,1. ABOVE BASELINE,2.0,2.0,1.0
NRP,Oils-Energy,Coal,10__0,10,0.0,8. p75_trade_value,27000.0,27000.0,1.0,1.0,1.0,0.55,1. ABOVE BASELINE,3.0,3.0,1.0
NXT,Oils-Energy,Solar,30__2,30,2.0,1. p999999_trade_value,321860.00000000006,321860.00000000006,0.0,1.0,0.0,0.55,2. BELOW BASELINE,0.0,1.0,0.0
NXT,Oils-Energy,Solar,30__2,30,2.0,5. p99_trade_value,300000.0,89600.00000000001,5.0,7.0,0.7142857142857143,0.55,2. BELOW BASELINE,5.0,8.0,0.625
NXT,Oils-Energy,Solar,30__2,30,2.0,6. p95_trade_value,86249.99999999999,27180.0,23.0,32.0,0.71875,0.55,2. BELOW BASELINE,28.0,40.0,0.7
NXT,Oils-Energy,Solar,30__2,30,2.0,7. p90_trade_value,27165.999999999996,17300.0,26.0,39.0,0.6666666666666666,0.55,2. BELOW BASELINE,54.0,79.0,0.6835443037974683
NXT,Oils-Energy,Solar,30__2,30,2.0,8. p75_trade_value,17205.0,8775.0,76.0,117.0,0.6495726495726496,0.55,2. BELOW BASELINE,130.0,196.0,0.6632653061224489
OII,Oils-Energy,Oil and Gas - Field Services,10__0,10,0.0,1. p999999_trade_value,12750.0,12750.0,1.0,1.0,1.0,0.55,1. ABOVE BASELINE,1.0,1.0,1.0
OII,Oils-Energy,Oil and Gas - Field Services,10__0,10,0.0,7. p90_trade_value,10000.0,10000.0,1.0,2.0,0.5,0.55,2. BELOW BASELINE,2.0,3.0,0.6666666666666666
OII,Oils-Energy,Oil and Gas - Field Services,10__0,10,0.0,8. p75_trade_value,7500.0,7500.0,0.0,1.0,0.0,0.55,2. BELOW BASELINE,2.0,4.0,0.5
OKE,Oils-Energy,Oil and Gas - Production Pipeline - MLB,25__0,25,0.0,1. p999999_trade_value,102500.0,102500.0,1.0,1.0,1.0,0.55,1. ABOVE BASELINE,1.0,1.0,1.0
OKE,Oils-Energy,Oil and Gas - Production Pipeline - MLB,25__0,25,0.0,5. p99_trade_value,70695.0,38423.0,2.0,4.0,0.5,0.55,2. BELOW BASELINE,3.0,5.0,0.6
OKE,Oils-Energy,Oil and Gas - Production Pipeline - MLB,25__0,25,0.0,6. p95_trade_value,36291.99999999999,19080.0,10.0,19.0,0.5263157894736842,0.55,2. BELOW BASELINE,13.0,24.0,0.5416666666666666
OKE,Oils-Energy,Oil and Gas - Production Pipeline - MLB,25__0,25,0.0,7. p90_trade_value,18915.0,14040.0,10.0,24.0,0.4166666666666667,0.55,2. BELOW BASELINE,23.0,48.0,0.4791666666666667
OKE,Oils-Energy,Oil and Gas - Production Pipeline - MLB,25__0,25,0.0,8. p75_trade_value,14000.0,8775.0,35.0,71.0,0.49295774647887325,0.55,2. BELOW BASELINE,58.0,119.0,0.48739495798319327
OKLO,Oils-Energy,Alternative Energy - Other,45__1,45,1.0,1. p999999_trade_value,752500.0,752500.0,1.0,1.0,1.0,0.55,1. ABOVE BASELINE,1.0,1.0,1.0
OKLO,Oils-Energy,Alternative Energy - Other,45__1,45,1.0,3. p9999_trade_value,611184.0,500666.0,2.0,2.0,1.0,0.55,1. ABOVE BASELINE,3.0,3.0,1.0
OKLO,Oils-Energy,Alternative Energy - Other,45__1,45,1.0,4. p999_trade_value,485676.0,251888.0,11.0,19.0,0.5789473684210527,0.55,1. ABOVE BASELINE,14.0,22.0,0.6363636363636364
OKLO,Oils-Energy,Alternative Energy - Other,45__1,45,1.0,5. p99_trade_value,251831.99999999997,69856.0,96.0,189.0,0.5079365079365079,0.55,2. BELOW BASELINE,110.0,211.0,0.5213270142180095
OKLO,Oils-Energy,Alternative Energy - Other,45__1,45,1.0,6. p95_trade_value,69690.0,25499.999999999996,478.0,844.0,0.566350710900474,0.55,2. BELOW BASELINE,588.0,1055.0,0.557345971563981
OKLO,Oils-Energy,Alternative Energy - Other,45__1,45,1.0,7. p90_trade_value,25440.0,16770.0,620.0,1054.0,0.5882352941176471,0.55,2. BELOW BASELINE,1208.0,2109.0,0.5727833096254149
OKLO,Oils-Energy,Alternative Energy - Other,45__1,45,1.0,8. p75_trade_value,16758.0,9042.0,1793.0,3162.0,0.5670461733080329,0.55,2. BELOW BASELINE,3001.0,5271.0,0.5693416808954658
OPTT,Oils-Energy,Alternative Energy - Other,20__0,20,0.0,1. p999999_trade_value,48000.0,48000.0,1.0,1.0,1.0,0.55,1. ABOVE BASELINE,1.0,1.0,1.0
OPTT,Oils-Energy,Alternative Energy - Other,20__0,20,0.0,6. p95_trade_value,14969.999999999998,12600.0,1.0,2.0,0.5,0.55,2. BELOW BASELINE,2.0,3.0,0.6666666666666666
OPTT,Oils-Energy,Alternative Energy - Other,20__0,20,0.0,7. p90_trade_value,10000.0,8985.0,4.0,4.0,1.0,0.55,2. BELOW BASELINE,6.0,7.0,0.8571428571428571
OPTT,Oils-Energy,Alternative Energy - Other,20__0,20,0.0,8. p75_trade_value,8540.0,5940.0,3.0,8.0,0.375,0.55,2. BELOW BASELINE,9.0,15.0,0.6
ORA,Oils-Energy,Alternative Energy - Other,15__0,15,0.0,1. p999999_trade_value,15500.0,15500.0,1.0,1.0,1.0,0.55,1. ABOVE BASELINE,1.0,1.0,1.0
ORA,Oils-Energy,Alternative Energy - Other,15__0,15,0.0,6. p95_trade_value,14040.0,14040.0,1.0,1.0,1.0,0.55,1. ABOVE BASELINE,2.0,2.0,1.0
ORA,Oils-Energy,Alternative Energy - Other,15__0,15,0.0,7. p90_trade_value,11340.0,11340.0,1.0,1.0,1.0,0.55,1. ABOVE BASELINE,3.0,3.0,1.0
ORA,Oils-Energy,Alternative Energy - Other,15__0,15,0.0,8. p75_trade_value,11160.0,8750.0,4.0,4.0,1.0,0.55,1. ABOVE BASELINE,7.0,7.0,1.0
ORGN,Oils-Energy,Biofuels,5__0,5,0.0,1. p999999_trade_value,9480.000000000002,9480.000000000002,0.0,1.0,0.0,0.55,2. BELOW BASELINE,0.0,1.0,0.0
OVV,Oils-Energy,Oil and Gas - Exploration and Production - Canadian,25__0,25,0.0,1. p999999_trade_value,66600.0,66600.0,1.0,1.0,1.0,0.55,1. ABOVE BASELINE,1.0,1.0,1.0
OVV,Oils-Energy,Oil and Gas - Exploration and Production - Canadian,25__0,25,0.0,5. p99_trade_value,54000.0,46979.99999999999,2.0,2.0,1.0,0.55,1. ABOVE BASELINE,3.0,3.0,1.0
OVV,Oils-Energy,Oil and Gas - Exploration and Production - Canadian,25__0,25,0.0,6. p95_trade_value,36127.00000000001,22624.0,5.0,8.0,0.625,0.55,1. ABOVE BASELINE,8.0,11.0,0.7272727272727273
OVV,Oils-Energy,Oil and Gas - Exploration and Production - Canadian,25__0,25,0.0,7. p90_trade_value,22140.0,16250.0,9.0,12.0,0.75,0.55,1. ABOVE BASELINE,17.0,23.0,0.7391304347826086
OVV,Oils-Energy,Oil and Gas - Exploration and Production - Canadian,25__0,25,0.0,8. p75_trade_value,16239.999999999998,8400.0,23.0,31.0,0.7419354838709677,0.55,1. ABOVE BASELINE,40.0,54.0,0.7407407407407407
OXY,Oils-Energy,Oil and Gas - Integrated - United States,40__0,40,0.0,1. p999999_trade_value,716112.0,716112.0,1.0,1.0,1.0,0.55,1. ABOVE BASELINE,1.0,1.0,1.0
OXY,Oils-Energy,Oil and Gas - Integrated - United States,40__0,40,0.0,4. p999_trade_value,200000.0,123190.00000000001,6.0,8.0,0.75,0.55,1. ABOVE BASELINE,7.0,9.0,0.7777777777777778
OXY,Oils-Energy,Oil and Gas - Integrated - United States,40__0,40,0.0,5. p99_trade_value,121440.00000000001,48000.0,34.0,75.0,0.4533333333333333,0.55,2. BELOW BASELINE,41.0,84.0,0.4880952380952381
OXY,Oils-Energy,Oil and Gas - Integrated - United States,40__0,40,0.0,6. p95_trade_value,47940.0,19960.000000000004,185.0,322.0,0.5745341614906833,0.55,2. BELOW BASELINE,226.0,406.0,0.5566502463054187
OXY,Oils-Energy,Oil and Gas - Integrated - United States,40__0,40,0.0,7. p90_trade_value,19822.0,13050.0,229.0,406.0,0.5640394088669951,0.55,2. BELOW BASELINE,455.0,812.0,0.5603448275862069
OXY,Oils-Energy,Oil and Gas - Integrated - United States,40__0,40,0.0,8. p75_trade_value,13038.0,7684.0,735.0,1217.0,0.6039441248972884,0.55,2. BELOW BASELINE,1190.0,2029.0,0.586495810744209
PAA,Oils-Energy,Oil and Gas - Production Pipeline - MLB,15__0,15,0.0,1. p999999_trade_value,48660.0,48660.0,1.0,1.0,1.0,0.55,1. ABOVE BASELINE,1.0,1.0,1.0
PAA,Oils-Energy,Oil and Gas - Production Pipeline - MLB,15__0,15,0.0,6. p95_trade_value,19080.0,18120.0,1.0,2.0,0.5,0.55,2. BELOW BASELINE,2.0,3.0,0.6666666666666666
PAA,Oils-Energy,Oil and Gas - Production Pipeline - MLB,15__0,15,0.0,7. p90_trade_value,17091.000000000004,17091.000000000004,3.0,3.0,1.0,0.55,2. BELOW BASELINE,5.0,6.0,0.8333333333333334
PAA,Oils-Energy,Oil and Gas - Production Pipeline - MLB,15__0,15,0.0,8. p75_trade_value,14620.000000000002,7200.0,4.0,8.0,0.5,0.55,2. BELOW BASELINE,9.0,14.0,0.6428571428571429
PAGP,Oils-Energy,Oil and Gas - Production and Pipelines,10__0,10,0.0,1. p999999_trade_value,6144.0,6144.0,0.0,1.0,0.0,0.55,2. BELOW BASELINE,0.0,1.0,0.0
PAGP,Oils-Energy,Oil and Gas - Production and Pipelines,10__0,10,0.0,8. p75_trade_value,5920.0,5000.0,2.0,2.0,1.0,0.55,2. BELOW BASELINE,2.0,3.0,0.6666666666666666
PARR,Oils-Energy,Oil and Gas - Refining and Marketing,15__0,15,0.0,1. p999999_trade_value,249850.0,249850.0,1.0,1.0,1.0,0.55,1. ABOVE BASELINE,1.0,1.0,1.0
PARR,Oils-Energy,Oil and Gas - Refining and Marketing,15__0,15,0.0,6. p95_trade_value,225000.0,225000.0,1.0,1.0,1.0,0.55,1. ABOVE BASELINE,2.0,2.0,1.0
PARR,Oils-Energy,Oil and Gas - Refining and Marketing,15__0,15,0.0,7. p90_trade_value,19085.000000000004,12249.999999999998,2.0,2.0,1.0,0.55,1. ABOVE BASELINE,4.0,4.0,1.0
PARR,Oils-Energy,Oil and Gas - Refining and Marketing,15__0,15,0.0,8. p75_trade_value,9650.0,6650.0,6.0,6.0,1.0,0.55,1. ABOVE BASELINE,10.0,10.0,1.0
PBF,Oils-Energy,Oil and Gas - Refining and Marketing,20__0,20,0.0,1. p999999_trade_value,70200.0,70200.0,1.0,1.0,1.0,0.55,1. ABOVE BASELINE,1.0,1.0,1.0
PBF,Oils-Energy,Oil and Gas - Refining and Marketing,20__0,20,0.0,5. p99_trade_value,55000.0,55000.0,0.0,2.0,0.0,0.55,2. BELOW BASELINE,1.0,3.0,0.3333333333333333
PBF,Oils-Energy,Oil and Gas - Refining and Marketing,20__0,20,0.0,6. p95_trade_value,48000.0,24499.999999999996,1.0,5.0,0.2,0.55,2. BELOW BASELINE,2.0,8.0,0.25
PBF,Oils-Energy,Oil and Gas - Refining and Marketing,20__0,20,0.0,7. p90_trade_value,24000.0,16200.0,1.0,8.0,0.125,0.55,2. BELOW BASELINE,3.0,16.0,0.1875
PBF,Oils-Energy,Oil and Gas - Refining and Marketing,20__0,20,0.0,8. p75_trade_value,15410.0,9120.0,3.0,24.0,0.125,0.55,2. BELOW BASELINE,6.0,40.0,0.15
PBR,Oils-Energy,Oil and Gas - Integrated - International,30__0,30,0.0,1. p999999_trade_value,400000.0,400000.0,0.0,1.0,0.0,0.55,2. BELOW BASELINE,0.0,1.0,0.0
PBR,Oils-Energy,Oil and Gas - Integrated - International,30__0,30,0.0,5. p99_trade_value,390000.0,93000.0,2.0,8.0,0.25,0.55,2. BELOW BASELINE,2.0,9.0,0.2222222222222222
PBR,Oils-Energy,Oil and Gas - Integrated - International,30__0,30,0.0,6. p95_trade_value,84000.0,35020.00000000001,18.0,32.0,0.5625,0.55,2. BELOW BASELINE,20.0,41.0,0.4878048780487805
PBR,Oils-Energy,Oil and Gas - Integrated - International,30__0,30,0.0,7. p90_trade_value,34825.0,20895.0,22.0,41.0,0.5365853658536586,0.55,2. BELOW BASELINE,42.0,82.0,0.5121951219512195
PBR,Oils-Energy,Oil and Gas - Integrated - International,30__0,30,0.0,8. p75_trade_value,20752.0,9000.0,50.0,126.0,0.3968253968253968,0.55,2. BELOW BASELINE,92.0,208.0,0.4423076923076923
PR,Oils-Energy,Oil and Gas - Exploration and Production - United States,20__0,20,0.0,1. p999999_trade_value,110000.0,110000.0,1.0,1.0,1.0,0.55,1. ABOVE BASELINE,1.0,1.0,1.0
PR,Oils-Energy,Oil and Gas - Exploration and Production - United States,20__0,20,0.0,6. p95_trade_value,70000.0,24200.0,2.0,3.0,0.6666666666666666,0.55,1. ABOVE BASELINE,3.0,4.0,0.75
PR,Oils-Energy,Oil and Gas - Exploration and Production - United States,20__0,20,0.0,7. p90_trade_value,21956.0,18880.0,3.0,3.0,1.0,0.55,1. ABOVE BASELINE,6.0,7.0,0.8571428571428571
PR,Oils-Energy,Oil and Gas - Exploration and Production - United States,20__0,20,0.0,8. p75_trade_value,10000.0,7960.000000000001,3.0,10.0,0.3,0.55,2. BELOW BASELINE,9.0,17.0,0.5294117647058824
PROP,Oils-Energy,Oil and Gas - Integrated - United States,5__1,5,1.0,1. p999999_trade_value,50970.0,50970.0,0.0,1.0,0.0,0.55,2. BELOW BASELINE,0.0,1.0,0.0
PSX,Oils-Energy,Oil and Gas - Refining and Marketing,25__0,25,0.0,1. p999999_trade_value,180600.0,180600.0,0.0,1.0,0.0,0.55,2. BELOW BASELINE,0.0,1.0,0.0
PSX,Oils-Energy,Oil and Gas - Refining and Marketing,25__0,25,0.0,5. p99_trade_value,80000.0,50599.99999999999,3.0,5.0,0.6,0.55,2. BELOW BASELINE,3.0,6.0,0.5
PSX,Oils-Energy,Oil and Gas - Refining and Marketing,25__0,25,0.0,6. p95_trade_value,44000.00000000001,24000.0,7.0,22.0,0.3181818181818182,0.55,2. BELOW BASELINE,10.0,28.0,0.35714285714285715
PSX,Oils-Energy,Oil and Gas - Refining and Marketing,25__0,25,0.0,7. p90_trade_value,22500.0,15000.0,25.0,31.0,0.8064516129032258,0.55,2. BELOW BASELINE,35.0,59.0,0.5932203389830508
PSX,Oils-Energy,Oil and Gas - Refining and Marketing,25__0,25,0.0,8. p75_trade_value,14625.0,8100.0,49.0,80.0,0.6125,0.55,2. BELOW BASELINE,84.0,139.0,0.60431654676259
PTEN,Oils-Energy,Oil and Gas - Drilling,20__3,20,3.0,1. p999999_trade_value,1547150.0,1547150.0,0.0,1.0,0.0,0.55,1. ABOVE BASELINE,0.0,1.0,0.0
PTEN,Oils-Energy,Oil and Gas - Drilling,20__3,20,3.0,6. p95_trade_value,140650.0,28439.999999999996,2.0,3.0,0.6666666666666666,0.55,1. ABOVE BASELINE,2.0,4.0,0.5
PTEN,Oils-Energy,Oil and Gas - Drilling,20__3,20,3.0,7. p90_trade_value,24225.0,15800.0,3.0,3.0,1.0,0.55,1. ABOVE BASELINE,5.0,7.0,0.7142857142857143
PTEN,Oils-Energy,Oil and Gas - Drilling,20__3,20,3.0,8. p75_trade_value,15590.0,7740.000000000001,6.0,9.0,0.6666666666666666,0.55,1. ABOVE BASELINE,11.0,16.0,0.6875
REX,Oils-Energy,Biofuels,10__0,10,0.0,1. p999999_trade_value,16226.000000000002,16226.000000000002,1.0,1.0,1.0,0.55,1. ABOVE BASELINE,1.0,1.0,1.0
REX,Oils-Energy,Biofuels,10__0,10,0.0,7. p90_trade_value,12936.000000000002,12936.000000000002,1.0,1.0,1.0,0.55,1. ABOVE BASELINE,2.0,2.0,1.0
REX,Oils-Energy,Biofuels,10__0,10,0.0,8. p75_trade_value,12000.0,12000.0,1.0,1.0,1.0,0.55,1. ABOVE BASELINE,3.0,3.0,1.0
RIG,Oils-Energy,Oil and Gas - Drilling,20__1,20,1.0,1. p999999_trade_value,375000.0,375000.0,0.0,1.0,0.0,0.55,2. BELOW BASELINE,0.0,1.0,0.0
RIG,Oils-Energy,Oil and Gas - Drilling,20__1,20,1.0,6. p95_trade_value,25000.0,14000.0,2.0,5.0,0.4,0.55,2. BELOW BASELINE,2.0,6.0,0.3333333333333333
RIG,Oils-Energy,Oil and Gas - Drilling,20__1,20,1.0,7. p90_trade_value,13000.0,12069.0,3.0,3.0,1.0,0.55,2. BELOW BASELINE,5.0,9.0,0.5555555555555556
RIG,Oils-Energy,Oil and Gas - Drilling,20__1,20,1.0,8. p75_trade_value,12000.0,7570.0,9.0,12.0,0.75,0.55,2. BELOW BASELINE,14.0,21.0,0.6666666666666666
RNW,Oils-Energy,Alternative Energy - Other,5__3,5,3.0,1. p999999_trade_value,24500.0,24500.0,0.0,1.0,0.0,0.55,2. BELOW BASELINE,0.0,1.0,0.0
RRC,Oils-Energy,Oil and Gas - Exploration and Production - United States,20__0,20,0.0,1. p999999_trade_value,146580.0,146580.0,1.0,1.0,1.0,0.55,1. ABOVE BASELINE,1.0,1.0,1.0
RRC,Oils-Energy,Oil and Gas - Exploration and Production - United States,20__0,20,0.0,5. p99_trade_value,71500.00000000001,71500.00000000001,1.0,1.0,1.0,0.55,1. ABOVE BASELINE,2.0,2.0,1.0
RRC,Oils-Energy,Oil and Gas - Exploration and Production - United States,20__0,20,0.0,6. p95_trade_value,63600.0,39970.0,3.0,4.0,0.75,0.55,1. ABOVE BASELINE,5.0,6.0,0.8333333333333334
RRC,Oils-Energy,Oil and Gas - Exploration and Production - United States,20__0,20,0.0,7. p90_trade_value,31460.000000000004,14560.0,2.0,5.0,0.4,0.55,2. BELOW BASELINE,7.0,11.0,0.6363636363636364
RRC,Oils-Energy,Oil and Gas - Exploration and Production - United States,20__0,20,0.0,8. p75_trade_value,13125.0,7360.000000000001,11.0,17.0,0.6470588235294118,0.55,2. BELOW BASELINE,18.0,28.0,0.6428571428571429
RUN,Oils-Energy,Solar,35__1,35,1.0,1. p999999_trade_value,3313979.9999999995,3313979.9999999995,1.0,1.0,1.0,0.55,2. BELOW BASELINE,1.0,1.0,1.0
RUN,Oils-Energy,Solar,35__1,35,1.0,4. p999_trade_value,1440000.0,940000.0,1.0,3.0,0.3333333333333333,0.55,2. BELOW BASELINE,2.0,4.0,0.5
RUN,Oils-Energy,Solar,35__1,35,1.0,5. p99_trade_value,876527.9999999999,152250.0,16.0,34.0,0.47058823529411764,0.55,2. BELOW BASELINE,18.0,38.0,0.47368421052631576
RUN,Oils-Energy,Solar,35__1,35,1.0,6. p95_trade_value,150195.0,30195.0,50.0,151.0,0.33112582781456956,0.55,2. BELOW BASELINE,68.0,189.0,0.35978835978835977
RUN,Oils-Energy,Solar,35__1,35,1.0,7. p90_trade_value,30174.0,18368.0,80.0,189.0,0.42328042328042326,0.55,2. BELOW BASELINE,148.0,378.0,0.3915343915343915
RUN,Oils-Energy,Solar,35__1,35,1.0,8. p75_trade_value,18354.0,9225.0,251.0,578.0,0.4342560553633218,0.55,2. BELOW BASELINE,399.0,956.0,0.41736401673640167
SDRL,Oils-Energy,Oil and Gas - Drilling,15__0,15,0.0,1. p999999_trade_value,35200.0,35200.0,0.0,1.0,0.0,0.55,2. BELOW BASELINE,0.0,1.0,0.0
SDRL,Oils-Energy,Oil and Gas - Drilling,15__0,15,0.0,6. p95_trade_value,8650.0,8650.0,1.0,1.0,1.0,0.55,2. BELOW BASELINE,1.0,2.0,0.5
SDRL,Oils-Energy,Oil and Gas - Drilling,15__0,15,0.0,7. p90_trade_value,8000.0,8000.0,0.0,1.0,0.0,0.55,2. BELOW BASELINE,1.0,3.0,0.3333333333333333
SDRL,Oils-Energy,Oil and Gas - Drilling,15__0,15,0.0,8. p75_trade_value,7650.0,6299.999999999999,3.0,3.0,1.0,0.55,2. BELOW BASELINE,4.0,6.0,0.6666666666666666
SEDG,Oils-Energy,Solar,30__2,30,2.0,1. p999999_trade_value,718635.0,718635.0,1.0,1.0,1.0,0.55,1. ABOVE BASELINE,1.0,1.0,1.0
SEDG,Oils-Energy,Solar,30__2,30,2.0,4. p999_trade_value,419880.0,419880.0,1.0,1.0,1.0,0.55,1. ABOVE BASELINE,2.0,2.0,1.0
SEDG,Oils-Energy,Solar,30__2,30,2.0,5. p99_trade_value,234000.0,32956.0,11.0,15.0,0.7333333333333333,0.55,1. ABOVE BASELINE,13.0,17.0,0.7647058823529411
SEDG,Oils-Energy,Solar,30__2,30,2.0,6. p95_trade_value,32550.0,17600.0,39.0,66.0,0.5909090909090909,0.55,1. ABOVE BASELINE,52.0,83.0,0.6265060240963856
SEDG,Oils-Energy,Solar,30__2,30,2.0,7. p90_trade_value,17596.0,11940.0,53.0,83.0,0.6385542168674698,0.55,1. ABOVE BASELINE,105.0,166.0,0.6325301204819277
SEDG,Oils-Energy,Solar,30__2,30,2.0,8. p75_trade_value,11931.0,7482.000000000001,134.0,249.0,0.5381526104417671,0.55,2. BELOW BASELINE,239.0,415.0,0.5759036144578313
SEI,Oils-Energy,Oil and Gas - Mechanical and and Equipment,25__2,25,2.0,1. p999999_trade_value,377189.99999999994,377189.99999999994,0.0,1.0,0.0,0.55,2. BELOW BASELINE,0.0,1.0,0.0
SEI,Oils-Energy,Oil and Gas - Mechanical and and Equipment,25__2,25,2.0,5. p99_trade_value,306000.0,260150.0,2.0,2.0,1.0,0.55,2. BELOW BASELINE,2.0,3.0,0.6666666666666666
SEI,Oils-Energy,Oil and Gas - Mechanical and and Equipment,25__2,25,2.0,6. p95_trade_value,202000.0,100000.0,3.0,10.0,0.3,0.55,2. BELOW BASELINE,5.0,13.0,0.38461538461538464
SEI,Oils-Energy,Oil and Gas - Mechanical and and Equipment,25__2,25,2.0,7. p90_trade_value,70720.0,47000.0,5.0,12.0,0.4166666666666667,0.55,2. BELOW BASELINE,10.0,25.0,0.4
SEI,Oils-Energy,Oil and Gas - Mechanical and and Equipment,25__2,25,2.0,8. p75_trade_value,45100.00000000001,15800.0,25.0,36.0,0.6944444444444444,0.55,2. BELOW BASELINE,35.0,61.0,0.5737704918032787
SHEL,Oils-Energy,Oil and Gas - Integrated - International,30__0,30,0.0,1. p999999_trade_value,212029.99999999997,212029.99999999997,0.0,1.0,0.0,0.55,2. BELOW BASELINE,0.0,1.0,0.0
SHEL,Oils-Energy,Oil and Gas - Integrated - International,30__0,30,0.0,5. p99_trade_value,183582.00000000003,105000.0,5.0,7.0,0.7142857142857143,0.55,2. BELOW BASELINE,5.0,8.0,0.625
SHEL,Oils-Energy,Oil and Gas - Integrated - International,30__0,30,0.0,6. p95_trade_value,96000.0,48789.00000000001,13.0,29.0,0.4482758620689655,0.55,2. BELOW BASELINE,18.0,37.0,0.4864864864864865
SHEL,Oils-Energy,Oil and Gas - Integrated - International,30__0,30,0.0,7. p90_trade_value,48345.0,30209.999999999996,17.0,37.0,0.4594594594594595,0.55,2. BELOW BASELINE,35.0,74.0,0.47297297297297297
SHEL,Oils-Energy,Oil and Gas - Integrated - International,30__0,30,0.0,8. p75_trade_value,30014.999999999996,11700.0,64.0,111.0,0.5765765765765766,0.55,2. BELOW BASELINE,99.0,185.0,0.5351351351351351
SHLS,Oils-Energy,Solar,15__0,15,0.0,1. p999999_trade_value,41972.0,41972.0,1.0,1.0,1.0,0.55,1. ABOVE BASELINE,1.0,1.0,1.0
SHLS,Oils-Energy,Solar,15__0,15,0.0,6. p95_trade_value,8540.0,8540.0,1.0,1.0,1.0,0.55,1. ABOVE BASELINE,2.0,2.0,1.0
SHLS,Oils-Energy,Solar,15__0,15,0.0,7. p90_trade_value,5970.0,5970.0,1.0,1.0,1.0,0.55,1. ABOVE BASELINE,3.0,3.0,1.0
SHLS,Oils-Energy,Solar,15__0,15,0.0,8. p75_trade_value,5500.0,5100.0,2.0,4.0,0.5,0.55,2. BELOW BASELINE,5.0,7.0,0.7142857142857143
SLB,Oils-Energy,Oil and Gas - Field Services,30__2,30,2.0,1. p999999_trade_value,472000.0,472000.0,1.0,1.0,1.0,0.55,1. ABOVE BASELINE,1.0,1.0,1.0
SLB,Oils-Energy,Oil and Gas - Field Services,30__2,30,2.0,4. p999_trade_value,370000.0,370000.0,1.0,1.0,1.0,0.55,1. ABOVE BASELINE,2.0,2.0,1.0
SLB,Oils-Energy,Oil and Gas - Field Services,30__2,30,2.0,5. p99_trade_value,321000.0,97350.0,10.0,15.0,0.6666666666666666,0.55,1. ABOVE BASELINE,12.0,17.0,0.7058823529411765
SLB,Oils-Energy,Oil and Gas - Field Services,30__2,30,2.0,6. p95_trade_value,94800.0,23760.000000000004,29.0,66.0,0.4393939393939394,0.55,2. BELOW BASELINE,41.0,83.0,0.4939759036144578
SLB,Oils-Energy,Oil and Gas - Field Services,30__2,30,2.0,7. p90_trade_value,23670.0,14440.0,46.0,82.0,0.5609756097560976,0.55,2. BELOW BASELINE,87.0,165.0,0.5272727272727272
SLB,Oils-Energy,Oil and Gas - Field Services,30__2,30,2.0,8. p75_trade_value,14400.0,7848.0,127.0,247.0,0.5141700404858299,0.55,2. BELOW BASELINE,214.0,412.0,0.5194174757281553
SLI,Oils-Energy,Alternative Energy - Other,0__2,0,2.0,1. p999999_trade_value,3900.0,3900.0,1.0,1.0,1.0,0.55,1. ABOVE BASELINE,1.0,1.0,1.0
SM,Oils-Energy,Oil and Gas - Exploration and Production - United States,15__0,15,0.0,1. p999999_trade_value,16169.999999999998,16169.999999999998,0.0,1.0,0.0,0.55,2. BELOW BASELINE,0.0,1.0,0.0
SM,Oils-Energy,Oil and Gas - Exploration and Production - United States,15__0,15,0.0,6. p95_trade_value,14301.0,13000.0,0.0,2.0,0.0,0.55,2. BELOW BASELINE,0.0,3.0,0.0
SM,Oils-Energy,Oil and Gas - Exploration and Production - United States,15__0,15,0.0,7. p90_trade_value,11175.0,10890.0,2.0,2.0,1.0,0.55,2. BELOW BASELINE,2.0,5.0,0.4
SM,Oils-Energy,Oil and Gas - Exploration and Production - United States,15__0,15,0.0,8. p75_trade_value,10200.000000000002,8000.0,3.0,7.0,0.42857142857142855,0.55,2. BELOW BASELINE,5.0,12.0,0.4166666666666667
SMC,Oils-Energy,Oil and Gas - Production Pipeline - MLB,5__0,5,0.0,1. p999999_trade_value,5050.0,5050.0,0.0,1.0,0.0,0.55,2. BELOW BASELINE,0.0,1.0,0.0
SOBO,Oils-Energy,Oil and Gas - Production and Pipelines,0__2,0,2.0,1. p999999_trade_value,3800.0,3800.0,1.0,1.0,1.0,0.55,1. ABOVE BASELINE,1.0,1.0,1.0
SOC,Oils-Energy,Oil and Gas - Integrated - United States,30__2,30,2.0,1. p999999_trade_value,518000.0,518000.0,1.0,1.0,1.0,0.55,1. ABOVE BASELINE,1.0,1.0,1.0
SOC,Oils-Energy,Oil and Gas - Integrated - United States,30__2,30,2.0,5. p99_trade_value,284772.0,110000.0,5.0,9.0,0.5555555555555556,0.55,1. ABOVE BASELINE,6.0,10.0,0.6
SOC,Oils-Energy,Oil and Gas - Integrated - United States,30__2,30,2.0,6. p95_trade_value,108528.0,29250.0,12.0,39.0,0.3076923076923077,0.55,2. BELOW BASELINE,18.0,49.0,0.3673469387755102
SOC,Oils-Energy,Oil and Gas - Integrated - United States,30__2,30,2.0,7. p90_trade_value,29096.999999999996,16875.0,28.0,50.0,0.56,0.55,2. BELOW BASELINE,46.0,99.0,0.46464646464646464
SOC,Oils-Energy,Oil and Gas - Integrated - United States,30__2,30,2.0,8. p75_trade_value,16625.0,9120.0,74.0,147.0,0.5034013605442177,0.55,2. BELOW BASELINE,120.0,246.0,0.4878048780487805
SSL,Oils-Energy,Oil and Gas - Integrated - International,0__2,0,2.0,1. p999999_trade_value,4490.000000000001,4490.000000000001,1.0,1.0,1.0,0.55,1. ABOVE BASELINE,1.0,1.0,1.0
STR,Oils-Energy,Oil and Gas - Royalty Trust - United States,0__2,0,2.0,1. p999999_trade_value,3075.0,3075.0,1.0,1.0,1.0,0.55,1. ABOVE BASELINE,1.0,1.0,1.0
SU,Oils-Energy,Oil and Gas - Integrated - Canadian,25__0,25,0.0,1. p999999_trade_value,348000.0,348000.0,1.0,1.0,1.0,0.55,1. ABOVE BASELINE,1.0,1.0,1.0
SU,Oils-Energy,Oil and Gas - Integrated - Canadian,25__0,25,0.0,5. p99_trade_value,234500.0,89100.0,4.0,4.0,1.0,0.55,1. ABOVE BASELINE,5.0,5.0,1.0
SU,Oils-Energy,Oil and Gas - Integrated - Canadian,25__0,25,0.0,6. p95_trade_value,88000.0,19912.0,10.0,17.0,0.5882352941176471,0.55,1. ABOVE BASELINE,15.0,22.0,0.6818181818181818
SU,Oils-Energy,Oil and Gas - Integrated - Canadian,25__0,25,0.0,7. p90_trade_value,19748.999999999996,14000.0,8.0,21.0,0.38095238095238093,0.55,2. BELOW BASELINE,23.0,43.0,0.5348837209302325
SU,Oils-Energy,Oil and Gas - Integrated - Canadian,25__0,25,0.0,8. p75_trade_value,13715.0,8960.0,29.0,64.0,0.453125,0.55,2. BELOW BASELINE,52.0,107.0,0.48598130841121495
SUN,Oils-Energy,Oil and Gas - Refining and Marketing - Master Limited Partnerships,10__0,10,0.0,1. p999999_trade_value,48800.0,48800.0,0.0,1.0,0.0,0.55,2. BELOW BASELINE,0.0,1.0,0.0
SUN,Oils-Energy,Oil and Gas - Refining and Marketing - Master Limited Partnerships,10__0,10,0.0,7. p90_trade_value,23000.0,23000.0,0.0,1.0,0.0,0.55,2. BELOW BASELINE,0.0,2.0,0.0
SUN,Oils-Energy,Oil and Gas - Refining and Marketing - Master Limited Partnerships,10__0,10,0.0,8. p75_trade_value,11890.0,11890.0,0.0,2.0,0.0,0.55,2. BELOW BASELINE,0.0,4.0,0.0
SXC,Oils-Energy,Coal,5__1,5,1.0,1. p999999_trade_value,44000.0,44000.0,0.0,1.0,0.0,0.55,2. BELOW BASELINE,0.0,1.0,0.0
TALO,Oils-Energy,Oil and Gas - Exploration and Production - United States,5__0,5,0.0,1. p999999_trade_value,5595.0,5595.0,1.0,1.0,1.0,0.55,1. ABOVE BASELINE,1.0,1.0,1.0
TDW,Oils-Energy,Oil and Gas - Integrated - United States,25__0,25,0.0,1. p999999_trade_value,343060.0,343060.0,0.0,1.0,0.0,0.55,2. BELOW BASELINE,0.0,1.0,0.0
TDW,Oils-Energy,Oil and Gas - Integrated - United States,25__0,25,0.0,5. p99_trade_value,110990.00000000001,83664.0,0.0,2.0,0.0,0.55,2. BELOW BASELINE,0.0,3.0,0.0
TDW,Oils-Energy,Oil and Gas - Integrated - United States,25__0,25,0.0,6. p95_trade_value,52500.0,25090.0,1.0,8.0,0.125,0.55,2. BELOW BASELINE,1.0,11.0,0.09090909090909091
TDW,Oils-Energy,Oil and Gas - Integrated - United States,25__0,25,0.0,7. p90_trade_value,20748.0,17220.0,5.0,10.0,0.5,0.55,2. BELOW BASELINE,6.0,21.0,0.2857142857142857
TDW,Oils-Energy,Oil and Gas - Integrated - United States,25__0,25,0.0,8. p75_trade_value,17100.0,9000.0,17.0,30.0,0.5666666666666667,0.55,2. BELOW BASELINE,23.0,51.0,0.45098039215686275
TGS,Oils-Energy,Oil and Gas - Production and Pipelines,5__1,5,1.0,1. p999999_trade_value,90000.0,90000.0,0.0,1.0,0.0,0.55,2. BELOW BASELINE,0.0,1.0,0.0
TLN,Oils-Energy,Alternative Energy - Other,35__2,35,2.0,1. p999999_trade_value,950000.0,950000.0,0.0,1.0,0.0,0.55,2. BELOW BASELINE,0.0,1.0,0.0
TLN,Oils-Energy,Alternative Energy - Other,35__2,35,2.0,4. p999_trade_value,828240.0,662999.9999999999,3.0,4.0,0.75,0.55,2. BELOW BASELINE,3.0,5.0,0.6
TLN,Oils-Energy,Alternative Energy - Other,35__2,35,2.0,5. p99_trade_value,623310.0,170000.0,20.0,36.0,0.5555555555555556,0.55,2. BELOW BASELINE,23.0,41.0,0.5609756097560976
TLN,Oils-Energy,Alternative Energy - Other,35__2,35,2.0,6. p95_trade_value,167960.0,34850.0,86.0,161.0,0.5341614906832298,0.55,2. BELOW BASELINE,109.0,202.0,0.5396039603960396
TLN,Oils-Energy,Alternative Energy - Other,35__2,35,2.0,7. p90_trade_value,34840.0,22800.0,110.0,203.0,0.541871921182266,0.55,2. BELOW BASELINE,219.0,405.0,0.5407407407407407
TLN,Oils-Energy,Alternative Energy - Other,35__2,35,2.0,8. p75_trade_value,22750.0,11250.0,326.0,606.0,0.5379537953795379,0.55,2. BELOW BASELINE,545.0,1011.0,0.5390702274975272
TPL,Oils-Energy,Alternative Energy - Other,30__2,30,2.0,1. p999999_trade_value,125050.0,125050.0,1.0,1.0,1.0,0.55,1. ABOVE BASELINE,1.0,1.0,1.0
TPL,Oils-Energy,Alternative Energy - Other,30__2,30,2.0,4. p999_trade_value,120000.0,120000.0,0.0,1.0,0.0,0.55,2. BELOW BASELINE,1.0,2.0,0.5
TPL,Oils-Energy,Alternative Energy - Other,30__2,30,2.0,5. p99_trade_value,91800.0,53120.00000000001,10.0,12.0,0.8333333333333334,0.55,2. BELOW BASELINE,11.0,14.0,0.7857142857142857
TPL,Oils-Energy,Alternative Energy - Other,30__2,30,2.0,6. p95_trade_value,50100.0,21600.0,35.0,53.0,0.660377358490566,0.55,2. BELOW BASELINE,46.0,67.0,0.6865671641791045
TPL,Oils-Energy,Alternative Energy - Other,30__2,30,2.0,7. p90_trade_value,21500.0,14000.0,41.0,67.0,0.6119402985074627,0.55,2. BELOW BASELINE,87.0,134.0,0.6492537313432836
TPL,Oils-Energy,Alternative Energy - Other,30__2,30,2.0,8. p75_trade_value,13960.000000000002,6922.0,114.0,198.0,0.5757575757575758,0.55,2. BELOW BASELINE,201.0,332.0,0.6054216867469879
TRGP,Oils-Energy,Oil and Gas - Refining and Marketing - Master Limited Partnerships,25__0,25,0.0,1. p999999_trade_value,617024.0,617024.0,1.0,1.0,1.0,0.55,1. ABOVE BASELINE,1.0,1.0,1.0
TRGP,Oils-Energy,Oil and Gas - Refining and Marketing - Master Limited Partnerships,25__0,25,0.0,5. p99_trade_value,288623.0,151712.0,2.0,3.0,0.6666666666666666,0.55,1. ABOVE BASELINE,3.0,4.0,0.75
TRGP,Oils-Energy,Oil and Gas - Refining and Marketing - Master Limited Partnerships,25__0,25,0.0,6. p95_trade_value,132525.0,27500.0,11.0,16.0,0.6875,0.55,1. ABOVE BASELINE,14.0,20.0,0.7
TRGP,Oils-Energy,Oil and Gas - Refining and Marketing - Master Limited Partnerships,25__0,25,0.0,7. p90_trade_value,26950.0,18092.999999999996,12.0,19.0,0.631578947368421,0.55,1. ABOVE BASELINE,26.0,39.0,0.6666666666666666
TRGP,Oils-Energy,Oil and Gas - Refining and Marketing - Master Limited Partnerships,25__0,25,0.0,8. p75_trade_value,17600.0,8820.0,25.0,57.0,0.43859649122807015,0.55,2. BELOW BASELINE,51.0,96.0,0.53125
TRP,Oils-Energy,Alternative Energy - Other,15__0,15,0.0,1. p999999_trade_value,52274.0,52274.0,1.0,1.0,1.0,0.55,1. ABOVE BASELINE,1.0,1.0,1.0
TRP,Oils-Energy,Alternative Energy - Other,15__0,15,0.0,7. p90_trade_value,35518.0,35518.0,1.0,1.0,1.0,0.55,1. ABOVE BASELINE,2.0,2.0,1.0
TRP,Oils-Energy,Alternative Energy - Other,15__0,15,0.0,8. p75_trade_value,22500.0,12299.999999999998,2.0,3.0,0.6666666666666666,0.55,1. ABOVE BASELINE,4.0,5.0,0.8
TTE,Oils-Energy,Oil and Gas - Refining and Marketing,20__1,20,1.0,1. p999999_trade_value,234254.99999999997,234254.99999999997,1.0,1.0,1.0,0.55,1. ABOVE BASELINE,1.0,1.0,1.0
TTE,Oils-Energy,Oil and Gas - Refining and Marketing,20__1,20,1.0,5. p99_trade_value,144290.0,144290.0,0.0,1.0,0.0,0.55,2. BELOW BASELINE,1.0,2.0,0.5
TTE,Oils-Energy,Oil and Gas - Refining and Marketing,20__1,20,1.0,6. p95_trade_value,128250.0,75360.0,3.0,7.0,0.42857142857142855,0.55,2. BELOW BASELINE,4.0,9.0,0.4444444444444444
TTE,Oils-Energy,Oil and Gas - Refining and Marketing,20__1,20,1.0,7. p90_trade_value,58879.0,47500.0,4.0,8.0,0.5,0.55,2. BELOW BASELINE,8.0,17.0,0.47058823529411764
TTE,Oils-Energy,Oil and Gas - Refining and Marketing,20__1,20,1.0,8. p75_trade_value,42000.0,12450.0,17.0,24.0,0.7083333333333334,0.55,2. BELOW BASELINE,25.0,41.0,0.6097560975609756
TXNM,Oils-Energy,Alternative Energy - Other,10__0,10,0.0,1. p999999_trade_value,62500.0,62500.0,2.0,2.0,1.0,0.55,1. ABOVE BASELINE,2.0,2.0,1.0
TXO,Oils-Energy,Energy and Pipeline - Master Limited Partnerships,0__2,0,2.0,1. p999999_trade_value,4200.0,4200.0,1.0,1.0,1.0,0.55,1. ABOVE BASELINE,1.0,1.0,1.0
UROY,Oils-Energy,Alternative Energy - Other,10__0,10,0.0,1. p999999_trade_value,8160.000000000001,8160.000000000001,1.0,1.0,1.0,0.55,1. ABOVE BASELINE,1.0,1.0,1.0
UROY,Oils-Energy,Alternative Energy - Other,10__0,10,0.0,7. p90_trade_value,7000.0,7000.0,2.0,2.0,1.0,0.55,1. ABOVE BASELINE,3.0,3.0,1.0
UROY,Oils-Energy,Alternative Energy - Other,10__0,10,0.0,8. p75_trade_value,4360.0,4360.0,1.0,1.0,1.0,0.55,1. ABOVE BASELINE,4.0,4.0,1.0
VAL,Oils-Energy,Oil and Gas - Drilling,25__0,25,0.0,1. p999999_trade_value,105042.0,105042.0,1.0,1.0,1.0,0.55,1. ABOVE BASELINE,1.0,1.0,1.0
VAL,Oils-Energy,Oil and Gas - Drilling,25__0,25,0.0,5. p99_trade_value,75000.0,71463.0,1.0,2.0,0.5,0.55,2. BELOW BASELINE,2.0,3.0,0.6666666666666666
VAL,Oils-Energy,Oil and Gas - Drilling,25__0,25,0.0,6. p95_trade_value,64025.0,24360.0,5.0,8.0,0.625,0.55,2. BELOW BASELINE,7.0,11.0,0.6363636363636364
VAL,Oils-Energy,Oil and Gas - Drilling,25__0,25,0.0,7. p90_trade_value,22610.0,16335.0,7.0,11.0,0.6363636363636364,0.55,2. BELOW BASELINE,14.0,22.0,0.6363636363636364
VAL,Oils-Energy,Oil and Gas - Drilling,25__0,25,0.0,8. p75_trade_value,16100.0,7320.0,20.0,33.0,0.6060606060606061,0.55,2. BELOW BASELINE,34.0,55.0,0.6181818181818182
VET,Oils-Energy,Oil and Gas - Exploration and Production - International,10__0,10,0.0,1. p999999_trade_value,7960.000000000001,7960.000000000001,0.0,1.0,0.0,0.55,2. BELOW BASELINE,0.0,1.0,0.0
VET,Oils-Energy,Oil and Gas - Exploration and Production - International,10__0,10,0.0,8. p75_trade_value,6920.0,6920.0,0.0,1.0,0.0,0.55,2. BELOW BASELINE,0.0,2.0,0.0
VG,Oils-Energy,Oil and Gas - Exploration and Production - United States,25__0,25,0.0,1. p999999_trade_value,375000.0,375000.0,0.0,1.0,0.0,0.55,2. BELOW BASELINE,0.0,1.0,0.0
VG,Oils-Energy,Oil and Gas - Exploration and Production - United States,25__0,25,0.0,5. p99_trade_value,236914.99999999997,196000.0,2.0,2.0,1.0,0.55,2. BELOW BASELINE,2.0,3.0,0.6666666666666666
VG,Oils-Energy,Oil and Gas - Exploration and Production - United States,25__0,25,0.0,6. p95_trade_value,150000.0,43890.0,3.0,10.0,0.3,0.55,2. BELOW BASELINE,5.0,13.0,0.38461538461538464
VG,Oils-Energy,Oil and Gas - Exploration and Production - United States,25__0,25,0.0,7. p90_trade_value,37500.0,20000.0,8.0,13.0,0.6153846153846154,0.55,2. BELOW BASELINE,13.0,26.0,0.5
VG,Oils-Energy,Oil and Gas - Exploration and Production - United States,25__0,25,0.0,8. p75_trade_value,18900.0,7785.000000000001,17.0,38.0,0.4473684210526316,0.55,2. BELOW BASELINE,30.0,64.0,0.46875
VIST,Oils-Energy,Oil and Gas - Integrated - International,20__1,20,1.0,1. p999999_trade_value,372750.0,372750.0,0.0,1.0,0.0,0.55,2. BELOW BASELINE,0.0,1.0,0.0
VIST,Oils-Energy,Oil and Gas - Integrated - International,20__1,20,1.0,5. p99_trade_value,146400.0,146400.0,0.0,1.0,0.0,0.55,2. BELOW BASELINE,0.0,2.0,0.0
VIST,Oils-Energy,Oil and Gas - Integrated - International,20__1,20,1.0,6. p95_trade_value,106500.0,51225.0,1.0,6.0,0.16666666666666666,0.55,2. BELOW BASELINE,1.0,8.0,0.125
VIST,Oils-Energy,Oil and Gas - Integrated - International,20__1,20,1.0,7. p90_trade_value,42000.0,23339.999999999996,3.0,8.0,0.375,0.55,2. BELOW BASELINE,4.0,16.0,0.25
VIST,Oils-Energy,Oil and Gas - Integrated - International,20__1,20,1.0,8. p75_trade_value,20124.999999999996,9120.0,17.0,23.0,0.7391304347826086,0.55,2. BELOW BASELINE,21.0,39.0,0.5384615384615384
VLO,Oils-Energy,Oil and Gas - Refining and Marketing,35__0,35,0.0,1. p999999_trade_value,690000.0,690000.0,0.0,1.0,0.0,0.55,2. BELOW BASELINE,0.0,1.0,0.0
VLO,Oils-Energy,Oil and Gas - Refining and Marketing,35__0,35,0.0,4. p999_trade_value,510000.0,324530.0,0.0,2.0,0.0,0.55,2. BELOW BASELINE,0.0,3.0,0.0
VLO,Oils-Energy,Oil and Gas - Refining and Marketing,35__0,35,0.0,5. p99_trade_value,294000.0,76800.0,7.0,19.0,0.3684210526315789,0.55,2. BELOW BASELINE,7.0,22.0,0.3181818181818182
VLO,Oils-Energy,Oil and Gas - Refining and Marketing,35__0,35,0.0,6. p95_trade_value,72500.0,22900.0,38.0,88.0,0.4318181818181818,0.55,2. BELOW BASELINE,45.0,110.0,0.4090909090909091
VLO,Oils-Energy,Oil and Gas - Refining and Marketing,35__0,35,0.0,7. p90_trade_value,22659.000000000004,15400.0,56.0,110.0,0.509090909090909,0.55,2. BELOW BASELINE,101.0,220.0,0.4590909090909091
VLO,Oils-Energy,Oil and Gas - Refining and Marketing,35__0,35,0.0,8. p75_trade_value,15360.0,8250.0,164.0,331.0,0.4954682779456193,0.55,2. BELOW BASELINE,265.0,551.0,0.4809437386569873
VNOM,Oils-Energy,Oil and Gas - Exploration and Production - United States,15__0,15,0.0,1. p999999_trade_value,44910.0,44910.0,0.0,1.0,0.0,0.55,2. BELOW BASELINE,0.0,1.0,0.0
VNOM,Oils-Energy,Oil and Gas - Exploration and Production - United States,15__0,15,0.0,6. p95_trade_value,43326.0,11718.0,3.0,3.0,1.0,0.55,2. BELOW BASELINE,3.0,4.0,0.75
VNOM,Oils-Energy,Oil and Gas - Exploration and Production - United States,15__0,15,0.0,7. p90_trade_value,11650.0,10500.0,1.0,2.0,0.5,0.55,2. BELOW BASELINE,4.0,6.0,0.6666666666666666
VNOM,Oils-Energy,Oil and Gas - Exploration and Production - United States,15__0,15,0.0,8. p75_trade_value,9000.0,7000.0,6.0,8.0,0.75,0.55,2. BELOW BASELINE,10.0,14.0,0.7142857142857143
VTLE,Oils-Energy,Alternative Energy - Other,20__0,20,0.0,1. p999999_trade_value,59000.0,59000.0,1.0,1.0,1.0,0.55,1. ABOVE BASELINE,1.0,1.0,1.0
VTLE,Oils-Energy,Alternative Energy - Other,20__0,20,0.0,5. p99_trade_value,52500.0,52500.0,1.0,1.0,1.0,0.55,1. ABOVE BASELINE,2.0,2.0,1.0
VTLE,Oils-Energy,Alternative Energy - Other,20__0,20,0.0,6. p95_trade_value,36800.0,26500.0,4.0,7.0,0.5714285714285714,0.55,1. ABOVE BASELINE,6.0,9.0,0.6666666666666666
VTLE,Oils-Energy,Alternative Energy - Other,20__0,20,0.0,7. p90_trade_value,25380.0,14375.0,7.0,8.0,0.875,0.55,1. ABOVE BASELINE,13.0,17.0,0.7647058823529411
VTLE,Oils-Energy,Alternative Energy - Other,20__0,20,0.0,8. p75_trade_value,13280.000000000002,7830.0,20.0,25.0,0.8,0.55,1. ABOVE BASELINE,33.0,42.0,0.7857142857142857
VTS,Oils-Energy,Oil and Gas - Exploration and Production - United States,10__0,10,0.0,1. p999999_trade_value,12000.0,12000.0,1.0,1.0,1.0,0.55,1. ABOVE BASELINE,1.0,1.0,1.0
VTS,Oils-Energy,Oil and Gas - Exploration and Production - United States,10__0,10,0.0,8. p75_trade_value,5400.0,5400.0,1.0,1.0,1.0,0.55,1. ABOVE BASELINE,2.0,2.0,1.0
WDS,Oils-Energy,Alternative Energy - Other,5__0,5,0.0,1. p999999_trade_value,3750.0,3750.0,1.0,1.0,1.0,0.55,1. ABOVE BASELINE,1.0,1.0,1.0
WES,Oils-Energy,Oil and Gas - Refining and Marketing - Master Limited Partnerships,20__0,20,0.0,1. p999999_trade_value,95472.0,95472.0,0.0,1.0,0.0,0.55,2. BELOW BASELINE,0.0,1.0,0.0
WES,Oils-Energy,Oil and Gas - Refining and Marketing - Master Limited Partnerships,20__0,20,0.0,6. p95_trade_value,80000.0,40320.0,2.0,4.0,0.5,0.55,2. BELOW BASELINE,2.0,5.0,0.4
WES,Oils-Energy,Oil and Gas - Refining and Marketing - Master Limited Partnerships,20__0,20,0.0,7. p90_trade_value,22080.0,16500.0,0.0,4.0,0.0,0.55,2. BELOW BASELINE,2.0,9.0,0.2222222222222222
WES,Oils-Energy,Oil and Gas - Refining and Marketing - Master Limited Partnerships,20__0,20,0.0,8. p75_trade_value,15090.0,8525.0,7.0,14.0,0.5,0.55,2. BELOW BASELINE,9.0,23.0,0.391304347826087
WFRD,Oils-Energy,Oil and Gas - Field Services,20__2,20,2.0,1. p999999_trade_value,611000.0,611000.0,0.0,1.0,0.0,0.55,2. BELOW BASELINE,0.0,1.0,0.0
WFRD,Oils-Energy,Oil and Gas - Field Services,20__2,20,2.0,6. p95_trade_value,484740.00000000006,202796.99999999997,3.0,4.0,0.75,0.55,2. BELOW BASELINE,3.0,5.0,0.6
WFRD,Oils-Energy,Oil and Gas - Field Services,20__2,20,2.0,7. p90_trade_value,185500.0,25000.0,2.0,5.0,0.4,0.55,2. BELOW BASELINE,5.0,10.0,0.5
WFRD,Oils-Energy,Oil and Gas - Field Services,20__2,20,2.0,8. p75_trade_value,23689.999999999996,6800.0,6.0,14.0,0.42857142857142855,0.55,2. BELOW BASELINE,11.0,24.0,0.4583333333333333
WHD,Oils-Energy,Oil and Gas - Integrated - United States,0__2,0,2.0,1. p999999_trade_value,6000.0,6000.0,1.0,1.0,1.0,0.55,1. ABOVE BASELINE,1.0,1.0,1.0
WMB,Oils-Energy,Oil and Gas - Production and Pipelines,30__0,30,0.0,1. p999999_trade_value,312000.0,312000.0,0.0,1.0,0.0,0.55,2. BELOW BASELINE,0.0,1.0,0.0
WMB,Oils-Energy,Oil and Gas - Production and Pipelines,30__0,30,0.0,5. p99_trade_value,296000.0,134730.0,1.0,6.0,0.16666666666666666,0.55,2. BELOW BASELINE,1.0,7.0,0.14285714285714285
WMB,Oils-Energy,Oil and Gas - Production and Pipelines,30__0,30,0.0,6. p95_trade_value,110000.0,54450.0,3.0,24.0,0.125,0.55,2. BELOW BASELINE,4.0,31.0,0.12903225806451613
WMB,Oils-Energy,Oil and Gas - Production and Pipelines,30__0,30,0.0,7. p90_trade_value,52079.99999999999,29639.999999999996,5.0,30.0,0.16666666666666666,0.55,2. BELOW BASELINE,9.0,61.0,0.14754098360655737
WMB,Oils-Energy,Oil and Gas - Production and Pipelines,30__0,30,0.0,8. p75_trade_value,29400.0,11000.000000000002,32.0,93.0,0.34408602150537637,0.55,2. BELOW BASELINE,41.0,154.0,0.2662337662337662
XIFR,Oils-Energy,Energy and Pipeline - Master Limited Partnerships,10__0,10,0.0,1. p999999_trade_value,11700.0,11700.0,1.0,1.0,1.0,0.55,1. ABOVE BASELINE,1.0,1.0,1.0
XIFR,Oils-Energy,Energy and Pipeline - Master Limited Partnerships,10__0,10,0.0,7. p90_trade_value,11400.0,11400.0,1.0,1.0,1.0,0.55,1. ABOVE BASELINE,2.0,2.0,1.0
XIFR,Oils-Energy,Energy and Pipeline - Master Limited Partnerships,10__0,10,0.0,8. p75_trade_value,9000.0,9000.0,0.0,1.0,0.0,0.55,2. BELOW BASELINE,2.0,3.0,0.6666666666666666
XOM,Oils-Energy,Oil and Gas - Integrated - International,40__0,40,0.0,1. p999999_trade_value,552900.0,552900.0,1.0,1.0,1.0,0.55,1. ABOVE BASELINE,1.0,1.0,1.0
XOM,Oils-Energy,Oil and Gas - Integrated - International,40__0,40,0.0,3. p9999_trade_value,500520.0,500520.0,0.0,1.0,0.0,0.55,2. BELOW BASELINE,1.0,2.0,0.5
XOM,Oils-Energy,Oil and Gas - Integrated - International,40__0,40,0.0,4. p999_trade_value,451178.0,283416.0,4.0,12.0,0.3333333333333333,0.55,2. BELOW BASELINE,5.0,14.0,0.35714285714285715
XOM,Oils-Energy,Oil and Gas - Integrated - International,40__0,40,0.0,5. p99_trade_value,282735.99999999994,78673.99999999999,66.0,121.0,0.5454545454545454,0.55,2. BELOW BASELINE,71.0,135.0,0.5259259259259259
XOM,Oils-Energy,Oil and Gas - Integrated - International,40__0,40,0.0,6. p95_trade_value,78227.00000000001,24753.000000000004,328.0,538.0,0.6096654275092936,0.55,2. BELOW BASELINE,399.0,673.0,0.5928677563150074
XOM,Oils-Energy,Oil and Gas - Integrated - International,40__0,40,0.0,7. p90_trade_value,24752.0,15799.0,370.0,673.0,0.549777117384844,0.55,2. BELOW BASELINE,769.0,1346.0,0.5713224368499257
XOM,Oils-Energy,Oil and Gas - Integrated - International,40__0,40,0.0,8. p75_trade_value,15795.000000000002,8624.0,1183.0,2019.0,0.5859336305101536,0.55,2. BELOW BASELINE,1952.0,3365.0,0.5800891530460625
XPRO,Oils-Energy,Oil and Gas - Production and Pipelines,0__2,0,2.0,1. p999999_trade_value,4260.0,4260.0,1.0,1.0,1.0,0.55,1. ABOVE BASELINE,1.0,1.0,1.0
YPF,Oils-Energy,Oil and Gas - Integrated - International,25__0,25,0.0,1. p999999_trade_value,324860.00000000006,324860.00000000006,1.0,1.0,1.0,0.55,1. ABOVE BASELINE,1.0,1.0,1.0
YPF,Oils-Energy,Oil and Gas - Integrated - International,25__0,25,0.0,5. p99_trade_value,78710.0,63579.99999999999,2.0,2.0,1.0,0.55,1. ABOVE BASELINE,3.0,3.0,1.0
YPF,Oils-Energy,Oil and Gas - Integrated - International,25__0,25,0.0,6. p95_trade_value,57629.99999999999,22000.000000000004,9.0,12.0,0.75,0.55,1. ABOVE BASELINE,12.0,15.0,0.8
YPF,Oils-Energy,Oil and Gas - Integrated - International,25__0,25,0.0,7. p90_trade_value,21080.0,14602.000000000002,12.0,15.0,0.8,0.55,1. ABOVE BASELINE,24.0,30.0,0.8
YPF,Oils-Energy,Oil and Gas - Integrated - International,25__0,25,0.0,8. p75_trade_value,14490.0,8670.0,33.0,45.0,0.7333333333333333,0.55,1. ABOVE BASELINE,57.0,75.0,0.76
