security,sector,industry,final_cluster,trade_volume_bin,cluster,trade_value_category,category_minimum,category_maximum,option_ticker,security_1,option_type,strike_price,expiration,conditions,correction,exchange,price,sip_timestamp,size,trade_value,data_date,min_trade_value,expiration_days_out,otm_range,option_condition_name,sector_1,industry_1,securty_open,security_high,security_low,security_close,trade_rank,trade_value_log10,number_of_bins,trade_value_bin,itm,itm_expiration_day,itm_expriation_close,otm
FOA,Finance,Financial - Mortgage & Related Services,5__0,5,0.0,1. p999999_trade_value,5865.0,5865.0,O:FOA250321C00022500,FOA,C,22.5,2025-03-21,209,0,325,0.85,1741703541519000000,69,5865.0,2025-03-11,3000.0,30,True,Automatic Execution,Finance,Financial - Mortgage & Related Services,20.91,21.4,20.475,21.2,1,3.768268016451548,20,1,1,0,0,0
FRGE,Finance,Financial - Miscellaneous Services,5__0,5,0.0,1. p999999_trade_value,5830.0,5830.0,O:FRGE250516C00015000,FRGE,C,15.0,2025-05-16,209,0,318,1.1,1745258117722000000,53,5830.0,2025-04-21,3000.0,30,True,Automatic Execution,Finance,Financial - Miscellaneous Services,8.8,12.96,8.8,12.3,1,3.765668554759014,20,1,1,0,0,0
FRHC,Finance,Financial - Miscellaneous Services,10__0,10,0.0,1. p999999_trade_value,12000.0,12000.0,O:FRHC241115P00105000,FRHC,P,105.0,2024-11-15,209,0,315,2.4,1730394585442000000,50,12000.0,2024-10-31,3000.0,30,True,Automatic Execution,Finance,Financial - Miscellaneous Services,110.68,111.28,108.3,108.4,1,4.079181246047625,20,1,1,0,0,0
FSK,Finance,Financial - SBIC & Commercial Industry,10__0,10,0.0,8. p75_trade_value,4800.0,6630.0,O:FSK240920P00020000,FSK,P,20.0,2024-09-20,209,0,308,0.6,1724872351218000000,80,4800.0,2024-08-28,3000.0,30,True,Automatic Execution,Finance,Financial - SBIC & Commercial Industry,20.2,20.2298,20.04,20.07,3,3.681241237375587,20,3,1,1,1,0
FSK,Finance,Financial - SBIC & Commercial Industry,10__0,10,0.0,8. p75_trade_value,4800.0,6630.0,O:FSK250417P00017500,FSK,P,17.5,2025-04-17,232,0,302,1.02,1744032633400000000,65,6630.0,2025-04-07,3000.0,30,True,Multi Leg auto-electronic trade,Finance,Financial - SBIC & Commercial Industry,18.33,19.36,17.95,18.44,2,3.821513528404773,20,2,1,0,0,0
FSK,Finance,Financial - SBIC & Commercial Industry,10__0,10,0.0,1. p999999_trade_value,9400.0,9400.0,O:FSK250417P00017500,FSK,P,17.5,2025-04-17,209,0,325,0.47,1744044406001000000,200,9400.0,2025-04-07,3000.0,30,True,Automatic Execution,Finance,Financial - SBIC & Commercial Industry,18.33,19.36,17.95,18.44,1,3.9731278535996988,20,1,1,0,0,0
GBDC,Finance,Financial - SBIC & Commercial Industry,0__2,0,2.0,1. p999999_trade_value,7450.0,7450.0,O:GBDC240920C00015000,GBDC,C,15.0,2024-09-20,209,0,308,0.1,1725902467202000000,745,7450.0,2024-09-09,3000.0,30,True,Automatic Execution,Finance,Financial - SBIC & Commercial Industry,14.85,14.925,14.74,14.75,1,3.8721562727482928,20,1,1,0,0,0
GLAD,Finance,Financial - SBIC & Commercial Industry,0__2,0,2.0,1. p999999_trade_value,3339.0,3339.0,O:GLAD250516C00025000,GLAD,C,25.0,2025-05-16,209,0,325,0.63,1745250740479000000,53,3339.0,2025-04-21,3000.0,30,True,Automatic Execution,Finance,Financial - SBIC & Commercial Industry,24.62,24.75,23.85,23.95,1,3.523616419054371,20,1,1,1,1,0
HASI,Finance,Financial - Miscellaneous Services,15__0,15,0.0,7. p90_trade_value,12000.0,60724.0,O:HASI240920C00035000,HASI,C,35.0,2024-09-20,233,0,323,0.38,1726153046810000000,1598,60724.0,2024-09-12,3000.0,30,True,Multi Leg Auction,Finance,Financial - Miscellaneous Services,33.55,34.71,33.23,34.65,3,4.783360371594783,20,2,1,1,0,0
HASI,Finance,Financial - Miscellaneous Services,15__0,15,0.0,8. p75_trade_value,7125.0,9600.0,O:HASI240920C00035000,HASI,C,35.0,2024-09-20,232,0,302,0.34,1726152982604000000,250,8500.0,2024-09-12,3000.0,30,True,Multi Leg auto-electronic trade,Finance,Financial - Miscellaneous Services,33.55,34.71,33.23,34.65,6,3.929418925714293,20,3,1,1,0,0
HASI,Finance,Financial - Miscellaneous Services,15__0,15,0.0,6. p95_trade_value,60762.0,60762.0,O:HASI240920C00035000,HASI,C,35.0,2024-09-20,233,0,323,0.38,1726153046810000000,1599,60762.0,2024-09-12,3000.0,30,True,Multi Leg Auction,Finance,Financial - Miscellaneous Services,33.55,34.71,33.23,34.65,2,4.783632060363045,20,1,1,1,0,0
HASI,Finance,Financial - Miscellaneous Services,15__0,15,0.0,1. p999999_trade_value,123422.0,123422.0,O:HASI241018C00035000,HASI,C,35.0,2024-10-18,227,0,323,0.26,1728582480075000000,4747,123422.0,2024-10-10,3000.0,30,True,Single Leg Auction Non ISO,Finance,Financial - Miscellaneous Services,34.23,34.72,33.034,33.16,1,5.091392579689178,20,1,1,1,1,0
HASI,Finance,Financial - Miscellaneous Services,15__0,15,0.0,8. p75_trade_value,7125.0,9600.0,O:HASI250321C00030000,HASI,C,30.0,2025-03-21,227,0,323,0.74,1740148469513000000,100,7400.0,2025-02-21,3000.0,30,True,Single Leg Auction Non ISO,Finance,Financial - Miscellaneous Services,29.24,29.47,27.88,28.04,7,3.8692317197309762,20,4,1,0,0,0
HASI,Finance,Financial - Miscellaneous Services,15__0,15,0.0,8. p75_trade_value,7125.0,9600.0,O:HASI250516C00025000,HASI,C,25.0,2025-05-16,209,0,308,0.95,1745336751477000000,75,7125.0,2025-04-22,3000.0,30,True,Automatic Execution,Finance,Financial - Miscellaneous Services,23.87,24.55,23.73,24.29,8,3.8527848686805477,20,4,1,1,1,0
HASI,Finance,Financial - Miscellaneous Services,15__0,15,0.0,8. p75_trade_value,7125.0,9600.0,O:HASI250516C00025000,HASI,C,25.0,2025-05-16,209,0,303,0.95,1745336034795000000,75,7125.0,2025-04-22,3000.0,30,True,Automatic Execution,Finance,Financial - Miscellaneous Services,23.87,24.55,23.73,24.29,9,3.8527848686805477,20,5,1,1,1,0
HASI,Finance,Financial - Miscellaneous Services,15__0,15,0.0,7. p90_trade_value,12000.0,60724.0,O:HASI250516C00025000,HASI,C,25.0,2025-05-16,209,0,309,1.0,1745335203780000000,120,12000.0,2025-04-22,3000.0,30,True,Automatic Execution,Finance,Financial - Miscellaneous Services,23.87,24.55,23.73,24.29,4,4.079181246047625,20,2,1,1,1,0
HASI,Finance,Financial - Miscellaneous Services,15__0,15,0.0,8. p75_trade_value,7125.0,9600.0,O:HASI250516P00022500,HASI,P,22.5,2025-05-16,209,0,308,0.4,1745602950220000000,240,9600.0,2025-04-25,3000.0,30,True,Automatic Execution,Finance,Financial - Miscellaneous Services,24.64,25.14,24.46,25.08,5,3.9822712330395684,20,3,0,0,0,1
HIVE,Finance,Financial - Miscellaneous Services,20__0,20,0.0,1. p999999_trade_value,93709.0,93709.0,O:HIVE250314C00002000,HIVE,C,2.0,2025-03-14,233,0,302,0.11,1741204964674000000,8519,93709.0,2025-03-05,3000.0,30,True,Multi Leg Auction,Finance,Financial - Miscellaneous Services,1.93,1.965,1.86,1.96,1,4.971781303402547,20,1,1,0,0,0
HUT,Finance,Financial - Miscellaneous Services,35__2,35,2.0,4. p999_trade_value,186138.0,245871.99999999997,O:HUT250530C00017000,HUT,C,17.0,2025-05-30,209,0,318,0.88,1747157905868000000,2794,245871.99999999997,2025-05-13,3000.0,30,True,Automatic Execution,Finance,Financial - Miscellaneous Services,16.285,16.65,15.6,16.5,2,5.390709073928332,20,1,1,0,0,0
HUT,Finance,Financial - Miscellaneous Services,35__2,35,2.0,1. p999999_trade_value,504000.0,504000.0,O:HUT250620C00017000,HUT,C,17.0,2025-06-20,235,0,300,1.26,1748441553689000000,4000,504000.0,2025-05-28,3000.0,30,True,Multi Leg floor trade,Finance,Financial - Miscellaneous Services,16.82,16.84,15.49,15.54,1,5.702430536445525,20,1,1,0,0,0
HUT,Finance,Financial - Miscellaneous Services,35__2,35,2.0,4. p999_trade_value,186138.0,245871.99999999997,O:HUT250606C00016500,HUT,C,16.5,2025-06-06,233,0,323,0.54,1748541305560000000,3447,186138.0,2025-05-29,3000.0,30,True,Multi Leg Auction,Finance,Financial - Miscellaneous Services,15.84,15.93,15.31,15.38,3,5.269835043230916,20,1,1,1,1,0
IBKR,Finance,Financial - Investment Bank,35__0,35,0.0,1. p999999_trade_value,501830.0,501830.0,O:IBKR250417P00140000,IBKR,P,140.0,2025-04-17,231,0,301,6.7,1743785019516000000,749,501830.0,2025-04-04,3000.0,30,True,Single Leg Floor Trade,Finance,Financial - Investment Bank,151.47,152.3,141.445,146.08,1,5.700556620400293,20,1,1,0,0,0
JEF,Finance,Financial - Miscellaneous Services,25__0,25,0.0,1. p999999_trade_value,56100.0,56100.0,O:JEF250417P00040000,JEF,P,40.0,2025-04-17,209,0,309,1.5,1743774120000000000,374,56100.0,2025-04-04,3000.0,30,True,Automatic Execution,Finance,Financial - Miscellaneous Services,45.73,46.34,41.625,43.14,1,4.748962861256161,20,1,1,0,0,0
KKR,Finance,Financial - Investment Management,35__0,35,0.0,4. p999_trade_value,325863.0,344655.0,O:KKR241018C00140000,KKR,C,140.0,2024-10-18,227,0,323,0.66,1727896077989000000,5211,343926.0,2024-10-02,3000.0,30,True,Single Leg Auction Non ISO,Finance,Financial - Investment Management,130.0,132.86,130.0,132.22,3,5.53646500870863,20,1,1,1,0,0
KKR,Finance,Financial - Investment Management,35__0,35,0.0,1. p999999_trade_value,360000.0,360000.0,O:KKR250117C00155000,KKR,C,155.0,2025-01-17,241,0,323,3.6,1734547142349000000,1000,360000.0,2024-12-18,3000.0,30,True,Stock Options Cross,Finance,Financial - Investment Management,151.87,152.25,142.83,142.96,1,5.556302500767287,20,1,1,1,1,0
KKR,Finance,Financial - Investment Management,35__0,35,0.0,4. p999_trade_value,325863.0,344655.0,O:KKR250131C00167500,KKR,C,167.5,2025-01-31,233,0,323,1.85,1737652010572000000,1863,344655.0,2025-01-23,3000.0,30,True,Multi Leg Auction,Finance,Financial - Investment Management,161.03,165.43,160.85,165.34,2,5.537384583299256,20,1,1,1,0,0
KKR,Finance,Financial - Investment Management,35__0,35,0.0,4. p999_trade_value,325863.0,344655.0,O:KKR250404P00113000,KKR,P,113.0,2025-04-04,233,0,323,2.43,1742580900410000000,1341,325863.0,2025-03-21,3000.0,30,True,Multi Leg Auction,Finance,Financial - Investment Management,115.0,117.15,113.82,116.5,4,5.513035051449911,20,1,1,1,1,0
LC,Finance,Financial - Miscellaneous Services,20__0,20,0.0,1. p999999_trade_value,64850.0,64850.0,O:LC241115C00016000,LC,C,16.0,2024-11-15,227,0,312,0.25,1730313411912000000,2594,64850.0,2024-10-30,3000.0,30,True,Single Leg Auction Non ISO,Finance,Financial - Miscellaneous Services,14.11,15.165,14.11,14.55,1,4.811909980420099,20,1,1,0,0,0
LU,Finance,Financial - Miscellaneous Services,15__0,15,0.0,1. p999999_trade_value,22500.0,22500.0,O:LU250321P00003000,LU,P,3.0,2025-03-21,209,0,320,0.15,1741362169189000000,1500,22500.0,2025-03-07,3000.0,30,True,Automatic Execution,Finance,Financial - Miscellaneous Services,3.24,3.2454,3.12,3.16,1,4.352182518111363,20,1,1,1,0,0
LX,Finance,Financial - Consumer Loans,20__0,20,0.0,8. p75_trade_value,7500.0,11269.999999999998,O:LX241018C00007500,LX,C,7.5,2024-10-18,209,0,300,0.25,1727876578063000000,381,9525.0,2024-10-02,3000.0,30,True,Automatic Execution,Finance,Financial - Consumer Loans,3.97,4.7,3.08,3.3,19,3.978864984347657,20,4,0,0,0,1
LX,Finance,Financial - Consumer Loans,20__0,20,0.0,6. p95_trade_value,17250.0,25000.0,O:LX241018C00005000,LX,C,5.0,2024-10-18,209,0,304,0.15,1727965553557000000,1150,17250.0,2024-10-03,3000.0,30,True,Automatic Execution,Finance,Financial - Consumer Loans,3.13,3.565,3.03,3.4,6,4.236789099409293,20,1,0,0,0,1
LX,Finance,Financial - Consumer Loans,20__0,20,0.0,6. p95_trade_value,17250.0,25000.0,O:LX241220C00005000,LX,C,5.0,2024-12-20,227,0,309,0.25,1732650090157000000,998,24950.0,2024-11-26,3000.0,30,True,Single Leg Auction Non ISO,Finance,Financial - Consumer Loans,3.63,4.36,3.33,4.27,4,4.397070549959409,20,1,1,1,1,0
LX,Finance,Financial - Consumer Loans,20__0,20,0.0,8. p75_trade_value,7500.0,11269.999999999998,O:LX250321C00010000,LX,C,10.0,2025-03-21,209,0,323,0.75,1740154733314000000,100,7500.0,2025-02-21,3000.0,30,True,Automatic Execution,Finance,Financial - Consumer Loans,9.285,9.615,8.815,9.36,26,3.8750612633917,20,5,1,1,1,0
LX,Finance,Financial - Consumer Loans,20__0,20,0.0,8. p75_trade_value,7500.0,11269.999999999998,O:LX250321C00010000,LX,C,10.0,2025-03-21,209,0,304,0.5,1740580220591000000,200,10000.0,2025-02-26,3000.0,30,True,Automatic Execution,Finance,Financial - Consumer Loans,8.67,9.32,8.51,9.12,17,4.0,20,3,1,1,1,0
LX,Finance,Financial - Consumer Loans,20__0,20,0.0,8. p75_trade_value,7500.0,11269.999999999998,O:LX250321C00010000,LX,C,10.0,2025-03-21,209,0,320,0.7,1741204295098000000,161,11269.999999999998,2025-03-05,3000.0,30,True,Automatic Execution,Finance,Financial - Consumer Loans,8.95,9.82,8.895,9.81,12,4.051923916046107,20,2,1,1,1,0
LX,Finance,Financial - Consumer Loans,20__0,20,0.0,6. p95_trade_value,17250.0,25000.0,O:LX250321C00010000,LX,C,10.0,2025-03-21,209,0,315,0.5,1741187261967000000,500,25000.0,2025-03-05,3000.0,30,True,Automatic Execution,Finance,Financial - Consumer Loans,8.95,9.82,8.895,9.81,3,4.3979400086720375,20,1,1,1,1,0
LX,Finance,Financial - Consumer Loans,20__0,20,0.0,7. p90_trade_value,11424.0,16188.0,O:LX250321P00010000,LX,P,10.0,2025-03-21,209,0,309,0.4,1742311369173000000,300,12000.0,2025-03-18,3000.0,30,True,Automatic Execution,Finance,Financial - Consumer Loans,10.54,10.745,10.14,10.59,9,4.079181246047625,20,2,1,0,0,0
LX,Finance,Financial - Consumer Loans,20__0,20,0.0,6. p95_trade_value,17250.0,25000.0,O:LX250417P00010000,LX,P,10.0,2025-04-17,209,0,308,1.05,1742310196448000000,200,21000.0,2025-03-18,3000.0,30,True,Automatic Execution,Finance,Financial - Consumer Loans,10.54,10.745,10.14,10.59,5,4.3222192947339195,20,1,1,1,1,0
LX,Finance,Financial - Consumer Loans,20__0,20,0.0,8. p75_trade_value,7500.0,11269.999999999998,O:LX250417P00010000,LX,P,10.0,2025-04-17,227,0,309,0.96,1742305799023000000,100,9600.0,2025-03-18,3000.0,30,True,Single Leg Auction Non ISO,Finance,Financial - Consumer Loans,10.54,10.745,10.14,10.59,18,3.9822712330395684,20,4,1,1,1,0
LX,Finance,Financial - Consumer Loans,20__0,20,0.0,8. p75_trade_value,7500.0,11269.999999999998,O:LX250417P00010000,LX,P,10.0,2025-04-17,227,0,309,1.06,1742310898444000000,77,8162.0,2025-03-18,3000.0,30,True,Single Leg Auction Non ISO,Finance,Financial - Consumer Loans,10.54,10.745,10.14,10.59,22,3.9117965904372523,20,4,1,1,1,0
LX,Finance,Financial - Consumer Loans,20__0,20,0.0,8. p75_trade_value,7500.0,11269.999999999998,O:LX250417P00010000,LX,P,10.0,2025-04-17,209,0,316,1.05,1742310828309000000,101,10605.000000000002,2025-03-18,3000.0,30,True,Automatic Execution,Finance,Financial - Consumer Loans,10.54,10.745,10.14,10.59,13,4.0255106728525805,20,3,1,1,1,0
LX,Finance,Financial - Consumer Loans,20__0,20,0.0,7. p90_trade_value,11424.0,16188.0,O:LX250417P00010000,LX,P,10.0,2025-04-17,227,0,309,1.02,1742311005844000000,112,11424.0,2025-03-18,3000.0,30,True,Single Leg Auction Non ISO,Finance,Financial - Consumer Loans,10.54,10.745,10.14,10.59,11,4.057818194432099,20,2,1,1,1,0
LX,Finance,Financial - Consumer Loans,20__0,20,0.0,8. p75_trade_value,7500.0,11269.999999999998,O:LX250417P00010000,LX,P,10.0,2025-04-17,209,0,313,0.8,1742485050575000000,100,8000.0,2025-03-20,3000.0,30,True,Automatic Execution,Finance,Financial - Consumer Loans,10.63,11.25,10.3,10.52,23,3.9030899869919438,20,5,1,1,1,0
LX,Finance,Financial - Consumer Loans,20__0,20,0.0,7. p90_trade_value,11424.0,16188.0,O:LX250417P00010000,LX,P,10.0,2025-04-17,227,0,301,0.51,1742824423795000000,282,14382.0,2025-03-24,3000.0,30,True,Single Leg Auction Non ISO,Finance,Financial - Consumer Loans,10.85,11.38,10.44,11.06,8,4.157819284417298,20,2,1,1,1,0
LX,Finance,Financial - Consumer Loans,20__0,20,0.0,8. p75_trade_value,7500.0,11269.999999999998,O:LX250417P00010000,LX,P,10.0,2025-04-17,209,0,308,0.55,1742824266984000000,150,8250.0,2025-03-24,3000.0,30,True,Automatic Execution,Finance,Financial - Consumer Loans,10.85,11.38,10.44,11.06,21,3.916453948549925,20,4,1,1,1,0
LX,Finance,Financial - Consumer Loans,20__0,20,0.0,8. p75_trade_value,7500.0,11269.999999999998,O:LX250417P00010000,LX,P,10.0,2025-04-17,209,0,316,0.5,1742824461037000000,154,7700.0,2025-03-24,3000.0,30,True,Automatic Execution,Finance,Financial - Consumer Loans,10.85,11.38,10.44,11.06,25,3.886490725172482,20,5,1,1,1,0
LX,Finance,Financial - Consumer Loans,20__0,20,0.0,8. p75_trade_value,7500.0,11269.999999999998,O:LX250417P00010000,LX,P,10.0,2025-04-17,219,0,300,0.55,1742919433717000000,186,10230.000000000002,2025-03-25,3000.0,30,True,Intermarket Sweep Order,Finance,Financial - Consumer Loans,10.51,10.86,10.305,10.58,15,4.00987563371216,20,3,1,1,1,0
LX,Finance,Financial - Consumer Loans,20__0,20,0.0,7. p90_trade_value,11424.0,16188.0,O:LX250417P00010000,LX,P,10.0,2025-04-17,219,0,302,0.55,1742919433720000000,218,11990.0,2025-03-25,3000.0,30,True,Intermarket Sweep Order,Finance,Financial - Consumer Loans,10.51,10.86,10.305,10.58,10,4.078819183098848,20,2,1,1,1,0
LX,Finance,Financial - Consumer Loans,20__0,20,0.0,8. p75_trade_value,7500.0,11269.999999999998,O:LX250417P00010000,LX,P,10.0,2025-04-17,219,0,301,0.55,1742919433717000000,189,10395.0,2025-03-25,3000.0,30,True,Intermarket Sweep Order,Finance,Financial - Consumer Loans,10.51,10.86,10.305,10.58,14,4.016824493667488,20,3,1,1,1,0
LX,Finance,Financial - Consumer Loans,20__0,20,0.0,8. p75_trade_value,7500.0,11269.999999999998,O:LX250417P00010000,LX,P,10.0,2025-04-17,219,0,308,0.55,1742919433717000000,184,10120.0,2025-03-25,3000.0,30,True,Intermarket Sweep Order,Finance,Financial - Consumer Loans,10.51,10.86,10.305,10.58,16,4.00518051250378,20,3,1,1,1,0
LX,Finance,Financial - Consumer Loans,20__0,20,0.0,8. p75_trade_value,7500.0,11269.999999999998,O:LX250417P00010000,LX,P,10.0,2025-04-17,209,0,312,0.55,1742919433718000000,151,8305.000000000002,2025-03-25,3000.0,30,True,Automatic Execution,Finance,Financial - Consumer Loans,10.51,10.86,10.305,10.58,20,3.9193396367874134,20,4,1,1,1,0
LX,Finance,Financial - Consumer Loans,20__0,20,0.0,8. p75_trade_value,7500.0,11269.999999999998,O:LX250417P00010000,LX,P,10.0,2025-04-17,219,0,302,0.55,1742919433720000000,143,7865.000000000001,2025-03-25,3000.0,30,True,Intermarket Sweep Order,Finance,Financial - Consumer Loans,10.51,10.86,10.305,10.58,24,3.8956987269593055,20,5,1,1,1,0
LX,Finance,Financial - Consumer Loans,20__0,20,0.0,5. p99_trade_value,30525.0,30525.0,O:LX250417P00010000,LX,P,10.0,2025-04-17,219,0,323,0.55,1742919433718000000,555,30525.0,2025-03-25,3000.0,30,True,Intermarket Sweep Order,Finance,Financial - Consumer Loans,10.51,10.86,10.305,10.58,2,4.48465567261692,20,1,1,1,1,0
LX,Finance,Financial - Consumer Loans,20__0,20,0.0,1. p999999_trade_value,72600.00000000001,72600.00000000001,O:LX250417P00010000,LX,P,10.0,2025-04-17,219,0,309,0.55,1742919433717000000,1320,72600.00000000001,2025-03-25,3000.0,30,True,Intermarket Sweep Order,Finance,Financial - Consumer Loans,10.51,10.86,10.305,10.58,1,4.860936620700094,20,1,1,1,1,0
LX,Finance,Financial - Consumer Loans,20__0,20,0.0,7. p90_trade_value,11424.0,16188.0,O:LX250516C00007500,LX,C,7.5,2025-05-16,227,0,309,0.57,1744899618521000000,284,16188.0,2025-04-17,3000.0,30,True,Single Leg Auction Non ISO,Finance,Financial - Consumer Loans,7.09,7.19,6.91,6.99,7,4.209193195719529,20,2,1,1,1,0
MARA,Finance,Financial - Miscellaneous Services,45__1,45,1.0,1. p999999_trade_value,1245075.0,1245075.0,O:MARA250214C00018000,MARA,C,18.0,2025-02-14,233,0,304,0.65,1738768089170000000,19155,1245075.0,2025-02-05,3000.0,30,True,Multi Leg Auction,Finance,Financial - Miscellaneous Services,17.84,17.94,17.02,17.03,1,6.095195512961952,20,1,0,0,0,1
MARA,Finance,Financial - Miscellaneous Services,45__1,45,1.0,3. p9999_trade_value,1018470.0000000001,1067580.0,O:MARA250221C00017000,MARA,C,17.0,2025-02-21,233,0,304,0.47,1739461035944000000,22455,1055384.9999999998,2025-02-13,3000.0,30,True,Multi Leg Auction,Finance,Financial - Miscellaneous Services,16.17,16.95,15.88,16.91,3,6.023410917334451,20,1,1,0,0,0
MARA,Finance,Financial - Miscellaneous Services,45__1,45,1.0,3. p9999_trade_value,1018470.0000000001,1067580.0,O:MARA250321C00013500,MARA,C,13.5,2025-03-21,233,0,304,0.36,1741960462119000000,29655,1067580.0,2025-03-14,3000.0,30,True,Multi Leg Auction,Finance,Financial - Miscellaneous Services,12.51,13.34,12.385,13.18,2,6.02840042913664,20,1,0,0,0,1
MARA,Finance,Financial - Miscellaneous Services,45__1,45,1.0,3. p9999_trade_value,1018470.0000000001,1067580.0,O:MARA250328C00012500,MARA,C,12.5,2025-03-28,233,0,304,0.34,1742579963844000000,29955,1018470.0000000001,2025-03-21,3000.0,30,True,Multi Leg Auction,Finance,Financial - Miscellaneous Services,12.26,12.48,12.08,12.38,5,6.007948240968639,20,1,1,1,0,0
MARA,Finance,Financial - Miscellaneous Services,45__1,45,1.0,3. p9999_trade_value,1018470.0000000001,1067580.0,O:MARA250417C00013000,MARA,C,13.0,2025-04-17,233,0,300,0.34,1744386310559000000,29955,1018470.0000000001,2025-04-11,3000.0,30,True,Multi Leg Auction,Finance,Financial - Miscellaneous Services,11.89,12.62,11.7301,12.51,4,6.007948240968639,20,1,1,0,0,0
MC,Finance,Financial - Investment Bank,15__0,15,0.0,1. p999999_trade_value,88000.00000000001,88000.00000000001,O:MC250221C00080000,MC,C,80.0,2025-02-21,231,0,301,2.2,1738610646936000000,400,88000.00000000001,2025-02-03,3000.0,30,True,Single Leg Floor Trade,Finance,Financial - Investment Bank,75.0,77.65,74.63,77.58,1,4.944482672150169,20,1,1,0,0,0
MC,Finance,Financial - Investment Bank,15__0,15,0.0,8. p75_trade_value,16000.0,48000.0,O:MC250221C00080000,MC,C,80.0,2025-02-21,227,0,323,2.1,1738611315038000000,100,21000.0,2025-02-03,3000.0,30,True,Single Leg Auction Non ISO,Finance,Financial - Investment Bank,75.0,77.65,74.63,77.58,6,4.3222192947339195,20,3,1,0,0,0
MC,Finance,Financial - Investment Bank,15__0,15,0.0,7. p90_trade_value,55199.0,55199.0,O:MC250221C00080000,MC,C,80.0,2025-02-21,227,0,323,1.91,1738609403036000000,289,55199.0,2025-02-03,3000.0,30,True,Single Leg Auction Non ISO,Finance,Financial - Investment Bank,75.0,77.65,74.63,77.58,3,4.741931210004275,20,2,1,0,0,0
MC,Finance,Financial - Investment Bank,15__0,15,0.0,6. p95_trade_value,61388.0,61388.0,O:MC250221C00080000,MC,C,80.0,2025-02-21,227,0,323,2.06,1738610311328000000,298,61388.0,2025-02-03,3000.0,30,True,Single Leg Auction Non ISO,Finance,Financial - Investment Bank,75.0,77.65,74.63,77.58,2,4.7880834844454085,20,1,1,0,0,0
MC,Finance,Financial - Investment Bank,15__0,15,0.0,8. p75_trade_value,16000.0,48000.0,O:MC250221C00080000,MC,C,80.0,2025-02-21,227,0,309,1.89,1738608153467000000,100,18900.0,2025-02-03,3000.0,30,True,Single Leg Auction Non ISO,Finance,Financial - Investment Bank,75.0,77.65,74.63,77.58,7,4.276461804173244,20,4,1,0,0,0
MC,Finance,Financial - Investment Bank,15__0,15,0.0,8. p75_trade_value,16000.0,48000.0,O:MC250221C00080000,MC,C,80.0,2025-02-21,227,0,323,2.02,1738608433556000000,200,40400.0,2025-02-03,3000.0,30,True,Single Leg Auction Non ISO,Finance,Financial - Investment Bank,75.0,77.65,74.63,77.58,5,4.606381365110605,20,3,1,0,0,0
MC,Finance,Financial - Investment Bank,15__0,15,0.0,8. p75_trade_value,16000.0,48000.0,O:MC250221C00080000,MC,C,80.0,2025-02-21,209,0,308,3.2,1738684893994000000,50,16000.0,2025-02-04,3000.0,30,True,Automatic Execution,Finance,Financial - Investment Bank,78.0,79.94,77.59,77.61,8,4.204119982655925,20,4,1,0,0,0
MC,Finance,Financial - Investment Bank,15__0,15,0.0,8. p75_trade_value,16000.0,48000.0,O:MC250221C00080000,MC,C,80.0,2025-02-21,209,0,320,3.2,1738683827266000000,150,48000.0,2025-02-04,3000.0,30,True,Automatic Execution,Finance,Financial - Investment Bank,78.0,79.94,77.59,77.61,4,4.681241237375588,20,2,1,0,0,0
MCO,Finance,Financial - Miscellaneous Services,25__0,25,0.0,5. p99_trade_value,41820.0,64350.0,O:MCO240920C00490000,MCO,C,490.0,2024-09-20,209,0,320,6.5,1724948581835000000,99,64350.0,2024-08-29,3000.0,30,True,Automatic Execution,Finance,Financial - Miscellaneous Services,483.47,486.56,482.02,483.06,2,4.808548551240405,20,1,1,1,1,0
MCO,Finance,Financial - Miscellaneous Services,25__0,25,0.0,1. p999999_trade_value,100000.0,100000.0,O:MCO250221C00510000,MCO,C,510.0,2025-02-21,209,0,308,10.0,1738945229633000000,100,100000.0,2025-02-07,3000.0,30,True,Automatic Execution,Finance,Financial - Miscellaneous Services,501.67,506.2744,500.4601,503.3,1,5.0,20,1,1,1,0,0
MCO,Finance,Financial - Miscellaneous Services,25__0,25,0.0,5. p99_trade_value,41820.0,64350.0,O:MCO250321C00520000,MCO,C,520.0,2025-03-21,235,0,313,4.1,1740162802782000000,102,41820.0,2025-02-21,3000.0,30,True,Multi Leg floor trade,Finance,Financial - Miscellaneous Services,507.76,511.6,499.01,500.28,5,4.621384028481653,20,1,0,0,0,1
MCO,Finance,Financial - Miscellaneous Services,25__0,25,0.0,5. p99_trade_value,41820.0,64350.0,O:MCO250516C00470000,MCO,C,470.0,2025-05-16,231,0,313,1.3,1745348410150000000,400,52000.0,2025-04-22,3000.0,30,True,Single Leg Floor Trade,Finance,Financial - Miscellaneous Services,420.99,431.64,409.0,429.87,4,4.7160033436347994,20,1,1,1,1,0
MCO,Finance,Financial - Miscellaneous Services,25__0,25,0.0,5. p99_trade_value,41820.0,64350.0,O:MCO250516C00470000,MCO,C,470.0,2025-05-16,231,0,313,0.5,1745333052000000000,1187,59350.0,2025-04-22,3000.0,30,True,Single Leg Floor Trade,Finance,Financial - Miscellaneous Services,420.99,431.64,409.0,429.87,3,4.77342072329061,20,1,1,1,1,0
MS,Finance,Financial - Investment Bank,40__0,40,0.0,4. p999_trade_value,273000.0,670000.0,O:MS250321C00120000,MS,C,120.0,2025-03-21,241,0,323,3.05,1741380917535000000,2000,610000.0,2025-03-07,3000.0,30,True,Stock Options Cross,Finance,Financial - Investment Bank,118.725,119.49,115.454,119.29,3,5.785329835010767,20,1,1,1,1,0
MS,Finance,Financial - Investment Bank,40__0,40,0.0,4. p999_trade_value,273000.0,670000.0,O:MS250321P00110000,MS,P,110.0,2025-03-21,234,0,313,2.54,1741701656628000000,1500,381000.0,2025-03-11,3000.0,30,True,Multi Leg Cross,Finance,Financial - Investment Bank,111.71,113.51,110.34,112.04,4,5.580924975675619,20,1,0,0,0,1
MS,Finance,Financial - Investment Bank,40__0,40,0.0,4. p999_trade_value,273000.0,670000.0,O:MS250321C00120000,MS,C,120.0,2025-03-21,241,0,323,0.91,1742228464550000000,3000,273000.0,2025-03-17,3000.0,30,True,Stock Options Cross,Finance,Financial - Investment Bank,114.97,119.3,114.84,117.96,6,5.4361626470407565,20,1,1,1,1,0
MS,Finance,Financial - Investment Bank,40__0,40,0.0,1. p999999_trade_value,936000.0,936000.0,O:MS250321C00120000,MS,C,120.0,2025-03-21,241,0,323,1.56,1742239928463000000,6000,936000.0,2025-03-17,3000.0,30,True,Stock Options Cross,Finance,Financial - Investment Bank,114.97,119.3,114.84,117.96,1,5.971275848738105,20,1,1,1,1,0
MS,Finance,Financial - Investment Bank,40__0,40,0.0,4. p999_trade_value,273000.0,670000.0,O:MS250417C00120000,MS,C,120.0,2025-04-17,234,0,313,2.53,1743536916003000000,1500,379499.99999999994,2025-04-01,3000.0,30,True,Multi Leg Cross,Finance,Financial - Investment Bank,115.985,116.88,113.5387,115.74,5,5.579211780231499,20,1,1,0,0,0
MS,Finance,Financial - Investment Bank,40__0,40,0.0,4. p999_trade_value,273000.0,670000.0,O:MS250417P00105000,MS,P,105.0,2025-04-17,241,0,323,3.35,1743709730168000000,2000,670000.0,2025-04-03,3000.0,30,True,Stock Options Cross,Finance,Financial - Investment Bank,110.11,111.39,106.88,107.93,2,5.826074802700826,20,1,1,0,0,0
OPY,Finance,Financial - Investment Bank,10__0,10,0.0,1. p999999_trade_value,10450.000000000002,10450.000000000002,O:OPY241115C00060000,OPY,C,60.0,2024-11-15,209,0,308,1.1,1730135802018000000,95,10450.000000000002,2024-10-28,3000.0,30,True,Automatic Execution,Finance,Financial - Investment Bank,54.55,59.06,54.4389,57.64,1,4.019116290447073,20,1,1,1,0,0
OPY,Finance,Financial - Investment Bank,10__0,10,0.0,7. p90_trade_value,9720.0,9720.0,O:OPY250516C00060000,OPY,C,60.0,2025-05-16,209,0,308,1.35,1745848231281000000,72,9720.0,2025-04-28,3000.0,30,True,Automatic Execution,Finance,Financial - Investment Bank,58.67,59.82,57.66,58.15,3,3.9876662649262746,20,3,1,1,1,0
OPY,Finance,Financial - Investment Bank,10__0,10,0.0,7. p90_trade_value,9720.0,9720.0,O:OPY250516C00060000,OPY,C,60.0,2025-05-16,209,0,308,1.35,1745848231281000000,72,9720.0,2025-04-28,3000.0,30,True,Automatic Execution,Finance,Financial - Investment Bank,58.67,59.82,57.66,58.15,2,3.9876662649262746,20,2,1,1,1,0
OWL,Finance,Financial - Investment Management,25__0,25,0.0,1. p999999_trade_value,495300.0,495300.0,O:OWL250221P00024000,OWL,P,24.0,2025-02-21,235,0,300,0.39,1738338010758000000,12700,495300.0,2025-01-31,3000.0,30,True,Multi Leg floor trade,Finance,Financial - Investment Management,26.09,26.35,25.87,26.01,1,5.694868327982456,20,1,1,1,1,0
PGY,Finance,Financial - Miscellaneous Services,25__0,25,0.0,6. p95_trade_value,29250.0,42100.0,O:PGY241018C00013000,PGY,C,13.0,2024-10-18,227,0,323,0.68,1727289907399000000,500,34000.0,2024-09-25,3000.0,30,True,Single Leg Auction Non ISO,Finance,Financial - Miscellaneous Services,11.85,12.62,11.85,12.45,15,4.531478917042255,20,1,0,0,0,1
PGY,Finance,Financial - Miscellaneous Services,25__0,25,0.0,5. p99_trade_value,42415.0,46670.0,O:PGY241115C00012000,PGY,C,12.0,2024-11-15,209,0,320,1.3,1729095126426000000,359,46670.0,2024-10-16,3000.0,30,True,Automatic Execution,Finance,Financial - Miscellaneous Services,10.95,11.87,10.64,11.81,2,4.669037800885156,20,1,1,0,0,0
PGY,Finance,Financial - Miscellaneous Services,25__0,25,0.0,1. p999999_trade_value,63440.0,63440.0,O:PGY241115C00012000,PGY,C,12.0,2024-11-15,209,0,302,1.3,1729096382341000000,488,63440.0,2024-10-16,3000.0,30,True,Automatic Execution,Finance,Financial - Miscellaneous Services,10.95,11.87,10.64,11.81,1,4.802363174309547,20,1,1,0,0,0
PGY,Finance,Financial - Miscellaneous Services,25__0,25,0.0,6. p95_trade_value,29250.0,42100.0,O:PGY241115C00012000,PGY,C,12.0,2024-11-15,209,0,320,1.35,1729102931056000000,264,35640.0,2024-10-16,3000.0,30,True,Automatic Execution,Finance,Financial - Miscellaneous Services,10.95,11.87,10.64,11.81,14,4.551937695364837,20,1,1,0,0,0
PGY,Finance,Financial - Miscellaneous Services,25__0,25,0.0,6. p95_trade_value,29250.0,42100.0,O:PGY241115C00014000,PGY,C,14.0,2024-11-15,232,0,312,0.63,1729260170557000000,500,31500.0,2024-10-18,3000.0,30,True,Multi Leg auto-electronic trade,Finance,Financial - Miscellaneous Services,11.35,11.98,11.35,11.62,17,4.498310553789601,20,1,1,0,0,0
PGY,Finance,Financial - Miscellaneous Services,25__0,25,0.0,5. p99_trade_value,42415.0,46670.0,O:PGY241115C00013000,PGY,C,13.0,2024-11-15,227,0,308,0.85,1729519723680000000,499,42415.0,2024-10-21,3000.0,30,True,Single Leg Auction Non ISO,Finance,Financial - Miscellaneous Services,11.6,11.95,11.35,11.92,4,4.627519471337683,20,1,1,0,0,0
PGY,Finance,Financial - Miscellaneous Services,25__0,25,0.0,6. p95_trade_value,29250.0,42100.0,O:PGY241115C00012000,PGY,C,12.0,2024-11-15,227,0,323,1.17,1729695454588000000,250,29250.0,2024-10-23,3000.0,30,True,Single Leg Auction Non ISO,Finance,Financial - Miscellaneous Services,11.91,11.96,10.83671,10.96,18,4.4661258704182,20,1,1,0,0,0
PGY,Finance,Financial - Miscellaneous Services,25__0,25,0.0,6. p95_trade_value,29250.0,42100.0,O:PGY241115P00011000,PGY,P,11.0,2024-11-15,231,0,301,0.9,1730404442398000000,428,38520.0,2024-10-31,3000.0,30,True,Single Leg Floor Trade,Finance,Financial - Miscellaneous Services,12.27,12.35,11.5,11.52,10,4.5856862784524965,20,1,1,1,1,0
PGY,Finance,Financial - Miscellaneous Services,25__0,25,0.0,6. p95_trade_value,29250.0,42100.0,O:PGY241115P00011000,PGY,P,11.0,2024-11-15,231,0,301,0.85,1730404442398000000,428,36380.0,2024-10-31,3000.0,30,True,Single Leg Floor Trade,Finance,Financial - Miscellaneous Services,12.27,12.35,11.5,11.52,12,4.560862694727465,20,1,1,1,1,0
PGY,Finance,Financial - Miscellaneous Services,25__0,25,0.0,6. p95_trade_value,29250.0,42100.0,O:PGY241115P00011000,PGY,P,11.0,2024-11-15,231,0,301,0.8,1730470886114000000,400,32000.0,2024-11-01,3000.0,30,True,Single Leg Floor Trade,Finance,Financial - Miscellaneous Services,11.57,12.06,11.52,11.68,16,4.505149978319906,20,1,1,1,1,0
PGY,Finance,Financial - Miscellaneous Services,25__0,25,0.0,5. p99_trade_value,42415.0,46670.0,O:PGY241115P00011000,PGY,P,11.0,2024-11-15,231,0,301,0.9,1730486550502000000,495,44550.0,2024-11-01,3000.0,30,True,Single Leg Floor Trade,Finance,Financial - Miscellaneous Services,11.57,12.06,11.52,11.68,3,4.648847708372894,20,1,1,1,1,0
PGY,Finance,Financial - Miscellaneous Services,25__0,25,0.0,6. p95_trade_value,29250.0,42100.0,O:PGY241115C00015000,PGY,C,15.0,2024-11-15,219,0,316,1.4,1731095325751000000,283,39620.0,2024-11-08,3000.0,30,True,Intermarket Sweep Order,Finance,Financial - Miscellaneous Services,13.15,14.86,12.9,14.62,6,4.597914471202528,20,1,1,0,0,0
PGY,Finance,Financial - Miscellaneous Services,25__0,25,0.0,6. p95_trade_value,29250.0,42100.0,O:PGY241115P00013000,PGY,P,13.0,2024-11-15,229,0,302,0.39,1731342624846000000,1000,39000.0,2024-11-11,3000.0,30,True,Single Leg Cross Non ISO,Finance,Financial - Miscellaneous Services,15.14,17.2,14.95,16.89,8,4.5910646070264995,20,1,1,1,1,0
PGY,Finance,Financial - Miscellaneous Services,25__0,25,0.0,6. p95_trade_value,29250.0,42100.0,O:PGY241115P00013000,PGY,P,13.0,2024-11-15,229,0,302,0.39,1731354673495000000,1000,39000.0,2024-11-11,3000.0,30,True,Single Leg Cross Non ISO,Finance,Financial - Miscellaneous Services,15.14,17.2,14.95,16.89,9,4.5910646070264995,20,1,1,1,1,0
PGY,Finance,Financial - Miscellaneous Services,25__0,25,0.0,6. p95_trade_value,29250.0,42100.0,O:PGY241115P00013000,PGY,P,13.0,2024-11-15,229,0,302,0.38,1731348889635000000,1000,38000.0,2024-11-11,3000.0,30,True,Single Leg Cross Non ISO,Finance,Financial - Miscellaneous Services,15.14,17.2,14.95,16.89,11,4.57978359661681,20,1,1,1,1,0
PGY,Finance,Financial - Miscellaneous Services,25__0,25,0.0,6. p95_trade_value,29250.0,42100.0,O:PGY250221C00015000,PGY,C,15.0,2025-02-21,209,0,313,0.5,1739198335049000000,842,42100.0,2025-02-10,3000.0,30,True,Automatic Execution,Finance,Financial - Miscellaneous Services,13.0,13.1011,12.6,13.01,5,4.624282095835668,20,1,1,1,0,0
PGY,Finance,Financial - Miscellaneous Services,25__0,25,0.0,6. p95_trade_value,29250.0,42100.0,O:PGY250221P00010000,PGY,P,10.0,2025-02-21,235,0,313,0.8,1739294428629000000,450,36000.0,2025-02-11,3000.0,30,True,Multi Leg floor trade,Finance,Financial - Miscellaneous Services,13.3,13.39,10.84,11.315,13,4.556302500767287,20,1,0,0,0,1
PGY,Finance,Financial - Miscellaneous Services,25__0,25,0.0,6. p95_trade_value,29250.0,42100.0,O:PGY250321C00019000,PGY,C,19.0,2025-03-21,209,0,308,1.15,1739975642648000000,340,39099.99999999999,2025-02-19,3000.0,30,True,Automatic Execution,Finance,Financial - Miscellaneous Services,17.27,17.6,16.455,16.5,7,4.592176757395867,20,1,0,0,0,1
PIPR,Finance,Financial - Investment Bank,10__0,10,0.0,8. p75_trade_value,13800.0,13800.0,O:PIPR241115C00290000,PIPR,C,290.0,2024-11-15,209,0,322,6.0,1730218031885000000,23,13800.0,2024-10-29,3000.0,30,True,Automatic Execution,Finance,Financial - Investment Bank,286.88,289.02,284.37,288.73,2,4.139879086401237,20,2,1,1,1,0
PIPR,Finance,Financial - Investment Bank,10__0,10,0.0,1. p999999_trade_value,14880.000000000002,14880.000000000002,O:PIPR241115C00290000,PIPR,C,290.0,2024-11-15,209,0,322,6.2,1730217160958000000,24,14880.000000000002,2024-10-29,3000.0,30,True,Automatic Execution,Finance,Financial - Investment Bank,286.88,289.02,284.37,288.73,1,4.17260293120986,20,1,1,1,1,0
PNC,Finance,Financial - Investment Bank,30__2,30,2.0,1. p999999_trade_value,161250.0,161250.0,O:PNC250117P00195000,PNC,P,195.0,2025-01-17,235,0,323,2.15,1736962523894000000,750,161250.0,2025-01-15,3000.0,30,True,Multi Leg floor trade,Finance,Financial - Investment Bank,199.39,200.62,197.75,200.44,1,5.207499723307305,20,1,1,0,0,0
PRAA,Finance,Financial - Miscellaneous Services,10__0,10,0.0,8. p75_trade_value,5200.0,6370.0,O:PRAA241018C00022500,PRAA,C,22.5,2024-10-18,227,0,323,1.04,1727099730171000000,50,5200.0,2024-09-23,3000.0,30,True,Single Leg Auction Non ISO,Finance,Financial - Miscellaneous Services,22.28,22.42,21.79,21.79,5,3.716003343634799,20,5,1,0,0,0
PRAA,Finance,Financial - Miscellaneous Services,10__0,10,0.0,1. p999999_trade_value,10370.0,10370.0,O:PRAA241115C00022500,PRAA,C,22.5,2024-11-15,227,0,323,1.22,1729264794725000000,85,10370.0,2024-10-18,3000.0,30,True,Single Leg Auction Non ISO,Finance,Financial - Miscellaneous Services,21.72,22.02,21.15,21.3,1,4.015778756389041,20,1,1,1,1,0
PRAA,Finance,Financial - Miscellaneous Services,10__0,10,0.0,7. p90_trade_value,8500.0,8500.0,O:PRAA241115P00020000,PRAA,P,20.0,2024-11-15,209,0,303,0.85,1729279801161000000,100,8500.0,2024-10-18,3000.0,30,True,Automatic Execution,Finance,Financial - Miscellaneous Services,21.72,22.02,21.15,21.3,2,3.929418925714293,20,2,1,0,0,0
PRAA,Finance,Financial - Miscellaneous Services,10__0,10,0.0,8. p75_trade_value,5200.0,6370.0,O:PRAA250117P00020000,PRAA,P,20.0,2025-01-17,209,0,308,0.55,1735063192920000000,100,5500.000000000001,2024-12-24,3000.0,30,True,Automatic Execution,Finance,Financial - Miscellaneous Services,20.41,20.755,20.09,20.65,4,3.740362689494244,20,4,1,0,0,0
PRAA,Finance,Financial - Miscellaneous Services,10__0,10,0.0,8. p75_trade_value,5200.0,6370.0,O:PRAA250117P00020000,PRAA,P,20.0,2025-01-17,209,0,325,0.65,1735317339878000000,98,6370.0,2024-12-27,3000.0,30,True,Automatic Execution,Finance,Financial - Miscellaneous Services,20.63,20.88,20.1,20.46,3,3.8041394323353503,20,3,1,0,0,0
PSEC,Finance,Financial - Investment Management,10__0,10,0.0,1. p999999_trade_value,45350.0,45350.0,O:PSEC241115P00005000,PSEC,P,5.0,2024-11-15,231,0,323,0.05,1731003383857000000,9070,45350.0,2024-11-07,3000.0,30,True,Single Leg Floor Trade,Finance,Financial - Investment Management,5.2,5.28,5.18,5.23,1,4.656577291396114,20,1,1,1,1,0
PWP,Finance,Financial - Miscellaneous Services,5__0,5,0.0,1. p999999_trade_value,12201.0,12201.0,O:PWP241115C00022500,PWP,C,22.5,2024-11-15,240,0,308,0.83,1729262705223000000,147,12201.0,2024-10-18,3000.0,30,True,Stock Options auto-electronic trade,Finance,Financial - Miscellaneous Services,22.15,22.32,21.64,22.18,1,4.08639542712425,20,1,1,1,1,0
RIOT,Finance,Financial - Miscellaneous Services,40__0,40,0.0,4. p999_trade_value,422835.99999999994,2687232.0,O:RIOT241108P00009000,RIOT,P,9.0,2024-11-08,235,0,301,0.6,1730398612504000000,10000,600000.0,2024-10-31,3000.0,30,True,Multi Leg floor trade,Finance,Financial - Miscellaneous Services,9.965,10.23,9.1,9.24,8,5.778151250383644,20,1,1,0,0,0
RIOT,Finance,Financial - Miscellaneous Services,40__0,40,0.0,4. p999_trade_value,422835.99999999994,2687232.0,O:RIOT250103C00016000,RIOT,C,16.0,2025-01-03,235,0,301,0.74,1734102251962000000,5714,422835.99999999994,2024-12-13,3000.0,30,True,Multi Leg floor trade,Finance,Financial - Miscellaneous Services,12.52,13.68,12.5,12.99,11,5.6261719557777,20,1,0,0,0,1
RIOT,Finance,Financial - Miscellaneous Services,40__0,40,0.0,4. p999_trade_value,422835.99999999994,2687232.0,O:RIOT250214C00014000,RIOT,C,14.0,2025-02-14,231,0,300,1.32,1736967844653000000,9992,1318944.0,2025-01-15,3000.0,30,True,Single Leg Floor Trade,Finance,Financial - Miscellaneous Services,12.76,13.59,12.67,13.46,5,6.120226356571929,20,1,1,0,0,0
RIOT,Finance,Financial - Miscellaneous Services,40__0,40,0.0,4. p999_trade_value,422835.99999999994,2687232.0,O:RIOT250214C00014000,RIOT,C,14.0,2025-02-14,231,0,313,1.2,1736965231182000000,8826,1059120.0,2025-01-15,3000.0,30,True,Single Leg Floor Trade,Finance,Financial - Miscellaneous Services,12.76,13.59,12.67,13.46,7,6.024945169158799,20,1,1,0,0,0
RIOT,Finance,Financial - Miscellaneous Services,40__0,40,0.0,4. p999_trade_value,422835.99999999994,2687232.0,O:RIOT250214C00014000,RIOT,C,14.0,2025-02-14,239,0,302,1.31,1736962938163000000,4500,589500.0,2025-01-15,3000.0,30,True,Multi Leg floor trade against single leg(s),Finance,Financial - Miscellaneous Services,12.76,13.59,12.67,13.46,9,5.7704838094311075,20,1,1,0,0,0
RIOT,Finance,Financial - Miscellaneous Services,40__0,40,0.0,1. p999999_trade_value,3340500.0,3340500.0,O:RIOT250214C00014000,RIOT,C,14.0,2025-02-14,239,0,302,1.31,1736962938221000000,25500,3340500.0,2025-01-15,3000.0,30,True,Multi Leg floor trade against single leg(s),Finance,Financial - Miscellaneous Services,12.76,13.59,12.67,13.46,1,6.523811476089719,20,1,1,0,0,0
RIOT,Finance,Financial - Miscellaneous Services,40__0,40,0.0,3. p9999_trade_value,2735712.0,2735712.0,O:RIOT250214C00014000,RIOT,C,14.0,2025-02-14,233,0,312,1.18,1736963800522000000,23184,2735712.0,2025-01-15,3000.0,30,True,Multi Leg Auction,Finance,Financial - Miscellaneous Services,12.76,13.59,12.67,13.46,2,6.437070375433224,20,1,1,0,0,0
RIOT,Finance,Financial - Miscellaneous Services,40__0,40,0.0,4. p999_trade_value,422835.99999999994,2687232.0,O:RIOT250214C00014000,RIOT,C,14.0,2025-02-14,241,0,323,0.96,1737557019664000000,27992,2687232.0,2025-01-22,3000.0,30,True,Stock Options Cross,Finance,Financial - Miscellaneous Services,12.91,13.74,12.465,13.14,3,6.429305162514418,20,1,1,0,0,0
RIOT,Finance,Financial - Miscellaneous Services,40__0,40,0.0,4. p999_trade_value,422835.99999999994,2687232.0,O:RIOT250214C00014000,RIOT,C,14.0,2025-02-14,241,0,323,0.9,1737568780718000000,16250,1462500.0,2025-01-22,3000.0,30,True,Stock Options Cross,Finance,Financial - Miscellaneous Services,12.91,13.74,12.465,13.14,4,6.165095874754218,20,1,1,0,0,0
RIOT,Finance,Financial - Miscellaneous Services,40__0,40,0.0,4. p999_trade_value,422835.99999999994,2687232.0,O:RIOT250214C00014000,RIOT,C,14.0,2025-02-14,231,0,323,0.9,1737567495078000000,13247,1192230.0,2025-01-22,3000.0,30,True,Single Leg Floor Trade,Finance,Financial - Miscellaneous Services,12.91,13.74,12.465,13.14,6,6.076360045752588,20,1,1,0,0,0
RIOT,Finance,Financial - Miscellaneous Services,40__0,40,0.0,4. p999_trade_value,422835.99999999994,2687232.0,O:RIOT250221C00015000,RIOT,C,15.0,2025-02-21,236,0,313,1.07,1737643650397000000,4123,441161.00000000006,2025-01-23,3000.0,30,True,Multi Leg auto-electronic trade against single leg(s),Finance,Financial - Miscellaneous Services,12.83,14.54,12.75,12.99,10,5.644597112486569,20,1,0,0,0,1
RJF,Finance,Financial - Investment Bank,20__1,20,1.0,1. p999999_trade_value,498000.0,498000.0,O:RJF241115P00145000,RJF,P,145.0,2024-11-15,234,0,313,1.66,1730316664801000000,3000,498000.0,2024-10-30,3000.0,30,True,Multi Leg Cross,Finance,Financial - Investment Bank,149.86,150.94,148.45,149.05,1,5.697229342759718,20,1,1,0,0,0
RKT,Finance,Financial - Mortgage & Related Services,30__2,30,2.0,4. p999_trade_value,182500.0,182500.0,O:RKT240913P00020000,RKT,P,20.0,2024-09-13,235,0,313,0.73,1724774397089000000,2500,182500.0,2024-08-27,3000.0,30,True,Multi Leg floor trade,Finance,Financial - Mortgage & Related Services,20.75,20.79,20.145,20.35,2,5.261262868792493,20,1,1,1,1,0
RKT,Finance,Financial - Mortgage & Related Services,30__2,30,2.0,1. p999999_trade_value,371360.0,371360.0,O:RKT250321C00015000,RKT,C,15.0,2025-03-21,227,0,323,0.44,1741873341638000000,8440,371360.0,2025-03-13,3000.0,30,True,Single Leg Auction Non ISO,Finance,Financial - Mortgage & Related Services,14.25,14.56,13.895,14.51,1,5.5697951231118425,20,1,1,0,0,0
RWAY,Finance,Financial - SBIC & Commercial Industry,5__1,5,1.0,1. p999999_trade_value,52710.0,52710.0,O:RWAY250417P00010000,RWAY,P,10.0,2025-04-17,231,0,313,0.35,1742404349761000000,1506,52710.0,2025-03-19,3000.0,30,True,Single Leg Floor Trade,Finance,Financial - SBIC & Commercial Industry,10.9,10.96,10.63,10.75,1,4.721893016214957,20,1,1,1,1,0
SCHW,Finance,Financial - Investment Bank,35__2,35,2.0,1. p999999_trade_value,745000.0,745000.0,O:SCHW250411C00077000,SCHW,C,77.0,2025-04-11,233,0,308,1.49,1741890422358000000,5000,745000.0,2025-03-13,3000.0,30,True,Multi Leg Auction,Finance,Financial - Investment Bank,74.59,74.72,72.93,73.51,1,5.872156272748293,20,1,1,1,0,0
SII,Finance,Financial - Investment Management,10__0,10,0.0,1. p999999_trade_value,7437.0,7437.0,O:SII250516C00055000,SII,C,55.0,2025-05-16,227,0,312,1.11,1744819784923000000,67,7437.0,2025-04-16,3000.0,30,True,Single Leg Auction Non ISO,Finance,Financial - Investment Management,49.59,52.9899,49.59,51.61,1,3.871397781487484,20,1,1,1,1,0
SLM,Finance,Financial - Consumer Loans,20__0,20,0.0,1. p999999_trade_value,52038.0,52038.0,O:SLM250221C00031000,SLM,C,31.0,2025-02-21,239,0,302,0.49,1737566795332000000,1062,52038.0,2025-01-22,3000.0,30,True,Multi Leg floor trade against single leg(s),Finance,Financial - Consumer Loans,28.89,29.2,28.74,29.08,1,4.716320596773964,20,1,1,1,0,0
STEP,Finance,Financial - Miscellaneous Services,10__0,10,0.0,1. p999999_trade_value,11550.0,11550.0,O:STEP250620C00060000,STEP,C,60.0,2025-06-20,209,0,308,1.65,1748370226800000000,70,11550.0,2025-05-27,3000.0,30,True,Automatic Execution,Finance,Financial - Miscellaneous Services,59.02,59.37,57.77,59.3,1,4.062581984228163,20,1,1,0,0,0
STEP,Finance,Financial - Miscellaneous Services,10__0,10,0.0,8. p75_trade_value,9610.0,9610.0,O:STEP250620C00060000,STEP,C,60.0,2025-06-20,209,0,308,1.55,1748370218065000000,62,9610.0,2025-05-27,3000.0,30,True,Automatic Execution,Finance,Financial - Miscellaneous Services,59.02,59.37,57.77,59.3,2,3.9827233876685453,20,2,1,0,0,0
SYF,Finance,Financial - Miscellaneous Services,30__0,30,0.0,7. p90_trade_value,20480.0,38000.0,O:SYF240920P00048000,SYF,P,48.0,2024-09-20,240,0,312,0.8,1725374429475000000,374,29920.0,2024-09-03,3000.0,30,True,Stock Options auto-electronic trade,Finance,Financial - Miscellaneous Services,49.74,49.96,49.0,49.3,54,4.475961589192424,20,2,1,0,0,0
SYF,Finance,Financial - Miscellaneous Services,30__0,30,0.0,7. p90_trade_value,20480.0,38000.0,O:SYF240920C00050000,SYF,C,50.0,2024-09-20,227,0,302,0.6,1726587536867000000,500,30000.0,2024-09-17,3000.0,30,True,Single Leg Auction Non ISO,Finance,Financial - Miscellaneous Services,47.52,49.58,47.52,49.19,52,4.477121254719663,20,2,1,1,1,0
SYF,Finance,Financial - Miscellaneous Services,30__0,30,0.0,6. p95_trade_value,38100.0,106880.0,O:SYF240920C00050000,SYF,C,50.0,2024-09-20,227,0,302,0.6,1726587541960000000,1498,89880.0,2024-09-17,3000.0,30,True,Single Leg Auction Non ISO,Finance,Financial - Miscellaneous Services,47.52,49.58,47.52,49.19,10,4.953663063747091,20,1,1,1,1,0
SYF,Finance,Financial - Miscellaneous Services,30__0,30,0.0,6. p95_trade_value,38100.0,106880.0,O:SYF240920C00050000,SYF,C,50.0,2024-09-20,227,0,302,0.35,1726672753981000000,1198,41929.99999999999,2024-09-18,3000.0,30,True,Single Leg Auction Non ISO,Finance,Financial - Miscellaneous Services,49.33,49.65,48.36,48.89,31,4.622524862403568,20,1,1,1,1,0
SYF,Finance,Financial - Miscellaneous Services,30__0,30,0.0,5. p99_trade_value,107500.0,600000.0,O:SYF240920C00050000,SYF,C,50.0,2024-09-20,241,0,323,0.4,1726685167480000000,7900,316000.0,2024-09-18,3000.0,30,True,Stock Options Cross,Finance,Financial - Miscellaneous Services,49.33,49.65,48.36,48.89,5,5.4996870826184034,20,1,1,1,1,0
SYF,Finance,Financial - Miscellaneous Services,30__0,30,0.0,6. p95_trade_value,38100.0,106880.0,O:SYF240920P00048000,SYF,P,48.0,2024-09-20,229,0,300,0.56,1726675072536000000,1500,84000.00000000001,2024-09-18,3000.0,30,True,Single Leg Cross Non ISO,Finance,Financial - Miscellaneous Services,49.33,49.65,48.36,48.89,13,4.924279286061882,20,1,0,0,0,1
SYF,Finance,Financial - Miscellaneous Services,30__0,30,0.0,7. p90_trade_value,20480.0,38000.0,O:SYF241018C00050000,SYF,C,50.0,2024-10-18,209,0,325,1.42,1727797222493000000,245,34790.0,2024-10-01,3000.0,30,True,Automatic Execution,Finance,Financial - Miscellaneous Services,49.62,49.76,48.28,49.01,41,4.541454428747589,20,2,1,1,1,0
SYF,Finance,Financial - Miscellaneous Services,30__0,30,0.0,6. p95_trade_value,38100.0,106880.0,O:SYF241018P00048000,SYF,P,48.0,2024-10-18,235,0,313,1.26,1727803563999000000,500,63000.0,2024-10-01,3000.0,30,True,Multi Leg floor trade,Finance,Financial - Miscellaneous Services,49.62,49.76,48.28,49.01,19,4.799340549453582,20,1,0,0,0,1
SYF,Finance,Financial - Miscellaneous Services,30__0,30,0.0,7. p90_trade_value,20480.0,38000.0,O:SYF241018C00055000,SYF,C,55.0,2024-10-18,209,0,320,1.2,1729012665050000000,184,22080.0,2024-10-15,3000.0,30,True,Automatic Execution,Finance,Financial - Miscellaneous Services,54.0,54.79,53.18,53.29,61,4.343999069057161,20,2,1,1,1,0
SYF,Finance,Financial - Miscellaneous Services,30__0,30,0.0,1. p999999_trade_value,651525.0,651525.0,O:SYF241115C00060000,SYF,C,60.0,2024-11-15,231,0,323,1.05,1729101462146000000,6205,651525.0,2024-10-16,3000.0,30,True,Single Leg Floor Trade,Finance,Financial - Miscellaneous Services,55.21,56.59,54.01,56.52,1,5.813931084904687,20,1,1,1,1,0
SYF,Finance,Financial - Miscellaneous Services,30__0,30,0.0,7. p90_trade_value,20480.0,38000.0,O:SYF241115C00060000,SYF,C,60.0,2024-11-15,209,0,319,1.0,1729521841741000000,334,33400.0,2024-10-21,3000.0,30,True,Automatic Execution,Finance,Financial - Miscellaneous Services,56.38,56.58,55.55,55.81,45,4.523746466811565,20,2,1,1,1,0
SYF,Finance,Financial - Miscellaneous Services,30__0,30,0.0,6. p95_trade_value,38100.0,106880.0,O:SYF241115P00055000,SYF,P,55.0,2024-11-15,219,0,319,1.9,1729521841741000000,373,70870.0,2024-10-21,3000.0,30,True,Intermarket Sweep Order,Finance,Financial - Miscellaneous Services,56.38,56.58,55.55,55.81,17,4.850462432761517,20,1,1,0,0,0
SYF,Finance,Financial - Miscellaneous Services,30__0,30,0.0,7. p90_trade_value,20480.0,38000.0,O:SYF241115C00060000,SYF,C,60.0,2024-11-15,235,0,301,0.79,1729610806394000000,429,33891.0,2024-10-22,3000.0,30,True,Multi Leg floor trade,Finance,Financial - Miscellaneous Services,55.66,55.81,55.19,55.67,43,4.530084383475166,20,2,1,1,1,0
SYF,Finance,Financial - Miscellaneous Services,30__0,30,0.0,7. p90_trade_value,20480.0,38000.0,O:SYF241115C00060000,SYF,C,60.0,2024-11-15,209,0,308,0.65,1729784513731000000,481,31265.000000000004,2024-10-24,3000.0,30,True,Automatic Execution,Finance,Financial - Miscellaneous Services,55.5,55.92,54.75,55.26,50,4.495058433016688,20,2,1,1,1,0
SYF,Finance,Financial - Miscellaneous Services,30__0,30,0.0,7. p90_trade_value,20480.0,38000.0,O:SYF241115C00060000,SYF,C,60.0,2024-11-15,227,0,312,1.04,1729865533993000000,208,21632.0,2024-10-25,3000.0,30,True,Single Leg Auction Non ISO,Finance,Financial - Miscellaneous Services,56.0,56.55,55.03,55.15,64,4.335096674261542,20,2,1,1,1,0
SYF,Finance,Financial - Miscellaneous Services,30__0,30,0.0,7. p90_trade_value,20480.0,38000.0,O:SYF241115C00060000,SYF,C,60.0,2024-11-15,209,0,323,1.0,1729865531951000000,332,33200.0,2024-10-25,3000.0,30,True,Automatic Execution,Finance,Financial - Miscellaneous Services,56.0,56.55,55.03,55.15,46,4.521138083704036,20,2,1,1,1,0
SYF,Finance,Financial - Miscellaneous Services,30__0,30,0.0,6. p95_trade_value,38100.0,106880.0,O:SYF241115P00055000,SYF,P,55.0,2024-11-15,231,0,323,2.05,1730220335801000000,500,102500.0,2024-10-29,3000.0,30,True,Single Leg Floor Trade,Finance,Financial - Miscellaneous Services,56.22,56.46,55.56,55.75,9,5.010723865391773,20,1,1,0,0,0
SYF,Finance,Financial - Miscellaneous Services,30__0,30,0.0,5. p99_trade_value,107500.0,600000.0,O:SYF241115P00055000,SYF,P,55.0,2024-11-15,231,0,301,2.15,1730391352005000000,500,107500.0,2024-10-31,3000.0,30,True,Single Leg Floor Trade,Finance,Financial - Miscellaneous Services,56.47,56.9099,55.1,55.14,7,5.031408464251625,20,1,1,0,0,0
SYF,Finance,Financial - Miscellaneous Services,30__0,30,0.0,5. p99_trade_value,107500.0,600000.0,O:SYF241115C00060000,SYF,C,60.0,2024-11-15,229,0,313,0.89,1730476358293000000,4500,400500.0,2024-11-01,3000.0,30,True,Single Leg Cross Non ISO,Finance,Financial - Miscellaneous Services,55.13,55.755,54.87,55.25,3,5.602602520420256,20,1,1,1,1,0
SYF,Finance,Financial - Miscellaneous Services,30__0,30,0.0,7. p90_trade_value,20480.0,38000.0,O:SYF241115C00060000,SYF,C,60.0,2024-11-15,209,0,308,0.95,1730819032880000000,344,32680.0,2024-11-05,3000.0,30,True,Automatic Execution,Finance,Financial - Miscellaneous Services,55.69,57.0,55.11,56.82,48,4.514282047860378,20,2,1,1,1,0
SYF,Finance,Financial - Miscellaneous Services,30__0,30,0.0,6. p95_trade_value,38100.0,106880.0,O:SYF241115C00060000,SYF,C,60.0,2024-11-15,209,0,302,0.95,1730821598582000000,772,73340.0,2024-11-05,3000.0,30,True,Automatic Execution,Finance,Financial - Miscellaneous Services,55.69,57.0,55.11,56.82,16,4.865340905624584,20,1,1,1,1,0
SYF,Finance,Financial - Miscellaneous Services,30__0,30,0.0,6. p95_trade_value,38100.0,106880.0,O:SYF241115C00060000,SYF,C,60.0,2024-11-15,227,0,304,0.9,1730820635842000000,501,45090.0,2024-11-05,3000.0,30,True,Single Leg Auction Non ISO,Finance,Financial - Miscellaneous Services,55.69,57.0,55.11,56.82,27,4.65408023530657,20,1,1,1,1,0
SYF,Finance,Financial - Miscellaneous Services,30__0,30,0.0,6. p95_trade_value,38100.0,106880.0,O:SYF241115C00060000,SYF,C,60.0,2024-11-15,209,0,309,0.95,1730820837660000000,465,44175.0,2024-11-05,3000.0,30,True,Automatic Execution,Finance,Financial - Miscellaneous Services,55.69,57.0,55.11,56.82,29,4.645176558178802,20,1,1,1,1,0
SYF,Finance,Financial - Miscellaneous Services,30__0,30,0.0,6. p95_trade_value,38100.0,106880.0,O:SYF241115C00060000,SYF,C,60.0,2024-11-15,209,0,308,0.9,1730820508126000000,453,40770.0,2024-11-05,3000.0,30,True,Automatic Execution,Finance,Financial - Miscellaneous Services,55.69,57.0,55.11,56.82,33,4.610340711452157,20,1,1,1,1,0
SYF,Finance,Financial - Miscellaneous Services,30__0,30,0.0,6. p95_trade_value,38100.0,106880.0,O:SYF241115C00060000,SYF,C,60.0,2024-11-15,209,0,309,0.95,1730819032880000000,427,40565.0,2024-11-05,3000.0,30,True,Automatic Execution,Finance,Financial - Miscellaneous Services,55.69,57.0,55.11,56.82,34,4.608151480313872,20,1,1,1,1,0
SYF,Finance,Financial - Miscellaneous Services,30__0,30,0.0,6. p95_trade_value,38100.0,106880.0,O:SYF241115C00060000,SYF,C,60.0,2024-11-15,227,0,304,0.95,1730821685244000000,596,56619.99999999999,2024-11-05,3000.0,30,True,Single Leg Auction Non ISO,Finance,Financial - Miscellaneous Services,55.69,57.0,55.11,56.82,21,4.752969865029084,20,1,1,1,1,0
SYF,Finance,Financial - Miscellaneous Services,30__0,30,0.0,6. p95_trade_value,38100.0,106880.0,O:SYF241115C00060000,SYF,C,60.0,2024-11-15,227,0,304,0.9,1730820635842000000,494,44460.0,2024-11-05,3000.0,30,True,Single Leg Auction Non ISO,Finance,Financial - Miscellaneous Services,55.69,57.0,55.11,56.82,28,4.647969458362971,20,1,1,1,1,0
SYF,Finance,Financial - Miscellaneous Services,30__0,30,0.0,7. p90_trade_value,20480.0,38000.0,O:SYF241115C00060000,SYF,C,60.0,2024-11-15,209,0,308,0.9,1730820515085000000,333,29970.0,2024-11-05,3000.0,30,True,Automatic Execution,Finance,Financial - Miscellaneous Services,55.69,57.0,55.11,56.82,53,4.4766867429456445,20,2,1,1,1,0
SYF,Finance,Financial - Miscellaneous Services,30__0,30,0.0,7. p90_trade_value,20480.0,38000.0,O:SYF241115C00060000,SYF,C,60.0,2024-11-15,209,0,308,0.9,1730820277708000000,298,26820.0,2024-11-05,3000.0,30,True,Automatic Execution,Finance,Financial - Miscellaneous Services,55.69,57.0,55.11,56.82,56,4.4284587735155805,20,2,1,1,1,0
SYF,Finance,Financial - Miscellaneous Services,30__0,30,0.0,5. p99_trade_value,107500.0,600000.0,O:SYF241115C00060000,SYF,C,60.0,2024-11-15,241,0,323,1.0,1730819186599000000,6000,600000.0,2024-11-05,3000.0,30,True,Stock Options Cross,Finance,Financial - Miscellaneous Services,55.69,57.0,55.11,56.82,2,5.778151250383644,20,1,1,1,1,0
SYF,Finance,Financial - Miscellaneous Services,30__0,30,0.0,7. p90_trade_value,20480.0,38000.0,O:SYF241115C00060000,SYF,C,60.0,2024-11-15,209,0,308,0.95,1730819039780000000,400,38000.0,2024-11-05,3000.0,30,True,Automatic Execution,Finance,Financial - Miscellaneous Services,55.69,57.0,55.11,56.82,36,4.57978359661681,20,2,1,1,1,0
SYF,Finance,Financial - Miscellaneous Services,30__0,30,0.0,5. p99_trade_value,107500.0,600000.0,O:SYF241115C00060000,SYF,C,60.0,2024-11-15,241,0,323,0.95,1730819455604000000,4000,380000.0,2024-11-05,3000.0,30,True,Stock Options Cross,Finance,Financial - Miscellaneous Services,55.69,57.0,55.11,56.82,4,5.57978359661681,20,1,1,1,1,0
SYF,Finance,Financial - Miscellaneous Services,30__0,30,0.0,7. p90_trade_value,20480.0,38000.0,O:SYF241115C00060000,SYF,C,60.0,2024-11-15,209,0,308,0.95,1730821598679000000,346,32870.0,2024-11-05,3000.0,30,True,Automatic Execution,Finance,Financial - Miscellaneous Services,55.69,57.0,55.11,56.82,47,4.516799704081625,20,2,1,1,1,0
SYF,Finance,Financial - Miscellaneous Services,30__0,30,0.0,6. p95_trade_value,38100.0,106880.0,O:SYF241115C00060000,SYF,C,60.0,2024-11-15,209,0,323,0.95,1730819032880000000,850,80750.0,2024-11-05,3000.0,30,True,Automatic Execution,Finance,Financial - Miscellaneous Services,55.69,57.0,55.11,56.82,14,4.9071425310031405,20,1,1,1,1,0
SYF,Finance,Financial - Miscellaneous Services,30__0,30,0.0,7. p90_trade_value,20480.0,38000.0,O:SYF241115C00060000,SYF,C,60.0,2024-11-15,209,0,308,0.9,1730820245068000000,397,35730.0,2024-11-05,3000.0,30,True,Automatic Execution,Finance,Financial - Miscellaneous Services,55.69,57.0,55.11,56.82,38,4.5530330162024395,20,2,1,1,1,0
SYF,Finance,Financial - Miscellaneous Services,30__0,30,0.0,7. p90_trade_value,20480.0,38000.0,O:SYF241115C00060000,SYF,C,60.0,2024-11-15,209,0,302,0.95,1730819032880000000,342,32489.999999999996,2024-11-05,3000.0,30,True,Automatic Execution,Finance,Financial - Miscellaneous Services,55.69,57.0,55.11,56.82,49,4.511749711344983,20,2,1,1,1,0
SYF,Finance,Financial - Miscellaneous Services,30__0,30,0.0,7. p90_trade_value,20480.0,38000.0,O:SYF241115C00060000,SYF,C,60.0,2024-11-15,209,0,307,0.95,1730819032880000000,221,20995.0,2024-11-05,3000.0,30,True,Automatic Execution,Finance,Financial - Miscellaneous Services,55.69,57.0,55.11,56.82,68,4.322115878973959,20,2,1,1,1,0
SYF,Finance,Financial - Miscellaneous Services,30__0,30,0.0,6. p95_trade_value,38100.0,106880.0,O:SYF241115C00060000,SYF,C,60.0,2024-11-15,231,0,323,0.85,1730820823589000000,1000,85000.0,2024-11-05,3000.0,30,True,Single Leg Floor Trade,Finance,Financial - Miscellaneous Services,55.69,57.0,55.11,56.82,12,4.929418925714293,20,1,1,1,1,0
SYF,Finance,Financial - Miscellaneous Services,30__0,30,0.0,6. p95_trade_value,38100.0,106880.0,O:SYF241115C00060000,SYF,C,60.0,2024-11-15,209,0,308,0.9,1730820275177000000,514,46260.0,2024-11-05,3000.0,30,True,Automatic Execution,Finance,Financial - Miscellaneous Services,55.69,57.0,55.11,56.82,26,4.665205628434601,20,1,1,1,1,0
SYF,Finance,Financial - Miscellaneous Services,30__0,30,0.0,6. p95_trade_value,38100.0,106880.0,O:SYF241115C00060000,SYF,C,60.0,2024-11-15,227,0,304,0.95,1730821685244000000,567,53865.0,2024-11-05,3000.0,30,True,Single Leg Auction Non ISO,Finance,Financial - Miscellaneous Services,55.69,57.0,55.11,56.82,22,4.731306664181754,20,1,1,1,1,0
SYF,Finance,Financial - Miscellaneous Services,30__0,30,0.0,6. p95_trade_value,38100.0,106880.0,O:SYF241115C00065000,SYF,C,65.0,2024-11-15,241,0,323,0.2,1730819455604000000,4000,80000.0,2024-11-05,3000.0,30,True,Stock Options Cross,Finance,Financial - Miscellaneous Services,55.69,57.0,55.11,56.82,15,4.903089986991944,20,1,1,1,0,0
SYF,Finance,Financial - Miscellaneous Services,30__0,30,0.0,5. p99_trade_value,107500.0,600000.0,O:SYF241115C00065000,SYF,C,65.0,2024-11-15,241,0,323,0.25,1730819186599000000,6000,150000.0,2024-11-05,3000.0,30,True,Stock Options Cross,Finance,Financial - Miscellaneous Services,55.69,57.0,55.11,56.82,6,5.176091259055681,20,1,1,1,0,0
SYF,Finance,Financial - Miscellaneous Services,30__0,30,0.0,7. p90_trade_value,20480.0,38000.0,O:SYF241115C00070000,SYF,C,70.0,2024-11-15,232,0,301,0.9,1730925045359000000,250,22500.0,2024-11-06,3000.0,30,True,Multi Leg auto-electronic trade,Finance,Financial - Miscellaneous Services,64.58,67.76,64.53,67.51,60,4.352182518111363,20,2,0,0,0,1
SYF,Finance,Financial - Miscellaneous Services,30__0,30,0.0,7. p90_trade_value,20480.0,38000.0,O:SYF241220C00070000,SYF,C,70.0,2024-12-20,231,0,301,0.8,1732208560409000000,256,20480.0,2024-11-21,3000.0,30,True,Single Leg Floor Trade,Finance,Financial - Miscellaneous Services,64.86,65.43,64.4,65.14,69,4.311329952303793,20,2,0,0,0,1
SYF,Finance,Financial - Miscellaneous Services,30__0,30,0.0,7. p90_trade_value,20480.0,38000.0,O:SYF241220C00070000,SYF,C,70.0,2024-12-20,209,0,323,0.8,1732722006577000000,275,22000.0,2024-11-27,3000.0,30,True,Automatic Execution,Finance,Financial - Miscellaneous Services,67.42,67.64,66.4601,67.22,62,4.342422680822207,20,2,0,0,0,1
SYF,Finance,Financial - Miscellaneous Services,30__0,30,0.0,7. p90_trade_value,20480.0,38000.0,O:SYF250221P00070000,SYF,P,70.0,2025-02-21,209,0,313,2.6,1737646243414000000,84,21840.0,2025-01-23,3000.0,30,True,Automatic Execution,Finance,Financial - Miscellaneous Services,70.6,70.93,70.05,70.44,63,4.339252634032699,20,2,1,1,1,0
SYF,Finance,Financial - Miscellaneous Services,30__0,30,0.0,6. p95_trade_value,38100.0,106880.0,O:SYF250221C00075000,SYF,C,75.0,2025-02-21,232,0,322,1.05,1737998868304000000,602,63210.0,2025-01-27,3000.0,30,True,Multi Leg auto-electronic trade,Finance,Financial - Miscellaneous Services,70.0,70.59,68.86,69.86,18,4.800785790327763,20,1,0,0,0,1
SYF,Finance,Financial - Miscellaneous Services,30__0,30,0.0,7. p90_trade_value,20480.0,38000.0,O:SYF250221P00060000,SYF,P,60.0,2025-02-21,235,0,313,0.5,1738077436441000000,675,33750.0,2025-01-28,3000.0,30,True,Multi Leg floor trade,Finance,Financial - Miscellaneous Services,66.5,67.89,64.49,66.66,44,4.528273777167044,20,2,0,0,0,1
SYF,Finance,Financial - Miscellaneous Services,30__0,30,0.0,6. p95_trade_value,38100.0,106880.0,O:SYF250221P00065000,SYF,P,65.0,2025-02-21,219,0,316,1.25,1738698275797000000,415,51875.0,2025-02-04,3000.0,30,True,Intermarket Sweep Order,Finance,Financial - Miscellaneous Services,68.71,69.29,65.56,65.92,23,4.714958109720149,20,1,1,1,1,0
SYF,Finance,Financial - Miscellaneous Services,30__0,30,0.0,7. p90_trade_value,20480.0,38000.0,O:SYF250221P00065000,SYF,P,65.0,2025-02-21,227,0,312,0.73,1738788857565000000,499,36427.0,2025-02-05,3000.0,30,True,Single Leg Auction Non ISO,Finance,Financial - Miscellaneous Services,66.72,67.97,66.4,67.85,37,4.561423405743846,20,2,1,1,1,0
SYF,Finance,Financial - Miscellaneous Services,30__0,30,0.0,7. p90_trade_value,20480.0,38000.0,O:SYF250321P00060000,SYF,P,60.0,2025-03-21,209,0,316,1.35,1740160668657000000,167,22545.0,2025-02-21,3000.0,30,True,Automatic Execution,Finance,Financial - Miscellaneous Services,64.2,64.35,61.02,61.41,59,4.353050239642589,20,2,1,1,1,0
SYF,Finance,Financial - Miscellaneous Services,30__0,30,0.0,7. p90_trade_value,20480.0,38000.0,O:SYF250321P00060000,SYF,P,60.0,2025-03-21,235,0,313,0.95,1740152092821000000,365,34675.0,2025-02-21,3000.0,30,True,Multi Leg floor trade,Finance,Financial - Miscellaneous Services,64.2,64.35,61.02,61.41,42,4.540016469745322,20,2,1,1,1,0
SYF,Finance,Financial - Miscellaneous Services,30__0,30,0.0,7. p90_trade_value,20480.0,38000.0,O:SYF250321P00050000,SYF,P,50.0,2025-03-21,209,0,316,1.6,1741630034477000000,218,34880.0,2025-03-10,3000.0,30,True,Automatic Execution,Finance,Financial - Miscellaneous Services,53.05,53.57,50.87,52.3,40,4.542576476260529,20,2,0,0,0,1
SYF,Finance,Financial - Miscellaneous Services,30__0,30,0.0,6. p95_trade_value,38100.0,106880.0,O:SYF250321P00050000,SYF,P,50.0,2025-03-21,235,0,301,0.8,1741881171802000000,1336,106880.0,2025-03-13,3000.0,30,True,Multi Leg floor trade,Finance,Financial - Miscellaneous Services,53.72,53.89,51.32,51.9,8,5.028896445131471,20,1,0,0,0,1
SYF,Finance,Financial - Miscellaneous Services,30__0,30,0.0,6. p95_trade_value,38100.0,106880.0,O:SYF250417C00057500,SYF,C,57.5,2025-04-17,235,0,313,1.25,1742932119743000000,491,61375.0,2025-03-25,3000.0,30,True,Multi Leg floor trade,Finance,Financial - Miscellaneous Services,56.23,56.56,55.51,55.85,20,4.787991505131025,20,1,0,0,0,1
SYF,Finance,Financial - Miscellaneous Services,30__0,30,0.0,7. p90_trade_value,20480.0,38000.0,O:SYF250417C00055000,SYF,C,55.0,2025-04-17,232,0,300,1.44,1743168914281000000,149,21456.0,2025-03-28,3000.0,30,True,Multi Leg auto-electronic trade,Finance,Financial - Miscellaneous Services,53.74,54.2,51.9,52.43,66,4.331548760507523,20,2,1,0,0,0
SYF,Finance,Financial - Miscellaneous Services,30__0,30,0.0,7. p90_trade_value,20480.0,38000.0,O:SYF250417C00055000,SYF,C,55.0,2025-04-17,232,0,301,1.41,1743168916417000000,204,28764.0,2025-03-28,3000.0,30,True,Multi Leg auto-electronic trade,Finance,Financial - Miscellaneous Services,53.74,54.2,51.9,52.43,55,4.458849280081279,20,2,1,0,0,0
SYF,Finance,Financial - Miscellaneous Services,30__0,30,0.0,6. p95_trade_value,38100.0,106880.0,O:SYF250417C00055000,SYF,C,55.0,2025-04-17,235,0,301,1.05,1743189999037000000,491,51555.00000000001,2025-03-28,3000.0,30,True,Multi Leg floor trade,Finance,Financial - Miscellaneous Services,53.74,54.2,51.9,52.43,24,4.712270791192907,20,1,1,0,0,0
SYF,Finance,Financial - Miscellaneous Services,30__0,30,0.0,7. p90_trade_value,20480.0,38000.0,O:SYF250417C00055000,SYF,C,55.0,2025-04-17,232,0,312,1.46,1743168916429000000,147,21462.0,2025-03-28,3000.0,30,True,Multi Leg auto-electronic trade,Finance,Financial - Miscellaneous Services,53.74,54.2,51.9,52.43,65,4.331670190532614,20,2,1,0,0,0
SYF,Finance,Financial - Miscellaneous Services,30__0,30,0.0,6. p95_trade_value,38100.0,106880.0,O:SYF250417C00055000,SYF,C,55.0,2025-04-17,235,0,301,0.98,1743449438283000000,491,48118.0,2025-03-31,3000.0,30,True,Multi Leg floor trade,Finance,Financial - Miscellaneous Services,51.51,53.13,50.85,52.94,25,4.682307567815464,20,1,1,0,0,0
SYF,Finance,Financial - Miscellaneous Services,30__0,30,0.0,7. p90_trade_value,20480.0,38000.0,O:SYF250417C00055000,SYF,C,55.0,2025-04-17,232,0,304,0.85,1743428250589000000,300,25500.0,2025-03-31,3000.0,30,True,Multi Leg auto-electronic trade,Finance,Financial - Miscellaneous Services,51.51,53.13,50.85,52.94,57,4.4065401804339555,20,2,1,0,0,0
SYF,Finance,Financial - Miscellaneous Services,30__0,30,0.0,6. p95_trade_value,38100.0,106880.0,O:SYF250417C00050000,SYF,C,50.0,2025-04-17,227,0,323,0.68,1744298312512000000,600,40800.00000000001,2025-04-10,3000.0,30,True,Single Leg Auction Non ISO,Finance,Financial - Miscellaneous Services,48.75,49.54,45.051,46.63,32,4.6106601630898805,20,1,0,0,0,1
SYF,Finance,Financial - Miscellaneous Services,30__0,30,0.0,7. p90_trade_value,20480.0,38000.0,O:SYF250417P00045000,SYF,P,45.0,2025-04-17,219,0,316,1.6,1744299993657000000,158,25280.0,2025-04-10,3000.0,30,True,Intermarket Sweep Order,Finance,Financial - Miscellaneous Services,48.75,49.54,45.051,46.63,58,4.402777069610347,20,2,1,0,0,0
SYF,Finance,Financial - Miscellaneous Services,30__0,30,0.0,7. p90_trade_value,20480.0,38000.0,O:SYF250516C00050000,SYF,C,50.0,2025-05-16,232,0,304,1.28,1745260074995000000,240,30720.0,2025-04-21,3000.0,30,True,Multi Leg auto-electronic trade,Finance,Financial - Miscellaneous Services,47.85,48.53,46.375,47.23,51,4.487421211359474,20,2,1,1,1,0
SYF,Finance,Financial - Miscellaneous Services,30__0,30,0.0,6. p95_trade_value,38100.0,106880.0,O:SYF250516C00050000,SYF,C,50.0,2025-05-16,235,0,301,1.37,1745262385545000000,655,89735.0,2025-04-21,3000.0,30,True,Multi Leg floor trade,Finance,Financial - Miscellaneous Services,47.85,48.53,46.375,47.23,11,4.95296186714819,20,1,1,1,1,0
SYF,Finance,Financial - Miscellaneous Services,30__0,30,0.0,6. p95_trade_value,38100.0,106880.0,O:SYF250516C00050000,SYF,C,50.0,2025-05-16,232,0,308,1.27,1745260074995000000,300,38100.0,2025-04-21,3000.0,30,True,Multi Leg auto-electronic trade,Finance,Financial - Miscellaneous Services,47.85,48.53,46.375,47.23,35,4.580924975675619,20,1,1,1,1,0
SYF,Finance,Financial - Miscellaneous Services,30__0,30,0.0,6. p95_trade_value,38100.0,106880.0,O:SYF250516C00052500,SYF,C,52.5,2025-05-16,235,0,301,0.65,1745262385543000000,655,42575.0,2025-04-21,3000.0,30,True,Multi Leg floor trade,Finance,Financial - Miscellaneous Services,47.85,48.53,46.375,47.23,30,4.629154656634639,20,1,1,1,1,0
SYF,Finance,Financial - Miscellaneous Services,30__0,30,0.0,7. p90_trade_value,20480.0,38000.0,O:SYF250516P00048000,SYF,P,48.0,2025-05-16,209,0,316,1.7,1745437466868000000,209,35530.0,2025-04-23,3000.0,30,True,Automatic Execution,Finance,Financial - Miscellaneous Services,50.41,52.97,49.8,49.91,39,4.550595207489328,20,2,0,0,0,1
SYF,Finance,Financial - Miscellaneous Services,30__0,30,0.0,7. p90_trade_value,20480.0,38000.0,O:SYF250516P00048000,SYF,P,48.0,2025-05-16,209,0,312,1.65,1745437455611000000,128,21120.0,2025-04-23,3000.0,30,True,Automatic Execution,Finance,Financial - Miscellaneous Services,50.41,52.97,49.8,49.91,67,4.324693913861775,20,2,0,0,0,1
TFIN,Finance,Financial - Miscellaneous Services,5__1,5,1.0,1. p999999_trade_value,56000.0,56000.0,O:TFIN241115C00085000,TFIN,C,85.0,2024-11-15,209,0,319,2.8,1729087129177000000,200,56000.0,2024-10-16,3000.0,30,True,Automatic Execution,Finance,Financial - Miscellaneous Services,82.13,83.57,81.03,83.11,1,4.748188027006201,20,1,1,1,1,0
TIGR,Finance,Financial - Investment Bank,35__0,35,0.0,4. p999_trade_value,113100.0,127010.00000000001,O:TIGR241018C00009000,TIGR,C,9.0,2024-10-18,209,0,309,1.2,1727878214569000000,975,117000.0,2024-10-02,3000.0,30,True,Automatic Execution,Finance,Financial - Investment Bank,7.8,8.63,7.21,8.06,4,5.068185861746161,20,1,1,0,0,0
TIGR,Finance,Financial - Investment Bank,35__0,35,0.0,4. p999_trade_value,113100.0,127010.00000000001,O:TIGR241018C00012000,TIGR,C,12.0,2024-10-18,209,0,308,0.5,1727877650965000000,2523,126150.0,2024-10-02,3000.0,30,True,Automatic Execution,Finance,Financial - Investment Bank,7.8,8.63,7.21,8.06,3,5.1008872548535935,20,1,1,0,0,0
TIGR,Finance,Financial - Investment Bank,35__0,35,0.0,4. p999_trade_value,113100.0,127010.00000000001,O:TIGR241018C00020000,TIGR,C,20.0,2024-10-18,209,0,308,1.3,1728309072214000000,977,127010.00000000001,2024-10-07,3000.0,30,True,Automatic Execution,Finance,Financial - Investment Bank,13.885,14.48,11.2815,11.46,2,5.1038379160256095,20,1,0,0,0,1
TIGR,Finance,Financial - Investment Bank,35__0,35,0.0,1. p999999_trade_value,169232.00000000003,169232.00000000003,O:TIGR241018P00009000,TIGR,P,9.0,2024-10-18,227,0,301,0.56,1728326027684000000,3022,169232.00000000003,2024-10-07,3000.0,30,True,Single Leg Auction Non ISO,Finance,Financial - Investment Bank,13.885,14.48,11.2815,11.46,1,5.228482487009207,20,1,1,1,1,0
TIGR,Finance,Financial - Investment Bank,35__0,35,0.0,4. p999_trade_value,113100.0,127010.00000000001,O:TIGR250321C00010000,TIGR,C,10.0,2025-03-21,209,0,313,0.87,1740151649252000000,1300,113100.0,2025-02-21,3000.0,30,True,Automatic Execution,Finance,Financial - Investment Bank,8.65,9.33,8.1801,8.2,5,5.053462604925455,20,1,1,0,0,0
TREE,Finance,Financial - Mortgage & Related Services,20__0,20,0.0,5. p99_trade_value,60000.0,60000.0,O:TREE241220P00040000,TREE,P,40.0,2024-12-20,209,0,325,2.0,1733156543886000000,300,60000.0,2024-12-02,3000.0,30,True,Automatic Execution,Finance,Financial - Mortgage & Related Services,44.0,44.0928,40.91,40.91,2,4.778151250383644,20,1,1,1,1,0
TREE,Finance,Financial - Mortgage & Related Services,20__0,20,0.0,1. p999999_trade_value,75240.0,75240.0,O:TREE250321C00045000,TREE,C,45.0,2025-03-21,209,0,320,3.8,1740148421395000000,198,75240.0,2025-02-21,3000.0,30,True,Automatic Execution,Finance,Financial - Mortgage & Related Services,43.53,44.4,41.13,41.27,1,4.876448786878341,20,1,1,1,1,0
TROW,Finance,Financial - Investment Management,25__2,25,2.0,1. p999999_trade_value,707700.0,707700.0,O:TROW241115P00110000,TROW,P,110.0,2024-11-15,235,0,323,1.75,1729260564190000000,4044,707700.0,2024-10-18,3000.0,30,True,Multi Leg floor trade,Finance,Financial - Investment Management,113.23,115.97,112.88,115.63,1,5.849849195605258,20,1,1,0,0,0
TW,Finance,Financial - Investment Bank,25__0,25,0.0,5. p99_trade_value,187550.0,255750.0,O:TW250321C00135000,TW,C,135.0,2025-03-21,235,0,301,2.17,1741882462338000000,1045,226765.0,2025-03-13,3000.0,30,True,Multi Leg floor trade,Finance,Financial - Investment Bank,132.59,134.32,132.35,133.65,3,5.355576024295602,20,1,1,1,1,0
TW,Finance,Financial - Investment Bank,25__0,25,0.0,5. p99_trade_value,187550.0,255750.0,O:TW250417C00145000,TW,C,145.0,2025-04-17,235,0,301,3.1,1742583053277000000,825,255750.0,2025-03-21,3000.0,30,True,Multi Leg floor trade,Finance,Financial - Investment Bank,141.73,142.905,140.47,142.41,2,5.407815642384198,20,1,1,0,0,0
TW,Finance,Financial - Investment Bank,25__0,25,0.0,5. p99_trade_value,187550.0,255750.0,O:TW250417C00145000,TW,C,145.0,2025-04-17,235,0,301,3.41,1742839174736000000,550,187550.0,2025-03-24,3000.0,30,True,Multi Leg floor trade,Finance,Financial - Investment Bank,142.89,144.8599,142.86,144.08,4,5.273117068486742,20,1,1,0,0,0
TW,Finance,Financial - Investment Bank,25__0,25,0.0,1. p999999_trade_value,376200.0,376200.0,O:TW250417C00145000,TW,C,145.0,2025-04-17,235,0,301,3.42,1742839174736000000,1100,376200.0,2025-03-24,3000.0,30,True,Multi Leg floor trade,Finance,Financial - Investment Bank,142.89,144.8599,142.86,144.08,1,5.57541879121436,20,1,1,0,0,0
UPBD,Finance,Financial - Leasing Companies,5__0,5,0.0,1. p999999_trade_value,4512.0,4512.0,O:UPBD250221C00030000,UPBD,C,30.0,2025-02-21,227,0,301,0.94,1739285448052000000,48,4512.0,2025-02-11,3000.0,30,True,Single Leg Auction Non ISO,Finance,Financial - Leasing Companies,29.36,29.83,29.26,29.71,1,3.654369090975286,20,1,1,0,0,0
UPST,Finance,Financial - Miscellaneous Services,45__0,45,0.0,4. p999_trade_value,321999.99999999994,975660.0,O:UPST240920C00040000,UPST,C,40.0,2024-09-20,209,0,313,1.2,1725543030389000000,2997,359640.0,2024-09-05,3000.0,30,True,Automatic Execution,Finance,Financial - Miscellaneous Services,36.44,37.79,35.4818,35.72,24,5.55586798899327,20,1,1,1,0,0
UPST,Finance,Financial - Miscellaneous Services,45__0,45,0.0,4. p999_trade_value,321999.99999999994,975660.0,O:UPST241108C00055000,UPST,C,55.0,2024-11-08,233,0,323,3.7,1730385094195000000,1200,444000.0,2024-10-31,3000.0,30,True,Multi Leg Auction,Finance,Financial - Miscellaneous Services,50.695,51.06,48.65,48.68,14,5.64738297011462,20,1,1,1,1,0
UPST,Finance,Financial - Miscellaneous Services,45__0,45,0.0,4. p999_trade_value,321999.99999999994,975660.0,O:UPST241108P00050000,UPST,P,50.0,2024-11-08,209,0,320,3.05,1730992838120000000,1293,394364.99999999994,2024-11-07,3000.0,30,True,Automatic Execution,Finance,Financial - Miscellaneous Services,54.25,57.27,53.41,55.47,18,5.59589836422718,20,1,0,0,0,1
UPST,Finance,Financial - Miscellaneous Services,45__0,45,0.0,3. p9999_trade_value,1049580.0,1211012.0,O:UPST241220P00072000,UPST,P,72.0,2024-12-20,227,0,323,4.9,1732555741025000000,2142,1049580.0,2024-11-25,3000.0,30,True,Single Leg Auction Non ISO,Finance,Financial - Miscellaneous Services,77.19,80.87,73.94,79.52,3,6.0210155465243504,20,1,1,1,1,0
UPST,Finance,Financial - Miscellaneous Services,45__0,45,0.0,4. p999_trade_value,321999.99999999994,975660.0,O:UPST241220P00075000,UPST,P,75.0,2024-12-20,209,0,313,5.4,1732634586627000000,645,348300.00000000006,2024-11-26,3000.0,30,True,Automatic Execution,Finance,Financial - Miscellaneous Services,78.15,80.77,76.36,78.51,25,5.541953474458237,20,1,1,1,1,0
UPST,Finance,Financial - Miscellaneous Services,45__0,45,0.0,1. p999999_trade_value,2730000.0,2730000.0,O:UPST241220P00065000,UPST,P,65.0,2024-12-20,235,0,323,3.9,1733155716838000000,7000,2730000.0,2024-12-02,3000.0,30,True,Multi Leg floor trade,Finance,Financial - Miscellaneous Services,74.66,75.4999,66.88,67.39,1,6.4361626470407565,20,1,0,0,0,1
UPST,Finance,Financial - Miscellaneous Services,45__0,45,0.0,4. p999_trade_value,321999.99999999994,975660.0,O:UPST241220C00081000,UPST,C,81.0,2024-12-20,233,0,302,3.12,1733771613672000000,1223,381576.0,2024-12-09,3000.0,30,True,Multi Leg Auction,Finance,Financial - Miscellaneous Services,77.655,79.2,74.35,76.39,22,5.581581051054728,20,1,1,0,0,0
UPST,Finance,Financial - Miscellaneous Services,45__0,45,0.0,4. p999_trade_value,321999.99999999994,975660.0,O:UPST241220C00081000,UPST,C,81.0,2024-12-20,233,0,302,2.75,1733858982687000000,1223,336325.0,2024-12-10,3000.0,30,True,Multi Leg Auction,Finance,Financial - Miscellaneous Services,76.72,80.97,73.44,74.02,27,5.526759150866548,20,1,1,0,0,0
UPST,Finance,Financial - Miscellaneous Services,45__0,45,0.0,4. p999_trade_value,321999.99999999994,975660.0,O:UPST241227P00075000,UPST,P,75.0,2024-12-27,227,0,323,1.73,1734116274681000000,3456,597888.0,2024-12-13,3000.0,30,True,Single Leg Auction Non ISO,Finance,Financial - Miscellaneous Services,80.21,88.95,80.17,84.46,9,5.776619836935651,20,1,1,1,1,0
UPST,Finance,Financial - Miscellaneous Services,45__0,45,0.0,4. p999_trade_value,321999.99999999994,975660.0,O:UPST250221P00060000,UPST,P,60.0,2025-02-21,227,0,301,3.89,1737662840918000000,1000,389000.0,2025-01-23,3000.0,30,True,Single Leg Auction Non ISO,Finance,Financial - Miscellaneous Services,64.22,70.45,64.07,69.31,19,5.589949601325708,20,1,1,0,0,0
UPST,Finance,Financial - Miscellaneous Services,45__0,45,0.0,4. p999_trade_value,321999.99999999994,975660.0,O:UPST250214C00075000,UPST,C,75.0,2025-02-14,233,0,302,4.76,1738338048153000000,1400,666400.0,2025-01-31,3000.0,30,True,Multi Leg Auction,Finance,Financial - Miscellaneous Services,68.15,68.7,63.89,64.745,7,5.823734988398731,20,1,1,1,1,0
UPST,Finance,Financial - Miscellaneous Services,45__0,45,0.0,4. p999_trade_value,321999.99999999994,975660.0,O:UPST250214P00057000,UPST,P,57.0,2025-02-14,233,0,302,2.91,1738338048153000000,1400,407400.0,2025-01-31,3000.0,30,True,Multi Leg Auction,Finance,Financial - Miscellaneous Services,68.15,68.7,63.89,64.745,17,5.610021024664145,20,1,0,0,0,1
UPST,Finance,Financial - Miscellaneous Services,45__0,45,0.0,4. p999_trade_value,321999.99999999994,975660.0,O:UPST250221C00075000,UPST,C,75.0,2025-02-21,233,0,312,3.45,1738769036232000000,1337,461265.00000000006,2025-02-05,3000.0,30,True,Multi Leg Auction,Finance,Financial - Miscellaneous Services,63.59,65.2699,63.0,64.98,13,5.6639505023352585,20,1,1,1,0,0
UPST,Finance,Financial - Miscellaneous Services,45__0,45,0.0,4. p999_trade_value,321999.99999999994,975660.0,O:UPST250221C00075000,UPST,C,75.0,2025-02-21,233,0,312,3.45,1738769036232000000,2777,958065.0,2025-02-05,3000.0,30,True,Multi Leg Auction,Finance,Financial - Miscellaneous Services,63.59,65.2699,63.0,64.98,5,5.981394974823532,20,1,1,1,0,0
UPST,Finance,Financial - Miscellaneous Services,45__0,45,0.0,4. p999_trade_value,321999.99999999994,975660.0,O:UPST250221C00075000,UPST,C,75.0,2025-02-21,233,0,312,3.45,1738769036232000000,2828,975660.0,2025-02-05,3000.0,30,True,Multi Leg Auction,Finance,Financial - Miscellaneous Services,63.59,65.2699,63.0,64.98,4,5.989298500198136,20,1,1,1,0,0
UPST,Finance,Financial - Miscellaneous Services,45__0,45,0.0,4. p999_trade_value,321999.99999999994,975660.0,O:UPST250221C00075000,UPST,C,75.0,2025-02-21,232,0,304,3.46,1738768996115000000,1487,514501.99999999994,2025-02-05,3000.0,30,True,Multi Leg auto-electronic trade,Finance,Financial - Miscellaneous Services,63.59,65.2699,63.0,64.98,10,5.711387067314731,20,1,1,1,0,0
UPST,Finance,Financial - Miscellaneous Services,45__0,45,0.0,4. p999_trade_value,321999.99999999994,975660.0,O:UPST250221C00085000,UPST,C,85.0,2025-02-21,233,0,312,1.55,1738769036232000000,2828,438340.00000000006,2025-02-05,3000.0,30,True,Multi Leg Auction,Finance,Financial - Miscellaneous Services,63.59,65.2699,63.0,64.98,15,5.6418111032951535,20,1,1,0,0,0
UPST,Finance,Financial - Miscellaneous Services,45__0,45,0.0,4. p999_trade_value,321999.99999999994,975660.0,O:UPST250221C00085000,UPST,C,85.0,2025-02-21,233,0,312,1.55,1738769036232000000,2777,430435.00000000006,2025-02-05,3000.0,30,True,Multi Leg Auction,Finance,Financial - Miscellaneous Services,63.59,65.2699,63.0,64.98,16,5.633907577920549,20,1,1,0,0,0
UPST,Finance,Financial - Miscellaneous Services,45__0,45,0.0,4. p999_trade_value,321999.99999999994,975660.0,O:UPST250221C00095000,UPST,C,95.0,2025-02-21,233,0,302,2.78,1739373667938000000,1399,388922.0,2025-02-12,3000.0,30,True,Multi Leg Auction,Finance,Financial - Miscellaneous Services,83.44,90.44,80.0,88.77,20,5.589862510409904,20,1,1,0,0,0
UPST,Finance,Financial - Miscellaneous Services,45__0,45,0.0,4. p999_trade_value,321999.99999999994,975660.0,O:UPST250307C00070000,UPST,C,70.0,2025-03-07,235,0,301,2.3,1740499074505000000,1400,321999.99999999994,2025-02-25,3000.0,30,True,Multi Leg floor trade,Finance,Financial - Miscellaneous Services,69.23,69.89,63.69,66.91,28,5.507855871695831,20,1,1,0,0,0
UPST,Finance,Financial - Miscellaneous Services,45__0,45,0.0,4. p999_trade_value,321999.99999999994,975660.0,O:UPST250417P00045000,UPST,P,45.0,2025-04-17,235,0,301,2.54,1742567791693000000,2000,508000.0,2025-03-21,3000.0,30,True,Multi Leg floor trade,Finance,Financial - Miscellaneous Services,47.89,52.165,47.82,51.96,11,5.705863712283919,20,1,1,1,1,0
UPST,Finance,Financial - Miscellaneous Services,45__0,45,0.0,4. p999_trade_value,321999.99999999994,975660.0,O:UPST250509C00051000,UPST,C,51.0,2025-05-09,233,0,323,3.88,1745509824336000000,1958,759704.0,2025-04-24,3000.0,30,True,Multi Leg Auction,Finance,Financial - Miscellaneous Services,44.24,47.07,44.15,46.71,6,5.880644413061327,20,1,1,0,0,0
UPST,Finance,Financial - Miscellaneous Services,45__0,45,0.0,4. p999_trade_value,321999.99999999994,975660.0,O:UPST250509P00036000,UPST,P,36.0,2025-05-09,233,0,323,1.98,1745509824336000000,1958,387684.0,2025-04-24,3000.0,30,True,Multi Leg Auction,Finance,Financial - Miscellaneous Services,44.24,47.07,44.15,46.71,21,5.58847787772865,20,1,0,0,0,1
UPST,Finance,Financial - Miscellaneous Services,45__0,45,0.0,4. p999_trade_value,321999.99999999994,975660.0,O:UPST250509P00045000,UPST,P,45.0,2025-05-09,227,0,323,3.78,1745935440843000000,997,376866.0,2025-04-29,3000.0,30,True,Single Leg Auction Non ISO,Finance,Financial - Miscellaneous Services,50.01,51.3901,48.44,49.19,23,5.576186958148881,20,1,1,0,0,0
UPST,Finance,Financial - Miscellaneous Services,45__0,45,0.0,4. p999_trade_value,321999.99999999994,975660.0,O:UPST250509C00061000,UPST,C,61.0,2025-05-09,233,0,302,2.18,1746457022362000000,2209,481562.00000000006,2025-05-05,3000.0,30,True,Multi Leg Auction,Finance,Financial - Miscellaneous Services,49.36,52.93,49.3,52.0,12,5.68265220947604,20,1,0,0,0,1
UPST,Finance,Financial - Miscellaneous Services,45__0,45,0.0,4. p999_trade_value,321999.99999999994,975660.0,O:UPST250509C00064000,UPST,C,64.0,2025-05-09,233,0,302,1.54,1746457022362000000,2209,340186.0,2025-05-05,3000.0,30,True,Multi Leg Auction,Finance,Financial - Miscellaneous Services,49.36,52.93,49.3,52.0,26,5.531716436707898,20,1,0,0,0,1
UPST,Finance,Financial - Miscellaneous Services,45__0,45,0.0,3. p9999_trade_value,1049580.0,1211012.0,O:UPST250620C00058000,UPST,C,58.0,2025-06-20,235,0,301,1.87,1749480967175000000,6476,1211012.0,2025-06-09,3000.0,30,True,Multi Leg floor trade,Finance,Financial - Miscellaneous Services,55.51,57.773,54.16,57.42,2,6.083148446617835,20,1,1,0,0,0
UPST,Finance,Financial - Miscellaneous Services,45__0,45,0.0,4. p999_trade_value,321999.99999999994,975660.0,O:UPST250627C00065000,UPST,C,65.0,2025-06-27,235,0,301,1.35,1749655441804000000,4568,616680.0,2025-06-11,3000.0,30,True,Multi Leg floor trade,Finance,Financial - Miscellaneous Services,59.13,61.5168,57.25,57.88,8,5.790059863732798,20,1,0,0,0,1
VCTR,Finance,Financial - Investment Management,10__0,10,0.0,8. p75_trade_value,7600.0,7600.0,O:VCTR250221C00070000,VCTR,C,70.0,2025-02-21,209,0,320,1.9,1737562973470000000,40,7600.0,2025-01-22,3000.0,30,True,Automatic Execution,Finance,Financial - Investment Management,67.12,67.95,66.62,67.83,2,3.8808135922807914,20,2,1,0,0,0
VCTR,Finance,Financial - Investment Management,10__0,10,0.0,1. p999999_trade_value,9025.0,9025.0,O:VCTR250620C00065000,VCTR,C,65.0,2025-06-20,209,0,308,0.95,1748017365680000000,95,9025.0,2025-05-23,3000.0,30,True,Automatic Execution,Finance,Financial - Investment Management,59.73,61.42,59.73,61.09,1,3.9554472105776957,20,1,1,0,0,0
VIRT,Finance,Financial - Miscellaneous Services,15__0,15,0.0,6. p95_trade_value,17745.0,32000.0,O:VIRT250221C00039000,VIRT,C,39.0,2025-02-21,209,0,308,1.6,1737663491161000000,200,32000.0,2025-01-23,3000.0,30,True,Automatic Execution,Finance,Financial - Miscellaneous Services,37.28,38.8,37.06,38.6,2,4.505149978319906,20,1,1,0,0,0
VIRT,Finance,Financial - Miscellaneous Services,15__0,15,0.0,1. p999999_trade_value,32835.0,32835.0,O:VIRT250221C00039000,VIRT,C,39.0,2025-02-21,209,0,308,1.65,1737662709543000000,199,32835.0,2025-01-23,3000.0,30,True,Automatic Execution,Finance,Financial - Miscellaneous Services,37.28,38.8,37.06,38.6,1,4.516337020623613,20,1,1,0,0,0
VIRT,Finance,Financial - Miscellaneous Services,15__0,15,0.0,6. p95_trade_value,17745.0,32000.0,O:VIRT250620C00041000,VIRT,C,41.0,2025-06-20,209,0,308,1.05,1748960397091000000,169,17745.0,2025-06-03,3000.0,30,True,Automatic Execution,Finance,Financial - Miscellaneous Services,40.54,40.87,40.12,40.27,3,4.249076003683611,20,1,1,0,0,0
XP,Finance,Financial - Miscellaneous Services,25__2,25,2.0,1. p999999_trade_value,1860000.0,1860000.0,O:XP250214P00010000,XP,P,10.0,2025-02-14,241,0,323,0.31,1737481042334000000,60000,1860000.0,2025-01-21,3000.0,30,True,Stock Options Cross,Finance,Financial - Miscellaneous Services,12.02,12.07,10.9,11.41,1,6.269512944217916,20,1,0,0,0,1
XP,Finance,Financial - Miscellaneous Services,25__2,25,2.0,5. p99_trade_value,219560.0,319320.0,O:XP250417P00013500,XP,P,13.5,2025-04-17,235,0,301,0.22,1742924750158000000,9980,219560.0,2025-03-25,3000.0,30,True,Multi Leg floor trade,Finance,Financial - Miscellaneous Services,14.93,15.1,14.49,14.65,4,5.341553222109577,20,1,1,0,0,0
XP,Finance,Financial - Miscellaneous Services,25__2,25,2.0,5. p99_trade_value,219560.0,319320.0,O:XP250523C00019000,XP,C,19.0,2025-05-23,235,0,301,0.4,1747768261739000000,7983,319320.0,2025-05-20,3000.0,30,True,Multi Leg floor trade,Finance,Financial - Miscellaneous Services,18.37,18.855,18.3,18.56,2,5.5042261205990135,20,1,1,0,0,0
XP,Finance,Financial - Miscellaneous Services,25__2,25,2.0,5. p99_trade_value,219560.0,319320.0,O:XP250523C00019000,XP,C,19.0,2025-05-23,234,0,313,0.45,1747760415213000000,6000,270000.0,2025-05-20,3000.0,30,True,Multi Leg Cross,Finance,Financial - Miscellaneous Services,18.37,18.855,18.3,18.56,3,5.431363764158987,20,1,1,0,0,0
AMG,Finance,Financial - Investment Management,5__0,5,0.0,1. p999999_trade_value,9500.0,9500.0,O:AMG250221C00185000,AMG,C,185.0,2025-02-21,209,0,325,5.0,1738771647171000000,19,9500.0,2025-02-05,3000.0,30,True,Automatic Execution,Finance,Financial - Investment Management,181.7,183.795,180.91,182.42,1,3.9777236052888476,20,1,1,0,0,0
AX,Finance,Financial - Miscellaneous Services,15__0,15,0.0,1. p999999_trade_value,23000.0,23000.0,O:AX241018P00060000,AX,P,60.0,2024-10-18,209,0,308,2.0,1727793061851000000,115,23000.0,2024-10-01,3000.0,30,True,Automatic Execution,Finance,Financial - Miscellaneous Services,62.34,62.36,60.15,60.58,1,4.361727836017593,20,1,1,0,0,0
BAC,Finance,Financial - Investment Bank,40__0,40,0.0,4. p999_trade_value,240000.0,677470.0,O:BAC240920C00041000,BAC,C,41.0,2024-09-20,235,0,323,0.52,1725545553533000000,8444,439088.0,2024-09-05,3000.0,30,True,Multi Leg floor trade,Finance,Financial - Investment Bank,40.8,40.94,40.01,40.14,6,5.642551568270418,20,1,1,0,0,0
BAC,Finance,Financial - Investment Bank,40__0,40,0.0,4. p999_trade_value,240000.0,677470.0,O:BAC241115C00046000,BAC,C,46.0,2024-11-15,229,0,301,0.27,1729088360177000000,10000,270000.0,2024-10-16,3000.0,30,True,Single Leg Cross Non ISO,Finance,Financial - Investment Bank,42.21,43.1,42.145,42.8,10,5.431363764158987,20,1,1,1,1,0
BAC,Finance,Financial - Investment Bank,40__0,40,0.0,4. p999_trade_value,240000.0,677470.0,O:BAC241115P00042000,BAC,P,42.0,2024-11-15,234,0,300,0.77,1729102136540000000,5000,385000.0,2024-10-16,3000.0,30,True,Multi Leg Cross,Finance,Financial - Investment Bank,42.21,43.1,42.145,42.8,7,5.585460729508501,20,1,1,0,0,0
BAC,Finance,Financial - Investment Bank,40__0,40,0.0,4. p999_trade_value,240000.0,677470.0,O:BAC250117P00044000,BAC,P,44.0,2025-01-17,229,0,300,0.96,1735241369171000000,2500,240000.0,2024-12-26,3000.0,30,True,Single Leg Cross Non ISO,Finance,Financial - Investment Bank,44.21,44.58,44.105,44.55,15,5.380211241711606,20,1,1,0,0,0
BAC,Finance,Financial - Investment Bank,40__0,40,0.0,4. p999_trade_value,240000.0,677470.0,O:BAC250117C00047500,BAC,C,47.5,2025-01-17,235,0,323,0.49,1736347235837000000,9000,441000.0,2025-01-08,3000.0,30,True,Multi Leg floor trade,Finance,Financial - Investment Bank,45.9,46.26,45.69,46.21,5,5.644438589467838,20,1,1,0,0,0
BAC,Finance,Financial - Investment Bank,40__0,40,0.0,1. p999999_trade_value,1154230.0,1154230.0,O:BAC250207C00047000,BAC,C,47.0,2025-02-07,235,0,323,0.77,1736871464217000000,14990,1154230.0,2025-01-14,3000.0,30,True,Multi Leg floor trade,Finance,Financial - Investment Bank,45.6,45.92,45.23,45.78,1,6.062292358020762,20,1,1,1,1,0
BAC,Finance,Financial - Investment Bank,40__0,40,0.0,4. p999_trade_value,240000.0,677470.0,O:BAC250207C00050000,BAC,C,50.0,2025-02-07,235,0,323,0.17,1736871464217000000,14990,254830.00000000003,2025-01-14,3000.0,30,True,Multi Leg floor trade,Finance,Financial - Investment Bank,45.6,45.92,45.23,45.78,11,5.4062505542265535,20,1,0,0,0,1
BAC,Finance,Financial - Investment Bank,40__0,40,0.0,4. p999_trade_value,240000.0,677470.0,O:BAC250321C00046500,BAC,C,46.5,2025-03-21,227,0,323,0.45,1740755930250000000,6223,280035.0,2025-02-28,3000.0,30,True,Single Leg Auction Non ISO,Finance,Financial - Investment Bank,44.32,46.2,44.199,46.1,9,5.447212314759814,20,1,1,0,0,0
BAC,Finance,Financial - Investment Bank,40__0,40,0.0,4. p999_trade_value,240000.0,677470.0,O:BAC250411P00038000,BAC,P,38.0,2025-04-11,235,0,323,0.81,1741885526911000000,3000,243000.0,2025-03-13,3000.0,30,True,Multi Leg floor trade,Finance,Financial - Investment Bank,39.97,40.19,39.33,39.67,13,5.385606273598312,20,1,1,1,1,0
BAC,Finance,Financial - Investment Bank,40__0,40,0.0,4. p999_trade_value,240000.0,677470.0,O:BAC250417P00039000,BAC,P,39.0,2025-04-17,241,0,323,0.6,1743533620628000000,4000,240000.0,2025-04-01,3000.0,30,True,Stock Options Cross,Finance,Financial - Investment Bank,41.32,41.7,40.965,41.49,14,5.380211241711606,20,1,1,1,1,0
BAC,Finance,Financial - Investment Bank,40__0,40,0.0,3. p9999_trade_value,904000.0,904000.0,O:BAC250516P00037000,BAC,P,37.0,2025-05-16,234,0,300,1.13,1744903269096000000,8000,904000.0,2025-04-17,3000.0,30,True,Multi Leg Cross,Finance,Financial - Investment Bank,37.505,37.8699,37.24,37.41,2,5.956168430475364,20,1,1,0,0,0
BAC,Finance,Financial - Investment Bank,40__0,40,0.0,4. p999_trade_value,240000.0,677470.0,O:BAC250509C00041500,BAC,C,41.5,2025-05-09,239,0,302,0.37,1746454457972000000,18310,677470.0,2025-05-05,3000.0,30,True,Multi Leg floor trade against single leg(s),Finance,Financial - Investment Bank,40.85,41.49,40.62,41.12,3,5.830890068368691,20,1,1,1,1,0
BAC,Finance,Financial - Investment Bank,40__0,40,0.0,4. p999_trade_value,240000.0,677470.0,O:BAC250516C00042000,BAC,C,42.0,2025-05-16,239,0,302,0.45,1746454458041000000,15000,675000.0,2025-05-05,3000.0,30,True,Multi Leg floor trade against single leg(s),Finance,Financial - Investment Bank,40.85,41.49,40.62,41.12,4,5.829303772831025,20,1,1,1,1,0
BAC,Finance,Financial - Investment Bank,40__0,40,0.0,4. p999_trade_value,240000.0,677470.0,O:BAC250516C00045000,BAC,C,45.0,2025-05-16,239,0,302,0.28,1747238182341000000,10800,302400.00000000006,2025-05-14,3000.0,30,True,Multi Leg floor trade against single leg(s),Finance,Financial - Investment Bank,44.19,44.92,44.13,44.74,8,5.480581786829169,20,1,0,0,0,1
BAC,Finance,Financial - Investment Bank,40__0,40,0.0,4. p999_trade_value,240000.0,677470.0,O:BAC250516P00044000,BAC,P,44.0,2025-05-16,235,0,300,0.2,1747317652501000000,12373,247460.00000000003,2025-05-15,3000.0,30,True,Multi Leg floor trade,Finance,Financial - Investment Bank,44.6,44.98,44.01,44.38,12,5.393505008589961,20,1,1,1,0,0
BAM,Finance,Financial - Miscellaneous Services,25__0,25,0.0,6. p95_trade_value,12000.0,112320.0,O:BAM250321C00060000,BAM,C,60.0,2025-03-21,209,0,308,1.2,1740407845053000000,100,12000.0,2025-02-24,3000.0,30,True,Automatic Execution,Finance,Financial - Miscellaneous Services,58.65,59.05,57.13,58.06,15,4.079181246047625,20,1,0,0,0,1
BAM,Finance,Financial - Miscellaneous Services,25__0,25,0.0,6. p95_trade_value,12000.0,112320.0,O:BAM250321P00047500,BAM,P,47.5,2025-03-21,209,0,320,0.75,1741286119749000000,195,14625.0,2025-03-06,3000.0,30,True,Automatic Execution,Finance,Financial - Miscellaneous Services,52.1,52.25,49.92,50.3,11,4.165095874754218,20,1,1,0,0,0
BAM,Finance,Financial - Miscellaneous Services,25__0,25,0.0,6. p95_trade_value,12000.0,112320.0,O:BAM250516P00047500,BAM,P,47.5,2025-05-16,209,0,316,0.95,1745417154900000000,227,21564.999999999996,2025-04-23,3000.0,30,True,Automatic Execution,Finance,Financial - Miscellaneous Services,51.07,52.04,50.48,50.59,7,4.33374946248197,20,1,0,0,0,1
BAM,Finance,Financial - Miscellaneous Services,25__0,25,0.0,6. p95_trade_value,12000.0,112320.0,O:BAM250516C00055000,BAM,C,55.0,2025-05-16,209,0,302,1.35,1745951172890000000,97,13095.000000000002,2025-04-29,3000.0,30,True,Automatic Execution,Finance,Financial - Miscellaneous Services,53.04,53.98,52.58,53.82,12,4.117105502761251,20,1,1,1,1,0
BAM,Finance,Financial - Miscellaneous Services,25__0,25,0.0,6. p95_trade_value,12000.0,112320.0,O:BAM250516C00055000,BAM,C,55.0,2025-05-16,209,0,300,1.35,1745951172889000000,92,12420.0,2025-04-29,3000.0,30,True,Automatic Execution,Finance,Financial - Miscellaneous Services,53.04,53.98,52.58,53.82,14,4.094121595840561,20,1,1,1,1,0
BAM,Finance,Financial - Miscellaneous Services,25__0,25,0.0,6. p95_trade_value,12000.0,112320.0,O:BAM250516C00055000,BAM,C,55.0,2025-05-16,209,0,304,1.35,1745951172890000000,97,13095.000000000002,2025-04-29,3000.0,30,True,Automatic Execution,Finance,Financial - Miscellaneous Services,53.04,53.98,52.58,53.82,13,4.117105502761251,20,1,1,1,1,0
BAM,Finance,Financial - Miscellaneous Services,25__0,25,0.0,6. p95_trade_value,12000.0,112320.0,O:BAM250516P00052500,BAM,P,52.5,2025-05-16,209,0,323,1.5,1745951172889000000,106,15900.0,2025-04-29,3000.0,30,True,Automatic Execution,Finance,Financial - Miscellaneous Services,53.04,53.98,52.58,53.82,10,4.201397124320452,20,1,1,0,0,0
BAM,Finance,Financial - Miscellaneous Services,25__0,25,0.0,6. p95_trade_value,12000.0,112320.0,O:BAM250620P00047500,BAM,P,47.5,2025-06-20,232,0,304,0.16,1747838602694000000,1800,28800.0,2025-05-21,3000.0,30,True,Multi Leg auto-electronic trade,Finance,Financial - Miscellaneous Services,58.32,58.49,57.12,57.3,6,4.459392487759231,20,1,0,0,0,1
BAM,Finance,Financial - Miscellaneous Services,25__0,25,0.0,6. p95_trade_value,12000.0,112320.0,O:BAM250620P00055000,BAM,P,55.0,2025-06-20,232,0,304,1.0,1747838602694000000,300,30000.0,2025-05-21,3000.0,30,True,Multi Leg auto-electronic trade,Finance,Financial - Miscellaneous Services,58.32,58.49,57.12,57.3,5,4.477121254719663,20,1,1,0,0,0
BAM,Finance,Financial - Miscellaneous Services,25__0,25,0.0,6. p95_trade_value,12000.0,112320.0,O:BAM250620P00055000,BAM,P,55.0,2025-06-20,209,0,316,1.2,1748962853797000000,169,20280.0,2025-06-03,3000.0,30,True,Automatic Execution,Finance,Financial - Miscellaneous Services,56.09,56.93,55.93,56.44,8,4.307067950661298,20,1,1,0,0,0
BAM,Finance,Financial - Miscellaneous Services,25__0,25,0.0,6. p95_trade_value,12000.0,112320.0,O:BAM250620P00055000,BAM,P,55.0,2025-06-20,209,0,316,1.2,1748962858446000000,148,17760.0,2025-06-03,3000.0,30,True,Automatic Execution,Finance,Financial - Miscellaneous Services,56.09,56.93,55.93,56.44,9,4.249442961442583,20,1,1,0,0,0
BAM,Finance,Financial - Miscellaneous Services,25__0,25,0.0,5. p99_trade_value,112500.0,144600.0,O:BAM250620P00055000,BAM,P,55.0,2025-06-20,227,0,312,0.9,1749228406839000000,1250,112500.0,2025-06-06,3000.0,30,True,Single Leg Auction Non ISO,Finance,Financial - Miscellaneous Services,57.07,57.64,56.995,57.53,3,5.051152522447381,20,1,1,0,0,0
BAM,Finance,Financial - Miscellaneous Services,25__0,25,0.0,6. p95_trade_value,12000.0,112320.0,O:BAM250620P00055000,BAM,P,55.0,2025-06-20,227,0,312,0.9,1749228406840000000,1248,112320.0,2025-06-06,3000.0,30,True,Single Leg Auction Non ISO,Finance,Financial - Miscellaneous Services,57.07,57.64,56.995,57.53,4,5.05045709478573,20,1,1,0,0,0
BAM,Finance,Financial - Miscellaneous Services,25__0,25,0.0,1. p999999_trade_value,197550.0,197550.0,O:BAM250620P00055000,BAM,P,55.0,2025-06-20,228,0,312,0.9,1749228271106000000,2195,197550.0,2025-06-06,3000.0,30,True,Single Leg Auction ISO,Finance,Financial - Miscellaneous Services,57.07,57.64,56.995,57.53,1,5.295677034017465,20,1,1,0,0,0
BAM,Finance,Financial - Miscellaneous Services,25__0,25,0.0,5. p99_trade_value,112500.0,144600.0,O:BAM250620P00055000,BAM,P,55.0,2025-06-20,228,0,312,1.0,1749239726234000000,1446,144600.0,2025-06-06,3000.0,30,True,Single Leg Auction ISO,Finance,Financial - Miscellaneous Services,57.07,57.64,56.995,57.53,2,5.160168292958512,20,1,1,0,0,0
BEN,Finance,Financial - Investment Management,15__0,15,0.0,7. p90_trade_value,30000.0,222569.99999999997,O:BEN241018P00020000,BEN,P,20.0,2024-10-18,231,0,323,0.3,1727102667646000000,7419,222569.99999999997,2024-09-23,3000.0,30,True,Single Leg Floor Trade,Finance,Financial - Investment Management,20.84,21.07,20.69,20.76,3,5.347466625800622,20,1,1,0,0,0
BEN,Finance,Financial - Investment Management,15__0,15,0.0,8. p75_trade_value,14850.0,28839.999999999996,O:BEN241018P00020000,BEN,P,20.0,2024-10-18,231,0,323,0.35,1727100863710000000,824,28839.999999999996,2024-09-23,3000.0,30,True,Single Leg Floor Trade,Finance,Financial - Investment Management,20.84,21.07,20.69,20.76,7,4.459995256047391,20,3,1,0,0,0
BEN,Finance,Financial - Investment Management,15__0,15,0.0,8. p75_trade_value,14850.0,28839.999999999996,O:BEN241018P00020000,BEN,P,20.0,2024-10-18,231,0,323,0.35,1727102711860000000,824,28839.999999999996,2024-09-23,3000.0,30,True,Single Leg Floor Trade,Finance,Financial - Investment Management,20.84,21.07,20.69,20.76,6,4.459995256047391,20,3,1,0,0,0
BEN,Finance,Financial - Investment Management,15__0,15,0.0,7. p90_trade_value,30000.0,222569.99999999997,O:BEN241018P00020000,BEN,P,20.0,2024-10-18,231,0,323,0.3,1727100863710000000,7419,222569.99999999997,2024-09-23,3000.0,30,True,Single Leg Floor Trade,Finance,Financial - Investment Management,20.84,21.07,20.69,20.76,2,5.347466625800622,20,1,1,0,0,0
BEN,Finance,Financial - Investment Management,15__0,15,0.0,8. p75_trade_value,14850.0,28839.999999999996,O:BEN241018P00020000,BEN,P,20.0,2024-10-18,209,0,308,0.45,1727716743377000000,460,20700.0,2024-09-30,3000.0,30,True,Automatic Execution,Finance,Financial - Investment Management,20.39,20.508,20.06,20.15,9,4.315970345456917,20,4,1,0,0,0
BEN,Finance,Financial - Investment Management,15__0,15,0.0,8. p75_trade_value,14850.0,28839.999999999996,O:BEN241018C00020000,BEN,C,20.0,2024-10-18,235,0,300,0.38,1728330009621000000,450,17100.0,2024-10-07,3000.0,30,True,Multi Leg floor trade,Finance,Financial - Investment Management,19.83,19.88,19.345,19.58,10,4.232996110392154,20,5,1,1,1,0
BEN,Finance,Financial - Investment Management,15__0,15,0.0,7. p90_trade_value,30000.0,222569.99999999997,O:BEN241018P00020000,BEN,P,20.0,2024-10-18,229,0,312,0.15,1728661375364000000,2000,30000.0,2024-10-11,3000.0,30,True,Single Leg Cross Non ISO,Finance,Financial - Investment Management,20.3,20.605,20.09,20.11,5,4.477121254719663,20,2,1,0,0,0
BEN,Finance,Financial - Investment Management,15__0,15,0.0,7. p90_trade_value,30000.0,222569.99999999997,O:BEN241115P00020000,BEN,P,20.0,2024-11-15,242,0,302,0.6,1729176587232000000,1500,90000.0,2024-10-17,3000.0,30,True,Stock Options floor trade,Finance,Financial - Investment Management,20.63,20.7,20.415,20.67,4,4.954242509439325,20,2,1,0,0,0
BEN,Finance,Financial - Investment Management,15__0,15,0.0,8. p75_trade_value,14850.0,28839.999999999996,O:BEN241115P00020000,BEN,P,20.0,2024-11-15,209,0,315,0.75,1729794985551000000,198,14850.0,2024-10-24,3000.0,30,True,Automatic Execution,Finance,Financial - Investment Management,20.24,20.34,20.07,20.23,11,4.171726453653231,20,5,1,0,0,0
BEN,Finance,Financial - Investment Management,15__0,15,0.0,8. p75_trade_value,14850.0,28839.999999999996,O:BEN241115P00017500,BEN,P,17.5,2024-11-15,227,0,312,0.03,1730817778977000000,8102,24306.0,2024-11-05,3000.0,30,True,Single Leg Auction Non ISO,Finance,Financial - Investment Management,20.27,21.065,20.07,20.95,8,4.3857134935672315,20,4,0,0,0,1
BEN,Finance,Financial - Investment Management,15__0,15,0.0,1. p999999_trade_value,227800.0,227800.0,O:BEN250417C00020000,BEN,C,20.0,2025-04-17,227,0,308,0.4,1742586325129000000,5695,227800.0,2025-03-21,3000.0,30,True,Single Leg Auction Non ISO,Finance,Financial - Investment Management,19.81,19.98,19.62,19.87,1,5.357553719743081,20,1,1,0,0,0
BULL,Finance,Financial - Miscellaneous Services,35__0,35,0.0,1. p999999_trade_value,800000.0,800000.0,O:BULL250516P00013500,BULL,P,13.5,2025-05-16,235,0,323,0.4,1746636401411000000,20000,800000.0,2025-05-07,3000.0,30,True,Multi Leg floor trade,Finance,Financial - Miscellaneous Services,14.94,17.65,14.25,16.25,1,5.903089986991944,20,1,1,1,1,0
BX,Finance,Financial - Miscellaneous Services,40__0,40,0.0,1. p999999_trade_value,837600.0,837600.0,O:BX241018P00150000,BX,P,150.0,2024-10-18,235,0,313,3.0,1727709881816000000,2792,837600.0,2024-09-30,3000.0,30,True,Multi Leg floor trade,Finance,Financial - Miscellaneous Services,153.92,154.43,151.2,153.13,2,5.923036668670786,20,1,1,0,0,0
BX,Finance,Financial - Miscellaneous Services,40__0,40,0.0,1. p999999_trade_value,837600.0,837600.0,O:BX241018P00150000,BX,P,150.0,2024-10-18,231,0,302,3.0,1727713196248000000,2792,837600.0,2024-09-30,3000.0,30,True,Single Leg Floor Trade,Finance,Financial - Miscellaneous Services,153.92,154.43,151.2,153.13,1,5.923036668670786,20,1,1,0,0,0
C,Finance,Financial - Investment Bank,40__0,40,0.0,1. p999999_trade_value,920465.0,920465.0,O:C250417C00075000,C,C,75.0,2025-04-17,235,0,301,2.21,1742930259496000000,4165,920465.0,2025-03-25,3000.0,30,True,Multi Leg floor trade,Finance,Financial - Investment Bank,74.35,74.8,73.72,74.47,1,5.964007279427917,20,1,1,0,0,0
CAN,Finance,Financial - Miscellaneous Services,20__0,20,0.0,1. p999999_trade_value,79758.0,79758.0,O:CAN250328C00001500,CAN,C,1.5,2025-03-28,233,0,323,0.21,1740671909714000000,3798,79758.0,2025-02-27,3000.0,30,True,Multi Leg Auction,Finance,Financial - Miscellaneous Services,1.41,1.48,1.27,1.28,1,4.901774255134918,20,1,1,0,0,0
CNNE,Finance,Financial - Investment Management,0__1,0,1.0,1. p999999_trade_value,45500.0,45500.0,O:CNNE250417C00017500,CNNE,C,17.5,2025-04-17,209,0,325,0.91,1742408588785000000,500,45500.0,2025-03-19,3000.0,30,True,Automatic Execution,Finance,Financial - Investment Management,16.6,17.065,16.6,16.98,1,4.658011396657113,20,1,1,1,0,0
CRCL,Finance,Financial - Miscellaneous Services,35__0,35,0.0,1. p999999_trade_value,336150.0,336150.0,O:CRCL250620C00150000,CRCL,C,150.0,2025-06-20,209,0,323,4.5,1749483219027000000,747,336150.0,2025-06-09,3000.0,30,True,Automatic Execution,Finance,Financial - Miscellaneous Services,132.72,138.57,108.4,115.25,1,5.526533115590743,20,1,1,0,0,0
CSWC,Finance,Financial - Investment Management,5__0,5,0.0,1. p999999_trade_value,3720.0000000000005,3720.0000000000005,O:CSWC250321P00022500,CSWC,P,22.5,2025-03-21,227,0,323,0.62,1741106897399000000,60,3720.0000000000005,2025-03-04,3000.0,30,True,Single Leg Auction Non ISO,Finance,Financial - Investment Management,23.03,23.0795,22.65,22.75,1,3.5705429398818977,20,1,1,1,1,0
ECPG,Finance,Financial - Consumer Loans,5__0,5,0.0,1. p999999_trade_value,11000.000000000002,11000.000000000002,O:ECPG241115C00047500,ECPG,C,47.5,2024-11-15,209,0,308,2.2,1730303827055000000,50,11000.000000000002,2024-10-30,3000.0,30,True,Automatic Execution,Finance,Financial - Consumer Loans,45.77,47.26,45.77,46.41,1,4.041392685158225,20,1,1,1,1,0
ECPG,Finance,Financial - Consumer Loans,5__0,5,0.0,8. p75_trade_value,10400.0,10400.0,O:ECPG250321P00047500,ECPG,P,47.5,2025-03-21,209,0,325,1.04,1739982032272000000,100,10400.0,2025-02-19,3000.0,30,True,Automatic Execution,Finance,Financial - Consumer Loans,49.96,51.77,49.955,51.25,2,4.017033339298781,20,2,1,1,1,0
EEFT,Finance,Financial - Miscellaneous Services,10__0,10,0.0,1. p999999_trade_value,20470.0,20470.0,O:EEFT241220C00105000,EEFT,C,105.0,2024-12-20,209,0,320,2.3,1732116847714000000,89,20470.0,2024-11-20,3000.0,30,True,Automatic Execution,Finance,Financial - Miscellaneous Services,100.89,103.62,100.845,103.43,1,4.311117842662505,20,1,1,1,0,0
ENVA,Finance,Financial - Consumer Loans,10__0,10,0.0,1. p999999_trade_value,9250.0,9250.0,O:ENVA250221P00110000,ENVA,P,110.0,2025-02-21,209,0,320,3.7,1738702011771000000,25,9250.0,2025-02-04,3000.0,30,True,Automatic Execution,Finance,Financial - Consumer Loans,110.49,114.07,110.49,112.94,1,3.9661417327390325,20,1,1,1,1,0
ENVA,Finance,Financial - Consumer Loans,10__0,10,0.0,8. p75_trade_value,6250.0,6250.0,O:ENVA250417P00080000,ENVA,P,80.0,2025-04-17,209,0,313,2.5,1743795195059000000,25,6250.0,2025-04-04,3000.0,30,True,Automatic Execution,Finance,Financial - Consumer Loans,86.37,88.5,83.4951,85.91,2,3.7958800173440754,20,2,1,0,0,0
EVR,Finance,Financial - Investment Bank,20__1,20,1.0,1. p999999_trade_value,445670.0,445670.0,O:EVR250516C00210000,EVR,C,210.0,2025-05-16,241,0,323,4.1,1745936299339000000,1087,445670.0,2025-04-29,3000.0,30,True,Stock Options Cross,Finance,Financial - Investment Bank,195.03,199.2,192.77,199.0,1,5.64901340080603,20,1,1,1,1,0
FHI,Finance,Financial - Investment Management,0__0,0,0.0,1. p999999_trade_value,12000.0,12000.0,O:FHI250117P00040000,FHI,P,40.0,2025-01-17,242,0,300,0.4,1735229969323000000,300,12000.0,2024-12-26,3000.0,30,True,Stock Options floor trade,Finance,Financial - Investment Management,41.18,41.59,40.89,41.51,1,4.079181246047625,20,1,1,1,1,0
FINV,Finance,Financial - Miscellaneous Services,10__0,10,0.0,8. p75_trade_value,29970.0,29970.0,O:FINV250321C00010000,FINV,C,10.0,2025-03-21,209,0,308,0.15,1740067322795000000,1998,29970.0,2025-02-20,3000.0,30,True,Automatic Execution,Finance,Financial - Miscellaneous Services,8.58,8.68,8.415,8.62,2,4.4766867429456445,20,2,1,1,1,0
FINV,Finance,Financial - Miscellaneous Services,10__0,10,0.0,1. p999999_trade_value,37485.0,37485.0,O:FINV250321C00010000,FINV,C,10.0,2025-03-21,209,0,308,0.15,1740061941783000000,2499,37485.0,2025-02-20,3000.0,30,True,Automatic Execution,Finance,Financial - Miscellaneous Services,8.58,8.68,8.415,8.62,1,4.573857515182131,20,1,1,1,1,0
