security,sector,industry,final_cluster,trade_volume_bin,cluster,trade_value_category,max_trade_value,min_trade_value,itm_total,total,itm_pct,itm_threshold,ab,itm_running_total,running_total,itm_running_pct
AAP,Retail-Wholesale,Automotive - Retail and Wholesale - Parts,30__2,30,2.0,1. p999999_trade_value,322500.0,322500.0,0.0,1.0,0.0,0.55,2. BELOW BASELINE,0.0,1.0,0.0
AAP,Retail-Wholesale,Automotive - Retail and Wholesale - Parts,30__2,30,2.0,4. p999_trade_value,240396.0,240396.0,1.0,1.0,1.0,0.55,2. BELOW BASELINE,1.0,2.0,0.5
AAP,Retail-Wholesale,Automotive - Retail and Wholesale - Parts,30__2,30,2.0,5. p99_trade_value,238008.0,69000.0,8.0,15.0,0.5333333333333333,0.55,2. BELOW BASELINE,9.0,17.0,0.5294117647058824
AAP,Retail-Wholesale,Automotive - Retail and Wholesale - Parts,30__2,30,2.0,6. p95_trade_value,66834.0,24206.000000000004,36.0,67.0,0.5373134328358209,0.55,2. BELOW BASELINE,45.0,84.0,0.5357142857142857
AAP,Retail-Wholesale,Automotive - Retail and Wholesale - Parts,30__2,30,2.0,7. p90_trade_value,24070.0,14310.0,39.0,83.0,0.46987951807228917,0.55,2. BELOW BASELINE,84.0,167.0,0.5029940119760479
AAP,Retail-Wholesale,Automotive - Retail and Wholesale - Parts,30__2,30,2.0,8. p75_trade_value,14213.0,8000.0,146.0,250.0,0.584,0.55,2. BELOW BASELINE,230.0,417.0,0.5515587529976019
ABG,Retail-Wholesale,Automotive - Retail and Whole Sales,15__0,15,0.0,1. p999999_trade_value,59000.0,59000.0,1.0,1.0,1.0,0.55,1. ABOVE BASELINE,1.0,1.0,1.0
ABG,Retail-Wholesale,Automotive - Retail and Whole Sales,15__0,15,0.0,6. p95_trade_value,50399.99999999999,50399.99999999999,1.0,1.0,1.0,0.55,1. ABOVE BASELINE,2.0,2.0,1.0
ABG,Retail-Wholesale,Automotive - Retail and Whole Sales,15__0,15,0.0,7. p90_trade_value,31500.0,31500.0,2.0,2.0,1.0,0.55,1. ABOVE BASELINE,4.0,4.0,1.0
ABG,Retail-Wholesale,Automotive - Retail and Whole Sales,15__0,15,0.0,8. p75_trade_value,19200.0,8800.0,3.0,3.0,1.0,0.55,1. ABOVE BASELINE,7.0,7.0,1.0
ACVA,Retail-Wholesale,Internet - Commerce,20__0,20,0.0,1. p999999_trade_value,123400.0,123400.0,1.0,1.0,1.0,0.55,1. ABOVE BASELINE,1.0,1.0,1.0
ACVA,Retail-Wholesale,Internet - Commerce,20__0,20,0.0,6. p95_trade_value,90015.0,42000.0,0.0,2.0,0.0,0.55,2. BELOW BASELINE,1.0,3.0,0.3333333333333333
ACVA,Retail-Wholesale,Internet - Commerce,20__0,20,0.0,7. p90_trade_value,9825.0,8325.0,0.0,3.0,0.0,0.55,2. BELOW BASELINE,1.0,6.0,0.16666666666666666
ACVA,Retail-Wholesale,Internet - Commerce,20__0,20,0.0,8. p75_trade_value,8245.0,6225.0,1.0,9.0,0.1111111111111111,0.55,2. BELOW BASELINE,2.0,15.0,0.13333333333333333
AEO,Retail-Wholesale,Retail - Apparel and Shoes,25__0,25,0.0,1. p999999_trade_value,247936.0,247936.0,1.0,1.0,1.0,0.55,1. ABOVE BASELINE,1.0,1.0,1.0
AEO,Retail-Wholesale,Retail - Apparel and Shoes,25__0,25,0.0,5. p99_trade_value,200000.0,200000.0,3.0,3.0,1.0,0.55,1. ABOVE BASELINE,4.0,4.0,1.0
AEO,Retail-Wholesale,Retail - Apparel and Shoes,25__0,25,0.0,6. p95_trade_value,175000.0,26639.999999999996,7.0,15.0,0.4666666666666667,0.55,2. BELOW BASELINE,11.0,19.0,0.5789473684210527
AEO,Retail-Wholesale,Retail - Apparel and Shoes,25__0,25,0.0,7. p90_trade_value,26398.0,15000.0,8.0,18.0,0.4444444444444444,0.55,2. BELOW BASELINE,19.0,37.0,0.5135135135135135
AEO,Retail-Wholesale,Retail - Apparel and Shoes,25__0,25,0.0,8. p75_trade_value,14945.999999999998,8750.0,42.0,56.0,0.75,0.55,2. BELOW BASELINE,61.0,93.0,0.6559139784946236
AN,Retail-Wholesale,Automotive - Retail and Whole Sales,20__0,20,0.0,1. p999999_trade_value,57000.0,57000.0,1.0,1.0,1.0,0.55,1. ABOVE BASELINE,1.0,1.0,1.0
AN,Retail-Wholesale,Automotive - Retail and Whole Sales,20__0,20,0.0,5. p99_trade_value,37014.0,37014.0,1.0,1.0,1.0,0.55,1. ABOVE BASELINE,2.0,2.0,1.0
AN,Retail-Wholesale,Automotive - Retail and Whole Sales,20__0,20,0.0,6. p95_trade_value,31784.000000000004,16554.0,4.0,6.0,0.6666666666666666,0.55,1. ABOVE BASELINE,6.0,8.0,0.75
AN,Retail-Wholesale,Automotive - Retail and Whole Sales,20__0,20,0.0,7. p90_trade_value,15000.0,10080.0,4.0,7.0,0.5714285714285714,0.55,1. ABOVE BASELINE,10.0,15.0,0.6666666666666666
AN,Retail-Wholesale,Automotive - Retail and Whole Sales,20__0,20,0.0,8. p75_trade_value,9660.0,6955.0,21.0,22.0,0.9545454545454546,0.55,1. ABOVE BASELINE,31.0,37.0,0.8378378378378378
ANF,Retail-Wholesale,Retail - Apparel and Shoes,40__0,40,0.0,1. p999999_trade_value,1137500.0,1137500.0,1.0,1.0,1.0,0.55,2. BELOW BASELINE,1.0,1.0,1.0
ANF,Retail-Wholesale,Retail - Apparel and Shoes,40__0,40,0.0,4. p999_trade_value,678000.0,411840.00000000006,2.0,7.0,0.2857142857142857,0.55,2. BELOW BASELINE,3.0,8.0,0.375
ANF,Retail-Wholesale,Retail - Apparel and Shoes,40__0,40,0.0,5. p99_trade_value,403328.0,84000.0,37.0,68.0,0.5441176470588235,0.55,2. BELOW BASELINE,40.0,76.0,0.5263157894736842
ANF,Retail-Wholesale,Retail - Apparel and Shoes,40__0,40,0.0,6. p95_trade_value,83100.0,26660.000000000004,188.0,304.0,0.618421052631579,0.55,2. BELOW BASELINE,228.0,380.0,0.6
ANF,Retail-Wholesale,Retail - Apparel and Shoes,40__0,40,0.0,7. p90_trade_value,26640.000000000004,16590.0,196.0,380.0,0.5157894736842106,0.55,2. BELOW BASELINE,424.0,760.0,0.5578947368421052
ANF,Retail-Wholesale,Retail - Apparel and Shoes,40__0,40,0.0,8. p75_trade_value,16562.0,8580.0,555.0,1136.0,0.488556338028169,0.55,2. BELOW BASELINE,979.0,1896.0,0.5163502109704642
ARHS,Retail-Wholesale,Retail - Miscellaneous,10__0,10,0.0,1. p999999_trade_value,12475.0,12475.0,0.0,1.0,0.0,0.55,2. BELOW BASELINE,0.0,1.0,0.0
ARHS,Retail-Wholesale,Retail - Miscellaneous,10__0,10,0.0,7. p90_trade_value,10000.0,10000.0,0.0,2.0,0.0,0.55,2. BELOW BASELINE,0.0,3.0,0.0
AZO,Retail-Wholesale,Automotive - Retail and Wholesale - Parts,35__0,35,0.0,1. p999999_trade_value,291200.0,291200.0,0.0,1.0,0.0,0.55,2. BELOW BASELINE,0.0,1.0,0.0
AZO,Retail-Wholesale,Automotive - Retail and Wholesale - Parts,35__0,35,0.0,4. p999_trade_value,269200.0,173485.0,2.0,4.0,0.5,0.55,2. BELOW BASELINE,2.0,5.0,0.4
AZO,Retail-Wholesale,Automotive - Retail and Wholesale - Parts,35__0,35,0.0,5. p99_trade_value,167400.0,62460.0,31.0,40.0,0.775,0.55,2. BELOW BASELINE,33.0,45.0,0.7333333333333333
AZO,Retail-Wholesale,Automotive - Retail and Wholesale - Parts,35__0,35,0.0,6. p95_trade_value,61979.99999999999,19300.0,75.0,177.0,0.423728813559322,0.55,2. BELOW BASELINE,108.0,222.0,0.4864864864864865
AZO,Retail-Wholesale,Automotive - Retail and Wholesale - Parts,35__0,35,0.0,7. p90_trade_value,19250.0,12600.0,117.0,222.0,0.527027027027027,0.55,2. BELOW BASELINE,225.0,444.0,0.5067567567567568
AZO,Retail-Wholesale,Automotive - Retail and Wholesale - Parts,35__0,35,0.0,8. p75_trade_value,12560.0,7500.0,359.0,678.0,0.5294985250737463,0.55,2. BELOW BASELINE,584.0,1122.0,0.5204991087344029
BABA,Retail-Wholesale,Internet - Commerce,50__4,50,4.0,1. p999999_trade_value,2130000.0,2130000.0,0.0,1.0,0.0,0.55,2. BELOW BASELINE,0.0,1.0,0.0
BABA,Retail-Wholesale,Internet - Commerce,50__4,50,4.0,2. p99999_trade_value,1593000.0,1593000.0,1.0,1.0,1.0,0.55,2. BELOW BASELINE,1.0,2.0,0.5
BABA,Retail-Wholesale,Internet - Commerce,50__4,50,4.0,3. p9999_trade_value,1545000.0000000002,1071360.0,6.0,12.0,0.5,0.55,2. BELOW BASELINE,7.0,14.0,0.5
BABA,Retail-Wholesale,Internet - Commerce,50__4,50,4.0,4. p999_trade_value,1038500.0,343200.0,72.0,123.0,0.5853658536585366,0.55,2. BELOW BASELINE,79.0,137.0,0.5766423357664233
BABA,Retail-Wholesale,Internet - Commerce,50__4,50,4.0,5. p99_trade_value,339000.0,85656.0,727.0,1233.0,0.5896188158961881,0.55,2. BELOW BASELINE,806.0,1370.0,0.5883211678832116
BABA,Retail-Wholesale,Internet - Commerce,50__4,50,4.0,6. p95_trade_value,85648.0,30744.0,2965.0,5478.0,0.5412559328221979,0.55,2. BELOW BASELINE,3771.0,6848.0,0.5506717289719626
BABA,Retail-Wholesale,Internet - Commerce,50__4,50,4.0,7. p90_trade_value,30739.999999999996,19536.0,3587.0,6856.0,0.523191365227538,0.55,2. BELOW BASELINE,7358.0,13704.0,0.5369235259778167
BABA,Retail-Wholesale,Internet - Commerce,50__4,50,4.0,8. p75_trade_value,19530.0,9962.0,10337.0,20543.0,0.5031884340164533,0.55,2. BELOW BASELINE,17695.0,34247.0,0.5166875930738459
BBW,Retail-Wholesale,Retail - Miscellaneous,20__2,20,2.0,1. p999999_trade_value,250000.0,250000.0,1.0,1.0,1.0,0.55,1. ABOVE BASELINE,1.0,1.0,1.0
BBW,Retail-Wholesale,Retail - Miscellaneous,20__2,20,2.0,6. p95_trade_value,34560.0,29095.0,2.0,2.0,1.0,0.55,1. ABOVE BASELINE,3.0,3.0,1.0
BBW,Retail-Wholesale,Retail - Miscellaneous,20__2,20,2.0,7. p90_trade_value,25488.0,23939.999999999996,3.0,3.0,1.0,0.55,1. ABOVE BASELINE,6.0,6.0,1.0
BBW,Retail-Wholesale,Retail - Miscellaneous,20__2,20,2.0,8. p75_trade_value,23600.0,10319.999999999998,7.0,9.0,0.7777777777777778,0.55,1. ABOVE BASELINE,13.0,15.0,0.8666666666666667
BBWI,Retail-Wholesale,Retail - Miscellaneous,30__1,30,1.0,1. p999999_trade_value,443250.0,443250.0,1.0,1.0,1.0,0.55,1. ABOVE BASELINE,1.0,1.0,1.0
BBWI,Retail-Wholesale,Retail - Miscellaneous,30__1,30,1.0,5. p99_trade_value,360000.0,200000.0,3.0,6.0,0.5,0.55,2. BELOW BASELINE,4.0,7.0,0.5714285714285714
BBWI,Retail-Wholesale,Retail - Miscellaneous,30__1,30,1.0,6. p95_trade_value,161982.0,38045.0,11.0,24.0,0.4583333333333333,0.55,2. BELOW BASELINE,15.0,31.0,0.4838709677419355
BBWI,Retail-Wholesale,Retail - Miscellaneous,30__1,30,1.0,7. p90_trade_value,37904.99999999999,18360.0,16.0,30.0,0.5333333333333333,0.55,2. BELOW BASELINE,31.0,61.0,0.5081967213114754
BBWI,Retail-Wholesale,Retail - Miscellaneous,30__1,30,1.0,8. p75_trade_value,18000.0,8925.0,43.0,90.0,0.4777777777777778,0.55,2. BELOW BASELINE,74.0,151.0,0.4900662251655629
BBY,Retail-Wholesale,Retail - Consumer Electronics,35__2,35,2.0,1. p999999_trade_value,1172745.0,1172745.0,1.0,1.0,1.0,0.55,2. BELOW BASELINE,1.0,1.0,1.0
BBY,Retail-Wholesale,Retail - Consumer Electronics,35__2,35,2.0,4. p999_trade_value,449712.0,360000.0,1.0,2.0,0.5,0.55,2. BELOW BASELINE,2.0,3.0,0.6666666666666666
BBY,Retail-Wholesale,Retail - Consumer Electronics,35__2,35,2.0,5. p99_trade_value,245119.0,103500.0,11.0,27.0,0.4074074074074074,0.55,2. BELOW BASELINE,13.0,30.0,0.43333333333333335
BBY,Retail-Wholesale,Retail - Consumer Electronics,35__2,35,2.0,6. p95_trade_value,97002.0,26234.999999999996,53.0,116.0,0.45689655172413796,0.55,2. BELOW BASELINE,66.0,146.0,0.4520547945205479
BBY,Retail-Wholesale,Retail - Consumer Electronics,35__2,35,2.0,7. p90_trade_value,26200.0,15792.000000000002,56.0,146.0,0.3835616438356164,0.55,2. BELOW BASELINE,122.0,292.0,0.4178082191780822
BBY,Retail-Wholesale,Retail - Consumer Electronics,35__2,35,2.0,8. p75_trade_value,15760.0,8400.0,226.0,439.0,0.5148063781321185,0.55,2. BELOW BASELINE,348.0,731.0,0.47606019151846785
BGFV,Retail-Wholesale,Retail - Miscellaneous,0__2,0,2.0,1. p999999_trade_value,7640.000000000001,7640.000000000001,0.0,1.0,0.0,0.55,2. BELOW BASELINE,0.0,1.0,0.0
BIRD,Retail-Wholesale,Retail - Apparel and Shoes,5__0,5,0.0,1. p999999_trade_value,12350.0,12350.0,0.0,1.0,0.0,0.55,2. BELOW BASELINE,0.0,1.0,0.0
BJRI,Retail-Wholesale,Retail - Restaurants,10__0,10,0.0,1. p999999_trade_value,31075.0,31075.0,0.0,1.0,0.0,0.55,2. BELOW BASELINE,0.0,1.0,0.0
BJRI,Retail-Wholesale,Retail - Restaurants,10__0,10,0.0,7. p90_trade_value,23400.0,23400.0,0.0,1.0,0.0,0.55,2. BELOW BASELINE,0.0,2.0,0.0
BJRI,Retail-Wholesale,Retail - Restaurants,10__0,10,0.0,8. p75_trade_value,8960.0,8960.0,1.0,1.0,1.0,0.55,2. BELOW BASELINE,1.0,3.0,0.3333333333333333
BKE,Retail-Wholesale,Retail - Apparel and Shoes,15__0,15,0.0,1. p999999_trade_value,8189.999999999999,8189.999999999999,0.0,1.0,0.0,0.55,2. BELOW BASELINE,0.0,1.0,0.0
BKE,Retail-Wholesale,Retail - Apparel and Shoes,15__0,15,0.0,7. p90_trade_value,6800.0,6800.0,1.0,1.0,1.0,0.55,2. BELOW BASELINE,1.0,2.0,0.5
BKE,Retail-Wholesale,Retail - Apparel and Shoes,15__0,15,0.0,8. p75_trade_value,5699.999999999999,5252.0,2.0,3.0,0.6666666666666666,0.55,2. BELOW BASELINE,3.0,5.0,0.6
BKNG,Retail-Wholesale,Internet - Commerce,45__0,45,0.0,1. p999999_trade_value,1060200.0,1060200.0,1.0,1.0,1.0,0.55,1. ABOVE BASELINE,1.0,1.0,1.0
BKNG,Retail-Wholesale,Internet - Commerce,45__0,45,0.0,3. p9999_trade_value,771000.0,756340.0,2.0,3.0,0.6666666666666666,0.55,1. ABOVE BASELINE,3.0,4.0,0.75
BKNG,Retail-Wholesale,Internet - Commerce,45__0,45,0.0,4. p999_trade_value,720000.0,207200.0,19.0,31.0,0.6129032258064516,0.55,1. ABOVE BASELINE,22.0,35.0,0.6285714285714286
BKNG,Retail-Wholesale,Internet - Commerce,45__0,45,0.0,5. p99_trade_value,202600.0,78680.0,141.0,315.0,0.44761904761904764,0.55,2. BELOW BASELINE,163.0,350.0,0.4657142857142857
BKNG,Retail-Wholesale,Internet - Commerce,45__0,45,0.0,6. p95_trade_value,78631.0,29680.0,648.0,1399.0,0.4631879914224446,0.55,2. BELOW BASELINE,811.0,1749.0,0.46369353916523726
BKNG,Retail-Wholesale,Internet - Commerce,45__0,45,0.0,7. p90_trade_value,29660.000000000004,17220.0,824.0,1748.0,0.47139588100686497,0.55,2. BELOW BASELINE,1635.0,3497.0,0.4675436088075493
BKNG,Retail-Wholesale,Internet - Commerce,45__0,45,0.0,8. p75_trade_value,17215.0,9620.0,2922.0,5245.0,0.5571020019065777,0.55,2. BELOW BASELINE,4557.0,8742.0,0.5212765957446809
BLDR,Retail-Wholesale,Building Products - Retail,30__2,30,2.0,1. p999999_trade_value,450000.0,450000.0,1.0,1.0,1.0,0.55,1. ABOVE BASELINE,1.0,1.0,1.0
BLDR,Retail-Wholesale,Building Products - Retail,30__2,30,2.0,4. p999_trade_value,145000.0,145000.0,1.0,1.0,1.0,0.55,1. ABOVE BASELINE,2.0,2.0,1.0
BLDR,Retail-Wholesale,Building Products - Retail,30__2,30,2.0,5. p99_trade_value,137500.0,61294.99999999999,8.0,11.0,0.7272727272727273,0.55,1. ABOVE BASELINE,10.0,13.0,0.7692307692307693
BLDR,Retail-Wholesale,Building Products - Retail,30__2,30,2.0,6. p95_trade_value,55200.0,25420.0,22.0,50.0,0.44,0.55,2. BELOW BASELINE,32.0,63.0,0.5079365079365079
BLDR,Retail-Wholesale,Building Products - Retail,30__2,30,2.0,7. p90_trade_value,25200.0,15980.000000000002,27.0,62.0,0.43548387096774194,0.55,2. BELOW BASELINE,59.0,125.0,0.472
BLDR,Retail-Wholesale,Building Products - Retail,30__2,30,2.0,8. p75_trade_value,15960.0,8510.0,108.0,187.0,0.5775401069518716,0.55,2. BELOW BASELINE,167.0,312.0,0.5352564102564102
BLMN,Retail-Wholesale,Retail - Restaurants,15__0,15,0.0,1. p999999_trade_value,41580.0,41580.0,1.0,1.0,1.0,0.55,1. ABOVE BASELINE,1.0,1.0,1.0
BLMN,Retail-Wholesale,Retail - Restaurants,15__0,15,0.0,6. p95_trade_value,17814.999999999996,16000.0,0.0,2.0,0.0,0.55,2. BELOW BASELINE,1.0,3.0,0.3333333333333333
BLMN,Retail-Wholesale,Retail - Restaurants,15__0,15,0.0,7. p90_trade_value,14654.999999999998,12780.0,0.0,3.0,0.0,0.55,2. BELOW BASELINE,1.0,6.0,0.16666666666666666
BLMN,Retail-Wholesale,Retail - Restaurants,15__0,15,0.0,8. p75_trade_value,12460.0,7380.0,5.0,8.0,0.625,0.55,2. BELOW BASELINE,6.0,14.0,0.42857142857142855
BOOT,Retail-Wholesale,Retail - Apparel and Shoes,25__0,25,0.0,1. p999999_trade_value,135000.0,135000.0,0.0,1.0,0.0,0.55,2. BELOW BASELINE,0.0,1.0,0.0
BOOT,Retail-Wholesale,Retail - Apparel and Shoes,25__0,25,0.0,5. p99_trade_value,120000.0,96000.0,3.0,5.0,0.6,0.55,2. BELOW BASELINE,3.0,6.0,0.5
BOOT,Retail-Wholesale,Retail - Apparel and Shoes,25__0,25,0.0,6. p95_trade_value,95620.0,38400.0,11.0,20.0,0.55,0.55,2. BELOW BASELINE,14.0,26.0,0.5384615384615384
BOOT,Retail-Wholesale,Retail - Apparel and Shoes,25__0,25,0.0,7. p90_trade_value,34500.0,17520.0,22.0,26.0,0.8461538461538461,0.55,2. BELOW BASELINE,36.0,52.0,0.6923076923076923
BOOT,Retail-Wholesale,Retail - Apparel and Shoes,25__0,25,0.0,8. p75_trade_value,17100.0,8910.0,49.0,78.0,0.6282051282051282,0.55,2. BELOW BASELINE,85.0,130.0,0.6538461538461539
BROS,Retail-Wholesale,Retail - Restaurants,35__0,35,0.0,1. p999999_trade_value,946000.0,946000.0,0.0,1.0,0.0,0.55,2. BELOW BASELINE,0.0,1.0,0.0
BROS,Retail-Wholesale,Retail - Restaurants,35__0,35,0.0,4. p999_trade_value,850000.0,522000.0,1.0,2.0,0.5,0.55,2. BELOW BASELINE,1.0,3.0,0.3333333333333333
BROS,Retail-Wholesale,Retail - Restaurants,35__0,35,0.0,5. p99_trade_value,494000.0,63750.0,6.0,19.0,0.3157894736842105,0.55,2. BELOW BASELINE,7.0,22.0,0.3181818181818182
BROS,Retail-Wholesale,Retail - Restaurants,35__0,35,0.0,6. p95_trade_value,61005.00000000001,19110.0,58.0,86.0,0.6744186046511628,0.55,2. BELOW BASELINE,65.0,108.0,0.6018518518518519
BROS,Retail-Wholesale,Retail - Restaurants,35__0,35,0.0,7. p90_trade_value,19076.0,13440.0,75.0,107.0,0.7009345794392523,0.55,2. BELOW BASELINE,140.0,215.0,0.6511627906976745
BROS,Retail-Wholesale,Retail - Restaurants,35__0,35,0.0,8. p75_trade_value,13377.000000000002,7750.0,222.0,333.0,0.6666666666666666,0.55,2. BELOW BASELINE,362.0,548.0,0.6605839416058394
BURL,Retail-Wholesale,Retail - Discount Stores,35__1,35,1.0,1. p999999_trade_value,1725000.0,1725000.0,1.0,1.0,1.0,0.55,1. ABOVE BASELINE,1.0,1.0,1.0
BURL,Retail-Wholesale,Retail - Discount Stores,35__1,35,1.0,4. p999_trade_value,1543239.9999999998,950000.0,3.0,3.0,1.0,0.55,1. ABOVE BASELINE,4.0,4.0,1.0
BURL,Retail-Wholesale,Retail - Discount Stores,35__1,35,1.0,5. p99_trade_value,795000.0,124000.0,18.0,33.0,0.5454545454545454,0.55,2. BELOW BASELINE,22.0,37.0,0.5945945945945946
BURL,Retail-Wholesale,Retail - Discount Stores,35__1,35,1.0,6. p95_trade_value,121439.99999999999,23680.0,71.0,147.0,0.48299319727891155,0.55,2. BELOW BASELINE,93.0,184.0,0.5054347826086957
BURL,Retail-Wholesale,Retail - Discount Stores,35__1,35,1.0,7. p90_trade_value,23625.0,14490.0,101.0,183.0,0.5519125683060109,0.55,2. BELOW BASELINE,194.0,367.0,0.5286103542234333
BURL,Retail-Wholesale,Retail - Discount Stores,35__1,35,1.0,8. p75_trade_value,14400.0,8175.0,335.0,549.0,0.6102003642987249,0.55,2. BELOW BASELINE,529.0,916.0,0.5775109170305677
BYON,Retail-Wholesale,Internet - Commerce,25__0,25,0.0,1. p999999_trade_value,125000.0,125000.0,1.0,1.0,1.0,0.55,1. ABOVE BASELINE,1.0,1.0,1.0
BYON,Retail-Wholesale,Internet - Commerce,25__0,25,0.0,5. p99_trade_value,75000.0,52500.0,3.0,4.0,0.75,0.55,1. ABOVE BASELINE,4.0,5.0,0.8
BYON,Retail-Wholesale,Internet - Commerce,25__0,25,0.0,6. p95_trade_value,51870.00000000001,16200.0,8.0,16.0,0.5,0.55,2. BELOW BASELINE,12.0,21.0,0.5714285714285714
BYON,Retail-Wholesale,Internet - Commerce,25__0,25,0.0,7. p90_trade_value,15419.999999999998,10320.0,12.0,20.0,0.6,0.55,2. BELOW BASELINE,24.0,41.0,0.5853658536585366
BYON,Retail-Wholesale,Internet - Commerce,25__0,25,0.0,8. p75_trade_value,10000.0,6850.0,31.0,60.0,0.5166666666666667,0.55,2. BELOW BASELINE,55.0,101.0,0.5445544554455446
CAKE,Retail-Wholesale,Retail - Restaurants,25__0,25,0.0,1. p999999_trade_value,75364.0,75364.0,2.0,2.0,1.0,0.55,1. ABOVE BASELINE,2.0,2.0,1.0
CAKE,Retail-Wholesale,Retail - Restaurants,25__0,25,0.0,6. p95_trade_value,75000.0,16830.0,7.0,8.0,0.875,0.55,1. ABOVE BASELINE,9.0,10.0,0.9
CAKE,Retail-Wholesale,Retail - Restaurants,25__0,25,0.0,7. p90_trade_value,16000.0,12537.0,8.0,9.0,0.8888888888888888,0.55,1. ABOVE BASELINE,17.0,19.0,0.8947368421052632
CAKE,Retail-Wholesale,Retail - Restaurants,25__0,25,0.0,8. p75_trade_value,12500.0,7363.0,13.0,28.0,0.4642857142857143,0.55,2. BELOW BASELINE,30.0,47.0,0.6382978723404256
CART,Retail-Wholesale,Internet - Commerce,30__2,30,2.0,1. p999999_trade_value,650000.0,650000.0,1.0,1.0,1.0,0.55,1. ABOVE BASELINE,1.0,1.0,1.0
CART,Retail-Wholesale,Internet - Commerce,30__2,30,2.0,4. p999_trade_value,420000.0,420000.0,1.0,1.0,1.0,0.55,1. ABOVE BASELINE,2.0,2.0,1.0
CART,Retail-Wholesale,Internet - Commerce,30__2,30,2.0,5. p99_trade_value,416000.0,56979.99999999999,8.0,10.0,0.8,0.55,1. ABOVE BASELINE,10.0,12.0,0.8333333333333334
CART,Retail-Wholesale,Internet - Commerce,30__2,30,2.0,6. p95_trade_value,55500.0,19100.0,26.0,45.0,0.5777777777777777,0.55,1. ABOVE BASELINE,36.0,57.0,0.631578947368421
CART,Retail-Wholesale,Internet - Commerce,30__2,30,2.0,7. p90_trade_value,19000.0,13068.0,36.0,57.0,0.631578947368421,0.55,1. ABOVE BASELINE,72.0,114.0,0.631578947368421
CART,Retail-Wholesale,Internet - Commerce,30__2,30,2.0,8. p75_trade_value,13020.000000000002,7789.999999999999,107.0,170.0,0.6294117647058823,0.55,1. ABOVE BASELINE,179.0,284.0,0.6302816901408451
CASY,Retail-Wholesale,Retail - Convenience Stores,25__0,25,0.0,1. p999999_trade_value,525000.0,525000.0,1.0,1.0,1.0,0.55,1. ABOVE BASELINE,1.0,1.0,1.0
CASY,Retail-Wholesale,Retail - Convenience Stores,25__0,25,0.0,5. p99_trade_value,140360.0,73590.0,2.0,4.0,0.5,0.55,2. BELOW BASELINE,3.0,5.0,0.6
CASY,Retail-Wholesale,Retail - Convenience Stores,25__0,25,0.0,6. p95_trade_value,61275.0,25090.0,13.0,20.0,0.65,0.55,2. BELOW BASELINE,16.0,25.0,0.64
CASY,Retail-Wholesale,Retail - Convenience Stores,25__0,25,0.0,7. p90_trade_value,24992.0,18288.0,21.0,25.0,0.84,0.55,2. BELOW BASELINE,37.0,50.0,0.74
CASY,Retail-Wholesale,Retail - Convenience Stores,25__0,25,0.0,8. p75_trade_value,17550.0,8400.0,39.0,76.0,0.5131578947368421,0.55,2. BELOW BASELINE,76.0,126.0,0.6031746031746031
CATO,Retail-Wholesale,Retail - Apparel and Shoes,0__2,0,2.0,1. p999999_trade_value,4000.0,4000.0,0.0,1.0,0.0,0.55,2. BELOW BASELINE,0.0,1.0,0.0
CAVA,Retail-Wholesale,Retail - Restaurants,40__3,40,3.0,1. p999999_trade_value,2502500.0,2502500.0,1.0,1.0,1.0,0.55,1. ABOVE BASELINE,1.0,1.0,1.0
CAVA,Retail-Wholesale,Retail - Restaurants,40__3,40,3.0,3. p9999_trade_value,836073.0,836073.0,1.0,1.0,1.0,0.55,1. ABOVE BASELINE,2.0,2.0,1.0
CAVA,Retail-Wholesale,Retail - Restaurants,40__3,40,3.0,4. p999_trade_value,820000.0,340413.0,5.0,11.0,0.45454545454545453,0.55,2. BELOW BASELINE,7.0,13.0,0.5384615384615384
CAVA,Retail-Wholesale,Retail - Restaurants,40__3,40,3.0,5. p99_trade_value,339120.0,65325.000000000015,52.0,112.0,0.4642857142857143,0.55,2. BELOW BASELINE,59.0,125.0,0.472
CAVA,Retail-Wholesale,Retail - Restaurants,40__3,40,3.0,6. p95_trade_value,65100.0,23400.0,240.0,498.0,0.4819277108433735,0.55,2. BELOW BASELINE,299.0,623.0,0.4799357945425361
CAVA,Retail-Wholesale,Retail - Restaurants,40__3,40,3.0,7. p90_trade_value,23375.0,15093.0,360.0,623.0,0.5778491171749599,0.55,2. BELOW BASELINE,659.0,1246.0,0.528892455858748
CAVA,Retail-Wholesale,Retail - Restaurants,40__3,40,3.0,8. p75_trade_value,15080.000000000002,8159.999999999999,992.0,1868.0,0.5310492505353319,0.55,2. BELOW BASELINE,1651.0,3114.0,0.5301862556197816
CBRL,Retail-Wholesale,Retail - Restaurants,25__0,25,0.0,1. p999999_trade_value,114425.0,114425.0,0.0,1.0,0.0,0.55,2. BELOW BASELINE,0.0,1.0,0.0
CBRL,Retail-Wholesale,Retail - Restaurants,25__0,25,0.0,5. p99_trade_value,105000.0,84930.0,2.0,2.0,1.0,0.55,2. BELOW BASELINE,2.0,3.0,0.6666666666666666
CBRL,Retail-Wholesale,Retail - Restaurants,25__0,25,0.0,6. p95_trade_value,45999.99999999999,29039.999999999996,8.0,8.0,1.0,0.55,2. BELOW BASELINE,10.0,11.0,0.9090909090909091
CBRL,Retail-Wholesale,Retail - Restaurants,25__0,25,0.0,7. p90_trade_value,28689.999999999996,21210.000000000004,8.0,10.0,0.8,0.55,2. BELOW BASELINE,18.0,21.0,0.8571428571428571
CBRL,Retail-Wholesale,Retail - Restaurants,25__0,25,0.0,8. p75_trade_value,19800.0,8000.0,20.0,31.0,0.6451612903225806,0.55,2. BELOW BASELINE,38.0,52.0,0.7307692307692307
CHWY,Retail-Wholesale,Internet - Commerce,35__0,35,0.0,1. p999999_trade_value,460000.0,460000.0,0.0,1.0,0.0,0.55,2. BELOW BASELINE,0.0,1.0,0.0
CHWY,Retail-Wholesale,Internet - Commerce,35__0,35,0.0,4. p999_trade_value,396758.00000000006,331520.0,0.0,3.0,0.0,0.55,2. BELOW BASELINE,0.0,4.0,0.0
CHWY,Retail-Wholesale,Internet - Commerce,35__0,35,0.0,5. p99_trade_value,324530.0,98700.0,10.0,33.0,0.30303030303030304,0.55,2. BELOW BASELINE,10.0,37.0,0.2702702702702703
CHWY,Retail-Wholesale,Internet - Commerce,35__0,35,0.0,6. p95_trade_value,97318.0,27270.0,70.0,145.0,0.4827586206896552,0.55,2. BELOW BASELINE,80.0,182.0,0.43956043956043955
CHWY,Retail-Wholesale,Internet - Commerce,35__0,35,0.0,7. p90_trade_value,27235.000000000004,16430.0,98.0,182.0,0.5384615384615384,0.55,2. BELOW BASELINE,178.0,364.0,0.489010989010989
CHWY,Retail-Wholesale,Internet - Commerce,35__0,35,0.0,8. p75_trade_value,16403.0,8300.0,295.0,551.0,0.5353901996370236,0.55,2. BELOW BASELINE,473.0,915.0,0.5169398907103825
CMG,Retail-Wholesale,Retail - Restaurants,40__0,40,0.0,1. p999999_trade_value,835662.0000000001,835662.0000000001,0.0,1.0,0.0,0.55,2. BELOW BASELINE,0.0,1.0,0.0
CMG,Retail-Wholesale,Retail - Restaurants,40__0,40,0.0,4. p999_trade_value,640000.0,500340.00000000006,4.0,6.0,0.6666666666666666,0.55,2. BELOW BASELINE,4.0,7.0,0.5714285714285714
CMG,Retail-Wholesale,Retail - Restaurants,40__0,40,0.0,5. p99_trade_value,436000.0,85000.00000000001,21.0,59.0,0.3559322033898305,0.55,2. BELOW BASELINE,25.0,66.0,0.3787878787878788
CMG,Retail-Wholesale,Retail - Restaurants,40__0,40,0.0,6. p95_trade_value,83200.0,24079.0,115.0,261.0,0.44061302681992337,0.55,2. BELOW BASELINE,140.0,327.0,0.42813455657492355
CMG,Retail-Wholesale,Retail - Restaurants,40__0,40,0.0,7. p90_trade_value,23850.0,14910.999999999998,159.0,327.0,0.48623853211009177,0.55,2. BELOW BASELINE,299.0,654.0,0.45718654434250766
CMG,Retail-Wholesale,Retail - Restaurants,40__0,40,0.0,8. p75_trade_value,14900.0,7925.0,479.0,980.0,0.4887755102040816,0.55,2. BELOW BASELINE,778.0,1634.0,0.47613219094247244
CNXN,Retail-Wholesale,Retail - Computer Hardware,5__0,5,0.0,1. p999999_trade_value,10720.0,10720.0,0.0,1.0,0.0,0.55,2. BELOW BASELINE,0.0,1.0,0.0
COST,Retail-Wholesale,Retail - Discount Stores,50__3,50,3.0,1. p999999_trade_value,1281791.0,1281791.0,0.0,1.0,0.0,0.55,2. BELOW BASELINE,0.0,1.0,0.0
COST,Retail-Wholesale,Retail - Discount Stores,50__3,50,3.0,3. p9999_trade_value,1180000.0,771308.0,2.0,8.0,0.25,0.55,2. BELOW BASELINE,2.0,9.0,0.2222222222222222
COST,Retail-Wholesale,Retail - Discount Stores,50__3,50,3.0,4. p999_trade_value,764050.0,254508.0,30.0,72.0,0.4166666666666667,0.55,2. BELOW BASELINE,32.0,81.0,0.3950617283950617
COST,Retail-Wholesale,Retail - Discount Stores,50__3,50,3.0,5. p99_trade_value,253692.0,66429.0,352.0,726.0,0.48484848484848486,0.55,2. BELOW BASELINE,384.0,807.0,0.4758364312267658
COST,Retail-Wholesale,Retail - Discount Stores,50__3,50,3.0,6. p95_trade_value,66385.0,24360.0,1650.0,3225.0,0.5116279069767442,0.55,2. BELOW BASELINE,2034.0,4032.0,0.5044642857142857
COST,Retail-Wholesale,Retail - Discount Stores,50__3,50,3.0,7. p90_trade_value,24358.0,15720.000000000002,2045.0,4029.0,0.5075701166542567,0.55,2. BELOW BASELINE,4079.0,8061.0,0.506016623247736
COST,Retail-Wholesale,Retail - Discount Stores,50__3,50,3.0,8. p75_trade_value,15719.999999999998,8550.0,5811.0,12135.0,0.4788627935723115,0.55,2. BELOW BASELINE,9890.0,20196.0,0.48970093087740146
CPNG,Retail-Wholesale,Internet - Commerce,30__2,30,2.0,1. p999999_trade_value,323082.0,323082.0,1.0,1.0,1.0,0.55,1. ABOVE BASELINE,1.0,1.0,1.0
CPNG,Retail-Wholesale,Internet - Commerce,30__2,30,2.0,5. p99_trade_value,109872.0,66740.0,4.0,8.0,0.5,0.55,2. BELOW BASELINE,5.0,9.0,0.5555555555555556
CPNG,Retail-Wholesale,Internet - Commerce,30__2,30,2.0,6. p95_trade_value,62340.0,18810.000000000004,10.0,33.0,0.30303030303030304,0.55,2. BELOW BASELINE,15.0,42.0,0.35714285714285715
CPNG,Retail-Wholesale,Internet - Commerce,30__2,30,2.0,7. p90_trade_value,18660.0,12000.0,19.0,42.0,0.4523809523809524,0.55,2. BELOW BASELINE,34.0,84.0,0.40476190476190477
CPNG,Retail-Wholesale,Internet - Commerce,30__2,30,2.0,8. p75_trade_value,11819.000000000002,7600.0,60.0,123.0,0.4878048780487805,0.55,2. BELOW BASELINE,94.0,207.0,0.45410628019323673
CPRI,Retail-Wholesale,Retail - Apparel and Shoes,35__1,35,1.0,1. p999999_trade_value,2300000.0,2300000.0,2.0,2.0,1.0,0.55,2. BELOW BASELINE,2.0,2.0,1.0
CPRI,Retail-Wholesale,Retail - Apparel and Shoes,35__1,35,1.0,4. p999_trade_value,930000.0,930000.0,0.0,2.0,0.0,0.55,2. BELOW BASELINE,2.0,4.0,0.5
CPRI,Retail-Wholesale,Retail - Apparel and Shoes,35__1,35,1.0,5. p99_trade_value,880000.0,290000.0,7.0,26.0,0.2692307692307692,0.55,2. BELOW BASELINE,9.0,30.0,0.3
CPRI,Retail-Wholesale,Retail - Apparel and Shoes,35__1,35,1.0,6. p95_trade_value,270000.0,37000.0,41.0,119.0,0.3445378151260504,0.55,2. BELOW BASELINE,50.0,149.0,0.33557046979865773
CPRI,Retail-Wholesale,Retail - Apparel and Shoes,35__1,35,1.0,7. p90_trade_value,36600.0,18800.0,60.0,148.0,0.40540540540540543,0.55,2. BELOW BASELINE,110.0,297.0,0.37037037037037035
CPRI,Retail-Wholesale,Retail - Apparel and Shoes,35__1,35,1.0,8. p75_trade_value,18760.0,8800.0,153.0,452.0,0.33849557522123896,0.55,2. BELOW BASELINE,263.0,749.0,0.35113484646194926
CTRN,Retail-Wholesale,Retail - Apparel and Shoes,15__0,15,0.0,1. p999999_trade_value,11499.999999999998,11499.999999999998,1.0,1.0,1.0,0.55,1. ABOVE BASELINE,1.0,1.0,1.0
CTRN,Retail-Wholesale,Retail - Apparel and Shoes,15__0,15,0.0,6. p95_trade_value,10500.0,10500.0,1.0,1.0,1.0,0.55,1. ABOVE BASELINE,2.0,2.0,1.0
CTRN,Retail-Wholesale,Retail - Apparel and Shoes,15__0,15,0.0,7. p90_trade_value,8300.0,8300.0,1.0,1.0,1.0,0.55,1. ABOVE BASELINE,3.0,3.0,1.0
CTRN,Retail-Wholesale,Retail - Apparel and Shoes,15__0,15,0.0,8. p75_trade_value,8000.0,7500.0,3.0,3.0,1.0,0.55,1. ABOVE BASELINE,6.0,6.0,1.0
CURV,Retail-Wholesale,Retail - Apparel and Shoes,5__3,5,3.0,1. p999999_trade_value,25000.0,25000.0,1.0,1.0,1.0,0.55,1. ABOVE BASELINE,1.0,1.0,1.0
CVNA,Retail-Wholesale,Internet - Commerce,50__0,50,0.0,1. p999999_trade_value,8624000.0,8624000.0,1.0,1.0,1.0,0.55,2. BELOW BASELINE,1.0,1.0,1.0
CVNA,Retail-Wholesale,Internet - Commerce,50__0,50,0.0,3. p9999_trade_value,4550000.0,1428154.0,4.0,8.0,0.5,0.55,2. BELOW BASELINE,5.0,9.0,0.5555555555555556
CVNA,Retail-Wholesale,Internet - Commerce,50__0,50,0.0,4. p999_trade_value,1425600.0,471000.0,47.0,75.0,0.6266666666666667,0.55,2. BELOW BASELINE,52.0,84.0,0.6190476190476191
CVNA,Retail-Wholesale,Internet - Commerce,50__0,50,0.0,5. p99_trade_value,468531.00000000006,150000.0,487.0,753.0,0.646746347941567,0.55,2. BELOW BASELINE,539.0,837.0,0.6439665471923537
CVNA,Retail-Wholesale,Internet - Commerce,50__0,50,0.0,6. p95_trade_value,149700.0,46863.0,1961.0,3348.0,0.5857228195937874,0.55,2. BELOW BASELINE,2500.0,4185.0,0.5973715651135006
CVNA,Retail-Wholesale,Internet - Commerce,50__0,50,0.0,7. p90_trade_value,46860.0,26279.999999999996,2407.0,4185.0,0.5751493428912784,0.55,2. BELOW BASELINE,4907.0,8370.0,0.5862604540023895
CVNA,Retail-Wholesale,Internet - Commerce,50__0,50,0.0,8. p75_trade_value,26277.000000000004,11424.0,7106.0,12555.0,0.565989645559538,0.55,2. BELOW BASELINE,12013.0,20925.0,0.5740979689366786
DADA,Retail-Wholesale,Internet - Commerce,5__0,5,0.0,1. p999999_trade_value,8400.000000000002,8400.000000000002,0.0,1.0,0.0,0.55,2. BELOW BASELINE,0.0,1.0,0.0
DBI,Retail-Wholesale,Retail - Apparel and Shoes,15__0,15,0.0,1. p999999_trade_value,90000.0,90000.0,1.0,1.0,1.0,0.55,1. ABOVE BASELINE,1.0,1.0,1.0
DBI,Retail-Wholesale,Retail - Apparel and Shoes,15__0,15,0.0,6. p95_trade_value,66000.0,66000.0,1.0,1.0,1.0,0.55,1. ABOVE BASELINE,2.0,2.0,1.0
DBI,Retail-Wholesale,Retail - Apparel and Shoes,15__0,15,0.0,7. p90_trade_value,60000.0,60000.0,0.0,1.0,0.0,0.55,2. BELOW BASELINE,2.0,3.0,0.6666666666666666
DBI,Retail-Wholesale,Retail - Apparel and Shoes,15__0,15,0.0,8. p75_trade_value,24970.0,12000.0,2.0,4.0,0.5,0.55,2. BELOW BASELINE,4.0,7.0,0.5714285714285714
DECK,Retail-Wholesale,Retail - Apparel and Shoes,40__2,40,2.0,1. p999999_trade_value,1492000.0,1492000.0,0.0,1.0,0.0,0.55,2. BELOW BASELINE,0.0,1.0,0.0
DECK,Retail-Wholesale,Retail - Apparel and Shoes,40__2,40,2.0,4. p999_trade_value,1080000.0,696000.0,2.0,6.0,0.3333333333333333,0.55,2. BELOW BASELINE,2.0,7.0,0.2857142857142857
DECK,Retail-Wholesale,Retail - Apparel and Shoes,40__2,40,2.0,5. p99_trade_value,680000.0,176000.0,22.0,60.0,0.36666666666666664,0.55,2. BELOW BASELINE,24.0,67.0,0.3582089552238806
DECK,Retail-Wholesale,Retail - Apparel and Shoes,40__2,40,2.0,6. p95_trade_value,169150.0,31490.000000000004,91.0,265.0,0.3433962264150943,0.55,2. BELOW BASELINE,115.0,332.0,0.3463855421686747
DECK,Retail-Wholesale,Retail - Apparel and Shoes,40__2,40,2.0,7. p90_trade_value,31360.000000000004,18700.0,172.0,333.0,0.5165165165165165,0.55,2. BELOW BASELINE,287.0,665.0,0.43157894736842106
DECK,Retail-Wholesale,Retail - Apparel and Shoes,40__2,40,2.0,8. p75_trade_value,18630.0,9060.0,543.0,991.0,0.5479313824419778,0.55,2. BELOW BASELINE,830.0,1656.0,0.501207729468599
DG,Retail-Wholesale,Retail - Discount Stores,40__0,40,0.0,1. p999999_trade_value,1215000.0,1215000.0,1.0,1.0,1.0,0.55,2. BELOW BASELINE,1.0,1.0,1.0
DG,Retail-Wholesale,Retail - Discount Stores,40__0,40,0.0,4. p999_trade_value,983254.9999999999,429722.0,2.0,5.0,0.4,0.55,2. BELOW BASELINE,3.0,6.0,0.5
DG,Retail-Wholesale,Retail - Discount Stores,40__0,40,0.0,5. p99_trade_value,372750.0,86524.0,30.0,52.0,0.5769230769230769,0.55,2. BELOW BASELINE,33.0,58.0,0.5689655172413793
DG,Retail-Wholesale,Retail - Discount Stores,40__0,40,0.0,6. p95_trade_value,84224.00000000001,24820.0,117.0,231.0,0.5064935064935064,0.55,2. BELOW BASELINE,150.0,289.0,0.5190311418685121
DG,Retail-Wholesale,Retail - Discount Stores,40__0,40,0.0,7. p90_trade_value,24765.999999999996,16121.0,111.0,289.0,0.38408304498269896,0.55,2. BELOW BASELINE,261.0,578.0,0.4515570934256055
DG,Retail-Wholesale,Retail - Discount Stores,40__0,40,0.0,8. p75_trade_value,16079.999999999998,8680.0,423.0,866.0,0.4884526558891455,0.55,2. BELOW BASELINE,684.0,1444.0,0.47368421052631576
DIN,Retail-Wholesale,Retail - Restaurants,15__0,15,0.0,1. p999999_trade_value,29655.0,29655.0,1.0,1.0,1.0,0.55,1. ABOVE BASELINE,1.0,1.0,1.0
DIN,Retail-Wholesale,Retail - Restaurants,15__0,15,0.0,7. p90_trade_value,28080.0,28080.0,1.0,1.0,1.0,0.55,1. ABOVE BASELINE,2.0,2.0,1.0
DIN,Retail-Wholesale,Retail - Restaurants,15__0,15,0.0,8. p75_trade_value,28000.0,18000.0,3.0,3.0,1.0,0.55,1. ABOVE BASELINE,5.0,5.0,1.0
DKS,Retail-Wholesale,Retail - Miscellaneous,35__1,35,1.0,1. p999999_trade_value,1940000.0,1940000.0,1.0,1.0,1.0,0.55,2. BELOW BASELINE,1.0,1.0,1.0
DKS,Retail-Wholesale,Retail - Miscellaneous,35__1,35,1.0,4. p999_trade_value,1239000.0,585000.0,2.0,4.0,0.5,0.55,2. BELOW BASELINE,3.0,5.0,0.6
DKS,Retail-Wholesale,Retail - Miscellaneous,35__1,35,1.0,5. p99_trade_value,584435.0,95000.0,18.0,38.0,0.47368421052631576,0.55,2. BELOW BASELINE,21.0,43.0,0.4883720930232558
DKS,Retail-Wholesale,Retail - Miscellaneous,35__1,35,1.0,6. p95_trade_value,90000.0,26780.0,83.0,173.0,0.4797687861271676,0.55,2. BELOW BASELINE,104.0,216.0,0.48148148148148145
DKS,Retail-Wholesale,Retail - Miscellaneous,35__1,35,1.0,7. p90_trade_value,26750.0,17395.0,97.0,213.0,0.45539906103286387,0.55,2. BELOW BASELINE,201.0,429.0,0.46853146853146854
DKS,Retail-Wholesale,Retail - Miscellaneous,35__1,35,1.0,8. p75_trade_value,17380.0,9300.0,288.0,644.0,0.4472049689440994,0.55,2. BELOW BASELINE,489.0,1073.0,0.45573159366262816
DLTR,Retail-Wholesale,Retail - Discount Stores,40__4,40,4.0,1. p999999_trade_value,2750640.0,2750640.0,0.0,2.0,0.0,0.55,2. BELOW BASELINE,0.0,2.0,0.0
DLTR,Retail-Wholesale,Retail - Discount Stores,40__4,40,4.0,4. p999_trade_value,1203405.0,720000.0,1.0,6.0,0.16666666666666666,0.55,2. BELOW BASELINE,1.0,8.0,0.125
DLTR,Retail-Wholesale,Retail - Discount Stores,40__4,40,4.0,5. p99_trade_value,502500.0,121000.0,30.0,67.0,0.44776119402985076,0.55,2. BELOW BASELINE,31.0,75.0,0.41333333333333333
DLTR,Retail-Wholesale,Retail - Discount Stores,40__4,40,4.0,6. p95_trade_value,115339.99999999999,24639.999999999996,122.0,298.0,0.40939597315436244,0.55,2. BELOW BASELINE,153.0,373.0,0.4101876675603217
DLTR,Retail-Wholesale,Retail - Discount Stores,40__4,40,4.0,7. p90_trade_value,24600.0,14910.0,178.0,372.0,0.478494623655914,0.55,2. BELOW BASELINE,331.0,745.0,0.4442953020134228
DLTR,Retail-Wholesale,Retail - Discount Stores,40__4,40,4.0,8. p75_trade_value,14850.0,7830.0,475.0,1117.0,0.4252461951656222,0.55,2. BELOW BASELINE,806.0,1862.0,0.43286788399570353
DPZ,Retail-Wholesale,Retail - Restaurants,35__2,35,2.0,1. p999999_trade_value,623700.0,623700.0,1.0,1.0,1.0,0.55,1. ABOVE BASELINE,1.0,1.0,1.0
DPZ,Retail-Wholesale,Retail - Restaurants,35__2,35,2.0,4. p999_trade_value,581140.0,203840.0,1.0,2.0,0.5,0.55,2. BELOW BASELINE,2.0,3.0,0.6666666666666666
DPZ,Retail-Wholesale,Retail - Restaurants,35__2,35,2.0,5. p99_trade_value,187000.0,72062.0,18.0,25.0,0.72,0.55,2. BELOW BASELINE,20.0,28.0,0.7142857142857143
DPZ,Retail-Wholesale,Retail - Restaurants,35__2,35,2.0,6. p95_trade_value,72000.0,28000.0,71.0,107.0,0.6635514018691588,0.55,2. BELOW BASELINE,91.0,135.0,0.674074074074074
DPZ,Retail-Wholesale,Retail - Restaurants,35__2,35,2.0,7. p90_trade_value,27960.000000000004,17850.0,85.0,134.0,0.6343283582089553,0.55,2. BELOW BASELINE,176.0,269.0,0.654275092936803
DPZ,Retail-Wholesale,Retail - Restaurants,35__2,35,2.0,8. p75_trade_value,17840.0,8680.0,263.0,403.0,0.652605459057072,0.55,2. BELOW BASELINE,439.0,672.0,0.6532738095238095
DRI,Retail-Wholesale,Retail - Restaurants,30__1,30,1.0,1. p999999_trade_value,384000.0,384000.0,0.0,1.0,0.0,0.55,2. BELOW BASELINE,0.0,1.0,0.0
DRI,Retail-Wholesale,Retail - Restaurants,30__1,30,1.0,5. p99_trade_value,381070.0,188232.00000000003,6.0,8.0,0.75,0.55,2. BELOW BASELINE,6.0,9.0,0.6666666666666666
DRI,Retail-Wholesale,Retail - Restaurants,30__1,30,1.0,6. p95_trade_value,178499.99999999997,28500.0,21.0,33.0,0.6363636363636364,0.55,2. BELOW BASELINE,27.0,42.0,0.6428571428571429
DRI,Retail-Wholesale,Retail - Restaurants,30__1,30,1.0,7. p90_trade_value,28480.0,17100.0,20.0,40.0,0.5,0.55,2. BELOW BASELINE,47.0,82.0,0.573170731707317
DRI,Retail-Wholesale,Retail - Restaurants,30__1,30,1.0,8. p75_trade_value,16650.0,8547.0,70.0,123.0,0.5691056910569106,0.55,2. BELOW BASELINE,117.0,205.0,0.5707317073170731
DRVN,Retail-Wholesale,Automotive - Retail and Wholesale - Parts,5__0,5,0.0,1. p999999_trade_value,4320.0,4320.0,1.0,1.0,1.0,0.55,1. ABOVE BASELINE,1.0,1.0,1.0
EAT,Retail-Wholesale,Retail - Restaurants,35__2,35,2.0,1. p999999_trade_value,727499.9999999999,727499.9999999999,0.0,1.0,0.0,0.55,2. BELOW BASELINE,0.0,1.0,0.0
EAT,Retail-Wholesale,Retail - Restaurants,35__2,35,2.0,4. p999_trade_value,523380.0,523380.0,1.0,1.0,1.0,0.55,2. BELOW BASELINE,1.0,2.0,0.5
EAT,Retail-Wholesale,Retail - Restaurants,35__2,35,2.0,5. p99_trade_value,265500.0,85750.0,14.0,18.0,0.7777777777777778,0.55,2. BELOW BASELINE,15.0,20.0,0.75
EAT,Retail-Wholesale,Retail - Restaurants,35__2,35,2.0,6. p95_trade_value,85000.0,28800.0,51.0,76.0,0.6710526315789473,0.55,2. BELOW BASELINE,66.0,96.0,0.6875
EAT,Retail-Wholesale,Retail - Restaurants,35__2,35,2.0,7. p90_trade_value,28500.0,17600.0,62.0,96.0,0.6458333333333334,0.55,2. BELOW BASELINE,128.0,192.0,0.6666666666666666
EAT,Retail-Wholesale,Retail - Restaurants,35__2,35,2.0,8. p75_trade_value,17500.0,9900.0,224.0,291.0,0.7697594501718213,0.55,2. BELOW BASELINE,352.0,483.0,0.7287784679089027
EBAY,Retail-Wholesale,Internet - Commerce,30__1,30,1.0,1. p999999_trade_value,807360.0,807360.0,1.0,1.0,1.0,0.55,1. ABOVE BASELINE,1.0,1.0,1.0
EBAY,Retail-Wholesale,Internet - Commerce,30__1,30,1.0,4. p999_trade_value,738000.0,738000.0,0.0,1.0,0.0,0.55,2. BELOW BASELINE,1.0,2.0,0.5
EBAY,Retail-Wholesale,Internet - Commerce,30__1,30,1.0,5. p99_trade_value,501000.0,148000.0,8.0,13.0,0.6153846153846154,0.55,2. BELOW BASELINE,9.0,15.0,0.6
EBAY,Retail-Wholesale,Internet - Commerce,30__1,30,1.0,6. p95_trade_value,135000.0,26292.0,32.0,54.0,0.5925925925925926,0.55,2. BELOW BASELINE,41.0,69.0,0.5942028985507246
EBAY,Retail-Wholesale,Internet - Commerce,30__1,30,1.0,7. p90_trade_value,25449.0,14616.0,47.0,69.0,0.6811594202898551,0.55,2. BELOW BASELINE,88.0,138.0,0.6376811594202898
EBAY,Retail-Wholesale,Internet - Commerce,30__1,30,1.0,8. p75_trade_value,14375.0,7900.0,149.0,206.0,0.7233009708737864,0.55,2. BELOW BASELINE,237.0,344.0,0.688953488372093
ETD,Retail-Wholesale,Retail - Home Furnishings,0__2,0,2.0,1. p999999_trade_value,4000.0,4000.0,1.0,1.0,1.0,0.55,1. ABOVE BASELINE,1.0,1.0,1.0
ETSY,Retail-Wholesale,Internet - Commerce,35__2,35,2.0,1. p999999_trade_value,885500.0,885500.0,1.0,1.0,1.0,0.55,1. ABOVE BASELINE,1.0,1.0,1.0
ETSY,Retail-Wholesale,Internet - Commerce,35__2,35,2.0,4. p999_trade_value,720000.0,577200.0000000001,2.0,3.0,0.6666666666666666,0.55,1. ABOVE BASELINE,3.0,4.0,0.75
ETSY,Retail-Wholesale,Internet - Commerce,35__2,35,2.0,5. p99_trade_value,560000.0,145000.0,22.0,34.0,0.6470588235294118,0.55,1. ABOVE BASELINE,25.0,38.0,0.6578947368421053
ETSY,Retail-Wholesale,Internet - Commerce,35__2,35,2.0,6. p95_trade_value,131805.0,30000.0,81.0,150.0,0.54,0.55,2. BELOW BASELINE,106.0,188.0,0.5638297872340425
ETSY,Retail-Wholesale,Internet - Commerce,35__2,35,2.0,7. p90_trade_value,29830.0,17800.0,114.0,188.0,0.6063829787234043,0.55,2. BELOW BASELINE,220.0,376.0,0.5851063829787234
ETSY,Retail-Wholesale,Internet - Commerce,35__2,35,2.0,8. p75_trade_value,17745.0,8645.0,331.0,561.0,0.5900178253119429,0.55,2. BELOW BASELINE,551.0,937.0,0.5880469583778015
EXPE,Retail-Wholesale,Internet - Commerce,35__0,35,0.0,1. p999999_trade_value,835919.9999999999,835919.9999999999,1.0,1.0,1.0,0.55,1. ABOVE BASELINE,1.0,1.0,1.0
EXPE,Retail-Wholesale,Internet - Commerce,35__0,35,0.0,4. p999_trade_value,726000.0,498000.0,2.0,2.0,1.0,0.55,1. ABOVE BASELINE,3.0,3.0,1.0
EXPE,Retail-Wholesale,Internet - Commerce,35__0,35,0.0,5. p99_trade_value,400000.0,63500.0,11.0,27.0,0.4074074074074074,0.55,2. BELOW BASELINE,14.0,30.0,0.4666666666666667
EXPE,Retail-Wholesale,Internet - Commerce,35__0,35,0.0,6. p95_trade_value,61200.0,22800.0,61.0,116.0,0.5258620689655172,0.55,2. BELOW BASELINE,75.0,146.0,0.5136986301369864
EXPE,Retail-Wholesale,Internet - Commerce,35__0,35,0.0,7. p90_trade_value,22799.999999999996,15330.000000000002,105.0,148.0,0.7094594594594594,0.55,2. BELOW BASELINE,180.0,294.0,0.6122448979591837
EXPE,Retail-Wholesale,Internet - Commerce,35__0,35,0.0,8. p75_trade_value,15329.999999999998,8510.0,237.0,434.0,0.5460829493087558,0.55,2. BELOW BASELINE,417.0,728.0,0.5728021978021978
FAST,Retail-Wholesale,Building Products - Retail,25__2,25,2.0,1. p999999_trade_value,570000.0,570000.0,0.0,1.0,0.0,0.55,2. BELOW BASELINE,0.0,1.0,0.0
FAST,Retail-Wholesale,Building Products - Retail,25__2,25,2.0,5. p99_trade_value,311775.0,278183.0,2.0,2.0,1.0,0.55,2. BELOW BASELINE,2.0,3.0,0.6666666666666666
FAST,Retail-Wholesale,Building Products - Retail,25__2,25,2.0,6. p95_trade_value,193199.99999999997,55100.0,3.0,9.0,0.3333333333333333,0.55,2. BELOW BASELINE,5.0,12.0,0.4166666666666667
FAST,Retail-Wholesale,Building Products - Retail,25__2,25,2.0,7. p90_trade_value,51800.0,26564.0,5.0,12.0,0.4166666666666667,0.55,2. BELOW BASELINE,10.0,24.0,0.4166666666666667
FAST,Retail-Wholesale,Building Products - Retail,25__2,25,2.0,8. p75_trade_value,26250.0,11760.0,17.0,35.0,0.4857142857142857,0.55,2. BELOW BASELINE,27.0,59.0,0.4576271186440678
FBIN,Retail-Wholesale,Retail - Home Furnishings,10__3,10,3.0,1. p999999_trade_value,149600.0,149600.0,2.0,2.0,1.0,0.55,1. ABOVE BASELINE,2.0,2.0,1.0
FBIN,Retail-Wholesale,Retail - Home Furnishings,10__3,10,3.0,8. p75_trade_value,53200.0,53200.0,0.0,1.0,0.0,0.55,2. BELOW BASELINE,2.0,3.0,0.6666666666666666
FIGS,Retail-Wholesale,Retail - Apparel and Shoes,5__3,5,3.0,1. p999999_trade_value,19800.0,19800.0,0.0,1.0,0.0,0.55,2. BELOW BASELINE,0.0,1.0,0.0
FIVE,Retail-Wholesale,Retail - Miscellaneous,35__2,35,2.0,1. p999999_trade_value,777000.0,777000.0,1.0,1.0,1.0,0.55,1. ABOVE BASELINE,1.0,1.0,1.0
FIVE,Retail-Wholesale,Retail - Miscellaneous,35__2,35,2.0,4. p999_trade_value,626066.0,626066.0,0.0,2.0,0.0,0.55,2. BELOW BASELINE,1.0,3.0,0.3333333333333333
FIVE,Retail-Wholesale,Retail - Miscellaneous,35__2,35,2.0,5. p99_trade_value,611000.0,226720.00000000003,14.0,27.0,0.5185185185185185,0.55,2. BELOW BASELINE,15.0,30.0,0.5
FIVE,Retail-Wholesale,Retail - Miscellaneous,35__2,35,2.0,6. p95_trade_value,216000.0,34300.0,70.0,118.0,0.5932203389830508,0.55,2. BELOW BASELINE,85.0,148.0,0.5743243243243243
FIVE,Retail-Wholesale,Retail - Miscellaneous,35__2,35,2.0,7. p90_trade_value,34020.0,15800.0,81.0,148.0,0.5472972972972973,0.55,2. BELOW BASELINE,166.0,296.0,0.5608108108108109
FIVE,Retail-Wholesale,Retail - Miscellaneous,35__2,35,2.0,8. p75_trade_value,15750.0,8550.0,198.0,444.0,0.44594594594594594,0.55,2. BELOW BASELINE,364.0,740.0,0.4918918918918919
FL,Retail-Wholesale,Retail - Apparel and Shoes,30__2,30,2.0,1. p999999_trade_value,325000.0,325000.0,0.0,1.0,0.0,0.55,2. BELOW BASELINE,0.0,1.0,0.0
FL,Retail-Wholesale,Retail - Apparel and Shoes,30__2,30,2.0,5. p99_trade_value,302099.99999999994,87912.0,3.0,9.0,0.3333333333333333,0.55,2. BELOW BASELINE,3.0,10.0,0.3
FL,Retail-Wholesale,Retail - Apparel and Shoes,30__2,30,2.0,6. p95_trade_value,82500.0,26750.0,15.0,38.0,0.39473684210526316,0.55,2. BELOW BASELINE,18.0,48.0,0.375
FL,Retail-Wholesale,Retail - Apparel and Shoes,30__2,30,2.0,7. p90_trade_value,26400.0,18125.0,19.0,47.0,0.40425531914893614,0.55,2. BELOW BASELINE,37.0,95.0,0.3894736842105263
FL,Retail-Wholesale,Retail - Apparel and Shoes,30__2,30,2.0,8. p75_trade_value,18000.0,9435.0,84.0,142.0,0.5915492957746479,0.55,2. BELOW BASELINE,121.0,237.0,0.510548523206751
FLWS,Retail-Wholesale,Retail - Mail Order,10__0,10,0.0,1. p999999_trade_value,7200.0,7200.0,1.0,1.0,1.0,0.55,1. ABOVE BASELINE,1.0,1.0,1.0
FLWS,Retail-Wholesale,Retail - Mail Order,10__0,10,0.0,8. p75_trade_value,4800.0,4800.0,1.0,1.0,1.0,0.55,1. ABOVE BASELINE,2.0,2.0,1.0
FND,Retail-Wholesale,Retail - Home Furnishings,30__0,30,0.0,1. p999999_trade_value,1445000.0,1445000.0,1.0,1.0,1.0,0.55,1. ABOVE BASELINE,1.0,1.0,1.0
FND,Retail-Wholesale,Retail - Home Furnishings,30__0,30,0.0,5. p99_trade_value,939500.0,166495.0,5.0,7.0,0.7142857142857143,0.55,1. ABOVE BASELINE,6.0,8.0,0.75
FND,Retail-Wholesale,Retail - Home Furnishings,30__0,30,0.0,6. p95_trade_value,165105.00000000003,48900.0,10.0,28.0,0.35714285714285715,0.55,2. BELOW BASELINE,16.0,36.0,0.4444444444444444
FND,Retail-Wholesale,Retail - Home Furnishings,30__0,30,0.0,7. p90_trade_value,47700.0,24000.0,27.0,35.0,0.7714285714285715,0.55,2. BELOW BASELINE,43.0,71.0,0.6056338028169014
FND,Retail-Wholesale,Retail - Home Furnishings,30__0,30,0.0,8. p75_trade_value,23800.0,9435.0,91.0,107.0,0.8504672897196262,0.55,2. BELOW BASELINE,134.0,178.0,0.7528089887640449
FOSL,Retail-Wholesale,Retail - Apparel and Shoes,10__0,10,0.0,1. p999999_trade_value,12075.0,12075.0,0.0,1.0,0.0,0.55,2. BELOW BASELINE,0.0,1.0,0.0
FOSL,Retail-Wholesale,Retail - Apparel and Shoes,10__0,10,0.0,8. p75_trade_value,8400.000000000002,8400.000000000002,0.0,1.0,0.0,0.55,2. BELOW BASELINE,0.0,2.0,0.0
FVRR,Retail-Wholesale,Internet - Commerce,25__0,25,0.0,1. p999999_trade_value,136640.0,136640.0,1.0,1.0,1.0,0.55,1. ABOVE BASELINE,1.0,1.0,1.0
FVRR,Retail-Wholesale,Internet - Commerce,25__0,25,0.0,5. p99_trade_value,40754.99999999999,39600.0,1.0,2.0,0.5,0.55,2. BELOW BASELINE,2.0,3.0,0.6666666666666666
FVRR,Retail-Wholesale,Internet - Commerce,25__0,25,0.0,6. p95_trade_value,38800.0,17000.0,6.0,11.0,0.5454545454545454,0.55,2. BELOW BASELINE,8.0,14.0,0.5714285714285714
FVRR,Retail-Wholesale,Internet - Commerce,25__0,25,0.0,7. p90_trade_value,16905.0,13280.000000000002,12.0,13.0,0.9230769230769231,0.55,2. BELOW BASELINE,20.0,27.0,0.7407407407407407
FVRR,Retail-Wholesale,Internet - Commerce,25__0,25,0.0,8. p75_trade_value,12240.0,6360.0,24.0,40.0,0.6,0.55,2. BELOW BASELINE,44.0,67.0,0.6567164179104478
FWRG,Retail-Wholesale,Retail - Restaurants,5__3,5,3.0,1. p999999_trade_value,16060.0,16060.0,1.0,1.0,1.0,0.55,1. ABOVE BASELINE,1.0,1.0,1.0
GAP,Retail-Wholesale,Retail - Apparel and Shoes,30__1,30,1.0,1. p999999_trade_value,515000.0,515000.0,1.0,1.0,1.0,0.55,1. ABOVE BASELINE,1.0,1.0,1.0
GAP,Retail-Wholesale,Retail - Apparel and Shoes,30__1,30,1.0,4. p999_trade_value,495000.0,495000.0,1.0,1.0,1.0,0.55,1. ABOVE BASELINE,2.0,2.0,1.0
GAP,Retail-Wholesale,Retail - Apparel and Shoes,30__1,30,1.0,5. p99_trade_value,450000.0,150000.0,6.0,14.0,0.42857142857142855,0.55,2. BELOW BASELINE,8.0,16.0,0.5
GAP,Retail-Wholesale,Retail - Apparel and Shoes,30__1,30,1.0,6. p95_trade_value,147000.0,36180.0,34.0,64.0,0.53125,0.55,2. BELOW BASELINE,42.0,80.0,0.525
GAP,Retail-Wholesale,Retail - Apparel and Shoes,30__1,30,1.0,7. p90_trade_value,36000.0,18837.0,37.0,79.0,0.46835443037974683,0.55,2. BELOW BASELINE,79.0,159.0,0.4968553459119497
GAP,Retail-Wholesale,Retail - Apparel and Shoes,30__1,30,1.0,8. p75_trade_value,18830.0,9240.0,135.0,239.0,0.5648535564853556,0.55,2. BELOW BASELINE,214.0,398.0,0.5376884422110553
GCO,Retail-Wholesale,Retail - Apparel and Shoes,10__0,10,0.0,1. p999999_trade_value,59680.00000000001,59680.00000000001,0.0,1.0,0.0,0.55,2. BELOW BASELINE,0.0,1.0,0.0
GCO,Retail-Wholesale,Retail - Apparel and Shoes,10__0,10,0.0,7. p90_trade_value,27000.0,27000.0,0.0,1.0,0.0,0.55,2. BELOW BASELINE,0.0,2.0,0.0
GCO,Retail-Wholesale,Retail - Apparel and Shoes,10__0,10,0.0,8. p75_trade_value,21080.0,19344.0,1.0,2.0,0.5,0.55,2. BELOW BASELINE,1.0,4.0,0.25
GLBE,Retail-Wholesale,Internet - Commerce,25__0,25,0.0,1. p999999_trade_value,434025.0,434025.0,0.0,1.0,0.0,0.55,2. BELOW BASELINE,0.0,1.0,0.0
GLBE,Retail-Wholesale,Internet - Commerce,25__0,25,0.0,5. p99_trade_value,40320.0,40320.0,1.0,1.0,1.0,0.55,2. BELOW BASELINE,1.0,2.0,0.5
GLBE,Retail-Wholesale,Internet - Commerce,25__0,25,0.0,6. p95_trade_value,30810.000000000004,18000.0,1.0,8.0,0.125,0.55,2. BELOW BASELINE,2.0,10.0,0.2
GLBE,Retail-Wholesale,Internet - Commerce,25__0,25,0.0,7. p90_trade_value,14000.0,12360.0,3.0,11.0,0.2727272727272727,0.55,2. BELOW BASELINE,5.0,21.0,0.23809523809523808
GLBE,Retail-Wholesale,Internet - Commerce,25__0,25,0.0,8. p75_trade_value,12000.0,9000.0,13.0,30.0,0.43333333333333335,0.55,2. BELOW BASELINE,18.0,51.0,0.35294117647058826
GMS,Retail-Wholesale,Building Products - Retail,10__0,10,0.0,1. p999999_trade_value,7575.0,7575.0,2.0,2.0,1.0,0.55,1. ABOVE BASELINE,2.0,2.0,1.0
GMS,Retail-Wholesale,Building Products - Retail,10__0,10,0.0,8. p75_trade_value,7500.0,7500.0,6.0,6.0,1.0,0.55,1. ABOVE BASELINE,8.0,8.0,1.0
GOOS,Retail-Wholesale,Retail - Apparel and Shoes,15__0,15,0.0,1. p999999_trade_value,30828.000000000004,30828.000000000004,0.0,1.0,0.0,0.55,2. BELOW BASELINE,0.0,1.0,0.0
GOOS,Retail-Wholesale,Retail - Apparel and Shoes,15__0,15,0.0,7. p90_trade_value,11000.000000000002,11000.000000000002,0.0,1.0,0.0,0.55,2. BELOW BASELINE,0.0,2.0,0.0
GOOS,Retail-Wholesale,Retail - Apparel and Shoes,15__0,15,0.0,8. p75_trade_value,8760.0,6509.0,0.0,3.0,0.0,0.55,2. BELOW BASELINE,0.0,5.0,0.0
GPC,Retail-Wholesale,Automotive - Retail and Wholesale - Parts,25__0,25,0.0,1. p999999_trade_value,565000.0,565000.0,1.0,1.0,1.0,0.55,1. ABOVE BASELINE,1.0,1.0,1.0
GPC,Retail-Wholesale,Automotive - Retail and Wholesale - Parts,25__0,25,0.0,5. p99_trade_value,317240.0,307450.0,1.0,3.0,0.3333333333333333,0.55,2. BELOW BASELINE,2.0,4.0,0.5
GPC,Retail-Wholesale,Automotive - Retail and Wholesale - Parts,25__0,25,0.0,6. p95_trade_value,186250.0,25345.0,6.0,13.0,0.46153846153846156,0.55,2. BELOW BASELINE,8.0,17.0,0.47058823529411764
GPC,Retail-Wholesale,Automotive - Retail and Wholesale - Parts,25__0,25,0.0,7. p90_trade_value,24080.0,14160.0,8.0,16.0,0.5,0.55,2. BELOW BASELINE,16.0,33.0,0.48484848484848486
GPC,Retail-Wholesale,Automotive - Retail and Wholesale - Parts,25__0,25,0.0,8. p75_trade_value,13860.0,7480.000000000001,19.0,50.0,0.38,0.55,2. BELOW BASELINE,35.0,83.0,0.42168674698795183
GPI,Retail-Wholesale,Automotive - Retail and Whole Sales,20__0,20,0.0,1. p999999_trade_value,85000.0,85000.0,0.0,1.0,0.0,0.55,2. BELOW BASELINE,0.0,1.0,0.0
GPI,Retail-Wholesale,Automotive - Retail and Whole Sales,20__0,20,0.0,6. p95_trade_value,72000.0,59400.0,1.0,4.0,0.25,0.55,2. BELOW BASELINE,1.0,5.0,0.2
GPI,Retail-Wholesale,Automotive - Retail and Whole Sales,20__0,20,0.0,7. p90_trade_value,54000.0,40000.0,2.0,5.0,0.4,0.55,2. BELOW BASELINE,3.0,10.0,0.3
GPI,Retail-Wholesale,Automotive - Retail and Whole Sales,20__0,20,0.0,8. p75_trade_value,37620.0,10500.0,3.0,13.0,0.23076923076923078,0.55,2. BELOW BASELINE,6.0,23.0,0.2608695652173913
GRPN,Retail-Wholesale,Internet - Commerce,30__1,30,1.0,1. p999999_trade_value,223500.0,223500.0,1.0,1.0,1.0,0.55,1. ABOVE BASELINE,1.0,1.0,1.0
GRPN,Retail-Wholesale,Internet - Commerce,30__1,30,1.0,5. p99_trade_value,200000.0,150000.0,3.0,7.0,0.42857142857142855,0.55,2. BELOW BASELINE,4.0,8.0,0.5
GRPN,Retail-Wholesale,Internet - Commerce,30__1,30,1.0,6. p95_trade_value,139275.0,39600.0,17.0,32.0,0.53125,0.55,2. BELOW BASELINE,21.0,40.0,0.525
GRPN,Retail-Wholesale,Internet - Commerce,30__1,30,1.0,7. p90_trade_value,37540.0,19250.000000000004,25.0,37.0,0.6756756756756757,0.55,2. BELOW BASELINE,46.0,77.0,0.5974025974025974
GRPN,Retail-Wholesale,Internet - Commerce,30__1,30,1.0,8. p75_trade_value,19220.0,8550.0,71.0,115.0,0.6173913043478261,0.55,2. BELOW BASELINE,117.0,192.0,0.609375
HD,Retail-Wholesale,Retail - Home Furnishings,40__3,40,3.0,1. p999999_trade_value,850000.0,850000.0,0.0,1.0,0.0,0.55,2. BELOW BASELINE,0.0,1.0,0.0
HD,Retail-Wholesale,Retail - Home Furnishings,40__3,40,3.0,3. p9999_trade_value,618640.0,618640.0,0.0,1.0,0.0,0.55,2. BELOW BASELINE,0.0,2.0,0.0
HD,Retail-Wholesale,Retail - Home Furnishings,40__3,40,3.0,4. p999_trade_value,409875.0,227771.99999999997,5.0,14.0,0.35714285714285715,0.55,2. BELOW BASELINE,5.0,16.0,0.3125
HD,Retail-Wholesale,Retail - Home Furnishings,40__3,40,3.0,5. p99_trade_value,225000.0,55728.00000000001,64.0,135.0,0.4740740740740741,0.55,2. BELOW BASELINE,69.0,151.0,0.45695364238410596
HD,Retail-Wholesale,Retail - Home Furnishings,40__3,40,3.0,6. p95_trade_value,55719.99999999999,23055.0,302.0,600.0,0.5033333333333333,0.55,2. BELOW BASELINE,371.0,751.0,0.4940079893475366
HD,Retail-Wholesale,Retail - Home Furnishings,40__3,40,3.0,7. p90_trade_value,23052.0,15510.0,370.0,750.0,0.49333333333333335,0.55,2. BELOW BASELINE,741.0,1501.0,0.4936708860759494
HD,Retail-Wholesale,Retail - Home Furnishings,40__3,40,3.0,8. p75_trade_value,15500.0,8400.0,1188.0,2257.0,0.5263624280017722,0.55,2. BELOW BASELINE,1929.0,3758.0,0.5133049494411921
HLF,Retail-Wholesale,Retail - Pharmacies and Drug Stores,20__0,20,0.0,1. p999999_trade_value,120000.0,120000.0,2.0,2.0,1.0,0.55,1. ABOVE BASELINE,2.0,2.0,1.0
HLF,Retail-Wholesale,Retail - Pharmacies and Drug Stores,20__0,20,0.0,6. p95_trade_value,78000.0,32097.000000000004,2.0,4.0,0.5,0.55,2. BELOW BASELINE,4.0,6.0,0.6666666666666666
HLF,Retail-Wholesale,Retail - Pharmacies and Drug Stores,20__0,20,0.0,7. p90_trade_value,25600.0,19500.0,1.0,5.0,0.2,0.55,2. BELOW BASELINE,5.0,11.0,0.45454545454545453
HLF,Retail-Wholesale,Retail - Pharmacies and Drug Stores,20__0,20,0.0,8. p75_trade_value,18360.000000000004,6900.0,2.0,15.0,0.13333333333333333,0.55,2. BELOW BASELINE,7.0,26.0,0.2692307692307692
HZO,Retail-Wholesale,Retail - Miscellaneous,5__0,5,0.0,1. p999999_trade_value,10800.0,10800.0,1.0,1.0,1.0,0.55,1. ABOVE BASELINE,1.0,1.0,1.0
IMKTA,Retail-Wholesale,Retail - Supermarkets,15__0,15,0.0,1. p999999_trade_value,11640.0,11640.0,0.0,1.0,0.0,0.55,2. BELOW BASELINE,0.0,1.0,0.0
IMKTA,Retail-Wholesale,Retail - Supermarkets,15__0,15,0.0,7. p90_trade_value,7153.999999999999,7153.999999999999,1.0,1.0,1.0,0.55,2. BELOW BASELINE,1.0,2.0,0.5
IMKTA,Retail-Wholesale,Retail - Supermarkets,15__0,15,0.0,8. p75_trade_value,6900.0,4950.0,1.0,3.0,0.3333333333333333,0.55,2. BELOW BASELINE,2.0,5.0,0.4
JACK,Retail-Wholesale,Retail - Restaurants,20__2,20,2.0,1. p999999_trade_value,420000.0,420000.0,2.0,2.0,1.0,0.55,1. ABOVE BASELINE,2.0,2.0,1.0
JACK,Retail-Wholesale,Retail - Restaurants,20__2,20,2.0,6. p95_trade_value,149450.0,45000.0,5.0,6.0,0.8333333333333334,0.55,1. ABOVE BASELINE,7.0,8.0,0.875
JACK,Retail-Wholesale,Retail - Restaurants,20__2,20,2.0,7. p90_trade_value,33600.0,16185.0,7.0,8.0,0.875,0.55,1. ABOVE BASELINE,14.0,16.0,0.875
JACK,Retail-Wholesale,Retail - Restaurants,20__2,20,2.0,8. p75_trade_value,15225.0,8640.0,18.0,24.0,0.75,0.55,1. ABOVE BASELINE,32.0,40.0,0.8
JD,Retail-Wholesale,Internet - Commerce,40__0,40,0.0,1. p999999_trade_value,898600.0,898600.0,0.0,1.0,0.0,0.55,2. BELOW BASELINE,0.0,1.0,0.0
JD,Retail-Wholesale,Internet - Commerce,40__0,40,0.0,3. p9999_trade_value,728500.0,728500.0,1.0,1.0,1.0,0.55,2. BELOW BASELINE,1.0,2.0,0.5
JD,Retail-Wholesale,Internet - Commerce,40__0,40,0.0,4. p999_trade_value,694999.9999999999,287664.0,11.0,16.0,0.6875,0.55,2. BELOW BASELINE,12.0,18.0,0.6666666666666666
JD,Retail-Wholesale,Internet - Commerce,40__0,40,0.0,5. p99_trade_value,287500.0,67950.0,79.0,155.0,0.5096774193548387,0.55,2. BELOW BASELINE,91.0,173.0,0.5260115606936416
JD,Retail-Wholesale,Internet - Commerce,40__0,40,0.0,6. p95_trade_value,67800.0,24600.0,356.0,681.0,0.5227606461086637,0.55,2. BELOW BASELINE,447.0,854.0,0.5234192037470726
JD,Retail-Wholesale,Internet - Commerce,40__0,40,0.0,7. p90_trade_value,24592.0,16150.0,405.0,853.0,0.47479484173505276,0.55,2. BELOW BASELINE,852.0,1707.0,0.4991212653778559
JD,Retail-Wholesale,Internet - Commerce,40__0,40,0.0,8. p75_trade_value,16131.0,8910.0,1278.0,2561.0,0.4990238188207731,0.55,2. BELOW BASELINE,2130.0,4268.0,0.4990627928772259
JMIA,Retail-Wholesale,Internet - Commerce,20__0,20,0.0,1. p999999_trade_value,76500.0,76500.0,0.0,1.0,0.0,0.55,2. BELOW BASELINE,0.0,1.0,0.0
JMIA,Retail-Wholesale,Internet - Commerce,20__0,20,0.0,6. p95_trade_value,24947.0,10275.0,1.0,3.0,0.3333333333333333,0.55,2. BELOW BASELINE,1.0,4.0,0.25
JMIA,Retail-Wholesale,Internet - Commerce,20__0,20,0.0,7. p90_trade_value,10260.0,9640.0,3.0,4.0,0.75,0.55,2. BELOW BASELINE,4.0,8.0,0.5
JMIA,Retail-Wholesale,Internet - Commerce,20__0,20,0.0,8. p75_trade_value,8890.0,6000.0,5.0,10.0,0.5,0.55,2. BELOW BASELINE,9.0,18.0,0.5
KMX,Retail-Wholesale,Automotive - Retail and Wholesale - Parts,30__1,30,1.0,1. p999999_trade_value,1050000.0,1050000.0,1.0,1.0,1.0,0.55,1. ABOVE BASELINE,1.0,1.0,1.0
KMX,Retail-Wholesale,Automotive - Retail and Wholesale - Parts,30__1,30,1.0,4. p999_trade_value,645000.0,645000.0,1.0,1.0,1.0,0.55,1. ABOVE BASELINE,2.0,2.0,1.0
KMX,Retail-Wholesale,Automotive - Retail and Wholesale - Parts,30__1,30,1.0,5. p99_trade_value,420000.0,50399.99999999999,2.0,10.0,0.2,0.55,2. BELOW BASELINE,4.0,12.0,0.3333333333333333
KMX,Retail-Wholesale,Automotive - Retail and Wholesale - Parts,30__1,30,1.0,6. p95_trade_value,50310.0,24080.0,23.0,44.0,0.5227272727272727,0.55,2. BELOW BASELINE,27.0,56.0,0.48214285714285715
KMX,Retail-Wholesale,Automotive - Retail and Wholesale - Parts,30__1,30,1.0,7. p90_trade_value,23980.0,14720.000000000002,29.0,56.0,0.5178571428571429,0.55,2. BELOW BASELINE,56.0,112.0,0.5
KMX,Retail-Wholesale,Automotive - Retail and Wholesale - Parts,30__1,30,1.0,8. p75_trade_value,14560.0,8625.0,97.0,166.0,0.5843373493975904,0.55,2. BELOW BASELINE,153.0,278.0,0.5503597122302158
KR,Retail-Wholesale,Retail - Supermarkets,30__2,30,2.0,1. p999999_trade_value,393000.0,393000.0,1.0,1.0,1.0,0.55,1. ABOVE BASELINE,1.0,1.0,1.0
KR,Retail-Wholesale,Retail - Supermarkets,30__2,30,2.0,4. p999_trade_value,378000.0,378000.0,1.0,1.0,1.0,0.55,1. ABOVE BASELINE,2.0,2.0,1.0
KR,Retail-Wholesale,Retail - Supermarkets,30__2,30,2.0,5. p99_trade_value,307500.0,78750.0,8.0,11.0,0.7272727272727273,0.55,1. ABOVE BASELINE,10.0,13.0,0.7692307692307693
KR,Retail-Wholesale,Retail - Supermarkets,30__2,30,2.0,6. p95_trade_value,58000.0,18900.0,21.0,49.0,0.42857142857142855,0.55,2. BELOW BASELINE,31.0,62.0,0.5
KR,Retail-Wholesale,Retail - Supermarkets,30__2,30,2.0,7. p90_trade_value,18824.0,12352.0,35.0,62.0,0.5645161290322581,0.55,2. BELOW BASELINE,66.0,124.0,0.532258064516129
KR,Retail-Wholesale,Retail - Supermarkets,30__2,30,2.0,8. p75_trade_value,12099.0,7500.0,119.0,185.0,0.6432432432432432,0.55,2. BELOW BASELINE,185.0,309.0,0.598705501618123
KSS,Retail-Wholesale,Retail - Regional Department Stores,35__2,35,2.0,1. p999999_trade_value,1241718.9999999998,1241718.9999999998,1.0,1.0,1.0,0.55,2. BELOW BASELINE,1.0,1.0,1.0
KSS,Retail-Wholesale,Retail - Regional Department Stores,35__2,35,2.0,4. p999_trade_value,1230000.0,1230000.0,0.0,1.0,0.0,0.55,2. BELOW BASELINE,1.0,2.0,0.5
KSS,Retail-Wholesale,Retail - Regional Department Stores,35__2,35,2.0,5. p99_trade_value,754032.0000000001,299940.0,12.0,18.0,0.6666666666666666,0.55,2. BELOW BASELINE,13.0,20.0,0.65
KSS,Retail-Wholesale,Retail - Regional Department Stores,35__2,35,2.0,6. p95_trade_value,280000.00000000006,29500.0,47.0,84.0,0.5595238095238095,0.55,2. BELOW BASELINE,60.0,104.0,0.5769230769230769
KSS,Retail-Wholesale,Retail - Regional Department Stores,35__2,35,2.0,7. p90_trade_value,29145.999999999996,15469.999999999998,63.0,95.0,0.6631578947368421,0.55,2. BELOW BASELINE,123.0,199.0,0.6180904522613065
KSS,Retail-Wholesale,Retail - Regional Department Stores,35__2,35,2.0,8. p75_trade_value,15457.999999999998,7980.000000000001,174.0,298.0,0.5838926174496645,0.55,2. BELOW BASELINE,297.0,497.0,0.5975855130784709
LAD,Retail-Wholesale,Automotive - Retail and Whole Sales,20__0,20,0.0,1. p999999_trade_value,192030.00000000003,192030.00000000003,1.0,1.0,1.0,0.55,1. ABOVE BASELINE,1.0,1.0,1.0
LAD,Retail-Wholesale,Automotive - Retail and Whole Sales,20__0,20,0.0,5. p99_trade_value,117000.0,117000.0,0.0,1.0,0.0,0.55,2. BELOW BASELINE,1.0,2.0,0.5
LAD,Retail-Wholesale,Automotive - Retail and Whole Sales,20__0,20,0.0,6. p95_trade_value,72659.99999999999,35910.0,3.0,5.0,0.6,0.55,2. BELOW BASELINE,4.0,7.0,0.5714285714285714
LAD,Retail-Wholesale,Automotive - Retail and Whole Sales,20__0,20,0.0,7. p90_trade_value,35500.0,21120.0,4.0,7.0,0.5714285714285714,0.55,2. BELOW BASELINE,8.0,14.0,0.5714285714285714
LAD,Retail-Wholesale,Automotive - Retail and Whole Sales,20__0,20,0.0,8. p75_trade_value,20580.0,12160.0,20.0,24.0,0.8333333333333334,0.55,2. BELOW BASELINE,28.0,38.0,0.7368421052631579
LE,Retail-Wholesale,Retail - Catalog Shopping,10__0,10,0.0,1. p999999_trade_value,4590.0,4590.0,0.0,1.0,0.0,0.55,2. BELOW BASELINE,0.0,1.0,0.0
LE,Retail-Wholesale,Retail - Catalog Shopping,10__0,10,0.0,8. p75_trade_value,4200.0,4200.0,0.0,1.0,0.0,0.55,2. BELOW BASELINE,0.0,2.0,0.0
LEVI,Retail-Wholesale,Retail - Apparel and Shoes,20__2,20,2.0,1. p999999_trade_value,500000.0,500000.0,0.0,1.0,0.0,0.55,2. BELOW BASELINE,0.0,1.0,0.0
LEVI,Retail-Wholesale,Retail - Apparel and Shoes,20__2,20,2.0,5. p99_trade_value,100000.0,100000.0,1.0,1.0,1.0,0.55,2. BELOW BASELINE,1.0,2.0,0.5
LEVI,Retail-Wholesale,Retail - Apparel and Shoes,20__2,20,2.0,6. p95_trade_value,90000.0,29900.0,2.0,6.0,0.3333333333333333,0.55,2. BELOW BASELINE,3.0,8.0,0.375
LEVI,Retail-Wholesale,Retail - Apparel and Shoes,20__2,20,2.0,7. p90_trade_value,29500.0,16720.0,2.0,7.0,0.2857142857142857,0.55,2. BELOW BASELINE,5.0,15.0,0.3333333333333333
LEVI,Retail-Wholesale,Retail - Apparel and Shoes,20__2,20,2.0,8. p75_trade_value,15850.0,7000.0,8.0,21.0,0.38095238095238093,0.55,2. BELOW BASELINE,13.0,36.0,0.3611111111111111
LOGC,Retail-Wholesale,Internet - Commerce,10__3,10,3.0,1. p999999_trade_value,127000.0,127000.0,1.0,1.0,1.0,0.55,1. ABOVE BASELINE,1.0,1.0,1.0
LOGC,Retail-Wholesale,Internet - Commerce,10__3,10,3.0,7. p90_trade_value,101295.0,101295.0,0.0,1.0,0.0,0.55,2. BELOW BASELINE,1.0,2.0,0.5
LOGC,Retail-Wholesale,Internet - Commerce,10__3,10,3.0,8. p75_trade_value,6750.0,6750.0,1.0,1.0,1.0,0.55,2. BELOW BASELINE,2.0,3.0,0.6666666666666666
LOVE,Retail-Wholesale,Retail - Home Furnishings,20__0,20,0.0,1. p999999_trade_value,53165.0,53165.0,0.0,1.0,0.0,0.55,2. BELOW BASELINE,0.0,1.0,0.0
LOVE,Retail-Wholesale,Retail - Home Furnishings,20__0,20,0.0,5. p99_trade_value,27500.0,27500.0,1.0,1.0,1.0,0.55,2. BELOW BASELINE,1.0,2.0,0.5
LOVE,Retail-Wholesale,Retail - Home Furnishings,20__0,20,0.0,6. p95_trade_value,26075.0,19250.0,4.0,5.0,0.8,0.55,2. BELOW BASELINE,5.0,7.0,0.7142857142857143
LOVE,Retail-Wholesale,Retail - Home Furnishings,20__0,20,0.0,7. p90_trade_value,18928.000000000004,13975.0,3.0,6.0,0.5,0.55,2. BELOW BASELINE,8.0,13.0,0.6153846153846154
LOVE,Retail-Wholesale,Retail - Home Furnishings,20__0,20,0.0,8. p75_trade_value,13800.0,8400.0,11.0,19.0,0.5789473684210527,0.55,2. BELOW BASELINE,19.0,32.0,0.59375
LOW,Retail-Wholesale,Retail - Home Furnishings,35__0,35,0.0,1. p999999_trade_value,710000.0,710000.0,1.0,1.0,1.0,0.55,1. ABOVE BASELINE,1.0,1.0,1.0
LOW,Retail-Wholesale,Retail - Home Furnishings,35__0,35,0.0,4. p999_trade_value,285000.0,241917.49999999997,2.0,3.0,0.6666666666666666,0.55,1. ABOVE BASELINE,3.0,4.0,0.75
LOW,Retail-Wholesale,Retail - Home Furnishings,35__0,35,0.0,5. p99_trade_value,216000.0,52470.00000000001,19.0,28.0,0.6785714285714286,0.55,1. ABOVE BASELINE,22.0,32.0,0.6875
LOW,Retail-Wholesale,Retail - Home Furnishings,35__0,35,0.0,6. p95_trade_value,52379.99999999999,20559.0,85.0,128.0,0.6640625,0.55,1. ABOVE BASELINE,107.0,160.0,0.66875
LOW,Retail-Wholesale,Retail - Home Furnishings,35__0,35,0.0,7. p90_trade_value,20501.000000000004,12800.0,79.0,160.0,0.49375,0.55,2. BELOW BASELINE,186.0,320.0,0.58125
LOW,Retail-Wholesale,Retail - Home Furnishings,35__0,35,0.0,8. p75_trade_value,12775.0,7070.0,223.0,476.0,0.4684873949579832,0.55,2. BELOW BASELINE,409.0,796.0,0.5138190954773869
M,Retail-Wholesale,Retail - Regional Department Stores,30__2,30,2.0,1. p999999_trade_value,453050.0,453050.0,1.0,1.0,1.0,0.55,1. ABOVE BASELINE,1.0,1.0,1.0
M,Retail-Wholesale,Retail - Regional Department Stores,30__2,30,2.0,4. p999_trade_value,359473.0,359473.0,0.0,1.0,0.0,0.55,2. BELOW BASELINE,1.0,2.0,0.5
M,Retail-Wholesale,Retail - Regional Department Stores,30__2,30,2.0,5. p99_trade_value,170896.99999999997,70140.0,3.0,9.0,0.3333333333333333,0.55,2. BELOW BASELINE,4.0,11.0,0.36363636363636365
M,Retail-Wholesale,Retail - Regional Department Stores,30__2,30,2.0,6. p95_trade_value,70060.0,25482.0,25.0,43.0,0.5813953488372093,0.55,2. BELOW BASELINE,29.0,54.0,0.5370370370370371
M,Retail-Wholesale,Retail - Regional Department Stores,30__2,30,2.0,7. p90_trade_value,24750.0,13500.0,32.0,53.0,0.6037735849056604,0.55,2. BELOW BASELINE,61.0,107.0,0.5700934579439252
M,Retail-Wholesale,Retail - Regional Department Stores,30__2,30,2.0,8. p75_trade_value,13363.0,7517.999999999999,92.0,160.0,0.575,0.55,2. BELOW BASELINE,153.0,267.0,0.5730337078651685
MCD,Retail-Wholesale,Retail - Restaurants,40__3,40,3.0,1. p999999_trade_value,660000.0000000001,660000.0000000001,0.0,1.0,0.0,0.55,2. BELOW BASELINE,0.0,1.0,0.0
MCD,Retail-Wholesale,Retail - Restaurants,40__3,40,3.0,3. p9999_trade_value,652392.0,652392.0,0.0,1.0,0.0,0.55,2. BELOW BASELINE,0.0,2.0,0.0
MCD,Retail-Wholesale,Retail - Restaurants,40__3,40,3.0,4. p999_trade_value,637350.0,314000.0,3.0,9.0,0.3333333333333333,0.55,2. BELOW BASELINE,3.0,11.0,0.2727272727272727
MCD,Retail-Wholesale,Retail - Restaurants,40__3,40,3.0,5. p99_trade_value,309600.0,55000.0,29.0,93.0,0.3118279569892473,0.55,2. BELOW BASELINE,32.0,104.0,0.3076923076923077
MCD,Retail-Wholesale,Retail - Restaurants,40__3,40,3.0,6. p95_trade_value,54990.0,20895.0,206.0,415.0,0.4963855421686747,0.55,2. BELOW BASELINE,238.0,519.0,0.45857418111753373
MCD,Retail-Wholesale,Retail - Restaurants,40__3,40,3.0,7. p90_trade_value,20880.0,13774.0,261.0,518.0,0.5038610038610039,0.55,2. BELOW BASELINE,499.0,1037.0,0.4811957569913211
MCD,Retail-Wholesale,Retail - Restaurants,40__3,40,3.0,8. p75_trade_value,13769.999999999998,7789.999999999999,740.0,1554.0,0.47619047619047616,0.55,2. BELOW BASELINE,1239.0,2591.0,0.4781937475878039
MELI,Retail-Wholesale,Internet - Commerce,45__1,45,1.0,1. p999999_trade_value,1185000.0,1185000.0,0.0,1.0,0.0,0.55,1. ABOVE BASELINE,0.0,1.0,0.0
MELI,Retail-Wholesale,Internet - Commerce,45__1,45,1.0,3. p9999_trade_value,802030.0,792500.0,2.0,2.0,1.0,0.55,1. ABOVE BASELINE,2.0,3.0,0.6666666666666666
MELI,Retail-Wholesale,Internet - Commerce,45__1,45,1.0,4. p999_trade_value,716500.0000000001,286850.0,10.0,19.0,0.5263157894736842,0.55,2. BELOW BASELINE,12.0,22.0,0.5454545454545454
MELI,Retail-Wholesale,Internet - Commerce,45__1,45,1.0,5. p99_trade_value,280000.0,65350.0,100.0,191.0,0.5235602094240838,0.55,2. BELOW BASELINE,112.0,213.0,0.5258215962441315
MELI,Retail-Wholesale,Internet - Commerce,45__1,45,1.0,6. p95_trade_value,65279.99999999999,23840.0,480.0,852.0,0.5633802816901409,0.55,2. BELOW BASELINE,592.0,1065.0,0.5558685446009389
MELI,Retail-Wholesale,Internet - Commerce,45__1,45,1.0,7. p90_trade_value,23820.0,14700.0,573.0,1071.0,0.5350140056022409,0.55,2. BELOW BASELINE,1165.0,2136.0,0.5454119850187266
MELI,Retail-Wholesale,Internet - Commerce,45__1,45,1.0,8. p75_trade_value,14690.0,7800.0,1838.0,3188.0,0.5765370138017566,0.55,2. BELOW BASELINE,3003.0,5324.0,0.5640495867768595
MNSO,Retail-Wholesale,Retail - Apparel and Shoes,25__0,25,0.0,1. p999999_trade_value,73760.0,73760.0,1.0,1.0,1.0,0.55,1. ABOVE BASELINE,1.0,1.0,1.0
MNSO,Retail-Wholesale,Retail - Apparel and Shoes,25__0,25,0.0,5. p99_trade_value,59940.0,44500.0,1.0,2.0,0.5,0.55,2. BELOW BASELINE,2.0,3.0,0.6666666666666666
MNSO,Retail-Wholesale,Retail - Apparel and Shoes,25__0,25,0.0,6. p95_trade_value,38964.00000000001,18675.0,4.0,8.0,0.5,0.55,2. BELOW BASELINE,6.0,11.0,0.5454545454545454
MNSO,Retail-Wholesale,Retail - Apparel and Shoes,25__0,25,0.0,7. p90_trade_value,17750.0,11800.0,8.0,11.0,0.7272727272727273,0.55,2. BELOW BASELINE,14.0,22.0,0.6363636363636364
MNSO,Retail-Wholesale,Retail - Apparel and Shoes,25__0,25,0.0,8. p75_trade_value,11760.0,7600.0,17.0,35.0,0.4857142857142857,0.55,2. BELOW BASELINE,31.0,57.0,0.543859649122807
MUSA,Retail-Wholesale,Retail - Convenience Stores,20__2,20,2.0,1. p999999_trade_value,285000.0,285000.0,0.0,1.0,0.0,0.55,2. BELOW BASELINE,0.0,1.0,0.0
MUSA,Retail-Wholesale,Retail - Convenience Stores,20__2,20,2.0,5. p99_trade_value,131175.0,131175.0,0.0,1.0,0.0,0.55,2. BELOW BASELINE,0.0,2.0,0.0
MUSA,Retail-Wholesale,Retail - Convenience Stores,20__2,20,2.0,6. p95_trade_value,127500.0,114000.0,2.0,4.0,0.5,0.55,2. BELOW BASELINE,2.0,6.0,0.3333333333333333
MUSA,Retail-Wholesale,Retail - Convenience Stores,20__2,20,2.0,7. p90_trade_value,82400.0,40500.0,5.0,6.0,0.8333333333333334,0.55,2. BELOW BASELINE,7.0,12.0,0.5833333333333334
MUSA,Retail-Wholesale,Retail - Convenience Stores,20__2,20,2.0,8. p75_trade_value,35000.0,14000.0,11.0,17.0,0.6470588235294118,0.55,2. BELOW BASELINE,18.0,29.0,0.6206896551724138
NEGG,Retail-Wholesale,Internet - Commerce,5__0,5,0.0,1. p999999_trade_value,4590.0,4590.0,0.0,1.0,0.0,0.55,2. BELOW BASELINE,0.0,1.0,0.0
NGVC,Retail-Wholesale,Food - Natural Foods Products,10__0,10,0.0,1. p999999_trade_value,13000.0,13000.0,1.0,1.0,1.0,0.55,1. ABOVE BASELINE,1.0,1.0,1.0
NGVC,Retail-Wholesale,Food - Natural Foods Products,10__0,10,0.0,8. p75_trade_value,9000.0,6840.000000000001,2.0,2.0,1.0,0.55,1. ABOVE BASELINE,3.0,3.0,1.0
NSIT,Retail-Wholesale,Retail - Mail Order,5__0,5,0.0,1. p999999_trade_value,6000.0,6000.0,0.0,1.0,0.0,0.55,2. BELOW BASELINE,0.0,1.0,0.0
ODP,Retail-Wholesale,Retail - Miscellaneous,10__3,10,3.0,1. p999999_trade_value,191400.0,191400.0,1.0,1.0,1.0,0.55,1. ABOVE BASELINE,1.0,1.0,1.0
ODP,Retail-Wholesale,Retail - Miscellaneous,10__3,10,3.0,7. p90_trade_value,75899.99999999999,75899.99999999999,1.0,1.0,1.0,0.55,1. ABOVE BASELINE,2.0,2.0,1.0
ODP,Retail-Wholesale,Retail - Miscellaneous,10__3,10,3.0,8. p75_trade_value,65000.0,47250.00000000001,2.0,2.0,1.0,0.55,1. ABOVE BASELINE,4.0,4.0,1.0
ONON,Retail-Wholesale,Retail - Apparel and Shoes,35__0,35,0.0,1. p999999_trade_value,654454.9999999999,654454.9999999999,1.0,1.0,1.0,0.55,1. ABOVE BASELINE,1.0,1.0,1.0
ONON,Retail-Wholesale,Retail - Apparel and Shoes,35__0,35,0.0,4. p999_trade_value,566100.0,399380.0,1.0,2.0,0.5,0.55,2. BELOW BASELINE,2.0,3.0,0.6666666666666666
ONON,Retail-Wholesale,Retail - Apparel and Shoes,35__0,35,0.0,5. p99_trade_value,228000.0,54719.99999999999,11.0,23.0,0.4782608695652174,0.55,2. BELOW BASELINE,13.0,26.0,0.5
ONON,Retail-Wholesale,Retail - Apparel and Shoes,35__0,35,0.0,6. p95_trade_value,54000.0,22275.0,69.0,101.0,0.6831683168316832,0.55,2. BELOW BASELINE,82.0,127.0,0.6456692913385826
ONON,Retail-Wholesale,Retail - Apparel and Shoes,35__0,35,0.0,7. p90_trade_value,22185.0,14838.999999999998,80.0,126.0,0.6349206349206349,0.55,2. BELOW BASELINE,162.0,253.0,0.6403162055335968
ONON,Retail-Wholesale,Retail - Apparel and Shoes,35__0,35,0.0,8. p75_trade_value,14816.0,8100.0,222.0,382.0,0.581151832460733,0.55,2. BELOW BASELINE,384.0,635.0,0.6047244094488189
ORLY,Retail-Wholesale,Automotive - Retail and Wholesale - Parts,30__2,30,2.0,1. p999999_trade_value,219410.0,219410.0,0.0,1.0,0.0,0.55,2. BELOW BASELINE,0.0,1.0,0.0
ORLY,Retail-Wholesale,Automotive - Retail and Wholesale - Parts,30__2,30,2.0,4. p999_trade_value,217500.0,217500.0,1.0,1.0,1.0,0.55,2. BELOW BASELINE,1.0,2.0,0.5
ORLY,Retail-Wholesale,Automotive - Retail and Wholesale - Parts,30__2,30,2.0,5. p99_trade_value,150450.0,62692.00000000001,5.0,10.0,0.5,0.55,2. BELOW BASELINE,6.0,12.0,0.5
ORLY,Retail-Wholesale,Automotive - Retail and Wholesale - Parts,30__2,30,2.0,6. p95_trade_value,61740.0,27360.000000000004,39.0,47.0,0.8297872340425532,0.55,2. BELOW BASELINE,45.0,59.0,0.7627118644067796
ORLY,Retail-Wholesale,Automotive - Retail and Wholesale - Parts,30__2,30,2.0,7. p90_trade_value,26770.0,16950.0,38.0,58.0,0.6551724137931034,0.55,2. BELOW BASELINE,83.0,117.0,0.7094017094017094
ORLY,Retail-Wholesale,Automotive - Retail and Wholesale - Parts,30__2,30,2.0,8. p75_trade_value,16875.0,8890.0,96.0,175.0,0.5485714285714286,0.55,2. BELOW BASELINE,179.0,292.0,0.613013698630137
PAG,Retail-Wholesale,Automotive - Retail and Whole Sales,15__0,15,0.0,1. p999999_trade_value,82225.0,82225.0,1.0,1.0,1.0,0.55,1. ABOVE BASELINE,1.0,1.0,1.0
PAG,Retail-Wholesale,Automotive - Retail and Whole Sales,15__0,15,0.0,6. p95_trade_value,26790.000000000004,26790.000000000004,0.0,1.0,0.0,0.55,2. BELOW BASELINE,1.0,2.0,0.5
PAG,Retail-Wholesale,Automotive - Retail and Whole Sales,15__0,15,0.0,7. p90_trade_value,25298.0,25298.0,1.0,1.0,1.0,0.55,2. BELOW BASELINE,2.0,3.0,0.6666666666666666
PAG,Retail-Wholesale,Automotive - Retail and Whole Sales,15__0,15,0.0,8. p75_trade_value,22725.0,9360.0,2.0,5.0,0.4,0.55,2. BELOW BASELINE,4.0,8.0,0.5
PBPB,Retail-Wholesale,Retail - Restaurants,5__0,5,0.0,1. p999999_trade_value,3230.0000000000005,3230.0000000000005,1.0,1.0,1.0,0.55,1. ABOVE BASELINE,1.0,1.0,1.0
PDD,Retail-Wholesale,Internet - Commerce,45__3,45,3.0,1. p999999_trade_value,4524065.0,4524065.0,1.0,1.0,1.0,0.55,2. BELOW BASELINE,1.0,1.0,1.0
PDD,Retail-Wholesale,Internet - Commerce,45__3,45,3.0,3. p9999_trade_value,3458060.0,2100000.0,2.0,5.0,0.4,0.55,2. BELOW BASELINE,3.0,6.0,0.5
PDD,Retail-Wholesale,Internet - Commerce,45__3,45,3.0,4. p999_trade_value,2099790.0,612000.0,17.0,49.0,0.3469387755102041,0.55,2. BELOW BASELINE,20.0,55.0,0.36363636363636365
PDD,Retail-Wholesale,Internet - Commerce,45__3,45,3.0,5. p99_trade_value,602160.0,97709.0,204.0,489.0,0.4171779141104294,0.55,2. BELOW BASELINE,224.0,544.0,0.4117647058823529
PDD,Retail-Wholesale,Internet - Commerce,45__3,45,3.0,6. p95_trade_value,97680.0,33790.0,1065.0,2174.0,0.4898804047838086,0.55,2. BELOW BASELINE,1289.0,2718.0,0.4742457689477557
PDD,Retail-Wholesale,Internet - Commerce,45__3,45,3.0,7. p90_trade_value,33750.0,21400.0,1329.0,2721.0,0.4884233737596472,0.55,2. BELOW BASELINE,2618.0,5439.0,0.48133848133848134
PDD,Retail-Wholesale,Internet - Commerce,45__3,45,3.0,8. p75_trade_value,21390.0,10507.0,3903.0,8148.0,0.4790132547864507,0.55,2. BELOW BASELINE,6521.0,13587.0,0.4799440641789946
PFGC,Retail-Wholesale,Food - Natural Foods Products,20__1,20,1.0,1. p999999_trade_value,537500.0,537500.0,1.0,1.0,1.0,0.55,1. ABOVE BASELINE,1.0,1.0,1.0
PFGC,Retail-Wholesale,Food - Natural Foods Products,20__1,20,1.0,6. p95_trade_value,287500.0,101250.0,3.0,3.0,1.0,0.55,1. ABOVE BASELINE,4.0,4.0,1.0
PFGC,Retail-Wholesale,Food - Natural Foods Products,20__1,20,1.0,7. p90_trade_value,52500.0,48020.0,0.0,3.0,0.0,0.55,2. BELOW BASELINE,4.0,7.0,0.5714285714285714
PFGC,Retail-Wholesale,Food - Natural Foods Products,20__1,20,1.0,8. p75_trade_value,35700.0,18810.0,6.0,9.0,0.6666666666666666,0.55,2. BELOW BASELINE,10.0,16.0,0.625
PLAY,Retail-Wholesale,Retail - Restaurants,30__0,30,0.0,1. p999999_trade_value,3516056.0000000005,3516056.0000000005,1.0,1.0,1.0,0.55,1. ABOVE BASELINE,1.0,1.0,1.0
PLAY,Retail-Wholesale,Retail - Restaurants,30__0,30,0.0,5. p99_trade_value,343200.0,144055.0,5.0,5.0,1.0,0.55,1. ABOVE BASELINE,6.0,6.0,1.0
PLAY,Retail-Wholesale,Retail - Restaurants,30__0,30,0.0,6. p95_trade_value,135000.0,24975.000000000004,19.0,24.0,0.7916666666666666,0.55,1. ABOVE BASELINE,25.0,30.0,0.8333333333333334
PLAY,Retail-Wholesale,Retail - Restaurants,30__0,30,0.0,7. p90_trade_value,24875.0,18500.0,18.0,30.0,0.6,0.55,1. ABOVE BASELINE,43.0,60.0,0.7166666666666667
PLAY,Retail-Wholesale,Retail - Restaurants,30__0,30,0.0,8. p75_trade_value,18000.0,7906.0,54.0,88.0,0.6136363636363636,0.55,1. ABOVE BASELINE,97.0,148.0,0.6554054054054054
PLCE,Retail-Wholesale,Retail - Apparel and Shoes,25__0,25,0.0,1. p999999_trade_value,128000.0,128000.0,1.0,1.0,1.0,0.55,1. ABOVE BASELINE,1.0,1.0,1.0
PLCE,Retail-Wholesale,Retail - Apparel and Shoes,25__0,25,0.0,5. p99_trade_value,80000.0,36630.0,5.0,5.0,1.0,0.55,1. ABOVE BASELINE,6.0,6.0,1.0
PLCE,Retail-Wholesale,Retail - Apparel and Shoes,25__0,25,0.0,6. p95_trade_value,36100.0,18000.0,14.0,20.0,0.7,0.55,1. ABOVE BASELINE,20.0,26.0,0.7692307692307693
PLCE,Retail-Wholesale,Retail - Apparel and Shoes,25__0,25,0.0,7. p90_trade_value,17600.0,13500.0,18.0,25.0,0.72,0.55,1. ABOVE BASELINE,38.0,51.0,0.7450980392156863
PLCE,Retail-Wholesale,Retail - Apparel and Shoes,25__0,25,0.0,8. p75_trade_value,13366.0,7500.0,39.0,80.0,0.4875,0.55,2. BELOW BASELINE,77.0,131.0,0.5877862595419847
PSMT,Retail-Wholesale,Retail - Discount Stores,5__0,5,0.0,1. p999999_trade_value,13900.0,13900.0,0.0,1.0,0.0,0.55,2. BELOW BASELINE,0.0,1.0,0.0
PSMT,Retail-Wholesale,Retail - Discount Stores,5__0,5,0.0,8. p75_trade_value,6216.0,6216.0,0.0,1.0,0.0,0.55,2. BELOW BASELINE,0.0,2.0,0.0
PSQH,Retail-Wholesale,Internet - Commerce,20__0,20,0.0,1. p999999_trade_value,13850.0,13850.0,1.0,1.0,1.0,0.55,1. ABOVE BASELINE,1.0,1.0,1.0
PSQH,Retail-Wholesale,Internet - Commerce,20__0,20,0.0,6. p95_trade_value,12500.0,9765.0,1.0,3.0,0.3333333333333333,0.55,2. BELOW BASELINE,2.0,4.0,0.5
PSQH,Retail-Wholesale,Internet - Commerce,20__0,20,0.0,7. p90_trade_value,9180.0,8550.0,2.0,3.0,0.6666666666666666,0.55,2. BELOW BASELINE,4.0,7.0,0.5714285714285714
PSQH,Retail-Wholesale,Internet - Commerce,20__0,20,0.0,8. p75_trade_value,8070.0,5600.000000000001,6.0,11.0,0.5454545454545454,0.55,2. BELOW BASELINE,10.0,18.0,0.5555555555555556
PTLO,Retail-Wholesale,Retail - Restaurants,15__0,15,0.0,1. p999999_trade_value,52200.0,52200.0,1.0,1.0,1.0,0.55,1. ABOVE BASELINE,1.0,1.0,1.0
PTLO,Retail-Wholesale,Retail - Restaurants,15__0,15,0.0,6. p95_trade_value,42750.0,42750.0,0.0,1.0,0.0,0.55,2. BELOW BASELINE,1.0,2.0,0.5
PTLO,Retail-Wholesale,Retail - Restaurants,15__0,15,0.0,7. p90_trade_value,25000.0,25000.0,0.0,1.0,0.0,0.55,2. BELOW BASELINE,1.0,3.0,0.3333333333333333
PTLO,Retail-Wholesale,Retail - Restaurants,15__0,15,0.0,8. p75_trade_value,17290.0,7350.0,4.0,4.0,1.0,0.55,2. BELOW BASELINE,5.0,7.0,0.7142857142857143
PZZA,Retail-Wholesale,Retail - Restaurants,25__0,25,0.0,1. p999999_trade_value,400000.0,400000.0,0.0,1.0,0.0,0.55,2. BELOW BASELINE,0.0,1.0,0.0
PZZA,Retail-Wholesale,Retail - Restaurants,25__0,25,0.0,5. p99_trade_value,150000.0,107275.0,0.0,2.0,0.0,0.55,2. BELOW BASELINE,0.0,3.0,0.0
PZZA,Retail-Wholesale,Retail - Restaurants,25__0,25,0.0,6. p95_trade_value,106080.0,24375.0,4.0,12.0,0.3333333333333333,0.55,2. BELOW BASELINE,4.0,15.0,0.26666666666666666
PZZA,Retail-Wholesale,Retail - Restaurants,25__0,25,0.0,7. p90_trade_value,23870.0,13804.0,9.0,15.0,0.6,0.55,2. BELOW BASELINE,13.0,30.0,0.43333333333333335
PZZA,Retail-Wholesale,Retail - Restaurants,25__0,25,0.0,8. p75_trade_value,13769.999999999998,7500.0,31.0,45.0,0.6888888888888889,0.55,2. BELOW BASELINE,44.0,75.0,0.5866666666666667
QSR,Retail-Wholesale,Retail - Restaurants,20__0,20,0.0,1. p999999_trade_value,46215.0,46215.0,0.0,1.0,0.0,0.55,2. BELOW BASELINE,0.0,1.0,0.0
QSR,Retail-Wholesale,Retail - Restaurants,20__0,20,0.0,5. p99_trade_value,37910.0,37910.0,1.0,1.0,1.0,0.55,2. BELOW BASELINE,1.0,2.0,0.5
QSR,Retail-Wholesale,Retail - Restaurants,20__0,20,0.0,6. p95_trade_value,33300.0,24000.0,3.0,4.0,0.75,0.55,2. BELOW BASELINE,4.0,6.0,0.6666666666666666
QSR,Retail-Wholesale,Retail - Restaurants,20__0,20,0.0,7. p90_trade_value,21000.0,13579.999999999998,5.0,6.0,0.8333333333333334,0.55,2. BELOW BASELINE,9.0,12.0,0.75
QSR,Retail-Wholesale,Retail - Restaurants,20__0,20,0.0,8. p75_trade_value,12960.0,8300.0,8.0,16.0,0.5,0.55,2. BELOW BASELINE,17.0,28.0,0.6071428571428571
RMBL,Retail-Wholesale,Internet - Commerce,10__0,10,0.0,1. p999999_trade_value,11900.0,11900.0,0.0,1.0,0.0,0.55,2. BELOW BASELINE,0.0,1.0,0.0
RMBL,Retail-Wholesale,Internet - Commerce,10__0,10,0.0,8. p75_trade_value,5000.0,5000.0,0.0,1.0,0.0,0.55,2. BELOW BASELINE,0.0,2.0,0.0
ROST,Retail-Wholesale,Retail - Discount Stores,30__1,30,1.0,1. p999999_trade_value,858240.0,858240.0,1.0,1.0,1.0,0.55,1. ABOVE BASELINE,1.0,1.0,1.0
ROST,Retail-Wholesale,Retail - Discount Stores,30__1,30,1.0,4. p999_trade_value,642928.0,642928.0,1.0,1.0,1.0,0.55,1. ABOVE BASELINE,2.0,2.0,1.0
ROST,Retail-Wholesale,Retail - Discount Stores,30__1,30,1.0,5. p99_trade_value,627200.0,144000.0,7.0,13.0,0.5384615384615384,0.55,2. BELOW BASELINE,9.0,15.0,0.6
ROST,Retail-Wholesale,Retail - Discount Stores,30__1,30,1.0,6. p95_trade_value,102740.00000000001,24000.0,26.0,55.0,0.4727272727272727,0.55,2. BELOW BASELINE,35.0,70.0,0.5
ROST,Retail-Wholesale,Retail - Discount Stores,30__1,30,1.0,7. p90_trade_value,23680.0,12630.0,37.0,69.0,0.5362318840579711,0.55,2. BELOW BASELINE,72.0,139.0,0.5179856115107914
ROST,Retail-Wholesale,Retail - Discount Stores,30__1,30,1.0,8. p75_trade_value,12600.0,7110.000000000001,104.0,209.0,0.49760765550239233,0.55,2. BELOW BASELINE,176.0,348.0,0.5057471264367817
RRGB,Retail-Wholesale,Retail - Restaurants,10__0,10,0.0,1. p999999_trade_value,15440.0,15440.0,0.0,1.0,0.0,0.55,2. BELOW BASELINE,0.0,1.0,0.0
RRGB,Retail-Wholesale,Retail - Restaurants,10__0,10,0.0,7. p90_trade_value,11619.999999999998,11619.999999999998,0.0,1.0,0.0,0.55,2. BELOW BASELINE,0.0,2.0,0.0
RRGB,Retail-Wholesale,Retail - Restaurants,10__0,10,0.0,8. p75_trade_value,9400.0,7500.0,1.0,2.0,0.5,0.55,2. BELOW BASELINE,1.0,4.0,0.25
SAH,Retail-Wholesale,Automotive - Retail and Whole Sales,5__3,5,3.0,1. p999999_trade_value,15960.0,15960.0,1.0,1.0,1.0,0.55,1. ABOVE BASELINE,1.0,1.0,1.0
SAH,Retail-Wholesale,Automotive - Retail and Whole Sales,5__3,5,3.0,8. p75_trade_value,4030.0000000000005,4030.0000000000005,1.0,1.0,1.0,0.55,1. ABOVE BASELINE,2.0,2.0,1.0
SBH,Retail-Wholesale,Retail - Miscellaneous,10__0,10,0.0,1. p999999_trade_value,17910.0,17910.0,1.0,1.0,1.0,0.55,1. ABOVE BASELINE,1.0,1.0,1.0
SBH,Retail-Wholesale,Retail - Miscellaneous,10__0,10,0.0,8. p75_trade_value,5295.0,5295.0,1.0,1.0,1.0,0.55,1. ABOVE BASELINE,2.0,2.0,1.0
SBUX,Retail-Wholesale,Retail - Restaurants,40__0,40,0.0,1. p999999_trade_value,1890048.0,1890048.0,1.0,1.0,1.0,0.55,1. ABOVE BASELINE,1.0,1.0,1.0
SBUX,Retail-Wholesale,Retail - Restaurants,40__0,40,0.0,4. p999_trade_value,1404900.0,453172.0,9.0,9.0,1.0,0.55,1. ABOVE BASELINE,10.0,10.0,1.0
SBUX,Retail-Wholesale,Retail - Restaurants,40__0,40,0.0,5. p99_trade_value,421600.0,75072.0,54.0,89.0,0.6067415730337079,0.55,1. ABOVE BASELINE,64.0,99.0,0.6464646464646465
SBUX,Retail-Wholesale,Retail - Restaurants,40__0,40,0.0,6. p95_trade_value,75000.0,24000.0,219.0,395.0,0.5544303797468354,0.55,1. ABOVE BASELINE,283.0,494.0,0.5728744939271255
SBUX,Retail-Wholesale,Retail - Restaurants,40__0,40,0.0,7. p90_trade_value,23985.0,15078.0,250.0,494.0,0.5060728744939271,0.55,2. BELOW BASELINE,533.0,988.0,0.5394736842105263
SBUX,Retail-Wholesale,Retail - Restaurants,40__0,40,0.0,8. p75_trade_value,15066.0,8064.0,753.0,1483.0,0.5077545515846258,0.55,2. BELOW BASELINE,1286.0,2471.0,0.5204370700121408
SCVL,Retail-Wholesale,Retail - Apparel and Shoes,10__0,10,0.0,1. p999999_trade_value,22500.0,22500.0,1.0,1.0,1.0,0.55,1. ABOVE BASELINE,1.0,1.0,1.0
SCVL,Retail-Wholesale,Retail - Apparel and Shoes,10__0,10,0.0,7. p90_trade_value,12500.0,12500.0,0.0,1.0,0.0,0.55,2. BELOW BASELINE,1.0,2.0,0.5
SCVL,Retail-Wholesale,Retail - Apparel and Shoes,10__0,10,0.0,8. p75_trade_value,11250.0,11250.0,0.0,1.0,0.0,0.55,2. BELOW BASELINE,1.0,3.0,0.3333333333333333
SFIX,Retail-Wholesale,Retail - Apparel and Shoes,25__0,25,0.0,1. p999999_trade_value,200000.0,200000.0,0.0,1.0,0.0,0.55,2. BELOW BASELINE,0.0,1.0,0.0
SFIX,Retail-Wholesale,Retail - Apparel and Shoes,25__0,25,0.0,5. p99_trade_value,145120.0,145120.0,1.0,1.0,1.0,0.55,2. BELOW BASELINE,1.0,2.0,0.5
SFIX,Retail-Wholesale,Retail - Apparel and Shoes,25__0,25,0.0,6. p95_trade_value,110000.0,17420.0,2.0,8.0,0.25,0.55,2. BELOW BASELINE,3.0,10.0,0.3
SFIX,Retail-Wholesale,Retail - Apparel and Shoes,25__0,25,0.0,7. p90_trade_value,17081.0,11817.0,3.0,9.0,0.3333333333333333,0.55,2. BELOW BASELINE,6.0,19.0,0.3157894736842105
SFIX,Retail-Wholesale,Retail - Apparel and Shoes,25__0,25,0.0,8. p75_trade_value,11115.0,7548.0,13.0,27.0,0.48148148148148145,0.55,2. BELOW BASELINE,19.0,46.0,0.41304347826086957
SFM,Retail-Wholesale,Food - Natural Foods Products,30__2,30,2.0,1. p999999_trade_value,205000.0,205000.0,0.0,1.0,0.0,0.55,2. BELOW BASELINE,0.0,1.0,0.0
SFM,Retail-Wholesale,Food - Natural Foods Products,30__2,30,2.0,4. p999_trade_value,164124.0,164124.0,1.0,1.0,1.0,0.55,2. BELOW BASELINE,1.0,2.0,0.5
SFM,Retail-Wholesale,Food - Natural Foods Products,30__2,30,2.0,5. p99_trade_value,147726.0,74860.0,7.0,10.0,0.7,0.55,2. BELOW BASELINE,8.0,12.0,0.6666666666666666
SFM,Retail-Wholesale,Food - Natural Foods Products,30__2,30,2.0,6. p95_trade_value,74250.0,22620.0,15.0,47.0,0.3191489361702128,0.55,2. BELOW BASELINE,23.0,59.0,0.3898305084745763
SFM,Retail-Wholesale,Food - Natural Foods Products,30__2,30,2.0,7. p90_trade_value,22035.0,14070.000000000002,30.0,59.0,0.5084745762711864,0.55,2. BELOW BASELINE,53.0,118.0,0.4491525423728814
SFM,Retail-Wholesale,Food - Natural Foods Products,30__2,30,2.0,8. p75_trade_value,14000.0,7680.000000000001,109.0,176.0,0.6193181818181818,0.55,2. BELOW BASELINE,162.0,294.0,0.5510204081632653
SG,Retail-Wholesale,Retail - Restaurants,30__1,30,1.0,1. p999999_trade_value,1197759.9999999998,1197759.9999999998,1.0,1.0,1.0,0.55,2. BELOW BASELINE,1.0,1.0,1.0
SG,Retail-Wholesale,Retail - Restaurants,30__1,30,1.0,4. p999_trade_value,750000.0,750000.0,0.0,1.0,0.0,0.55,2. BELOW BASELINE,1.0,2.0,0.5
SG,Retail-Wholesale,Retail - Restaurants,30__1,30,1.0,5. p99_trade_value,724710.0,161868.0,8.0,12.0,0.6666666666666666,0.55,2. BELOW BASELINE,9.0,14.0,0.6428571428571429
SG,Retail-Wholesale,Retail - Restaurants,30__1,30,1.0,6. p95_trade_value,152000.0,43758.0,16.0,54.0,0.2962962962962963,0.55,2. BELOW BASELINE,25.0,68.0,0.36764705882352944
SG,Retail-Wholesale,Retail - Restaurants,30__1,30,1.0,7. p90_trade_value,43734.0,20511.0,44.0,68.0,0.6470588235294118,0.55,2. BELOW BASELINE,69.0,136.0,0.5073529411764706
SG,Retail-Wholesale,Retail - Restaurants,30__1,30,1.0,8. p75_trade_value,20220.0,9750.0,110.0,203.0,0.541871921182266,0.55,2. BELOW BASELINE,179.0,339.0,0.528023598820059
SGI,Retail-Wholesale,Retail - Home Furnishings,20__0,20,0.0,1. p999999_trade_value,201312.0,201312.0,1.0,1.0,1.0,0.55,1. ABOVE BASELINE,1.0,1.0,1.0
SGI,Retail-Wholesale,Retail - Home Furnishings,20__0,20,0.0,5. p99_trade_value,75840.00000000001,75840.00000000001,0.0,1.0,0.0,0.55,2. BELOW BASELINE,1.0,2.0,0.5
SGI,Retail-Wholesale,Retail - Home Furnishings,20__0,20,0.0,6. p95_trade_value,38000.0,17822.0,2.0,5.0,0.4,0.55,2. BELOW BASELINE,3.0,7.0,0.42857142857142855
SGI,Retail-Wholesale,Retail - Home Furnishings,20__0,20,0.0,7. p90_trade_value,17640.0,14260.0,7.0,7.0,1.0,0.55,2. BELOW BASELINE,10.0,14.0,0.7142857142857143
SGI,Retail-Wholesale,Retail - Home Furnishings,20__0,20,0.0,8. p75_trade_value,13750.0,8710.0,13.0,21.0,0.6190476190476191,0.55,2. BELOW BASELINE,23.0,35.0,0.6571428571428571
SHAK,Retail-Wholesale,Retail - Restaurants,30__1,30,1.0,1. p999999_trade_value,1143600.0,1143600.0,0.0,1.0,0.0,0.55,1. ABOVE BASELINE,0.0,1.0,0.0
SHAK,Retail-Wholesale,Retail - Restaurants,30__1,30,1.0,4. p999_trade_value,519040.00000000006,519040.00000000006,2.0,2.0,1.0,0.55,1. ABOVE BASELINE,2.0,3.0,0.6666666666666666
SHAK,Retail-Wholesale,Retail - Restaurants,30__1,30,1.0,5. p99_trade_value,502820.0,122070.0,3.0,9.0,0.3333333333333333,0.55,2. BELOW BASELINE,5.0,12.0,0.4166666666666667
SHAK,Retail-Wholesale,Retail - Restaurants,30__1,30,1.0,6. p95_trade_value,95880.0,24800.0,29.0,46.0,0.6304347826086957,0.55,2. BELOW BASELINE,34.0,58.0,0.5862068965517241
SHAK,Retail-Wholesale,Retail - Restaurants,30__1,30,1.0,7. p90_trade_value,24300.0,15200.0,45.0,58.0,0.7758620689655172,0.55,2. BELOW BASELINE,79.0,116.0,0.6810344827586207
SHAK,Retail-Wholesale,Retail - Restaurants,30__1,30,1.0,8. p75_trade_value,15145.000000000002,8825.0,112.0,172.0,0.6511627906976745,0.55,2. BELOW BASELINE,191.0,288.0,0.6631944444444444
SIG,Retail-Wholesale,Retail - Jewelry,30__1,30,1.0,1. p999999_trade_value,681340.0,681340.0,1.0,1.0,1.0,0.55,1. ABOVE BASELINE,1.0,1.0,1.0
SIG,Retail-Wholesale,Retail - Jewelry,30__1,30,1.0,4. p999_trade_value,657000.0,657000.0,1.0,1.0,1.0,0.55,1. ABOVE BASELINE,2.0,2.0,1.0
SIG,Retail-Wholesale,Retail - Jewelry,30__1,30,1.0,5. p99_trade_value,595782.0,159000.0,6.0,10.0,0.6,0.55,1. ABOVE BASELINE,8.0,12.0,0.6666666666666666
SIG,Retail-Wholesale,Retail - Jewelry,30__1,30,1.0,6. p95_trade_value,148400.0,31000.0,23.0,45.0,0.5111111111111111,0.55,2. BELOW BASELINE,31.0,57.0,0.543859649122807
SIG,Retail-Wholesale,Retail - Jewelry,30__1,30,1.0,7. p90_trade_value,30954.999999999996,19824.0,19.0,56.0,0.3392857142857143,0.55,2. BELOW BASELINE,50.0,113.0,0.4424778761061947
SIG,Retail-Wholesale,Retail - Jewelry,30__1,30,1.0,8. p75_trade_value,19600.0,9434.0,106.0,168.0,0.6309523809523809,0.55,2. BELOW BASELINE,156.0,281.0,0.5551601423487544
SN,Retail-Wholesale,Retail - Miscellaneous,30__0,30,0.0,1. p999999_trade_value,2722176.0,2722176.0,1.0,1.0,1.0,0.55,1. ABOVE BASELINE,1.0,1.0,1.0
SN,Retail-Wholesale,Retail - Miscellaneous,30__0,30,0.0,5. p99_trade_value,1890000.0,166495.0,6.0,9.0,0.6666666666666666,0.55,1. ABOVE BASELINE,7.0,10.0,0.7
SN,Retail-Wholesale,Retail - Miscellaneous,30__0,30,0.0,6. p95_trade_value,162260.0,45000.0,16.0,38.0,0.42105263157894735,0.55,2. BELOW BASELINE,23.0,48.0,0.4791666666666667
SN,Retail-Wholesale,Retail - Miscellaneous,30__0,30,0.0,7. p90_trade_value,44690.0,23000.0,25.0,47.0,0.5319148936170213,0.55,2. BELOW BASELINE,48.0,95.0,0.5052631578947369
SN,Retail-Wholesale,Retail - Miscellaneous,30__0,30,0.0,8. p75_trade_value,22601.000000000004,9440.0,72.0,142.0,0.5070422535211268,0.55,2. BELOW BASELINE,120.0,237.0,0.5063291139240507
SPWH,Retail-Wholesale,Retail - Apparel and Shoes,5__0,5,0.0,1. p999999_trade_value,4500.0,4500.0,0.0,1.0,0.0,0.55,2. BELOW BASELINE,0.0,1.0,0.0
TGLS,Retail-Wholesale,Building Products - Retail,10__0,10,0.0,1. p999999_trade_value,63360.0,63360.0,1.0,1.0,1.0,0.55,1. ABOVE BASELINE,1.0,1.0,1.0
TGLS,Retail-Wholesale,Building Products - Retail,10__0,10,0.0,7. p90_trade_value,35100.0,35100.0,0.0,1.0,0.0,0.55,2. BELOW BASELINE,1.0,2.0,0.5
TGLS,Retail-Wholesale,Building Products - Retail,10__0,10,0.0,8. p75_trade_value,21000.0,21000.0,2.0,2.0,1.0,0.55,2. BELOW BASELINE,3.0,4.0,0.75
TGT,Retail-Wholesale,Retail - Discount Stores,45__1,45,1.0,1. p999999_trade_value,1224195.0,1224195.0,1.0,1.0,1.0,0.55,2. BELOW BASELINE,1.0,1.0,1.0
TGT,Retail-Wholesale,Retail - Discount Stores,45__1,45,1.0,3. p9999_trade_value,810495.0000000001,810495.0000000001,0.0,1.0,0.0,0.55,2. BELOW BASELINE,1.0,2.0,0.5
TGT,Retail-Wholesale,Retail - Discount Stores,45__1,45,1.0,4. p999_trade_value,712500.0,349631.0,6.0,17.0,0.35294117647058826,0.55,2. BELOW BASELINE,7.0,19.0,0.3684210526315789
TGT,Retail-Wholesale,Retail - Discount Stores,45__1,45,1.0,5. p99_trade_value,324000.0,58991.99999999999,67.0,169.0,0.39644970414201186,0.55,2. BELOW BASELINE,74.0,188.0,0.39361702127659576
TGT,Retail-Wholesale,Retail - Discount Stores,45__1,45,1.0,6. p95_trade_value,58800.0,22010.0,318.0,750.0,0.424,0.55,2. BELOW BASELINE,392.0,938.0,0.417910447761194
TGT,Retail-Wholesale,Retail - Discount Stores,45__1,45,1.0,7. p90_trade_value,22000.000000000004,14640.0,420.0,937.0,0.44823906083244397,0.55,2. BELOW BASELINE,812.0,1875.0,0.43306666666666666
TGT,Retail-Wholesale,Retail - Discount Stores,45__1,45,1.0,8. p75_trade_value,14639.999999999998,8280.0,1265.0,2815.0,0.4493783303730018,0.55,2. BELOW BASELINE,2077.0,4690.0,0.44285714285714284
TITN,Retail-Wholesale,Automotive - Retail and Whole Sales,10__0,10,0.0,1. p999999_trade_value,20910.0,20910.0,0.0,1.0,0.0,0.55,2. BELOW BASELINE,0.0,1.0,0.0
TITN,Retail-Wholesale,Automotive - Retail and Whole Sales,10__0,10,0.0,7. p90_trade_value,15000.0,15000.0,0.0,2.0,0.0,0.55,2. BELOW BASELINE,0.0,3.0,0.0
TJX,Retail-Wholesale,Retail - Discount Stores,35__2,35,2.0,1. p999999_trade_value,744800.0,744800.0,0.0,1.0,0.0,0.55,2. BELOW BASELINE,0.0,1.0,0.0
TJX,Retail-Wholesale,Retail - Discount Stores,35__2,35,2.0,4. p999_trade_value,237250.0,237250.0,1.0,1.0,1.0,0.55,2. BELOW BASELINE,1.0,2.0,0.5
TJX,Retail-Wholesale,Retail - Discount Stores,35__2,35,2.0,5. p99_trade_value,206550.0,84375.0,11.0,17.0,0.6470588235294118,0.55,2. BELOW BASELINE,12.0,19.0,0.631578947368421
TJX,Retail-Wholesale,Retail - Discount Stores,35__2,35,2.0,6. p95_trade_value,84225.0,28840.000000000004,62.0,76.0,0.8157894736842105,0.55,2. BELOW BASELINE,74.0,95.0,0.7789473684210526
TJX,Retail-Wholesale,Retail - Discount Stores,35__2,35,2.0,7. p90_trade_value,28560.000000000004,20691.0,82.0,96.0,0.8541666666666666,0.55,2. BELOW BASELINE,156.0,191.0,0.8167539267015707
TJX,Retail-Wholesale,Retail - Discount Stores,35__2,35,2.0,8. p75_trade_value,20592.0,9610.0,212.0,283.0,0.7491166077738516,0.55,2. BELOW BASELINE,368.0,474.0,0.7763713080168776
TPR,Retail-Wholesale,Retail - Apparel and Shoes,30__0,30,0.0,1. p999999_trade_value,1623900.0,1623900.0,1.0,1.0,1.0,0.55,1. ABOVE BASELINE,1.0,1.0,1.0
TPR,Retail-Wholesale,Retail - Apparel and Shoes,30__0,30,0.0,4. p999_trade_value,1434445.0,1434445.0,1.0,1.0,1.0,0.55,1. ABOVE BASELINE,2.0,2.0,1.0
TPR,Retail-Wholesale,Retail - Apparel and Shoes,30__0,30,0.0,5. p99_trade_value,913345.0000000001,378000.00000000006,5.0,10.0,0.5,0.55,2. BELOW BASELINE,7.0,12.0,0.5833333333333334
TPR,Retail-Wholesale,Retail - Apparel and Shoes,30__0,30,0.0,6. p95_trade_value,351000.00000000006,68440.0,18.0,47.0,0.3829787234042553,0.55,2. BELOW BASELINE,25.0,59.0,0.423728813559322
TPR,Retail-Wholesale,Retail - Apparel and Shoes,30__0,30,0.0,7. p90_trade_value,67000.0,19500.0,38.0,59.0,0.6440677966101694,0.55,2. BELOW BASELINE,63.0,118.0,0.5338983050847458
TPR,Retail-Wholesale,Retail - Apparel and Shoes,30__0,30,0.0,8. p75_trade_value,19080.0,8900.0,115.0,177.0,0.6497175141242938,0.55,2. BELOW BASELINE,178.0,295.0,0.6033898305084746
TRIP,Retail-Wholesale,Internet - Commerce,20__0,20,0.0,1. p999999_trade_value,165375.0,165375.0,1.0,1.0,1.0,0.55,1. ABOVE BASELINE,1.0,1.0,1.0
TRIP,Retail-Wholesale,Internet - Commerce,20__0,20,0.0,5. p99_trade_value,113100.0,113100.0,1.0,1.0,1.0,0.55,1. ABOVE BASELINE,2.0,2.0,1.0
TRIP,Retail-Wholesale,Internet - Commerce,20__0,20,0.0,6. p95_trade_value,23670.0,22005.0,6.0,7.0,0.8571428571428571,0.55,1. ABOVE BASELINE,8.0,9.0,0.8888888888888888
TRIP,Retail-Wholesale,Internet - Commerce,20__0,20,0.0,7. p90_trade_value,21320.0,14076.0,5.0,9.0,0.5555555555555556,0.55,1. ABOVE BASELINE,13.0,18.0,0.7222222222222222
TRIP,Retail-Wholesale,Internet - Commerce,20__0,20,0.0,8. p75_trade_value,14000.0,7700.0,19.0,26.0,0.7307692307692307,0.55,1. ABOVE BASELINE,32.0,44.0,0.7272727272727273
TSCO,Retail-Wholesale,Retail - Miscellaneous,25__0,25,0.0,1. p999999_trade_value,263500.0,263500.0,1.0,1.0,1.0,0.55,1. ABOVE BASELINE,1.0,1.0,1.0
TSCO,Retail-Wholesale,Retail - Miscellaneous,25__0,25,0.0,5. p99_trade_value,246500.0,131989.0,2.0,4.0,0.5,0.55,2. BELOW BASELINE,3.0,5.0,0.6
TSCO,Retail-Wholesale,Retail - Miscellaneous,25__0,25,0.0,6. p95_trade_value,70000.0,22400.0,14.0,20.0,0.7,0.55,2. BELOW BASELINE,17.0,25.0,0.68
TSCO,Retail-Wholesale,Retail - Miscellaneous,25__0,25,0.0,7. p90_trade_value,21839.999999999996,12488.999999999998,15.0,25.0,0.6,0.55,2. BELOW BASELINE,32.0,50.0,0.64
TSCO,Retail-Wholesale,Retail - Miscellaneous,25__0,25,0.0,8. p75_trade_value,12348.0,7315.000000000001,43.0,74.0,0.581081081081081,0.55,2. BELOW BASELINE,75.0,124.0,0.6048387096774194
TXRH,Retail-Wholesale,Retail - Restaurants,30__1,30,1.0,1. p999999_trade_value,942911.9999999999,942911.9999999999,0.0,1.0,0.0,0.55,2. BELOW BASELINE,0.0,1.0,0.0
TXRH,Retail-Wholesale,Retail - Restaurants,30__1,30,1.0,5. p99_trade_value,455000.0,151196.99999999997,0.0,5.0,0.0,0.55,2. BELOW BASELINE,0.0,6.0,0.0
TXRH,Retail-Wholesale,Retail - Restaurants,30__1,30,1.0,6. p95_trade_value,138750.0,21460.0,15.0,23.0,0.6521739130434783,0.55,2. BELOW BASELINE,15.0,29.0,0.5172413793103449
TXRH,Retail-Wholesale,Retail - Restaurants,30__1,30,1.0,7. p90_trade_value,20700.0,13640.0,19.0,28.0,0.6785714285714286,0.55,2. BELOW BASELINE,34.0,57.0,0.5964912280701754
TXRH,Retail-Wholesale,Retail - Restaurants,30__1,30,1.0,8. p75_trade_value,13200.0,7123.0,42.0,86.0,0.4883720930232558,0.55,2. BELOW BASELINE,76.0,143.0,0.5314685314685315
TZOO,Retail-Wholesale,Internet - Commerce,5__0,5,0.0,2. p99999_trade_value,5799.999999999999,5799.999999999999,0.0,1.0,0.0,0.55,2. BELOW BASELINE,0.0,1.0,0.0
ULTA,Retail-Wholesale,Retail - Miscellaneous,40__3,40,3.0,1. p999999_trade_value,525000.0,525000.0,1.0,1.0,1.0,0.55,1. ABOVE BASELINE,1.0,1.0,1.0
ULTA,Retail-Wholesale,Retail - Miscellaneous,40__3,40,3.0,4. p999_trade_value,460570.0,205000.0,5.0,10.0,0.5,0.55,2. BELOW BASELINE,6.0,11.0,0.5454545454545454
ULTA,Retail-Wholesale,Retail - Miscellaneous,40__3,40,3.0,5. p99_trade_value,202130.00000000003,51500.0,33.0,80.0,0.4125,0.55,2. BELOW BASELINE,39.0,91.0,0.42857142857142855
ULTA,Retail-Wholesale,Retail - Miscellaneous,40__3,40,3.0,6. p95_trade_value,51255.00000000001,22799.999999999996,190.0,364.0,0.521978021978022,0.55,2. BELOW BASELINE,229.0,455.0,0.5032967032967033
ULTA,Retail-Wholesale,Retail - Miscellaneous,40__3,40,3.0,7. p90_trade_value,22770.0,14210.0,233.0,455.0,0.512087912087912,0.55,2. BELOW BASELINE,462.0,910.0,0.5076923076923077
ULTA,Retail-Wholesale,Retail - Miscellaneous,40__3,40,3.0,8. p75_trade_value,14200.0,7716.0,686.0,1364.0,0.5029325513196481,0.55,2. BELOW BASELINE,1148.0,2274.0,0.5048372911169745
URBN,Retail-Wholesale,Retail - Apparel and Shoes,30__1,30,1.0,1. p999999_trade_value,534720.0,534720.0,1.0,1.0,1.0,0.55,1. ABOVE BASELINE,1.0,1.0,1.0
URBN,Retail-Wholesale,Retail - Apparel and Shoes,30__1,30,1.0,5. p99_trade_value,340000.0,200000.0,5.0,7.0,0.7142857142857143,0.55,1. ABOVE BASELINE,6.0,8.0,0.75
URBN,Retail-Wholesale,Retail - Apparel and Shoes,30__1,30,1.0,6. p95_trade_value,186000.0,38400.0,18.0,32.0,0.5625,0.55,1. ABOVE BASELINE,24.0,40.0,0.6
URBN,Retail-Wholesale,Retail - Apparel and Shoes,30__1,30,1.0,7. p90_trade_value,37944.0,20800.0,26.0,39.0,0.6666666666666666,0.55,1. ABOVE BASELINE,50.0,79.0,0.6329113924050633
URBN,Retail-Wholesale,Retail - Apparel and Shoes,30__1,30,1.0,8. p75_trade_value,20580.0,8370.0,88.0,117.0,0.7521367521367521,0.55,1. ABOVE BASELINE,138.0,196.0,0.7040816326530612
VRA,Retail-Wholesale,Retail - Apparel and Shoes,5__0,5,0.0,1. p999999_trade_value,5000.0,5000.0,3.0,3.0,1.0,0.55,1. ABOVE BASELINE,3.0,3.0,1.0
VSCO,Retail-Wholesale,Retail - Apparel and Shoes,30__1,30,1.0,1. p999999_trade_value,375000.0,375000.0,0.0,1.0,0.0,0.55,2. BELOW BASELINE,0.0,1.0,0.0
VSCO,Retail-Wholesale,Retail - Apparel and Shoes,30__1,30,1.0,5. p99_trade_value,337500.0,118439.99999999999,2.0,9.0,0.2222222222222222,0.55,2. BELOW BASELINE,2.0,10.0,0.2
VSCO,Retail-Wholesale,Retail - Apparel and Shoes,30__1,30,1.0,6. p95_trade_value,115000.0,40000.0,15.0,38.0,0.39473684210526316,0.55,2. BELOW BASELINE,17.0,48.0,0.3541666666666667
VSCO,Retail-Wholesale,Retail - Apparel and Shoes,30__1,30,1.0,7. p90_trade_value,39600.0,19177.0,22.0,48.0,0.4583333333333333,0.55,2. BELOW BASELINE,39.0,96.0,0.40625
VSCO,Retail-Wholesale,Retail - Apparel and Shoes,30__1,30,1.0,8. p75_trade_value,19145.0,10032.0,67.0,143.0,0.46853146853146854,0.55,2. BELOW BASELINE,106.0,239.0,0.4435146443514644
VVV,Retail-Wholesale,Automotive - Retail and Wholesale - Parts,5__0,5,0.0,1. p999999_trade_value,6000.0,6000.0,1.0,1.0,1.0,0.55,1. ABOVE BASELINE,1.0,1.0,1.0
W,Retail-Wholesale,Internet - Commerce,35__2,35,2.0,1. p999999_trade_value,812700.0,812700.0,0.0,1.0,0.0,0.55,2. BELOW BASELINE,0.0,1.0,0.0
W,Retail-Wholesale,Internet - Commerce,35__2,35,2.0,4. p999_trade_value,751980.0,539784.0,3.0,4.0,0.75,0.55,2. BELOW BASELINE,3.0,5.0,0.6
W,Retail-Wholesale,Internet - Commerce,35__2,35,2.0,5. p99_trade_value,522252.00000000006,161250.0,17.0,36.0,0.4722222222222222,0.55,2. BELOW BASELINE,20.0,41.0,0.4878048780487805
W,Retail-Wholesale,Internet - Commerce,35__2,35,2.0,6. p95_trade_value,160500.0,31250.0,86.0,160.0,0.5375,0.55,2. BELOW BASELINE,106.0,201.0,0.527363184079602
W,Retail-Wholesale,Internet - Commerce,35__2,35,2.0,7. p90_trade_value,31208.0,17250.0,123.0,201.0,0.6119402985074627,0.55,2. BELOW BASELINE,229.0,402.0,0.5696517412935324
W,Retail-Wholesale,Internet - Commerce,35__2,35,2.0,8. p75_trade_value,17242.0,8575.0,325.0,603.0,0.538971807628524,0.55,2. BELOW BASELINE,554.0,1005.0,0.5512437810945273
WBA,Retail-Wholesale,Retail - Pharmacies and Drug Stores,30__2,30,2.0,1. p999999_trade_value,196000.0,196000.0,1.0,1.0,1.0,0.55,1. ABOVE BASELINE,1.0,1.0,1.0
WBA,Retail-Wholesale,Retail - Pharmacies and Drug Stores,30__2,30,2.0,4. p999_trade_value,145548.0,145548.0,1.0,1.0,1.0,0.55,1. ABOVE BASELINE,2.0,2.0,1.0
WBA,Retail-Wholesale,Retail - Pharmacies and Drug Stores,30__2,30,2.0,5. p99_trade_value,141792.0,55000.0,9.0,15.0,0.6,0.55,1. ABOVE BASELINE,11.0,17.0,0.6470588235294118
WBA,Retail-Wholesale,Retail - Pharmacies and Drug Stores,30__2,30,2.0,6. p95_trade_value,54240.0,20440.0,53.0,67.0,0.7910447761194029,0.55,1. ABOVE BASELINE,64.0,84.0,0.7619047619047619
WBA,Retail-Wholesale,Retail - Pharmacies and Drug Stores,30__2,30,2.0,7. p90_trade_value,20377.0,13440.0,60.0,85.0,0.7058823529411765,0.55,1. ABOVE BASELINE,124.0,169.0,0.7337278106508875
WBA,Retail-Wholesale,Retail - Pharmacies and Drug Stores,30__2,30,2.0,8. p75_trade_value,13394.999999999998,7755.000000000001,147.0,251.0,0.5856573705179283,0.55,1. ABOVE BASELINE,271.0,420.0,0.6452380952380953
WEN,Retail-Wholesale,Retail - Restaurants,20__0,20,0.0,1. p999999_trade_value,100000.0,100000.0,1.0,1.0,1.0,0.55,1. ABOVE BASELINE,1.0,1.0,1.0
WEN,Retail-Wholesale,Retail - Restaurants,20__0,20,0.0,6. p95_trade_value,70000.0,43471.0,3.0,3.0,1.0,0.55,1. ABOVE BASELINE,4.0,4.0,1.0
WEN,Retail-Wholesale,Retail - Restaurants,20__0,20,0.0,7. p90_trade_value,23405.999999999996,19920.0,3.0,3.0,1.0,0.55,1. ABOVE BASELINE,7.0,7.0,1.0
WEN,Retail-Wholesale,Retail - Restaurants,20__0,20,0.0,8. p75_trade_value,18144.000000000004,7350.0,8.0,11.0,0.7272727272727273,0.55,1. ABOVE BASELINE,15.0,18.0,0.8333333333333334
WING,Retail-Wholesale,Retail - Restaurants,35__1,35,1.0,1. p999999_trade_value,2000000.0,2000000.0,0.0,1.0,0.0,0.55,1. ABOVE BASELINE,0.0,1.0,0.0
WING,Retail-Wholesale,Retail - Restaurants,35__1,35,1.0,4. p999_trade_value,670680.0,670680.0,1.0,1.0,1.0,0.55,1. ABOVE BASELINE,1.0,2.0,0.5
WING,Retail-Wholesale,Retail - Restaurants,35__1,35,1.0,5. p99_trade_value,614999.9999999999,83835.0,8.0,17.0,0.47058823529411764,0.55,2. BELOW BASELINE,9.0,19.0,0.47368421052631576
WING,Retail-Wholesale,Retail - Restaurants,35__1,35,1.0,6. p95_trade_value,82075.0,24750.0,44.0,71.0,0.6197183098591549,0.55,2. BELOW BASELINE,53.0,90.0,0.5888888888888889
WING,Retail-Wholesale,Retail - Restaurants,35__1,35,1.0,7. p90_trade_value,24700.0,15010.0,60.0,90.0,0.6666666666666666,0.55,2. BELOW BASELINE,113.0,180.0,0.6277777777777778
WING,Retail-Wholesale,Retail - Restaurants,35__1,35,1.0,8. p75_trade_value,15000.0,8736.0,138.0,270.0,0.5111111111111111,0.55,2. BELOW BASELINE,251.0,450.0,0.5577777777777778
WKSP,Retail-Wholesale,Automotive - Retail and Whole Sales,0__2,0,2.0,1. p999999_trade_value,4140.000000000001,4140.000000000001,1.0,1.0,1.0,0.55,1. ABOVE BASELINE,1.0,1.0,1.0
WMT,Retail-Wholesale,Retail - Supermarkets,45__1,45,1.0,1. p999999_trade_value,1400000.0,1400000.0,1.0,1.0,1.0,0.55,2. BELOW BASELINE,1.0,1.0,1.0
WMT,Retail-Wholesale,Retail - Supermarkets,45__1,45,1.0,3. p9999_trade_value,1388610.0,1388610.0,0.0,1.0,0.0,0.55,2. BELOW BASELINE,1.0,2.0,0.5
WMT,Retail-Wholesale,Retail - Supermarkets,45__1,45,1.0,4. p999_trade_value,1037000.0,341366.0,11.0,18.0,0.6111111111111112,0.55,2. BELOW BASELINE,12.0,20.0,0.6
WMT,Retail-Wholesale,Retail - Supermarkets,45__1,45,1.0,5. p99_trade_value,317275.0,68363.00000000001,100.0,172.0,0.5813953488372093,0.55,2. BELOW BASELINE,112.0,192.0,0.5833333333333334
WMT,Retail-Wholesale,Retail - Supermarkets,45__1,45,1.0,6. p95_trade_value,68320.0,23400.0,434.0,766.0,0.566579634464752,0.55,2. BELOW BASELINE,546.0,958.0,0.569937369519833
WMT,Retail-Wholesale,Retail - Supermarkets,45__1,45,1.0,7. p90_trade_value,23375.0,14851.999999999998,575.0,954.0,0.6027253668763103,0.55,2. BELOW BASELINE,1121.0,1912.0,0.5862970711297071
WMT,Retail-Wholesale,Retail - Supermarkets,45__1,45,1.0,8. p75_trade_value,14850.0,8281.0,1695.0,2866.0,0.5914166085136078,0.55,2. BELOW BASELINE,2816.0,4778.0,0.5893679363750524
WOOF,Retail-Wholesale,Retail - Miscellaneous,15__0,15,0.0,1. p999999_trade_value,250000.0,250000.0,0.0,3.0,0.0,0.55,2. BELOW BASELINE,0.0,3.0,0.0
WOOF,Retail-Wholesale,Retail - Miscellaneous,15__0,15,0.0,7. p90_trade_value,145000.0,52500.0,2.0,3.0,0.6666666666666666,0.55,2. BELOW BASELINE,2.0,6.0,0.3333333333333333
WOOF,Retail-Wholesale,Retail - Miscellaneous,15__0,15,0.0,8. p75_trade_value,23100.0,10170.0,7.0,8.0,0.875,0.55,2. BELOW BASELINE,9.0,14.0,0.6428571428571429
WSM,Retail-Wholesale,Retail - Home Furnishings,35__2,35,2.0,1. p999999_trade_value,500000.0,500000.0,1.0,1.0,1.0,0.55,1. ABOVE BASELINE,1.0,1.0,1.0
WSM,Retail-Wholesale,Retail - Home Furnishings,35__2,35,2.0,4. p999_trade_value,380000.0,362000.0,2.0,2.0,1.0,0.55,1. ABOVE BASELINE,3.0,3.0,1.0
WSM,Retail-Wholesale,Retail - Home Furnishings,35__2,35,2.0,5. p99_trade_value,348753.0,130000.0,9.0,22.0,0.4090909090909091,0.55,2. BELOW BASELINE,12.0,25.0,0.48
WSM,Retail-Wholesale,Retail - Home Furnishings,35__2,35,2.0,6. p95_trade_value,124000.0,25200.0,58.0,99.0,0.5858585858585859,0.55,2. BELOW BASELINE,70.0,124.0,0.5645161290322581
WSM,Retail-Wholesale,Retail - Home Furnishings,35__2,35,2.0,7. p90_trade_value,25187.0,16800.0,66.0,120.0,0.55,0.55,2. BELOW BASELINE,136.0,244.0,0.5573770491803278
WSM,Retail-Wholesale,Retail - Home Furnishings,35__2,35,2.0,8. p75_trade_value,16640.0,9000.0,212.0,369.0,0.5745257452574526,0.55,2. BELOW BASELINE,348.0,613.0,0.567699836867863
YUM,Retail-Wholesale,Retail - Restaurants,25__0,25,0.0,1. p999999_trade_value,330000.0,330000.0,1.0,1.0,1.0,0.55,1. ABOVE BASELINE,1.0,1.0,1.0
YUM,Retail-Wholesale,Retail - Restaurants,25__0,25,0.0,5. p99_trade_value,105000.0,76800.0,1.0,3.0,0.3333333333333333,0.55,2. BELOW BASELINE,2.0,4.0,0.5
YUM,Retail-Wholesale,Retail - Restaurants,25__0,25,0.0,6. p95_trade_value,64000.0,22989.999999999996,6.0,13.0,0.46153846153846156,0.55,2. BELOW BASELINE,8.0,17.0,0.47058823529411764
YUM,Retail-Wholesale,Retail - Restaurants,25__0,25,0.0,7. p90_trade_value,22895.0,12610.0,8.0,16.0,0.5,0.55,2. BELOW BASELINE,16.0,33.0,0.48484848484848486
YUM,Retail-Wholesale,Retail - Restaurants,25__0,25,0.0,8. p75_trade_value,12500.0,7564.999999999999,24.0,48.0,0.5,0.55,2. BELOW BASELINE,40.0,81.0,0.49382716049382713
YUMC,Retail-Wholesale,Retail - Restaurants,25__0,25,0.0,1. p999999_trade_value,280000.0,280000.0,1.0,1.0,1.0,0.55,1. ABOVE BASELINE,1.0,1.0,1.0
YUMC,Retail-Wholesale,Retail - Restaurants,25__0,25,0.0,5. p99_trade_value,110000.0,97500.0,2.0,3.0,0.6666666666666666,0.55,1. ABOVE BASELINE,3.0,4.0,0.75
YUMC,Retail-Wholesale,Retail - Restaurants,25__0,25,0.0,6. p95_trade_value,75000.0,28000.0,6.0,13.0,0.46153846153846156,0.55,2. BELOW BASELINE,9.0,17.0,0.5294117647058824
YUMC,Retail-Wholesale,Retail - Restaurants,25__0,25,0.0,7. p90_trade_value,27695.0,14960.000000000002,12.0,17.0,0.7058823529411765,0.55,2. BELOW BASELINE,21.0,34.0,0.6176470588235294
YUMC,Retail-Wholesale,Retail - Restaurants,25__0,25,0.0,8. p75_trade_value,14000.0,8505.0,31.0,49.0,0.6326530612244898,0.55,2. BELOW BASELINE,52.0,83.0,0.6265060240963856
ZUMZ,Retail-Wholesale,Retail - Apparel and Shoes,5__3,5,3.0,1. p999999_trade_value,21250.0,21250.0,1.0,1.0,1.0,0.55,1. ABOVE BASELINE,1.0,1.0,1.0
ZUMZ,Retail-Wholesale,Retail - Apparel and Shoes,5__3,5,3.0,8. p75_trade_value,4750.0,4750.0,0.0,1.0,0.0,0.55,2. BELOW BASELINE,1.0,2.0,0.5
