security,sector,industry,final_cluster,trade_volume_bin,cluster,trade_value_category,category_minimum,categiry_maximum,option_ticker,security_1,option_type,strike_price,expiration,conditions,correction,exchange,price,sip_timestamp,size,trade_value,data_date,option_condition_name,sector_1,industry_1,securty_open,security_high,security_low,security_close,trade_rank,trade_value_log10,trade_value_bin,itm,itm_expiration_day,itm_expriation_close,otm
AIRS,Business Services,Technology Services,0__0,0,0.0,1. p999999_trade_value,10500.0,10500.0,O:AIRS241220C00007000,AIRS,C,7.0,2024-12-20,209,0,308,0.35,1732894178163000000,300,10500.0,2024-11-29,Automatic Execution,Business Services,Technology Services,6.64,6.97,6.64,6.83,1,4.021189299069938,1,1,0,0,0
ALLT,Business Services,Technology Services,15__0,15,0.0,8. p75_trade_value,10050.0,10800.0,O:ALLT250321C00007500,ALLT,C,7.5,2025-03-21,209,0,325,0.72,1740068336082000000,150,10800.0,2025-02-20,Automatic Execution,Business Services,Technology Services,7.29,7.43,7.06,7.14,3,4.033423755486949,3,1,0,0,0
ALLT,Business Services,Technology Services,15__0,15,0.0,8. p75_trade_value,10050.0,10800.0,O:ALLT250321C00007500,ALLT,C,7.5,2025-03-21,209,0,325,0.72,1740068336082000000,150,10800.0,2025-02-20,Automatic Execution,Business Services,Technology Services,7.29,7.43,7.06,7.14,4,4.033423755486949,4,1,0,0,0
ALLT,Business Services,Technology Services,15__0,15,0.0,8. p75_trade_value,10050.0,10800.0,O:ALLT250321C00007500,ALLT,C,7.5,2025-03-21,209,0,309,0.75,1740070571481000000,134,10050.0,2025-02-20,Automatic Execution,Business Services,Technology Services,7.29,7.43,7.06,7.14,5,4.002166061756507,5,1,0,0,0
ALLT,Business Services,Technology Services,15__0,15,0.0,1. p999999_trade_value,13800.0,13800.0,O:ALLT250321C00007500,ALLT,C,7.5,2025-03-21,227,0,323,0.46,1740420286401000000,300,13800.0,2025-02-24,Single Leg Auction Non ISO,Business Services,Technology Services,6.71,6.86,6.37,6.61,1,4.139879086401237,1,1,0,0,0
ALLT,Business Services,Technology Services,15__0,15,0.0,7. p90_trade_value,11046.0,11046.0,O:ALLT250516C00007500,ALLT,C,7.5,2025-05-16,209,0,325,0.14,1746538509149000000,789,11046.0,2025-05-06,Automatic Execution,Business Services,Technology Services,5.78,6.08,5.605,5.995,2,4.043205038887658,2,1,1,1,0
AMPL,Business Services,Technology Services,15__0,15,0.0,1. p999999_trade_value,150000.0,150000.0,O:AMPL250516C00010000,AMPL,C,10.0,2025-05-16,231,0,301,0.6,1746462938561000000,2500,150000.0,2025-05-05,Single Leg Floor Trade,Business Services,Technology Services,9.25,9.64,9.25,9.42,1,5.176091259055681,1,1,1,1,0
AMPX,Business Services,Technology Services,15__0,15,0.0,1. p999999_trade_value,16410.0,16410.0,O:AMPX250221P00003000,AMPX,P,3.0,2025-02-21,209,0,302,0.3,1737733046145000000,547,16410.0,2025-01-24,Automatic Execution,Business Services,Technology Services,3.36,3.93,3.29,3.64,1,4.2151085810530935,1,1,1,1,0
APG,Business Services,Business - Services,15__0,15,0.0,7. p90_trade_value,4590.0,4590.0,O:APG250321P00038000,APG,P,38.0,2025-03-21,232,0,302,0.9,1740163581966000000,51,4590.0,2025-02-21,Multi Leg auto-electronic trade,Business Services,Business - Services,41.24,41.31,39.37,39.79,3,3.661812685537261,2,1,1,1,0
APG,Business Services,Business - Services,15__0,15,0.0,6. p95_trade_value,4900.0,4900.0,O:APG250321P00038000,APG,P,38.0,2025-03-21,232,0,301,0.98,1740168058148000000,50,4900.0,2025-02-21,Multi Leg auto-electronic trade,Business Services,Business - Services,41.24,41.31,39.37,39.79,2,3.690196080028514,1,1,1,1,0
APG,Business Services,Business - Services,15__0,15,0.0,1. p999999_trade_value,7000.0,7000.0,O:APG250516C00041000,APG,C,41.0,2025-05-16,233,0,312,0.14,1745588261233000000,500,7000.0,2025-04-25,Multi Leg Auction,Business Services,Business - Services,37.38,37.98,36.95,37.44,1,3.845098040014257,1,1,1,1,0
APP,Business Services,Technology Services,50__2,50,2.0,4. p999_trade_value,392035.00000000006,2136700.0,O:APP241122C00300000,APP,C,300.0,2024-11-22,209,0,308,9.4,1731094846868000000,499,469060.00000000006,2024-11-08,Automatic Execution,Business Services,Technology Services,249.09,292.86,243.25,290.01,90,5.6712283992230885,1,1,1,1,0
APP,Business Services,Technology Services,50__2,50,2.0,4. p999_trade_value,392035.00000000006,2136700.0,O:APP241122C00300000,APP,C,300.0,2024-11-22,209,0,308,9.4,1731093633459000000,500,470000.0,2024-11-08,Automatic Execution,Business Services,Technology Services,249.09,292.86,243.25,290.01,89,5.672097857935717,1,1,1,1,0
APP,Business Services,Technology Services,50__2,50,2.0,4. p999_trade_value,392035.00000000006,2136700.0,O:APP241122C00300000,APP,C,300.0,2024-11-22,209,0,303,9.8,1731093359775000000,499,489020.00000000006,2024-11-08,Automatic Execution,Business Services,Technology Services,249.09,292.86,243.25,290.01,80,5.689326621315884,1,1,1,1,0
APP,Business Services,Technology Services,50__2,50,2.0,4. p999_trade_value,392035.00000000006,2136700.0,O:APP241122C00300000,APP,C,300.0,2024-11-22,209,0,325,9.4,1731091790853000000,449,422060.00000000006,2024-11-08,Automatic Execution,Business Services,Technology Services,249.09,292.86,243.25,290.01,102,5.625374194603022,1,1,1,1,0
APP,Business Services,Technology Services,50__2,50,2.0,4. p999_trade_value,392035.00000000006,2136700.0,O:APP241122C00300000,APP,C,300.0,2024-11-22,209,0,308,14.0,1731099377608000000,497,695800.0,2024-11-08,Automatic Execution,Business Services,Technology Services,249.09,292.86,243.25,290.01,53,5.842484424411571,1,1,1,1,0
APP,Business Services,Technology Services,50__2,50,2.0,4. p999_trade_value,392035.00000000006,2136700.0,O:APP241115P00250000,APP,P,250.0,2024-11-15,234,0,313,1.15,1731345948169000000,4000,460000.0,2024-11-11,Multi Leg Cross,Business Services,Technology Services,291.12,292.05,263.26,286.43,94,5.662757831681574,1,0,0,0,1
APP,Business Services,Technology Services,50__2,50,2.0,4. p999_trade_value,392035.00000000006,2136700.0,O:APP241220C00350000,APP,C,350.0,2024-12-20,235,0,301,18.9,1732114361651000000,621,1173690.0,2024-11-20,Multi Leg floor trade,Business Services,Technology Services,327.66,342.507,319.52,325.22,27,6.069553404349825,1,1,0,0,0
APP,Business Services,Technology Services,50__2,50,2.0,4. p999_trade_value,392035.00000000006,2136700.0,O:APP241220C00360000,APP,C,360.0,2024-12-20,235,0,301,21.8,1732122392393000000,375,817500.0,2024-11-20,Multi Leg floor trade,Business Services,Technology Services,327.66,342.507,319.52,325.22,39,5.912487761332324,1,1,0,0,0
APP,Business Services,Technology Services,50__2,50,2.0,4. p999_trade_value,392035.00000000006,2136700.0,O:APP241220C00360000,APP,C,360.0,2024-12-20,235,0,301,16.5,1732114361651000000,621,1024650.0,2024-11-20,Multi Leg floor trade,Business Services,Technology Services,327.66,342.507,319.52,325.22,34,6.010575544390487,1,1,0,0,0
APP,Business Services,Technology Services,50__2,50,2.0,4. p999_trade_value,392035.00000000006,2136700.0,O:APP241220C00350000,APP,C,350.0,2024-12-20,209,0,308,21.0,1732545409973000000,367,770700.0,2024-11-25,Automatic Execution,Business Services,Technology Services,344.0,344.77,317.86,319.59,43,5.886885358986008,1,1,0,0,0
APP,Business Services,Technology Services,50__2,50,2.0,4. p999_trade_value,392035.00000000006,2136700.0,O:APP241220C00350000,APP,C,350.0,2024-12-20,209,0,308,21.0,1732545409963000000,632,1327200.0,2024-11-25,Automatic Execution,Business Services,Technology Services,344.0,344.77,317.86,319.59,21,6.122936373016304,1,1,0,0,0
APP,Business Services,Technology Services,50__2,50,2.0,4. p999_trade_value,392035.00000000006,2136700.0,O:APP241220C00350000,APP,C,350.0,2024-12-20,209,0,313,21.0,1732546446941000000,498,1045800.0,2024-11-25,Automatic Execution,Business Services,Technology Services,344.0,344.77,317.86,319.59,32,6.019448637493637,1,1,0,0,0
APP,Business Services,Technology Services,50__2,50,2.0,4. p999_trade_value,392035.00000000006,2136700.0,O:APP241220C00420000,APP,C,420.0,2024-12-20,235,0,301,8.4,1733241693022000000,897,753480.0,2024-12-03,Multi Leg floor trade,Business Services,Technology Services,338.0,372.57,338.0,366.55,46,5.877071729105974,1,0,0,0,1
APP,Business Services,Technology Services,50__2,50,2.0,4. p999_trade_value,392035.00000000006,2136700.0,O:APP241227C00450000,APP,C,450.0,2024-12-27,232,0,322,17.91,1733516539528000000,370,662670.0,2024-12-06,Multi Leg auto-electronic trade,Business Services,Technology Services,382.88,417.635,378.0,401.5,57,5.821297309916027,1,0,0,0,1
APP,Business Services,Technology Services,50__2,50,2.0,4. p999_trade_value,392035.00000000006,2136700.0,O:APP250117C00380000,APP,C,380.0,2025-01-17,231,0,323,10.0,1734979814223000000,450,450000.0,2024-12-23,Single Leg Floor Trade,Business Services,Technology Services,347.605,350.2,331.5401,344.82,98,5.653212513775344,1,0,0,0,1
APP,Business Services,Technology Services,50__2,50,2.0,4. p999_trade_value,392035.00000000006,2136700.0,O:APP250110P00330000,APP,P,330.0,2025-01-10,209,0,320,9.4,1735244482436000000,500,470000.0,2024-12-26,Automatic Execution,Business Services,Technology Services,341.35,350.2358,336.35,346.73,88,5.672097857935717,1,1,1,1,0
APP,Business Services,Technology Services,50__2,50,2.0,4. p999_trade_value,392035.00000000006,2136700.0,O:APP250117C00370000,APP,C,370.0,2025-01-17,231,0,300,12.0,1736173984321000000,500,600000.0,2025-01-06,Single Leg Floor Trade,Business Services,Technology Services,358.88,362.45,346.04,354.93,61,5.778151250383644,1,0,0,0,1
APP,Business Services,Technology Services,50__2,50,2.0,4. p999_trade_value,392035.00000000006,2136700.0,O:APP250117C00380000,APP,C,380.0,2025-01-17,231,0,300,7.0,1736174019711000000,1294,905800.0,2025-01-06,Single Leg Floor Trade,Business Services,Technology Services,358.88,362.45,346.04,354.93,36,5.957032316346939,1,0,0,0,1
APP,Business Services,Technology Services,50__2,50,2.0,4. p999_trade_value,392035.00000000006,2136700.0,O:APP250214C00380000,APP,C,380.0,2025-02-14,209,0,309,31.6,1737559869965000000,152,480320.0,2025-01-22,Automatic Execution,Business Services,Technology Services,345.0,371.7742,343.18,361.72,83,5.681530670563176,1,1,1,1,0
APP,Business Services,Technology Services,50__2,50,2.0,4. p999_trade_value,392035.00000000006,2136700.0,O:APP250221C00390000,APP,C,390.0,2025-02-21,232,0,313,27.58,1737737621255000000,200,551600.0,2025-01-24,Multi Leg auto-electronic trade,Business Services,Technology Services,364.3,368.85,360.6,363.1,70,5.741624257503812,1,1,1,1,0
APP,Business Services,Technology Services,50__2,50,2.0,4. p999_trade_value,392035.00000000006,2136700.0,O:APP250221C00400000,APP,C,400.0,2025-02-21,232,0,308,24.35,1738084655567000000,161,392035.00000000006,2025-01-28,Multi Leg auto-electronic trade,Business Services,Technology Services,347.63,368.38,342.08,360.75,111,5.593324841582503,1,1,1,1,0
APP,Business Services,Technology Services,50__2,50,2.0,4. p999_trade_value,392035.00000000006,2136700.0,O:APP250221C00380000,APP,C,380.0,2025-02-21,227,0,323,35.23,1738334671521000000,170,598910.0,2025-01-31,Single Leg Auction Non ISO,Business Services,Technology Services,371.04,379.0,364.5,369.59,62,5.777361564559516,1,1,1,1,0
APP,Business Services,Technology Services,50__2,50,2.0,4. p999_trade_value,392035.00000000006,2136700.0,O:APP250221C00390000,APP,C,390.0,2025-02-21,231,0,323,33.1,1738338463894000000,295,976450.0,2025-01-31,Single Leg Floor Trade,Business Services,Technology Services,371.04,379.0,364.5,369.59,35,5.989650009753881,1,1,1,1,0
APP,Business Services,Technology Services,50__2,50,2.0,4. p999_trade_value,392035.00000000006,2136700.0,O:APP250221C00400000,APP,C,400.0,2025-02-21,209,0,315,29.9,1738680247582000000,200,598000.0,2025-02-04,Automatic Execution,Business Services,Technology Services,373.77,390.68,370.75,380.26,63,5.776701183988411,1,1,1,1,0
APP,Business Services,Technology Services,50__2,50,2.0,4. p999_trade_value,392035.00000000006,2136700.0,O:APP250221C00400000,APP,C,400.0,2025-02-21,209,0,320,29.9,1738680247605000000,173,517270.0,2025-02-04,Automatic Execution,Business Services,Technology Services,373.77,390.68,370.75,380.26,77,5.713717291453225,1,1,1,1,0
APP,Business Services,Technology Services,50__2,50,2.0,4. p999_trade_value,392035.00000000006,2136700.0,O:APP250221C00400000,APP,C,400.0,2025-02-21,209,0,323,29.9,1738680247629000000,190,568100.0,2025-02-04,Automatic Execution,Business Services,Technology Services,373.77,390.68,370.75,380.26,67,5.754424789277259,1,1,1,1,0
APP,Business Services,Technology Services,50__2,50,2.0,4. p999_trade_value,392035.00000000006,2136700.0,O:APP250221C00400000,APP,C,400.0,2025-02-21,209,0,322,29.9,1738680377996000000,180,538200.0,2025-02-04,Automatic Execution,Business Services,Technology Services,373.77,390.68,370.75,380.26,72,5.730943693427736,1,1,1,1,0
APP,Business Services,Technology Services,50__2,50,2.0,3. p9999_trade_value,2145000.0,4357820.0,O:APP250221C00400000,APP,C,400.0,2025-02-21,209,0,303,30.0,1738679830011000000,715,2145000.0,2025-02-04,Automatic Execution,Business Services,Technology Services,373.77,390.68,370.75,380.26,12,6.331427296520743,1,1,1,1,0
APP,Business Services,Technology Services,50__2,50,2.0,4. p999_trade_value,392035.00000000006,2136700.0,O:APP250221C00400000,APP,C,400.0,2025-02-21,227,0,302,28.4,1738770013625000000,398,1130320.0,2025-02-05,Single Leg Auction Non ISO,Business Services,Technology Services,377.37,378.65,363.0101,368.27,29,6.053201412120726,1,1,1,1,0
APP,Business Services,Technology Services,50__2,50,2.0,4. p999_trade_value,392035.00000000006,2136700.0,O:APP250221C00400000,APP,C,400.0,2025-02-21,209,0,323,28.4,1738769820638000000,365,1036600.0,2025-02-05,Automatic Execution,Business Services,Technology Services,377.37,378.65,363.0101,368.27,33,6.015611204503513,1,1,1,1,0
APP,Business Services,Technology Services,50__2,50,2.0,4. p999_trade_value,392035.00000000006,2136700.0,O:APP250221C00400000,APP,C,400.0,2025-02-21,209,0,308,27.7,1738768949428000000,174,481980.0,2025-02-05,Automatic Execution,Business Services,Technology Services,377.37,378.65,363.0101,368.27,82,5.683029017347049,1,1,1,1,0
APP,Business Services,Technology Services,50__2,50,2.0,4. p999_trade_value,392035.00000000006,2136700.0,O:APP250221C00400000,APP,C,400.0,2025-02-21,209,0,308,27.7,1738772418330000000,389,1077530.0,2025-02-05,Automatic Execution,Business Services,Technology Services,377.37,378.65,363.0101,368.27,31,6.032429370390156,1,1,1,1,0
APP,Business Services,Technology Services,50__2,50,2.0,4. p999_trade_value,392035.00000000006,2136700.0,O:APP250221C00430000,APP,C,430.0,2025-02-21,209,0,302,21.7,1738943061515000000,972,2109240.0,2025-02-07,Automatic Execution,Business Services,Technology Services,385.88,393.63,374.58,375.72,14,6.324125998774804,1,1,1,0,0
APP,Business Services,Technology Services,50__2,50,2.0,4. p999_trade_value,392035.00000000006,2136700.0,O:APP250221C00430000,APP,C,430.0,2025-02-21,209,0,320,22.8,1738939677587000000,200,456000.0,2025-02-07,Automatic Execution,Business Services,Technology Services,385.88,393.63,374.58,375.72,97,5.658964842664435,1,1,1,0,0
APP,Business Services,Technology Services,50__2,50,2.0,4. p999_trade_value,392035.00000000006,2136700.0,O:APP250221C00430000,APP,C,430.0,2025-02-21,227,0,300,22.4,1738939528398000000,687,1538880.0,2025-02-07,Single Leg Auction Non ISO,Business Services,Technology Services,385.88,393.63,374.58,375.72,17,6.187204755393713,1,1,1,0,0
APP,Business Services,Technology Services,50__2,50,2.0,4. p999_trade_value,392035.00000000006,2136700.0,O:APP250221C00430000,APP,C,430.0,2025-02-21,209,0,320,22.8,1738939677617000000,200,456000.0,2025-02-07,Automatic Execution,Business Services,Technology Services,385.88,393.63,374.58,375.72,96,5.658964842664435,1,1,1,0,0
APP,Business Services,Technology Services,50__2,50,2.0,4. p999_trade_value,392035.00000000006,2136700.0,O:APP250221C00430000,APP,C,430.0,2025-02-21,209,0,323,22.8,1738939677622000000,190,433200.0,2025-02-07,Automatic Execution,Business Services,Technology Services,385.88,393.63,374.58,375.72,100,5.636688447953283,1,1,1,0,0
APP,Business Services,Technology Services,50__2,50,2.0,4. p999_trade_value,392035.00000000006,2136700.0,O:APP250221C00430000,APP,C,430.0,2025-02-21,209,0,315,22.4,1738939528293000000,299,669760.0,2025-02-07,Automatic Execution,Business Services,Technology Services,385.88,393.63,374.58,375.72,56,5.825919206658592,1,1,1,0,0
APP,Business Services,Technology Services,50__2,50,2.0,3. p9999_trade_value,2145000.0,4357820.0,O:APP250221C00430000,APP,C,430.0,2025-02-21,209,0,308,22.8,1738940224449000000,997,2273160.0,2025-02-07,Automatic Execution,Business Services,Technology Services,385.88,393.63,374.58,375.72,9,6.35663000531211,1,1,1,0,0
APP,Business Services,Technology Services,50__2,50,2.0,4. p999_trade_value,392035.00000000006,2136700.0,O:APP250221C00400000,APP,C,400.0,2025-02-21,231,0,302,30.64,1739204613638000000,150,459600.0,2025-02-10,Single Leg Floor Trade,Business Services,Technology Services,387.2,396.615,373.2,384.4,95,5.662380020016248,1,1,1,1,0
APP,Business Services,Technology Services,50__2,50,2.0,4. p999_trade_value,392035.00000000006,2136700.0,O:APP250221C00415000,APP,C,415.0,2025-02-21,232,0,313,26.2,1739219081856000000,225,589500.0,2025-02-10,Multi Leg auto-electronic trade,Business Services,Technology Services,387.2,396.615,373.2,384.4,64,5.7704838094311075,1,1,1,1,0
APP,Business Services,Technology Services,50__2,50,2.0,4. p999_trade_value,392035.00000000006,2136700.0,O:APP250214C00400000,APP,C,400.0,2025-02-14,209,0,320,25.3,1739392765169000000,183,462990.00000000006,2025-02-12,Automatic Execution,Business Services,Technology Services,375.93,390.21,372.003,380.32,92,5.665571610906247,1,1,1,1,0
APP,Business Services,Technology Services,50__2,50,2.0,4. p999_trade_value,392035.00000000006,2136700.0,O:APP250214C00450000,APP,C,450.0,2025-02-14,235,0,301,10.67,1739393493992000000,500,533500.0,2025-02-12,Multi Leg floor trade,Business Services,Technology Services,375.93,390.21,372.003,380.32,73,5.727134423760488,1,1,1,1,0
APP,Business Services,Technology Services,50__2,50,2.0,4. p999_trade_value,392035.00000000006,2136700.0,O:APP250221C00440000,APP,C,440.0,2025-02-21,235,0,323,15.2,1739372815528000000,750,1140000.0,2025-02-12,Multi Leg floor trade,Business Services,Technology Services,375.93,390.21,372.003,380.32,28,6.056904851336473,1,1,1,0,0
APP,Business Services,Technology Services,50__2,50,2.0,4. p999_trade_value,392035.00000000006,2136700.0,O:APP250221P00320000,APP,P,320.0,2025-02-21,235,0,323,10.0,1739372815528000000,750,750000.0,2025-02-12,Multi Leg floor trade,Business Services,Technology Services,375.93,390.21,372.003,380.32,47,5.8750612633917,1,0,0,0,1
APP,Business Services,Technology Services,50__2,50,2.0,4. p999_trade_value,392035.00000000006,2136700.0,O:APP250314C00540000,APP,C,540.0,2025-03-14,232,0,313,29.95,1739459511976000000,396,1186020.0,2025-02-13,Multi Leg auto-electronic trade,Business Services,Technology Services,499.34,525.15,449.0,471.67,26,6.074092012650842,1,0,0,0,1
APP,Business Services,Technology Services,50__2,50,2.0,4. p999_trade_value,392035.00000000006,2136700.0,O:APP250314C00550000,APP,C,550.0,2025-03-14,232,0,313,25.65,1739457745473000000,200,513000.0,2025-02-13,Multi Leg auto-electronic trade,Business Services,Technology Services,499.34,525.15,449.0,471.67,78,5.710117365111817,1,0,0,0,1
APP,Business Services,Technology Services,50__2,50,2.0,4. p999_trade_value,392035.00000000006,2136700.0,O:APP250314C00550000,APP,C,550.0,2025-03-14,232,0,313,10.98,1739478341587000000,400,439200.0,2025-02-13,Multi Leg auto-electronic trade,Business Services,Technology Services,499.34,525.15,449.0,471.67,99,5.642662331442035,1,0,0,0,1
APP,Business Services,Technology Services,50__2,50,2.0,4. p999_trade_value,392035.00000000006,2136700.0,O:APP250314C00550000,APP,C,550.0,2025-03-14,232,0,313,24.73,1739457762060000000,162,400626.0,2025-02-13,Multi Leg auto-electronic trade,Business Services,Technology Services,499.34,525.15,449.0,471.67,108,5.602739130903928,1,0,0,0,1
APP,Business Services,Technology Services,50__2,50,2.0,4. p999_trade_value,392035.00000000006,2136700.0,O:APP250314C00520000,APP,C,520.0,2025-03-14,232,0,313,25.45,1739545930310000000,250,636250.0,2025-02-14,Multi Leg auto-electronic trade,Business Services,Technology Services,473.56,516.99,462.8,510.13,60,5.803627795344815,1,0,0,0,1
APP,Business Services,Technology Services,50__2,50,2.0,4. p999_trade_value,392035.00000000006,2136700.0,O:APP250314C00530000,APP,C,530.0,2025-03-14,209,0,308,25.0,1739897037716000000,299,747500.0,2025-02-18,Automatic Execution,Business Services,Technology Services,514.1,519.79,487.99,496.0,48,5.8736111969964675,1,0,0,0,1
APP,Business Services,Technology Services,50__2,50,2.0,4. p999_trade_value,392035.00000000006,2136700.0,O:APP250314C00530000,APP,C,530.0,2025-03-14,209,0,308,25.0,1739897037690000000,697,1742500.0,2025-02-18,Automatic Execution,Business Services,Technology Services,514.1,519.79,487.99,496.0,15,6.241172786770047,1,0,0,0,1
APP,Business Services,Technology Services,50__2,50,2.0,4. p999_trade_value,392035.00000000006,2136700.0,O:APP250314C00540000,APP,C,540.0,2025-03-14,209,0,320,28.0,1739890854145000000,500,1400000.0,2025-02-18,Automatic Execution,Business Services,Technology Services,514.1,519.79,487.99,496.0,19,6.146128035678238,1,0,0,0,1
APP,Business Services,Technology Services,50__2,50,2.0,3. p9999_trade_value,2145000.0,4357820.0,O:APP250314C00540000,APP,C,540.0,2025-03-14,209,0,308,28.0,1739890395967000000,999,2797200.0,2025-02-18,Automatic Execution,Business Services,Technology Services,514.1,519.79,487.99,496.0,7,6.446723519568201,1,0,0,0,1
APP,Business Services,Technology Services,50__2,50,2.0,4. p999_trade_value,392035.00000000006,2136700.0,O:APP250228P00470000,APP,P,470.0,2025-02-28,232,0,300,11.57,1739982075818000000,400,462800.0,2025-02-19,Multi Leg auto-electronic trade,Business Services,Technology Services,502.74,507.0,481.12,494.17,93,5.665393350279712,1,1,1,1,0
APP,Business Services,Technology Services,50__2,50,2.0,4. p999_trade_value,392035.00000000006,2136700.0,O:APP250321P00420000,APP,P,420.0,2025-03-21,242,0,300,28.75,1740076708670000000,250,718750.0,2025-02-20,Stock Options floor trade,Business Services,Technology Services,488.91,494.54,427.13005,450.01,52,5.856577857697687,1,1,1,1,0
APP,Business Services,Technology Services,50__2,50,2.0,4. p999_trade_value,392035.00000000006,2136700.0,O:APP250314C00480000,APP,C,480.0,2025-03-14,209,0,323,23.0,1740149428400000000,929,2136700.0,2025-02-21,Automatic Execution,Business Services,Technology Services,452.77,456.76,412.185,415.31,13,6.3297435500112345,1,0,0,0,1
APP,Business Services,Technology Services,50__2,50,2.0,4. p999_trade_value,392035.00000000006,2136700.0,O:APP250314C00480000,APP,C,480.0,2025-03-14,209,0,303,24.0,1740148423518000000,200,480000.0,2025-02-21,Automatic Execution,Business Services,Technology Services,452.77,456.76,412.185,415.31,85,5.681241237375588,1,0,0,0,1
APP,Business Services,Technology Services,50__2,50,2.0,4. p999_trade_value,392035.00000000006,2136700.0,O:APP250314C00480000,APP,C,480.0,2025-03-14,209,0,300,24.0,1740148418442000000,199,477600.0,2025-02-21,Automatic Execution,Business Services,Technology Services,452.77,456.76,412.185,415.31,86,5.679064318121313,1,0,0,0,1
APP,Business Services,Technology Services,50__2,50,2.0,4. p999_trade_value,392035.00000000006,2136700.0,O:APP250314C00480000,APP,C,480.0,2025-03-14,209,0,320,24.0,1740148423613000000,200,480000.0,2025-02-21,Automatic Execution,Business Services,Technology Services,452.77,456.76,412.185,415.31,84,5.681241237375588,1,0,0,0,1
APP,Business Services,Technology Services,50__2,50,2.0,4. p999_trade_value,392035.00000000006,2136700.0,O:APP250307C00450000,APP,C,450.0,2025-03-07,209,0,308,17.0,1740408198426000000,1000,1700000.0,2025-02-24,Automatic Execution,Business Services,Technology Services,411.86,426.49,395.01,410.45,16,6.230448921378274,1,0,0,0,1
APP,Business Services,Technology Services,50__2,50,2.0,4. p999_trade_value,392035.00000000006,2136700.0,O:APP250307C00450000,APP,C,450.0,2025-03-07,209,0,315,16.7,1740408322051000000,249,415830.0,2025-02-24,Automatic Execution,Business Services,Technology Services,411.86,426.49,395.01,410.45,103,5.61891581824332,1,0,0,0,1
APP,Business Services,Technology Services,50__2,50,2.0,4. p999_trade_value,392035.00000000006,2136700.0,O:APP250321P00360000,APP,P,360.0,2025-03-21,209,0,308,26.0,1740502600791000000,496,1289600.0,2025-02-25,Automatic Execution,Business Services,Technology Services,406.7,406.7,367.12,377.06,22,6.110455024461015,1,1,1,1,0
APP,Business Services,Technology Services,50__2,50,2.0,4. p999_trade_value,392035.00000000006,2136700.0,O:APP250321C00350000,APP,C,350.0,2025-03-21,232,0,304,23.38,1740593974483000000,199,465262.0,2025-02-26,Multi Leg auto-electronic trade,Business Services,Technology Services,328.47,343.1699,288.915,331.0,91,5.667697583235528,1,1,0,0,0
APP,Business Services,Technology Services,50__2,50,2.0,4. p999_trade_value,392035.00000000006,2136700.0,O:APP250328P00250000,APP,P,250.0,2025-03-28,209,0,325,16.2,1740583141385000000,450,729000.0,2025-02-26,Automatic Execution,Business Services,Technology Services,328.47,343.1699,288.915,331.0,51,5.862727528317975,1,1,0,0,0
APP,Business Services,Technology Services,50__2,50,2.0,4. p999_trade_value,392035.00000000006,2136700.0,O:APP250328P00300000,APP,P,300.0,2025-03-28,209,0,323,18.2,1740773352908000000,494,899079.9999999999,2025-02-28,Automatic Execution,Business Services,Technology Services,313.0,331.56,306.1,325.74,37,5.953798336908721,1,1,1,1,0
APP,Business Services,Technology Services,50__2,50,2.0,4. p999_trade_value,392035.00000000006,2136700.0,O:APP250328P00300000,APP,P,300.0,2025-03-28,209,0,309,27.8,1740753242855000000,500,1390000.0,2025-02-28,Automatic Execution,Business Services,Technology Services,313.0,331.56,306.1,325.74,20,6.143014800254095,1,1,1,1,0
APP,Business Services,Technology Services,50__2,50,2.0,4. p999_trade_value,392035.00000000006,2136700.0,O:APP250404P00245000,APP,P,245.0,2025-04-04,209,0,308,20.5,1741294068028000000,200,410000.0,2025-03-06,Automatic Execution,Business Services,Technology Services,305.76,306.5,258.5136,259.63,105,5.6127838567197355,1,1,1,1,0
APP,Business Services,Technology Services,50__2,50,2.0,4. p999_trade_value,392035.00000000006,2136700.0,O:APP250314C00300000,APP,C,300.0,2025-03-14,227,0,323,9.95,1741359395394000000,1249,1242755.0,2025-03-07,Single Leg Auction Non ISO,Business Services,Technology Services,256.145,278.6,247.5,270.48,23,6.094385519119861,1,0,0,0,1
APP,Business Services,Technology Services,50__2,50,2.0,4. p999_trade_value,392035.00000000006,2136700.0,O:APP250417P00300000,APP,P,300.0,2025-04-17,209,0,302,11.9,1742823001339000000,679,808010.0,2025-03-24,Automatic Execution,Business Services,Technology Services,328.09,342.38,323.5,339.72,42,5.907416735673032,1,1,1,1,0
APP,Business Services,Technology Services,50__2,50,2.0,4. p999_trade_value,392035.00000000006,2136700.0,O:APP250417P00250000,APP,P,250.0,2025-04-17,209,0,325,12.0,1744292036879000000,1000,1200000.0,2025-04-10,Automatic Execution,Business Services,Technology Services,270.0,278.48,250.51,263.83,25,6.079181246047625,1,1,1,1,0
APP,Business Services,Technology Services,50__2,50,2.0,4. p999_trade_value,392035.00000000006,2136700.0,O:APP250516P00220000,APP,P,220.0,2025-05-16,235,0,323,27.4,1744833325414000000,250,685000.0,2025-04-16,Multi Leg floor trade,Business Services,Technology Services,234.525,241.95,224.4,229.81,55,5.835690571492425,1,0,0,0,1
APP,Business Services,Technology Services,50__2,50,2.0,4. p999_trade_value,392035.00000000006,2136700.0,O:APP250516C00300000,APP,C,300.0,2025-05-16,209,0,320,10.9,1744913481372000000,499,543910.0,2025-04-17,Automatic Execution,Business Services,Technology Services,231.39,239.95,226.1001,238.22,71,5.735527043564013,1,1,1,1,0
APP,Business Services,Technology Services,50__2,50,2.0,4. p999_trade_value,392035.00000000006,2136700.0,O:APP250516C00280000,APP,C,280.0,2025-05-16,242,0,313,11.5,1745258459082000000,500,575000.0,2025-04-21,Stock Options floor trade,Business Services,Technology Services,233.53,238.4953,222.0201,228.13,66,5.7596678446896306,1,1,1,1,0
APP,Business Services,Technology Services,50__2,50,2.0,4. p999_trade_value,392035.00000000006,2136700.0,O:APP250516C00280000,APP,C,280.0,2025-05-16,232,0,308,28.3,1745511124826000000,200,566000.0,2025-04-24,Multi Leg auto-electronic trade,Business Services,Technology Services,253.725,275.92,252.0001,267.88,68,5.752816431188271,1,1,1,1,0
APP,Business Services,Technology Services,50__2,50,2.0,4. p999_trade_value,392035.00000000006,2136700.0,O:APP250516C00280000,APP,C,280.0,2025-05-16,232,0,312,27.9,1745510946417000000,155,432450.0,2025-04-24,Multi Leg auto-electronic trade,Business Services,Technology Services,253.725,275.92,252.0001,267.88,101,5.635935901443889,1,1,1,1,0
APP,Business Services,Technology Services,50__2,50,2.0,4. p999_trade_value,392035.00000000006,2136700.0,O:APP250516C00280000,APP,C,280.0,2025-05-16,232,0,312,29.87,1745512464155000000,188,561556.0,2025-04-24,Multi Leg auto-electronic trade,Business Services,Technology Services,253.725,275.92,252.0001,267.88,69,5.749393071867808,1,1,1,1,0
APP,Business Services,Technology Services,50__2,50,2.0,4. p999_trade_value,392035.00000000006,2136700.0,O:APP250516C00295000,APP,C,295.0,2025-05-16,233,0,312,20.0,1745503827994000000,406,812000.0,2025-04-24,Multi Leg Auction,Business Services,Technology Services,253.725,275.92,252.0001,267.88,40,5.909556029241175,1,1,1,1,0
APP,Business Services,Technology Services,50__2,50,2.0,3. p9999_trade_value,2145000.0,4357820.0,O:APP250516C00295000,APP,C,295.0,2025-05-16,209,0,308,27.0,1745848731249000000,1486,4012200.0,2025-04-28,Automatic Execution,Business Services,Technology Services,278.64,286.8284,273.5,284.98,4,6.603382573583544,1,1,1,1,0
APP,Business Services,Technology Services,50__2,50,2.0,2. p99999_trade_value,5193040.0,5193040.0,O:APP250516C00300000,APP,C,300.0,2025-05-16,209,0,308,27.8,1745852679204000000,1868,5193040.0,2025-04-28,Automatic Execution,Business Services,Technology Services,278.64,286.8284,273.5,284.98,2,6.7154216678121506,1,1,1,1,0
APP,Business Services,Technology Services,50__2,50,2.0,4. p999_trade_value,392035.00000000006,2136700.0,O:APP250516C00300000,APP,C,300.0,2025-05-16,227,0,323,25.98,1745849113970000000,181,470238.0,2025-04-28,Single Leg Auction Non ISO,Business Services,Technology Services,278.64,286.8284,273.5,284.98,87,5.672317721606194,1,1,1,1,0
APP,Business Services,Technology Services,50__2,50,2.0,4. p999_trade_value,392035.00000000006,2136700.0,O:APP250516C00300000,APP,C,300.0,2025-05-16,209,0,315,26.0,1745849113865000000,200,520000.0,2025-04-28,Automatic Execution,Business Services,Technology Services,278.64,286.8284,273.5,284.98,76,5.7160033436347994,1,1,1,1,0
APP,Business Services,Technology Services,50__2,50,2.0,3. p9999_trade_value,2145000.0,4357820.0,O:APP250516C00300000,APP,C,300.0,2025-05-16,209,0,300,26.0,1745849113809000000,999,2597400.0,2025-04-28,Automatic Execution,Business Services,Technology Services,278.64,286.8284,273.5,284.98,8,6.4145388361968,1,1,1,1,0
APP,Business Services,Technology Services,50__2,50,2.0,4. p999_trade_value,392035.00000000006,2136700.0,O:APP250509C00300000,APP,C,300.0,2025-05-09,209,0,320,22.9,1746106680805000000,180,412200.0,2025-05-01,Automatic Execution,Business Services,Technology Services,282.0,288.25,276.8,279.49,104,5.615107987443194,1,1,1,1,0
APP,Business Services,Technology Services,50__2,50,2.0,4. p999_trade_value,392035.00000000006,2136700.0,O:APP250509C00300000,APP,C,300.0,2025-05-09,209,0,309,22.3,1746106680001000000,180,401400.0,2025-05-01,Automatic Execution,Business Services,Technology Services,282.0,288.25,276.8,279.49,106,5.603577368151467,1,1,1,1,0
APP,Business Services,Technology Services,50__2,50,2.0,3. p9999_trade_value,2145000.0,4357820.0,O:APP250509C00300000,APP,C,300.0,2025-05-09,209,0,323,21.8,1746107999738000000,1999,4357820.0,2025-05-01,Automatic Execution,Business Services,Technology Services,282.0,288.25,276.8,279.49,3,6.639269287722722,1,1,1,1,0
APP,Business Services,Technology Services,50__2,50,2.0,3. p9999_trade_value,2145000.0,4357820.0,O:APP250523C00330000,APP,C,330.0,2025-05-23,231,0,323,29.5,1746210896796000000,750,2212500.0,2025-05-02,Single Leg Floor Trade,Business Services,Technology Services,291.99,309.342,286.845,307.58,10,6.344883279369863,1,1,1,1,0
APP,Business Services,Technology Services,50__2,50,2.0,3. p9999_trade_value,2145000.0,4357820.0,O:APP250523C00330000,APP,C,330.0,2025-05-23,231,0,323,29.5,1746212490882000000,750,2212500.0,2025-05-02,Single Leg Floor Trade,Business Services,Technology Services,291.99,309.342,286.845,307.58,11,6.344883279369863,1,1,1,1,0
APP,Business Services,Technology Services,50__2,50,2.0,3. p9999_trade_value,2145000.0,4357820.0,O:APP250523C00330000,APP,C,330.0,2025-05-23,241,0,323,29.4,1746210841823000000,1000,2940000.0,2025-05-02,Stock Options Cross,Business Services,Technology Services,291.99,309.342,286.845,307.58,6,6.468347330412158,1,1,1,1,0
APP,Business Services,Technology Services,50__2,50,2.0,4. p999_trade_value,392035.00000000006,2136700.0,O:APP250509P00292500,APP,P,292.5,2025-05-09,232,0,302,26.22,1746463009634000000,200,524400.0,2025-05-05,Multi Leg auto-electronic trade,Business Services,Technology Services,299.19,306.79,295.41,301.84,75,5.719662683018047,1,1,0,0,0
APP,Business Services,Technology Services,50__2,50,2.0,4. p999_trade_value,392035.00000000006,2136700.0,O:APP250509C00340000,APP,C,340.0,2025-05-09,240,0,308,16.0,1746547195119000000,250,400000.0,2025-05-06,Stock Options auto-electronic trade,Business Services,Technology Services,294.645,307.27,290.96,304.62,109,5.6020599913279625,1,1,1,0,0
APP,Business Services,Technology Services,50__2,50,2.0,4. p999_trade_value,392035.00000000006,2136700.0,O:APP250509C00340000,APP,C,340.0,2025-05-09,240,0,302,16.04,1746547195119000000,250,401000.0,2025-05-06,Stock Options auto-electronic trade,Business Services,Technology Services,294.645,307.27,290.96,304.62,107,5.603144372620182,1,1,1,0,0
APP,Business Services,Technology Services,50__2,50,2.0,4. p999_trade_value,392035.00000000006,2136700.0,O:APP250516P00280000,APP,P,280.0,2025-05-16,231,0,323,21.5,1746560988672000000,300,645000.0,2025-05-06,Single Leg Floor Trade,Business Services,Technology Services,294.645,307.27,290.96,304.62,59,5.8095597146352675,1,0,0,0,1
APP,Business Services,Technology Services,50__2,50,2.0,4. p999_trade_value,392035.00000000006,2136700.0,O:APP250516C00400000,APP,C,400.0,2025-05-16,227,0,323,4.68,1746627129440000000,1636,765648.0,2025-05-07,Single Leg Auction Non ISO,Business Services,Technology Services,300.55,304.52,292.87,303.46,44,5.884029152409428,1,0,0,0,1
APP,Business Services,Technology Services,50__2,50,2.0,1. p999999_trade_value,5540000.0,5540000.0,O:APP250530C00320000,APP,C,320.0,2025-05-30,241,0,323,27.7,1746639348657000000,2000,5540000.0,2025-05-07,Stock Options Cross,Business Services,Technology Services,300.55,304.52,292.87,303.46,1,6.7435097647284294,1,1,1,1,0
APP,Business Services,Technology Services,50__2,50,2.0,3. p9999_trade_value,2145000.0,4357820.0,O:APP250530C00350000,APP,C,350.0,2025-05-30,241,0,323,18.2,1746639348657000000,2000,3640000.0,2025-05-07,Stock Options Cross,Business Services,Technology Services,300.55,304.52,292.87,303.46,5,6.561101383649056,1,1,1,1,0
APP,Business Services,Technology Services,50__2,50,2.0,4. p999_trade_value,392035.00000000006,2136700.0,O:APP250530P00285000,APP,P,285.0,2025-05-30,231,0,323,29.7,1746633341162000000,500,1485000.0,2025-05-07,Single Leg Floor Trade,Business Services,Technology Services,300.55,304.52,292.87,303.46,18,6.171726453653231,1,0,0,0,1
APP,Business Services,Technology Services,50__2,50,2.0,4. p999_trade_value,392035.00000000006,2136700.0,O:APP250530P00290000,APP,P,290.0,2025-05-30,229,0,300,5.04,1746721218394000000,1500,756000.0,2025-05-08,Single Leg Cross Non ISO,Business Services,Technology Services,344.0,357.64,335.1301,339.51,45,5.878521795501206,1,0,0,0,1
APP,Business Services,Technology Services,50__2,50,2.0,4. p999_trade_value,392035.00000000006,2136700.0,O:APP250530C00390000,APP,C,390.0,2025-05-30,234,0,300,6.47,1747837086503000000,1000,647000.0,2025-05-21,Multi Leg Cross,Business Services,Technology Services,359.68,374.57,358.0,358.35,58,5.810904280668701,1,1,1,1,0
APP,Business Services,Technology Services,50__2,50,2.0,4. p999_trade_value,392035.00000000006,2136700.0,O:APP250530P00350000,APP,P,350.0,2025-05-30,234,0,300,6.89,1747852927923000000,1000,689000.0,2025-05-21,Multi Leg Cross,Business Services,Technology Services,359.68,374.57,358.0,358.35,54,5.838219221907626,1,1,0,0,0
APP,Business Services,Technology Services,50__2,50,2.0,4. p999_trade_value,392035.00000000006,2136700.0,O:APP250530P00345000,APP,P,345.0,2025-05-30,234,0,300,6.17,1747925978719000000,1200,740400.0,2025-05-22,Multi Leg Cross,Business Services,Technology Services,360.52,367.47,350.817,351.47,50,5.869466410080866,1,1,0,0,0
APP,Business Services,Technology Services,50__2,50,2.0,4. p999_trade_value,392035.00000000006,2136700.0,O:APP250620P00275000,APP,P,275.0,2025-06-20,234,0,300,4.02,1747925978719000000,1200,482399.9999999999,2025-05-22,Multi Leg Cross,Business Services,Technology Services,360.52,367.47,350.817,351.47,81,5.683407299132095,1,0,0,0,1
APP,Business Services,Technology Services,50__2,50,2.0,4. p999_trade_value,392035.00000000006,2136700.0,O:APP250620C00400000,APP,C,400.0,2025-06-20,209,0,308,14.5,1748026193490000000,367,532150.0,2025-05-23,Automatic Execution,Business Services,Technology Services,341.72,356.55,340.2,354.29,74,5.726034066487064,1,1,0,0,0
APP,Business Services,Technology Services,50__2,50,2.0,4. p999_trade_value,392035.00000000006,2136700.0,O:APP250620P00340000,APP,P,340.0,2025-06-20,239,0,302,27.55,1748007807919000000,210,578550.0,2025-05-23,Multi Leg floor trade against single leg(s),Business Services,Technology Services,341.72,356.55,340.2,354.29,65,5.762340897921723,1,0,0,0,1
APP,Business Services,Technology Services,50__2,50,2.0,4. p999_trade_value,392035.00000000006,2136700.0,O:APP250606C00400000,APP,C,400.0,2025-06-06,235,0,313,16.17,1748459314587000000,500,808500.0000000001,2025-05-28,Multi Leg floor trade,Business Services,Technology Services,381.38,392.87,375.1201,390.26,41,5.90768002424242,1,1,1,1,0
APP,Business Services,Technology Services,50__2,50,2.0,4. p999_trade_value,392035.00000000006,2136700.0,O:APP250606C00425000,APP,C,425.0,2025-06-06,235,0,313,7.88,1748459240804000000,1100,866800.0,2025-05-28,Multi Leg floor trade,Business Services,Technology Services,381.38,392.87,375.1201,390.26,38,5.93791890264778,1,1,1,0,0
APP,Business Services,Technology Services,50__2,50,2.0,4. p999_trade_value,392035.00000000006,2136700.0,O:APP250620P00345000,APP,P,345.0,2025-06-20,231,0,301,12.0,1748534724304000000,900,1080000.0,2025-05-29,Single Leg Floor Trade,Business Services,Technology Services,400.095,402.903,381.43,384.23,30,6.033423755486949,1,0,0,0,1
APP,Business Services,Technology Services,50__2,50,2.0,4. p999_trade_value,392035.00000000006,2136700.0,O:APP250620C00450000,APP,C,450.0,2025-06-20,227,0,312,7.99,1748616868401000000,498,397902.0,2025-05-30,Single Leg Auction Non ISO,Business Services,Technology Services,386.87,394.24,372.53,393.0,110,5.599776122073709,1,0,0,0,1
APP,Business Services,Technology Services,50__2,50,2.0,4. p999_trade_value,392035.00000000006,2136700.0,O:APP250620C00450000,APP,C,450.0,2025-06-20,235,0,301,9.8,1748885184520000000,500,490000.0,2025-06-02,Multi Leg floor trade,Business Services,Technology Services,392.31,402.25,381.6001,401.91,79,5.690196080028514,1,0,0,0,1
APP,Business Services,Technology Services,50__2,50,2.0,4. p999_trade_value,392035.00000000006,2136700.0,O:APP250613P00407500,APP,P,407.5,2025-06-13,232,0,308,14.88,1749234952798000000,500,744000.0,2025-06-06,Multi Leg auto-electronic trade,Business Services,Technology Services,421.0,426.52,413.2301,417.89,49,5.871572935545879,1,1,1,1,0
APP,Business Services,Technology Services,50__2,50,2.0,4. p999_trade_value,392035.00000000006,2136700.0,O:APP250703C00420000,APP,C,420.0,2025-07-03,227,0,301,12.35,1749566359537000000,998,1232530.0,2025-06-10,Single Leg Auction Non ISO,Business Services,Technology Services,390.0,396.77,374.68,383.61,24,6.090797498883056,1,0,0,0,1
ARBE,Business Services,Technology Services,20__0,20,0.0,8. p75_trade_value,6937.0,9869.999999999998,O:ARBE250117C00005000,ARBE,C,5.0,2025-01-17,227,0,323,0.75,1736175712297000000,100,7500.0,2025-01-06,Single Leg Auction Non ISO,Business Services,Technology Services,4.5,4.9,3.48,4.0,25,3.8750612633917,4,1,0,0,0
ARBE,Business Services,Technology Services,20__0,20,0.0,8. p75_trade_value,6937.0,9869.999999999998,O:ARBE250117C00005000,ARBE,C,5.0,2025-01-17,209,0,308,1.0,1736173800853000000,89,8900.0,2025-01-06,Automatic Execution,Business Services,Technology Services,4.5,4.9,3.48,4.0,17,3.949390006644913,3,1,0,0,0
ARBE,Business Services,Technology Services,20__0,20,0.0,6. p95_trade_value,13439.999999999998,17940.0,O:ARBE250117C00005000,ARBE,C,5.0,2025-01-17,219,0,309,0.6,1736179195657000000,292,17520.0,2025-01-06,Intermarket Sweep Order,Business Services,Technology Services,4.5,4.9,3.48,4.0,4,4.243534101832062,1,1,0,0,0
ARBE,Business Services,Technology Services,20__0,20,0.0,7. p90_trade_value,9870.0,12975.0,O:ARBE250117C00005000,ARBE,C,5.0,2025-01-17,209,0,308,0.75,1736185851529000000,173,12975.0,2025-01-06,Automatic Execution,Business Services,Technology Services,4.5,4.9,3.48,4.0,8,4.113107366520495,2,1,0,0,0
ARBE,Business Services,Technology Services,20__0,20,0.0,1. p999999_trade_value,19500.0,19500.0,O:ARBE250117C00005000,ARBE,C,5.0,2025-01-17,209,0,308,0.65,1736183063349000000,300,19500.0,2025-01-06,Automatic Execution,Business Services,Technology Services,4.5,4.9,3.48,4.0,1,4.290034611362518,1,1,0,0,0
ARBE,Business Services,Technology Services,20__0,20,0.0,7. p90_trade_value,9870.0,12975.0,O:ARBE250117C00005000,ARBE,C,5.0,2025-01-17,209,0,308,0.75,1736185238748000000,142,10650.0,2025-01-06,Automatic Execution,Business Services,Technology Services,4.5,4.9,3.48,4.0,10,4.027349607774757,2,1,0,0,0
ARBE,Business Services,Technology Services,20__0,20,0.0,8. p75_trade_value,6937.0,9869.999999999998,O:ARBE250117C00005000,ARBE,C,5.0,2025-01-17,227,0,323,1.09,1736173981266000000,86,9374.0,2025-01-06,Single Leg Auction Non ISO,Business Services,Technology Services,4.5,4.9,3.48,4.0,15,3.9719249491841913,3,1,0,0,0
ARBE,Business Services,Technology Services,20__0,20,0.0,7. p90_trade_value,9870.0,12975.0,O:ARBE250117C00005000,ARBE,C,5.0,2025-01-17,209,0,320,1.0,1736173925381000000,100,10000.0,2025-01-06,Automatic Execution,Business Services,Technology Services,4.5,4.9,3.48,4.0,12,4.0,2,1,0,0,0
ARBE,Business Services,Technology Services,20__0,20,0.0,7. p90_trade_value,9870.0,12975.0,O:ARBE250117C00005000,ARBE,C,5.0,2025-01-17,209,0,308,1.05,1736173800270000000,94,9870.0,2025-01-06,Automatic Execution,Business Services,Technology Services,4.5,4.9,3.48,4.0,13,3.9943171526696366,2,1,0,0,0
ARBE,Business Services,Technology Services,20__0,20,0.0,8. p75_trade_value,6937.0,9869.999999999998,O:ARBE250117C00005000,ARBE,C,5.0,2025-01-17,209,0,320,0.85,1736174199937000000,100,8500.0,2025-01-06,Automatic Execution,Business Services,Technology Services,4.5,4.9,3.48,4.0,18,3.929418925714293,3,1,0,0,0
ARBE,Business Services,Technology Services,20__0,20,0.0,5. p99_trade_value,18700.0,18700.0,O:ARBE250117C00005000,ARBE,C,5.0,2025-01-17,209,0,320,0.85,1736174256622000000,220,18700.0,2025-01-06,Automatic Execution,Business Services,Technology Services,4.5,4.9,3.48,4.0,2,4.271841606536499,1,1,0,0,0
ARBE,Business Services,Technology Services,20__0,20,0.0,8. p75_trade_value,6937.0,9869.999999999998,O:ARBE250117C00005000,ARBE,C,5.0,2025-01-17,227,0,323,0.8,1736192998600000000,91,7280.0,2025-01-06,Single Leg Auction Non ISO,Business Services,Technology Services,4.5,4.9,3.48,4.0,27,3.862131379313037,4,1,0,0,0
ARBE,Business Services,Technology Services,20__0,20,0.0,8. p75_trade_value,6937.0,9869.999999999998,O:ARBE250117C00005000,ARBE,C,5.0,2025-01-17,209,0,323,0.8,1736173823336000000,94,7520.0,2025-01-06,Automatic Execution,Business Services,Technology Services,4.5,4.9,3.48,4.0,23,3.876217840591642,4,1,0,0,0
ARBE,Business Services,Technology Services,20__0,20,0.0,8. p75_trade_value,6937.0,9869.999999999998,O:ARBE250117C00005000,ARBE,C,5.0,2025-01-17,209,0,320,0.85,1736174203231000000,83,7055.0,2025-01-06,Automatic Execution,Business Services,Technology Services,4.5,4.9,3.48,4.0,29,3.8484970180903666,5,1,0,0,0
ARBE,Business Services,Technology Services,20__0,20,0.0,8. p75_trade_value,6937.0,9869.999999999998,O:ARBE250117C00005000,ARBE,C,5.0,2025-01-17,209,0,320,0.7,1736195153210000000,100,7000.0,2025-01-06,Automatic Execution,Business Services,Technology Services,4.5,4.9,3.48,4.0,32,3.845098040014257,5,1,0,0,0
ARBE,Business Services,Technology Services,20__0,20,0.0,8. p75_trade_value,6937.0,9869.999999999998,O:ARBE250117C00005000,ARBE,C,5.0,2025-01-17,219,0,308,0.8,1736174440606000000,88,7040.000000000001,2025-01-06,Intermarket Sweep Order,Business Services,Technology Services,4.5,4.9,3.48,4.0,30,3.8475726591421124,5,1,0,0,0
ARBE,Business Services,Technology Services,20__0,20,0.0,8. p75_trade_value,6937.0,9869.999999999998,O:ARBE250117C00005000,ARBE,C,5.0,2025-01-17,209,0,300,0.7,1736187191241000000,100,7000.0,2025-01-06,Automatic Execution,Business Services,Technology Services,4.5,4.9,3.48,4.0,31,3.845098040014257,5,1,0,0,0
ARBE,Business Services,Technology Services,20__0,20,0.0,8. p75_trade_value,6937.0,9869.999999999998,O:ARBE250117C00005000,ARBE,C,5.0,2025-01-17,227,0,323,0.71,1736176164185000000,100,7100.0,2025-01-06,Single Leg Auction Non ISO,Business Services,Technology Services,4.5,4.9,3.48,4.0,28,3.8512583487190755,4,1,0,0,0
ARBE,Business Services,Technology Services,20__0,20,0.0,8. p75_trade_value,6937.0,9869.999999999998,O:ARBE250117C00005000,ARBE,C,5.0,2025-01-17,209,0,318,0.6,1736197085556000000,129,7739.999999999999,2025-01-06,Automatic Execution,Business Services,Technology Services,4.5,4.9,3.48,4.0,22,3.8887409606828927,4,1,0,0,0
ARBE,Business Services,Technology Services,20__0,20,0.0,8. p75_trade_value,6937.0,9869.999999999998,O:ARBE250117C00005000,ARBE,C,5.0,2025-01-17,209,0,316,0.7,1736193941660000000,141,9869.999999999998,2025-01-06,Automatic Execution,Business Services,Technology Services,4.5,4.9,3.48,4.0,14,3.9943171526696366,2,1,0,0,0
ARBE,Business Services,Technology Services,20__0,20,0.0,8. p75_trade_value,6937.0,9869.999999999998,O:ARBE250117C00005000,ARBE,C,5.0,2025-01-17,209,0,320,0.8,1736177013328000000,100,8000.0,2025-01-06,Automatic Execution,Business Services,Technology Services,4.5,4.9,3.48,4.0,20,3.9030899869919438,3,1,0,0,0
ARBE,Business Services,Technology Services,20__0,20,0.0,6. p95_trade_value,13439.999999999998,17940.0,O:ARBE250117C00005000,ARBE,C,5.0,2025-01-17,209,0,308,0.7,1736182511761000000,203,14210.0,2025-01-06,Automatic Execution,Business Services,Technology Services,4.5,4.9,3.48,4.0,6,4.1525940779274695,1,1,0,0,0
ARBE,Business Services,Technology Services,20__0,20,0.0,6. p95_trade_value,13439.999999999998,17940.0,O:ARBE250117C00005000,ARBE,C,5.0,2025-01-17,209,0,309,0.9,1736192834292000000,169,15210.0,2025-01-06,Automatic Execution,Business Services,Technology Services,4.5,4.9,3.48,4.0,5,4.182129214052998,1,1,0,0,0
ARBE,Business Services,Technology Services,20__0,20,0.0,8. p75_trade_value,6937.0,9869.999999999998,O:ARBE250117C00005000,ARBE,C,5.0,2025-01-17,209,0,319,0.9,1736192766467000000,100,9000.0,2025-01-06,Automatic Execution,Business Services,Technology Services,4.5,4.9,3.48,4.0,16,3.9542425094393248,3,1,0,0,0
ARBE,Business Services,Technology Services,20__0,20,0.0,6. p95_trade_value,13439.999999999998,17940.0,O:ARBE250117C00005000,ARBE,C,5.0,2025-01-17,209,0,318,0.6,1736179195656000000,299,17940.0,2025-01-06,Automatic Execution,Business Services,Technology Services,4.5,4.9,3.48,4.0,3,4.253822438708073,1,1,0,0,0
ARBE,Business Services,Technology Services,20__0,20,0.0,6. p95_trade_value,13439.999999999998,17940.0,O:ARBE250117C00005000,ARBE,C,5.0,2025-01-17,209,0,320,0.7,1736193941634000000,192,13439.999999999998,2025-01-06,Automatic Execution,Business Services,Technology Services,4.5,4.9,3.48,4.0,7,4.128399268717806,1,1,0,0,0
ARBE,Business Services,Technology Services,20__0,20,0.0,7. p90_trade_value,9870.0,12975.0,O:ARBE250117C00007500,ARBE,C,7.5,2025-01-17,209,0,302,0.5,1736261290930000000,248,12400.0,2025-01-07,Automatic Execution,Business Services,Technology Services,5.06,5.09,3.61,3.76,9,4.093421685162235,2,0,0,0,1
ARBE,Business Services,Technology Services,20__0,20,0.0,8. p75_trade_value,6937.0,9869.999999999998,O:ARBE250117C00007500,ARBE,C,7.5,2025-01-17,219,0,316,0.45,1736261896145000000,173,7785.000000000001,2025-01-07,Intermarket Sweep Order,Business Services,Technology Services,5.06,5.09,3.61,3.76,21,3.891258616904139,3,0,0,0,1
ARBE,Business Services,Technology Services,20__0,20,0.0,8. p75_trade_value,6937.0,9869.999999999998,O:ARBE250117C00005000,ARBE,C,5.0,2025-01-17,227,0,323,0.28,1736540602348000000,300,8400.000000000002,2025-01-10,Single Leg Auction Non ISO,Business Services,Technology Services,3.41,3.99,3.2,3.74,19,3.9242792860618816,3,0,0,0,1
ARBE,Business Services,Technology Services,20__0,20,0.0,7. p90_trade_value,9870.0,12975.0,O:ARBE250117C00004000,ARBE,C,4.0,2025-01-17,209,0,309,0.35,1736778935221000000,299,10465.0,2025-01-13,Automatic Execution,Business Services,Technology Services,3.76,3.77,2.67,2.8,11,4.019739232674706,2,0,0,0,1
ARBE,Business Services,Technology Services,20__0,20,0.0,8. p75_trade_value,6937.0,9869.999999999998,O:ARBE250221C00005000,ARBE,C,5.0,2025-02-21,209,0,325,0.07,1738253721064000000,991,6937.0,2025-01-30,Automatic Execution,Business Services,Technology Services,2.51,2.62,2.37,2.41,33,3.841171694499532,5,0,0,0,1
ARBE,Business Services,Technology Services,20__0,20,0.0,8. p75_trade_value,6937.0,9869.999999999998,O:ARBE250221C00004000,ARBE,C,4.0,2025-02-21,209,0,325,0.14,1738337306140000000,537,7518.000000000001,2025-01-31,Automatic Execution,Business Services,Technology Services,2.53,2.77,2.48,2.56,24,3.8761023213777936,4,0,0,0,1
ARBE,Business Services,Technology Services,20__0,20,0.0,8. p75_trade_value,6937.0,9869.999999999998,O:ARBE250221P00002500,ARBE,P,2.5,2025-02-21,209,0,313,0.15,1739557132945000000,498,7470.0,2025-02-14,Automatic Execution,Business Services,Technology Services,2.78,2.905,2.63,2.7,26,3.873320601815399,4,1,1,1,0
ARIS,Business Services,Waste Removal Services,5__0,5,0.0,1. p999999_trade_value,3915.0,3915.0,O:ARIS241115C00022500,ARIS,C,22.5,2024-11-15,209,0,308,0.45,1730828612824000000,87,3915.0,2024-11-05,Automatic Execution,Business Services,Waste Removal Services,17.51,22.03,17.506,20.98,1,3.592731766393962,1,1,1,1,0
ARMK,Business Services,Business - Services,15__0,15,0.0,1. p999999_trade_value,30294.0,30294.0,O:ARMK250417C00035000,ARMK,C,35.0,2025-04-17,229,0,301,0.66,1743091006551000000,459,30294.0,2025-03-27,Single Leg Cross Non ISO,Business Services,Business - Services,34.28,34.65,34.05,34.36,1,4.48135662107913,1,1,0,0,0
BAH,Business Services,Consulting Services,30__2,30,2.0,5. p99_trade_value,134000.0,345420.0,O:BAH241220P00135000,BAH,P,135.0,2024-12-20,227,0,323,3.8,1732114706972000000,909,345420.0,2024-11-20,Single Leg Auction Non ISO,Business Services,Consulting Services,138.97,144.44,136.995,144.19,2,5.5383474798387775,1,1,1,1,0
BAH,Business Services,Consulting Services,30__2,30,2.0,1. p999999_trade_value,475439.99999999994,475439.99999999994,O:BAH250221C00130000,BAH,C,130.0,2025-02-21,233,0,323,5.6,1738268047764000000,849,475439.99999999994,2025-01-30,Multi Leg Auction,Business Services,Consulting Services,127.47,129.34,125.91,128.93,1,5.677095717250153,1,1,0,0,0
BAH,Business Services,Consulting Services,30__2,30,2.0,5. p99_trade_value,134000.0,345420.0,O:BAH250221C00130000,BAH,C,130.0,2025-02-21,235,0,323,5.4,1738266634041000000,500,270000.0,2025-01-30,Multi Leg floor trade,Business Services,Consulting Services,127.47,129.34,125.91,128.93,4,5.431363764158987,1,1,0,0,0
BAH,Business Services,Consulting Services,30__2,30,2.0,5. p99_trade_value,134000.0,345420.0,O:BAH250221C00130000,BAH,C,130.0,2025-02-21,233,0,323,5.48,1738267332751000000,499,273452.00000000006,2025-01-30,Multi Leg Auction,Business Services,Consulting Services,127.47,129.34,125.91,128.93,3,5.436881104107759,1,1,0,0,0
BAH,Business Services,Consulting Services,30__2,30,2.0,5. p99_trade_value,134000.0,345420.0,O:BAH250321P00105000,BAH,P,105.0,2025-03-21,231,0,323,0.2,1742414184920000000,6700,134000.0,2025-03-19,Single Leg Floor Trade,Business Services,Consulting Services,116.3,118.43,112.0,112.71,8,5.127104798364807,1,1,1,1,0
BAH,Business Services,Consulting Services,30__2,30,2.0,5. p99_trade_value,134000.0,345420.0,O:BAH250321P00105000,BAH,P,105.0,2025-03-21,231,0,323,0.2,1742412727364000000,6700,134000.0,2025-03-19,Single Leg Floor Trade,Business Services,Consulting Services,116.3,118.43,112.0,112.71,7,5.127104798364807,1,1,1,1,0
BAH,Business Services,Consulting Services,30__2,30,2.0,5. p99_trade_value,134000.0,345420.0,O:BAH250417P00085000,BAH,P,85.0,2025-04-17,227,0,304,0.56,1742824222579000000,3574,200144.00000000003,2025-03-24,Single Leg Auction Non ISO,Business Services,Consulting Services,104.0,105.6,101.54,105.17,6,5.301342575175826,1,0,0,0,1
BAH,Business Services,Consulting Services,30__2,30,2.0,5. p99_trade_value,134000.0,345420.0,O:BAH250620P00125000,BAH,P,125.0,2025-06-20,235,0,313,4.58,1747845759560000000,500,229000.0,2025-05-21,Multi Leg floor trade,Business Services,Consulting Services,128.53,129.5,127.83,128.42,5,5.359835482339888,1,1,0,0,0
BFAM,Business Services,Business - Services,15__0,15,0.0,8. p75_trade_value,6400.0,6600.0,O:BFAM250516C00125000,BFAM,C,125.0,2025-05-16,209,0,325,3.2,1745869242219000000,20,6400.0,2025-04-28,Automatic Execution,Business Services,Business - Services,121.12,122.53,119.45,121.32,11,3.806179973983887,6,1,1,0,0
BFAM,Business Services,Business - Services,15__0,15,0.0,8. p75_trade_value,6400.0,6600.0,O:BFAM250516C00125000,BFAM,C,125.0,2025-05-16,209,0,325,3.2,1745869018231000000,20,6400.0,2025-04-28,Automatic Execution,Business Services,Business - Services,121.12,122.53,119.45,121.32,6,3.806179973983887,3,1,1,0,0
BFAM,Business Services,Business - Services,15__0,15,0.0,8. p75_trade_value,6400.0,6600.0,O:BFAM250516C00125000,BFAM,C,125.0,2025-05-16,209,0,325,3.2,1745869242720000000,20,6400.0,2025-04-28,Automatic Execution,Business Services,Business - Services,121.12,122.53,119.45,121.32,10,3.806179973983887,5,1,1,0,0
BFAM,Business Services,Business - Services,15__0,15,0.0,7. p90_trade_value,7040.000000000001,7040.000000000001,O:BFAM250516C00125000,BFAM,C,125.0,2025-05-16,209,0,325,3.2,1745869034815000000,22,7040.000000000001,2025-04-28,Automatic Execution,Business Services,Business - Services,121.12,122.53,119.45,121.32,3,3.8475726591421124,2,1,1,0,0
BFAM,Business Services,Business - Services,15__0,15,0.0,7. p90_trade_value,7040.000000000001,7040.000000000001,O:BFAM250516C00125000,BFAM,C,125.0,2025-05-16,209,0,325,3.2,1745869049372000000,22,7040.000000000001,2025-04-28,Automatic Execution,Business Services,Business - Services,121.12,122.53,119.45,121.32,4,3.8475726591421124,2,1,1,0,0
BFAM,Business Services,Business - Services,15__0,15,0.0,8. p75_trade_value,6400.0,6600.0,O:BFAM250516C00125000,BFAM,C,125.0,2025-05-16,209,0,325,3.2,1745869056915000000,20,6400.0,2025-04-28,Automatic Execution,Business Services,Business - Services,121.12,122.53,119.45,121.32,9,3.806179973983887,5,1,1,0,0
BFAM,Business Services,Business - Services,15__0,15,0.0,6. p95_trade_value,7259.999999999999,7259.999999999999,O:BFAM250516C00125000,BFAM,C,125.0,2025-05-16,209,0,325,3.3,1745869422333000000,22,7259.999999999999,2025-04-28,Automatic Execution,Business Services,Business - Services,121.12,122.53,119.45,121.32,2,3.8609366207000937,1,1,1,0,0
BFAM,Business Services,Business - Services,15__0,15,0.0,6. p95_trade_value,7259.999999999999,7259.999999999999,O:BFAM250516C00125000,BFAM,C,125.0,2025-05-16,209,0,325,3.3,1745869442287000000,22,7259.999999999999,2025-04-28,Automatic Execution,Business Services,Business - Services,121.12,122.53,119.45,121.32,1,3.8609366207000937,1,1,1,0,0
BFAM,Business Services,Business - Services,15__0,15,0.0,8. p75_trade_value,6400.0,6600.0,O:BFAM250516C00125000,BFAM,C,125.0,2025-05-16,209,0,325,3.2,1745869442809000000,20,6400.0,2025-04-28,Automatic Execution,Business Services,Business - Services,121.12,122.53,119.45,121.32,7,3.806179973983887,4,1,1,0,0
BFAM,Business Services,Business - Services,15__0,15,0.0,8. p75_trade_value,6400.0,6600.0,O:BFAM250516C00125000,BFAM,C,125.0,2025-05-16,209,0,325,3.2,1745869243221000000,20,6400.0,2025-04-28,Automatic Execution,Business Services,Business - Services,121.12,122.53,119.45,121.32,8,3.806179973983887,4,1,1,0,0
BFAM,Business Services,Business - Services,15__0,15,0.0,8. p75_trade_value,6400.0,6600.0,O:BFAM250516C00125000,BFAM,C,125.0,2025-05-16,209,0,325,3.3,1745869421841000000,20,6600.0,2025-04-28,Automatic Execution,Business Services,Business - Services,121.12,122.53,119.45,121.32,5,3.8195439355418688,3,1,1,0,0
BITF,Business Services,Technology Services,20__0,20,0.0,1. p999999_trade_value,20000.0,20000.0,O:BITF241115C00002000,BITF,C,2.0,2024-11-15,209,0,308,0.2,1729088275915000000,1000,20000.0,2024-10-16,Automatic Execution,Business Services,Technology Services,1.88,1.93,1.84,1.93,1,4.301029995663981,1,1,1,1,0
BLDE,Business Services,Technology Services,10__0,10,0.0,1. p999999_trade_value,22714.999999999996,22714.999999999996,O:BLDE241220C00005000,BLDE,C,5.0,2024-12-20,209,0,325,0.35,1732727481502000000,649,22714.999999999996,2024-11-27,Automatic Execution,Business Services,Technology Services,4.03,4.8,4.015,4.39,1,4.356312741150645,1,1,0,0,0
BTBT,Business Services,Technology Services,25__0,25,0.0,1. p999999_trade_value,64750.0,64750.0,O:BTBT241115C00004500,BTBT,C,4.5,2024-11-15,235,0,301,0.37,1729278830079000000,1750,64750.0,2024-10-18,Multi Leg floor trade,Business Services,Technology Services,3.96,4.1,3.86,4.05,1,4.811239772753289,1,1,1,0,0
BTCM,Business Services,Technology Services,0__2,0,2.0,1. p999999_trade_value,3675.0,3675.0,O:BTCM241220C00003000,BTCM,C,3.0,2024-12-20,209,0,308,0.35,1732546704835000000,105,3675.0,2024-11-25,Automatic Execution,Business Services,Technology Services,2.8,2.974,2.7,2.8,1,3.5652573434202135,1,1,0,0,0
BTDR,Business Services,Technology Services,30__2,30,2.0,6. p95_trade_value,30000.0,70094.0,O:BTDR241018P00007500,BTDR,P,7.5,2024-10-18,209,0,301,0.45,1727359467357000000,708,31860.000000000004,2024-09-26,Automatic Execution,Business Services,Technology Services,7.88,8.18,7.68,8.0,75,4.503245771465113,1,1,0,0,0
BTDR,Business Services,Technology Services,30__2,30,2.0,6. p95_trade_value,30000.0,70094.0,O:BTDR241115C00010000,BTDR,C,10.0,2024-11-15,209,0,320,0.45,1729266252351000000,1000,45000.0,2024-10-18,Automatic Execution,Business Services,Technology Services,8.29,8.7897,8.08,8.68,45,4.653212513775344,1,1,1,1,0
BTDR,Business Services,Technology Services,30__2,30,2.0,6. p95_trade_value,30000.0,70094.0,O:BTDR241115C00010000,BTDR,C,10.0,2024-11-15,227,0,323,0.54,1729272025235000000,874,47196.0,2024-10-18,Single Leg Auction Non ISO,Business Services,Technology Services,8.29,8.7897,8.08,8.68,40,4.673905192457371,1,1,1,1,0
BTDR,Business Services,Technology Services,30__2,30,2.0,6. p95_trade_value,30000.0,70094.0,O:BTDR241115P00007500,BTDR,P,7.5,2024-11-15,209,0,309,0.55,1729270857820000000,847,46585.0,2024-10-18,Automatic Execution,Business Services,Technology Services,8.29,8.7897,8.08,8.68,41,4.668246099824951,1,1,0,0,0
BTDR,Business Services,Technology Services,30__2,30,2.0,6. p95_trade_value,30000.0,70094.0,O:BTDR241115C00010000,BTDR,C,10.0,2024-11-15,227,0,301,0.34,1729780791728000000,919,31246.000000000004,2024-10-24,Single Leg Auction Non ISO,Business Services,Technology Services,7.996,8.17,7.67,7.74,77,4.494794428428366,1,1,1,1,0
BTDR,Business Services,Technology Services,30__2,30,2.0,5. p99_trade_value,71730.0,162336.0,O:BTDR241115C00010000,BTDR,C,10.0,2024-11-15,209,0,304,0.95,1730144529900000000,1528,145160.0,2024-10-28,Automatic Execution,Business Services,Technology Services,7.93,9.3795,7.874,9.37,5,5.161846959528519,1,1,1,1,0
BTDR,Business Services,Technology Services,30__2,30,2.0,6. p95_trade_value,30000.0,70094.0,O:BTDR241115C00010000,BTDR,C,10.0,2024-11-15,209,0,309,0.65,1730143928712000000,741,48165.0,2024-10-28,Automatic Execution,Business Services,Technology Services,7.93,9.3795,7.874,9.37,37,4.682731564622184,1,1,1,1,0
BTDR,Business Services,Technology Services,30__2,30,2.0,5. p99_trade_value,71730.0,162336.0,O:BTDR241220C00015000,BTDR,C,15.0,2024-12-20,209,0,309,0.8,1732286453497000000,1724,137920.0,2024-11-22,Automatic Execution,Business Services,Technology Services,10.84,12.25,10.56,11.54,6,5.139627248480638,1,1,1,1,0
BTDR,Business Services,Technology Services,30__2,30,2.0,6. p95_trade_value,30000.0,70094.0,O:BTDR241220P00010000,BTDR,P,10.0,2024-12-20,209,0,308,0.55,1732549014775000000,600,33000.0,2024-11-25,Automatic Execution,Business Services,Technology Services,11.71,12.96,11.17,12.33,69,4.518513939877887,1,0,0,0,1
BTDR,Business Services,Technology Services,30__2,30,2.0,5. p99_trade_value,71730.0,162336.0,O:BTDR241220C00015000,BTDR,C,15.0,2024-12-20,209,0,308,0.5,1732635817835000000,1904,95200.0,2024-11-26,Automatic Execution,Business Services,Technology Services,12.01,12.01,11.12,11.16,10,4.978636948384474,1,1,1,1,0
BTDR,Business Services,Technology Services,30__2,30,2.0,6. p95_trade_value,30000.0,70094.0,O:BTDR241220C00015000,BTDR,C,15.0,2024-12-20,219,0,309,1.25,1733151227123000000,271,33875.0,2024-12-02,Intermarket Sweep Order,Business Services,Technology Services,14.74,14.8,13.66,13.84,66,4.5298793038824625,1,1,1,1,0
BTDR,Business Services,Technology Services,30__2,30,2.0,6. p95_trade_value,30000.0,70094.0,O:BTDR241220C00020000,BTDR,C,20.0,2024-12-20,209,0,316,1.5,1733409068011000000,308,46200.0,2024-12-05,Automatic Execution,Business Services,Technology Services,18.115,19.49,16.96,16.98,43,4.664641975556125,1,1,1,1,0
BTDR,Business Services,Technology Services,30__2,30,2.0,6. p95_trade_value,30000.0,70094.0,O:BTDR241220C00020000,BTDR,C,20.0,2024-12-20,209,0,316,1.51,1733409068012000000,203,30653.000000000004,2024-12-05,Automatic Execution,Business Services,Technology Services,18.115,19.49,16.96,16.98,79,4.486472985206382,1,1,1,1,0
BTDR,Business Services,Technology Services,30__2,30,2.0,6. p95_trade_value,30000.0,70094.0,O:BTDR241220C00020000,BTDR,C,20.0,2024-12-20,227,0,323,2.02,1733409289685000000,347,70094.0,2024-12-05,Single Leg Auction Non ISO,Business Services,Technology Services,18.115,19.49,16.96,16.98,18,4.8456808442374975,1,1,1,1,0
BTDR,Business Services,Technology Services,30__2,30,2.0,5. p99_trade_value,71730.0,162336.0,O:BTDR241220C00025000,BTDR,C,25.0,2024-12-20,209,0,308,0.9,1733496971330000000,951,85590.0,2024-12-06,Automatic Execution,Business Services,Technology Services,18.49,22.01,17.64,21.01,14,4.932423026376739,1,1,0,0,0
BTDR,Business Services,Technology Services,30__2,30,2.0,6. p95_trade_value,30000.0,70094.0,O:BTDR241220C00025000,BTDR,C,25.0,2024-12-20,227,0,323,1.35,1733500893322000000,276,37260.0,2024-12-06,Single Leg Auction Non ISO,Business Services,Technology Services,18.49,22.01,17.64,21.01,57,4.571242850560224,1,1,0,0,0
BTDR,Business Services,Technology Services,30__2,30,2.0,6. p95_trade_value,30000.0,70094.0,O:BTDR241220C00025000,BTDR,C,25.0,2024-12-20,227,0,323,1.02,1733498958419000000,687,70074.0,2024-12-06,Single Leg Auction Non ISO,Business Services,Technology Services,18.49,22.01,17.64,21.01,19,4.845556908821468,1,1,0,0,0
BTDR,Business Services,Technology Services,30__2,30,2.0,5. p99_trade_value,71730.0,162336.0,O:BTDR241220C00025000,BTDR,C,25.0,2024-12-20,209,0,325,0.85,1733842187728000000,961,81685.0,2024-12-10,Automatic Execution,Business Services,Technology Services,19.5,21.4,18.72,18.9,16,4.912142313382838,1,1,0,0,0
BTDR,Business Services,Technology Services,30__2,30,2.0,5. p99_trade_value,71730.0,162336.0,O:BTDR241220C00025000,BTDR,C,25.0,2024-12-20,209,0,308,0.7,1733843324009000000,1282,89740.0,2024-12-10,Automatic Execution,Business Services,Technology Services,19.5,21.4,18.72,18.9,12,4.952986065197056,1,1,0,0,0
BTDR,Business Services,Technology Services,30__2,30,2.0,6. p95_trade_value,30000.0,70094.0,O:BTDR241220C00025000,BTDR,C,25.0,2024-12-20,209,0,320,1.5,1734019102717000000,200,30000.0,2024-12-12,Automatic Execution,Business Services,Technology Services,21.19,24.68,20.4,21.37,86,4.477121254719663,2,1,0,0,0
BTDR,Business Services,Technology Services,30__2,30,2.0,5. p99_trade_value,71730.0,162336.0,O:BTDR241220C00030000,BTDR,C,30.0,2024-12-20,209,0,320,0.9,1734020829732000000,797,71730.0,2024-12-12,Automatic Execution,Business Services,Technology Services,21.19,24.68,20.4,21.37,17,4.8557008308354375,1,0,0,0,1
BTDR,Business Services,Technology Services,30__2,30,2.0,6. p95_trade_value,30000.0,70094.0,O:BTDR241220C00030000,BTDR,C,30.0,2024-12-20,209,0,325,0.8,1734020745127000000,500,40000.0,2024-12-12,Automatic Execution,Business Services,Technology Services,21.19,24.68,20.4,21.37,50,4.6020599913279625,1,0,0,0,1
BTDR,Business Services,Technology Services,30__2,30,2.0,6. p95_trade_value,30000.0,70094.0,O:BTDR250117C00025000,BTDR,C,25.0,2025-01-17,229,0,302,1.72,1734554242470000000,250,43000.0,2024-12-18,Single Leg Cross Non ISO,Business Services,Technology Services,21.0,22.7,19.29,19.4,47,4.633468455579586,1,1,0,0,0
BTDR,Business Services,Technology Services,30__2,30,2.0,6. p95_trade_value,30000.0,70094.0,O:BTDR250117P00018000,BTDR,P,18.0,2025-01-17,209,0,312,0.6,1735062464158000000,603,36180.0,2024-12-24,Automatic Execution,Business Services,Technology Services,21.77,24.0,20.7,23.56,58,4.558468562523795,1,1,0,0,0
BTDR,Business Services,Technology Services,30__2,30,2.0,6. p95_trade_value,30000.0,70094.0,O:BTDR250117P00018000,BTDR,P,18.0,2025-01-17,209,0,325,0.6,1735062463621000000,514,30839.999999999996,2024-12-24,Automatic Execution,Business Services,Technology Services,21.77,24.0,20.7,23.56,78,4.489114369378919,1,1,0,0,0
BTDR,Business Services,Technology Services,30__2,30,2.0,6. p95_trade_value,30000.0,70094.0,O:BTDR250117P00018000,BTDR,P,18.0,2025-01-17,209,0,312,0.6,1735062463729000000,644,38640.0,2024-12-24,Automatic Execution,Business Services,Technology Services,21.77,24.0,20.7,23.56,54,4.5870371177434555,1,1,0,0,0
BTDR,Business Services,Technology Services,30__2,30,2.0,6. p95_trade_value,30000.0,70094.0,O:BTDR250117P00022500,BTDR,P,22.5,2025-01-17,209,0,316,1.95,1735240021970000000,215,41925.0,2024-12-26,Automatic Execution,Business Services,Technology Services,22.9,25.12,22.71,24.46,49,4.622473071278123,1,1,1,1,0
BTDR,Business Services,Technology Services,30__2,30,2.0,6. p95_trade_value,30000.0,70094.0,O:BTDR250131P00020000,BTDR,P,20.0,2025-01-31,209,0,320,1.2,1735829847488000000,374,44880.0,2025-01-02,Automatic Execution,Business Services,Technology Services,22.03,25.18,21.52,22.87,46,4.652052848248105,1,1,1,1,0
BTDR,Business Services,Technology Services,30__2,30,2.0,6. p95_trade_value,30000.0,70094.0,O:BTDR250124C00028000,BTDR,C,28.0,2025-01-24,209,0,316,2.25,1735935703328000000,281,63225.0,2025-01-03,Automatic Execution,Business Services,Technology Services,22.99,26.2,22.6,26.1,23,4.8008888380164425,1,0,0,0,1
BTDR,Business Services,Technology Services,30__2,30,2.0,6. p95_trade_value,30000.0,70094.0,O:BTDR250110C00027000,BTDR,C,27.0,2025-01-10,209,0,313,1.0,1736174121946000000,324,32400.0,2025-01-06,Automatic Execution,Business Services,Technology Services,26.2,26.99,22.905,23.28,73,4.510545010206612,1,0,0,0,1
BTDR,Business Services,Technology Services,30__2,30,2.0,6. p95_trade_value,30000.0,70094.0,O:BTDR250131C00019000,BTDR,C,19.0,2025-01-31,209,0,308,1.85,1736529761875000000,300,55500.0,2025-01-10,Automatic Execution,Business Services,Technology Services,18.0334,18.79,16.89,18.5,30,4.744292983122676,1,1,1,0,0
BTDR,Business Services,Technology Services,30__2,30,2.0,6. p95_trade_value,30000.0,70094.0,O:BTDR250221C00022500,BTDR,C,22.5,2025-02-21,209,0,315,2.1,1737741857496000000,270,56700.0,2025-01-24,Automatic Execution,Business Services,Technology Services,20.17,21.68,19.6,20.66,29,4.753583058892906,1,0,0,0,1
BTDR,Business Services,Technology Services,30__2,30,2.0,6. p95_trade_value,30000.0,70094.0,O:BTDR250207P00015500,BTDR,P,15.5,2025-02-07,209,0,308,0.45,1738596066311000000,833,37485.0,2025-02-03,Automatic Execution,Business Services,Technology Services,16.9,17.97,16.29,17.77,56,4.573857515182131,1,0,0,0,1
BTDR,Business Services,Technology Services,30__2,30,2.0,6. p95_trade_value,30000.0,70094.0,O:BTDR250207P00016000,BTDR,P,16.0,2025-02-07,209,0,315,0.8,1738595639521000000,600,48000.0,2025-02-03,Automatic Execution,Business Services,Technology Services,16.9,17.97,16.29,17.77,38,4.681241237375588,1,1,0,0,0
BTDR,Business Services,Technology Services,30__2,30,2.0,6. p95_trade_value,30000.0,70094.0,O:BTDR250207P00016000,BTDR,P,16.0,2025-02-07,209,0,323,0.75,1738593549605000000,477,35775.0,2025-02-03,Automatic Execution,Business Services,Technology Services,16.9,17.97,16.29,17.77,60,4.553579642431814,1,1,0,0,0
BTDR,Business Services,Technology Services,30__2,30,2.0,5. p99_trade_value,71730.0,162336.0,O:BTDR250207P00016000,BTDR,P,16.0,2025-02-07,209,0,308,0.85,1738593724050000000,1000,85000.0,2025-02-03,Automatic Execution,Business Services,Technology Services,16.9,17.97,16.29,17.77,15,4.929418925714293,1,1,0,0,0
BTDR,Business Services,Technology Services,30__2,30,2.0,6. p95_trade_value,30000.0,70094.0,O:BTDR250221P00016000,BTDR,P,16.0,2025-02-21,227,0,312,1.13,1738688463000000000,268,30283.999999999996,2025-02-04,Single Leg Auction Non ISO,Business Services,Technology Services,17.8,17.939,16.8,16.89,81,4.4812132375122085,1,1,1,1,0
BTDR,Business Services,Technology Services,30__2,30,2.0,6. p95_trade_value,30000.0,70094.0,O:BTDR250207C00018000,BTDR,C,18.0,2025-02-07,209,0,308,0.55,1738765993810000000,1099,60445.00000000001,2025-02-05,Automatic Execution,Business Services,Technology Services,17.17,17.75,15.88,16.25,24,4.781360381917734,1,0,0,0,1
BTDR,Business Services,Technology Services,30__2,30,2.0,6. p95_trade_value,30000.0,70094.0,O:BTDR250214P00016500,BTDR,P,16.5,2025-02-14,209,0,308,0.85,1738959020977000000,385,32725.0,2025-02-07,Automatic Execution,Business Services,Technology Services,16.8,17.77,16.52,16.66,70,4.514879655222793,1,1,1,1,0
BTDR,Business Services,Technology Services,30__2,30,2.0,6. p95_trade_value,30000.0,70094.0,O:BTDR250214P00016500,BTDR,P,16.5,2025-02-14,219,0,308,0.85,1738958558577000000,500,42500.0,2025-02-07,Intermarket Sweep Order,Business Services,Technology Services,16.8,17.77,16.52,16.66,48,4.628388930050312,1,1,1,1,0
BTDR,Business Services,Technology Services,30__2,30,2.0,6. p95_trade_value,30000.0,70094.0,O:BTDR250228C00015500,BTDR,C,15.5,2025-02-28,232,0,308,0.8,1739980994214000000,422,33760.0,2025-02-19,Multi Leg auto-electronic trade,Business Services,Technology Services,15.12,15.38,14.5,14.92,68,4.528402437953617,1,0,0,0,1
BTDR,Business Services,Technology Services,30__2,30,2.0,6. p95_trade_value,30000.0,70094.0,O:BTDR250228C00016000,BTDR,C,16.0,2025-02-28,233,0,302,0.59,1740082470425000000,995,58704.99999999999,2025-02-20,Multi Leg Auction,Business Services,Technology Services,15.13,15.42,13.79,14.93,27,4.76867509238787,1,0,0,0,1
BTDR,Business Services,Technology Services,30__2,30,2.0,6. p95_trade_value,30000.0,70094.0,O:BTDR250228C00017000,BTDR,C,17.0,2025-02-28,233,0,302,0.34,1740082470425000000,995,33830.0,2025-02-20,Multi Leg Auction,Business Services,Technology Services,15.13,15.42,13.79,14.93,67,4.5293019977879805,1,0,0,0,1
BTDR,Business Services,Technology Services,30__2,30,2.0,6. p95_trade_value,30000.0,70094.0,O:BTDR250321P00012500,BTDR,P,12.5,2025-03-21,209,0,325,0.9,1740067521789000000,335,30150.0,2025-02-20,Automatic Execution,Business Services,Technology Services,15.13,15.42,13.79,14.93,84,4.47928731647617,1,1,1,1,0
BTDR,Business Services,Technology Services,30__2,30,2.0,6. p95_trade_value,30000.0,70094.0,O:BTDR250321C00020000,BTDR,C,20.0,2025-03-21,232,0,322,0.29,1740156478238000000,1042,30218.0,2025-02-21,Multi Leg auto-electronic trade,Business Services,Technology Services,15.29,15.305,13.02,13.09,83,4.480265716862462,1,0,0,0,1
BTDR,Business Services,Technology Services,30__2,30,2.0,6. p95_trade_value,30000.0,70094.0,O:BTDR250228C00014000,BTDR,C,14.0,2025-02-28,233,0,302,0.27,1740410640234000000,1121,30267.0,2025-02-24,Multi Leg Auction,Business Services,Technology Services,13.09,13.45,12.26,13.1,82,4.4809693767539605,1,0,0,0,1
BTDR,Business Services,Technology Services,30__2,30,2.0,6. p95_trade_value,30000.0,70094.0,O:BTDR250314C00011000,BTDR,C,11.0,2025-03-14,209,0,308,0.7,1740580763156000000,500,35000.0,2025-02-26,Automatic Execution,Business Services,Technology Services,10.03,10.66,9.92,10.25,64,4.544068044350276,1,1,0,0,0
BTDR,Business Services,Technology Services,30__2,30,2.0,6. p95_trade_value,30000.0,70094.0,O:BTDR250307C00012500,BTDR,C,12.5,2025-03-07,229,0,302,0.5,1740670777668000000,950,47500.0,2025-02-27,Single Leg Cross Non ISO,Business Services,Technology Services,10.8,12.01,10.75,10.89,39,4.676693609624866,1,1,0,0,0
BTDR,Business Services,Technology Services,30__2,30,2.0,6. p95_trade_value,30000.0,70094.0,O:BTDR250321C00011000,BTDR,C,11.0,2025-03-21,232,0,308,0.6,1741700969088000000,1000,60000.0,2025-03-11,Multi Leg auto-electronic trade,Business Services,Technology Services,10.29,10.71,9.9,10.57,25,4.778151250383644,1,1,0,0,0
BTDR,Business Services,Technology Services,30__2,30,2.0,6. p95_trade_value,30000.0,70094.0,O:BTDR250321C00011000,BTDR,C,11.0,2025-03-21,232,0,308,0.55,1741700571233000000,1000,55000.0,2025-03-11,Multi Leg auto-electronic trade,Business Services,Technology Services,10.29,10.71,9.9,10.57,32,4.740362689494244,1,1,0,0,0
BTDR,Business Services,Technology Services,30__2,30,2.0,6. p95_trade_value,30000.0,70094.0,O:BTDR250328C00012500,BTDR,C,12.5,2025-03-28,209,0,320,0.3,1741878214476000000,1000,30000.0,2025-03-13,Automatic Execution,Business Services,Technology Services,10.58,10.69,9.75,9.78,85,4.477121254719663,1,0,0,0,1
BTDR,Business Services,Technology Services,30__2,30,2.0,6. p95_trade_value,30000.0,70094.0,O:BTDR250417C00012500,BTDR,C,12.5,2025-04-17,209,0,318,0.4,1742308808275000000,1315,52600.0,2025-03-18,Automatic Execution,Business Services,Technology Services,10.47,10.47,9.425,9.485,33,4.720985744153739,1,0,0,0,1
BTDR,Business Services,Technology Services,30__2,30,2.0,6. p95_trade_value,30000.0,70094.0,O:BTDR250417C00012500,BTDR,C,12.5,2025-04-17,209,0,309,0.45,1742307987081000000,1155,51975.0,2025-03-18,Automatic Execution,Business Services,Technology Services,10.47,10.47,9.425,9.485,34,4.715794498003507,1,0,0,0,1
BTDR,Business Services,Technology Services,30__2,30,2.0,6. p95_trade_value,30000.0,70094.0,O:BTDR250411C00011500,BTDR,C,11.5,2025-04-11,233,0,302,0.41,1743003699905000000,764,31324.0,2025-03-26,Multi Leg Auction,Business Services,Technology Services,10.915,11.09,10.02,10.15,76,4.495877215295425,1,0,0,0,1
BTDR,Business Services,Technology Services,30__2,30,2.0,6. p95_trade_value,30000.0,70094.0,O:BTDR250404C00009000,BTDR,C,9.0,2025-04-04,227,0,301,0.3,1743429774752000000,1000,30000.0,2025-03-31,Single Leg Auction Non ISO,Business Services,Technology Services,8.8,8.96,8.46,8.83,87,4.477121254719663,2,1,0,0,0
BTDR,Business Services,Technology Services,30__2,30,2.0,6. p95_trade_value,30000.0,70094.0,O:BTDR250417C00008000,BTDR,C,8.0,2025-04-17,209,0,308,0.35,1744389736138000000,1000,35000.0,2025-04-11,Automatic Execution,Business Services,Technology Services,7.68,7.99,7.42,7.95,63,4.544068044350276,1,1,0,0,0
BTDR,Business Services,Technology Services,30__2,30,2.0,6. p95_trade_value,30000.0,70094.0,O:BTDR250502C00008000,BTDR,C,8.0,2025-05-02,233,0,323,0.37,1744738095176000000,1740,64379.99999999999,2025-04-15,Multi Leg Auction,Business Services,Technology Services,7.81,7.9,7.135,7.2,22,4.8087509723495945,1,1,1,1,0
BTDR,Business Services,Technology Services,30__2,30,2.0,5. p99_trade_value,71730.0,162336.0,O:BTDR250509C00011000,BTDR,C,11.0,2025-05-09,233,0,302,0.89,1745417106456000000,1824,162336.0,2025-04-23,Multi Leg Auction,Business Services,Technology Services,9.96,10.545,9.61,9.84,3,5.21041484063731,1,1,1,1,0
BTDR,Business Services,Technology Services,30__2,30,2.0,5. p99_trade_value,71730.0,162336.0,O:BTDR250509C00012000,BTDR,C,12.0,2025-05-09,233,0,302,0.51,1745417106456000000,1824,93024.0,2025-04-23,Multi Leg Auction,Business Services,Technology Services,9.96,10.545,9.61,9.84,11,4.9685950100903336,1,1,1,1,0
BTDR,Business Services,Technology Services,30__2,30,2.0,6. p95_trade_value,30000.0,70094.0,O:BTDR250516C00011000,BTDR,C,11.0,2025-05-16,209,0,325,1.0,1745416249593000000,342,34200.0,2025-04-23,Automatic Execution,Business Services,Technology Services,9.96,10.545,9.61,9.84,65,4.534026106056135,1,1,1,1,0
BTDR,Business Services,Technology Services,30__2,30,2.0,6. p95_trade_value,30000.0,70094.0,O:BTDR250516P00009000,BTDR,P,9.0,2025-05-16,209,0,308,0.95,1745425221891000000,580,55100.0,2025-04-23,Automatic Execution,Business Services,Technology Services,9.96,10.545,9.61,9.84,31,4.741151598851785,1,0,0,0,1
BTDR,Business Services,Technology Services,30__2,30,2.0,6. p95_trade_value,30000.0,70094.0,O:BTDR250516P00010000,BTDR,P,10.0,2025-05-16,209,0,308,1.15,1745593727161000000,334,38410.0,2025-04-25,Automatic Execution,Business Services,Technology Services,10.66,10.81,10.16,10.53,55,4.584444307165176,1,1,0,0,0
BTDR,Business Services,Technology Services,30__2,30,2.0,6. p95_trade_value,30000.0,70094.0,O:BTDR250516P00010000,BTDR,P,10.0,2025-05-16,209,0,308,1.15,1745593727161000000,517,59454.99999999999,2025-04-25,Automatic Execution,Business Services,Technology Services,10.66,10.81,10.16,10.53,26,4.774188383447554,1,1,0,0,0
BTDR,Business Services,Technology Services,30__2,30,2.0,6. p95_trade_value,30000.0,70094.0,O:BTDR250516C00011000,BTDR,C,11.0,2025-05-16,209,0,323,0.6,1745948958787000000,590,35400.0,2025-04-29,Automatic Execution,Business Services,Technology Services,10.02,10.165,9.64,9.85,62,4.549003262025788,1,1,1,1,0
BTDR,Business Services,Technology Services,30__2,30,2.0,6. p95_trade_value,30000.0,70094.0,O:BTDR250516C00011000,BTDR,C,11.0,2025-05-16,209,0,302,0.55,1745935490969000000,555,30525.0,2025-04-29,Automatic Execution,Business Services,Technology Services,10.02,10.165,9.64,9.85,80,4.48465567261692,1,1,1,1,0
BTDR,Business Services,Technology Services,30__2,30,2.0,6. p95_trade_value,30000.0,70094.0,O:BTDR250516C00015000,BTDR,C,15.0,2025-05-16,233,0,302,0.22,1746712995624000000,2630,57860.0,2025-05-08,Multi Leg Auction,Business Services,Technology Services,12.05,13.83,11.71,13.54,28,4.762378429311964,1,1,1,1,0
BTDR,Business Services,Technology Services,30__2,30,2.0,4. p999_trade_value,267914.0,267914.0,O:BTDR250523C00016000,BTDR,C,16.0,2025-05-23,233,0,323,0.97,1747060620848000000,2762,267914.0,2025-05-12,Multi Leg Auction,Business Services,Technology Services,15.1,15.25,13.885,14.18,2,5.427995408508857,1,1,0,0,0
BTDR,Business Services,Technology Services,30__2,30,2.0,5. p99_trade_value,71730.0,162336.0,O:BTDR250523C00018000,BTDR,C,18.0,2025-05-23,233,0,323,0.53,1747060620848000000,2762,146386.0,2025-05-12,Multi Leg Auction,Business Services,Technology Services,15.1,15.25,13.885,14.18,4,5.165499543843402,1,0,0,0,1
BTDR,Business Services,Technology Services,30__2,30,2.0,1. p999999_trade_value,359904.0,359904.0,O:BTDR250523C00015500,BTDR,C,15.5,2025-05-23,232,0,322,0.92,1747238740678000000,3912,359904.0,2025-05-14,Multi Leg auto-electronic trade,Business Services,Technology Services,14.26,14.75,14.01,14.09,1,5.556186673461119,1,1,0,0,0
BTDR,Business Services,Technology Services,30__2,30,2.0,6. p95_trade_value,30000.0,70094.0,O:BTDR250523C00015500,BTDR,C,15.5,2025-05-23,232,0,322,0.92,1747238740678000000,348,32016.000000000004,2025-05-14,Multi Leg auto-electronic trade,Business Services,Technology Services,14.26,14.75,14.01,14.09,74,4.505367071292136,1,1,0,0,0
BTDR,Business Services,Technology Services,30__2,30,2.0,6. p95_trade_value,30000.0,70094.0,O:BTDR250523C00015500,BTDR,C,15.5,2025-05-23,232,0,303,0.93,1747238718251000000,495,46035.0,2025-05-14,Multi Leg auto-electronic trade,Business Services,Technology Services,14.26,14.75,14.01,14.09,44,4.663088147487504,1,1,0,0,0
BTDR,Business Services,Technology Services,30__2,30,2.0,6. p95_trade_value,30000.0,70094.0,O:BTDR250530C00016000,BTDR,C,16.0,2025-05-30,209,0,323,0.65,1747761089549000000,500,32500.0,2025-05-20,Automatic Execution,Business Services,Technology Services,15.35,15.765,14.6,15.59,71,4.511883360978874,1,1,0,0,0
BTDR,Business Services,Technology Services,30__2,30,2.0,5. p99_trade_value,71730.0,162336.0,O:BTDR250620P00013000,BTDR,P,13.0,2025-06-20,219,0,316,0.9,1747857405180000000,977,87930.0,2025-05-21,Intermarket Sweep Order,Business Services,Technology Services,15.03,16.23,14.6724,14.75,13,4.944137073158098,1,1,0,0,0
BTDR,Business Services,Technology Services,30__2,30,2.0,6. p95_trade_value,30000.0,70094.0,O:BTDR250620P00014000,BTDR,P,14.0,2025-06-20,209,0,323,1.2,1747857330465000000,331,39720.0,2025-05-21,Automatic Execution,Business Services,Technology Services,15.03,16.23,14.6724,14.75,51,4.599009239823344,1,1,0,0,0
BTDR,Business Services,Technology Services,30__2,30,2.0,6. p95_trade_value,30000.0,70094.0,O:BTDR250620P00014000,BTDR,P,14.0,2025-06-20,219,0,309,1.2,1747857330465000000,326,39120.0,2025-05-21,Intermarket Sweep Order,Business Services,Technology Services,15.03,16.23,14.6724,14.75,52,4.592398846115564,1,1,0,0,0
BTDR,Business Services,Technology Services,30__2,30,2.0,6. p95_trade_value,30000.0,70094.0,O:BTDR250606C00017500,BTDR,C,17.5,2025-06-06,227,0,312,0.6,1747927346989000000,827,49620.0,2025-05-22,Single Leg Auction Non ISO,Business Services,Technology Services,15.27,15.8,15.02,15.08,36,4.69565675993619,1,0,0,0,1
BTDR,Business Services,Technology Services,30__2,30,2.0,6. p95_trade_value,30000.0,70094.0,O:BTDR250530C00015500,BTDR,C,15.5,2025-05-30,233,0,323,0.44,1748011276114000000,1565,68860.0,2025-05-23,Multi Leg Auction,Business Services,Technology Services,14.34,14.7755,14.14,14.46,20,4.837967018368655,1,0,0,0,1
BTDR,Business Services,Technology Services,30__2,30,2.0,6. p95_trade_value,30000.0,70094.0,O:BTDR250530C00016000,BTDR,C,16.0,2025-05-30,233,0,302,0.25,1748010900903000000,1561,39025.0,2025-05-23,Multi Leg Auction,Business Services,Technology Services,14.34,14.7755,14.14,14.46,53,4.591342911734455,1,0,0,0,1
BTDR,Business Services,Technology Services,30__2,30,2.0,6. p95_trade_value,30000.0,70094.0,O:BTDR250530C00016500,BTDR,C,16.5,2025-05-30,233,0,323,0.23,1748011276114000000,1565,35995.0,2025-05-23,Multi Leg Auction,Business Services,Technology Services,14.34,14.7755,14.14,14.46,59,4.55624217790006,1,0,0,0,1
BTDR,Business Services,Technology Services,30__2,30,2.0,6. p95_trade_value,30000.0,70094.0,O:BTDR250606C00016000,BTDR,C,16.0,2025-06-06,209,0,308,0.65,1748359308403000000,500,32500.0,2025-05-27,Automatic Execution,Business Services,Technology Services,15.04,15.15,14.56,15.0,72,4.511883360978874,1,0,0,0,1
BTDR,Business Services,Technology Services,30__2,30,2.0,6. p95_trade_value,30000.0,70094.0,O:BTDR250606C00016000,BTDR,C,16.0,2025-06-06,233,0,302,0.4,1748540715021000000,1646,65840.00000000001,2025-05-29,Multi Leg Auction,Business Services,Technology Services,14.6,15.05,14.24,14.31,21,4.818489822204214,1,0,0,0,1
BTDR,Business Services,Technology Services,30__2,30,2.0,6. p95_trade_value,30000.0,70094.0,O:BTDR250606C00016000,BTDR,C,16.0,2025-06-06,235,0,301,0.32,1748540698223000000,1583,50656.0,2025-05-29,Multi Leg floor trade,Business Services,Technology Services,14.6,15.05,14.24,14.31,35,4.704630893182262,1,0,0,0,1
BTDR,Business Services,Technology Services,30__2,30,2.0,5. p99_trade_value,71730.0,162336.0,O:BTDR250620P00014000,BTDR,P,14.0,2025-06-20,219,0,323,1.0,1748526538068000000,1064,106400.0,2025-05-29,Intermarket Sweep Order,Business Services,Technology Services,14.6,15.05,14.24,14.31,7,5.0269416279590295,1,1,0,0,0
BTDR,Business Services,Technology Services,30__2,30,2.0,6. p95_trade_value,30000.0,70094.0,O:BTDR250620P00014000,BTDR,P,14.0,2025-06-20,219,0,308,1.0,1748526538068000000,463,46300.0,2025-05-29,Intermarket Sweep Order,Business Services,Technology Services,14.6,15.05,14.24,14.31,42,4.665580991017953,1,1,0,0,0
BTDR,Business Services,Technology Services,30__2,30,2.0,6. p95_trade_value,30000.0,70094.0,O:BTDR250620P00014000,BTDR,P,14.0,2025-06-20,219,0,304,1.0,1748526538068000000,354,35400.0,2025-05-29,Intermarket Sweep Order,Business Services,Technology Services,14.6,15.05,14.24,14.31,61,4.549003262025788,1,1,0,0,0
BTDR,Business Services,Technology Services,30__2,30,2.0,5. p99_trade_value,71730.0,162336.0,O:BTDR250613C00014500,BTDR,C,14.5,2025-06-13,233,0,323,0.31,1749133695737000000,3228,100068.0,2025-06-05,Multi Leg Auction,Business Services,Technology Services,13.53,13.55,12.335,12.63,9,5.000295219884306,1,1,0,0,0
BTDR,Business Services,Technology Services,30__2,30,2.0,5. p99_trade_value,71730.0,162336.0,O:BTDR250620C00014000,BTDR,C,14.0,2025-06-20,233,0,323,0.31,1749826835252000000,3378,104718.0,2025-06-13,Multi Leg Auction,Business Services,Technology Services,12.925,13.235,12.6,12.68,8,5.020021339069262,1,0,0,0,0
CDLX,Business Services,Technology Services,10__0,10,0.0,7. p90_trade_value,11599.999999999998,11599.999999999998,O:CDLX241115P00004000,CDLX,P,4.0,2024-11-15,209,0,325,0.58,1730381582239000000,200,11599.999999999998,2024-10-31,Automatic Execution,Business Services,Technology Services,4.15,4.33,4.075,4.31,2,4.064457989226918,2,1,1,1,0
CDLX,Business Services,Technology Services,10__0,10,0.0,1. p999999_trade_value,13500.0,13500.0,O:CDLX241115P00004000,CDLX,P,4.0,2024-11-15,227,0,323,0.45,1730828332311000000,300,13500.0,2024-11-05,Single Leg Auction Non ISO,Business Services,Technology Services,4.25,4.735,4.19,4.69,1,4.1303337684950066,1,1,1,1,0
CIFR,Business Services,Technology Services,25__0,25,0.0,5. p99_trade_value,149990.0,400000.0,O:CIFR241025C00005500,CIFR,C,5.5,2024-10-25,231,0,300,0.1,1728059586608000000,14999,149990.0,2024-10-04,Single Leg Floor Trade,Business Services,Technology Services,3.94,4.21,3.91,4.1,6,5.176062305125079,1,1,1,0,0
CIFR,Business Services,Technology Services,25__0,25,0.0,5. p99_trade_value,149990.0,400000.0,O:CIFR241025C00005500,CIFR,C,5.5,2024-10-25,235,0,300,0.16,1729103494810000000,25000,400000.0,2024-10-16,Multi Leg floor trade,Business Services,Technology Services,4.5,5.0399,4.38,5.01,3,5.6020599913279625,1,1,1,0,0
CIFR,Business Services,Technology Services,25__0,25,0.0,1. p999999_trade_value,575000.0,575000.0,O:CIFR241101C00005500,CIFR,C,5.5,2024-11-01,235,0,300,0.23,1729103494811000000,25000,575000.0,2024-10-16,Multi Leg floor trade,Business Services,Technology Services,4.5,5.0399,4.38,5.01,1,5.7596678446896306,1,1,0,0,0
CIFR,Business Services,Technology Services,25__0,25,0.0,5. p99_trade_value,149990.0,400000.0,O:CIFR241108C00005500,CIFR,C,5.5,2024-11-08,235,0,323,0.25,1730742725666000000,9950,248750.0,2024-11-04,Multi Leg floor trade,Business Services,Technology Services,5.11,5.335,4.985,5.04,4,5.3957630894177635,1,1,1,1,0
CIFR,Business Services,Technology Services,25__0,25,0.0,5. p99_trade_value,149990.0,400000.0,O:CIFR241115C00005500,CIFR,C,5.5,2024-11-15,235,0,323,0.4,1730742725665000000,10000,400000.0,2024-11-04,Multi Leg floor trade,Business Services,Technology Services,5.11,5.335,4.985,5.04,2,5.6020599913279625,1,1,1,1,0
CIFR,Business Services,Technology Services,25__0,25,0.0,5. p99_trade_value,149990.0,400000.0,O:CIFR250221P00004500,CIFR,P,4.5,2025-02-21,234,0,308,0.34,1738269771416000000,5000,170000.00000000003,2025-01-30,Multi Leg Cross,Business Services,Technology Services,4.6,4.875,4.595,4.7,5,5.230448921378274,1,0,0,0,1
COHR,Business Services,Technology Services,35__2,35,2.0,6. p95_trade_value,32000.0,128079.0,O:COHR240920C00085000,COHR,C,85.0,2024-09-20,231,0,301,1.4,1724854044964000000,308,43120.0,2024-08-28,Single Leg Floor Trade,Business Services,Technology Services,79.12,80.38,77.59,78.79,119,4.634678752178682,1,1,1,1,0
COHR,Business Services,Technology Services,35__2,35,2.0,7. p90_trade_value,19210.0,31592.0,O:COHR240920P00065000,COHR,P,65.0,2024-09-20,233,0,323,0.69,1725390902230000000,438,30221.999999999996,2024-09-03,Multi Leg Auction,Business Services,Technology Services,76.0,76.35,71.765,71.88,181,4.4803232012413545,2,0,0,0,1
COHR,Business Services,Technology Services,35__2,35,2.0,7. p90_trade_value,19210.0,31592.0,O:COHR240927P00067000,COHR,P,67.0,2024-09-27,209,0,323,0.5,1726083502920000000,520,26000.0,2024-09-11,Automatic Execution,Business Services,Technology Services,71.36,76.23,71.15,75.37,215,4.414973347970818,2,0,0,0,1
COHR,Business Services,Technology Services,35__2,35,2.0,6. p95_trade_value,32000.0,128079.0,O:COHR240920C00080000,COHR,C,80.0,2024-09-20,242,0,300,1.65,1726251158019000000,300,49500.0,2024-09-13,Stock Options floor trade,Business Services,Technology Services,76.08,78.895,76.08,77.98,103,4.694605198933568,1,1,1,1,0
COHR,Business Services,Technology Services,35__2,35,2.0,7. p90_trade_value,19210.0,31592.0,O:COHR240920P00074000,COHR,P,74.0,2024-09-20,209,0,308,1.6,1726499232667000000,139,22240.0,2024-09-16,Automatic Execution,Business Services,Technology Services,75.64,77.13,74.6,75.25,280,4.34713478291002,2,0,0,0,1
COHR,Business Services,Technology Services,35__2,35,2.0,6. p95_trade_value,32000.0,128079.0,O:COHR240927C00084000,COHR,C,84.0,2024-09-27,232,0,304,2.66,1726684515159000000,198,52668.00000000001,2024-09-18,Multi Leg auto-electronic trade,Business Services,Technology Services,78.22,83.99,77.79,80.98,97,4.721546826892598,1,1,1,1,0
COHR,Business Services,Technology Services,35__2,35,2.0,6. p95_trade_value,32000.0,128079.0,O:COHR241018C00090000,COHR,C,90.0,2024-10-18,209,0,316,2.85,1726756073877000000,131,37335.0,2024-09-19,Automatic Execution,Business Services,Technology Services,84.68,89.25,83.44,86.06,137,4.572116155664275,1,1,1,1,0
COHR,Business Services,Technology Services,35__2,35,2.0,6. p95_trade_value,32000.0,128079.0,O:COHR241018C00090000,COHR,C,90.0,2024-10-18,227,0,323,4.5,1726768099286000000,100,45000.0,2024-09-19,Single Leg Auction Non ISO,Business Services,Technology Services,84.68,89.25,83.44,86.06,113,4.653212513775344,1,1,1,1,0
COHR,Business Services,Technology Services,35__2,35,2.0,6. p95_trade_value,32000.0,128079.0,O:COHR241018C00090000,COHR,C,90.0,2024-10-18,227,0,323,2.8,1726756074144000000,149,41720.0,2024-09-19,Single Leg Auction Non ISO,Business Services,Technology Services,84.68,89.25,83.44,86.06,124,4.6203442997544935,1,1,1,1,0
COHR,Business Services,Technology Services,35__2,35,2.0,7. p90_trade_value,19210.0,31592.0,O:COHR241018C00090000,COHR,C,90.0,2024-10-18,209,0,320,2.8,1726756072858000000,88,24639.999999999996,2024-09-19,Automatic Execution,Business Services,Technology Services,84.68,89.25,83.44,86.06,233,4.391640703492388,2,1,1,1,0
COHR,Business Services,Technology Services,35__2,35,2.0,6. p95_trade_value,32000.0,128079.0,O:COHR241018C00095000,COHR,C,95.0,2024-10-18,209,0,316,2.25,1726762589588000000,219,49275.0,2024-09-19,Automatic Execution,Business Services,Technology Services,84.68,89.25,83.44,86.06,104,4.692626632951481,1,1,1,1,0
COHR,Business Services,Technology Services,35__2,35,2.0,6. p95_trade_value,32000.0,128079.0,O:COHR241018C00090000,COHR,C,90.0,2024-10-18,209,0,320,3.3,1726861806351000000,112,36960.0,2024-09-20,Automatic Execution,Business Services,Technology Services,86.0,87.81,84.9,87.02,139,4.567731962548069,1,1,1,1,0
COHR,Business Services,Technology Services,35__2,35,2.0,6. p95_trade_value,32000.0,128079.0,O:COHR241018C00090000,COHR,C,90.0,2024-10-18,209,0,308,3.1,1726848664172000000,145,44950.0,2024-09-20,Automatic Execution,Business Services,Technology Services,86.0,87.81,84.9,87.02,115,4.6527296960692475,1,1,1,1,0
COHR,Business Services,Technology Services,35__2,35,2.0,7. p90_trade_value,19210.0,31592.0,O:COHR241018C00090000,COHR,C,90.0,2024-10-18,209,0,320,2.9,1726853747646000000,87,25230.0,2024-09-20,Automatic Execution,Business Services,Technology Services,86.0,87.81,84.9,87.02,222,4.401917250517575,2,1,1,1,0
COHR,Business Services,Technology Services,35__2,35,2.0,7. p90_trade_value,19210.0,31592.0,O:COHR241018C00090000,COHR,C,90.0,2024-10-18,209,0,316,3.6,1726861078082000000,54,19440.0,2024-09-20,Automatic Execution,Business Services,Technology Services,86.0,87.81,84.9,87.02,326,4.288696260590256,2,1,1,1,0
COHR,Business Services,Technology Services,35__2,35,2.0,7. p90_trade_value,19210.0,31592.0,O:COHR241011P00085000,COHR,P,85.0,2024-10-11,232,0,302,1.43,1727194108379000000,216,30888.0,2024-09-24,Multi Leg auto-electronic trade,Business Services,Technology Services,88.41,91.0,88.25,89.73,174,4.489789788615993,2,0,0,0,1
COHR,Business Services,Technology Services,35__2,35,2.0,6. p95_trade_value,32000.0,128079.0,O:COHR241018C00095000,COHR,C,95.0,2024-10-18,209,0,325,2.0,1727186489749000000,235,47000.0,2024-09-24,Automatic Execution,Business Services,Technology Services,88.41,91.0,88.25,89.73,110,4.672097857935717,1,1,1,1,0
COHR,Business Services,Technology Services,35__2,35,2.0,7. p90_trade_value,19210.0,31592.0,O:COHR241018C00100000,COHR,C,100.0,2024-10-18,209,0,320,1.3,1727196671218000000,160,20800.0,2024-09-24,Automatic Execution,Business Services,Technology Services,88.41,91.0,88.25,89.73,298,4.318063334962762,2,1,1,0,0
COHR,Business Services,Technology Services,35__2,35,2.0,7. p90_trade_value,19210.0,31592.0,O:COHR241018C00100000,COHR,C,100.0,2024-10-18,232,0,301,1.6,1727380548574000000,125,20000.0,2024-09-26,Multi Leg auto-electronic trade,Business Services,Technology Services,93.88,95.29,90.51,92.42,317,4.301029995663981,2,1,1,0,0
COHR,Business Services,Technology Services,35__2,35,2.0,7. p90_trade_value,19210.0,31592.0,O:COHR241018C00095000,COHR,C,95.0,2024-10-18,209,0,301,2.0,1727453576158000000,99,19800.0,2024-09-27,Automatic Execution,Business Services,Technology Services,93.15,93.15,87.2331,89.83,320,4.296665190261531,2,1,1,1,0
COHR,Business Services,Technology Services,35__2,35,2.0,6. p95_trade_value,32000.0,128079.0,O:COHR241025C00096000,COHR,C,96.0,2024-10-25,231,0,301,2.15,1727882086815000000,500,107500.0,2024-10-02,Single Leg Floor Trade,Business Services,Technology Services,88.88,92.39,87.6056,91.46,48,5.031408464251625,1,1,1,0,0
COHR,Business Services,Technology Services,35__2,35,2.0,7. p90_trade_value,19210.0,31592.0,O:COHR241025C00100000,COHR,C,100.0,2024-10-25,209,0,319,2.1,1727964801655000000,149,31290.000000000004,2024-10-03,Automatic Execution,Business Services,Technology Services,90.92,94.46,90.6,94.27,170,4.4954055631461936,2,1,0,0,0
COHR,Business Services,Technology Services,35__2,35,2.0,6. p95_trade_value,32000.0,128079.0,O:COHR241018C00105000,COHR,C,105.0,2024-10-18,209,0,308,1.9,1728656926177000000,170,32300.0,2024-10-11,Automatic Execution,Business Services,Technology Services,100.3,104.67,100.0,104.62,164,4.509202522331103,1,1,0,0,0
COHR,Business Services,Technology Services,35__2,35,2.0,6. p95_trade_value,32000.0,128079.0,O:COHR241018C00107000,COHR,C,107.0,2024-10-18,227,0,308,1.35,1728662399665000000,393,53055.00000000001,2024-10-11,Single Leg Auction Non ISO,Business Services,Technology Services,100.3,104.67,100.0,104.62,96,4.724726318870433,1,0,0,0,1
COHR,Business Services,Technology Services,35__2,35,2.0,6. p95_trade_value,32000.0,128079.0,O:COHR241025C00105000,COHR,C,105.0,2024-10-25,235,0,301,2.9,1728661413100000000,396,114839.99999999999,2024-10-11,Multi Leg floor trade,Business Services,Technology Services,100.3,104.67,100.0,104.62,43,5.060093183824469,1,1,0,0,0
COHR,Business Services,Technology Services,35__2,35,2.0,7. p90_trade_value,19210.0,31592.0,O:COHR241108C00107000,COHR,C,107.0,2024-11-08,209,0,325,6.2,1728656857124000000,38,23560.0,2024-10-11,Automatic Execution,Business Services,Technology Services,100.3,104.67,100.0,104.62,255,4.3721752861150645,2,1,1,1,0
COHR,Business Services,Technology Services,35__2,35,2.0,7. p90_trade_value,19210.0,31592.0,O:COHR241108C00107000,COHR,C,107.0,2024-11-08,209,0,322,6.2,1728656857115000000,38,23560.0,2024-10-11,Automatic Execution,Business Services,Technology Services,100.3,104.67,100.0,104.62,257,4.3721752861150645,2,1,1,1,0
COHR,Business Services,Technology Services,35__2,35,2.0,7. p90_trade_value,19210.0,31592.0,O:COHR241108C00107000,COHR,C,107.0,2024-11-08,209,0,315,6.2,1728656857116000000,38,23560.0,2024-10-11,Automatic Execution,Business Services,Technology Services,100.3,104.67,100.0,104.62,256,4.3721752861150645,2,1,1,1,0
COHR,Business Services,Technology Services,35__2,35,2.0,7. p90_trade_value,19210.0,31592.0,O:COHR241108C00107000,COHR,C,107.0,2024-11-08,209,0,313,6.2,1728656857115000000,38,23560.0,2024-10-11,Automatic Execution,Business Services,Technology Services,100.3,104.67,100.0,104.62,258,4.3721752861150645,2,1,1,1,0
COHR,Business Services,Technology Services,35__2,35,2.0,7. p90_trade_value,19210.0,31592.0,O:COHR241108C00107000,COHR,C,107.0,2024-11-08,209,0,320,6.2,1728656857119000000,32,19840.0,2024-10-11,Automatic Execution,Business Services,Technology Services,100.3,104.67,100.0,104.62,319,4.29754166781816,2,1,1,1,0
COHR,Business Services,Technology Services,35__2,35,2.0,7. p90_trade_value,19210.0,31592.0,O:COHR241108C00107000,COHR,C,107.0,2024-11-08,209,0,301,6.2,1728656857123000000,31,19220.0,2024-10-11,Automatic Execution,Business Services,Technology Services,100.3,104.67,100.0,104.62,332,4.2837533833325265,2,1,1,1,0
COHR,Business Services,Technology Services,35__2,35,2.0,7. p90_trade_value,19210.0,31592.0,O:COHR241018P00100000,COHR,P,100.0,2024-10-18,227,0,323,0.94,1728922569915000000,238,22372.0,2024-10-14,Single Leg Auction Non ISO,Business Services,Technology Services,106.0,106.5,102.48,102.58,278,4.349704810656211,2,1,1,1,0
COHR,Business Services,Technology Services,35__2,35,2.0,6. p95_trade_value,32000.0,128079.0,O:COHR241115C00100000,COHR,C,100.0,2024-11-15,232,0,323,6.06,1729776831384000000,95,57569.99999999999,2024-10-24,Multi Leg auto-electronic trade,Business Services,Technology Services,98.13,99.2199,96.0,96.71,91,4.760196229455134,1,1,0,0,0
COHR,Business Services,Technology Services,35__2,35,2.0,6. p95_trade_value,32000.0,128079.0,O:COHR241115C00105000,COHR,C,105.0,2024-11-15,232,0,323,4.04,1729776831384000000,95,38380.0,2024-10-24,Multi Leg auto-electronic trade,Business Services,Technology Services,98.13,99.2199,96.0,96.71,132,4.584104970399452,1,1,0,0,0
COHR,Business Services,Technology Services,35__2,35,2.0,6. p95_trade_value,32000.0,128079.0,O:COHR241115P00090000,COHR,P,90.0,2024-11-15,209,0,303,3.5,1729781914086000000,95,33250.0,2024-10-24,Automatic Execution,Business Services,Technology Services,98.13,99.2199,96.0,96.71,159,4.521791649639123,1,0,0,0,1
COHR,Business Services,Technology Services,35__2,35,2.0,7. p90_trade_value,19210.0,31592.0,O:COHR241115C00100000,COHR,C,100.0,2024-11-15,209,0,319,5.7,1730226832700000000,50,28500.0,2024-10-29,Automatic Execution,Business Services,Technology Services,96.21,99.21,96.15,98.53,192,4.45484486000851,2,1,0,0,0
COHR,Business Services,Technology Services,35__2,35,2.0,7. p90_trade_value,19210.0,31592.0,O:COHR241108C00104000,COHR,C,104.0,2024-11-08,232,0,302,1.71,1730383774552000000,182,31121.999999999996,2024-10-31,Multi Leg auto-electronic trade,Business Services,Technology Services,96.0,96.0,90.806,92.44,172,4.493067498377228,2,1,1,1,0
COHR,Business Services,Technology Services,35__2,35,2.0,7. p90_trade_value,19210.0,31592.0,O:COHR241108C00104000,COHR,C,104.0,2024-11-08,232,0,323,1.71,1730383774448000000,114,19494.0,2024-10-31,Multi Leg auto-electronic trade,Business Services,Technology Services,96.0,96.0,90.806,92.44,325,4.289900961728627,2,1,1,1,0
COHR,Business Services,Technology Services,35__2,35,2.0,6. p95_trade_value,32000.0,128079.0,O:COHR241115C00105000,COHR,C,105.0,2024-11-15,242,0,302,2.04,1730399411455000000,500,102000.0,2024-10-31,Stock Options floor trade,Business Services,Technology Services,96.0,96.0,90.806,92.44,54,5.008600171761918,1,1,0,0,0
COHR,Business Services,Technology Services,35__2,35,2.0,6. p95_trade_value,32000.0,128079.0,O:COHR241115C00105000,COHR,C,105.0,2024-11-15,242,0,302,2.04,1730399583760000000,500,102000.0,2024-10-31,Stock Options floor trade,Business Services,Technology Services,96.0,96.0,90.806,92.44,53,5.008600171761918,1,1,0,0,0
COHR,Business Services,Technology Services,35__2,35,2.0,6. p95_trade_value,32000.0,128079.0,O:COHR241115C00105000,COHR,C,105.0,2024-11-15,231,0,302,2.05,1730399583761000000,500,102500.0,2024-10-31,Single Leg Floor Trade,Business Services,Technology Services,96.0,96.0,90.806,92.44,52,5.010723865391773,1,1,0,0,0
COHR,Business Services,Technology Services,35__2,35,2.0,7. p90_trade_value,19210.0,31592.0,O:COHR241122P00080000,COHR,P,80.0,2024-11-22,209,0,308,2.0,1730468713123000000,100,20000.0,2024-11-01,Automatic Execution,Business Services,Technology Services,93.15,94.74,91.97,92.28,316,4.301029995663981,2,0,0,0,1
COHR,Business Services,Technology Services,35__2,35,2.0,6. p95_trade_value,32000.0,128079.0,O:COHR241108C00100000,COHR,C,100.0,2024-11-08,232,0,313,2.38,1730827534560000000,189,44982.0,2024-11-05,Multi Leg auto-electronic trade,Business Services,Technology Services,91.63,94.035,91.495,93.57,114,4.653038761229756,1,1,1,1,0
COHR,Business Services,Technology Services,35__2,35,2.0,6. p95_trade_value,32000.0,128079.0,O:COHR241108C00102000,COHR,C,102.0,2024-11-08,235,0,301,1.8,1730825784376000000,500,90000.0,2024-11-05,Multi Leg floor trade,Business Services,Technology Services,91.63,94.035,91.495,93.57,62,4.954242509439325,1,1,1,1,0
COHR,Business Services,Technology Services,35__2,35,2.0,7. p90_trade_value,19210.0,31592.0,O:COHR241108C00105000,COHR,C,105.0,2024-11-08,232,0,313,1.24,1730827534559000000,189,23436.0,2024-11-05,Multi Leg auto-electronic trade,Business Services,Technology Services,91.63,94.035,91.495,93.57,262,4.369883489335479,2,1,1,1,0
COHR,Business Services,Technology Services,35__2,35,2.0,6. p95_trade_value,32000.0,128079.0,O:COHR241108P00083000,COHR,P,83.0,2024-11-08,235,0,301,1.5,1730825784376000000,250,37500.0,2024-11-05,Multi Leg floor trade,Business Services,Technology Services,91.63,94.035,91.495,93.57,135,4.574031267727719,1,0,0,0,1
COHR,Business Services,Technology Services,35__2,35,2.0,6. p95_trade_value,32000.0,128079.0,O:COHR241108P00088000,COHR,P,88.0,2024-11-08,209,0,308,3.0,1730817568095000000,122,36600.0,2024-11-05,Automatic Execution,Business Services,Technology Services,91.63,94.035,91.495,93.57,141,4.563481085394411,1,0,0,0,1
COHR,Business Services,Technology Services,35__2,35,2.0,7. p90_trade_value,19210.0,31592.0,O:COHR241115C00095000,COHR,C,95.0,2024-11-15,209,0,301,6.0,1730838591316000000,40,24000.0,2024-11-05,Automatic Execution,Business Services,Technology Services,91.63,94.035,91.495,93.57,243,4.380211241711606,2,1,1,1,0
COHR,Business Services,Technology Services,35__2,35,2.0,6. p95_trade_value,32000.0,128079.0,O:COHR241115C00095000,COHR,C,95.0,2024-11-15,209,0,325,6.0,1730838591314000000,59,35400.0,2024-11-05,Automatic Execution,Business Services,Technology Services,91.63,94.035,91.495,93.57,147,4.549003262025788,1,1,1,1,0
COHR,Business Services,Technology Services,35__2,35,2.0,6. p95_trade_value,32000.0,128079.0,O:COHR241115C00095000,COHR,C,95.0,2024-11-15,209,0,315,6.0,1730838591314000000,57,34200.0,2024-11-05,Automatic Execution,Business Services,Technology Services,91.63,94.035,91.495,93.57,154,4.534026106056135,1,1,1,1,0
COHR,Business Services,Technology Services,35__2,35,2.0,6. p95_trade_value,32000.0,128079.0,O:COHR241115C00095000,COHR,C,95.0,2024-11-15,236,0,313,5.2,1730837255187000000,62,32240.000000000004,2024-11-05,Multi Leg auto-electronic trade against single leg(s),Business Services,Technology Services,91.63,94.035,91.495,93.57,165,4.508395033133053,1,1,1,1,0
COHR,Business Services,Technology Services,35__2,35,2.0,6. p95_trade_value,32000.0,128079.0,O:COHR241115C00095000,COHR,C,95.0,2024-11-15,236,0,308,5.2,1730837253248000000,91,47320.0,2024-11-05,Multi Leg auto-electronic trade against single leg(s),Business Services,Technology Services,91.63,94.035,91.495,93.57,109,4.675044735955892,1,1,1,1,0
COHR,Business Services,Technology Services,35__2,35,2.0,7. p90_trade_value,19210.0,31592.0,O:COHR241115C00095000,COHR,C,95.0,2024-11-15,232,0,308,5.23,1730837255175000000,54,28242.0,2024-11-05,Multi Leg auto-electronic trade,Business Services,Technology Services,91.63,94.035,91.495,93.57,196,4.450895448690242,2,1,1,1,0
COHR,Business Services,Technology Services,35__2,35,2.0,7. p90_trade_value,19210.0,31592.0,O:COHR241115C00095000,COHR,C,95.0,2024-11-15,209,0,320,4.7,1730827776129000000,50,23500.0,2024-11-05,Automatic Execution,Business Services,Technology Services,91.63,94.035,91.495,93.57,261,4.371067862271736,2,1,1,1,0
COHR,Business Services,Technology Services,35__2,35,2.0,6. p95_trade_value,32000.0,128079.0,O:COHR241115C00095000,COHR,C,95.0,2024-11-15,236,0,308,5.6,1730838487512000000,58,32479.999999999996,2024-11-05,Multi Leg auto-electronic trade against single leg(s),Business Services,Technology Services,91.63,94.035,91.495,93.57,162,4.511616020569138,1,1,1,1,0
COHR,Business Services,Technology Services,35__2,35,2.0,6. p95_trade_value,32000.0,128079.0,O:COHR241115C00095000,COHR,C,95.0,2024-11-15,227,0,301,5.7,1730838591291000000,169,96330.0,2024-11-05,Single Leg Auction Non ISO,Business Services,Technology Services,91.63,94.035,91.495,93.57,58,4.983761560286165,1,1,1,1,0
COHR,Business Services,Technology Services,35__2,35,2.0,5. p99_trade_value,128109.99999999999,479000.0,O:COHR241115C00095000,COHR,C,95.0,2024-11-15,229,0,313,4.79,1730834283005000000,1000,479000.0,2024-11-05,Single Leg Cross Non ISO,Business Services,Technology Services,91.63,94.035,91.495,93.57,5,5.680335513414564,1,1,1,1,0
COHR,Business Services,Technology Services,35__2,35,2.0,6. p95_trade_value,32000.0,128079.0,O:COHR241115C00095000,COHR,C,95.0,2024-11-15,209,0,313,6.0,1730838591314000000,57,34200.0,2024-11-05,Automatic Execution,Business Services,Technology Services,91.63,94.035,91.495,93.57,153,4.534026106056135,1,1,1,1,0
COHR,Business Services,Technology Services,35__2,35,2.0,7. p90_trade_value,19210.0,31592.0,O:COHR241115C00095000,COHR,C,95.0,2024-11-15,231,0,301,5.0,1730830181942000000,50,25000.0,2024-11-05,Single Leg Floor Trade,Business Services,Technology Services,91.63,94.035,91.495,93.57,226,4.3979400086720375,2,1,1,1,0
COHR,Business Services,Technology Services,35__2,35,2.0,7. p90_trade_value,19210.0,31592.0,O:COHR241115C00095000,COHR,C,95.0,2024-11-15,209,0,319,6.0,1730838591314000000,39,23400.0,2024-11-05,Automatic Execution,Business Services,Technology Services,91.63,94.035,91.495,93.57,263,4.3692158574101425,2,1,1,1,0
COHR,Business Services,Technology Services,35__2,35,2.0,7. p90_trade_value,19210.0,31592.0,O:COHR241115C00095000,COHR,C,95.0,2024-11-15,209,0,320,6.0,1730838591314000000,34,20400.0,2024-11-05,Automatic Execution,Business Services,Technology Services,91.63,94.035,91.495,93.57,305,4.309630167425898,2,1,1,1,0
COHR,Business Services,Technology Services,35__2,35,2.0,7. p90_trade_value,19210.0,31592.0,O:COHR241115C00095000,COHR,C,95.0,2024-11-15,209,0,301,6.0,1730838591316000000,34,20400.0,2024-11-05,Automatic Execution,Business Services,Technology Services,91.63,94.035,91.495,93.57,304,4.309630167425898,2,1,1,1,0
COHR,Business Services,Technology Services,35__2,35,2.0,7. p90_trade_value,19210.0,31592.0,O:COHR241115C00095000,COHR,C,95.0,2024-11-15,209,0,316,5.99,1730838591314000000,34,20366.0,2024-11-05,Automatic Execution,Business Services,Technology Services,91.63,94.035,91.495,93.57,306,4.308905739431567,2,1,1,1,0
COHR,Business Services,Technology Services,35__2,35,2.0,7. p90_trade_value,19210.0,31592.0,O:COHR241115C00095000,COHR,C,95.0,2024-11-15,209,0,322,6.0,1730838591314000000,46,27600.0,2024-11-05,Automatic Execution,Business Services,Technology Services,91.63,94.035,91.495,93.57,201,4.440909082065217,2,1,1,1,0
COHR,Business Services,Technology Services,35__2,35,2.0,7. p90_trade_value,19210.0,31592.0,O:COHR241115C00100000,COHR,C,100.0,2024-11-15,232,0,302,2.94,1730827552851000000,99,29106.0,2024-11-05,Multi Leg auto-electronic trade,Business Services,Technology Services,91.63,94.035,91.495,93.57,190,4.463982525009707,2,1,0,0,0
COHR,Business Services,Technology Services,35__2,35,2.0,6. p95_trade_value,32000.0,128079.0,O:COHR241115C00112000,COHR,C,112.0,2024-11-15,235,0,323,0.7,1730827169156000000,600,42000.0,2024-11-05,Multi Leg floor trade,Business Services,Technology Services,91.63,94.035,91.495,93.57,121,4.623249290397901,1,0,0,0,1
COHR,Business Services,Technology Services,35__2,35,2.0,6. p95_trade_value,32000.0,128079.0,O:COHR241122C00095000,COHR,C,95.0,2024-11-22,209,0,316,6.0,1730838511690000000,100,60000.0,2024-11-05,Automatic Execution,Business Services,Technology Services,91.63,94.035,91.495,93.57,85,4.778151250383644,1,1,1,1,0
COHR,Business Services,Technology Services,35__2,35,2.0,7. p90_trade_value,19210.0,31592.0,O:COHR241122C00095000,COHR,C,95.0,2024-11-22,209,0,320,5.3,1730834296371000000,38,20140.0,2024-11-05,Automatic Execution,Business Services,Technology Services,91.63,94.035,91.495,93.57,311,4.304059466217599,2,1,1,1,0
COHR,Business Services,Technology Services,35__2,35,2.0,7. p90_trade_value,19210.0,31592.0,O:COHR241108C00102000,COHR,C,102.0,2024-11-08,232,0,313,3.99,1730922838100000000,66,26334.000000000004,2024-11-06,Multi Leg auto-electronic trade,Business Services,Technology Services,95.79,100.09,95.54,99.43,214,4.420516831228617,2,1,1,1,0
COHR,Business Services,Technology Services,35__2,35,2.0,6. p95_trade_value,32000.0,128079.0,O:COHR241108C00104000,COHR,C,104.0,2024-11-08,232,0,313,3.44,1730917895937000000,122,41968.0,2024-11-06,Multi Leg auto-electronic trade,Business Services,Technology Services,95.79,100.09,95.54,99.43,122,4.622918273246278,1,1,1,1,0
COHR,Business Services,Technology Services,35__2,35,2.0,7. p90_trade_value,19210.0,31592.0,O:COHR241108C00104000,COHR,C,104.0,2024-11-08,232,0,313,3.5,1730917743173000000,85,29750.0,2024-11-06,Multi Leg auto-electronic trade,Business Services,Technology Services,95.79,100.09,95.54,99.43,184,4.4734869700645685,2,1,1,1,0
COHR,Business Services,Technology Services,35__2,35,2.0,6. p95_trade_value,32000.0,128079.0,O:COHR241108C00105000,COHR,C,105.0,2024-11-08,240,0,308,2.81,1730920758201000000,124,34844.0,2024-11-06,Stock Options auto-electronic trade,Business Services,Technology Services,95.79,100.09,95.54,99.43,151,4.542128005067315,1,1,1,1,0
COHR,Business Services,Technology Services,35__2,35,2.0,6. p95_trade_value,32000.0,128079.0,O:COHR241108C00105000,COHR,C,105.0,2024-11-08,232,0,313,2.84,1730923948419000000,190,53960.0,2024-11-06,Multi Leg auto-electronic trade,Business Services,Technology Services,95.79,100.09,95.54,99.43,95,4.732071940999867,1,1,1,1,0
COHR,Business Services,Technology Services,35__2,35,2.0,6. p95_trade_value,32000.0,128079.0,O:COHR241108C00108000,COHR,C,108.0,2024-11-08,232,0,313,2.47,1730925478995000000,229,56563.0,2024-11-06,Multi Leg auto-electronic trade,Business Services,Technology Services,95.79,100.09,95.54,99.43,93,4.752532435599553,1,1,1,1,0
COHR,Business Services,Technology Services,35__2,35,2.0,7. p90_trade_value,19210.0,31592.0,O:COHR241108C00109000,COHR,C,109.0,2024-11-08,232,0,313,1.94,1730917895937000000,122,23668.0,2024-11-06,Multi Leg auto-electronic trade,Business Services,Technology Services,95.79,100.09,95.54,99.43,253,4.374161560604974,2,1,1,1,0
COHR,Business Services,Technology Services,35__2,35,2.0,6. p95_trade_value,32000.0,128079.0,O:COHR241108C00110000,COHR,C,110.0,2024-11-08,231,0,301,1.65,1730915963648000000,200,33000.0,2024-11-06,Single Leg Floor Trade,Business Services,Technology Services,95.79,100.09,95.54,99.43,160,4.518513939877887,1,1,1,1,0
COHR,Business Services,Technology Services,35__2,35,2.0,7. p90_trade_value,19210.0,31592.0,O:COHR241108C00110000,COHR,C,110.0,2024-11-08,233,0,302,1.51,1730923176696000000,180,27180.0,2024-11-06,Multi Leg Auction,Business Services,Technology Services,95.79,100.09,95.54,99.43,209,4.434249452396475,2,1,1,1,0
COHR,Business Services,Technology Services,35__2,35,2.0,7. p90_trade_value,19210.0,31592.0,O:COHR241108C00111000,COHR,C,111.0,2024-11-08,233,0,302,1.32,1730923176696000000,180,23760.000000000004,2024-11-06,Multi Leg Auction,Business Services,Technology Services,95.79,100.09,95.54,99.43,246,4.375846436309156,2,1,1,0,0
COHR,Business Services,Technology Services,35__2,35,2.0,7. p90_trade_value,19210.0,31592.0,O:COHR241108C00113000,COHR,C,113.0,2024-11-08,232,0,313,1.28,1730925478995000000,229,29312.0,2024-11-06,Multi Leg auto-electronic trade,Business Services,Technology Services,95.79,100.09,95.54,99.43,188,4.467045451987756,2,0,0,0,1
COHR,Business Services,Technology Services,35__2,35,2.0,7. p90_trade_value,19210.0,31592.0,O:COHR241108P00087000,COHR,P,87.0,2024-11-08,233,0,302,1.5,1730923176696000000,180,27000.0,2024-11-06,Multi Leg Auction,Business Services,Technology Services,95.79,100.09,95.54,99.43,210,4.431363764158987,2,0,0,0,1
COHR,Business Services,Technology Services,35__2,35,2.0,7. p90_trade_value,19210.0,31592.0,O:COHR241108P00088000,COHR,P,88.0,2024-11-08,233,0,302,1.71,1730923176696000000,180,30780.0,2024-11-06,Multi Leg Auction,Business Services,Technology Services,95.79,100.09,95.54,99.43,175,4.48826861549546,2,0,0,0,1
COHR,Business Services,Technology Services,35__2,35,2.0,6. p95_trade_value,32000.0,128079.0,O:COHR241108P00091000,COHR,P,91.0,2024-11-08,240,0,308,2.75,1730920758201000000,124,34100.0,2024-11-06,Stock Options auto-electronic trade,Business Services,Technology Services,95.79,100.09,95.54,99.43,155,4.532754378992498,1,0,0,0,1
COHR,Business Services,Technology Services,35__2,35,2.0,7. p90_trade_value,19210.0,31592.0,O:COHR241115P00090000,COHR,P,90.0,2024-11-15,209,0,318,2.1,1730926517875000000,120,25200.0,2024-11-06,Automatic Execution,Business Services,Technology Services,95.79,100.09,95.54,99.43,223,4.401400540781544,2,0,0,0,1
COHR,Business Services,Technology Services,35__2,35,2.0,7. p90_trade_value,19210.0,31592.0,O:COHR241115P00090000,COHR,P,90.0,2024-11-15,209,0,308,2.2,1730926324473000000,120,26400.0,2024-11-06,Automatic Execution,Business Services,Technology Services,95.79,100.09,95.54,99.43,213,4.421603926869831,2,0,0,0,1
COHR,Business Services,Technology Services,35__2,35,2.0,4. p999_trade_value,670220.0,825000.0,O:COHR241115P00095000,COHR,P,95.0,2024-11-15,227,0,308,4.7,1730918756618000000,1426,670220.0,2024-11-06,Single Leg Auction Non ISO,Business Services,Technology Services,95.79,100.09,95.54,99.43,4,5.8262173834515645,1,1,1,0,0
COHR,Business Services,Technology Services,35__2,35,2.0,7. p90_trade_value,19210.0,31592.0,O:COHR241129P00088000,COHR,P,88.0,2024-11-29,209,0,304,0.9,1730992262593000000,246,22140.0,2024-11-07,Automatic Execution,Business Services,Technology Services,103.0,110.272,96.16,109.45,282,4.345177616542704,2,0,0,0,1
COHR,Business Services,Technology Services,35__2,35,2.0,7. p90_trade_value,19210.0,31592.0,O:COHR241129P00088000,COHR,P,88.0,2024-11-29,209,0,312,0.9,1730992262594000000,216,19440.0,2024-11-07,Automatic Execution,Business Services,Technology Services,103.0,110.272,96.16,109.45,327,4.288696260590256,2,0,0,0,1
COHR,Business Services,Technology Services,35__2,35,2.0,7. p90_trade_value,19210.0,31592.0,O:COHR241129P00088000,COHR,P,88.0,2024-11-29,209,0,303,0.9,1730992262594000000,216,19440.0,2024-11-07,Automatic Execution,Business Services,Technology Services,103.0,110.272,96.16,109.45,328,4.288696260590256,2,0,0,0,1
COHR,Business Services,Technology Services,35__2,35,2.0,6. p95_trade_value,32000.0,128079.0,O:COHR241213C00107000,COHR,C,107.0,2024-12-13,233,0,302,4.87,1731517449759000000,99,48213.0,2024-11-13,Multi Leg Auction,Business Services,Technology Services,104.46,105.86,101.76,102.71,105,4.683164155812184,1,1,1,0,0
COHR,Business Services,Technology Services,35__2,35,2.0,7. p90_trade_value,19210.0,31592.0,O:COHR241129P00100000,COHR,P,100.0,2024-11-29,209,0,302,2.9,1732122980711000000,67,19430.0,2024-11-20,Automatic Execution,Business Services,Technology Services,101.89,103.94,100.3201,103.38,329,4.2884728005997825,2,1,1,0,0
COHR,Business Services,Technology Services,35__2,35,2.0,5. p99_trade_value,128109.99999999999,479000.0,O:COHR241220C00115000,COHR,C,115.0,2024-12-20,231,0,300,3.1,1732215601064000000,1000,310000.0,2024-11-21,Single Leg Floor Trade,Business Services,Technology Services,105.57,109.88,105.06,105.72,19,5.491361693834273,1,0,0,0,1
COHR,Business Services,Technology Services,35__2,35,2.0,7. p90_trade_value,19210.0,31592.0,O:COHR241220C00102000,COHR,C,102.0,2024-12-20,232,0,302,2.87,1732722667451000000,80,22960.000000000004,2024-11-27,Multi Leg auto-electronic trade,Business Services,Technology Services,100.0,101.255,95.43,98.09,269,4.360971883725936,2,1,0,0,0
COHR,Business Services,Technology Services,35__2,35,2.0,6. p95_trade_value,32000.0,128079.0,O:COHR241220C00106000,COHR,C,106.0,2024-12-20,232,0,312,1.8,1732734192556000000,182,32760.000000000004,2024-11-27,Multi Leg auto-electronic trade,Business Services,Technology Services,100.0,101.255,95.43,98.09,161,4.515343893088381,1,1,0,0,0
COHR,Business Services,Technology Services,35__2,35,2.0,6. p95_trade_value,32000.0,128079.0,O:COHR241220C00105000,COHR,C,105.0,2024-12-20,232,0,313,4.45,1733173165551000000,75,33375.0,2024-12-02,Multi Leg auto-electronic trade,Business Services,Technology Services,100.59,104.2899,100.59,103.62,158,4.523421274372631,1,1,0,0,0
COHR,Business Services,Technology Services,35__2,35,2.0,7. p90_trade_value,19210.0,31592.0,O:COHR241220P00100000,COHR,P,100.0,2024-12-20,232,0,302,2.14,1733238571818000000,100,21400.0,2024-12-03,Multi Leg auto-electronic trade,Business Services,Technology Services,104.16,107.16,103.8,106.54,291,4.330413773349191,2,1,1,1,0
COHR,Business Services,Technology Services,35__2,35,2.0,6. p95_trade_value,32000.0,128079.0,O:COHR241220C00120000,COHR,C,120.0,2024-12-20,209,0,316,2.35,1733325299756000000,147,34545.0,2024-12-04,Automatic Execution,Business Services,Technology Services,108.94,113.6,108.94,112.02,152,4.538385197019912,1,0,0,0,1
COHR,Business Services,Technology Services,35__2,35,2.0,6. p95_trade_value,32000.0,128079.0,O:COHR241220C00115000,COHR,C,115.0,2024-12-20,232,0,313,3.25,1733511600200000000,99,32175.0,2024-12-06,Multi Leg auto-electronic trade,Business Services,Technology Services,109.21,112.35,108.77,111.24,166,4.507518555576424,1,0,0,0,1
COHR,Business Services,Technology Services,35__2,35,2.0,7. p90_trade_value,19210.0,31592.0,O:COHR241220P00107000,COHR,P,107.0,2024-12-20,232,0,308,2.35,1733498619110000000,88,20680.0,2024-12-06,Multi Leg auto-electronic trade,Business Services,Technology Services,109.21,112.35,108.77,111.24,300,4.315550534421905,2,1,1,1,0
COHR,Business Services,Technology Services,35__2,35,2.0,6. p95_trade_value,32000.0,128079.0,O:COHR241220C00108000,COHR,C,108.0,2024-12-20,233,0,302,1.67,1734032606778000000,250,41750.0,2024-12-12,Multi Leg Auction,Business Services,Technology Services,104.42,107.58,103.37,104.08,123,4.620656479819621,1,1,0,0,0
COHR,Business Services,Technology Services,35__2,35,2.0,7. p90_trade_value,19210.0,31592.0,O:COHR241220C00109000,COHR,C,109.0,2024-12-20,240,0,309,1.85,1734029151303000000,125,23125.0,2024-12-12,Stock Options auto-electronic trade,Business Services,Technology Services,104.42,107.58,103.37,104.08,267,4.36408174141107,2,1,0,0,0
COHR,Business Services,Technology Services,35__2,35,2.0,7. p90_trade_value,19210.0,31592.0,O:COHR241220C00109000,COHR,C,109.0,2024-12-20,240,0,304,1.82,1734029151302000000,125,22750.0,2024-12-12,Stock Options auto-electronic trade,Business Services,Technology Services,104.42,107.58,103.37,104.08,274,4.356981400993131,2,1,0,0,0
COHR,Business Services,Technology Services,35__2,35,2.0,7. p90_trade_value,19210.0,31592.0,O:COHR241220C00109000,COHR,C,109.0,2024-12-20,240,0,308,1.85,1734029151306000000,125,23125.0,2024-12-12,Stock Options auto-electronic trade,Business Services,Technology Services,104.42,107.58,103.37,104.08,266,4.36408174141107,2,1,0,0,0
COHR,Business Services,Technology Services,35__2,35,2.0,7. p90_trade_value,19210.0,31592.0,O:COHR241220C00109000,COHR,C,109.0,2024-12-20,240,0,302,1.82,1734029151301000000,125,22750.0,2024-12-12,Stock Options auto-electronic trade,Business Services,Technology Services,104.42,107.58,103.37,104.08,273,4.356981400993131,2,1,0,0,0
COHR,Business Services,Technology Services,35__2,35,2.0,7. p90_trade_value,19210.0,31592.0,O:COHR241220C00109000,COHR,C,109.0,2024-12-20,240,0,323,1.72,1734029151302000000,125,21500.0,2024-12-12,Stock Options auto-electronic trade,Business Services,Technology Services,104.42,107.58,103.37,104.08,289,4.332438459915605,2,1,0,0,0
COHR,Business Services,Technology Services,35__2,35,2.0,5. p99_trade_value,128109.99999999999,479000.0,O:COHR241220P00100000,COHR,P,100.0,2024-12-20,241,0,323,1.5,1734036561928000000,1000,150000.0,2024-12-12,Stock Options Cross,Business Services,Technology Services,104.42,107.58,103.37,104.08,29,5.176091259055681,1,1,1,1,0
COHR,Business Services,Technology Services,35__2,35,2.0,7. p90_trade_value,19210.0,31592.0,O:COHR241220P00101000,COHR,P,101.0,2024-12-20,240,0,304,1.55,1734029151302000000,125,19375.0,2024-12-12,Stock Options auto-electronic trade,Business Services,Technology Services,104.42,107.58,103.37,104.08,330,4.287241711178348,2,1,1,1,0
COHR,Business Services,Technology Services,35__2,35,2.0,7. p90_trade_value,19210.0,31592.0,O:COHR241220P00101000,COHR,P,101.0,2024-12-20,240,0,302,1.55,1734029151301000000,125,19375.0,2024-12-12,Stock Options auto-electronic trade,Business Services,Technology Services,104.42,107.58,103.37,104.08,331,4.287241711178348,2,1,1,1,0
COHR,Business Services,Technology Services,35__2,35,2.0,7. p90_trade_value,19210.0,31592.0,O:COHR241227C00114000,COHR,C,114.0,2024-12-27,209,0,308,1.6,1734121411614000000,184,29440.000000000004,2024-12-13,Automatic Execution,Business Services,Technology Services,107.595,108.17,103.56,106.64,186,4.468937805665461,2,0,0,0,1
COHR,Business Services,Technology Services,35__2,35,2.0,5. p99_trade_value,128109.99999999999,479000.0,O:COHR250103C00115000,COHR,C,115.0,2025-01-03,233,0,304,2.2,1734102074818000000,989,217580.00000000003,2024-12-13,Multi Leg Auction,Business Services,Technology Services,107.595,108.17,103.56,106.64,23,5.337618972419386,1,0,0,0,1
COHR,Business Services,Technology Services,35__2,35,2.0,6. p95_trade_value,32000.0,128079.0,O:COHR241220C00109000,COHR,C,109.0,2024-12-20,233,0,323,0.5,1734450784929000000,750,37500.0,2024-12-17,Multi Leg Auction,Business Services,Technology Services,106.41,106.76,101.23,103.29,136,4.574031267727719,1,0,0,0,1
COHR,Business Services,Technology Services,35__2,35,2.0,6. p95_trade_value,32000.0,128079.0,O:COHR241227C00103000,COHR,C,103.0,2024-12-27,233,0,323,1.3,1734619042929000000,750,97500.0,2024-12-19,Multi Leg Auction,Business Services,Technology Services,99.35,100.88,95.0,96.18,57,4.989004615698537,1,0,0,0,1
COHR,Business Services,Technology Services,35__2,35,2.0,6. p95_trade_value,32000.0,128079.0,O:COHR241227C00101000,COHR,C,101.0,2024-12-27,233,0,323,1.44,1734709985276000000,750,108000.0,2024-12-20,Multi Leg Auction,Business Services,Technology Services,95.0,99.03,94.0913,97.67,47,5.033423755486949,1,0,0,0,1
COHR,Business Services,Technology Services,35__2,35,2.0,6. p95_trade_value,32000.0,128079.0,O:COHR241227C00103000,COHR,C,103.0,2024-12-27,233,0,323,0.91,1734709985276000000,750,68250.0,2024-12-20,Multi Leg Auction,Business Services,Technology Services,95.0,99.03,94.0913,97.67,76,4.834102655712794,1,0,0,0,1
COHR,Business Services,Technology Services,35__2,35,2.0,6. p95_trade_value,32000.0,128079.0,O:COHR241227P00092000,COHR,P,92.0,2024-12-27,233,0,323,0.86,1734709985276000000,750,64500.0,2024-12-20,Multi Leg Auction,Business Services,Technology Services,95.0,99.03,94.0913,97.67,79,4.8095597146352675,1,0,0,0,1
COHR,Business Services,Technology Services,35__2,35,2.0,5. p99_trade_value,128109.99999999999,479000.0,O:COHR250117C00105000,COHR,C,105.0,2025-01-17,227,0,308,3.21,1734720683336000000,998,320358.0,2024-12-20,Single Leg Auction Non ISO,Business Services,Technology Services,95.0,99.03,94.0913,97.67,17,5.505635573692243,1,1,0,0,0
COHR,Business Services,Technology Services,35__2,35,2.0,6. p95_trade_value,32000.0,128079.0,O:COHR250117C00105000,COHR,C,105.0,2025-01-17,209,0,316,3.5,1734711075212000000,100,35000.0,2024-12-20,Automatic Execution,Business Services,Technology Services,95.0,99.03,94.0913,97.67,150,4.544068044350276,1,1,0,0,0
COHR,Business Services,Technology Services,35__2,35,2.0,6. p95_trade_value,32000.0,128079.0,O:COHR241227C00101000,COHR,C,101.0,2024-12-27,233,0,302,0.73,1735228228679000000,748,54604.0,2024-12-26,Multi Leg Auction,Business Services,Technology Services,99.27,100.4,97.4807,99.6,94,4.737224457984917,1,0,0,0,1
COHR,Business Services,Technology Services,35__2,35,2.0,6. p95_trade_value,32000.0,128079.0,O:COHR250103C00103000,COHR,C,103.0,2025-01-03,233,0,302,1.4,1735228228679000000,748,104720.0,2024-12-26,Multi Leg Auction,Business Services,Technology Services,99.27,100.4,97.4807,99.6,51,5.020029633542699,1,1,1,1,0
COHR,Business Services,Technology Services,35__2,35,2.0,6. p95_trade_value,32000.0,128079.0,O:COHR250103P00096000,COHR,P,96.0,2025-01-03,233,0,302,1.14,1735228228679000000,748,85271.99999999999,2024-12-26,Multi Leg Auction,Business Services,Technology Services,99.27,100.4,97.4807,99.6,66,4.930806449200934,1,1,0,0,0
COHR,Business Services,Technology Services,35__2,35,2.0,6. p95_trade_value,32000.0,128079.0,O:COHR250110C00098000,COHR,C,98.0,2025-01-10,233,0,323,1.55,1735572204936000000,749,116095.0,2024-12-30,Multi Leg Auction,Business Services,Technology Services,93.8,95.73,92.4,94.84,42,5.064813515869758,1,1,0,0,0
COHR,Business Services,Technology Services,35__2,35,2.0,6. p95_trade_value,32000.0,128079.0,O:COHR250110P00086000,COHR,P,86.0,2025-01-10,233,0,323,0.97,1735572204936000000,749,72653.0,2024-12-30,Multi Leg Auction,Business Services,Technology Services,93.8,95.73,92.4,94.84,71,4.861253551965711,1,0,0,0,1
COHR,Business Services,Technology Services,35__2,35,2.0,7. p90_trade_value,19210.0,31592.0,O:COHR250117C00098000,COHR,C,98.0,2025-01-17,227,0,304,3.13,1735580534634000000,80,25039.999999999996,2024-12-30,Single Leg Auction Non ISO,Business Services,Technology Services,93.8,95.73,92.4,94.84,225,4.398634324538392,2,1,1,1,0
COHR,Business Services,Technology Services,35__2,35,2.0,7. p90_trade_value,19210.0,31592.0,O:COHR250131P00090000,COHR,P,90.0,2025-01-31,232,0,302,1.95,1735839162496000000,126,24570.0,2025-01-02,Multi Leg auto-electronic trade,Business Services,Technology Services,95.87,102.1,94.58,100.59,235,4.390405156480081,2,1,1,0,0
COHR,Business Services,Technology Services,35__2,35,2.0,7. p90_trade_value,19210.0,31592.0,O:COHR250131P00090000,COHR,P,90.0,2025-01-31,232,0,323,2.0,1735839023392000000,100,20000.0,2025-01-02,Multi Leg auto-electronic trade,Business Services,Technology Services,95.87,102.1,94.58,100.59,315,4.301029995663981,2,1,1,0,0
COHR,Business Services,Technology Services,35__2,35,2.0,6. p95_trade_value,32000.0,128079.0,O:COHR250110C00108000,COHR,C,108.0,2025-01-10,233,0,323,1.5,1735919859748000000,750,112500.0,2025-01-03,Multi Leg Auction,Business Services,Technology Services,102.72,106.75,101.31,106.24,44,5.051152522447381,1,1,0,0,0
COHR,Business Services,Technology Services,35__2,35,2.0,6. p95_trade_value,32000.0,128079.0,O:COHR250110P00086000,COHR,P,86.0,2025-01-10,233,0,323,0.84,1735919859748000000,750,63000.0,2025-01-03,Multi Leg Auction,Business Services,Technology Services,102.72,106.75,101.31,106.24,80,4.799340549453582,1,0,0,0,1
COHR,Business Services,Technology Services,35__2,35,2.0,6. p95_trade_value,32000.0,128079.0,O:COHR250110P00100000,COHR,P,100.0,2025-01-10,233,0,323,1.05,1735919859748000000,750,78750.0,2025-01-03,Multi Leg Auction,Business Services,Technology Services,102.72,106.75,101.31,106.24,69,4.896250562461638,1,1,1,1,0
COHR,Business Services,Technology Services,35__2,35,2.0,5. p99_trade_value,128109.99999999999,479000.0,O:COHR250117C00108000,COHR,C,108.0,2025-01-17,227,0,312,2.78,1735923048418000000,531,147617.99999999997,2025-01-03,Single Leg Auction Non ISO,Business Services,Technology Services,102.72,106.75,101.31,106.24,30,5.169139316999545,1,1,0,0,0
COHR,Business Services,Technology Services,35__2,35,2.0,6. p95_trade_value,32000.0,128079.0,O:COHR250117C00108000,COHR,C,108.0,2025-01-17,227,0,312,2.78,1735923031123000000,458,127324.0,2025-01-03,Single Leg Auction Non ISO,Business Services,Technology Services,102.72,106.75,101.31,106.24,36,5.104910273921946,1,1,0,0,0
COHR,Business Services,Technology Services,35__2,35,2.0,5. p99_trade_value,128109.99999999999,479000.0,O:COHR250117C00103000,COHR,C,103.0,2025-01-17,233,0,323,2.25,1736262392118000000,748,168300.0,2025-01-07,Multi Leg Auction,Business Services,Technology Services,101.02,101.81,96.21,97.43,27,5.226084115975824,1,0,0,0,1
COHR,Business Services,Technology Services,35__2,35,2.0,6. p95_trade_value,32000.0,128079.0,O:COHR250117P00090000,COHR,P,90.0,2025-01-17,233,0,323,0.9,1736262392118000000,748,67320.0,2025-01-07,Multi Leg Auction,Business Services,Technology Services,101.02,101.81,96.21,97.43,77,4.828144107303786,1,1,0,0,0
COHR,Business Services,Technology Services,35__2,35,2.0,6. p95_trade_value,32000.0,128079.0,O:COHR250117P00090000,COHR,P,90.0,2025-01-17,227,0,323,1.83,1736350851453000000,198,36234.0,2025-01-08,Single Leg Auction Non ISO,Business Services,Technology Services,97.15,97.745,92.52,93.66,143,4.559116279991961,1,1,0,0,0
COHR,Business Services,Technology Services,35__2,35,2.0,7. p90_trade_value,19210.0,31592.0,O:COHR250117P00090000,COHR,P,90.0,2025-01-17,209,0,302,1.75,1736350839476000000,118,20650.0,2025-01-08,Automatic Execution,Business Services,Technology Services,97.15,97.745,92.52,93.66,301,4.3149200559924195,2,1,0,0,0
COHR,Business Services,Technology Services,35__2,35,2.0,6. p95_trade_value,32000.0,128079.0,O:COHR250117C00095000,COHR,C,95.0,2025-01-17,233,0,323,1.32,1736522818194000000,749,98868.0,2025-01-10,Multi Leg Auction,Business Services,Technology Services,91.42,91.42,88.1,89.87,56,4.995055748905316,1,1,1,1,0
COHR,Business Services,Technology Services,35__2,35,2.0,6. p95_trade_value,32000.0,128079.0,O:COHR250117P00081000,COHR,P,81.0,2025-01-17,233,0,323,0.48,1736522818194000000,749,35952.0,2025-01-10,Multi Leg Auction,Business Services,Technology Services,91.42,91.42,88.1,89.87,145,4.555723055075053,1,0,0,0,1
COHR,Business Services,Technology Services,35__2,35,2.0,6. p95_trade_value,32000.0,128079.0,O:COHR250124C00102000,COHR,C,102.0,2025-01-24,233,0,323,1.58,1737133208171000000,749,118342.0,2025-01-17,Multi Leg Auction,Business Services,Technology Services,97.72,99.17,96.29,98.29,41,5.073138904653889,1,1,1,0,0
COHR,Business Services,Technology Services,35__2,35,2.0,6. p95_trade_value,32000.0,128079.0,O:COHR250124P00090000,COHR,P,90.0,2025-01-24,233,0,323,1.46,1737133208171000000,749,109354.0,2025-01-17,Multi Leg Auction,Business Services,Technology Services,97.72,99.17,96.29,98.29,46,5.038834673483904,1,0,0,0,1
COHR,Business Services,Technology Services,35__2,35,2.0,5. p99_trade_value,128109.99999999999,479000.0,O:COHR250214P00084000,COHR,P,84.0,2025-02-14,241,0,323,1.05,1737492124015000000,3750,393750.0,2025-01-21,Stock Options Cross,Business Services,Technology Services,100.0,104.12,96.88,103.2,11,5.595220566797657,1,1,0,0,0
COHR,Business Services,Technology Services,35__2,35,2.0,1. p999999_trade_value,1312500.0,1312500.0,O:COHR250214P00095000,COHR,P,95.0,2025-02-14,241,0,323,3.5,1737492124015000000,3750,1312500.0,2025-01-21,Stock Options Cross,Business Services,Technology Services,100.0,104.12,96.88,103.2,1,6.1180993120779945,1,1,1,1,0
COHR,Business Services,Technology Services,35__2,35,2.0,6. p95_trade_value,32000.0,128079.0,O:COHR250131P00095000,COHR,P,95.0,2025-01-31,233,0,323,0.53,1737562585084000000,750,39750.0,2025-01-22,Multi Leg Auction,Business Services,Technology Services,106.83,110.73,105.63,107.96,128,4.599337132992489,1,1,1,1,0
COHR,Business Services,Technology Services,35__2,35,2.0,5. p99_trade_value,128109.99999999999,479000.0,O:COHR250221C00110000,COHR,C,110.0,2025-02-21,242,0,300,7.3,1737655027682000000,600,438000.0,2025-01-23,Stock Options floor trade,Business Services,Technology Services,105.78,108.81,104.5315,107.76,9,5.6414741105041,1,0,0,0,1
COHR,Business Services,Technology Services,35__2,35,2.0,7. p90_trade_value,19210.0,31592.0,O:COHR250221C00135000,COHR,C,135.0,2025-02-21,235,0,313,0.7,1737736627068000000,294,20580.0,2025-01-24,Multi Leg floor trade,Business Services,Technology Services,108.65,108.7,100.0,100.33,302,4.313445370426414,2,0,0,0,1
COHR,Business Services,Technology Services,35__2,35,2.0,6. p95_trade_value,32000.0,128079.0,O:COHR250221P00080000,COHR,P,80.0,2025-02-21,235,0,313,0.67,1737736627067000000,590,39530.0,2025-01-24,Multi Leg floor trade,Business Services,Technology Services,108.65,108.7,100.0,100.33,130,4.596926814342971,1,1,0,0,0
COHR,Business Services,Technology Services,35__2,35,2.0,7. p90_trade_value,19210.0,31592.0,O:COHR250131P00070000,COHR,P,70.0,2025-01-31,233,0,302,0.44,1737990997768000000,718,31592.0,2025-01-27,Multi Leg Auction,Business Services,Technology Services,88.0,90.0,75.6,81.32,169,4.499577120728488,2,0,0,0,1
COHR,Business Services,Technology Services,35__2,35,2.0,7. p90_trade_value,19210.0,31592.0,O:COHR250214P00075000,COHR,P,75.0,2025-02-14,209,0,308,3.2,1737990668905000000,71,22720.0,2025-01-27,Automatic Execution,Business Services,Technology Services,88.0,90.0,75.6,81.32,275,4.356408327038981,2,0,0,0,1
COHR,Business Services,Technology Services,35__2,35,2.0,7. p90_trade_value,19210.0,31592.0,O:COHR250214P00075000,COHR,P,75.0,2025-02-14,209,0,316,3.6,1737990903559000000,71,25560.0,2025-01-27,Automatic Execution,Business Services,Technology Services,88.0,90.0,75.6,81.32,219,4.407560849486362,2,0,0,0,1
COHR,Business Services,Technology Services,35__2,35,2.0,7. p90_trade_value,19210.0,31592.0,O:COHR250221C00105000,COHR,C,105.0,2025-02-21,235,0,301,0.8,1737990927908000000,354,28320.0,2025-01-27,Multi Leg floor trade,Business Services,Technology Services,88.0,90.0,75.6,81.32,195,4.452093249017731,2,1,0,0,0
COHR,Business Services,Technology Services,35__2,35,2.0,6. p95_trade_value,32000.0,128079.0,O:COHR250221P00065000,COHR,P,65.0,2025-02-21,235,0,301,1.34,1737990927908000000,354,47436.0,2025-01-27,Multi Leg floor trade,Business Services,Technology Services,88.0,90.0,75.6,81.32,108,4.676108060390596,1,0,0,0,1
COHR,Business Services,Technology Services,35__2,35,2.0,6. p95_trade_value,32000.0,128079.0,O:COHR250131C00086000,COHR,C,86.0,2025-01-31,233,0,323,0.67,1738084050189000000,750,50250.00000000001,2025-01-28,Multi Leg Auction,Business Services,Technology Services,83.7,84.31,78.61,82.49,101,4.701136066092526,1,1,1,1,0
COHR,Business Services,Technology Services,35__2,35,2.0,7. p90_trade_value,19210.0,31592.0,O:COHR250207C00085000,COHR,C,85.0,2025-02-07,232,0,304,4.91,1738075809363000000,50,24550.0,2025-01-28,Multi Leg auto-electronic trade,Business Services,Technology Services,83.7,84.31,78.61,82.49,236,4.390051496458987,2,1,1,1,0
COHR,Business Services,Technology Services,35__2,35,2.0,6. p95_trade_value,32000.0,128079.0,O:COHR250221C00085000,COHR,C,85.0,2025-02-21,209,0,316,6.6,1738097400086000000,98,64679.99999999999,2025-01-28,Automatic Execution,Business Services,Technology Services,83.7,84.31,78.61,82.49,78,4.810770011234363,1,1,1,0,0
COHR,Business Services,Technology Services,35__2,35,2.0,7. p90_trade_value,19210.0,31592.0,O:COHR250221C00085000,COHR,C,85.0,2025-02-21,209,0,323,7.2,1738074926372000000,33,23760.0,2025-01-28,Automatic Execution,Business Services,Technology Services,83.7,84.31,78.61,82.49,247,4.375846436309156,2,1,1,0,0
COHR,Business Services,Technology Services,35__2,35,2.0,7. p90_trade_value,19210.0,31592.0,O:COHR250221C00096000,COHR,C,96.0,2025-02-21,209,0,319,2.45,1738086158422000000,96,23520.0,2025-01-28,Automatic Execution,Business Services,Technology Services,83.7,84.31,78.61,82.49,259,4.371437317404101,2,1,0,0,0
COHR,Business Services,Technology Services,35__2,35,2.0,7. p90_trade_value,19210.0,31592.0,O:COHR250221C00098000,COHR,C,98.0,2025-02-21,209,0,325,2.2,1738086281927000000,100,22000.000000000004,2025-01-28,Automatic Execution,Business Services,Technology Services,83.7,84.31,78.61,82.49,284,4.342422680822207,2,1,0,0,0
COHR,Business Services,Technology Services,35__2,35,2.0,7. p90_trade_value,19210.0,31592.0,O:COHR250221C00098000,COHR,C,98.0,2025-02-21,209,0,325,2.2,1738086300263000000,100,22000.000000000004,2025-01-28,Automatic Execution,Business Services,Technology Services,83.7,84.31,78.61,82.49,283,4.342422680822207,2,1,0,0,0
COHR,Business Services,Technology Services,35__2,35,2.0,7. p90_trade_value,19210.0,31592.0,O:COHR250221C00098000,COHR,C,98.0,2025-02-21,209,0,325,2.2,1738086293726000000,100,22000.000000000004,2025-01-28,Automatic Execution,Business Services,Technology Services,83.7,84.31,78.61,82.49,285,4.342422680822207,2,1,0,0,0
COHR,Business Services,Technology Services,35__2,35,2.0,7. p90_trade_value,19210.0,31592.0,O:COHR250221C00098000,COHR,C,98.0,2025-02-21,209,0,325,2.2,1738086302447000000,99,21780.0,2025-01-28,Automatic Execution,Business Services,Technology Services,83.7,84.31,78.61,82.49,286,4.338057875419756,2,1,0,0,0
COHR,Business Services,Technology Services,35__2,35,2.0,6. p95_trade_value,32000.0,128079.0,O:COHR250221C00098000,COHR,C,98.0,2025-02-21,231,0,323,2.2,1738086203905000000,450,99000.00000000001,2025-01-28,Single Leg Floor Trade,Business Services,Technology Services,83.7,84.31,78.61,82.49,55,4.99563519459755,1,1,0,0,0
COHR,Business Services,Technology Services,35__2,35,2.0,7. p90_trade_value,19210.0,31592.0,O:COHR250207C00090000,COHR,C,90.0,2025-02-07,232,0,323,6.03,1738163410569000000,42,25326.000000000004,2025-01-29,Multi Leg auto-electronic trade,Business Services,Technology Services,84.47,87.21,83.6,85.58,220,4.403566602538052,2,1,1,1,0
COHR,Business Services,Technology Services,35__2,35,2.0,7. p90_trade_value,19210.0,31592.0,O:COHR250207C00090000,COHR,C,90.0,2025-02-07,227,0,309,5.15,1738162770362000000,50,25750.0,2025-01-29,Single Leg Auction Non ISO,Business Services,Technology Services,84.47,87.21,83.6,85.58,217,4.4107772333772095,2,1,1,1,0
COHR,Business Services,Technology Services,35__2,35,2.0,7. p90_trade_value,19210.0,31592.0,O:COHR250207C00090000,COHR,C,90.0,2025-02-07,232,0,308,5.82,1738163410569000000,40,23280.0,2025-01-29,Multi Leg auto-electronic trade,Business Services,Technology Services,84.47,87.21,83.6,85.58,264,4.366982975977851,2,1,1,1,0
COHR,Business Services,Technology Services,35__2,35,2.0,6. p95_trade_value,32000.0,128079.0,O:COHR250207C00090000,COHR,C,90.0,2025-02-07,232,0,302,5.78,1738163410569000000,83,47974.0,2025-01-29,Multi Leg auto-electronic trade,Business Services,Technology Services,84.47,87.21,83.6,85.58,106,4.681005930796603,1,1,1,1,0
COHR,Business Services,Technology Services,35__2,35,2.0,6. p95_trade_value,32000.0,128079.0,O:COHR250207C00100000,COHR,C,100.0,2025-02-07,232,0,302,2.69,1738163410569000000,166,44654.0,2025-01-29,Multi Leg auto-electronic trade,Business Services,Technology Services,84.47,87.21,83.6,85.58,116,4.6498603680424635,1,1,1,0,0
COHR,Business Services,Technology Services,35__2,35,2.0,7. p90_trade_value,19210.0,31592.0,O:COHR250207C00100000,COHR,C,100.0,2025-02-07,232,0,308,2.71,1738163410569000000,80,21680.0,2025-01-29,Multi Leg auto-electronic trade,Business Services,Technology Services,84.47,87.21,83.6,85.58,287,4.336059277866349,2,1,1,0,0
COHR,Business Services,Technology Services,35__2,35,2.0,7. p90_trade_value,19210.0,31592.0,O:COHR250207C00100000,COHR,C,100.0,2025-02-07,232,0,323,2.82,1738163410569000000,84,23688.0,2025-01-29,Multi Leg auto-electronic trade,Business Services,Technology Services,84.47,87.21,83.6,85.58,249,4.374528394381243,2,1,1,0,0
COHR,Business Services,Technology Services,35__2,35,2.0,7. p90_trade_value,19210.0,31592.0,O:COHR250214C00100000,COHR,C,100.0,2025-02-14,227,0,323,3.04,1738163999898000000,100,30400.0,2025-01-29,Single Leg Auction Non ISO,Business Services,Technology Services,84.47,87.21,83.6,85.58,177,4.482873583608754,2,1,0,0,0
COHR,Business Services,Technology Services,35__2,35,2.0,7. p90_trade_value,19210.0,31592.0,O:COHR250214C00104000,COHR,C,104.0,2025-02-14,227,0,323,2.23,1738163845828000000,90,20070.0,2025-01-29,Single Leg Auction Non ISO,Business Services,Technology Services,84.47,87.21,83.6,85.58,313,4.302547372487486,2,1,0,0,0
COHR,Business Services,Technology Services,35__2,35,2.0,6. p95_trade_value,32000.0,128079.0,O:COHR250221C00098000,COHR,C,98.0,2025-02-21,209,0,302,3.4,1738166396940000000,175,59500.0,2025-01-29,Automatic Execution,Business Services,Technology Services,84.47,87.21,83.6,85.58,86,4.77451696572855,1,1,0,0,0
COHR,Business Services,Technology Services,35__2,35,2.0,7. p90_trade_value,19210.0,31592.0,O:COHR250221C00105000,COHR,C,105.0,2025-02-21,209,0,320,2.3,1738175882074000000,100,22999.999999999996,2025-01-29,Automatic Execution,Business Services,Technology Services,84.47,87.21,83.6,85.58,268,4.361727836017593,2,1,0,0,0
COHR,Business Services,Technology Services,35__2,35,2.0,5. p99_trade_value,128109.99999999999,479000.0,O:COHR250221C00098000,COHR,C,98.0,2025-02-21,227,0,323,4.01,1738267817974000000,954,382554.0,2025-01-30,Single Leg Auction Non ISO,Business Services,Technology Services,88.4,91.58,87.32,89.68,12,5.582692747324278,1,1,0,0,0
COHR,Business Services,Technology Services,35__2,35,2.0,5. p99_trade_value,128109.99999999999,479000.0,O:COHR250207C00098000,COHR,C,98.0,2025-02-07,233,0,323,5.03,1738337278179000000,748,376244.0,2025-01-31,Multi Leg Auction,Business Services,Technology Services,91.0,94.81,89.6209,90.49,14,5.575469582920388,1,1,1,0,0
COHR,Business Services,Technology Services,35__2,35,2.0,6. p95_trade_value,32000.0,128079.0,O:COHR250207C00100000,COHR,C,100.0,2025-02-07,209,0,320,3.8,1738343453920000000,100,38000.0,2025-01-31,Automatic Execution,Business Services,Technology Services,91.0,94.81,89.6209,90.49,134,4.57978359661681,1,1,1,0,0
COHR,Business Services,Technology Services,35__2,35,2.0,6. p95_trade_value,32000.0,128079.0,O:COHR250207C00100000,COHR,C,100.0,2025-02-07,209,0,308,3.2,1738351483743000000,149,47680.0,2025-01-31,Automatic Execution,Business Services,Technology Services,91.0,94.81,89.6209,90.49,107,4.67833624673218,1,1,1,0,0
COHR,Business Services,Technology Services,35__2,35,2.0,5. p99_trade_value,128109.99999999999,479000.0,O:COHR250207P00083000,COHR,P,83.0,2025-02-07,233,0,323,2.53,1738337278180000000,748,189243.99999999997,2025-01-31,Multi Leg Auction,Business Services,Technology Services,91.0,94.81,89.6209,90.49,25,5.2770221190402795,1,0,0,0,1
COHR,Business Services,Technology Services,35__2,35,2.0,6. p95_trade_value,32000.0,128079.0,O:COHR250214P00085000,COHR,P,85.0,2025-02-14,227,0,323,3.52,1738335049813000000,100,35200.0,2025-01-31,Single Leg Auction Non ISO,Business Services,Technology Services,91.0,94.81,89.6209,90.49,148,4.546542663478131,1,1,1,0,0
COHR,Business Services,Technology Services,35__2,35,2.0,7. p90_trade_value,19210.0,31592.0,O:COHR250221C00090000,COHR,C,90.0,2025-02-21,209,0,315,6.5,1738608816679000000,42,27300.0,2025-02-03,Automatic Execution,Business Services,Technology Services,84.43,89.3692,84.11,87.5,207,4.4361626470407565,2,1,0,0,0
COHR,Business Services,Technology Services,35__2,35,2.0,7. p90_trade_value,19210.0,31592.0,O:COHR250221C00090000,COHR,C,90.0,2025-02-21,209,0,300,6.5,1738608816670000000,31,20150.0,2025-02-03,Automatic Execution,Business Services,Technology Services,84.43,89.3692,84.11,87.5,310,4.304275050477128,2,1,0,0,0
COHR,Business Services,Technology Services,35__2,35,2.0,6. p95_trade_value,32000.0,128079.0,O:COHR250221C00090000,COHR,C,90.0,2025-02-21,231,0,301,6.4,1738616038566000000,50,32000.0,2025-02-03,Single Leg Floor Trade,Business Services,Technology Services,84.43,89.3692,84.11,87.5,167,4.505149978319906,1,1,0,0,0
COHR,Business Services,Technology Services,35__2,35,2.0,7. p90_trade_value,19210.0,31592.0,O:COHR250221C00090000,COHR,C,90.0,2025-02-21,227,0,312,6.18,1738615890148000000,32,19776.0,2025-02-03,Single Leg Auction Non ISO,Business Services,Technology Services,84.43,89.3692,84.11,87.5,322,4.296138453408722,2,1,0,0,0
COHR,Business Services,Technology Services,35__2,35,2.0,7. p90_trade_value,19210.0,31592.0,O:COHR250221C00090000,COHR,C,90.0,2025-02-21,209,0,318,6.5,1738608816650000000,47,30550.0,2025-02-03,Automatic Execution,Business Services,Technology Services,84.43,89.3692,84.11,87.5,176,4.485011214578573,2,1,0,0,0
COHR,Business Services,Technology Services,35__2,35,2.0,5. p99_trade_value,128109.99999999999,479000.0,O:COHR250221C00090000,COHR,C,90.0,2025-02-21,227,0,312,6.2,1738615890148000000,547,339140.0,2025-02-03,Single Leg Auction Non ISO,Business Services,Technology Services,84.43,89.3692,84.11,87.5,16,5.530379015831684,1,1,0,0,0
COHR,Business Services,Technology Services,35__2,35,2.0,7. p90_trade_value,19210.0,31592.0,O:COHR250221C00100000,COHR,C,100.0,2025-02-21,227,0,304,3.2,1738609611163000000,79,25280.0,2025-02-03,Single Leg Auction Non ISO,Business Services,Technology Services,84.43,89.3692,84.11,87.5,221,4.402777069610347,2,1,0,0,0
COHR,Business Services,Technology Services,35__2,35,2.0,6. p95_trade_value,32000.0,128079.0,O:COHR250207P00080000,COHR,P,80.0,2025-02-07,209,0,316,2.2,1738682540487000000,398,87560.0,2025-02-04,Automatic Execution,Business Services,Technology Services,86.29,88.44,85.85,87.74,64,4.942305752895894,1,0,0,0,1
COHR,Business Services,Technology Services,35__2,35,2.0,4. p999_trade_value,670220.0,825000.0,O:COHR250214P00084000,COHR,P,84.0,2025-02-14,241,0,323,4.4,1738689085668000000,1875,825000.0,2025-02-04,Stock Options Cross,Business Services,Technology Services,86.29,88.44,85.85,87.74,2,5.9164539485499255,1,1,0,0,0
COHR,Business Services,Technology Services,35__2,35,2.0,4. p999_trade_value,670220.0,825000.0,O:COHR250214P00084000,COHR,P,84.0,2025-02-14,241,0,323,4.3,1738689088170000000,1875,806250.0,2025-02-04,Stock Options Cross,Business Services,Technology Services,86.29,88.44,85.85,87.74,3,5.906469727643324,1,1,0,0,0
COHR,Business Services,Technology Services,35__2,35,2.0,6. p95_trade_value,32000.0,128079.0,O:COHR250221C00090000,COHR,C,90.0,2025-02-21,209,0,316,5.6,1738695636255000000,142,79520.0,2025-02-04,Automatic Execution,Business Services,Technology Services,86.29,88.44,85.85,87.74,68,4.9004763713892565,1,1,0,0,0
COHR,Business Services,Technology Services,35__2,35,2.0,5. p99_trade_value,128109.99999999999,479000.0,O:COHR250221C00090000,COHR,C,90.0,2025-02-21,242,0,313,5.4,1738691270450000000,350,189000.00000000003,2025-02-04,Stock Options floor trade,Business Services,Technology Services,86.29,88.44,85.85,87.74,26,5.276461804173244,1,1,0,0,0
COHR,Business Services,Technology Services,35__2,35,2.0,6. p95_trade_value,32000.0,128079.0,O:COHR250221C00090000,COHR,C,90.0,2025-02-21,209,0,325,5.55,1738695597008000000,150,83250.0,2025-02-04,Automatic Execution,Business Services,Technology Services,86.29,88.44,85.85,87.74,67,4.920384242178358,1,1,0,0,0
COHR,Business Services,Technology Services,35__2,35,2.0,7. p90_trade_value,19210.0,31592.0,O:COHR250207C00093000,COHR,C,93.0,2025-02-07,209,0,301,4.7,1738785671960000000,45,21150.0,2025-02-05,Automatic Execution,Business Services,Technology Services,88.61,92.76,88.03,90.1,292,4.325310371711061,2,1,1,1,0
COHR,Business Services,Technology Services,35__2,35,2.0,6. p95_trade_value,32000.0,128079.0,O:COHR250207C00094000,COHR,C,94.0,2025-02-07,209,0,316,4.1,1738770181265000000,309,126689.99999999999,2025-02-05,Automatic Execution,Business Services,Technology Services,88.61,92.76,88.03,90.1,37,5.10274233614457,1,1,1,1,0
COHR,Business Services,Technology Services,35__2,35,2.0,6. p95_trade_value,32000.0,128079.0,O:COHR250207C00096000,COHR,C,96.0,2025-02-07,209,0,323,3.6,1738789147086000000,90,32400.0,2025-02-05,Automatic Execution,Business Services,Technology Services,88.61,92.76,88.03,90.1,163,4.510545010206612,1,1,1,0,0
COHR,Business Services,Technology Services,35__2,35,2.0,7. p90_trade_value,19210.0,31592.0,O:COHR250207C00097000,COHR,C,97.0,2025-02-07,209,0,303,3.5,1738789051037000000,65,22750.0,2025-02-05,Automatic Execution,Business Services,Technology Services,88.61,92.76,88.03,90.1,272,4.356981400993131,2,1,1,0,0
COHR,Business Services,Technology Services,35__2,35,2.0,6. p95_trade_value,32000.0,128079.0,O:COHR250207C00100000,COHR,C,100.0,2025-02-07,232,0,313,2.79,1738775091448000000,188,52452.0,2025-02-05,Multi Leg auto-electronic trade,Business Services,Technology Services,88.61,92.76,88.03,90.1,98,4.719762052537277,1,1,1,0,0
COHR,Business Services,Technology Services,35__2,35,2.0,7. p90_trade_value,19210.0,31592.0,O:COHR250207C00105000,COHR,C,105.0,2025-02-07,232,0,313,1.39,1738781340839000000,162,22517.999999999996,2025-02-05,Multi Leg auto-electronic trade,Business Services,Technology Services,88.61,92.76,88.03,90.1,277,4.352529814796726,2,1,0,0,0
COHR,Business Services,Technology Services,35__2,35,2.0,7. p90_trade_value,19210.0,31592.0,O:COHR250207C00105000,COHR,C,105.0,2025-02-07,232,0,313,1.56,1738775091447000000,188,29328.000000000004,2025-02-05,Multi Leg auto-electronic trade,Business Services,Technology Services,88.61,92.76,88.03,90.1,187,4.467282447618142,2,1,0,0,0
COHR,Business Services,Technology Services,35__2,35,2.0,6. p95_trade_value,32000.0,128079.0,O:COHR250207P00088000,COHR,P,88.0,2025-02-07,209,0,316,4.9,1738789075351000000,75,36750.0,2025-02-05,Automatic Execution,Business Services,Technology Services,88.61,92.76,88.03,90.1,140,4.565257343420214,1,0,0,0,1
COHR,Business Services,Technology Services,35__2,35,2.0,7. p90_trade_value,19210.0,31592.0,O:COHR250214C00095000,COHR,C,95.0,2025-02-14,209,0,304,5.6,1738786522714000000,36,20160.0,2025-02-05,Automatic Execution,Business Services,Technology Services,88.61,92.76,88.03,90.1,309,4.3044905277734875,2,1,0,0,0
COHR,Business Services,Technology Services,35__2,35,2.0,7. p90_trade_value,19210.0,31592.0,O:COHR250214C00095000,COHR,C,95.0,2025-02-14,209,0,304,5.8,1738786596110000000,36,20880.0,2025-02-05,Automatic Execution,Business Services,Technology Services,88.61,92.76,88.03,90.1,297,4.319730494330225,2,1,0,0,0
COHR,Business Services,Technology Services,35__2,35,2.0,6. p95_trade_value,32000.0,128079.0,O:COHR250214C00095000,COHR,C,95.0,2025-02-14,209,0,320,5.9,1738786596118000000,72,42480.0,2025-02-05,Automatic Execution,Business Services,Technology Services,88.61,92.76,88.03,90.1,120,4.628184508073413,1,1,0,0,0
COHR,Business Services,Technology Services,35__2,35,2.0,7. p90_trade_value,19210.0,31592.0,O:COHR250214C00096000,COHR,C,96.0,2025-02-14,231,0,301,4.7,1738775718968000000,50,23500.0,2025-02-05,Single Leg Floor Trade,Business Services,Technology Services,88.61,92.76,88.03,90.1,260,4.371067862271736,2,1,0,0,0
COHR,Business Services,Technology Services,35__2,35,2.0,5. p99_trade_value,128109.99999999999,479000.0,O:COHR250221C00093000,COHR,C,93.0,2025-02-21,242,0,323,6.0,1738772217698000000,400,240000.0,2025-02-05,Stock Options floor trade,Business Services,Technology Services,88.61,92.76,88.03,90.1,21,5.380211241711606,1,1,0,0,0
COHR,Business Services,Technology Services,35__2,35,2.0,6. p95_trade_value,32000.0,128079.0,O:COHR250221C00095000,COHR,C,95.0,2025-02-21,227,0,308,4.73,1738769138294000000,200,94600.00000000001,2025-02-05,Single Leg Auction Non ISO,Business Services,Technology Services,88.61,92.76,88.03,90.1,59,4.975891136401793,1,1,0,0,0
COHR,Business Services,Technology Services,35__2,35,2.0,6. p95_trade_value,32000.0,128079.0,O:COHR250221C00095000,COHR,C,95.0,2025-02-21,209,0,308,5.5,1738788421871000000,72,39600.0,2025-02-05,Automatic Execution,Business Services,Technology Services,88.61,92.76,88.03,90.1,129,4.597695185925512,1,1,0,0,0
COHR,Business Services,Technology Services,35__2,35,2.0,5. p99_trade_value,128109.99999999999,479000.0,O:COHR250221C00095000,COHR,C,95.0,2025-02-21,227,0,308,4.73,1738769147904000000,800,378400.00000000006,2025-02-05,Single Leg Auction Non ISO,Business Services,Technology Services,88.61,92.76,88.03,90.1,13,5.577951127729755,1,1,0,0,0
COHR,Business Services,Technology Services,35__2,35,2.0,6. p95_trade_value,32000.0,128079.0,O:COHR250221C00096000,COHR,C,96.0,2025-02-21,209,0,323,5.0,1738789168982000000,157,78500.0,2025-02-05,Automatic Execution,Business Services,Technology Services,88.61,92.76,88.03,90.1,70,4.894869656745253,1,1,0,0,0
COHR,Business Services,Technology Services,35__2,35,2.0,7. p90_trade_value,19210.0,31592.0,O:COHR250221C00100000,COHR,C,100.0,2025-02-21,209,0,316,4.2,1738788624351000000,71,29820.0,2025-02-05,Automatic Execution,Business Services,Technology Services,88.61,92.76,88.03,90.1,182,4.474507639116975,2,1,0,0,0
COHR,Business Services,Technology Services,35__2,35,2.0,5. p99_trade_value,128109.99999999999,479000.0,O:COHR250221C00101000,COHR,C,101.0,2025-02-21,231,0,301,3.5,1738775932800000000,1000,350000.0,2025-02-05,Single Leg Floor Trade,Business Services,Technology Services,88.61,92.76,88.03,90.1,15,5.544068044350276,1,1,0,0,0
COHR,Business Services,Technology Services,35__2,35,2.0,7. p90_trade_value,19210.0,31592.0,O:COHR250221P00080000,COHR,P,80.0,2025-02-21,209,0,316,2.35,1738786758534000000,89,20915.0,2025-02-05,Automatic Execution,Business Services,Technology Services,88.61,92.76,88.03,90.1,296,4.320457868916649,2,0,0,0,1
COHR,Business Services,Technology Services,35__2,35,2.0,7. p90_trade_value,19210.0,31592.0,O:COHR250221P00081000,COHR,P,81.0,2025-02-21,209,0,316,2.65,1738786752844000000,93,24645.0,2025-02-05,Automatic Execution,Business Services,Technology Services,88.61,92.76,88.03,90.1,232,4.391728822490743,2,0,0,0,1
COHR,Business Services,Technology Services,35__2,35,2.0,7. p90_trade_value,19210.0,31592.0,O:COHR250221P00081000,COHR,P,81.0,2025-02-21,209,0,316,2.65,1738786752844000000,93,24645.0,2025-02-05,Automatic Execution,Business Services,Technology Services,88.61,92.76,88.03,90.1,231,4.391728822490743,2,0,0,0,1
COHR,Business Services,Technology Services,35__2,35,2.0,7. p90_trade_value,19210.0,31592.0,O:COHR250221P00088000,COHR,P,88.0,2025-02-21,232,0,308,5.2,1738785687350000000,38,19760.0,2025-02-05,Multi Leg auto-electronic trade,Business Services,Technology Services,88.61,92.76,88.03,90.1,323,4.29578694025161,2,1,1,1,0
COHR,Business Services,Technology Services,35__2,35,2.0,7. p90_trade_value,19210.0,31592.0,O:COHR250307C00095000,COHR,C,95.0,2025-03-07,209,0,300,6.5,1738774118754000000,48,31200.0,2025-02-05,Automatic Execution,Business Services,Technology Services,88.61,92.76,88.03,90.1,171,4.494154594018442,2,1,0,0,0
COHR,Business Services,Technology Services,35__2,35,2.0,7. p90_trade_value,19210.0,31592.0,O:COHR250207P00083000,COHR,P,83.0,2025-02-07,233,0,323,0.38,1738855252046000000,750,28500.0,2025-02-06,Multi Leg Auction,Business Services,Technology Services,103.25,107.37,98.7,100.46,193,4.45484486000851,2,0,0,0,1
COHR,Business Services,Technology Services,35__2,35,2.0,6. p95_trade_value,32000.0,128079.0,O:COHR250214P00090000,COHR,P,90.0,2025-02-14,233,0,323,0.61,1738855252045000000,750,45750.0,2025-02-06,Multi Leg Auction,Business Services,Technology Services,103.25,107.37,98.7,100.46,111,4.660391098402467,1,1,1,1,0
COHR,Business Services,Technology Services,35__2,35,2.0,6. p95_trade_value,32000.0,128079.0,O:COHR250214C00104000,COHR,C,104.0,2025-02-14,233,0,323,0.79,1739200483166000000,749,59171.0,2025-02-10,Multi Leg Auction,Business Services,Technology Services,97.92,98.18,91.07,93.66,87,4.772108908989908,1,0,0,0,1
COHR,Business Services,Technology Services,35__2,35,2.0,6. p95_trade_value,32000.0,128079.0,O:COHR250214P00090000,COHR,P,90.0,2025-02-14,233,0,323,1.71,1739200483166000000,749,128079.0,2025-02-10,Multi Leg Auction,Business Services,Technology Services,97.92,98.18,91.07,93.66,35,5.107477928091621,1,1,1,1,0
COHR,Business Services,Technology Services,35__2,35,2.0,6. p95_trade_value,32000.0,128079.0,O:COHR250221P00085000,COHR,P,85.0,2025-02-21,233,0,323,0.95,1739200483166000000,749,71155.0,2025-02-10,Multi Leg Auction,Business Services,Technology Services,97.92,98.18,91.07,93.66,74,4.852205422988314,1,1,1,1,0
COHR,Business Services,Technology Services,35__2,35,2.0,6. p95_trade_value,32000.0,128079.0,O:COHR250228P00086000,COHR,P,86.0,2025-02-28,209,0,318,4.5,1739287475847000000,90,40500.0,2025-02-11,Automatic Execution,Business Services,Technology Services,91.67,92.45,87.33,87.5,126,4.607455023214668,1,1,1,1,0
COHR,Business Services,Technology Services,35__2,35,2.0,7. p90_trade_value,19210.0,31592.0,O:COHR250307P00080000,COHR,P,80.0,2025-03-07,209,0,308,2.5,1739470474728000000,99,24750.0,2025-02-13,Automatic Execution,Business Services,Technology Services,87.35,88.24,83.63,86.46,230,4.393575203269587,2,1,1,1,0
COHR,Business Services,Technology Services,35__2,35,2.0,6. p95_trade_value,32000.0,128079.0,O:COHR250228C00092000,COHR,C,92.0,2025-02-28,233,0,323,1.47,1739553770348000000,750,110250.0,2025-02-14,Multi Leg Auction,Business Services,Technology Services,86.8,87.36,84.28,86.8,45,5.0423785981398765,1,0,0,0,1
COHR,Business Services,Technology Services,35__2,35,2.0,6. p95_trade_value,32000.0,128079.0,O:COHR250228P00075000,COHR,P,75.0,2025-02-28,233,0,323,0.76,1739553770348000000,750,57000.0,2025-02-14,Multi Leg Auction,Business Services,Technology Services,86.8,87.36,84.28,86.8,92,4.7558748556724915,1,1,1,0,0
COHR,Business Services,Technology Services,35__2,35,2.0,7. p90_trade_value,19210.0,31592.0,O:COHR250321C00090000,COHR,C,90.0,2025-03-21,209,0,309,3.6,1740071479068000000,82,29520.0,2025-02-20,Automatic Execution,Business Services,Technology Services,86.37,86.66,82.21,86.24,185,4.4701163531510035,2,0,0,0,1
COHR,Business Services,Technology Services,35__2,35,2.0,6. p95_trade_value,32000.0,128079.0,O:COHR250321C00090000,COHR,C,90.0,2025-03-21,209,0,322,3.9,1740072669301000000,150,58500.0,2025-02-20,Automatic Execution,Business Services,Technology Services,86.37,86.66,82.21,86.24,89,4.76715586608218,1,0,0,0,1
COHR,Business Services,Technology Services,35__2,35,2.0,7. p90_trade_value,19210.0,31592.0,O:COHR250321C00090000,COHR,C,90.0,2025-03-21,209,0,300,3.6,1740071479068000000,55,19800.0,2025-02-20,Automatic Execution,Business Services,Technology Services,86.37,86.66,82.21,86.24,321,4.296665190261531,2,0,0,0,1
COHR,Business Services,Technology Services,35__2,35,2.0,6. p95_trade_value,32000.0,128079.0,O:COHR250321C00090000,COHR,C,90.0,2025-03-21,209,0,323,3.6,1740071479068000000,172,61920.00000000001,2025-02-20,Automatic Execution,Business Services,Technology Services,86.37,86.66,82.21,86.24,83,4.791830947674836,1,0,0,0,1
COHR,Business Services,Technology Services,35__2,35,2.0,7. p90_trade_value,19210.0,31592.0,O:COHR250321C00090000,COHR,C,90.0,2025-03-21,209,0,312,3.6,1740071479067000000,69,24840.0,2025-02-20,Automatic Execution,Business Services,Technology Services,86.37,86.66,82.21,86.24,227,4.3951515915045425,2,0,0,0,1
COHR,Business Services,Technology Services,35__2,35,2.0,7. p90_trade_value,19210.0,31592.0,O:COHR250321C00090000,COHR,C,90.0,2025-03-21,209,0,307,3.6,1740071479068000000,76,27360.000000000004,2025-02-20,Automatic Execution,Business Services,Technology Services,86.37,86.66,82.21,86.24,206,4.437116093048079,2,0,0,0,1
COHR,Business Services,Technology Services,35__2,35,2.0,7. p90_trade_value,19210.0,31592.0,O:COHR250321C00090000,COHR,C,90.0,2025-03-21,209,0,308,3.6,1740071479068000000,78,28080.0,2025-02-20,Automatic Execution,Business Services,Technology Services,86.37,86.66,82.21,86.24,198,4.448397103457768,2,0,0,0,1
COHR,Business Services,Technology Services,35__2,35,2.0,7. p90_trade_value,19210.0,31592.0,O:COHR250321C00090000,COHR,C,90.0,2025-03-21,209,0,302,3.6,1740071479084000000,84,30240.000000000004,2025-02-20,Automatic Execution,Business Services,Technology Services,86.37,86.66,82.21,86.24,180,4.480581786829169,2,0,0,0,1
COHR,Business Services,Technology Services,35__2,35,2.0,7. p90_trade_value,19210.0,31592.0,O:COHR250321C00090000,COHR,C,90.0,2025-03-21,209,0,301,2.9,1740159457710000000,100,29000.0,2025-02-21,Automatic Execution,Business Services,Technology Services,87.0,87.99,82.03,82.64,191,4.4623979978989565,2,0,0,0,1
COHR,Business Services,Technology Services,35__2,35,2.0,7. p90_trade_value,19210.0,31592.0,O:COHR250321C00090000,COHR,C,90.0,2025-03-21,209,0,322,4.2,1740150476199000000,50,21000.0,2025-02-21,Automatic Execution,Business Services,Technology Services,87.0,87.99,82.03,82.64,294,4.3222192947339195,2,0,0,0,1
COHR,Business Services,Technology Services,35__2,35,2.0,7. p90_trade_value,19210.0,31592.0,O:COHR250307C00085000,COHR,C,85.0,2025-03-07,232,0,302,0.7,1740501613799000000,434,30379.999999999996,2025-02-25,Multi Leg auto-electronic trade,Business Services,Technology Services,79.09,80.0,74.41,76.13,179,4.482587769526767,2,0,0,0,1
COHR,Business Services,Technology Services,35__2,35,2.0,7. p90_trade_value,19210.0,31592.0,O:COHR250314C00081000,COHR,C,81.0,2025-03-14,227,0,323,3.04,1740495207788000000,100,30400.0,2025-02-25,Single Leg Auction Non ISO,Business Services,Technology Services,79.09,80.0,74.41,76.13,178,4.482873583608754,2,1,0,0,0
COHR,Business Services,Technology Services,35__2,35,2.0,6. p95_trade_value,32000.0,128079.0,O:COHR250321C00090000,COHR,C,90.0,2025-03-21,235,0,301,0.9,1740499458693000000,1000,90000.0,2025-02-25,Multi Leg floor trade,Business Services,Technology Services,79.09,80.0,74.41,76.13,63,4.954242509439325,1,0,0,0,1
COHR,Business Services,Technology Services,35__2,35,2.0,7. p90_trade_value,19210.0,31592.0,O:COHR250228P00077000,COHR,P,77.0,2025-02-28,209,0,313,1.25,1740602160935000000,220,27500.0,2025-02-26,Automatic Execution,Business Services,Technology Services,78.52,80.75,78.0,78.4,205,4.439332693830263,2,1,1,1,0
COHR,Business Services,Technology Services,35__2,35,2.0,7. p90_trade_value,19210.0,31592.0,O:COHR250228P00077000,COHR,P,77.0,2025-02-28,209,0,313,1.25,1740602160940000000,220,27500.0,2025-02-26,Automatic Execution,Business Services,Technology Services,78.52,80.75,78.0,78.4,202,4.439332693830263,2,1,1,1,0
COHR,Business Services,Technology Services,35__2,35,2.0,7. p90_trade_value,19210.0,31592.0,O:COHR250228P00077000,COHR,P,77.0,2025-02-28,209,0,313,1.25,1740602160935000000,220,27500.0,2025-02-26,Automatic Execution,Business Services,Technology Services,78.52,80.75,78.0,78.4,203,4.439332693830263,2,1,1,1,0
COHR,Business Services,Technology Services,35__2,35,2.0,7. p90_trade_value,19210.0,31592.0,O:COHR250228P00077000,COHR,P,77.0,2025-02-28,209,0,313,1.25,1740602160940000000,220,27500.0,2025-02-26,Automatic Execution,Business Services,Technology Services,78.52,80.75,78.0,78.4,204,4.439332693830263,2,1,1,1,0
COHR,Business Services,Technology Services,35__2,35,2.0,6. p95_trade_value,32000.0,128079.0,O:COHR250307C00085000,COHR,C,85.0,2025-03-07,209,0,316,1.25,1740602161122000000,498,62250.0,2025-02-26,Automatic Execution,Business Services,Technology Services,78.52,80.75,78.0,78.4,82,4.794139355767774,1,0,0,0,1
COHR,Business Services,Technology Services,35__2,35,2.0,6. p95_trade_value,32000.0,128079.0,O:COHR250307C00085000,COHR,C,85.0,2025-03-07,209,0,308,1.2,1740602459549000000,500,60000.0,2025-02-26,Automatic Execution,Business Services,Technology Services,78.52,80.75,78.0,78.4,84,4.778151250383644,1,0,0,0,1
COHR,Business Services,Technology Services,35__2,35,2.0,6. p95_trade_value,32000.0,128079.0,O:COHR250321C00078000,COHR,C,78.0,2025-03-21,235,0,323,1.25,1741033469449000000,1000,125000.0,2025-03-03,Multi Leg floor trade,Business Services,Technology Services,76.0,76.72,67.7,68.27,39,5.096910013008056,1,0,0,0,1
COHR,Business Services,Technology Services,35__2,35,2.0,5. p99_trade_value,128109.99999999999,479000.0,O:COHR250321P00065000,COHR,P,65.0,2025-03-21,233,0,302,2.84,1741034099380000000,494,140296.0,2025-03-03,Multi Leg Auction,Business Services,Technology Services,76.0,76.72,67.7,68.27,32,5.147045288970685,1,1,0,0,0
COHR,Business Services,Technology Services,35__2,35,2.0,7. p90_trade_value,19210.0,31592.0,O:COHR250314C00075000,COHR,C,75.0,2025-03-14,232,0,312,1.77,1741200074679000000,161,28497.000000000004,2025-03-05,Multi Leg auto-electronic trade,Business Services,Technology Services,69.75,72.41,69.405,71.84,194,4.454799142393656,2,0,0,0,1
COHR,Business Services,Technology Services,35__2,35,2.0,6. p95_trade_value,32000.0,128079.0,O:COHR250321C00075000,COHR,C,75.0,2025-03-21,227,0,301,2.6,1741189364545000000,160,41600.0,2025-03-05,Single Leg Auction Non ISO,Business Services,Technology Services,69.75,72.41,69.405,71.84,125,4.619093330626742,1,0,0,0,1
COHR,Business Services,Technology Services,35__2,35,2.0,6. p95_trade_value,32000.0,128079.0,O:COHR250321C00075000,COHR,C,75.0,2025-03-21,232,0,312,2.77,1741200074679000000,161,44597.0,2025-03-05,Multi Leg auto-electronic trade,Business Services,Technology Services,69.75,72.41,69.405,71.84,117,4.649305645096298,1,0,0,0,1
COHR,Business Services,Technology Services,35__2,35,2.0,5. p99_trade_value,128109.99999999999,479000.0,O:COHR250321C00076000,COHR,C,76.0,2025-03-21,233,0,323,0.64,1741636437931000000,2099,134336.0,2025-03-10,Multi Leg Auction,Business Services,Technology Services,62.52,64.22,61.2751,62.81,33,5.128192412566287,1,0,0,0,1
COHR,Business Services,Technology Services,35__2,35,2.0,7. p90_trade_value,19210.0,31592.0,O:COHR250417C00075000,COHR,C,75.0,2025-04-17,209,0,323,2.5,1742394363786000000,103,25750.0,2025-03-19,Automatic Execution,Business Services,Technology Services,66.35,71.56,66.015,69.77,216,4.4107772333772095,2,1,0,0,0
COHR,Business Services,Technology Services,35__2,35,2.0,7. p90_trade_value,19210.0,31592.0,O:COHR250417C00080000,COHR,C,80.0,2025-04-17,209,0,319,3.2,1742841656339000000,75,24000.0,2025-03-24,Automatic Execution,Business Services,Technology Services,72.33,77.08,71.96,76.71,242,4.380211241711606,2,0,0,0,1
COHR,Business Services,Technology Services,35__2,35,2.0,7. p90_trade_value,19210.0,31592.0,O:COHR250417C00080000,COHR,C,80.0,2025-04-17,209,0,319,2.8,1742839897760000000,72,20160.0,2025-03-24,Automatic Execution,Business Services,Technology Services,72.33,77.08,71.96,76.71,308,4.3044905277734875,2,0,0,0,1
COHR,Business Services,Technology Services,35__2,35,2.0,7. p90_trade_value,19210.0,31592.0,O:COHR250417C00080000,COHR,C,80.0,2025-04-17,209,0,319,3.0,1742840466657000000,74,22200.0,2025-03-24,Automatic Execution,Business Services,Technology Services,72.33,77.08,71.96,76.71,281,4.346352974450639,2,0,0,0,1
COHR,Business Services,Technology Services,35__2,35,2.0,7. p90_trade_value,19210.0,31592.0,O:COHR250417C00080000,COHR,C,80.0,2025-04-17,209,0,319,3.3,1742842100203000000,75,24750.0,2025-03-24,Automatic Execution,Business Services,Technology Services,72.33,77.08,71.96,76.71,229,4.393575203269587,2,0,0,0,1
COHR,Business Services,Technology Services,35__2,35,2.0,7. p90_trade_value,19210.0,31592.0,O:COHR250417C00080000,COHR,C,80.0,2025-04-17,209,0,319,3.1,1742841063858000000,74,22940.0,2025-03-24,Automatic Execution,Business Services,Technology Services,72.33,77.08,71.96,76.71,270,4.360593413565248,2,0,0,0,1
COHR,Business Services,Technology Services,35__2,35,2.0,7. p90_trade_value,19210.0,31592.0,O:COHR250417C00080000,COHR,C,80.0,2025-04-17,219,0,301,3.2,1742838682265000000,87,27840.000000000004,2025-03-24,Intermarket Sweep Order,Business Services,Technology Services,72.33,77.08,71.96,76.71,199,4.4446692309385245,2,0,0,0,1
COHR,Business Services,Technology Services,35__2,35,2.0,7. p90_trade_value,19210.0,31592.0,O:COHR250417C00080000,COHR,C,80.0,2025-04-17,209,0,319,2.85,1742840122653000000,74,21090.0,2025-03-24,Automatic Execution,Business Services,Technology Services,72.33,77.08,71.96,76.71,293,4.3240765797394864,2,0,0,0,1
COHR,Business Services,Technology Services,35__2,35,2.0,7. p90_trade_value,19210.0,31592.0,O:COHR250404C00070000,COHR,C,70.0,2025-04-04,227,0,323,1.46,1743172303494000000,200,29200.0,2025-03-28,Single Leg Auction Non ISO,Business Services,Technology Services,66.88,68.4,64.87,65.73,189,4.465382851448418,2,0,0,0,1
COHR,Business Services,Technology Services,35__2,35,2.0,7. p90_trade_value,19210.0,31592.0,O:COHR250404P00063000,COHR,P,63.0,2025-04-04,209,0,320,1.7,1743177013710000000,113,19210.0,2025-03-28,Automatic Execution,Business Services,Technology Services,66.88,68.4,64.87,65.73,333,4.283527364861694,2,1,1,1,0
COHR,Business Services,Technology Services,35__2,35,2.0,7. p90_trade_value,19210.0,31592.0,O:COHR250404P00064000,COHR,P,64.0,2025-04-04,209,0,320,2.55,1743184040665000000,109,27795.0,2025-03-28,Automatic Execution,Business Services,Technology Services,66.88,68.4,64.87,65.73,200,4.443966678374578,2,1,1,1,0
COHR,Business Services,Technology Services,35__2,35,2.0,6. p95_trade_value,32000.0,128079.0,O:COHR250411P00064000,COHR,P,64.0,2025-04-11,209,0,319,3.2,1743184092403000000,110,35200.0,2025-03-28,Automatic Execution,Business Services,Technology Services,66.88,68.4,64.87,65.73,149,4.546542663478131,1,1,1,1,0
COHR,Business Services,Technology Services,35__2,35,2.0,6. p95_trade_value,32000.0,128079.0,O:COHR250411C00067000,COHR,C,67.0,2025-04-11,209,0,316,2.65,1743446066983000000,134,35510.0,2025-03-31,Automatic Execution,Business Services,Technology Services,63.4,65.25,61.17,64.94,146,4.550350672301615,1,1,0,0,0
COHR,Business Services,Technology Services,35__2,35,2.0,6. p95_trade_value,32000.0,128079.0,O:COHR250417C00080000,COHR,C,80.0,2025-04-17,231,0,323,0.45,1743429639610000000,2026,91170.0,2025-03-31,Single Leg Floor Trade,Business Services,Technology Services,63.4,65.25,61.17,64.94,61,4.959851954799605,1,0,0,0,1
COHR,Business Services,Technology Services,35__2,35,2.0,7. p90_trade_value,19210.0,31592.0,O:COHR250425P00056000,COHR,P,56.0,2025-04-25,209,0,308,2.3,1743429157304000000,94,21620.0,2025-03-31,Automatic Execution,Business Services,Technology Services,63.4,65.25,61.17,64.94,288,4.334855689617291,2,1,0,0,0
COHR,Business Services,Technology Services,35__2,35,2.0,7. p90_trade_value,19210.0,31592.0,O:COHR250425P00056000,COHR,P,56.0,2025-04-25,209,0,308,2.3,1743429159145000000,97,22310.0,2025-03-31,Automatic Execution,Business Services,Technology Services,63.4,65.25,61.17,64.94,279,4.348499570283837,2,1,0,0,0
COHR,Business Services,Technology Services,35__2,35,2.0,7. p90_trade_value,19210.0,31592.0,O:COHR250516P00040000,COHR,P,40.0,2025-05-16,209,0,313,1.15,1744904463116000000,170,19549.999999999996,2025-04-17,Automatic Execution,Business Services,Technology Services,55.72,56.55,54.51,55.29,324,4.291146761731886,2,0,0,0,1
COHR,Business Services,Technology Services,35__2,35,2.0,7. p90_trade_value,19210.0,31592.0,O:COHR250516P00048000,COHR,P,48.0,2025-05-16,227,0,323,3.46,1745248211758000000,70,24220.0,2025-04-21,Single Leg Auction Non ISO,Business Services,Technology Services,53.65,54.0682,50.81,52.12,238,4.384174138807033,2,0,0,0,1
COHR,Business Services,Technology Services,35__2,35,2.0,7. p90_trade_value,19210.0,31592.0,O:COHR250516P00049000,COHR,P,49.0,2025-05-16,209,0,308,3.5,1745243972169000000,69,24150.0,2025-04-21,Automatic Execution,Business Services,Technology Services,53.65,54.0682,50.81,52.12,239,4.382917135087531,2,0,0,0,1
COHR,Business Services,Technology Services,35__2,35,2.0,7. p90_trade_value,19210.0,31592.0,O:COHR250516C00060000,COHR,C,60.0,2025-05-16,209,0,308,2.9,1745330314503000000,70,20300.0,2025-04-22,Automatic Execution,Business Services,Technology Services,52.98,55.9,52.98,55.13,307,4.307496037913213,2,1,1,1,0
COHR,Business Services,Technology Services,35__2,35,2.0,6. p95_trade_value,32000.0,128079.0,O:COHR250516C00065000,COHR,C,65.0,2025-05-16,227,0,323,4.76,1745415819166000000,250,119000.0,2025-04-23,Single Leg Auction Non ISO,Business Services,Technology Services,60.92,63.71,58.82,59.34,40,5.075546961392531,1,1,1,1,0
COHR,Business Services,Technology Services,35__2,35,2.0,6. p95_trade_value,32000.0,128079.0,O:COHR250516C00065000,COHR,C,65.0,2025-05-16,209,0,322,5.0,1745519156543000000,100,50000.0,2025-04-24,Automatic Execution,Business Services,Technology Services,60.31,64.0,60.255,63.51,102,4.698970004336019,1,1,1,1,0
COHR,Business Services,Technology Services,35__2,35,2.0,5. p99_trade_value,128109.99999999999,479000.0,O:COHR250509P00064000,COHR,P,64.0,2025-05-09,227,0,308,4.1,1745935798872000000,558,228779.99999999997,2025-04-29,Single Leg Auction Non ISO,Business Services,Technology Services,64.54,65.63,64.19,64.84,22,5.359418055657314,1,1,0,0,0
COHR,Business Services,Technology Services,35__2,35,2.0,7. p90_trade_value,19210.0,31592.0,O:COHR250509P00064000,COHR,P,64.0,2025-05-09,209,0,323,4.1,1745935789569000000,49,20089.999999999996,2025-04-29,Automatic Execution,Business Services,Technology Services,64.54,65.63,64.19,64.84,312,4.302979936748249,2,1,0,0,0
COHR,Business Services,Technology Services,35__2,35,2.0,5. p99_trade_value,128109.99999999999,479000.0,O:COHR250509P00064000,COHR,P,64.0,2025-05-09,242,0,313,2.3,1746121387969000000,557,128109.99999999999,2025-05-01,Stock Options floor trade,Business Services,Technology Services,67.9,70.94,67.675,69.17,34,5.1075830311913215,1,0,0,0,1
COHR,Business Services,Technology Services,35__2,35,2.0,5. p99_trade_value,128109.99999999999,479000.0,O:COHR250516C00075000,COHR,C,75.0,2025-05-16,231,0,323,3.2,1746112011565000000,1424,455680.0,2025-05-01,Single Leg Floor Trade,Business Services,Technology Services,67.9,70.94,67.675,69.17,6,5.658659967620744,1,1,1,1,0
COHR,Business Services,Technology Services,35__2,35,2.0,5. p99_trade_value,128109.99999999999,479000.0,O:COHR250516C00075000,COHR,C,75.0,2025-05-16,231,0,323,3.1,1746112011565000000,1424,441440.00000000006,2025-05-01,Single Leg Floor Trade,Business Services,Technology Services,67.9,70.94,67.675,69.17,7,5.6448716831351105,1,1,1,1,0
COHR,Business Services,Technology Services,35__2,35,2.0,6. p95_trade_value,32000.0,128079.0,O:COHR250516C00075000,COHR,C,75.0,2025-05-16,231,0,323,3.2,1746112323709000000,139,44480.0,2025-05-01,Single Leg Floor Trade,Business Services,Technology Services,67.9,70.94,67.675,69.17,118,4.648164778574001,1,1,1,1,0
COHR,Business Services,Technology Services,35__2,35,2.0,6. p95_trade_value,32000.0,128079.0,O:COHR250516C00075000,COHR,C,75.0,2025-05-16,231,0,323,3.0,1746111978407000000,150,45000.0,2025-05-01,Single Leg Floor Trade,Business Services,Technology Services,67.9,70.94,67.675,69.17,112,4.653212513775344,1,1,1,1,0
COHR,Business Services,Technology Services,35__2,35,2.0,6. p95_trade_value,32000.0,128079.0,O:COHR250516C00075000,COHR,C,75.0,2025-05-16,231,0,323,3.4,1746112603025000000,100,34000.0,2025-05-01,Single Leg Floor Trade,Business Services,Technology Services,67.9,70.94,67.675,69.17,156,4.531478917042255,1,1,1,1,0
COHR,Business Services,Technology Services,35__2,35,2.0,6. p95_trade_value,32000.0,128079.0,O:COHR250530P00066000,COHR,P,66.0,2025-05-30,209,0,323,4.2,1746114730588000000,166,69720.0,2025-05-01,Automatic Execution,Business Services,Technology Services,67.9,70.94,67.675,69.17,75,4.843357378437956,1,0,0,0,1
COHR,Business Services,Technology Services,35__2,35,2.0,6. p95_trade_value,32000.0,128079.0,O:COHR250516C00075000,COHR,C,75.0,2025-05-16,209,0,303,3.7,1746467203520000000,100,37000.0,2025-05-05,Automatic Execution,Business Services,Technology Services,70.505,72.56,70.0312,70.95,138,4.568201724066995,1,1,1,1,0
COHR,Business Services,Technology Services,35__2,35,2.0,7. p90_trade_value,19210.0,31592.0,O:COHR250516P00068000,COHR,P,68.0,2025-05-16,232,0,313,2.89,1746467412624000000,103,29767.0,2025-05-05,Multi Leg auto-electronic trade,Business Services,Technology Services,70.505,72.56,70.0312,70.95,183,4.47373506746172,2,1,0,0,0
COHR,Business Services,Technology Services,35__2,35,2.0,7. p90_trade_value,19210.0,31592.0,O:COHR250509C00072000,COHR,C,72.0,2025-05-09,209,0,316,2.55,1746541473715000000,84,21420.0,2025-05-06,Automatic Execution,Business Services,Technology Services,68.01,70.38,66.71,69.79,290,4.330819466495837,2,1,1,0,0
COHR,Business Services,Technology Services,35__2,35,2.0,7. p90_trade_value,19210.0,31592.0,O:COHR250509C00080000,COHR,C,80.0,2025-05-09,234,0,313,0.62,1746541793323000000,500,31000.0,2025-05-06,Multi Leg Cross,Business Services,Technology Services,68.01,70.38,66.71,69.79,173,4.491361693834273,2,0,0,0,1
COHR,Business Services,Technology Services,35__2,35,2.0,6. p95_trade_value,32000.0,128079.0,O:COHR250509P00066000,COHR,P,66.0,2025-05-09,232,0,313,2.52,1746544596756000000,250,63000.0,2025-05-06,Multi Leg auto-electronic trade,Business Services,Technology Services,68.01,70.38,66.71,69.79,81,4.799340549453582,1,0,0,0,1
COHR,Business Services,Technology Services,35__2,35,2.0,5. p99_trade_value,128109.99999999999,479000.0,O:COHR250516C00075000,COHR,C,75.0,2025-05-16,235,0,301,2.25,1746550625881000000,1400,315000.0,2025-05-06,Multi Leg floor trade,Business Services,Technology Services,68.01,70.38,66.71,69.79,18,5.498310553789601,1,1,1,1,0
COHR,Business Services,Technology Services,35__2,35,2.0,5. p99_trade_value,128109.99999999999,479000.0,O:COHR250516P00065000,COHR,P,65.0,2025-05-16,235,0,301,3.1,1746550625881000000,1400,434000.0,2025-05-06,Multi Leg floor trade,Business Services,Technology Services,68.01,70.38,66.71,69.79,10,5.63748972951251,1,0,0,0,1
COHR,Business Services,Technology Services,35__2,35,2.0,6. p95_trade_value,32000.0,128079.0,O:COHR250509P00065000,COHR,P,65.0,2025-05-09,209,0,308,1.85,1746635772872000000,500,92500.0,2025-05-07,Automatic Execution,Business Services,Technology Services,70.1,70.57,67.3,69.62,60,4.9661417327390325,1,0,0,0,1
COHR,Business Services,Technology Services,35__2,35,2.0,7. p90_trade_value,19210.0,31592.0,O:COHR250509P00065000,COHR,P,65.0,2025-05-09,227,0,301,1.69,1746639114716000000,124,20956.0,2025-05-07,Single Leg Auction Non ISO,Business Services,Technology Services,70.1,70.57,67.3,69.62,295,4.321308389775909,2,0,0,0,1
COHR,Business Services,Technology Services,35__2,35,2.0,7. p90_trade_value,19210.0,31592.0,O:COHR250509P00065000,COHR,P,65.0,2025-05-09,209,0,303,1.6,1746638692365000000,125,20000.0,2025-05-07,Automatic Execution,Business Services,Technology Services,70.1,70.57,67.3,69.62,314,4.301029995663981,2,0,0,0,1
COHR,Business Services,Technology Services,35__2,35,2.0,6. p95_trade_value,32000.0,128079.0,O:COHR250509P00065000,COHR,P,65.0,2025-05-09,231,0,301,1.6,1746638505534000000,200,32000.0,2025-05-07,Single Leg Floor Trade,Business Services,Technology Services,70.1,70.57,67.3,69.62,168,4.505149978319906,2,0,0,0,1
COHR,Business Services,Technology Services,35__2,35,2.0,6. p95_trade_value,32000.0,128079.0,O:COHR250509P00065000,COHR,P,65.0,2025-05-09,209,0,320,1.8,1746640412819000000,200,36000.0,2025-05-07,Automatic Execution,Business Services,Technology Services,70.1,70.57,67.3,69.62,144,4.556302500767287,1,0,0,0,1
COHR,Business Services,Technology Services,35__2,35,2.0,6. p95_trade_value,32000.0,128079.0,O:COHR250516C00075000,COHR,C,75.0,2025-05-16,209,0,322,1.9,1746646226214000000,272,51679.99999999999,2025-05-07,Automatic Execution,Business Services,Technology Services,70.1,70.57,67.3,69.62,99,4.713322504987028,1,1,1,1,0
COHR,Business Services,Technology Services,35__2,35,2.0,6. p95_trade_value,32000.0,128079.0,O:COHR250516C00075000,COHR,C,75.0,2025-05-16,235,0,313,0.8,1746731713936000000,892,71360.0,2025-05-08,Multi Leg floor trade,Business Services,Technology Services,72.89,72.89,67.5,70.59,73,4.853454841368067,1,1,1,1,0
COHR,Business Services,Technology Services,35__2,35,2.0,5. p99_trade_value,128109.99999999999,479000.0,O:COHR250530C00075000,COHR,C,75.0,2025-05-30,235,0,313,2.38,1746731713937000000,595,141610.0,2025-05-08,Multi Leg floor trade,Business Services,Technology Services,72.89,72.89,67.5,70.59,31,5.151093922785061,1,1,1,1,0
COHR,Business Services,Technology Services,35__2,35,2.0,7. p90_trade_value,19210.0,31592.0,O:COHR250530P00067000,COHR,P,67.0,2025-05-30,233,0,304,3.14,1746722466973000000,79,24806.0,2025-05-08,Multi Leg Auction,Business Services,Technology Services,72.89,72.89,67.5,70.59,228,4.394556739363656,2,0,0,0,1
COHR,Business Services,Technology Services,35__2,35,2.0,7. p90_trade_value,19210.0,31592.0,O:COHR250530P00067000,COHR,P,67.0,2025-05-30,233,0,304,3.14,1746722466973000000,80,25120.0,2025-05-08,Multi Leg Auction,Business Services,Technology Services,72.89,72.89,67.5,70.59,224,4.400019635065158,2,0,0,0,1
COHR,Business Services,Technology Services,35__2,35,2.0,5. p99_trade_value,128109.99999999999,479000.0,O:COHR250530C00080000,COHR,C,80.0,2025-05-30,235,0,300,2.53,1747063225635000000,595,150535.0,2025-05-12,Multi Leg floor trade,Business Services,Technology Services,76.84,78.5,75.23,77.77,28,5.177637486904367,1,1,0,0,0
COHR,Business Services,Technology Services,35__2,35,2.0,6. p95_trade_value,32000.0,128079.0,O:COHR250523C00083000,COHR,C,83.0,2025-05-23,232,0,304,1.27,1747150641586000000,300,38100.0,2025-05-13,Multi Leg auto-electronic trade,Business Services,Technology Services,77.94,80.11,77.7,78.9,133,4.580924975675619,1,1,0,0,0
COHR,Business Services,Technology Services,35__2,35,2.0,6. p95_trade_value,32000.0,128079.0,O:COHR250523C00083000,COHR,C,83.0,2025-05-23,232,0,304,1.31,1747150243102000000,444,58164.0,2025-05-13,Multi Leg auto-electronic trade,Business Services,Technology Services,77.94,80.11,77.7,78.9,90,4.764654265770384,1,1,0,0,0
COHR,Business Services,Technology Services,35__2,35,2.0,6. p95_trade_value,32000.0,128079.0,O:COHR250523C00083000,COHR,C,83.0,2025-05-23,232,0,304,1.33,1747150292984000000,444,59052.0,2025-05-13,Multi Leg auto-electronic trade,Business Services,Technology Services,77.94,80.11,77.7,78.9,88,4.771234611081706,1,1,0,0,0
COHR,Business Services,Technology Services,35__2,35,2.0,7. p90_trade_value,19210.0,31592.0,O:COHR250530C00081000,COHR,C,81.0,2025-05-30,219,0,300,3.7,1747151623397000000,64,23680.0,2025-05-13,Intermarket Sweep Order,Business Services,Technology Services,77.94,80.11,77.7,78.9,252,4.3743816980508825,2,1,0,0,0
COHR,Business Services,Technology Services,35__2,35,2.0,6. p95_trade_value,32000.0,128079.0,O:COHR250530C00081000,COHR,C,81.0,2025-05-30,219,0,320,3.7,1747151623398000000,136,50320.00000000001,2025-05-13,Intermarket Sweep Order,Business Services,Technology Services,77.94,80.11,77.7,78.9,100,4.701740632437213,1,1,0,0,0
COHR,Business Services,Technology Services,35__2,35,2.0,7. p90_trade_value,19210.0,31592.0,O:COHR250530C00081000,COHR,C,81.0,2025-05-30,219,0,325,3.7,1747151623398000000,64,23680.0,2025-05-13,Intermarket Sweep Order,Business Services,Technology Services,77.94,80.11,77.7,78.9,251,4.3743816980508825,2,1,0,0,0
COHR,Business Services,Technology Services,35__2,35,2.0,7. p90_trade_value,19210.0,31592.0,O:COHR250530C00081000,COHR,C,81.0,2025-05-30,219,0,318,3.7,1747151623398000000,54,19980.0,2025-05-13,Intermarket Sweep Order,Business Services,Technology Services,77.94,80.11,77.7,78.9,318,4.300595483889963,2,1,0,0,0
COHR,Business Services,Technology Services,35__2,35,2.0,7. p90_trade_value,19210.0,31592.0,O:COHR250530C00081000,COHR,C,81.0,2025-05-30,219,0,315,3.7,1747151623398000000,64,23680.0,2025-05-13,Intermarket Sweep Order,Business Services,Technology Services,77.94,80.11,77.7,78.9,250,4.3743816980508825,2,1,0,0,0
COHR,Business Services,Technology Services,35__2,35,2.0,7. p90_trade_value,19210.0,31592.0,O:COHR250530C00081000,COHR,C,81.0,2025-05-30,219,0,316,3.7,1747151623398000000,65,24050.0,2025-05-13,Intermarket Sweep Order,Business Services,Technology Services,77.94,80.11,77.7,78.9,240,4.381115080709851,2,1,0,0,0
COHR,Business Services,Technology Services,35__2,35,2.0,7. p90_trade_value,19210.0,31592.0,O:COHR250530C00083000,COHR,C,83.0,2025-05-30,227,0,323,2.68,1747156095691000000,100,26800.0,2025-05-13,Single Leg Auction Non ISO,Business Services,Technology Services,77.94,80.11,77.7,78.9,212,4.4281347940287885,2,1,0,0,0
COHR,Business Services,Technology Services,35__2,35,2.0,7. p90_trade_value,19210.0,31592.0,O:COHR250530C00083000,COHR,C,83.0,2025-05-30,209,0,323,2.7,1747156048784000000,100,27000.0,2025-05-13,Automatic Execution,Business Services,Technology Services,77.94,80.11,77.7,78.9,211,4.431363764158987,2,1,0,0,0
COHR,Business Services,Technology Services,35__2,35,2.0,6. p95_trade_value,32000.0,128079.0,O:COHR250530C00083000,COHR,C,83.0,2025-05-30,232,0,304,2.41,1747150641587000000,300,72300.0,2025-05-13,Multi Leg auto-electronic trade,Business Services,Technology Services,77.94,80.11,77.7,78.9,72,4.859138297294531,1,1,0,0,0
COHR,Business Services,Technology Services,35__2,35,2.0,6. p95_trade_value,32000.0,128079.0,O:COHR250530C00083000,COHR,C,83.0,2025-05-30,232,0,304,2.41,1747150292983000000,444,107004.0,2025-05-13,Multi Leg auto-electronic trade,Business Services,Technology Services,77.94,80.11,77.7,78.9,49,5.029400012689488,1,1,0,0,0
COHR,Business Services,Technology Services,35__2,35,2.0,7. p90_trade_value,19210.0,31592.0,O:COHR250530C00083000,COHR,C,83.0,2025-05-30,209,0,301,2.4,1747150370047000000,100,24000.0,2025-05-13,Automatic Execution,Business Services,Technology Services,77.94,80.11,77.7,78.9,245,4.380211241711606,2,1,0,0,0
COHR,Business Services,Technology Services,35__2,35,2.0,7. p90_trade_value,19210.0,31592.0,O:COHR250530C00083000,COHR,C,83.0,2025-05-30,209,0,301,2.4,1747150433320000000,100,24000.0,2025-05-13,Automatic Execution,Business Services,Technology Services,77.94,80.11,77.7,78.9,244,4.380211241711606,2,1,0,0,0
COHR,Business Services,Technology Services,35__2,35,2.0,6. p95_trade_value,32000.0,128079.0,O:COHR250530C00083000,COHR,C,83.0,2025-05-30,232,0,304,2.38,1747150243103000000,444,105672.0,2025-05-13,Multi Leg auto-electronic trade,Business Services,Technology Services,77.94,80.11,77.7,78.9,50,5.0239599271711315,1,1,0,0,0
COHR,Business Services,Technology Services,35__2,35,2.0,7. p90_trade_value,19210.0,31592.0,O:COHR250530C00085000,COHR,C,85.0,2025-05-30,209,0,316,1.9,1747151163267000000,125,23750.0,2025-05-13,Automatic Execution,Business Services,Technology Services,77.94,80.11,77.7,78.9,248,4.375663613960885,2,0,0,0,1
COHR,Business Services,Technology Services,35__2,35,2.0,7. p90_trade_value,19210.0,31592.0,O:COHR250530C00085000,COHR,C,85.0,2025-05-30,209,0,316,2.2,1747152263417000000,124,27280.0,2025-05-13,Automatic Execution,Business Services,Technology Services,77.94,80.11,77.7,78.9,208,4.435844365984441,2,0,0,0,1
COHR,Business Services,Technology Services,35__2,35,2.0,7. p90_trade_value,19210.0,31592.0,O:COHR250530C00085000,COHR,C,85.0,2025-05-30,209,0,316,2.0,1747150776522000000,123,24600.0,2025-05-13,Automatic Execution,Business Services,Technology Services,77.94,80.11,77.7,78.9,234,4.390935107103379,2,0,0,0,1
COHR,Business Services,Technology Services,35__2,35,2.0,7. p90_trade_value,19210.0,31592.0,O:COHR250530C00085000,COHR,C,85.0,2025-05-30,209,0,320,2.25,1747153055708000000,125,28125.0,2025-05-13,Automatic Execution,Business Services,Technology Services,77.94,80.11,77.7,78.9,197,4.449092531119419,2,0,0,0,1
COHR,Business Services,Technology Services,35__2,35,2.0,6. p95_trade_value,32000.0,128079.0,O:COHR250523P00077000,COHR,P,77.0,2025-05-23,231,0,313,1.8,1747237699297000000,480,86400.0,2025-05-14,Single Leg Floor Trade,Business Services,Technology Services,79.52,80.93,78.21,80.7,65,4.936513742478893,1,1,1,0,0
COHR,Business Services,Technology Services,35__2,35,2.0,6. p95_trade_value,32000.0,128079.0,O:COHR250523P00077000,COHR,P,77.0,2025-05-23,231,0,313,1.75,1747237699297000000,720,126000.0,2025-05-14,Single Leg Floor Trade,Business Services,Technology Services,79.52,80.93,78.21,80.7,38,5.1003705451175625,1,1,1,0,0
COHR,Business Services,Technology Services,35__2,35,2.0,7. p90_trade_value,19210.0,31592.0,O:COHR250523C00081000,COHR,C,81.0,2025-05-23,232,0,304,1.87,1747332730153000000,111,20757.000000000004,2025-05-15,Multi Leg auto-electronic trade,Business Services,Technology Services,78.83,80.25,78.31,78.82,299,4.317164585323156,2,1,0,0,0
COHR,Business Services,Technology Services,35__2,35,2.0,7. p90_trade_value,19210.0,31592.0,O:COHR250523C00081000,COHR,C,81.0,2025-05-23,232,0,304,2.11,1747329028550000000,110,23210.0,2025-05-15,Multi Leg auto-electronic trade,Business Services,Technology Services,78.83,80.25,78.31,78.82,265,4.3656751404559175,2,1,0,0,0
COHR,Business Services,Technology Services,35__2,35,2.0,6. p95_trade_value,32000.0,128079.0,O:COHR250530C00081000,COHR,C,81.0,2025-05-30,232,0,304,3.53,1747329028550000000,110,38829.99999999999,2025-05-15,Multi Leg auto-electronic trade,Business Services,Technology Services,78.83,80.25,78.31,78.82,131,4.589167390546048,1,1,0,0,0
COHR,Business Services,Technology Services,35__2,35,2.0,6. p95_trade_value,32000.0,128079.0,O:COHR250530C00081000,COHR,C,81.0,2025-05-30,232,0,304,3.08,1747336523691000000,110,33880.0,2025-05-15,Multi Leg auto-electronic trade,Business Services,Technology Services,78.83,80.25,78.31,78.82,157,4.529943401658669,1,1,0,0,0
COHR,Business Services,Technology Services,35__2,35,2.0,6. p95_trade_value,32000.0,128079.0,O:COHR250530C00081000,COHR,C,81.0,2025-05-30,232,0,304,3.27,1747332730153000000,111,36297.0,2025-05-15,Multi Leg auto-electronic trade,Business Services,Technology Services,78.83,80.25,78.31,78.82,142,4.559870731446943,1,1,0,0,0
COHR,Business Services,Technology Services,35__2,35,2.0,7. p90_trade_value,19210.0,31592.0,O:COHR250530C00081000,COHR,C,81.0,2025-05-30,232,0,304,3.01,1747337816929000000,75,22574.999999999996,2025-05-15,Multi Leg auto-electronic trade,Business Services,Technology Services,78.83,80.25,78.31,78.82,276,4.353627758985543,2,1,0,0,0
COHR,Business Services,Technology Services,35__2,35,2.0,5. p99_trade_value,128109.99999999999,479000.0,O:COHR250523C00080000,COHR,C,80.0,2025-05-23,232,0,313,1.3,1747673629156000000,1490,193700.0,2025-05-19,Multi Leg auto-electronic trade,Business Services,Technology Services,75.81,79.46,75.2587,79.38,24,5.287129620719111,1,1,0,0,0
COHR,Business Services,Technology Services,35__2,35,2.0,5. p99_trade_value,128109.99999999999,479000.0,O:COHR250530C00080000,COHR,C,80.0,2025-05-30,232,0,313,2.94,1747673629156000000,1490,438060.00000000006,2025-05-19,Multi Leg auto-electronic trade,Business Services,Technology Services,75.81,79.46,75.2587,79.38,8,5.641533598824432,1,1,0,0,0
COHR,Business Services,Technology Services,35__2,35,2.0,7. p90_trade_value,19210.0,31592.0,O:COHR250620C00091000,COHR,C,91.0,2025-06-20,219,0,320,2.2,1747837114274000000,104,22880.0,2025-05-21,Intermarket Sweep Order,Business Services,Technology Services,80.45,83.405,78.87,79.56,271,4.359456020120986,2,0,0,0,1
COHR,Business Services,Technology Services,35__2,35,2.0,7. p90_trade_value,19210.0,31592.0,O:COHR250606C00084000,COHR,C,84.0,2025-06-06,231,0,301,2.7,1747934669828000000,90,24300.000000000004,2025-05-22,Single Leg Floor Trade,Business Services,Technology Services,78.94,80.92,78.395,78.88,237,4.385606273598312,2,0,0,0,1
COHR,Business Services,Technology Services,35__2,35,2.0,7. p90_trade_value,19210.0,31592.0,O:COHR250620C00085000,COHR,C,85.0,2025-06-20,209,0,316,2.8,1748009574336000000,73,20439.999999999996,2025-05-23,Automatic Execution,Business Services,Technology Services,76.15,78.71,75.33,78.46,303,4.310480891462675,2,0,0,0,1
COHR,Business Services,Technology Services,35__2,35,2.0,6. p95_trade_value,32000.0,128079.0,O:COHR250620C00085000,COHR,C,85.0,2025-06-20,209,0,316,3.7,1748439570716000000,109,40330.0,2025-05-28,Automatic Execution,Business Services,Technology Services,83.0,83.545,77.75,78.25,127,4.605628222007619,1,0,0,0,1
COHR,Business Services,Technology Services,35__2,35,2.0,5. p99_trade_value,128109.99999999999,479000.0,O:COHR250606C00077000,COHR,C,77.0,2025-06-06,229,0,300,1.61,1748888004652000000,1500,241500.0,2025-06-02,Single Leg Cross Non ISO,Business Services,Technology Services,75.74,76.87,73.85,76.78,20,5.382917135087531,1,1,1,1,0
COHR,Business Services,Technology Services,35__2,35,2.0,7. p90_trade_value,19210.0,31592.0,O:COHR250620P00079000,COHR,P,79.0,2025-06-20,209,0,323,2.0,1749043900438000000,120,24000.0,2025-06-04,Automatic Execution,Business Services,Technology Services,83.31,83.53,80.565,81.63,241,4.380211241711606,2,1,0,0,0
COHR,Business Services,Technology Services,35__2,35,2.0,7. p90_trade_value,19210.0,31592.0,O:COHR250620P00079000,COHR,P,79.0,2025-06-20,209,0,320,1.5,1749497177332000000,171,25650.0,2025-06-09,Automatic Execution,Business Services,Technology Services,81.32,82.316,79.5,81.19,218,4.409087369447835,2,1,0,0,0
COHR,Business Services,Technology Services,35__2,35,2.0,7. p90_trade_value,19210.0,31592.0,O:COHR250620P00075000,COHR,P,75.0,2025-06-20,209,0,323,1.15,1749839770928000000,205,23574.999999999996,2025-06-13,Automatic Execution,Business Services,Technology Services,78.9,79.7999,76.88,77.37,254,4.372451701409366,2,0,0,0,0
COUR,Business Services,Technology Services,20__0,20,0.0,1. p999999_trade_value,44865.0,44865.0,O:COUR250516C00009000,COUR,C,9.0,2025-05-16,227,0,323,0.15,1746205629943000000,2991,44865.0,2025-05-02,Single Leg Auction Non ISO,Business Services,Technology Services,8.53,8.665,8.45,8.51,1,4.651907672086999,1,1,1,1,0
CPRT,Business Services,Auction and Valuation Services,25__0,25,0.0,5. p99_trade_value,96425.0,96425.0,O:CPRT250620P00060000,CPRT,P,60.0,2025-06-20,231,0,301,1.45,1747835855308000000,665,96425.0,2025-05-21,Single Leg Floor Trade,Business Services,Auction and Valuation Services,61.255,61.66,60.88,61.09,2,4.98418964753808,1,1,0,0,0
CPRT,Business Services,Auction and Valuation Services,25__0,25,0.0,1. p999999_trade_value,330000.0,330000.0,O:CPRT250620P00060000,CPRT,P,60.0,2025-06-20,229,0,300,1.65,1747926712414000000,2000,330000.0,2025-05-22,Single Leg Cross Non ISO,Business Services,Auction and Valuation Services,60.93,61.235,60.39,60.66,1,5.518513939877887,1,1,0,0,0
CRVL,Business Services,Business - Services,5__0,5,0.0,1. p999999_trade_value,5500.0,5500.0,O:CRVL241115C00310000,CRVL,C,310.0,2024-11-15,209,0,323,5.5,1729626995228000000,10,5500.0,2024-10-22,Automatic Execution,Business Services,Business - Services,308.12,308.66,304.255,304.46,1,3.7403626894942437,1,1,1,1,0
CTAS,Business Services,Business - Services,30__1,30,1.0,1. p999999_trade_value,316260.0,316260.0,O:CTAS250417P00190000,CTAS,P,190.0,2025-04-17,233,0,302,3.15,1743785348733000000,1004,316260.0,2025-04-04,Multi Leg Auction,Business Services,Business - Services,204.57,204.57,190.14,190.33,1,5.500044266598601,1,1,0,0,0
CXT,Business Services,Technology Services,0__2,0,2.0,1. p999999_trade_value,3600.0,3600.0,O:CXT250221P00060000,CXT,P,60.0,2025-02-21,209,0,308,0.9,1738875261526000000,40,3600.0,2025-02-06,Automatic Execution,Business Services,Technology Services,65.07,65.07,63.34,64.09,1,3.5563025007672873,1,1,1,1,0
DLX,Business Services,Business - Office Products,0__2,0,2.0,1. p999999_trade_value,4148.0,4148.0,O:DLX241115C00020000,DLX,C,20.0,2024-11-15,232,0,308,0.68,1729265415140000000,61,4148.0,2024-10-18,Multi Leg auto-electronic trade,Business Services,Business - Office Products,19.8,19.8,19.4141,19.49,1,3.6178387477170033,1,1,1,1,0
DNB,Business Services,Business - Information Services,20__0,20,0.0,1. p999999_trade_value,79820.0,79820.0,O:DNB250221C00012500,DNB,C,12.5,2025-02-21,231,0,313,0.2,1737568587744000000,3991,79820.0,2025-01-22,Single Leg Floor Trade,Business Services,Business - Information Services,11.44,11.61,11.43,11.6,1,4.902111723448004,1,1,0,0,0
DUOL,Business Services,Technology Services,35__2,35,2.0,4. p999_trade_value,300000.0,476000.0,O:DUOL241115C00320000,DUOL,C,320.0,2024-11-15,242,0,300,16.4,1730912280192000000,200,327999.99999999994,2024-11-06,Stock Options floor trade,Business Services,Technology Services,310.0,319.44,304.0,318.85,3,5.515873843711679,1,1,1,0,0
DUOL,Business Services,Technology Services,35__2,35,2.0,1. p999999_trade_value,1006669.9999999999,1006669.9999999999,O:DUOL241115C00320000,DUOL,C,320.0,2024-11-15,235,0,313,19.7,1730924200480000000,511,1006669.9999999999,2024-11-06,Multi Leg floor trade,Business Services,Technology Services,310.0,319.44,304.0,318.85,1,6.002887126296305,1,1,1,0,0
DUOL,Business Services,Technology Services,35__2,35,2.0,5. p99_trade_value,70112.0,276320.0,O:DUOL241115C00320000,DUOL,C,320.0,2024-11-15,209,0,320,18.8,1730919645715000000,40,75200.0,2024-11-06,Automatic Execution,Business Services,Technology Services,310.0,319.44,304.0,318.85,32,4.876217840591642,1,1,1,0,0
DUOL,Business Services,Technology Services,35__2,35,2.0,5. p99_trade_value,70112.0,276320.0,O:DUOL241115C00320000,DUOL,C,320.0,2024-11-15,209,0,308,20.1,1730925898195000000,39,78390.00000000001,2024-11-06,Automatic Execution,Business Services,Technology Services,310.0,319.44,304.0,318.85,30,4.894260664446988,1,1,1,0,0
DUOL,Business Services,Technology Services,35__2,35,2.0,5. p99_trade_value,70112.0,276320.0,O:DUOL250221C00370000,DUOL,C,370.0,2025-02-21,232,0,323,14.5,1738347483836000000,134,194300.0,2025-01-31,Multi Leg auto-electronic trade,Business Services,Technology Services,368.44,368.44,361.0001,363.99,11,5.2884728005997825,1,1,1,1,0
DUOL,Business Services,Technology Services,35__2,35,2.0,5. p99_trade_value,70112.0,276320.0,O:DUOL250221C00370000,DUOL,C,370.0,2025-02-21,232,0,323,13.82,1738347483949000000,100,138200.0,2025-01-31,Multi Leg auto-electronic trade,Business Services,Technology Services,368.44,368.44,361.0001,363.99,17,5.14050804303818,1,1,1,1,0
DUOL,Business Services,Technology Services,35__2,35,2.0,5. p99_trade_value,70112.0,276320.0,O:DUOL250221C00420000,DUOL,C,420.0,2025-02-21,242,0,323,5.3,1739199772779000000,140,74200.0,2025-02-10,Stock Options floor trade,Business Services,Technology Services,398.08,403.63,394.0,401.45,33,4.870403905279027,1,1,1,0,0
DUOL,Business Services,Technology Services,35__2,35,2.0,5. p99_trade_value,70112.0,276320.0,O:DUOL250321C00440000,DUOL,C,440.0,2025-03-21,209,0,316,30.65,1740062321996000000,90,275850.0,2025-02-20,Automatic Execution,Business Services,Technology Services,430.43,430.95,415.99,421.78,6,5.440672988293759,1,0,0,0,1
DUOL,Business Services,Technology Services,35__2,35,2.0,5. p99_trade_value,70112.0,276320.0,O:DUOL250321P00380000,DUOL,P,380.0,2025-03-21,231,0,323,17.5,1740076728328000000,80,140000.0,2025-02-20,Single Leg Floor Trade,Business Services,Technology Services,430.43,430.95,415.99,421.78,16,5.146128035678238,1,1,1,1,0
DUOL,Business Services,Technology Services,35__2,35,2.0,5. p99_trade_value,70112.0,276320.0,O:DUOL250321C00400000,DUOL,C,400.0,2025-03-21,209,0,308,34.1,1740423925079000000,48,163680.00000000003,2025-02-24,Automatic Execution,Business Services,Technology Services,390.26,397.3,372.01,389.9,12,5.213995616368085,1,1,0,0,0
DUOL,Business Services,Technology Services,35__2,35,2.0,5. p99_trade_value,70112.0,276320.0,O:DUOL250321C00400000,DUOL,C,400.0,2025-03-21,209,0,308,33.3,1740423907279000000,34,113219.99999999999,2025-02-24,Automatic Execution,Business Services,Technology Services,390.26,397.3,372.01,389.9,21,5.053923150548575,1,1,0,0,0
DUOL,Business Services,Technology Services,35__2,35,2.0,5. p99_trade_value,70112.0,276320.0,O:DUOL250321C00400000,DUOL,C,400.0,2025-03-21,209,0,308,33.5,1740423903105000000,24,80400.0,2025-02-24,Automatic Execution,Business Services,Technology Services,390.26,397.3,372.01,389.9,29,4.905256048748451,1,1,0,0,0
DUOL,Business Services,Technology Services,35__2,35,2.0,5. p99_trade_value,70112.0,276320.0,O:DUOL250321C00400000,DUOL,C,400.0,2025-03-21,209,0,308,34.2,1740423935577000000,43,147060.0,2025-02-24,Automatic Execution,Business Services,Technology Services,390.26,397.3,372.01,389.9,13,5.1674945616357215,1,1,0,0,0
DUOL,Business Services,Technology Services,35__2,35,2.0,5. p99_trade_value,70112.0,276320.0,O:DUOL250321C00330000,DUOL,C,330.0,2025-03-21,232,0,313,8.35,1740769053225000000,137,114395.0,2025-02-28,Multi Leg auto-electronic trade,Business Services,Technology Services,325.06,329.61,303.68,312.07,20,5.058407042640009,1,0,0,0,1
DUOL,Business Services,Technology Services,35__2,35,2.0,5. p99_trade_value,70112.0,276320.0,O:DUOL250516P00280000,DUOL,P,280.0,2025-05-16,209,0,316,10.8,1745351670680000000,132,142560.0,2025-04-22,Automatic Execution,Business Services,Technology Services,322.5,337.8,321.88,336.34,15,5.1539976866928,1,0,0,0,1
DUOL,Business Services,Technology Services,35__2,35,2.0,4. p999_trade_value,300000.0,476000.0,O:DUOL250516P00350000,DUOL,P,350.0,2025-05-16,209,0,316,23.8,1745593963010000000,200,476000.0,2025-04-25,Automatic Execution,Business Services,Technology Services,377.68,386.3673,362.9,381.83,2,5.6776069527204935,1,0,0,0,1
DUOL,Business Services,Technology Services,35__2,35,2.0,5. p99_trade_value,70112.0,276320.0,O:DUOL250516P00350000,DUOL,P,350.0,2025-05-16,209,0,316,18.8,1745610967746000000,39,73320.0,2025-04-25,Automatic Execution,Business Services,Technology Services,377.68,386.3673,362.9,381.83,34,4.865222456290179,1,0,0,0,1
DUOL,Business Services,Technology Services,35__2,35,2.0,5. p99_trade_value,70112.0,276320.0,O:DUOL250516P00350000,DUOL,P,350.0,2025-05-16,209,0,316,18.2,1745610684541000000,40,72800.0,2025-04-25,Automatic Execution,Business Services,Technology Services,377.68,386.3673,362.9,381.83,35,4.862131379313038,1,0,0,0,1
DUOL,Business Services,Technology Services,35__2,35,2.0,5. p99_trade_value,70112.0,276320.0,O:DUOL250516C00420000,DUOL,C,420.0,2025-05-16,232,0,304,21.91,1746118724810000000,32,70112.0,2025-05-01,Multi Leg auto-electronic trade,Business Services,Technology Services,396.18,406.0,390.0,400.0,37,4.8457923558806115,1,1,1,1,0
DUOL,Business Services,Technology Services,35__2,35,2.0,5. p99_trade_value,70112.0,276320.0,O:DUOL250516C00500000,DUOL,C,500.0,2025-05-16,209,0,323,11.5,1746214877557000000,108,124200.0,2025-05-02,Automatic Execution,Business Services,Technology Services,436.925,487.0,433.0,486.42,18,5.094121595840561,1,1,1,1,0
DUOL,Business Services,Technology Services,35__2,35,2.0,5. p99_trade_value,70112.0,276320.0,O:DUOL250516P00470000,DUOL,P,470.0,2025-05-16,209,0,320,11.8,1746546367664000000,100,118000.0,2025-05-06,Automatic Execution,Business Services,Technology Services,480.65,493.63,473.52,490.55,19,5.071882007306125,1,0,0,0,1
DUOL,Business Services,Technology Services,35__2,35,2.0,5. p99_trade_value,70112.0,276320.0,O:DUOL250516C00520000,DUOL,C,520.0,2025-05-16,227,0,309,11.29,1746628113880000000,78,88061.99999999999,2025-05-07,Single Leg Auction Non ISO,Business Services,Technology Services,491.31,504.5,491.06,495.56,27,4.944788544615448,1,1,1,1,0
DUOL,Business Services,Technology Services,35__2,35,2.0,5. p99_trade_value,70112.0,276320.0,O:DUOL250620P00480000,DUOL,P,480.0,2025-06-20,209,0,320,15.2,1747854483288000000,71,107920.0,2025-05-21,Automatic Execution,Business Services,Technology Services,522.77,531.94,510.72,514.3,24,5.033101936663848,1,1,0,0,0
DUOL,Business Services,Technology Services,35__2,35,2.0,4. p999_trade_value,300000.0,476000.0,O:DUOL250620P00480000,DUOL,P,480.0,2025-06-20,209,0,308,15.0,1747856265080000000,200,300000.0,2025-05-21,Automatic Execution,Business Services,Technology Services,522.77,531.94,510.72,514.3,4,5.477121254719663,1,1,0,0,0
DUOL,Business Services,Technology Services,35__2,35,2.0,5. p99_trade_value,70112.0,276320.0,O:DUOL250620P00500000,DUOL,P,500.0,2025-06-20,227,0,323,23.4,1747855525583000000,30,70200.0,2025-05-21,Single Leg Auction Non ISO,Business Services,Technology Services,522.77,531.94,510.72,514.3,36,4.846337112129805,1,1,0,0,0
DUOL,Business Services,Technology Services,35__2,35,2.0,5. p99_trade_value,70112.0,276320.0,O:DUOL250620P00480000,DUOL,P,480.0,2025-06-20,209,0,308,12.5,1747941560447000000,200,250000.0,2025-05-22,Automatic Execution,Business Services,Technology Services,511.11,526.3,510.9824,517.8,7,5.3979400086720375,1,1,0,0,0
DUOL,Business Services,Technology Services,35__2,35,2.0,5. p99_trade_value,70112.0,276320.0,O:DUOL250620P00480000,DUOL,P,480.0,2025-06-20,209,0,308,13.8,1748013525330000000,80,110400.0,2025-05-23,Automatic Execution,Business Services,Technology Services,512.31,524.415,510.0,520.21,22,5.04296907339318,1,1,0,0,0
DUOL,Business Services,Technology Services,35__2,35,2.0,5. p99_trade_value,70112.0,276320.0,O:DUOL250620P00480000,DUOL,P,480.0,2025-06-20,209,0,320,15.5,1748007078969000000,50,77500.0,2025-05-23,Automatic Execution,Business Services,Technology Services,512.31,524.415,510.0,520.21,31,4.889301702506311,1,1,0,0,0
DUOL,Business Services,Technology Services,35__2,35,2.0,5. p99_trade_value,70112.0,276320.0,O:DUOL250620P00480000,DUOL,P,480.0,2025-06-20,209,0,308,15.7,1748007001723000000,176,276320.0,2025-05-23,Automatic Execution,Business Services,Technology Services,512.31,524.415,510.0,520.21,5,5.4414123202233835,1,1,0,0,0
DUOL,Business Services,Technology Services,35__2,35,2.0,5. p99_trade_value,70112.0,276320.0,O:DUOL250620P00480000,DUOL,P,480.0,2025-06-20,209,0,320,13.5,1748014365178000000,80,108000.0,2025-05-23,Automatic Execution,Business Services,Technology Services,512.31,524.415,510.0,520.21,23,5.033423755486949,1,1,0,0,0
DUOL,Business Services,Technology Services,35__2,35,2.0,5. p99_trade_value,70112.0,276320.0,O:DUOL250620P00480000,DUOL,P,480.0,2025-06-20,209,0,320,10.7,1748356454657000000,200,214000.0,2025-05-27,Automatic Execution,Business Services,Technology Services,528.024,529.77,512.1,525.0,10,5.330413773349191,1,1,0,0,0
DUOL,Business Services,Technology Services,35__2,35,2.0,5. p99_trade_value,70112.0,276320.0,O:DUOL250620P00480000,DUOL,P,480.0,2025-06-20,209,0,320,11.1,1748357755307000000,199,220890.0,2025-05-27,Automatic Execution,Business Services,Technology Services,528.024,529.77,512.1,525.0,8,5.344176055196364,1,1,0,0,0
DUOL,Business Services,Technology Services,35__2,35,2.0,5. p99_trade_value,70112.0,276320.0,O:DUOL250620P00480000,DUOL,P,480.0,2025-06-20,227,0,323,9.2,1748440044696000000,155,142600.0,2025-05-28,Single Leg Auction Non ISO,Business Services,Technology Services,524.42,530.0,521.31,524.4,14,5.1541195255158465,1,1,0,0,0
DUOL,Business Services,Technology Services,35__2,35,2.0,5. p99_trade_value,70112.0,276320.0,O:DUOL250620P00520000,DUOL,P,520.0,2025-06-20,209,0,325,21.85,1748440103617000000,98,214130.00000000003,2025-05-28,Automatic Execution,Business Services,Technology Services,524.42,530.0,521.31,524.4,9,5.330677516998936,1,1,0,0,0
DUOL,Business Services,Technology Services,35__2,35,2.0,5. p99_trade_value,70112.0,276320.0,O:DUOL250620P00480000,DUOL,P,480.0,2025-06-20,209,0,301,13.9,1748623064782000000,76,105640.00000000001,2025-05-30,Automatic Execution,Business Services,Technology Services,506.76,521.61,496.2648,519.61,25,5.023828392534886,1,1,0,0,0
DUOL,Business Services,Technology Services,35__2,35,2.0,5. p99_trade_value,70112.0,276320.0,O:DUOL250620P00480000,DUOL,P,480.0,2025-06-20,209,0,300,10.5,1748628747875000000,97,101850.0,2025-05-30,Automatic Execution,Business Services,Technology Services,506.76,521.61,496.2648,519.61,26,5.007961033336183,1,1,0,0,0
DUOL,Business Services,Technology Services,35__2,35,2.0,5. p99_trade_value,70112.0,276320.0,O:DUOL250620C00540000,DUOL,C,540.0,2025-06-20,209,0,325,16.75,1749136752353000000,50,83750.0,2025-06-05,Automatic Execution,Business Services,Technology Services,530.18,531.8728,518.0,522.99,28,4.922984815708883,1,1,0,0,0
EVTC,Business Services,Financial Transaction Services,0__2,0,2.0,1. p999999_trade_value,4000.0,4000.0,O:EVTC250321C00035000,EVTC,C,35.0,2025-03-21,209,0,325,0.4,1740508876122000000,100,4000.0,2025-02-25,Automatic Execution,Business Services,Financial Transaction Services,33.15,33.56,32.66,32.66,1,3.6020599913279625,1,1,1,1,0
FCFS,Business Services,Financial Transaction Services,5__0,5,0.0,1. p999999_trade_value,8080.0,8080.0,O:FCFS250321P00110000,FCFS,P,110.0,2025-03-21,232,0,313,2.02,1740408551532000000,40,8080.0,2025-02-24,Multi Leg auto-electronic trade,Business Services,Financial Transaction Services,114.78,114.94,113.825,114.36,1,3.907411360774586,1,1,0,0,0
FCFS,Business Services,Financial Transaction Services,5__0,5,0.0,8. p75_trade_value,4160.0,4160.0,O:FCFS250321P00110000,FCFS,P,110.0,2025-03-21,232,0,300,1.6,1740409819117000000,26,4160.0,2025-02-24,Multi Leg auto-electronic trade,Business Services,Financial Transaction Services,114.78,114.94,113.825,114.36,2,3.6190933306267428,2,1,0,0,0
FDS,Business Services,Business - Information Services,25__0,25,0.0,1. p999999_trade_value,34629.0,34629.0,O:FDS250620P00420000,FDS,P,420.0,2025-06-20,232,0,322,3.57,1748971700947000000,97,34629.0,2025-06-03,Multi Leg auto-electronic trade,Business Services,Business - Information Services,454.84,455.725,431.16,434.52,1,4.539439950378438,1,1,0,0,0
FDS,Business Services,Business - Information Services,25__0,25,0.0,5. p99_trade_value,20880.0,20880.0,O:FDS250620P00420000,FDS,P,420.0,2025-06-20,232,0,322,3.6,1748971696071000000,58,20880.0,2025-06-03,Multi Leg auto-electronic trade,Business Services,Business - Information Services,454.84,455.725,431.16,434.52,2,4.319730494330225,1,1,0,0,0
FNGR,Business Services,Technology Services,20__0,20,0.0,1. p999999_trade_value,37575.0,37575.0,O:FNGR250516C00004000,FNGR,C,4.0,2025-05-16,209,0,320,0.45,1746459056705000000,835,37575.0,2025-05-05,Automatic Execution,Business Services,Technology Services,3.25,3.515,2.98,3.33,1,4.574898989258946,1,1,1,1,0
FNGR,Business Services,Technology Services,20__0,20,0.0,6. p95_trade_value,9000.0,11130.0,O:FNGR250516C00004000,FNGR,C,4.0,2025-05-16,209,0,320,0.45,1746457879803000000,200,9000.0,2025-05-05,Automatic Execution,Business Services,Technology Services,3.25,3.515,2.98,3.33,5,3.9542425094393248,1,1,1,1,0
FNGR,Business Services,Technology Services,20__0,20,0.0,6. p95_trade_value,9000.0,11130.0,O:FNGR250516C00005000,FNGR,C,5.0,2025-05-16,209,0,318,0.35,1746459154267000000,300,10500.0,2025-05-05,Automatic Execution,Business Services,Technology Services,3.25,3.515,2.98,3.33,3,4.021189299069938,1,1,0,0,0
FNGR,Business Services,Technology Services,20__0,20,0.0,6. p95_trade_value,9000.0,11130.0,O:FNGR250516C00004000,FNGR,C,4.0,2025-05-16,235,0,300,0.35,1747068587358000000,318,11130.0,2025-05-12,Multi Leg floor trade,Business Services,Technology Services,3.55,3.85,3.395,3.52,2,4.046495164334709,1,1,1,1,0
FNGR,Business Services,Technology Services,20__0,20,0.0,6. p95_trade_value,9000.0,11130.0,O:FNGR250516C00005000,FNGR,C,5.0,2025-05-16,232,0,308,0.2,1747070506276000000,490,9800.0,2025-05-12,Multi Leg auto-electronic trade,Business Services,Technology Services,3.55,3.85,3.395,3.52,4,3.9912260756924947,1,1,0,0,0
FOUR,Business Services,Financial Transaction Services,30__2,30,2.0,1. p999999_trade_value,311200.0,311200.0,O:FOUR250516C00085000,FOUR,C,85.0,2025-05-16,235,0,300,3.89,1745847998291000000,800,311200.0,2025-04-28,Multi Leg floor trade,Business Services,Financial Transaction Services,81.05,82.7499,79.13,79.66,1,5.493039588317651,1,1,1,1,0
FUTU,Business Services,Technology Services,40__0,40,0.0,1. p999999_trade_value,551135.0,551135.0,O:FUTU241101C00095000,FUTU,C,95.0,2024-11-01,209,0,313,3.05,1729522667939000000,1807,551135.0,2024-10-21,Automatic Execution,Business Services,Technology Services,91.56,93.64,90.73,92.33,1,5.741257991907718,1,1,1,1,0
GAMB,Business Services,Advertising and Marketing,10__0,10,0.0,7. p90_trade_value,11400.0,11400.0,O:GAMB250221C00015000,GAMB,C,15.0,2025-02-21,209,0,308,0.5,1738249041812000000,228,11400.0,2025-01-30,Automatic Execution,Business Services,Advertising and Marketing,14.3,14.93,14.2,14.47,2,4.056904851336473,2,1,1,0,0
GAMB,Business Services,Advertising and Marketing,10__0,10,0.0,1. p999999_trade_value,17430.0,17430.0,O:GAMB250620C00012500,GAMB,C,12.5,2025-06-20,227,0,323,0.35,1748008485197000000,498,17430.0,2025-05-23,Single Leg Auction Non ISO,Business Services,Advertising and Marketing,11.99,12.13,11.85,11.92,1,4.241297387109993,1,1,0,0,0
GCT,Business Services,Technology Services,25__0,25,0.0,5. p99_trade_value,69859.99999999999,217354.99999999997,O:GCT241018C00030000,GCT,C,30.0,2024-10-18,209,0,308,1.45,1728308881233000000,1499,217354.99999999997,2024-10-07,Automatic Execution,Business Services,Technology Services,28.88,29.04,26.52,27.38,2,5.337169635083255,1,0,0,0,1
GCT,Business Services,Technology Services,25__0,25,0.0,5. p99_trade_value,69859.99999999999,217354.99999999997,O:GCT241115C00025000,GCT,C,25.0,2024-11-15,209,0,308,1.5,1729087324680000000,498,74700.0,2024-10-16,Automatic Execution,Business Services,Technology Services,23.59,24.68,23.445,24.58,3,4.873320601815399,1,1,0,0,0
GCT,Business Services,Technology Services,25__0,25,0.0,1. p999999_trade_value,480000.0,480000.0,O:GCT241115C00025000,GCT,C,25.0,2024-11-15,234,0,300,1.6,1729105040444000000,3000,480000.0,2024-10-16,Multi Leg Cross,Business Services,Technology Services,23.59,24.68,23.445,24.58,1,5.681241237375588,1,1,0,0,0
GCT,Business Services,Technology Services,25__0,25,0.0,5. p99_trade_value,69859.99999999999,217354.99999999997,O:GCT241115C00025000,GCT,C,25.0,2024-11-15,209,0,308,1.4,1729086392697000000,499,69859.99999999999,2024-10-16,Automatic Execution,Business Services,Technology Services,23.59,24.68,23.445,24.58,4,4.8442285813016275,1,1,0,0,0
GDS,Business Services,Technology Services,30__2,30,2.0,5. p99_trade_value,70000.0,198750.0,O:GDS241018C00024000,GDS,C,24.0,2024-10-18,209,0,316,1.0,1728330772102000000,1000,100000.0,2024-10-07,Automatic Execution,Business Services,Technology Services,22.88,23.21,21.74,21.99,5,5.0,1,0,0,0,1
GDS,Business Services,Technology Services,30__2,30,2.0,5. p99_trade_value,70000.0,198750.0,O:GDS241115C00022000,GDS,C,22.0,2024-11-15,227,0,301,1.62,1729175056222000000,568,92016.00000000001,2024-10-17,Single Leg Auction Non ISO,Business Services,Technology Services,21.62,21.95,20.91,21.16,6,4.96386335025365,1,1,1,0,0
GDS,Business Services,Technology Services,30__2,30,2.0,5. p99_trade_value,70000.0,198750.0,O:GDS241115C00022000,GDS,C,22.0,2024-11-15,227,0,301,1.77,1729185988073000000,400,70800.0,2024-10-17,Single Leg Auction Non ISO,Business Services,Technology Services,21.62,21.95,20.91,21.16,9,4.850033257689769,1,1,1,0,0
GDS,Business Services,Technology Services,30__2,30,2.0,5. p99_trade_value,70000.0,198750.0,O:GDS241115C00025000,GDS,C,25.0,2024-11-15,241,0,323,0.95,1729268770874000000,2000,190000.0,2024-10-18,Stock Options Cross,Business Services,Technology Services,22.64,22.75,21.23,21.57,3,5.278753600952829,1,0,0,0,1
GDS,Business Services,Technology Services,30__2,30,2.0,5. p99_trade_value,70000.0,198750.0,O:GDS250117C00024000,GDS,C,24.0,2025-01-17,229,0,300,1.2,1735572498432000000,1000,120000.0,2024-12-30,Single Leg Cross Non ISO,Business Services,Technology Services,22.39,23.625,22.25,23.52,4,5.079181246047625,1,1,1,0,0
GDS,Business Services,Technology Services,30__2,30,2.0,5. p99_trade_value,70000.0,198750.0,O:GDS250221C00043000,GDS,C,43.0,2025-02-21,235,0,313,1.18,1739908832331000000,700,82600.0,2025-02-18,Multi Leg floor trade,Business Services,Technology Services,41.78,42.04,39.54,40.77,7,4.916980047320382,1,1,1,1,0
GDS,Business Services,Technology Services,30__2,30,2.0,1. p999999_trade_value,232648.0,232648.0,O:GDS250221C00047000,GDS,C,47.0,2025-02-21,235,0,301,1.04,1739994359080000000,2237,232648.0,2025-02-19,Multi Leg floor trade,Business Services,Technology Services,42.4,45.2,41.93,43.01,1,5.36669932339541,1,1,1,0,0
GDS,Business Services,Technology Services,30__2,30,2.0,5. p99_trade_value,70000.0,198750.0,O:GDS250321C00043000,GDS,C,43.0,2025-03-21,209,0,323,3.5,1740407533222000000,200,70000.0,2025-02-24,Automatic Execution,Business Services,Technology Services,40.41,40.61,37.25,39.58,10,4.845098040014257,1,0,0,0,1
GDS,Business Services,Technology Services,30__2,30,2.0,5. p99_trade_value,70000.0,198750.0,O:GDS250321P00036000,GDS,P,36.0,2025-03-21,235,0,300,2.65,1741191353221000000,750,198750.0,2025-03-05,Multi Leg floor trade,Business Services,Technology Services,37.575,39.98,37.2,39.055,2,5.298307137328508,1,1,1,1,0
GDS,Business Services,Technology Services,30__2,30,2.0,5. p99_trade_value,70000.0,198750.0,O:GDS250321P00030000,GDS,P,30.0,2025-03-21,209,0,308,1.5,1741873701015000000,499,74850.0,2025-03-13,Automatic Execution,Business Services,Technology Services,33.265,34.62,32.34,33.52,8,4.8741918046790715,1,1,1,1,0
GEO,Business Services,Government Services,35__2,35,2.0,1. p999999_trade_value,1513000.0,1513000.0,O:GEO241115P00015000,GEO,P,15.0,2024-11-15,231,0,323,1.7,1729702959391000000,8900,1513000.0,2024-10-23,Single Leg Floor Trade,Business Services,Government Services,15.43,15.9,15.09,15.29,1,6.1798389280231865,1,1,0,0,0
GEO,Business Services,Government Services,35__2,35,2.0,4. p999_trade_value,405000.00000000006,405000.00000000006,O:GEO241115C00017000,GEO,C,17.0,2024-11-15,231,0,300,1.35,1730827866010000000,3000,405000.00000000006,2024-11-05,Single Leg Floor Trade,Business Services,Government Services,14.52,15.265,14.47,15.13,2,5.607455023214668,1,1,1,1,0
HURN,Business Services,Consulting Services,15__0,15,0.0,8. p75_trade_value,12980.000000000002,22800.0,O:HURN241018P00100000,HURN,P,100.0,2024-10-18,231,0,301,0.5,1727982431786000000,260,13000.0,2024-10-03,Single Leg Floor Trade,Business Services,Consulting Services,105.8,106.245,104.73,105.01,8,4.113943352306837,4,0,0,0,1
HURN,Business Services,Consulting Services,15__0,15,0.0,7. p90_trade_value,27500.0,34200.0,O:HURN241115C00115000,HURN,C,115.0,2024-11-15,231,0,301,1.1,1729797233759000000,250,27500.0,2024-10-24,Single Leg Floor Trade,Business Services,Consulting Services,107.0,107.0,104.03,104.11,4,4.439332693830263,2,1,1,1,0
HURN,Business Services,Consulting Services,15__0,15,0.0,6. p95_trade_value,37500.0,37500.0,O:HURN241115C00115000,HURN,C,115.0,2024-11-15,231,0,301,1.25,1729790418511000000,300,37500.0,2024-10-24,Single Leg Floor Trade,Business Services,Consulting Services,107.0,107.0,104.03,104.11,2,4.574031267727719,1,1,1,1,0
HURN,Business Services,Consulting Services,15__0,15,0.0,1. p999999_trade_value,43500.0,43500.0,O:HURN241115C00115000,HURN,C,115.0,2024-11-15,231,0,301,1.45,1729782955450000000,300,43500.0,2024-10-24,Single Leg Floor Trade,Business Services,Consulting Services,107.0,107.0,104.03,104.11,1,4.638489256954637,1,1,1,1,0
HURN,Business Services,Consulting Services,15__0,15,0.0,8. p75_trade_value,12980.000000000002,22800.0,O:HURN250516P00135000,HURN,P,135.0,2025-05-16,209,0,308,5.7,1745438164683000000,40,22800.0,2025-04-23,Automatic Execution,Business Services,Consulting Services,136.9,139.57,136.155,137.21,5,4.357934847000454,3,1,0,0,0
HURN,Business Services,Consulting Services,15__0,15,0.0,8. p75_trade_value,12980.000000000002,22800.0,O:HURN250516P00135000,HURN,P,135.0,2025-05-16,209,0,308,5.9,1745438393738000000,29,17110.000000000004,2025-04-23,Automatic Execution,Business Services,Consulting Services,136.9,139.57,136.155,137.21,6,4.2332500095411,3,1,0,0,0
HURN,Business Services,Consulting Services,15__0,15,0.0,8. p75_trade_value,12980.000000000002,22800.0,O:HURN250516P00135000,HURN,P,135.0,2025-05-16,209,0,308,5.9,1745438391644000000,28,16520.0,2025-04-23,Automatic Execution,Business Services,Consulting Services,136.9,139.57,136.155,137.21,7,4.218010042984363,4,1,0,0,0
HURN,Business Services,Consulting Services,15__0,15,0.0,8. p75_trade_value,12980.000000000002,22800.0,O:HURN250516P00135000,HURN,P,135.0,2025-05-16,209,0,308,5.9,1745438390338000000,22,12980.000000000002,2025-04-23,Automatic Execution,Business Services,Consulting Services,136.9,139.57,136.155,137.21,9,4.11327469246435,5,1,0,0,0
HURN,Business Services,Consulting Services,15__0,15,0.0,7. p90_trade_value,27500.0,34200.0,O:HURN250516P00135000,HURN,P,135.0,2025-05-16,209,0,308,5.7,1745438162738000000,60,34200.0,2025-04-23,Automatic Execution,Business Services,Consulting Services,136.9,139.57,136.155,137.21,3,4.534026106056135,2,1,0,0,0
IAS,Business Services,Advertising and Marketing,5__0,5,0.0,8. p75_trade_value,6000.0,6000.0,O:IAS241115C00012500,IAS,C,12.5,2024-11-15,209,0,313,0.6,1729882973356000000,100,6000.0,2024-10-25,Automatic Execution,Business Services,Advertising and Marketing,10.65,12.45,10.61,11.58,2,3.7781512503836434,2,1,0,0,0
IAS,Business Services,Advertising and Marketing,5__0,5,0.0,1. p999999_trade_value,10150.0,10150.0,O:IAS250516C00007500,IAS,C,7.5,2025-05-16,209,0,308,0.5,1745953693746000000,203,10150.0,2025-04-29,Automatic Execution,Business Services,Advertising and Marketing,7.18,7.32,7.18,7.22,1,4.006466042249231,1,1,1,1,0
IBTA,Business Services,Technology Services,20__2,20,2.0,8. p75_trade_value,6720.0,11900.0,O:IBTA241018C00065000,IBTA,C,65.0,2024-10-18,232,0,308,3.47,1726862340127000000,30,10410.0,2024-09-20,Multi Leg auto-electronic trade,Business Services,Technology Services,61.43,64.005,61.43,63.14,11,4.017450729510536,3,1,1,1,0
IBTA,Business Services,Technology Services,20__2,20,2.0,7. p90_trade_value,13050.0,19000.0,O:IBTA241115C00070000,IBTA,C,70.0,2024-11-15,232,0,312,4.65,1729281504171000000,30,13950.0,2024-10-18,Multi Leg auto-electronic trade,Business Services,Technology Services,68.0,68.055,65.7001,67.19,7,4.144574207609616,2,1,0,0,0
IBTA,Business Services,Technology Services,20__2,20,2.0,6. p95_trade_value,50500.0,217000.0,O:IBTA241115C00080000,IBTA,C,80.0,2024-11-15,209,0,316,5.05,1731444157867000000,100,50500.0,2024-11-12,Automatic Execution,Business Services,Technology Services,75.77,77.39,73.2,76.5,4,4.703291378118661,1,0,0,0,1
IBTA,Business Services,Technology Services,20__2,20,2.0,7. p90_trade_value,13050.0,19000.0,O:IBTA241115P00065000,IBTA,P,65.0,2024-11-15,209,0,313,1.8,1731426986682000000,85,15300.0,2024-11-12,Automatic Execution,Business Services,Technology Services,75.77,77.39,73.2,76.5,6,4.184691430817598,2,1,1,0,0
IBTA,Business Services,Technology Services,20__2,20,2.0,6. p95_trade_value,50500.0,217000.0,O:IBTA241115P00070000,IBTA,P,70.0,2024-11-15,209,0,313,3.1,1731525667785000000,700,217000.0,2024-11-13,Automatic Execution,Business Services,Technology Services,76.5,79.8017,74.79,74.93,2,5.336459733848529,1,1,1,1,0
IBTA,Business Services,Technology Services,20__2,20,2.0,1. p999999_trade_value,386750.0,386750.0,O:IBTA241115P00070000,IBTA,P,70.0,2024-11-15,209,0,313,3.5,1731528557612000000,1105,386750.0,2024-11-13,Automatic Execution,Business Services,Technology Services,76.5,79.8017,74.79,74.93,1,5.5874303223714055,1,1,1,1,0
IBTA,Business Services,Technology Services,20__2,20,2.0,6. p95_trade_value,50500.0,217000.0,O:IBTA241115P00070000,IBTA,P,70.0,2024-11-15,227,0,308,3.05,1731525721726000000,186,56729.99999999999,2024-11-13,Single Leg Auction Non ISO,Business Services,Technology Services,76.5,79.8017,74.79,74.93,3,4.753812783564702,1,1,1,1,0
IBTA,Business Services,Technology Services,20__2,20,2.0,8. p75_trade_value,6720.0,11900.0,O:IBTA241220C00075000,IBTA,C,75.0,2024-12-20,209,0,308,3.4,1732642622669000000,35,11900.0,2024-11-26,Automatic Execution,Business Services,Technology Services,69.97,72.43,68.76,69.98,9,4.075546961392531,3,1,0,0,0
IBTA,Business Services,Technology Services,20__2,20,2.0,8. p75_trade_value,6720.0,11900.0,O:IBTA241220C00075000,IBTA,C,75.0,2024-12-20,209,0,320,3.2,1732653080577000000,21,6720.0,2024-11-26,Automatic Execution,Business Services,Technology Services,69.97,72.43,68.76,69.98,18,3.8273692730538253,5,1,0,0,0
IBTA,Business Services,Technology Services,20__2,20,2.0,8. p75_trade_value,6720.0,11900.0,O:IBTA250321C00080000,IBTA,C,80.0,2025-03-21,233,0,312,3.56,1739996874824000000,20,7120.0,2025-02-19,Multi Leg Auction,Business Services,Technology Services,71.13,72.53,69.534,71.51,16,3.8524799936368566,4,0,0,0,1
IBTA,Business Services,Technology Services,20__2,20,2.0,7. p90_trade_value,13050.0,19000.0,O:IBTA250321C00070000,IBTA,C,70.0,2025-03-21,209,0,320,3.8,1740416338957000000,50,19000.0,2025-02-24,Automatic Execution,Business Services,Technology Services,65.5,65.89,64.48,65.01,5,4.278753600952829,2,0,0,0,1
IBTA,Business Services,Technology Services,20__2,20,2.0,8. p75_trade_value,6720.0,11900.0,O:IBTA250321C00075000,IBTA,C,75.0,2025-03-21,209,0,308,2.2,1740412541959000000,50,11000.000000000002,2025-02-24,Automatic Execution,Business Services,Technology Services,65.5,65.89,64.48,65.01,10,4.041392685158225,3,0,0,0,1
IBTA,Business Services,Technology Services,20__2,20,2.0,7. p90_trade_value,13050.0,19000.0,O:IBTA250321P00060000,IBTA,P,60.0,2025-03-21,227,0,323,2.61,1740584239356000000,50,13050.0,2025-02-26,Single Leg Auction Non ISO,Business Services,Technology Services,65.8,68.4,62.62,63.09,8,4.1156105116743,2,1,1,1,0
IBTA,Business Services,Technology Services,20__2,20,2.0,8. p75_trade_value,6720.0,11900.0,O:IBTA250321P00060000,IBTA,P,60.0,2025-03-21,227,0,312,2.87,1740584281661000000,25,7175.0,2025-02-26,Single Leg Auction Non ISO,Business Services,Technology Services,65.8,68.4,62.62,63.09,15,3.85582190540603,4,1,1,1,0
IBTA,Business Services,Technology Services,20__2,20,2.0,8. p75_trade_value,6720.0,11900.0,O:IBTA250321P00060000,IBTA,P,60.0,2025-03-21,227,0,312,2.87,1740584281661000000,25,7175.0,2025-02-26,Single Leg Auction Non ISO,Business Services,Technology Services,65.8,68.4,62.62,63.09,14,3.85582190540603,4,1,1,1,0
IBTA,Business Services,Technology Services,20__2,20,2.0,8. p75_trade_value,6720.0,11900.0,O:IBTA250321P00060000,IBTA,P,60.0,2025-03-21,209,0,300,2.85,1740590321131000000,24,6840.000000000001,2025-02-26,Automatic Execution,Business Services,Technology Services,65.8,68.4,62.62,63.09,17,3.835056101720116,5,1,1,1,0
IBTA,Business Services,Technology Services,20__2,20,2.0,8. p75_trade_value,6720.0,11900.0,O:IBTA250321P00030000,IBTA,P,30.0,2025-03-21,209,0,320,1.15,1740688544619000000,70,8050.0,2025-02-27,Automatic Execution,Business Services,Technology Services,38.005,40.69,33.53,34.01,13,3.9057958803678687,4,0,0,0,1
IBTA,Business Services,Technology Services,20__2,20,2.0,8. p75_trade_value,6720.0,11900.0,O:IBTA250620P00050000,IBTA,P,50.0,2025-06-20,209,0,308,2.0,1748012982970000000,50,10000.0,2025-05-23,Automatic Execution,Business Services,Technology Services,52.4,52.565,50.675,50.95,12,4.0,3,1,0,0,0
IRM,Business Services,Business - Information Services,25__0,25,0.0,1. p999999_trade_value,276675.0,276675.0,O:IRM241018C00120000,IRM,C,120.0,2024-10-18,239,0,302,2.17,1727374559979000000,1275,276675.0,2024-09-26,Multi Leg floor trade against single leg(s),Business Services,Business - Information Services,119.32,119.5,116.71,117.31,1,5.441969918618503,1,1,1,1,0
KFY,Business Services,Staffing Firms,5__0,5,0.0,1. p999999_trade_value,12500.0,12500.0,O:KFY250117P00065000,KFY,P,65.0,2025-01-17,209,0,320,1.25,1736265987514000000,100,12500.0,2025-01-07,Automatic Execution,Business Services,Staffing Firms,67.34,67.56,65.735,66.28,1,4.096910013008056,1,1,0,0,0
LMB,Business Services,Building Products - Maintenance Service,10__0,10,0.0,1. p999999_trade_value,12791.999999999998,12791.999999999998,O:LMB250417C00085000,LMB,C,85.0,2025-04-17,227,0,323,1.64,1743171573585000000,78,12791.999999999998,2025-03-28,Single Leg Auction Non ISO,Business Services,Building Products - Maintenance Service,78.6,79.055,74.43,76.26,1,4.106938450738178,1,1,1,1,0
LQDT,Business Services,Auction and Valuation Services,15__0,15,0.0,7. p90_trade_value,15040.0,15040.0,O:LQDT250516P00030000,LQDT,P,30.0,2025-05-16,209,0,308,1.6,1745344100938000000,94,15040.0,2025-04-22,Automatic Execution,Business Services,Auction and Valuation Services,30.63,31.235,30.3,30.72,3,4.177247836255623,2,1,1,1,0
LQDT,Business Services,Auction and Valuation Services,15__0,15,0.0,6. p95_trade_value,17489.999999999996,17489.999999999996,O:LQDT250516P00030000,LQDT,P,30.0,2025-05-16,209,0,308,1.65,1745344098934000000,106,17489.999999999996,2025-04-22,Automatic Execution,Business Services,Auction and Valuation Services,30.63,31.235,30.3,30.72,2,4.242789809478676,1,1,1,1,0
LQDT,Business Services,Auction and Valuation Services,15__0,15,0.0,1. p999999_trade_value,27040.000000000004,27040.000000000004,O:LQDT250516P00030000,LQDT,P,30.0,2025-05-16,209,0,318,1.6,1745345736912000000,169,27040.000000000004,2025-04-22,Automatic Execution,Business Services,Auction and Valuation Services,30.63,31.235,30.3,30.72,1,4.432006687269598,1,1,1,1,0
LQDT,Business Services,Auction and Valuation Services,15__0,15,0.0,8. p75_trade_value,10850.0,14880.000000000002,O:LQDT250516P00030000,LQDT,P,30.0,2025-05-16,209,0,308,1.55,1745436902297000000,96,14880.000000000002,2025-04-23,Automatic Execution,Business Services,Auction and Valuation Services,31.51,32.395,31.17,31.31,4,4.17260293120986,2,1,1,1,0
LQDT,Business Services,Auction and Valuation Services,15__0,15,0.0,8. p75_trade_value,10850.0,14880.000000000002,O:LQDT250516P00030000,LQDT,P,30.0,2025-05-16,209,0,308,1.75,1745436141092000000,62,10850.0,2025-04-23,Automatic Execution,Business Services,Auction and Valuation Services,31.51,32.395,31.17,31.31,6,4.035429738184549,3,1,1,1,0
LQDT,Business Services,Auction and Valuation Services,15__0,15,0.0,8. p75_trade_value,10850.0,14880.000000000002,O:LQDT250516P00030000,LQDT,P,30.0,2025-05-16,209,0,308,1.4,1745416565332000000,98,13719.999999999998,2025-04-23,Automatic Execution,Business Services,Auction and Valuation Services,31.51,32.395,31.17,31.31,5,4.137354111370732,3,1,1,1,0
MA,Business Services,Financial Transaction Services,40__3,40,3.0,1. p999999_trade_value,432500.0,432500.0,O:MA250117P00520000,MA,P,520.0,2025-01-17,235,0,300,8.65,1734631700084000000,500,432500.0,2024-12-19,Multi Leg floor trade,Business Services,Financial Transaction Services,524.16,529.22,522.2,523.28,1,5.635986111800833,1,1,0,0,0
MAX,Business Services,Technology Services,15__0,15,0.0,1. p999999_trade_value,18000.0,18000.0,O:MAX241115C00020000,MAX,C,20.0,2024-11-15,209,0,308,1.2,1729702999796000000,150,18000.0,2024-10-23,Automatic Execution,Business Services,Technology Services,19.24,19.365,18.97,19.27,1,4.2552725051033065,1,1,0,0,0
MLGO,Business Services,Technology Services,20__0,20,0.0,5. p99_trade_value,18000.0,18000.0,O:MLGO250417P00010000,MLGO,P,10.0,2025-04-17,209,0,302,1.8,1743514804606000000,100,18000.0,2025-04-01,Automatic Execution,Business Services,Technology Services,32.215,32.4,17.2213,22.6,2,4.2552725051033065,1,1,1,1,0
MLGO,Business Services,Technology Services,20__0,20,0.0,1. p999999_trade_value,74850.0,74850.0,O:MLGO250417P00010000,MLGO,P,10.0,2025-04-17,209,0,325,1.5,1743523475472000000,499,74850.0,2025-04-01,Automatic Execution,Business Services,Technology Services,32.215,32.4,17.2213,22.6,1,4.8741918046790715,1,1,1,1,0
MMS,Business Services,Government Services,15__1,15,1.0,8. p75_trade_value,11160.0,97500.0,O:MMS250221C00080000,MMS,C,80.0,2025-02-21,235,0,301,1.0,1738612984687000000,268,26800.0,2025-02-03,Multi Leg floor trade,Business Services,Government Services,74.74,76.5,74.09,75.79,6,4.4281347940287885,3,0,0,0,1
MMS,Business Services,Government Services,15__1,15,1.0,8. p75_trade_value,11160.0,97500.0,O:MMS250221P00070000,MMS,P,70.0,2025-02-21,235,0,301,0.5,1738612984687000000,268,13400.0,2025-02-03,Multi Leg floor trade,Business Services,Government Services,74.74,76.5,74.09,75.79,8,4.127104798364807,4,1,1,1,0
MMS,Business Services,Government Services,15__1,15,1.0,7. p90_trade_value,120000.0,132900.0,O:MMS250221P00065000,MMS,P,65.0,2025-02-21,235,0,313,1.2,1738689096339000000,1000,120000.0,2025-02-04,Multi Leg floor trade,Business Services,Government Services,75.48,76.625,74.48,75.11,4,5.079181246047625,2,1,1,0,0
MMS,Business Services,Government Services,15__1,15,1.0,6. p95_trade_value,240000.0,240000.0,O:MMS250221P00065000,MMS,P,65.0,2025-02-21,234,0,312,0.6,1738693291840000000,4000,240000.0,2025-02-04,Multi Leg Cross,Business Services,Government Services,75.48,76.625,74.48,75.11,2,5.380211241711606,1,1,1,0,0
MMS,Business Services,Government Services,15__1,15,1.0,1. p999999_trade_value,608000.0,608000.0,O:MMS250221P00070000,MMS,P,70.0,2025-02-21,234,0,312,1.52,1738693291840000000,4000,608000.0,2025-02-04,Multi Leg Cross,Business Services,Government Services,75.48,76.625,74.48,75.11,1,5.783903579272735,1,1,1,1,0
MMS,Business Services,Government Services,15__1,15,1.0,8. p75_trade_value,11160.0,97500.0,O:MMS250221P00075000,MMS,P,75.0,2025-02-21,209,0,316,2.5,1738770379495000000,45,11250.0,2025-02-05,Automatic Execution,Business Services,Government Services,75.62,76.79,75.135,75.83,9,4.051152522447381,5,1,1,1,0
MMS,Business Services,Government Services,15__1,15,1.0,8. p75_trade_value,11160.0,97500.0,O:MMS250221P00075000,MMS,P,75.0,2025-02-21,209,0,320,3.1,1738777967642000000,36,11160.0,2025-02-05,Automatic Execution,Business Services,Government Services,75.62,76.79,75.135,75.83,10,4.04766419460156,5,1,1,1,0
MMS,Business Services,Government Services,15__1,15,1.0,7. p90_trade_value,120000.0,132900.0,O:MMS250221P00075000,MMS,P,75.0,2025-02-21,228,0,312,3.0,1738777474657000000,443,132900.0,2025-02-05,Single Leg Auction ISO,Business Services,Government Services,75.62,76.79,75.135,75.83,3,5.123524980942732,2,1,1,1,0
MMS,Business Services,Government Services,15__1,15,1.0,8. p75_trade_value,11160.0,97500.0,O:MMS250221P00065000,MMS,P,65.0,2025-02-21,235,0,313,0.9,1739374248212000000,150,13500.0,2025-02-12,Multi Leg floor trade,Business Services,Government Services,66.8,68.03,66.5179,67.17,7,4.1303337684950066,4,1,1,0,0
MMS,Business Services,Government Services,15__1,15,1.0,8. p75_trade_value,11160.0,97500.0,O:MMS250221P00065000,MMS,P,65.0,2025-02-21,235,0,313,1.0,1739374248212000000,975,97500.0,2025-02-12,Multi Leg floor trade,Business Services,Government Services,66.8,68.03,66.5179,67.17,5,4.989004615698537,3,1,1,0,0
MQ,Business Services,Financial Transaction Services,20__2,20,2.0,6. p95_trade_value,23650.0,150400.0,O:MQ250321P00003000,MQ,P,3.0,2025-03-21,231,0,323,0.05,1740148802993000000,8000,40000.0,2025-02-21,Single Leg Floor Trade,Business Services,Financial Transaction Services,3.92,3.94,3.65,3.69,3,4.6020599913279625,1,0,0,0,1
MQ,Business Services,Financial Transaction Services,20__2,20,2.0,1. p999999_trade_value,282000.0,282000.0,O:MQ250321C00004000,MQ,C,4.0,2025-03-21,231,0,323,0.25,1740598894917000000,11280,282000.0,2025-02-26,Single Leg Floor Trade,Business Services,Financial Transaction Services,3.78,3.85,3.48,3.51,1,5.450249108319361,1,1,1,1,0
MQ,Business Services,Financial Transaction Services,20__2,20,2.0,6. p95_trade_value,23650.0,150400.0,O:MQ250321C00004000,MQ,C,4.0,2025-03-21,231,0,323,0.2,1740598894917000000,7520,150400.0,2025-02-26,Single Leg Floor Trade,Business Services,Financial Transaction Services,3.78,3.85,3.48,3.51,2,5.177247836255623,1,1,1,1,0
MQ,Business Services,Financial Transaction Services,20__2,20,2.0,6. p95_trade_value,23650.0,150400.0,O:MQ250321C00004000,MQ,C,4.0,2025-03-21,209,0,316,0.25,1740598798271000000,946,23650.0,2025-02-26,Automatic Execution,Business Services,Financial Transaction Services,3.78,3.85,3.48,3.51,4,4.37383114507383,1,1,1,1,0
NEXN,Business Services,Advertising and Marketing,0__2,0,2.0,1. p999999_trade_value,3750.0,3750.0,O:NEXN250516C00012500,NEXN,C,12.5,2025-05-16,209,0,325,0.5,1747070306524000000,75,3750.0,2025-05-12,Automatic Execution,Business Services,Advertising and Marketing,11.99,11.99,11.65,11.81,1,3.574031267727719,1,1,0,0,0
NOTE,Business Services,Technology Services,10__0,10,0.0,1. p999999_trade_value,12000.0,12000.0,O:NOTE250221C00002000,NOTE,C,2.0,2025-02-21,227,0,301,0.2,1739307093395000000,600,12000.0,2025-02-11,Single Leg Auction Non ISO,Business Services,Technology Services,1.7,1.98,1.59,1.87,1,4.079181246047625,1,1,0,0,0
NSP,Business Services,Staffing Firms,15__0,15,0.0,7. p90_trade_value,80000.0,80000.0,O:NSP250221P00070000,NSP,P,70.0,2025-02-21,231,0,323,1.6,1738176969099000000,500,80000.0,2025-01-29,Single Leg Floor Trade,Business Services,Staffing Firms,80.25,80.355,78.44,78.58,2,4.903089986991944,2,1,0,0,0
NSP,Business Services,Staffing Firms,15__0,15,0.0,1. p999999_trade_value,132500.0,132500.0,O:NSP250516P00075000,NSP,P,75.0,2025-05-16,231,0,300,2.65,1745856559425000000,500,132500.0,2025-04-28,Single Leg Floor Trade,Business Services,Staffing Firms,79.7,80.075,77.11,78.62,1,5.122215878272827,1,1,1,1,0
NVEE,Business Services,Technology Services,5__3,5,3.0,1. p999999_trade_value,18000.0,18000.0,O:NVEE250417C00020000,NVEE,C,20.0,2025-04-17,209,0,302,0.6,1742843369142000000,300,18000.0,2025-03-24,Automatic Execution,Business Services,Technology Services,18.99,19.7,18.98,19.37,1,4.2552725051033065,1,1,0,0,0
NVRI,Business Services,Waste Removal Services,0__2,0,2.0,1. p999999_trade_value,4410.0,4410.0,O:NVRI241115P00010000,NVRI,P,10.0,2024-11-15,209,0,316,0.45,1729181832267000000,98,4410.0,2024-10-17,Automatic Execution,Business Services,Waste Removal Services,10.62,10.71,10.53,10.68,1,3.6444385894678386,1,1,1,1,0
PAGS,Business Services,Financial Transaction Services,15__0,15,0.0,1. p999999_trade_value,112500.0,112500.0,O:PAGS250516C00010000,PAGS,C,10.0,2025-05-16,235,0,301,0.45,1745609378180000000,2500,112500.0,2025-04-25,Multi Leg floor trade,Business Services,Financial Transaction Services,9.62,9.89,9.57,9.88,1,5.051152522447381,1,1,0,0,0
PAR,Business Services,Financial Transaction Services,15__0,15,0.0,1. p999999_trade_value,67725.0,67725.0,O:PAR241115C00070000,PAR,C,70.0,2024-11-15,209,0,308,2.15,1730999581260000000,315,67725.0,2024-11-07,Automatic Execution,Business Services,Financial Transaction Services,65.97,67.06,64.89,66.53,1,4.830749013705206,1,1,1,1,0
PAR,Business Services,Financial Transaction Services,15__0,15,0.0,6. p95_trade_value,66250.0,66250.0,O:PAR250321C00065000,PAR,C,65.0,2025-03-21,209,0,308,2.65,1740512680495000000,250,66250.0,2025-02-25,Automatic Execution,Business Services,Financial Transaction Services,62.03,62.425,61.06,61.52,2,4.821185882608845,1,1,0,0,0
PAYO,Business Services,Financial Transaction Services,10__0,10,0.0,8. p75_trade_value,13888.0,15719.0,O:PAYO240920P00007000,PAYO,P,7.0,2024-09-20,235,0,313,0.11,1724863821794000000,1429,15719.0,2024-08-28,Multi Leg floor trade,Business Services,Financial Transaction Services,7.18,7.18,7.02,7.1,2,4.196424913949195,2,1,0,0,0
PAYO,Business Services,Financial Transaction Services,10__0,10,0.0,8. p75_trade_value,13888.0,15719.0,O:PAYO250221C00011000,PAYO,C,11.0,2025-02-21,227,0,309,0.31,1738680355408000000,448,13888.0,2025-02-04,Single Leg Auction Non ISO,Business Services,Financial Transaction Services,10.68,10.84,10.51,10.83,3,4.142639707832417,3,1,0,0,0
PAYO,Business Services,Financial Transaction Services,10__0,10,0.0,1. p999999_trade_value,23968.0,23968.0,O:PAYO250221C00011000,PAYO,C,11.0,2025-02-21,227,0,309,0.32,1738680355408000000,749,23968.0,2025-02-04,Single Leg Auction Non ISO,Business Services,Financial Transaction Services,10.68,10.84,10.51,10.83,1,4.379631796019372,1,1,0,0,0
PDYN,Business Services,Technology Services,20__0,20,0.0,1. p999999_trade_value,33000.0,33000.0,O:PDYN250221C00010000,PDYN,C,10.0,2025-02-21,209,0,308,1.1,1738345621799000000,300,33000.0,2025-01-31,Automatic Execution,Business Services,Technology Services,8.39,9.23,8.04,8.51,1,4.518513939877887,1,1,0,0,0
PDYN,Business Services,Technology Services,20__0,20,0.0,5. p99_trade_value,25080.0,25080.0,O:PDYN250221C00011000,PDYN,C,11.0,2025-02-21,209,0,316,0.95,1738951724063000000,264,25080.0,2025-02-07,Automatic Execution,Business Services,Technology Services,9.47,10.54,9.34,9.93,2,4.3993275321586784,1,1,0,0,0
PNR,Business Services,Waste Removal Services,20__2,20,2.0,1. p999999_trade_value,293287.5,293287.5,O:PNR241115C00100000,PNR,C,100.0,2024-11-15,227,0,308,2.475,1729280999504000000,1185,293287.5,2024-10-18,Single Leg Auction Non ISO,Business Services,Waste Removal Services,99.42,99.42,98.34,99.04,1,5.46729355361571,1,1,1,1,0
PRTH,Business Services,Technology Services,0__2,0,2.0,1. p999999_trade_value,4000.0,4000.0,O:PRTH250620C00007500,PRTH,C,7.5,2025-06-20,209,0,320,0.5,1747838463067000000,80,4000.0,2025-05-21,Automatic Execution,Business Services,Technology Services,7.43,7.46,7.121,7.14,1,3.6020599913279625,1,1,0,0,0
PSFE,Business Services,Financial Transaction Services,15__0,15,0.0,1. p999999_trade_value,64000.0,64000.0,O:PSFE250321C00020000,PSFE,C,20.0,2025-03-21,209,0,320,1.6,1740148856148000000,400,64000.0,2025-02-21,Automatic Execution,Business Services,Financial Transaction Services,19.85,19.91,19.02,19.23,1,4.8061799739838875,1,1,0,0,0
PSN,Business Services,Technology Services,25__0,25,0.0,1. p999999_trade_value,148800.0,148800.0,O:PSN241115C00110000,PSN,C,110.0,2024-11-15,239,0,302,3.1,1729277475768000000,480,148800.0,2024-10-18,Multi Leg floor trade against single leg(s),Business Services,Technology Services,108.24,108.36,107.21,107.98,1,5.17260293120986,1,1,0,0,0
RELY,Business Services,Financial Transaction Services,20__2,20,2.0,1. p999999_trade_value,192000.0,192000.0,O:RELY250321P00025000,RELY,P,25.0,2025-03-21,235,0,301,1.6,1739979345770000000,1200,192000.0,2025-02-19,Multi Leg floor trade,Business Services,Financial Transaction Services,26.46,26.75,25.69,25.91,1,5.283301228703549,1,1,1,1,0
RHI,Business Services,Staffing Firms,15__0,15,0.0,1. p999999_trade_value,62579.99999999999,62579.99999999999,O:RHI250417P00050000,RHI,P,50.0,2025-04-17,231,0,301,0.3,1743533363708000000,2086,62579.99999999999,2025-04-01,Single Leg Floor Trade,Business Services,Staffing Firms,54.48,54.81,53.7421,54.0,1,4.796435558810175,1,1,1,1,0
ROL,Business Services,Building Products - Maintenance Service,20__0,20,0.0,1. p999999_trade_value,40400.0,40400.0,O:ROL240920P00050000,ROL,P,50.0,2024-09-20,227,0,323,0.8,1724950407126000000,505,40400.0,2024-08-29,Single Leg Auction Non ISO,Business Services,Building Products - Maintenance Service,50.32,50.86,50.03,50.1,1,4.606381365110605,1,1,1,0,0
RSG,Business Services,Waste Removal Services,20__0,20,0.0,1. p999999_trade_value,167250.0,167250.0,O:RSG241115C00210000,RSG,C,210.0,2024-11-15,231,0,323,2.5,1729695659502000000,669,167250.0,2024-10-23,Single Leg Floor Trade,Business Services,Waste Removal Services,203.44,204.6837,202.77,203.98,1,5.223366126439861,1,1,0,0,0
RXT,Business Services,Technology Services,0__0,0,0.0,1. p999999_trade_value,9500.0,9500.0,O:RXT241115C00003000,RXT,C,3.0,2024-11-15,227,0,309,0.19,1731445167185000000,500,9500.0,2024-11-12,Single Leg Auction Non ISO,Business Services,Technology Services,2.77,2.87,2.7081,2.86,1,3.9777236052888476,1,1,0,0,0
SCS,Business Services,Business - Office Products,15__0,15,0.0,1. p999999_trade_value,10045.0,10045.0,O:SCS250417P00010000,SCS,P,10.0,2025-04-17,227,0,312,0.07,1743428486870000000,1435,10045.0,2025-03-31,Single Leg Auction Non ISO,Business Services,Business - Office Products,10.99,11.22,10.76,10.96,1,4.001949941084268,1,1,1,1,0
SEZL,Business Services,Financial Transaction Services,25__0,25,0.0,8. p75_trade_value,8550.0,16225.0,O:SEZL250516C00050000,SEZL,C,50.0,2025-05-16,209,0,325,4.75,1745503896038000000,25,11875.0,2025-04-24,Automatic Execution,Business Services,Financial Transaction Services,43.47,47.625,42.945,47.42,53,4.074633618296904,3,1,1,1,0
SEZL,Business Services,Financial Transaction Services,25__0,25,0.0,7. p90_trade_value,17220.0,31529.000000000004,O:SEZL250516P00035000,SEZL,P,35.0,2025-05-16,209,0,308,2.0,1745611145347000000,100,20000.0,2025-04-25,Automatic Execution,Business Services,Financial Transaction Services,46.84,48.37,46.43,47.97,32,4.301029995663981,2,0,0,0,1
SEZL,Business Services,Financial Transaction Services,25__0,25,0.0,8. p75_trade_value,8550.0,16225.0,O:SEZL250516C00060000,SEZL,C,60.0,2025-05-16,209,0,308,4.3,1745956759777000000,22,9460.0,2025-04-29,Automatic Execution,Business Services,Financial Transaction Services,49.53,51.91,48.52,51.74,75,3.975891136401793,4,1,1,1,0
SEZL,Business Services,Financial Transaction Services,25__0,25,0.0,8. p75_trade_value,8550.0,16225.0,O:SEZL250516C00060000,SEZL,C,60.0,2025-05-16,227,0,323,3.64,1745945461718000000,38,13832.0,2025-04-29,Single Leg Auction Non ISO,Business Services,Financial Transaction Services,49.53,51.91,48.52,51.74,46,4.1408849802658665,3,1,1,1,0
SEZL,Business Services,Financial Transaction Services,25__0,25,0.0,8. p75_trade_value,8550.0,16225.0,O:SEZL250516C00060000,SEZL,C,60.0,2025-05-16,209,0,308,3.0,1746020527218000000,50,15000.0,2025-04-30,Automatic Execution,Business Services,Financial Transaction Services,50.0,52.24,47.0,51.95,42,4.176091259055681,3,1,1,1,0
SEZL,Business Services,Financial Transaction Services,25__0,25,0.0,8. p75_trade_value,8550.0,16225.0,O:SEZL250516C00075000,SEZL,C,75.0,2025-05-16,209,0,308,2.1,1746202216062000000,50,10500.0,2025-05-02,Automatic Execution,Business Services,Financial Transaction Services,53.5,56.46,52.9,55.73,65,4.021189299069938,4,1,1,1,0
SEZL,Business Services,Financial Transaction Services,25__0,25,0.0,8. p75_trade_value,8550.0,16225.0,O:SEZL250516C00075000,SEZL,C,75.0,2025-05-16,209,0,319,2.15,1746197778626000000,40,8600.0,2025-05-02,Automatic Execution,Business Services,Financial Transaction Services,53.5,56.46,52.9,55.73,92,3.934498451243568,5,1,1,1,0
SEZL,Business Services,Financial Transaction Services,25__0,25,0.0,6. p95_trade_value,31850.0,44958.0,O:SEZL250516C00075000,SEZL,C,75.0,2025-05-16,209,0,308,2.5,1746463068082000000,150,37500.0,2025-05-05,Automatic Execution,Business Services,Financial Transaction Services,54.5,56.9078,53.65,55.95,10,4.574031267727719,1,1,1,1,0
SEZL,Business Services,Financial Transaction Services,25__0,25,0.0,8. p75_trade_value,8550.0,16225.0,O:SEZL250516C00075000,SEZL,C,75.0,2025-05-16,209,0,308,2.5,1746464248139000000,50,12500.0,2025-05-05,Automatic Execution,Business Services,Financial Transaction Services,54.5,56.9078,53.65,55.95,50,4.096910013008056,3,1,1,1,0
SEZL,Business Services,Financial Transaction Services,25__0,25,0.0,8. p75_trade_value,8550.0,16225.0,O:SEZL250516C00060000,SEZL,C,60.0,2025-05-16,232,0,322,3.5,1746646930702000000,26,9100.0,2025-05-07,Multi Leg auto-electronic trade,Business Services,Financial Transaction Services,54.675,55.28,51.77,52.75,82,3.9590413923210934,5,1,1,1,0
SEZL,Business Services,Financial Transaction Services,25__0,25,0.0,6. p95_trade_value,31850.0,44958.0,O:SEZL250516C00060000,SEZL,C,60.0,2025-05-16,232,0,304,3.81,1746644899140000000,118,44958.0,2025-05-07,Multi Leg auto-electronic trade,Business Services,Financial Transaction Services,54.675,55.28,51.77,52.75,5,4.652806982981745,1,1,1,1,0
SEZL,Business Services,Financial Transaction Services,25__0,25,0.0,8. p75_trade_value,8550.0,16225.0,O:SEZL250516C00060000,SEZL,C,60.0,2025-05-16,232,0,322,3.9,1746644805677000000,30,11700.0,2025-05-07,Multi Leg auto-electronic trade,Business Services,Financial Transaction Services,54.675,55.28,51.77,52.75,54,4.068185861746161,3,1,1,1,0
SEZL,Business Services,Financial Transaction Services,25__0,25,0.0,6. p95_trade_value,31850.0,44958.0,O:SEZL250516C00060000,SEZL,C,60.0,2025-05-16,232,0,304,3.8,1746644825442000000,92,34960.0,2025-05-07,Multi Leg auto-electronic trade,Business Services,Financial Transaction Services,54.675,55.28,51.77,52.75,14,4.543571423962366,1,1,1,1,0
SEZL,Business Services,Financial Transaction Services,25__0,25,0.0,8. p75_trade_value,8550.0,16225.0,O:SEZL250516C00060000,SEZL,C,60.0,2025-05-16,232,0,309,3.6,1746646984907000000,24,8640.0,2025-05-07,Multi Leg auto-electronic trade,Business Services,Financial Transaction Services,54.675,55.28,51.77,52.75,90,3.936513742478893,5,1,1,1,0
SEZL,Business Services,Financial Transaction Services,25__0,25,0.0,8. p75_trade_value,8550.0,16225.0,O:SEZL250516C00060000,SEZL,C,60.0,2025-05-16,232,0,323,3.4,1746644899142000000,30,10200.0,2025-05-07,Multi Leg auto-electronic trade,Business Services,Financial Transaction Services,54.675,55.28,51.77,52.75,66,4.008600171761918,4,1,1,1,0
SEZL,Business Services,Financial Transaction Services,25__0,25,0.0,8. p75_trade_value,8550.0,16225.0,O:SEZL250516C00060000,SEZL,C,60.0,2025-05-16,232,0,323,3.6,1746646984906000000,24,8640.0,2025-05-07,Multi Leg auto-electronic trade,Business Services,Financial Transaction Services,54.675,55.28,51.77,52.75,89,3.936513742478893,5,1,1,1,0
SEZL,Business Services,Financial Transaction Services,25__0,25,0.0,8. p75_trade_value,8550.0,16225.0,O:SEZL250516C00060000,SEZL,C,60.0,2025-05-16,232,0,300,3.82,1746644805778000000,24,9168.0,2025-05-07,Multi Leg auto-electronic trade,Business Services,Financial Transaction Services,54.675,55.28,51.77,52.75,80,3.962274604623315,5,1,1,1,0
SEZL,Business Services,Financial Transaction Services,25__0,25,0.0,1. p999999_trade_value,56536.0,56536.0,O:SEZL250516C00060000,SEZL,C,60.0,2025-05-16,232,0,308,3.82,1746644899139000000,148,56536.0,2025-05-07,Multi Leg auto-electronic trade,Business Services,Financial Transaction Services,54.675,55.28,51.77,52.75,1,4.752325078306666,1,1,1,1,0
SEZL,Business Services,Financial Transaction Services,25__0,25,0.0,8. p75_trade_value,8550.0,16225.0,O:SEZL250516C00060000,SEZL,C,60.0,2025-05-16,232,0,309,3.82,1746644805677000000,30,11460.0,2025-05-07,Multi Leg auto-electronic trade,Business Services,Financial Transaction Services,54.675,55.28,51.77,52.75,55,4.059184617631371,3,1,1,1,0
SEZL,Business Services,Financial Transaction Services,25__0,25,0.0,8. p75_trade_value,8550.0,16225.0,O:SEZL250516C00060000,SEZL,C,60.0,2025-05-16,232,0,322,3.8,1746644825344000000,24,9119.999999999998,2025-05-07,Multi Leg auto-electronic trade,Business Services,Financial Transaction Services,54.675,55.28,51.77,52.75,81,3.959994838328416,5,1,1,1,0
SEZL,Business Services,Financial Transaction Services,25__0,25,0.0,8. p75_trade_value,8550.0,16225.0,O:SEZL250516C00060000,SEZL,C,60.0,2025-05-16,232,0,313,3.54,1746646536823000000,30,10620.0,2025-05-07,Multi Leg auto-electronic trade,Business Services,Financial Transaction Services,54.675,55.28,51.77,52.75,61,4.02612451674545,4,1,1,1,0
SEZL,Business Services,Financial Transaction Services,25__0,25,0.0,8. p75_trade_value,8550.0,16225.0,O:SEZL250516C00060000,SEZL,C,60.0,2025-05-16,232,0,309,3.77,1746644828663000000,24,9048.0,2025-05-07,Multi Leg auto-electronic trade,Business Services,Financial Transaction Services,54.675,55.28,51.77,52.75,83,3.956552591917399,5,1,1,1,0
SEZL,Business Services,Financial Transaction Services,25__0,25,0.0,8. p75_trade_value,8550.0,16225.0,O:SEZL250516C00060000,SEZL,C,60.0,2025-05-16,232,0,322,3.6,1746646984906000000,24,8640.0,2025-05-07,Multi Leg auto-electronic trade,Business Services,Financial Transaction Services,54.675,55.28,51.77,52.75,91,3.936513742478893,5,1,1,1,0
SEZL,Business Services,Financial Transaction Services,25__0,25,0.0,7. p90_trade_value,17220.0,31529.000000000004,O:SEZL250516C00060000,SEZL,C,60.0,2025-05-16,232,0,302,3.6,1746646984906000000,70,25200.0,2025-05-07,Multi Leg auto-electronic trade,Business Services,Financial Transaction Services,54.675,55.28,51.77,52.75,26,4.401400540781544,2,1,1,1,0
SEZL,Business Services,Financial Transaction Services,25__0,25,0.0,7. p90_trade_value,17220.0,31529.000000000004,O:SEZL250516C00060000,SEZL,C,60.0,2025-05-16,232,0,304,3.8,1746645374673000000,60,22800.0,2025-05-07,Multi Leg auto-electronic trade,Business Services,Financial Transaction Services,54.675,55.28,51.77,52.75,29,4.357934847000454,2,1,1,1,0
SEZL,Business Services,Financial Transaction Services,25__0,25,0.0,7. p90_trade_value,17220.0,31529.000000000004,O:SEZL250516C00060000,SEZL,C,60.0,2025-05-16,232,0,302,3.8,1746644825442000000,70,26600.0,2025-05-07,Multi Leg auto-electronic trade,Business Services,Financial Transaction Services,54.675,55.28,51.77,52.75,23,4.424881636631067,2,1,1,1,0
SEZL,Business Services,Financial Transaction Services,25__0,25,0.0,6. p95_trade_value,31850.0,44958.0,O:SEZL250516C00060000,SEZL,C,60.0,2025-05-16,232,0,304,3.6,1746646984906000000,92,33120.0,2025-05-07,Multi Leg auto-electronic trade,Business Services,Financial Transaction Services,54.675,55.28,51.77,52.75,17,4.520090328112842,1,1,1,1,0
SEZL,Business Services,Financial Transaction Services,25__0,25,0.0,6. p95_trade_value,31850.0,44958.0,O:SEZL250516C00060000,SEZL,C,60.0,2025-05-16,232,0,308,3.57,1746646984907000000,116,41412.0,2025-05-07,Multi Leg auto-electronic trade,Business Services,Financial Transaction Services,54.675,55.28,51.77,52.75,7,4.617126205339112,1,1,1,1,0
SEZL,Business Services,Financial Transaction Services,25__0,25,0.0,6. p95_trade_value,31850.0,44958.0,O:SEZL250516C00060000,SEZL,C,60.0,2025-05-16,232,0,308,3.77,1746644825441000000,116,43732.0,2025-05-07,Multi Leg auto-electronic trade,Business Services,Financial Transaction Services,54.675,55.28,51.77,52.75,6,4.640799339432712,1,1,1,1,0
SEZL,Business Services,Financial Transaction Services,25__0,25,0.0,6. p95_trade_value,31850.0,44958.0,O:SEZL250516C00060000,SEZL,C,60.0,2025-05-16,232,0,302,3.81,1746644899141000000,90,34290.0,2025-05-07,Multi Leg auto-electronic trade,Business Services,Financial Transaction Services,54.675,55.28,51.77,52.75,15,4.535167485114944,1,1,1,1,0
SEZL,Business Services,Financial Transaction Services,25__0,25,0.0,8. p75_trade_value,8550.0,16225.0,O:SEZL250516C00060000,SEZL,C,60.0,2025-05-16,232,0,313,3.72,1746644899142000000,30,11160.0,2025-05-07,Multi Leg auto-electronic trade,Business Services,Financial Transaction Services,54.675,55.28,51.77,52.75,56,4.04766419460156,3,1,1,1,0
SEZL,Business Services,Financial Transaction Services,25__0,25,0.0,7. p90_trade_value,17220.0,31529.000000000004,O:SEZL250516C00075000,SEZL,C,75.0,2025-05-16,209,0,308,1.7,1746629891977000000,150,25500.0,2025-05-07,Automatic Execution,Business Services,Financial Transaction Services,54.675,55.28,51.77,52.75,24,4.4065401804339555,2,1,1,1,0
SEZL,Business Services,Financial Transaction Services,25__0,25,0.0,8. p75_trade_value,8550.0,16225.0,O:SEZL250516P00040000,SEZL,P,40.0,2025-05-16,209,0,319,1.6,1746633036180000000,54,8640.0,2025-05-07,Automatic Execution,Business Services,Financial Transaction Services,54.675,55.28,51.77,52.75,88,3.936513742478893,5,0,0,0,1
SEZL,Business Services,Financial Transaction Services,25__0,25,0.0,6. p95_trade_value,31850.0,44958.0,O:SEZL250516C00090000,SEZL,C,90.0,2025-05-16,209,0,319,4.9,1746820330165000000,65,31850.0,2025-05-09,Automatic Execution,Business Services,Financial Transaction Services,74.0,88.2837,73.66,87.1,19,4.5031094366713695,1,1,1,1,0
SEZL,Business Services,Financial Transaction Services,25__0,25,0.0,8. p75_trade_value,8550.0,16225.0,O:SEZL250516C00090000,SEZL,C,90.0,2025-05-16,209,0,308,3.9,1747057965702000000,25,9750.0,2025-05-12,Automatic Execution,Business Services,Financial Transaction Services,88.29,89.52,83.155,86.5,72,3.989004615698537,4,1,1,1,0
SEZL,Business Services,Financial Transaction Services,25__0,25,0.0,7. p90_trade_value,17220.0,31529.000000000004,O:SEZL250516C00090000,SEZL,C,90.0,2025-05-16,209,0,304,2.65,1747075674027000000,68,18020.0,2025-05-12,Automatic Execution,Business Services,Financial Transaction Services,88.29,89.52,83.155,86.5,36,4.2557547866430445,2,1,1,1,0
SEZL,Business Services,Financial Transaction Services,25__0,25,0.0,6. p95_trade_value,31850.0,44958.0,O:SEZL250516C00090000,SEZL,C,90.0,2025-05-16,209,0,308,4.0,1747056822076000000,100,40000.0,2025-05-12,Automatic Execution,Business Services,Financial Transaction Services,88.29,89.52,83.155,86.5,8,4.6020599913279625,1,1,1,1,0
SEZL,Business Services,Financial Transaction Services,25__0,25,0.0,6. p95_trade_value,31850.0,44958.0,O:SEZL250516C00090000,SEZL,C,90.0,2025-05-16,209,0,319,2.55,1747078872955000000,138,35190.0,2025-05-12,Automatic Execution,Business Services,Financial Transaction Services,88.29,89.52,83.155,86.5,13,4.5464192668351915,1,1,1,1,0
SEZL,Business Services,Financial Transaction Services,25__0,25,0.0,6. p95_trade_value,31850.0,44958.0,O:SEZL250516C00090000,SEZL,C,90.0,2025-05-16,209,0,308,3.9,1747058457138000000,100,39000.0,2025-05-12,Automatic Execution,Business Services,Financial Transaction Services,88.29,89.52,83.155,86.5,9,4.5910646070264995,1,1,1,1,0
SEZL,Business Services,Financial Transaction Services,25__0,25,0.0,5. p99_trade_value,49400.0,55000.0,O:SEZL250516C00090000,SEZL,C,90.0,2025-05-16,209,0,319,5.5,1747056709320000000,100,55000.0,2025-05-12,Automatic Execution,Business Services,Financial Transaction Services,88.29,89.52,83.155,86.5,2,4.740362689494244,1,1,1,1,0
SEZL,Business Services,Financial Transaction Services,25__0,25,0.0,8. p75_trade_value,8550.0,16225.0,O:SEZL250516C00090000,SEZL,C,90.0,2025-05-16,209,0,313,2.85,1747077751061000000,30,8550.0,2025-05-12,Automatic Execution,Business Services,Financial Transaction Services,88.29,89.52,83.155,86.5,94,3.931966114728173,5,1,1,1,0
SEZL,Business Services,Financial Transaction Services,25__0,25,0.0,6. p95_trade_value,31850.0,44958.0,O:SEZL250516C00090000,SEZL,C,90.0,2025-05-16,209,0,319,3.3,1747057319053000000,99,32670.0,2025-05-12,Automatic Execution,Business Services,Financial Transaction Services,88.29,89.52,83.155,86.5,18,4.514149134475438,1,1,1,1,0
SEZL,Business Services,Financial Transaction Services,25__0,25,0.0,8. p75_trade_value,8550.0,16225.0,O:SEZL250516C00090000,SEZL,C,90.0,2025-05-16,209,0,313,2.85,1747077751065000000,30,8550.0,2025-05-12,Automatic Execution,Business Services,Financial Transaction Services,88.29,89.52,83.155,86.5,93,3.931966114728173,5,1,1,1,0
SEZL,Business Services,Financial Transaction Services,25__0,25,0.0,8. p75_trade_value,8550.0,16225.0,O:SEZL250516C00090000,SEZL,C,90.0,2025-05-16,209,0,308,3.5,1747057801895000000,25,8750.0,2025-05-12,Automatic Execution,Business Services,Financial Transaction Services,88.29,89.52,83.155,86.5,86,3.942008053022313,5,1,1,1,0
SEZL,Business Services,Financial Transaction Services,25__0,25,0.0,8. p75_trade_value,8550.0,16225.0,O:SEZL250516C00090000,SEZL,C,90.0,2025-05-16,209,0,323,2.7,1747075938903000000,32,8640.0,2025-05-12,Automatic Execution,Business Services,Financial Transaction Services,88.29,89.52,83.155,86.5,87,3.936513742478893,5,1,1,1,0
SEZL,Business Services,Financial Transaction Services,25__0,25,0.0,8. p75_trade_value,8550.0,16225.0,O:SEZL250516C00090000,SEZL,C,90.0,2025-05-16,209,0,325,3.7,1747057808924000000,40,14800.0,2025-05-12,Automatic Execution,Business Services,Financial Transaction Services,88.29,89.52,83.155,86.5,44,4.1702617153949575,3,1,1,1,0
SEZL,Business Services,Financial Transaction Services,25__0,25,0.0,8. p75_trade_value,8550.0,16225.0,O:SEZL250516C00090000,SEZL,C,90.0,2025-05-16,209,0,308,4.5,1747058019886000000,32,14400.0,2025-05-12,Automatic Execution,Business Services,Financial Transaction Services,88.29,89.52,83.155,86.5,45,4.158362492095249,3,1,1,1,0
SEZL,Business Services,Financial Transaction Services,25__0,25,0.0,8. p75_trade_value,8550.0,16225.0,O:SEZL250516C00090000,SEZL,C,90.0,2025-05-16,209,0,309,2.7,1747075938903000000,41,11070.0,2025-05-12,Automatic Execution,Business Services,Financial Transaction Services,88.29,89.52,83.155,86.5,57,4.044147620878722,3,1,1,1,0
SEZL,Business Services,Financial Transaction Services,25__0,25,0.0,7. p90_trade_value,17220.0,31529.000000000004,O:SEZL250516C00090000,SEZL,C,90.0,2025-05-16,209,0,325,4.5,1747056801695000000,40,18000.0,2025-05-12,Automatic Execution,Business Services,Financial Transaction Services,88.29,89.52,83.155,86.5,37,4.2552725051033065,2,1,1,1,0
SEZL,Business Services,Financial Transaction Services,25__0,25,0.0,7. p90_trade_value,17220.0,31529.000000000004,O:SEZL250516C00090000,SEZL,C,90.0,2025-05-16,209,0,319,2.7,1747075806580000000,100,27000.0,2025-05-12,Automatic Execution,Business Services,Financial Transaction Services,88.29,89.52,83.155,86.5,21,4.431363764158987,2,1,1,1,0
SEZL,Business Services,Financial Transaction Services,25__0,25,0.0,8. p75_trade_value,8550.0,16225.0,O:SEZL250516C00095000,SEZL,C,95.0,2025-05-16,209,0,308,2.3,1747146345583000000,54,12419.999999999998,2025-05-13,Automatic Execution,Business Services,Financial Transaction Services,86.42,93.4899,85.7803,90.54,51,4.094121595840561,3,1,1,0,0
SEZL,Business Services,Financial Transaction Services,25__0,25,0.0,8. p75_trade_value,8550.0,16225.0,O:SEZL250516C00095000,SEZL,C,95.0,2025-05-16,209,0,323,3.9,1747156414853000000,27,10530.0,2025-05-13,Automatic Execution,Business Services,Financial Transaction Services,86.42,93.4899,85.7803,90.54,64,4.0224283711854865,4,1,1,0,0
SEZL,Business Services,Financial Transaction Services,25__0,25,0.0,7. p90_trade_value,17220.0,31529.000000000004,O:SEZL250516P00080000,SEZL,P,80.0,2025-05-16,209,0,325,0.6,1747232581380000000,301,18060.0,2025-05-14,Automatic Execution,Business Services,Financial Transaction Services,91.51,93.39,88.8545,91.01,35,4.256717745977487,2,0,0,0,1
SEZL,Business Services,Financial Transaction Services,25__0,25,0.0,8. p75_trade_value,8550.0,16225.0,O:SEZL250516P00080000,SEZL,P,80.0,2025-05-16,209,0,319,0.5,1747241986571000000,199,9950.0,2025-05-14,Automatic Execution,Business Services,Financial Transaction Services,91.51,93.39,88.8545,91.01,69,3.9978230807457256,4,0,0,0,1
SEZL,Business Services,Financial Transaction Services,25__0,25,0.0,8. p75_trade_value,8550.0,16225.0,O:SEZL250516P00080000,SEZL,P,80.0,2025-05-16,209,0,308,0.45,1747230560959000000,300,13500.0,2025-05-14,Automatic Execution,Business Services,Financial Transaction Services,91.51,93.39,88.8545,91.01,47,4.1303337684950066,3,0,0,0,1
SEZL,Business Services,Financial Transaction Services,25__0,25,0.0,7. p90_trade_value,17220.0,31529.000000000004,O:SEZL250620C00110000,SEZL,C,110.0,2025-06-20,209,0,300,7.3,1747845842548000000,31,22630.0,2025-05-21,Automatic Execution,Business Services,Financial Transaction Services,98.0,104.1,97.775,99.11,31,4.354684553954729,2,1,0,0,0
SEZL,Business Services,Financial Transaction Services,25__0,25,0.0,7. p90_trade_value,17220.0,31529.000000000004,O:SEZL250620C00110000,SEZL,C,110.0,2025-06-20,209,0,300,7.3,1747845852243000000,27,19710.0,2025-05-21,Automatic Execution,Business Services,Financial Transaction Services,98.0,104.1,97.775,99.11,33,4.294686624279443,2,1,0,0,0
SEZL,Business Services,Financial Transaction Services,25__0,25,0.0,7. p90_trade_value,17220.0,31529.000000000004,O:SEZL250620C00110000,SEZL,C,110.0,2025-06-20,209,0,313,7.3,1747845852237000000,31,22630.0,2025-05-21,Automatic Execution,Business Services,Financial Transaction Services,98.0,104.1,97.775,99.11,30,4.354684553954729,2,1,0,0,0
SEZL,Business Services,Financial Transaction Services,25__0,25,0.0,7. p90_trade_value,17220.0,31529.000000000004,O:SEZL250620P00080000,SEZL,P,80.0,2025-06-20,209,0,313,2.3,1747854490774000000,100,22999.999999999996,2025-05-21,Automatic Execution,Business Services,Financial Transaction Services,98.0,104.1,97.775,99.11,28,4.361727836017593,2,0,0,0,1
SEZL,Business Services,Financial Transaction Services,25__0,25,0.0,7. p90_trade_value,17220.0,31529.000000000004,O:SEZL250620C00110000,SEZL,C,110.0,2025-06-20,209,0,308,7.8,1747936320094000000,30,23400.0,2025-05-22,Automatic Execution,Business Services,Financial Transaction Services,99.05,105.25,98.95,101.66,27,4.3692158574101425,2,1,0,0,0
SEZL,Business Services,Financial Transaction Services,25__0,25,0.0,6. p95_trade_value,31850.0,44958.0,O:SEZL250620C00110000,SEZL,C,110.0,2025-06-20,227,0,323,7.3,1747936188259000000,50,36500.0,2025-05-22,Single Leg Auction Non ISO,Business Services,Financial Transaction Services,99.05,105.25,98.95,101.66,11,4.562292864456475,1,1,0,0,0
SEZL,Business Services,Financial Transaction Services,25__0,25,0.0,8. p75_trade_value,8550.0,16225.0,O:SEZL250620C00110000,SEZL,C,110.0,2025-06-20,219,0,318,8.0,1747936304583000000,19,15200.0,2025-05-22,Intermarket Sweep Order,Business Services,Financial Transaction Services,99.05,105.25,98.95,101.66,40,4.181843587944773,3,1,0,0,0
SEZL,Business Services,Financial Transaction Services,25__0,25,0.0,8. p75_trade_value,8550.0,16225.0,O:SEZL250620C00110000,SEZL,C,110.0,2025-06-20,209,0,308,7.5,1747937050367000000,20,15000.0,2025-05-22,Automatic Execution,Business Services,Financial Transaction Services,99.05,105.25,98.95,101.66,41,4.176091259055681,3,1,0,0,0
SEZL,Business Services,Financial Transaction Services,25__0,25,0.0,7. p90_trade_value,17220.0,31529.000000000004,O:SEZL250620P00090000,SEZL,P,90.0,2025-06-20,209,0,319,3.5,1747923455262000000,76,26600.0,2025-05-22,Automatic Execution,Business Services,Financial Transaction Services,99.05,105.25,98.95,101.66,22,4.424881636631067,2,0,0,0,1
SEZL,Business Services,Financial Transaction Services,25__0,25,0.0,8. p75_trade_value,8550.0,16225.0,O:SEZL250620P00095000,SEZL,P,95.0,2025-06-20,227,0,323,4.88,1748010798005000000,20,9760.0,2025-05-23,Single Leg Auction Non ISO,Business Services,Financial Transaction Services,97.825,107.01,96.69,105.31,71,3.9894498176666917,4,0,0,0,1
SEZL,Business Services,Financial Transaction Services,25__0,25,0.0,5. p99_trade_value,49400.0,55000.0,O:SEZL250620C00115000,SEZL,C,115.0,2025-06-20,232,0,323,7.6,1748358404667000000,65,49400.0,2025-05-27,Multi Leg auto-electronic trade,Business Services,Financial Transaction Services,108.22,111.6428,106.48,110.36,4,4.693726948923647,1,1,0,0,0
SEZL,Business Services,Financial Transaction Services,25__0,25,0.0,7. p90_trade_value,17220.0,31529.000000000004,O:SEZL250620C00115000,SEZL,C,115.0,2025-06-20,232,0,322,7.69,1748356667510000000,41,31529.000000000004,2025-05-27,Multi Leg auto-electronic trade,Business Services,Financial Transaction Services,108.22,111.6428,106.48,110.36,20,4.498710196521166,2,1,0,0,0
SEZL,Business Services,Financial Transaction Services,25__0,25,0.0,8. p75_trade_value,8550.0,16225.0,O:SEZL250620P00105000,SEZL,P,105.0,2025-06-20,209,0,325,6.3,1748355472303000000,20,12600.0,2025-05-27,Automatic Execution,Business Services,Financial Transaction Services,108.22,111.6428,106.48,110.36,49,4.1003705451175625,3,1,0,0,0
SEZL,Business Services,Financial Transaction Services,25__0,25,0.0,8. p75_trade_value,8550.0,16225.0,O:SEZL250620C00110000,SEZL,C,110.0,2025-06-20,209,0,315,6.4,1748617136578000000,14,8960.0,2025-05-30,Automatic Execution,Business Services,Financial Transaction Services,107.05,108.25,102.63,106.71,84,3.9523080096621253,5,1,0,0,0
SEZL,Business Services,Financial Transaction Services,25__0,25,0.0,8. p75_trade_value,8550.0,16225.0,O:SEZL250620C00110000,SEZL,C,110.0,2025-06-20,209,0,323,6.4,1748617136578000000,15,9600.0,2025-05-30,Automatic Execution,Business Services,Financial Transaction Services,107.05,108.25,102.63,106.71,73,3.9822712330395684,4,1,0,0,0
SEZL,Business Services,Financial Transaction Services,25__0,25,0.0,8. p75_trade_value,8550.0,16225.0,O:SEZL250620C00110000,SEZL,C,110.0,2025-06-20,209,0,307,6.4,1748617136578000000,17,10880.000000000002,2025-05-30,Automatic Execution,Business Services,Financial Transaction Services,107.05,108.25,102.63,106.71,58,4.036628895362161,4,1,0,0,0
SEZL,Business Services,Financial Transaction Services,25__0,25,0.0,8. p75_trade_value,8550.0,16225.0,O:SEZL250620C00110000,SEZL,C,110.0,2025-06-20,209,0,304,6.4,1748617136580000000,20,12800.0,2025-05-30,Automatic Execution,Business Services,Financial Transaction Services,107.05,108.25,102.63,106.71,48,4.107209969647869,3,1,0,0,0
SEZL,Business Services,Financial Transaction Services,25__0,25,0.0,8. p75_trade_value,8550.0,16225.0,O:SEZL250620C00110000,SEZL,C,110.0,2025-06-20,209,0,302,6.4,1748617136580000000,14,8960.0,2025-05-30,Automatic Execution,Business Services,Financial Transaction Services,107.05,108.25,102.63,106.71,85,3.9523080096621253,5,1,0,0,0
SEZL,Business Services,Financial Transaction Services,25__0,25,0.0,7. p90_trade_value,17220.0,31529.000000000004,O:SEZL250620C00110000,SEZL,C,110.0,2025-06-20,209,0,316,6.3,1748617136781000000,40,25200.0,2025-05-30,Automatic Execution,Business Services,Financial Transaction Services,107.05,108.25,102.63,106.71,25,4.401400540781544,2,1,0,0,0
SEZL,Business Services,Financial Transaction Services,25__0,25,0.0,8. p75_trade_value,8550.0,16225.0,O:SEZL250620P00095000,SEZL,P,95.0,2025-06-20,209,0,323,2.75,1748629951852000000,59,16225.0,2025-05-30,Automatic Execution,Business Services,Financial Transaction Services,107.05,108.25,102.63,106.71,39,4.210184705472407,3,0,0,0,1
SEZL,Business Services,Financial Transaction Services,25__0,25,0.0,8. p75_trade_value,8550.0,16225.0,O:SEZL250620P00100000,SEZL,P,100.0,2025-06-20,209,0,308,5.8,1748613457014000000,17,9860.0,2025-05-30,Automatic Execution,Business Services,Financial Transaction Services,107.05,108.25,102.63,106.71,70,3.993876914941211,4,0,0,0,1
SEZL,Business Services,Financial Transaction Services,25__0,25,0.0,8. p75_trade_value,8550.0,16225.0,O:SEZL250620P00090000,SEZL,P,90.0,2025-06-20,209,0,303,1.0,1748889982156000000,100,10000.0,2025-06-02,Automatic Execution,Business Services,Financial Transaction Services,107.5,113.8406,105.775,112.52,68,4.0,4,0,0,0,1
SEZL,Business Services,Financial Transaction Services,25__0,25,0.0,6. p95_trade_value,31850.0,44958.0,O:SEZL250620C00120000,SEZL,C,120.0,2025-06-20,232,0,308,5.54,1748969282700000000,60,33240.0,2025-06-03,Multi Leg auto-electronic trade,Business Services,Financial Transaction Services,113.27,117.06,112.01,114.06,16,4.521661015112073,1,1,0,0,0
SEZL,Business Services,Financial Transaction Services,25__0,25,0.0,8. p75_trade_value,8550.0,16225.0,O:SEZL250620C00130000,SEZL,C,130.0,2025-06-20,209,0,325,5.25,1749141810680000000,18,9450.0,2025-06-05,Automatic Execution,Business Services,Financial Transaction Services,121.35,125.3995,120.89,123.73,76,3.975431808509263,4,1,0,0,0
SEZL,Business Services,Financial Transaction Services,25__0,25,0.0,8. p75_trade_value,8550.0,16225.0,O:SEZL250620P00115000,SEZL,P,115.0,2025-06-20,209,0,319,3.8,1749150987993000000,25,9500.0,2025-06-05,Automatic Execution,Business Services,Financial Transaction Services,121.35,125.3995,120.89,123.73,74,3.9777236052888476,4,1,0,0,0
SEZL,Business Services,Financial Transaction Services,25__0,25,0.0,8. p75_trade_value,8550.0,16225.0,O:SEZL250620P00115000,SEZL,P,115.0,2025-06-20,209,0,325,3.95,1749134150944000000,27,10665.0,2025-06-05,Automatic Execution,Business Services,Financial Transaction Services,121.35,125.3995,120.89,123.73,60,4.0279608597854475,4,1,0,0,0
SEZL,Business Services,Financial Transaction Services,25__0,25,0.0,8. p75_trade_value,8550.0,16225.0,O:SEZL250620P00115000,SEZL,P,115.0,2025-06-20,209,0,323,3.9,1749151041157000000,27,10530.0,2025-06-05,Automatic Execution,Business Services,Financial Transaction Services,121.35,125.3995,120.89,123.73,63,4.0224283711854865,4,1,0,0,0
SEZL,Business Services,Financial Transaction Services,25__0,25,0.0,6. p95_trade_value,31850.0,44958.0,O:SEZL250620C00135000,SEZL,C,135.0,2025-06-20,232,0,312,6.1,1749233574746000000,59,35990.0,2025-06-06,Multi Leg auto-electronic trade,Business Services,Financial Transaction Services,124.03,132.8,123.3825,132.09,12,4.556181846652911,1,1,0,0,0
SEZL,Business Services,Financial Transaction Services,25__0,25,0.0,8. p75_trade_value,8550.0,16225.0,O:SEZL250620P00110000,SEZL,P,110.0,2025-06-20,233,0,302,1.34,1749229906185000000,80,10720.0,2025-06-06,Multi Leg Auction,Business Services,Financial Transaction Services,124.03,132.8,123.3825,132.09,59,4.030194785356751,4,1,0,0,0
SEZL,Business Services,Financial Transaction Services,25__0,25,0.0,8. p75_trade_value,8550.0,16225.0,O:SEZL250620P00120000,SEZL,P,120.0,2025-06-20,209,0,323,3.4,1749231113372000000,44,14960.0,2025-06-06,Automatic Execution,Business Services,Financial Transaction Services,124.03,132.8,123.3825,132.09,43,4.174931593528442,3,1,0,0,0
SEZL,Business Services,Financial Transaction Services,25__0,25,0.0,7. p90_trade_value,17220.0,31529.000000000004,O:SEZL250620P00125000,SEZL,P,125.0,2025-06-20,209,0,308,4.7,1749477208983000000,40,18800.0,2025-06-09,Automatic Execution,Business Services,Financial Transaction Services,134.79,134.99,126.32,132.16,34,4.27415784926368,2,1,0,0,0
SEZL,Business Services,Financial Transaction Services,25__0,25,0.0,8. p75_trade_value,8550.0,16225.0,O:SEZL250620P00125000,SEZL,P,125.0,2025-06-20,209,0,323,4.6,1749487910916000000,23,10580.0,2025-06-09,Automatic Execution,Business Services,Financial Transaction Services,134.79,134.99,126.32,132.16,62,4.024485667699167,4,1,0,0,0
SEZL,Business Services,Financial Transaction Services,25__0,25,0.0,5. p99_trade_value,49400.0,55000.0,O:SEZL250620P00125000,SEZL,P,125.0,2025-06-20,209,0,308,5.1,1749476187521000000,100,50999.99999999999,2025-06-09,Automatic Execution,Business Services,Financial Transaction Services,134.79,134.99,126.32,132.16,3,4.707570176097937,1,1,0,0,0
SEZL,Business Services,Financial Transaction Services,25__0,25,0.0,8. p75_trade_value,8550.0,16225.0,O:SEZL250620C00130000,SEZL,C,130.0,2025-06-20,209,0,303,4.0,1749575365048000000,23,9200.0,2025-06-10,Automatic Execution,Business Services,Financial Transaction Services,120.855,126.4599,106.15,122.83,79,3.963787827345555,5,1,0,0,0
SEZL,Business Services,Financial Transaction Services,25__0,25,0.0,8. p75_trade_value,8550.0,16225.0,O:SEZL250620P00105000,SEZL,P,105.0,2025-06-20,209,0,308,3.0,1749563452045000000,40,12000.0,2025-06-10,Automatic Execution,Business Services,Financial Transaction Services,120.855,126.4599,106.15,122.83,52,4.079181246047625,3,0,0,0,1
SEZL,Business Services,Financial Transaction Services,25__0,25,0.0,8. p75_trade_value,8550.0,16225.0,O:SEZL250620C00135000,SEZL,C,135.0,2025-06-20,232,0,304,6.26,1749655113946000000,16,10016.0,2025-06-11,Multi Leg auto-electronic trade,Business Services,Financial Transaction Services,125.0,133.54,124.515,131.2,67,4.000694315866355,4,1,0,0,0
SEZL,Business Services,Financial Transaction Services,25__0,25,0.0,8. p75_trade_value,8550.0,16225.0,O:SEZL250620C00150000,SEZL,C,150.0,2025-06-20,227,0,300,2.48,1749756459261000000,38,9424.0,2025-06-12,Single Leg Auction Non ISO,Business Services,Financial Transaction Services,131.53,141.83,131.45,140.1,77,3.9742352774430265,5,0,0,0,1
SEZL,Business Services,Financial Transaction Services,25__0,25,0.0,8. p75_trade_value,8550.0,16225.0,O:SEZL250620C00150000,SEZL,C,150.0,2025-06-20,209,0,319,3.2,1749740870164000000,29,9280.000000000002,2025-06-12,Automatic Execution,Business Services,Financial Transaction Services,131.53,141.83,131.45,140.1,78,3.9675479762188623,5,0,0,0,1
SEZL,Business Services,Financial Transaction Services,25__0,25,0.0,7. p90_trade_value,17220.0,31529.000000000004,O:SEZL250620P00130000,SEZL,P,130.0,2025-06-20,209,0,300,4.1,1749824216332000000,42,17220.0,2025-06-13,Automatic Execution,Business Services,Financial Transaction Services,134.945,141.7333,131.2001,133.54,38,4.236033147117636,2,0,0,0,0
SPSC,Business Services,Business - Services,15__0,15,0.0,1. p999999_trade_value,36260.0,36260.0,O:SPSC250516C00140000,SPSC,C,140.0,2025-05-16,227,0,323,3.7,1745343624358000000,98,36260.0,2025-04-22,Single Leg Auction Non ISO,Business Services,Business - Services,128.33,130.23,126.87,129.72,1,4.55942779975949,1,1,1,1,0
SPSC,Business Services,Business - Services,15__0,15,0.0,7. p90_trade_value,19800.0,19800.0,O:SPSC250516C00140000,SPSC,C,140.0,2025-05-16,227,0,301,3.96,1745347858017000000,50,19800.0,2025-04-22,Single Leg Auction Non ISO,Business Services,Business - Services,128.33,130.23,126.87,129.72,3,4.296665190261531,3,1,1,1,0
SPSC,Business Services,Business - Services,15__0,15,0.0,7. p90_trade_value,19800.0,19800.0,O:SPSC250516C00140000,SPSC,C,140.0,2025-05-16,227,0,301,3.96,1745347858017000000,50,19800.0,2025-04-22,Single Leg Auction Non ISO,Business Services,Business - Services,128.33,130.23,126.87,129.72,2,4.296665190261531,2,1,1,1,0
SPXC,Business Services,Technology Services,10__0,10,0.0,1. p999999_trade_value,41720.0,41720.0,O:SPXC250117C00150000,SPXC,C,150.0,2025-01-17,209,0,325,2.8,1735318332210000000,149,41720.0,2024-12-27,Automatic Execution,Business Services,Technology Services,145.97,147.11,143.22,145.96,1,4.6203442997544935,1,1,1,0,0
STN,Business Services,Consulting Services,0__2,0,2.0,1. p999999_trade_value,3200.0,3200.0,O:STN250221C00080000,STN,C,80.0,2025-02-21,209,0,325,2.0,1738170047129000000,16,3200.0,2025-01-29,Automatic Execution,Business Services,Consulting Services,78.2,79.5975,77.71,79.19,1,3.505149978319906,1,1,0,0,0
ULS,Business Services,Business - Services,10__0,10,0.0,1. p999999_trade_value,78108.0,78108.0,O:ULS250321P00050000,ULS,P,50.0,2025-03-21,235,0,313,0.92,1740067559649000000,849,78108.0,2025-02-20,Multi Leg floor trade,Business Services,Business - Services,56.4,57.18,51.36,54.01,1,4.892695517589508,1,1,0,0,0
ULS,Business Services,Business - Services,10__0,10,0.0,7. p90_trade_value,53000.0,53000.0,O:ULS250620P00070000,ULS,P,70.0,2025-06-20,233,0,312,2.12,1748526673868000000,250,53000.0,2025-05-29,Multi Leg Auction,Business Services,Business - Services,71.59,71.75,70.515,70.99,2,4.724275869600789,2,1,0,0,0
ULS,Business Services,Business - Services,10__0,10,0.0,7. p90_trade_value,53000.0,53000.0,O:ULS250620P00070000,ULS,P,70.0,2025-06-20,233,0,312,2.12,1748526673868000000,250,53000.0,2025-05-29,Multi Leg Auction,Business Services,Business - Services,71.59,71.75,70.515,70.99,3,4.724275869600789,3,1,0,0,0
VLTO,Business Services,Waste Removal Services,20__0,20,0.0,1. p999999_trade_value,78000.0,78000.0,O:VLTO241115P00105000,VLTO,P,105.0,2024-11-15,231,0,302,1.2,1729706367863000000,650,78000.0,2024-10-23,Single Leg Floor Trade,Business Services,Waste Removal Services,111.91,113.07,110.2242,110.93,1,4.892094602690481,1,1,1,1,0
VLTO,Business Services,Waste Removal Services,20__0,20,0.0,8. p75_trade_value,8280.0,22116.000000000004,O:VLTO241115P00105000,VLTO,P,105.0,2024-11-15,231,0,302,1.2,1729706367796000000,69,8280.0,2024-10-23,Single Leg Floor Trade,Business Services,Waste Removal Services,111.91,113.07,110.2242,110.93,20,3.9180303367848803,5,1,1,1,0
VLTO,Business Services,Waste Removal Services,20__0,20,0.0,8. p75_trade_value,8280.0,22116.000000000004,O:VLTO241115P00105000,VLTO,P,105.0,2024-11-15,209,0,325,1.15,1729706249743000000,185,21274.999999999996,2024-10-23,Automatic Execution,Business Services,Waste Removal Services,111.91,113.07,110.2242,110.93,15,4.3278695687566255,4,1,1,1,0
VLTO,Business Services,Waste Removal Services,20__0,20,0.0,8. p75_trade_value,8280.0,22116.000000000004,O:VLTO241115P00105000,VLTO,P,105.0,2024-11-15,209,0,308,1.15,1729706249744000000,187,21505.0,2024-10-23,Automatic Execution,Business Services,Waste Removal Services,111.91,113.07,110.2242,110.93,14,4.33253944689011,4,1,1,1,0
VLTO,Business Services,Waste Removal Services,20__0,20,0.0,6. p95_trade_value,33465.0,50400.0,O:VLTO241115P00105000,VLTO,P,105.0,2024-11-15,231,0,323,1.1,1729697409871000000,320,35200.0,2024-10-23,Single Leg Floor Trade,Business Services,Waste Removal Services,111.91,113.07,110.2242,110.93,3,4.546542663478131,1,1,1,1,0
VLTO,Business Services,Waste Removal Services,20__0,20,0.0,6. p95_trade_value,33465.0,50400.0,O:VLTO241115P00105000,VLTO,P,105.0,2024-11-15,231,0,323,1.05,1729697409871000000,480,50400.0,2024-10-23,Single Leg Floor Trade,Business Services,Waste Removal Services,111.91,113.07,110.2242,110.93,2,4.702430536445525,1,1,1,1,0
VLTO,Business Services,Waste Removal Services,20__0,20,0.0,8. p75_trade_value,8280.0,22116.000000000004,O:VLTO241115P00110000,VLTO,P,110.0,2024-11-15,219,0,315,2.05,1729693589876000000,41,8405.0,2024-10-23,Intermarket Sweep Order,Business Services,Waste Removal Services,111.91,113.07,110.2242,110.93,19,3.9245377177754897,5,1,1,1,0
VLTO,Business Services,Waste Removal Services,20__0,20,0.0,7. p90_trade_value,25935.000000000004,33174.0,O:VLTO241115P00110000,VLTO,P,110.0,2024-11-15,233,0,302,2.79,1729711712469000000,100,27900.0,2024-10-23,Multi Leg Auction,Business Services,Waste Removal Services,111.91,113.07,110.2242,110.93,7,4.445604203273597,2,1,1,1,0
VLTO,Business Services,Waste Removal Services,20__0,20,0.0,8. p75_trade_value,8280.0,22116.000000000004,O:VLTO241115P00110000,VLTO,P,110.0,2024-11-15,228,0,312,2.91,1729707822075000000,76,22116.000000000004,2024-10-23,Single Leg Auction ISO,Business Services,Waste Removal Services,111.91,113.07,110.2242,110.93,11,4.344706581266698,3,1,1,1,0
VLTO,Business Services,Waste Removal Services,20__0,20,0.0,8. p75_trade_value,8280.0,22116.000000000004,O:VLTO241115P00110000,VLTO,P,110.0,2024-11-15,228,0,304,2.91,1729707822074000000,76,22116.000000000004,2024-10-23,Single Leg Auction ISO,Business Services,Waste Removal Services,111.91,113.07,110.2242,110.93,9,4.344706581266698,3,1,1,1,0
VLTO,Business Services,Waste Removal Services,20__0,20,0.0,8. p75_trade_value,8280.0,22116.000000000004,O:VLTO241115P00110000,VLTO,P,110.0,2024-11-15,227,0,307,2.91,1729707822075000000,76,22116.000000000004,2024-10-23,Single Leg Auction Non ISO,Business Services,Waste Removal Services,111.91,113.07,110.2242,110.93,10,4.344706581266698,3,1,1,1,0
VLTO,Business Services,Waste Removal Services,20__0,20,0.0,8. p75_trade_value,8280.0,22116.000000000004,O:VLTO241115P00110000,VLTO,P,110.0,2024-11-15,227,0,308,2.91,1729707822076000000,76,22116.000000000004,2024-10-23,Single Leg Auction Non ISO,Business Services,Waste Removal Services,111.91,113.07,110.2242,110.93,12,4.344706581266698,3,1,1,1,0
VLTO,Business Services,Waste Removal Services,20__0,20,0.0,8. p75_trade_value,8280.0,22116.000000000004,O:VLTO241115P00110000,VLTO,P,110.0,2024-11-15,228,0,302,2.89,1729707822075000000,76,21964.0,2024-10-23,Single Leg Auction ISO,Business Services,Waste Removal Services,111.91,113.07,110.2242,110.93,13,4.34171143503734,4,1,1,1,0
VLTO,Business Services,Waste Removal Services,20__0,20,0.0,6. p95_trade_value,33465.0,50400.0,O:VLTO241115P00110000,VLTO,P,110.0,2024-11-15,227,0,309,2.91,1729707822074000000,115,33465.0,2024-10-23,Single Leg Auction Non ISO,Business Services,Waste Removal Services,111.91,113.07,110.2242,110.93,4,4.524590829339519,1,1,1,1,0
VLTO,Business Services,Waste Removal Services,20__0,20,0.0,8. p75_trade_value,8280.0,22116.000000000004,O:VLTO241115P00110000,VLTO,P,110.0,2024-11-15,219,0,323,2.85,1729707821476000000,37,10545.0,2024-10-23,Intermarket Sweep Order,Business Services,Waste Removal Services,111.91,113.07,110.2242,110.93,18,4.023046584075505,5,1,1,1,0
VLTO,Business Services,Waste Removal Services,20__0,20,0.0,7. p90_trade_value,25935.000000000004,33174.0,O:VLTO241115P00110000,VLTO,P,110.0,2024-11-15,228,0,303,2.91,1729707822075000000,114,33174.0,2024-10-23,Single Leg Auction ISO,Business Services,Waste Removal Services,111.91,113.07,110.2242,110.93,5,4.52079784032238,2,1,1,1,0
VLTO,Business Services,Waste Removal Services,20__0,20,0.0,7. p90_trade_value,25935.000000000004,33174.0,O:VLTO241115P00110000,VLTO,P,110.0,2024-11-15,219,0,315,2.85,1729707821477000000,91,25935.000000000004,2024-10-23,Intermarket Sweep Order,Business Services,Waste Removal Services,111.91,113.07,110.2242,110.93,8,4.413886252329604,2,1,1,1,0
VLTO,Business Services,Waste Removal Services,20__0,20,0.0,7. p90_trade_value,25935.000000000004,33174.0,O:VLTO241115P00110000,VLTO,P,110.0,2024-11-15,233,0,302,2.79,1729711712469000000,100,27900.0,2024-10-23,Multi Leg Auction,Business Services,Waste Removal Services,111.91,113.07,110.2242,110.93,6,4.445604203273597,2,1,1,1,0
VLTO,Business Services,Waste Removal Services,20__0,20,0.0,8. p75_trade_value,8280.0,22116.000000000004,O:VLTO241115P00100000,VLTO,P,100.0,2024-11-15,233,0,302,0.66,1729799967982000000,199,13134.0,2024-10-24,Multi Leg Auction,Business Services,Waste Removal Services,114.55,115.0,105.63,105.79,17,4.118397011951576,5,0,0,0,1
VLTO,Business Services,Waste Removal Services,20__0,20,0.0,8. p75_trade_value,8280.0,22116.000000000004,O:VLTO250417P00095000,VLTO,P,95.0,2025-04-17,209,0,316,1.35,1742489198131000000,117,15795.000000000002,2025-03-20,Automatic Execution,Business Services,Waste Removal Services,99.12,99.28,97.96,98.14,16,4.198519630241168,4,1,1,1,0
VRAR,Business Services,Technology Services,10__0,10,0.0,7. p90_trade_value,4600.0,4600.0,O:VRAR241220C00001000,VRAR,C,1.0,2024-12-20,209,0,308,0.05,1733167926635000000,920,4600.0,2024-12-02,Automatic Execution,Business Services,Technology Services,0.7143,0.975,0.7,0.877,2,3.662757831681574,2,1,1,1,0
VRAR,Business Services,Technology Services,10__0,10,0.0,1. p999999_trade_value,5000.0,5000.0,O:VRAR241220C00001000,VRAR,C,1.0,2024-12-20,209,0,318,0.05,1733166435350000000,1000,5000.0,2024-12-02,Automatic Execution,Business Services,Technology Services,0.7143,0.975,0.7,0.877,1,3.6989700043360187,1,1,1,1,0
VVX,Business Services,Technology Services,5__0,5,0.0,1. p999999_trade_value,3800.0,3800.0,O:VVX241115C00065000,VVX,C,65.0,2024-11-15,227,0,302,1.9,1729263958403000000,20,3800.0,2024-10-18,Single Leg Auction Non ISO,Business Services,Technology Services,64.0,64.335,63.04,63.79,1,3.57978359661681,1,1,0,0,0
WCN,Business Services,Waste Removal Services,15__0,15,0.0,1. p999999_trade_value,180000.0,180000.0,O:WCN241115C00185000,WCN,C,185.0,2024-11-15,242,0,300,3.0,1729693967579000000,600,180000.0,2024-10-23,Stock Options floor trade,Business Services,Waste Removal Services,180.61,181.72,180.23,180.36,1,5.2552725051033065,1,1,0,0,0
WCN,Business Services,Waste Removal Services,15__0,15,0.0,6. p95_trade_value,114000.0,114000.0,O:WCN250516P00190000,WCN,P,190.0,2025-05-16,235,0,301,3.8,1745432272052000000,300,114000.0,2025-04-23,Multi Leg floor trade,Business Services,Waste Removal Services,198.61,198.75,194.01,195.68,2,5.056904851336473,1,1,1,0,0
WLDN,Business Services,Business - Services,5__0,5,0.0,1. p999999_trade_value,5400.0,5400.0,O:WLDN241115C00045000,WLDN,C,45.0,2024-11-15,209,0,308,2.7,1729777058853000000,20,5400.0,2024-10-24,Automatic Execution,Business Services,Business - Services,44.66,44.79,44.19,44.24,1,3.7323937598229686,1,1,0,0,0
WNS,Business Services,Business - Services,20__2,20,2.0,6. p95_trade_value,86580.0,243460.0,O:WNS250221C00065000,WNS,C,65.0,2025-02-21,231,0,301,1.4,1737736217464000000,1739,243460.0,2025-01-24,Single Leg Floor Trade,Business Services,Business - Services,61.63,63.58,61.13,62.41,2,5.38642761768095,1,1,0,0,0
WNS,Business Services,Business - Services,20__2,20,2.0,1. p999999_trade_value,462500.0,462500.0,O:WNS250321P00055000,WNS,P,55.0,2025-03-21,235,0,301,1.85,1740080048942000000,2500,462500.0,2025-02-20,Multi Leg floor trade,Business Services,Business - Services,58.09,58.421,56.6,57.67,1,5.665111737075051,1,1,0,0,0
WNS,Business Services,Business - Services,20__2,20,2.0,6. p95_trade_value,86580.0,243460.0,O:WNS250516P00065000,WNS,P,65.0,2025-05-16,235,0,300,3.2,1744912369226000000,271,86720.0,2025-04-17,Multi Leg floor trade,Business Services,Business - Services,66.44,67.99,65.67,66.58,4,4.938119269194312,1,1,1,1,0
WNS,Business Services,Business - Services,20__2,20,2.0,6. p95_trade_value,86580.0,243460.0,O:WNS250516P00060000,WNS,P,60.0,2025-05-16,234,0,302,1.95,1745433003205000000,444,86580.0,2025-04-23,Multi Leg Cross,Business Services,Business - Services,65.3,66.0,64.03,64.9,5,4.9374175814771375,1,1,1,1,0
WNS,Business Services,Business - Services,20__2,20,2.0,6. p95_trade_value,86580.0,243460.0,O:WNS250516P00050000,WNS,P,50.0,2025-05-16,239,0,302,0.6,1745941128046000000,2500,150000.0,2025-04-29,Multi Leg floor trade against single leg(s),Business Services,Business - Services,59.0,60.73,58.45,60.0,3,5.176091259055681,1,0,0,0,1
YMM,Business Services,Technology Services,20__0,20,0.0,1. p999999_trade_value,98000.00000000001,98000.00000000001,O:YMM250221C00012500,YMM,C,12.5,2025-02-21,229,0,313,0.14,1737663769840000000,7000,98000.00000000001,2025-01-23,Single Leg Cross Non ISO,Business Services,Technology Services,11.23,11.34,11.155,11.28,1,4.991226075692495,1,1,1,0,0
ZETA,Business Services,Technology Services,35__2,35,2.0,4. p999_trade_value,641760.0,687500.0,O:ZETA241115P00030000,ZETA,P,30.0,2024-11-15,231,0,313,2.4,1729094725752000000,2674,641760.0,2024-10-16,Single Leg Floor Trade,Business Services,Technology Services,31.93,32.16,30.75,30.94,3,5.807372644637572,1,1,1,1,0
ZETA,Business Services,Technology Services,35__2,35,2.0,4. p999_trade_value,641760.0,687500.0,O:ZETA241115P00030000,ZETA,P,30.0,2024-11-15,231,0,313,2.4,1729093683413000000,2674,641760.0,2024-10-16,Single Leg Floor Trade,Business Services,Technology Services,31.93,32.16,30.75,30.94,4,5.807372644637572,1,1,1,1,0
ZETA,Business Services,Technology Services,35__2,35,2.0,1. p999999_trade_value,725000.0,725000.0,O:ZETA241115P00025000,ZETA,P,25.0,2024-11-15,235,0,313,1.45,1729273091908000000,5000,725000.0,2024-10-18,Multi Leg floor trade,Business Services,Technology Services,28.87,29.3437,27.62,27.9,1,5.860338006570994,1,1,1,1,0
ZETA,Business Services,Technology Services,35__2,35,2.0,4. p999_trade_value,641760.0,687500.0,O:ZETA241115P00035000,ZETA,P,35.0,2024-11-15,235,0,313,2.75,1731337747682000000,2500,687500.0,2024-11-11,Multi Leg floor trade,Business Services,Technology Services,37.6,38.2,36.21,36.74,2,5.8372727025023,1,1,1,1,0
