security,sector,industry,final_cluster,trade_volume_bin,cluster,trade_value_category,category_minimum,category_maximum,option_ticker,security_1,option_type,strike_price,expiration,conditions,correction,exchange,price,sip_timestamp,size,trade_value,data_date,min_trade_value,expiration_days_out,otm_range,option_condition_name,sector_1,industry_1,securty_open,security_high,security_low,security_close,trade_rank,trade_value_log10,number_of_bins,trade_value_bin,itm,itm_expiration_day,itm_expriation_close,otm
HSY,Consumer Staples,Food - Confectionery,30__2,30,2.0,7. p90_trade_value,17160.0,29920.0,O:HSY240830P00190000,HSY,P,190.0,2024-08-30,209,0,319,0.7,1724774878032000000,396,27720.0,2024-08-27,3000.0,30,True,Automatic Execution,Consumer Staples,Food - Confectionery,193.62,195.4,191.1,191.13,81,4.442793225939769,20,2,1,0,0,0
HSY,Consumer Staples,Food - Confectionery,30__2,30,2.0,8. p75_trade_value,8680.0,17000.0,O:HSY240830P00190000,HSY,P,190.0,2024-08-30,209,0,320,0.8,1724775823218000000,117,9360.0,2024-08-27,3000.0,30,True,Automatic Execution,Consumer Staples,Food - Confectionery,193.62,195.4,191.1,191.13,324,3.971275848738105,20,5,1,0,0,0
HSY,Consumer Staples,Food - Confectionery,30__2,30,2.0,7. p90_trade_value,17160.0,29920.0,O:HSY240830P00190000,HSY,P,190.0,2024-08-30,209,0,319,0.8,1724775483866000000,239,19120.0,2024-08-27,3000.0,30,True,Automatic Execution,Consumer Staples,Food - Confectionery,193.62,195.4,191.1,191.13,123,4.281487887940081,20,2,1,0,0,0
HSY,Consumer Staples,Food - Confectionery,30__2,30,2.0,7. p90_trade_value,17160.0,29920.0,O:HSY240830P00190000,HSY,P,190.0,2024-08-30,209,0,319,0.7,1724775034802000000,258,18060.0,2024-08-27,3000.0,30,True,Automatic Execution,Consumer Staples,Food - Confectionery,193.62,195.4,191.1,191.13,131,4.256717745977487,20,2,1,0,0,0
HSY,Consumer Staples,Food - Confectionery,30__2,30,2.0,6. p95_trade_value,30000.0,122500.0,O:HSY240906P00185000,HSY,P,185.0,2024-09-06,231,0,301,0.25,1725036016438000000,1200,30000.0,2024-08-30,3000.0,30,True,Single Leg Floor Trade,Consumer Staples,Food - Confectionery,191.95,193.18,191.19,193.06,74,4.477121254719663,20,2,0,0,0,1
HSY,Consumer Staples,Food - Confectionery,30__2,30,2.0,8. p75_trade_value,8680.0,17000.0,O:HSY241004C00200000,HSY,C,200.0,2024-10-04,209,0,316,4.15,1725469628493000000,25,10375.000000000002,2024-09-04,3000.0,30,True,Automatic Execution,Consumer Staples,Food - Confectionery,197.54,199.68,196.99,198.69,274,4.01598810538413,20,4,1,0,0,0
HSY,Consumer Staples,Food - Confectionery,30__2,30,2.0,6. p95_trade_value,30000.0,122500.0,O:HSY240920P00195000,HSY,P,195.0,2024-09-20,231,0,313,0.7,1725994252308000000,600,42000.0,2024-09-10,3000.0,30,True,Single Leg Floor Trade,Consumer Staples,Food - Confectionery,203.98,205.77,202.48,202.83,48,4.623249290397901,20,1,1,1,0,0
HSY,Consumer Staples,Food - Confectionery,30__2,30,2.0,7. p90_trade_value,17160.0,29920.0,O:HSY240920P00195000,HSY,P,195.0,2024-09-20,231,0,313,0.65,1725994252308000000,400,26000.0,2024-09-10,3000.0,30,True,Single Leg Floor Trade,Consumer Staples,Food - Confectionery,203.98,205.77,202.48,202.83,84,4.414973347970818,20,2,1,1,0,0
HSY,Consumer Staples,Food - Confectionery,30__2,30,2.0,6. p95_trade_value,30000.0,122500.0,O:HSY240920P00195000,HSY,P,195.0,2024-09-20,227,0,302,1.6,1726079317619000000,199,31840.000000000004,2024-09-11,3000.0,30,True,Single Leg Auction Non ISO,Consumer Staples,Food - Confectionery,202.89,202.93,197.43,198.62,69,4.502973059065631,20,1,1,1,0,0
HSY,Consumer Staples,Food - Confectionery,30__2,30,2.0,8. p75_trade_value,8680.0,17000.0,O:HSY240920P00195000,HSY,P,195.0,2024-09-20,209,0,323,1.35,1726081770340000000,106,14310.000000000002,2024-09-11,3000.0,30,True,Automatic Execution,Consumer Staples,Food - Confectionery,202.89,202.93,197.43,198.62,167,4.155639633759776,20,3,1,1,0,0
HSY,Consumer Staples,Food - Confectionery,30__2,30,2.0,8. p75_trade_value,8680.0,17000.0,O:HSY240927P00187500,HSY,P,187.5,2024-09-27,231,0,301,0.2,1726849262622000000,480,9600.0,2024-09-20,3000.0,30,True,Single Leg Floor Trade,Consumer Staples,Food - Confectionery,196.4,198.61,194.01,195.43,308,3.9822712330395684,20,5,0,0,0,1
HSY,Consumer Staples,Food - Confectionery,30__2,30,2.0,7. p90_trade_value,17160.0,29920.0,O:HSY240927P00187500,HSY,P,187.5,2024-09-27,231,0,301,0.25,1726849262622000000,720,18000.0,2024-09-20,3000.0,30,True,Single Leg Floor Trade,Consumer Staples,Food - Confectionery,196.4,198.61,194.01,195.43,132,4.2552725051033065,20,2,0,0,0,1
HSY,Consumer Staples,Food - Confectionery,30__2,30,2.0,8. p75_trade_value,8680.0,17000.0,O:HSY241004P00190000,HSY,P,190.0,2024-10-04,209,0,320,1.05,1726843348391000000,100,10500.0,2024-09-20,3000.0,30,True,Automatic Execution,Consumer Staples,Food - Confectionery,196.4,198.61,194.01,195.43,259,4.021189299069938,20,4,1,1,0,0
HSY,Consumer Staples,Food - Confectionery,30__2,30,2.0,8. p75_trade_value,8680.0,17000.0,O:HSY241018P00190000,HSY,P,190.0,2024-10-18,219,0,316,1.9,1726843676064000000,56,10640.0,2024-09-20,3000.0,30,True,Intermarket Sweep Order,Consumer Staples,Food - Confectionery,196.4,198.61,194.01,195.43,255,4.0269416279590295,20,4,1,1,1,0
HSY,Consumer Staples,Food - Confectionery,30__2,30,2.0,8. p75_trade_value,8680.0,17000.0,O:HSY241018P00190000,HSY,P,190.0,2024-10-18,219,0,300,1.9,1726843676064000000,55,10450.0,2024-09-20,3000.0,30,True,Intermarket Sweep Order,Consumer Staples,Food - Confectionery,196.4,198.61,194.01,195.43,264,4.019116290447073,20,4,1,1,1,0
HSY,Consumer Staples,Food - Confectionery,30__2,30,2.0,6. p95_trade_value,30000.0,122500.0,O:HSY241018C00195000,HSY,C,195.0,2024-10-18,209,0,319,3.7,1727202445643000000,92,34040.0,2024-09-24,3000.0,30,True,Automatic Execution,Consumer Staples,Food - Confectionery,194.16,194.845,193.17,193.34,63,4.5319895514125506,20,1,1,0,0,0
HSY,Consumer Staples,Food - Confectionery,30__2,30,2.0,8. p75_trade_value,8680.0,17000.0,O:HSY241018C00195000,HSY,C,195.0,2024-10-18,209,0,323,3.2,1727465407897000000,50,16000.0,2024-09-27,3000.0,30,True,Automatic Execution,Consumer Staples,Food - Confectionery,191.62,193.77,191.235,193.36,149,4.204119982655925,20,3,1,0,0,0
HSY,Consumer Staples,Food - Confectionery,30__2,30,2.0,8. p75_trade_value,8680.0,17000.0,O:HSY241018C00195000,HSY,C,195.0,2024-10-18,209,0,319,1.85,1727977566290000000,48,8880.000000000002,2024-10-03,3000.0,30,True,Automatic Execution,Consumer Staples,Food - Confectionery,192.59,193.455,190.12,190.99,346,3.948412965778601,20,5,0,0,0,1
HSY,Consumer Staples,Food - Confectionery,30__2,30,2.0,6. p95_trade_value,30000.0,122500.0,O:HSY241011P00185000,HSY,P,185.0,2024-10-11,231,0,301,0.5,1728058959939000000,1600,80000.0,2024-10-04,3000.0,30,True,Single Leg Floor Trade,Consumer Staples,Food - Confectionery,190.02,192.21,190.0,191.84,28,4.903089986991944,20,1,0,0,0,1
HSY,Consumer Staples,Food - Confectionery,30__2,30,2.0,8. p75_trade_value,8680.0,17000.0,O:HSY241101P00185000,HSY,P,185.0,2024-11-01,232,0,308,3.0,1728567005229000000,51,15300.0,2024-10-10,3000.0,30,True,Multi Leg auto-electronic trade,Consumer Staples,Food - Confectionery,187.3,189.33,186.56,187.57,158,4.184691430817598,20,3,1,1,1,0
HSY,Consumer Staples,Food - Confectionery,30__2,30,2.0,8. p75_trade_value,8680.0,17000.0,O:HSY241025C00185000,HSY,C,185.0,2024-10-25,209,0,308,1.9,1729194724045000000,64,12160.0,2024-10-17,3000.0,30,True,Automatic Execution,Consumer Staples,Food - Confectionery,184.85,184.9,183.31,183.9,204,4.084933574936716,20,3,1,0,0,0
HSY,Consumer Staples,Food - Confectionery,30__2,30,2.0,8. p75_trade_value,8680.0,17000.0,O:HSY241025P00180000,HSY,P,180.0,2024-10-25,209,0,302,0.3,1729274691218000000,365,10950.0,2024-10-18,3000.0,30,True,Automatic Execution,Consumer Staples,Food - Confectionery,184.52,186.36,184.12,185.68,241,4.039414119176137,20,4,1,0,0,0
HSY,Consumer Staples,Food - Confectionery,30__2,30,2.0,8. p75_trade_value,8680.0,17000.0,O:HSY241115C00190000,HSY,C,190.0,2024-11-15,209,0,325,3.25,1729263891574000000,28,9100.0,2024-10-18,3000.0,30,True,Automatic Execution,Consumer Staples,Food - Confectionery,184.52,186.36,184.12,185.68,335,3.9590413923210934,20,5,0,0,0,1
HSY,Consumer Staples,Food - Confectionery,30__2,30,2.0,8. p75_trade_value,8680.0,17000.0,O:HSY241025P00182500,HSY,P,182.5,2024-10-25,209,0,320,0.95,1729625199297000000,100,9500.0,2024-10-22,3000.0,30,True,Automatic Execution,Consumer Staples,Food - Confectionery,184.0,184.63,183.22,183.47,314,3.9777236052888476,20,5,1,1,1,0
HSY,Consumer Staples,Food - Confectionery,30__2,30,2.0,7. p90_trade_value,17160.0,29920.0,O:HSY241025P00182500,HSY,P,182.5,2024-10-25,209,0,302,0.95,1729625199300000000,263,24985.0,2024-10-22,3000.0,30,True,Automatic Execution,Consumer Staples,Food - Confectionery,184.0,184.63,183.22,183.47,89,4.397679353778606,20,2,1,1,1,0
HSY,Consumer Staples,Food - Confectionery,30__2,30,2.0,8. p75_trade_value,8680.0,17000.0,O:HSY241108P00180000,HSY,P,180.0,2024-11-08,232,0,308,2.77,1729609777836000000,35,9695.0,2024-10-22,3000.0,30,True,Multi Leg auto-electronic trade,Consumer Staples,Food - Confectionery,184.0,184.63,183.22,183.47,296,3.9865478134147243,20,5,1,1,1,0
HSY,Consumer Staples,Food - Confectionery,30__2,30,2.0,8. p75_trade_value,8680.0,17000.0,O:HSY241115C00185000,HSY,C,185.0,2024-11-15,209,0,315,4.4,1729624023313000000,22,9680.000000000002,2024-10-22,3000.0,30,True,Automatic Execution,Consumer Staples,Food - Confectionery,184.0,184.63,183.22,183.47,297,3.9858753573083936,20,5,0,0,0,1
HSY,Consumer Staples,Food - Confectionery,30__2,30,2.0,7. p90_trade_value,17160.0,29920.0,O:HSY241115C00185000,HSY,C,185.0,2024-11-15,209,0,308,4.4,1729625550150000000,40,17600.0,2024-10-22,3000.0,30,True,Automatic Execution,Consumer Staples,Food - Confectionery,184.0,184.63,183.22,183.47,136,4.2455126678141495,20,2,0,0,0,1
HSY,Consumer Staples,Food - Confectionery,30__2,30,2.0,7. p90_trade_value,17160.0,29920.0,O:HSY241115C00185000,HSY,C,185.0,2024-11-15,209,0,308,4.6,1729621496678000000,40,18400.0,2024-10-22,3000.0,30,True,Automatic Execution,Consumer Staples,Food - Confectionery,184.0,184.63,183.22,183.47,130,4.264817823009537,20,2,0,0,0,1
HSY,Consumer Staples,Food - Confectionery,30__2,30,2.0,8. p75_trade_value,8680.0,17000.0,O:HSY241115C00185000,HSY,C,185.0,2024-11-15,209,0,300,4.5,1729624806041000000,20,9000.0,2024-10-22,3000.0,30,True,Automatic Execution,Consumer Staples,Food - Confectionery,184.0,184.63,183.22,183.47,340,3.9542425094393248,20,5,0,0,0,1
HSY,Consumer Staples,Food - Confectionery,30__2,30,2.0,8. p75_trade_value,8680.0,17000.0,O:HSY241115C00185000,HSY,C,185.0,2024-11-15,209,0,300,4.5,1729624452186000000,20,9000.0,2024-10-22,3000.0,30,True,Automatic Execution,Consumer Staples,Food - Confectionery,184.0,184.63,183.22,183.47,339,3.9542425094393248,20,5,0,0,0,1
HSY,Consumer Staples,Food - Confectionery,30__2,30,2.0,8. p75_trade_value,8680.0,17000.0,O:HSY241115C00185000,HSY,C,185.0,2024-11-15,227,0,312,4.56,1729607899288000000,25,11399.999999999998,2024-10-22,3000.0,30,True,Single Leg Auction Non ISO,Consumer Staples,Food - Confectionery,184.0,184.63,183.22,183.47,227,4.056904851336473,20,4,0,0,0,1
HSY,Consumer Staples,Food - Confectionery,30__2,30,2.0,8. p75_trade_value,8680.0,17000.0,O:HSY241115P00177500,HSY,P,177.5,2024-11-15,209,0,308,2.5,1729611646966000000,57,14250.0,2024-10-22,3000.0,30,True,Automatic Execution,Consumer Staples,Food - Confectionery,184.0,184.63,183.22,183.47,169,4.153814864344529,20,3,1,1,1,0
HSY,Consumer Staples,Food - Confectionery,30__2,30,2.0,7. p90_trade_value,17160.0,29920.0,O:HSY241115C00185000,HSY,C,185.0,2024-11-15,209,0,302,3.6,1729781161805000000,50,18000.0,2024-10-24,3000.0,30,True,Automatic Execution,Consumer Staples,Food - Confectionery,181.98,183.26,181.445,182.2,134,4.2552725051033065,20,2,0,0,0,1
HSY,Consumer Staples,Food - Confectionery,30__2,30,2.0,8. p75_trade_value,8680.0,17000.0,O:HSY241115C00185000,HSY,C,185.0,2024-11-15,209,0,303,4.2,1730125370651000000,29,12180.000000000002,2024-10-28,3000.0,30,True,Automatic Execution,Consumer Staples,Food - Confectionery,181.22,184.4,181.2,182.85,203,4.085647288296856,20,3,0,0,0,1
HSY,Consumer Staples,Food - Confectionery,30__2,30,2.0,8. p75_trade_value,8680.0,17000.0,O:HSY241115C00185000,HSY,C,185.0,2024-11-15,209,0,316,1.7,1730469082117000000,69,11730.0,2024-11-01,3000.0,30,True,Automatic Execution,Consumer Staples,Food - Confectionery,177.86,179.44,177.3417,179.26,217,4.069298012115529,20,4,0,0,0,1
HSY,Consumer Staples,Food - Confectionery,30__2,30,2.0,8. p75_trade_value,8680.0,17000.0,O:HSY241108P00175000,HSY,P,175.0,2024-11-08,209,0,323,1.65,1730925314164000000,60,9900.0,2024-11-06,3000.0,30,True,Automatic Execution,Consumer Staples,Food - Confectionery,181.47,181.49,176.62,176.82,289,3.99563519459755,20,5,1,1,0,0
HSY,Consumer Staples,Food - Confectionery,30__2,30,2.0,8. p75_trade_value,8680.0,17000.0,O:HSY241115C00185000,HSY,C,185.0,2024-11-15,227,0,301,1.11,1730914019294000000,95,10545.0,2024-11-06,3000.0,30,True,Single Leg Auction Non ISO,Consumer Staples,Food - Confectionery,181.47,181.49,176.62,176.82,258,4.023046584075505,20,4,0,0,0,1
HSY,Consumer Staples,Food - Confectionery,30__2,30,2.0,8. p75_trade_value,8680.0,17000.0,O:HSY241206C00190000,HSY,C,190.0,2024-12-06,209,0,308,0.95,1730923632838000000,99,9405.0,2024-11-06,3000.0,30,True,Automatic Execution,Consumer Staples,Food - Confectionery,181.47,181.49,176.62,176.82,319,3.9733587998863977,20,5,0,0,0,1
HSY,Consumer Staples,Food - Confectionery,30__2,30,2.0,8. p75_trade_value,8680.0,17000.0,O:HSY241122P00170000,HSY,P,170.0,2024-11-22,232,0,304,1.89,1731701212856000000,62,11718.0,2024-11-15,3000.0,30,True,Multi Leg auto-electronic trade,Consumer Staples,Food - Confectionery,177.54,178.05,170.58,170.92,218,4.068853493671498,20,4,1,0,0,0
HSY,Consumer Staples,Food - Confectionery,30__2,30,2.0,6. p95_trade_value,30000.0,122500.0,O:HSY241122P00170000,HSY,P,170.0,2024-11-22,235,0,323,2.45,1731693970302000000,500,122500.0,2024-11-15,3000.0,30,True,Multi Leg floor trade,Consumer Staples,Food - Confectionery,177.54,178.05,170.58,170.92,17,5.088136088700551,20,1,1,0,0,0
HSY,Consumer Staples,Food - Confectionery,30__2,30,2.0,8. p75_trade_value,8680.0,17000.0,O:HSY241122P00170000,HSY,P,170.0,2024-11-22,209,0,313,2.0,1731686501857000000,50,10000.0,2024-11-15,3000.0,30,True,Automatic Execution,Consumer Staples,Food - Confectionery,177.54,178.05,170.58,170.92,284,4.0,20,4,1,0,0,0
HSY,Consumer Staples,Food - Confectionery,30__2,30,2.0,8. p75_trade_value,8680.0,17000.0,O:HSY241122P00170000,HSY,P,170.0,2024-11-22,232,0,300,1.88,1731701212856000000,63,11844.0,2024-11-15,3000.0,30,True,Multi Leg auto-electronic trade,Consumer Staples,Food - Confectionery,177.54,178.05,170.58,170.92,215,4.073498398717262,20,4,1,0,0,0
HSY,Consumer Staples,Food - Confectionery,30__2,30,2.0,8. p75_trade_value,8680.0,17000.0,O:HSY241122P00170000,HSY,P,170.0,2024-11-22,236,0,308,1.9,1731701212855000000,63,11969.999999999998,2024-11-15,3000.0,30,True,Multi Leg auto-electronic trade against single leg(s),Consumer Staples,Food - Confectionery,177.54,178.05,170.58,170.92,213,4.078094150406411,20,3,1,0,0,0
HSY,Consumer Staples,Food - Confectionery,30__2,30,2.0,8. p75_trade_value,8680.0,17000.0,O:HSY241122P00170000,HSY,P,170.0,2024-11-22,232,0,312,1.89,1731701212956000000,57,10772.999999999998,2024-11-15,3000.0,30,True,Multi Leg auto-electronic trade,Consumer Staples,Food - Confectionery,177.54,178.05,170.58,170.92,251,4.032336659845735,20,4,1,0,0,0
HSY,Consumer Staples,Food - Confectionery,30__2,30,2.0,8. p75_trade_value,8680.0,17000.0,O:HSY241122P00170000,HSY,P,170.0,2024-11-22,232,0,313,1.88,1731701212856000000,62,11655.999999999998,2024-11-15,3000.0,30,True,Multi Leg auto-electronic trade,Consumer Staples,Food - Confectionery,177.54,178.05,170.58,170.92,219,4.066549538761934,20,4,1,0,0,0
HSY,Consumer Staples,Food - Confectionery,30__2,30,2.0,8. p75_trade_value,8680.0,17000.0,O:HSY241122P00165000,HSY,P,165.0,2024-11-22,209,0,304,0.5,1731940849756000000,181,9050.0,2024-11-18,3000.0,30,True,Automatic Execution,Consumer Staples,Food - Confectionery,170.95,171.79,169.1,169.99,336,3.9566485792052033,20,5,0,0,0,1
HSY,Consumer Staples,Food - Confectionery,30__2,30,2.0,8. p75_trade_value,8680.0,17000.0,O:HSY241206C00177500,HSY,C,177.5,2024-12-06,209,0,316,1.75,1732902786218000000,55,9625.0,2024-11-29,3000.0,30,True,Automatic Execution,Consumer Staples,Food - Confectionery,173.93,176.48,173.42,176.13,300,3.983400738180538,20,5,1,0,0,0
HSY,Consumer Staples,Food - Confectionery,30__2,30,2.0,8. p75_trade_value,8680.0,17000.0,O:HSY241206C00177500,HSY,C,177.5,2024-12-06,209,0,320,1.4,1732902574620000000,100,14000.0,2024-11-29,3000.0,30,True,Automatic Execution,Consumer Staples,Food - Confectionery,173.93,176.48,173.42,176.13,173,4.146128035678238,20,3,1,0,0,0
HSY,Consumer Staples,Food - Confectionery,30__2,30,2.0,7. p90_trade_value,17160.0,29920.0,O:HSY241206C00177500,HSY,C,177.5,2024-12-06,209,0,313,1.75,1732902750006000000,100,17500.0,2024-11-29,3000.0,30,True,Automatic Execution,Consumer Staples,Food - Confectionery,173.93,176.48,173.42,176.13,138,4.243038048686294,20,2,1,0,0,0
HSY,Consumer Staples,Food - Confectionery,30__2,30,2.0,7. p90_trade_value,17160.0,29920.0,O:HSY241206C00177500,HSY,C,177.5,2024-12-06,227,0,323,1.68,1732902786331000000,121,20328.0,2024-11-29,3000.0,30,True,Single Leg Auction Non ISO,Consumer Staples,Food - Confectionery,173.93,176.48,173.42,176.13,116,4.308094652042313,20,2,1,0,0,0
HSY,Consumer Staples,Food - Confectionery,30__2,30,2.0,7. p90_trade_value,17160.0,29920.0,O:HSY241213C00177500,HSY,C,177.5,2024-12-13,209,0,313,1.85,1732902077125000000,100,18500.0,2024-11-29,3000.0,30,True,Automatic Execution,Consumer Staples,Food - Confectionery,173.93,176.48,173.42,176.13,126,4.267171728403014,20,2,1,1,1,0
HSY,Consumer Staples,Food - Confectionery,30__2,30,2.0,8. p75_trade_value,8680.0,17000.0,O:HSY241213C00177500,HSY,C,177.5,2024-12-13,209,0,316,2.6,1732902786304000000,50,13000.0,2024-11-29,3000.0,30,True,Automatic Execution,Consumer Staples,Food - Confectionery,173.93,176.48,173.42,176.13,190,4.113943352306837,20,3,1,1,1,0
HSY,Consumer Staples,Food - Confectionery,30__2,30,2.0,8. p75_trade_value,8680.0,17000.0,O:HSY241213C00177500,HSY,C,177.5,2024-12-13,209,0,312,1.5,1732901277956000000,80,12000.0,2024-11-29,3000.0,30,True,Automatic Execution,Consumer Staples,Food - Confectionery,173.93,176.48,173.42,176.13,211,4.079181246047625,20,3,1,1,1,0
HSY,Consumer Staples,Food - Confectionery,30__2,30,2.0,8. p75_trade_value,8680.0,17000.0,O:HSY241213C00177500,HSY,C,177.5,2024-12-13,209,0,312,1.5,1732901277595000000,99,14850.0,2024-11-29,3000.0,30,True,Automatic Execution,Consumer Staples,Food - Confectionery,173.93,176.48,173.42,176.13,163,4.171726453653231,20,3,1,1,1,0
HSY,Consumer Staples,Food - Confectionery,30__2,30,2.0,6. p95_trade_value,30000.0,122500.0,O:HSY241213C00177500,HSY,C,177.5,2024-12-13,219,0,319,1.5,1732901307204000000,249,37350.0,2024-11-29,3000.0,30,True,Intermarket Sweep Order,Consumer Staples,Food - Confectionery,173.93,176.48,173.42,176.13,55,4.572290606151418,20,1,1,1,1,0
HSY,Consumer Staples,Food - Confectionery,30__2,30,2.0,8. p75_trade_value,8680.0,17000.0,O:HSY241213C00177500,HSY,C,177.5,2024-12-13,209,0,312,1.55,1732900885046000000,70,10850.0,2024-11-29,3000.0,30,True,Automatic Execution,Consumer Staples,Food - Confectionery,173.93,176.48,173.42,176.13,245,4.035429738184549,20,4,1,1,1,0
HSY,Consumer Staples,Food - Confectionery,30__2,30,2.0,6. p95_trade_value,30000.0,122500.0,O:HSY241213C00180000,HSY,C,180.0,2024-12-13,209,0,319,1.9,1732903133457000000,300,57000.0,2024-11-29,3000.0,30,True,Automatic Execution,Consumer Staples,Food - Confectionery,173.93,176.48,173.42,176.13,39,4.7558748556724915,20,1,1,1,1,0
HSY,Consumer Staples,Food - Confectionery,30__2,30,2.0,8. p75_trade_value,8680.0,17000.0,O:HSY241213C00180000,HSY,C,180.0,2024-12-13,231,0,301,1.7,1732903044796000000,100,17000.0,2024-11-29,3000.0,30,True,Single Leg Floor Trade,Consumer Staples,Food - Confectionery,173.93,176.48,173.42,176.13,145,4.230448921378274,20,3,1,1,1,0
HSY,Consumer Staples,Food - Confectionery,30__2,30,2.0,6. p95_trade_value,30000.0,122500.0,O:HSY241213C00180000,HSY,C,180.0,2024-12-13,209,0,320,0.9,1732901623763000000,499,44910.0,2024-11-29,3000.0,30,True,Automatic Execution,Consumer Staples,Food - Confectionery,173.93,176.48,173.42,176.13,45,4.6523430550627145,20,1,1,1,1,0
HSY,Consumer Staples,Food - Confectionery,30__2,30,2.0,6. p95_trade_value,30000.0,122500.0,O:HSY241220C00177500,HSY,C,177.5,2024-12-20,209,0,316,3.8,1732902942543000000,98,37240.0,2024-11-29,3000.0,30,True,Automatic Execution,Consumer Staples,Food - Confectionery,173.93,176.48,173.42,176.13,56,4.571009672309305,20,1,1,0,0,0
HSY,Consumer Staples,Food - Confectionery,30__2,30,2.0,6. p95_trade_value,30000.0,122500.0,O:HSY241220C00177500,HSY,C,177.5,2024-12-20,209,0,316,3.8,1732903194927000000,96,36479.99999999999,2024-11-29,3000.0,30,True,Automatic Execution,Consumer Staples,Food - Confectionery,173.93,176.48,173.42,176.13,58,4.562054829656378,20,1,1,0,0,0
HSY,Consumer Staples,Food - Confectionery,30__2,30,2.0,6. p95_trade_value,30000.0,122500.0,O:HSY241220C00177500,HSY,C,177.5,2024-12-20,209,0,316,3.8,1732903194927000000,96,36479.99999999999,2024-11-29,3000.0,30,True,Automatic Execution,Consumer Staples,Food - Confectionery,173.93,176.48,173.42,176.13,59,4.562054829656378,20,1,1,0,0,0
HSY,Consumer Staples,Food - Confectionery,30__2,30,2.0,8. p75_trade_value,8680.0,17000.0,O:HSY241220C00180000,HSY,C,180.0,2024-12-20,209,0,319,1.45,1732901279423000000,88,12760.0,2024-11-29,3000.0,30,True,Automatic Execution,Consumer Staples,Food - Confectionery,173.93,176.48,173.42,176.13,194,4.1058506743851435,20,3,1,0,0,0
HSY,Consumer Staples,Food - Confectionery,30__2,30,2.0,8. p75_trade_value,8680.0,17000.0,O:HSY241220C00180000,HSY,C,180.0,2024-12-20,209,0,316,1.43,1732901108953000000,85,12155.0,2024-11-29,3000.0,30,True,Automatic Execution,Consumer Staples,Food - Confectionery,173.93,176.48,173.42,176.13,205,4.084754963179354,20,3,1,0,0,0
HSY,Consumer Staples,Food - Confectionery,30__2,30,2.0,7. p90_trade_value,17160.0,29920.0,O:HSY241220C00180000,HSY,C,180.0,2024-12-20,209,0,323,1.45,1732901108989000000,156,22620.0,2024-11-29,3000.0,30,True,Automatic Execution,Consumer Staples,Food - Confectionery,173.93,176.48,173.42,176.13,103,4.354492600589436,20,2,1,0,0,0
HSY,Consumer Staples,Food - Confectionery,30__2,30,2.0,7. p90_trade_value,17160.0,29920.0,O:HSY241220C00182500,HSY,C,182.5,2024-12-20,209,0,316,2.0,1732902788801000000,127,25400.0,2024-11-29,3000.0,30,True,Automatic Execution,Consumer Staples,Food - Confectionery,173.93,176.48,173.42,176.13,88,4.4048337166199385,20,2,1,0,0,0
HSY,Consumer Staples,Food - Confectionery,30__2,30,2.0,7. p90_trade_value,17160.0,29920.0,O:HSY241220C00182500,HSY,C,182.5,2024-12-20,209,0,316,2.05,1732902978687000000,124,25420.0,2024-11-29,3000.0,30,True,Automatic Execution,Consumer Staples,Food - Confectionery,173.93,176.48,173.42,176.13,87,4.40517554621799,20,2,1,0,0,0
HSY,Consumer Staples,Food - Confectionery,30__2,30,2.0,8. p75_trade_value,8680.0,17000.0,O:HSY241220C00185000,HSY,C,185.0,2024-12-20,209,0,316,0.8,1732902231987000000,122,9760.0,2024-11-29,3000.0,30,True,Automatic Execution,Consumer Staples,Food - Confectionery,173.93,176.48,173.42,176.13,294,3.9894498176666917,20,5,1,0,0,0
HSY,Consumer Staples,Food - Confectionery,30__2,30,2.0,8. p75_trade_value,8680.0,17000.0,O:HSY241220C00187500,HSY,C,187.5,2024-12-20,209,0,316,0.95,1732902683602000000,95,9025.0,2024-11-29,3000.0,30,True,Automatic Execution,Consumer Staples,Food - Confectionery,173.93,176.48,173.42,176.13,338,3.9554472105776957,20,5,1,0,0,0
HSY,Consumer Staples,Food - Confectionery,30__2,30,2.0,8. p75_trade_value,8680.0,17000.0,O:HSY241220C00190000,HSY,C,190.0,2024-12-20,209,0,300,0.65,1732902668960000000,200,13000.0,2024-11-29,3000.0,30,True,Automatic Execution,Consumer Staples,Food - Confectionery,173.93,176.48,173.42,176.13,191,4.113943352306837,20,3,1,0,0,0
HSY,Consumer Staples,Food - Confectionery,30__2,30,2.0,8. p75_trade_value,8680.0,17000.0,O:HSY241220C00190000,HSY,C,190.0,2024-12-20,227,0,323,0.55,1732902654833000000,300,16500.0,2024-11-29,3000.0,30,True,Single Leg Auction Non ISO,Consumer Staples,Food - Confectionery,173.93,176.48,173.42,176.13,146,4.217483944213907,20,3,1,0,0,0
HSY,Consumer Staples,Food - Confectionery,30__2,30,2.0,7. p90_trade_value,17160.0,29920.0,O:HSY241227C00180000,HSY,C,180.0,2024-12-27,209,0,316,3.2,1732902786304000000,64,20480.0,2024-11-29,3000.0,30,True,Automatic Execution,Consumer Staples,Food - Confectionery,173.93,176.48,173.42,176.13,115,4.311329952303793,20,2,1,0,0,0
HSY,Consumer Staples,Food - Confectionery,30__2,30,2.0,6. p95_trade_value,30000.0,122500.0,O:HSY241227C00180000,HSY,C,180.0,2024-12-27,209,0,316,3.2,1732902981450000000,100,32000.0,2024-11-29,3000.0,30,True,Automatic Execution,Consumer Staples,Food - Confectionery,173.93,176.48,173.42,176.13,67,4.505149978319906,20,1,1,0,0,0
HSY,Consumer Staples,Food - Confectionery,30__2,30,2.0,6. p95_trade_value,30000.0,122500.0,O:HSY241227C00180000,HSY,C,180.0,2024-12-27,209,0,316,3.3,1732903052361000000,100,33000.0,2024-11-29,3000.0,30,True,Automatic Execution,Consumer Staples,Food - Confectionery,173.93,176.48,173.42,176.13,64,4.518513939877887,20,1,1,0,0,0
HSY,Consumer Staples,Food - Confectionery,30__2,30,2.0,6. p95_trade_value,30000.0,122500.0,O:HSY241227C00180000,HSY,C,180.0,2024-12-27,209,0,316,3.2,1732902942544000000,100,32000.0,2024-11-29,3000.0,30,True,Automatic Execution,Consumer Staples,Food - Confectionery,173.93,176.48,173.42,176.13,68,4.505149978319906,20,1,1,0,0,0
HSY,Consumer Staples,Food - Confectionery,30__2,30,2.0,8. p75_trade_value,8680.0,17000.0,O:HSY241227C00185000,HSY,C,185.0,2024-12-27,209,0,316,1.65,1732902786304000000,68,11219.999999999998,2024-11-29,3000.0,30,True,Automatic Execution,Consumer Staples,Food - Confectionery,173.93,176.48,173.42,176.13,230,4.049992856920142,20,4,1,0,0,0
HSY,Consumer Staples,Food - Confectionery,30__2,30,2.0,8. p75_trade_value,8680.0,17000.0,O:HSY241213C00180000,HSY,C,180.0,2024-12-13,209,0,319,2.4,1733171751935000000,47,11280.0,2024-12-02,3000.0,30,True,Automatic Execution,Consumer Staples,Food - Confectionery,176.13,178.58,174.13,177.82,228,4.052309099647323,20,4,1,1,1,0
HSY,Consumer Staples,Food - Confectionery,30__2,30,2.0,8. p75_trade_value,8680.0,17000.0,O:HSY241213C00180000,HSY,C,180.0,2024-12-13,209,0,302,2.5,1733171970525000000,35,8750.0,2024-12-02,3000.0,30,True,Automatic Execution,Consumer Staples,Food - Confectionery,176.13,178.58,174.13,177.82,354,3.942008053022313,20,5,1,1,1,0
HSY,Consumer Staples,Food - Confectionery,30__2,30,2.0,8. p75_trade_value,8680.0,17000.0,O:HSY241213C00180000,HSY,C,180.0,2024-12-13,219,0,316,2.65,1733172576684000000,41,10865.0,2024-12-02,3000.0,30,True,Intermarket Sweep Order,Consumer Staples,Food - Confectionery,176.13,178.58,174.13,177.82,244,4.036029730656543,20,4,1,1,1,0
HSY,Consumer Staples,Food - Confectionery,30__2,30,2.0,7. p90_trade_value,17160.0,29920.0,O:HSY241213C00185000,HSY,C,185.0,2024-12-13,209,0,303,1.0,1733171100289000000,249,24900.0,2024-12-02,3000.0,30,True,Automatic Execution,Consumer Staples,Food - Confectionery,176.13,178.58,174.13,177.82,90,4.396199347095736,20,2,1,0,0,0
HSY,Consumer Staples,Food - Confectionery,30__2,30,2.0,7. p90_trade_value,17160.0,29920.0,O:HSY241220C00180000,HSY,C,180.0,2024-12-20,209,0,303,2.4,1733150377765000000,100,24000.0,2024-12-02,3000.0,30,True,Automatic Execution,Consumer Staples,Food - Confectionery,176.13,178.58,174.13,177.82,94,4.380211241711606,20,2,1,0,0,0
HSY,Consumer Staples,Food - Confectionery,30__2,30,2.0,8. p75_trade_value,8680.0,17000.0,O:HSY241220C00180000,HSY,C,180.0,2024-12-20,209,0,308,2.7,1733151479413000000,36,9720.0,2024-12-02,3000.0,30,True,Automatic Execution,Consumer Staples,Food - Confectionery,176.13,178.58,174.13,177.82,295,3.9876662649262746,20,5,1,0,0,0
HSY,Consumer Staples,Food - Confectionery,30__2,30,2.0,8. p75_trade_value,8680.0,17000.0,O:HSY241220C00180000,HSY,C,180.0,2024-12-20,209,0,316,2.42,1733150909970000000,50,12100.0,2024-12-02,3000.0,30,True,Automatic Execution,Consumer Staples,Food - Confectionery,176.13,178.58,174.13,177.82,206,4.08278537031645,20,3,1,0,0,0
HSY,Consumer Staples,Food - Confectionery,30__2,30,2.0,8. p75_trade_value,8680.0,17000.0,O:HSY241220C00180000,HSY,C,180.0,2024-12-20,209,0,322,2.2,1733150029823000000,50,11000.000000000002,2024-12-02,3000.0,30,True,Automatic Execution,Consumer Staples,Food - Confectionery,176.13,178.58,174.13,177.82,238,4.041392685158225,20,4,1,0,0,0
HSY,Consumer Staples,Food - Confectionery,30__2,30,2.0,7. p90_trade_value,17160.0,29920.0,O:HSY241220C00180000,HSY,C,180.0,2024-12-20,209,0,319,3.0,1733155903818000000,99,29700.0,2024-12-02,3000.0,30,True,Automatic Execution,Consumer Staples,Food - Confectionery,176.13,178.58,174.13,177.82,76,4.472756449317212,20,2,1,0,0,0
HSY,Consumer Staples,Food - Confectionery,30__2,30,2.0,7. p90_trade_value,17160.0,29920.0,O:HSY241220C00180000,HSY,C,180.0,2024-12-20,209,0,308,2.7,1733151479413000000,64,17280.0,2024-12-02,3000.0,30,True,Automatic Execution,Consumer Staples,Food - Confectionery,176.13,178.58,174.13,177.82,140,4.237543738142874,20,2,1,0,0,0
HSY,Consumer Staples,Food - Confectionery,30__2,30,2.0,7. p90_trade_value,17160.0,29920.0,O:HSY241220C00180000,HSY,C,180.0,2024-12-20,209,0,308,2.2,1733149961342000000,100,22000.000000000004,2024-12-02,3000.0,30,True,Automatic Execution,Consumer Staples,Food - Confectionery,176.13,178.58,174.13,177.82,109,4.342422680822207,20,2,1,0,0,0
HSY,Consumer Staples,Food - Confectionery,30__2,30,2.0,6. p95_trade_value,30000.0,122500.0,O:HSY241220C00185000,HSY,C,185.0,2024-12-20,209,0,319,1.65,1733171229795000000,225,37125.0,2024-12-02,3000.0,30,True,Automatic Execution,Consumer Staples,Food - Confectionery,176.13,178.58,174.13,177.82,57,4.5696664623252685,20,1,1,0,0,0
HSY,Consumer Staples,Food - Confectionery,30__2,30,2.0,8. p75_trade_value,8680.0,17000.0,O:HSY241220C00185000,HSY,C,185.0,2024-12-20,227,0,323,1.75,1733171874340000000,59,10325.0,2024-12-02,3000.0,30,True,Single Leg Auction Non ISO,Consumer Staples,Food - Confectionery,176.13,178.58,174.13,177.82,275,4.013890060328438,20,4,1,0,0,0
HSY,Consumer Staples,Food - Confectionery,30__2,30,2.0,7. p90_trade_value,17160.0,29920.0,O:HSY241227C00185000,HSY,C,185.0,2024-12-27,209,0,316,1.7,1733170163779000000,146,24820.0,2024-12-02,3000.0,30,True,Automatic Execution,Consumer Staples,Food - Confectionery,176.13,178.58,174.13,177.82,91,4.394801777162711,20,2,1,0,0,0
HSY,Consumer Staples,Food - Confectionery,30__2,30,2.0,8. p75_trade_value,8680.0,17000.0,O:HSY241206C00182500,HSY,C,182.5,2024-12-06,209,0,302,1.05,1733236345100000000,95,9975.0,2024-12-03,3000.0,30,True,Automatic Execution,Consumer Staples,Food - Confectionery,177.34,181.82,176.22,179.48,287,3.998912904358786,20,5,1,0,0,0
HSY,Consumer Staples,Food - Confectionery,30__2,30,2.0,7. p90_trade_value,17160.0,29920.0,O:HSY241206C00185000,HSY,C,185.0,2024-12-06,209,0,320,1.85,1733246131795000000,119,22015.0,2024-12-03,3000.0,30,True,Automatic Execution,Consumer Staples,Food - Confectionery,177.34,181.82,176.22,179.48,108,4.342718689795545,20,2,1,0,0,0
HSY,Consumer Staples,Food - Confectionery,30__2,30,2.0,6. p95_trade_value,30000.0,122500.0,O:HSY241206C00185000,HSY,C,185.0,2024-12-06,231,0,301,2.0,1733246169801000000,377,75400.0,2024-12-03,3000.0,30,True,Single Leg Floor Trade,Consumer Staples,Food - Confectionery,177.34,181.82,176.22,179.48,30,4.877371345869774,20,1,1,0,0,0
HSY,Consumer Staples,Food - Confectionery,30__2,30,2.0,7. p90_trade_value,17160.0,29920.0,O:HSY241206C00190000,HSY,C,190.0,2024-12-06,209,0,308,0.4,1733238517653000000,587,23480.0,2024-12-03,3000.0,30,True,Automatic Execution,Consumer Staples,Food - Confectionery,177.34,181.82,176.22,179.48,98,4.3706980925755765,20,2,0,0,0,1
HSY,Consumer Staples,Food - Confectionery,30__2,30,2.0,7. p90_trade_value,17160.0,29920.0,O:HSY241206C00190000,HSY,C,190.0,2024-12-06,209,0,320,0.85,1733250583550000000,223,18955.0,2024-12-03,3000.0,30,True,Automatic Execution,Consumer Staples,Food - Confectionery,177.34,181.82,176.22,179.48,124,4.2777237887624535,20,2,0,0,0,1
HSY,Consumer Staples,Food - Confectionery,30__2,30,2.0,8. p75_trade_value,8680.0,17000.0,O:HSY241206C00190000,HSY,C,190.0,2024-12-06,209,0,325,0.95,1733244802643000000,100,9500.0,2024-12-03,3000.0,30,True,Automatic Execution,Consumer Staples,Food - Confectionery,177.34,181.82,176.22,179.48,316,3.9777236052888476,20,5,0,0,0,1
HSY,Consumer Staples,Food - Confectionery,30__2,30,2.0,8. p75_trade_value,8680.0,17000.0,O:HSY241206C00190000,HSY,C,190.0,2024-12-06,209,0,303,0.4,1733240194044000000,300,12000.0,2024-12-03,3000.0,30,True,Automatic Execution,Consumer Staples,Food - Confectionery,177.34,181.82,176.22,179.48,212,4.079181246047625,20,3,0,0,0,1
HSY,Consumer Staples,Food - Confectionery,30__2,30,2.0,6. p95_trade_value,30000.0,122500.0,O:HSY241213C00185000,HSY,C,185.0,2024-12-13,209,0,307,1.95,1733238429742000000,192,37440.0,2024-12-03,3000.0,30,True,Automatic Execution,Consumer Staples,Food - Confectionery,177.34,181.82,176.22,179.48,54,4.5733358400660675,20,1,1,0,0,0
HSY,Consumer Staples,Food - Confectionery,30__2,30,2.0,8. p75_trade_value,8680.0,17000.0,O:HSY241213C00190000,HSY,C,190.0,2024-12-13,209,0,319,1.3,1733249459142000000,99,12870.000000000002,2024-12-03,3000.0,30,True,Automatic Execution,Consumer Staples,Food - Confectionery,177.34,181.82,176.22,179.48,193,4.109578546904387,20,3,1,0,0,0
HSY,Consumer Staples,Food - Confectionery,30__2,30,2.0,7. p90_trade_value,17160.0,29920.0,O:HSY241220C00185000,HSY,C,185.0,2024-12-20,209,0,319,3.0,1733244554466000000,98,29400.0,2024-12-03,3000.0,30,True,Automatic Execution,Consumer Staples,Food - Confectionery,177.34,181.82,176.22,179.48,77,4.468347330412158,20,2,1,0,0,0
HSY,Consumer Staples,Food - Confectionery,30__2,30,2.0,6. p95_trade_value,30000.0,122500.0,O:HSY241220C00190000,HSY,C,190.0,2024-12-20,231,0,301,1.4,1733237910800000000,250,35000.0,2024-12-03,3000.0,30,True,Single Leg Floor Trade,Consumer Staples,Food - Confectionery,177.34,181.82,176.22,179.48,61,4.544068044350276,20,1,1,0,0,0
HSY,Consumer Staples,Food - Confectionery,30__2,30,2.0,8. p75_trade_value,8680.0,17000.0,O:HSY241220C00190000,HSY,C,190.0,2024-12-20,227,0,323,1.42,1733239713351000000,100,14200.0,2024-12-03,3000.0,30,True,Single Leg Auction Non ISO,Consumer Staples,Food - Confectionery,177.34,181.82,176.22,179.48,171,4.152288344383057,20,3,1,0,0,0
HSY,Consumer Staples,Food - Confectionery,30__2,30,2.0,8. p75_trade_value,8680.0,17000.0,O:HSY241220C00190000,HSY,C,190.0,2024-12-20,209,0,308,0.9,1733236329448000000,149,13410.0,2024-12-03,3000.0,30,True,Automatic Execution,Consumer Staples,Food - Confectionery,177.34,181.82,176.22,179.48,183,4.127428777851599,20,3,1,0,0,0
HSY,Consumer Staples,Food - Confectionery,30__2,30,2.0,6. p95_trade_value,30000.0,122500.0,O:HSY241220C00190000,HSY,C,190.0,2024-12-20,209,0,319,1.4,1733237876585000000,250,35000.0,2024-12-03,3000.0,30,True,Automatic Execution,Consumer Staples,Food - Confectionery,177.34,181.82,176.22,179.48,62,4.544068044350276,20,1,1,0,0,0
HSY,Consumer Staples,Food - Confectionery,30__2,30,2.0,8. p75_trade_value,8680.0,17000.0,O:HSY241220C00200000,HSY,C,200.0,2024-12-20,209,0,303,0.6,1733245308493000000,150,9000.0,2024-12-03,3000.0,30,True,Automatic Execution,Consumer Staples,Food - Confectionery,177.34,181.82,176.22,179.48,345,3.9542425094393248,20,5,1,0,0,0
HSY,Consumer Staples,Food - Confectionery,30__2,30,2.0,6. p95_trade_value,30000.0,122500.0,O:HSY241213C00190000,HSY,C,190.0,2024-12-13,209,0,308,1.25,1733322764611000000,250,31250.0,2024-12-04,3000.0,30,True,Automatic Execution,Consumer Staples,Food - Confectionery,178.44,185.0,174.35,177.87,70,4.494850021680094,20,1,1,0,0,0
HSY,Consumer Staples,Food - Confectionery,30__2,30,2.0,6. p95_trade_value,30000.0,122500.0,O:HSY241220C00187500,HSY,C,187.5,2024-12-20,209,0,308,1.55,1733341774341000000,247,38285.0,2024-12-04,3000.0,30,True,Automatic Execution,Consumer Staples,Food - Confectionery,178.44,185.0,174.35,177.87,51,4.583028651429958,20,1,1,0,0,0
HSY,Consumer Staples,Food - Confectionery,30__2,30,2.0,8. p75_trade_value,8680.0,17000.0,O:HSY241220C00190000,HSY,C,190.0,2024-12-20,209,0,303,2.3,1733340269690000000,54,12419.999999999998,2024-12-04,3000.0,30,True,Automatic Execution,Consumer Staples,Food - Confectionery,178.44,185.0,174.35,177.87,200,4.094121595840561,20,3,1,0,0,0
HSY,Consumer Staples,Food - Confectionery,30__2,30,2.0,7. p90_trade_value,17160.0,29920.0,O:HSY241220C00190000,HSY,C,190.0,2024-12-20,209,0,303,2.3,1733340269691000000,96,22080.0,2024-12-04,3000.0,30,True,Automatic Execution,Consumer Staples,Food - Confectionery,178.44,185.0,174.35,177.87,107,4.343999069057161,20,2,1,0,0,0
HSY,Consumer Staples,Food - Confectionery,30__2,30,2.0,7. p90_trade_value,17160.0,29920.0,O:HSY241213C00180000,HSY,C,180.0,2024-12-13,209,0,300,1.25,1733413051469000000,153,19125.0,2024-12-05,3000.0,30,True,Automatic Execution,Consumer Staples,Food - Confectionery,177.28,177.33,173.05,174.5,122,4.2816014438256556,20,2,1,1,1,0
HSY,Consumer Staples,Food - Confectionery,30__2,30,2.0,7. p90_trade_value,17160.0,29920.0,O:HSY241220C00180000,HSY,C,180.0,2024-12-20,209,0,303,1.85,1733427112728000000,100,18500.0,2024-12-05,3000.0,30,True,Automatic Execution,Consumer Staples,Food - Confectionery,177.28,177.33,173.05,174.5,127,4.267171728403014,20,2,1,0,0,0
HSY,Consumer Staples,Food - Confectionery,30__2,30,2.0,7. p90_trade_value,17160.0,29920.0,O:HSY241220C00180000,HSY,C,180.0,2024-12-20,209,0,313,2.05,1733415498371000000,95,19474.999999999996,2024-12-05,3000.0,30,True,Automatic Execution,Consumer Staples,Food - Confectionery,177.28,177.33,173.05,174.5,121,4.289477466344602,20,2,1,0,0,0
HSY,Consumer Staples,Food - Confectionery,30__2,30,2.0,8. p75_trade_value,8680.0,17000.0,O:HSY241220C00182500,HSY,C,182.5,2024-12-20,209,0,308,1.7,1733410936054000000,86,14619.999999999998,2024-12-05,3000.0,30,True,Automatic Execution,Consumer Staples,Food - Confectionery,177.28,177.33,173.05,174.5,165,4.164947372621842,20,3,1,0,0,0
HSY,Consumer Staples,Food - Confectionery,30__2,30,2.0,8. p75_trade_value,8680.0,17000.0,O:HSY241220C00182500,HSY,C,182.5,2024-12-20,209,0,308,2.1,1733409364138000000,60,12600.0,2024-12-05,3000.0,30,True,Automatic Execution,Consumer Staples,Food - Confectionery,177.28,177.33,173.05,174.5,197,4.1003705451175625,20,3,1,0,0,0
HSY,Consumer Staples,Food - Confectionery,30__2,30,2.0,8. p75_trade_value,8680.0,17000.0,O:HSY241220C00182500,HSY,C,182.5,2024-12-20,209,0,308,2.0,1733410089614000000,56,11200.0,2024-12-05,3000.0,30,True,Automatic Execution,Consumer Staples,Food - Confectionery,177.28,177.33,173.05,174.5,233,4.049218022670182,20,4,1,0,0,0
HSY,Consumer Staples,Food - Confectionery,30__2,30,2.0,5. p99_trade_value,127500.0,235000.0,O:HSY241220P00170000,HSY,P,170.0,2024-12-20,241,0,323,1.9,1733410714393000000,1000,190000.0,2024-12-05,3000.0,30,True,Stock Options Cross,Consumer Staples,Food - Confectionery,177.28,177.33,173.05,174.5,8,5.278753600952829,20,1,1,1,0,0
HSY,Consumer Staples,Food - Confectionery,30__2,30,2.0,8. p75_trade_value,8680.0,17000.0,O:HSY241220C00177500,HSY,C,177.5,2024-12-20,209,0,313,3.9,1733501607457000000,24,9360.0,2024-12-06,3000.0,30,True,Automatic Execution,Consumer Staples,Food - Confectionery,175.4,177.02,173.78,174.7,326,3.971275848738105,20,5,1,0,0,0
HSY,Consumer Staples,Food - Confectionery,30__2,30,2.0,7. p90_trade_value,17160.0,29920.0,O:HSY241220C00180000,HSY,C,180.0,2024-12-20,227,0,309,2.43,1733511772288000000,76,18468.0,2024-12-06,3000.0,30,True,Single Leg Auction Non ISO,Consumer Staples,Food - Confectionery,175.4,177.02,173.78,174.7,128,4.2664198658791035,20,2,1,0,0,0
HSY,Consumer Staples,Food - Confectionery,30__2,30,2.0,8. p75_trade_value,8680.0,17000.0,O:HSY241220C00180000,HSY,C,180.0,2024-12-20,209,0,320,3.1,1733501600326000000,30,9300.0,2024-12-06,3000.0,30,True,Automatic Execution,Consumer Staples,Food - Confectionery,175.4,177.02,173.78,174.7,327,3.9684829485539352,20,5,1,0,0,0
HSY,Consumer Staples,Food - Confectionery,30__2,30,2.0,5. p99_trade_value,127500.0,235000.0,O:HSY241220C00185000,HSY,C,185.0,2024-12-20,235,0,301,2.5,1733946349342000000,750,187500.0,2024-12-11,3000.0,30,True,Multi Leg floor trade,Consumer Staples,Food - Confectionery,178.65,183.21,174.28,177.0,9,5.273001272063738,20,1,0,0,0,1
HSY,Consumer Staples,Food - Confectionery,30__2,30,2.0,8. p75_trade_value,8680.0,17000.0,O:HSY241220C00192500,HSY,C,192.5,2024-12-20,235,0,301,0.2,1733946349343000000,625,12500.0,2024-12-11,3000.0,30,True,Multi Leg floor trade,Consumer Staples,Food - Confectionery,178.65,183.21,174.28,177.0,199,4.096910013008056,20,3,0,0,0,1
HSY,Consumer Staples,Food - Confectionery,30__2,30,2.0,8. p75_trade_value,8680.0,17000.0,O:HSY241220C00185000,HSY,C,185.0,2024-12-20,219,0,325,3.6,1734035952910000000,32,11520.0,2024-12-12,3000.0,30,True,Intermarket Sweep Order,Consumer Staples,Food - Confectionery,175.88,184.52,175.75,183.95,221,4.061452479087193,20,4,0,0,0,1
HSY,Consumer Staples,Food - Confectionery,30__2,30,2.0,6. p95_trade_value,30000.0,122500.0,O:HSY241220C00185000,HSY,C,185.0,2024-12-20,231,0,302,1.6,1734025964793000000,360,57600.0,2024-12-12,3000.0,30,True,Single Leg Floor Trade,Consumer Staples,Food - Confectionery,175.88,184.52,175.75,183.95,37,4.760422483423212,20,1,0,0,0,1
HSY,Consumer Staples,Food - Confectionery,30__2,30,2.0,7. p90_trade_value,17160.0,29920.0,O:HSY241220C00185000,HSY,C,185.0,2024-12-20,227,0,309,3.47,1734035953167000000,61,21167.0,2024-12-12,3000.0,30,True,Single Leg Auction Non ISO,Consumer Staples,Food - Confectionery,175.88,184.52,175.75,183.95,111,4.325659309801641,20,2,0,0,0,1
HSY,Consumer Staples,Food - Confectionery,30__2,30,2.0,7. p90_trade_value,17160.0,29920.0,O:HSY241220C00185000,HSY,C,185.0,2024-12-20,227,0,309,3.56,1734035953010000000,58,20648.0,2024-12-12,3000.0,30,True,Single Leg Auction Non ISO,Consumer Staples,Food - Confectionery,175.88,184.52,175.75,183.95,113,4.314877991535813,20,2,0,0,0,1
HSY,Consumer Staples,Food - Confectionery,30__2,30,2.0,8. p75_trade_value,8680.0,17000.0,O:HSY241220C00185000,HSY,C,185.0,2024-12-20,219,0,313,3.6,1734035953171000000,26,9360.0,2024-12-12,3000.0,30,True,Intermarket Sweep Order,Consumer Staples,Food - Confectionery,175.88,184.52,175.75,183.95,322,3.971275848738105,20,5,0,0,0,1
HSY,Consumer Staples,Food - Confectionery,30__2,30,2.0,8. p75_trade_value,8680.0,17000.0,O:HSY241220C00185000,HSY,C,185.0,2024-12-20,209,0,315,3.6,1734035952909000000,29,10440.0,2024-12-12,3000.0,30,True,Automatic Execution,Consumer Staples,Food - Confectionery,175.88,184.52,175.75,183.95,271,4.018700498666243,20,4,0,0,0,1
HSY,Consumer Staples,Food - Confectionery,30__2,30,2.0,8. p75_trade_value,8680.0,17000.0,O:HSY241220C00185000,HSY,C,185.0,2024-12-20,227,0,301,3.47,1734035953255000000,46,15962.0,2024-12-12,3000.0,30,True,Single Leg Auction Non ISO,Consumer Staples,Food - Confectionery,175.88,184.52,175.75,183.95,152,4.203087306472447,20,3,0,0,0,1
HSY,Consumer Staples,Food - Confectionery,30__2,30,2.0,8. p75_trade_value,8680.0,17000.0,O:HSY241220C00185000,HSY,C,185.0,2024-12-20,227,0,323,3.57,1734035960499000000,26,9282.0,2024-12-12,3000.0,30,True,Single Leg Auction Non ISO,Consumer Staples,Food - Confectionery,175.88,184.52,175.75,183.95,328,3.967641564083011,20,5,0,0,0,1
HSY,Consumer Staples,Food - Confectionery,30__2,30,2.0,8. p75_trade_value,8680.0,17000.0,O:HSY241220C00185000,HSY,C,185.0,2024-12-20,227,0,301,3.49,1734036216396000000,46,16054.000000000002,2024-12-12,3000.0,30,True,Single Leg Auction Non ISO,Consumer Staples,Food - Confectionery,175.88,184.52,175.75,183.95,148,4.205583258640754,20,3,0,0,0,1
HSY,Consumer Staples,Food - Confectionery,30__2,30,2.0,8. p75_trade_value,8680.0,17000.0,O:HSY241220C00185000,HSY,C,185.0,2024-12-20,209,0,316,1.85,1734020961729000000,54,9990.0,2024-12-12,3000.0,30,True,Automatic Execution,Consumer Staples,Food - Confectionery,175.88,184.52,175.75,183.95,285,3.9995654882259823,20,4,0,0,0,1
HSY,Consumer Staples,Food - Confectionery,30__2,30,2.0,8. p75_trade_value,8680.0,17000.0,O:HSY241220C00185000,HSY,C,185.0,2024-12-20,227,0,309,3.37,1734035953010000000,34,11458.0,2024-12-12,3000.0,30,True,Single Leg Auction Non ISO,Consumer Staples,Food - Confectionery,175.88,184.52,175.75,183.95,224,4.059108817913594,20,4,0,0,0,1
HSY,Consumer Staples,Food - Confectionery,30__2,30,2.0,7. p90_trade_value,17160.0,29920.0,O:HSY250103C00185000,HSY,C,185.0,2025-01-03,209,0,300,3.5,1734029810037000000,60,21000.0,2024-12-12,3000.0,30,True,Automatic Execution,Consumer Staples,Food - Confectionery,175.88,184.52,175.75,183.95,112,4.3222192947339195,20,2,0,0,0,1
HSY,Consumer Staples,Food - Confectionery,30__2,30,2.0,8. p75_trade_value,8680.0,17000.0,O:HSY250110C00210000,HSY,C,210.0,2025-01-10,231,0,300,0.45,1734016359465000000,256,11520.0,2024-12-12,3000.0,30,True,Single Leg Floor Trade,Consumer Staples,Food - Confectionery,175.88,184.52,175.75,183.95,222,4.061452479087193,20,4,0,0,0,1
HSY,Consumer Staples,Food - Confectionery,30__2,30,2.0,8. p75_trade_value,8680.0,17000.0,O:HSY241220C00185000,HSY,C,185.0,2024-12-20,209,0,313,2.95,1734104599826000000,30,8850.0,2024-12-13,3000.0,30,True,Automatic Execution,Consumer Staples,Food - Confectionery,183.39,184.43,181.6901,183.1,347,3.9469432706978256,20,5,0,0,0,1
HSY,Consumer Staples,Food - Confectionery,30__2,30,2.0,7. p90_trade_value,17160.0,29920.0,O:HSY241220C00185000,HSY,C,185.0,2024-12-20,209,0,308,2.4,1734359425495000000,120,28800.0,2024-12-16,3000.0,30,True,Automatic Execution,Consumer Staples,Food - Confectionery,182.1,184.02,177.25,178.2,79,4.459392487759231,20,2,0,0,0,1
HSY,Consumer Staples,Food - Confectionery,30__2,30,2.0,8. p75_trade_value,8680.0,17000.0,O:HSY241220C00185000,HSY,C,185.0,2024-12-20,209,0,325,1.25,1734371449541000000,120,15000.0,2024-12-16,3000.0,30,True,Automatic Execution,Consumer Staples,Food - Confectionery,182.1,184.02,177.25,178.2,161,4.176091259055681,20,3,0,0,0,1
HSY,Consumer Staples,Food - Confectionery,30__2,30,2.0,7. p90_trade_value,17160.0,29920.0,O:HSY250117C00180000,HSY,C,180.0,2025-01-17,209,0,313,3.4,1734547686680000000,88,29920.0,2024-12-18,3000.0,30,True,Automatic Execution,Consumer Staples,Food - Confectionery,175.5,175.5,171.87,172.46,75,4.475961589192424,20,2,0,0,0,1
HSY,Consumer Staples,Food - Confectionery,30__2,30,2.0,6. p95_trade_value,30000.0,122500.0,O:HSY250117C00180000,HSY,C,180.0,2025-01-17,209,0,308,3.5,1734545668773000000,155,54250.0,2024-12-18,3000.0,30,True,Automatic Execution,Consumer Staples,Food - Confectionery,175.5,175.5,171.87,172.46,43,4.7343997425205675,20,1,0,0,0,1
HSY,Consumer Staples,Food - Confectionery,30__2,30,2.0,7. p90_trade_value,17160.0,29920.0,O:HSY250117C00180000,HSY,C,180.0,2025-01-17,209,0,308,3.5,1734545665673000000,51,17850.0,2024-12-18,3000.0,30,True,Automatic Execution,Consumer Staples,Food - Confectionery,175.5,175.5,171.87,172.46,135,4.251638220448212,20,2,0,0,0,1
HSY,Consumer Staples,Food - Confectionery,30__2,30,2.0,8. p75_trade_value,8680.0,17000.0,O:HSY250117C00180000,HSY,C,180.0,2025-01-17,209,0,308,3.5,1734545660172000000,30,10500.0,2024-12-18,3000.0,30,True,Automatic Execution,Consumer Staples,Food - Confectionery,175.5,175.5,171.87,172.46,262,4.021189299069938,20,4,0,0,0,1
HSY,Consumer Staples,Food - Confectionery,30__2,30,2.0,8. p75_trade_value,8680.0,17000.0,O:HSY250117C00180000,HSY,C,180.0,2025-01-17,209,0,308,3.5,1734545660175000000,33,11550.0,2024-12-18,3000.0,30,True,Automatic Execution,Consumer Staples,Food - Confectionery,175.5,175.5,171.87,172.46,220,4.062581984228163,20,4,0,0,0,1
HSY,Consumer Staples,Food - Confectionery,30__2,30,2.0,8. p75_trade_value,8680.0,17000.0,O:HSY250117C00175000,HSY,C,175.0,2025-01-17,209,0,313,3.8,1734635464499000000,33,12540.0,2024-12-19,3000.0,30,True,Automatic Execution,Consumer Staples,Food - Confectionery,171.59,172.44,168.81,168.94,198,4.098297536494697,20,3,0,0,0,1
HSY,Consumer Staples,Food - Confectionery,30__2,30,2.0,7. p90_trade_value,17160.0,29920.0,O:HSY250117C00200000,HSY,C,200.0,2025-01-17,227,0,304,0.95,1734620547781000000,216,20520.0,2024-12-19,3000.0,30,True,Single Leg Auction Non ISO,Consumer Staples,Food - Confectionery,171.59,172.44,168.81,168.94,114,4.312177356439778,20,2,0,0,0,1
HSY,Consumer Staples,Food - Confectionery,30__2,30,2.0,6. p95_trade_value,30000.0,122500.0,O:HSY250117P00165000,HSY,P,165.0,2025-01-17,235,0,300,2.75,1734628935772000000,350,96250.0,2024-12-19,3000.0,30,True,Multi Leg floor trade,Consumer Staples,Food - Confectionery,171.59,172.44,168.81,168.94,24,4.9834007381805385,20,1,1,1,1,0
HSY,Consumer Staples,Food - Confectionery,30__2,30,2.0,7. p90_trade_value,17160.0,29920.0,O:HSY250117C00190000,HSY,C,190.0,2025-01-17,209,0,320,1.2,1734707809496000000,155,18600.0,2024-12-20,3000.0,30,True,Automatic Execution,Consumer Staples,Food - Confectionery,169.21,172.04,168.585,170.26,125,4.269512944217916,20,2,0,0,0,1
HSY,Consumer Staples,Food - Confectionery,30__2,30,2.0,8. p75_trade_value,8680.0,17000.0,O:HSY250117C00200000,HSY,C,200.0,2025-01-17,231,0,300,0.85,1734718348638000000,150,12750.0,2024-12-20,3000.0,30,True,Single Leg Floor Trade,Consumer Staples,Food - Confectionery,169.21,172.04,168.585,170.26,195,4.105510184769974,20,3,0,0,0,1
HSY,Consumer Staples,Food - Confectionery,30__2,30,2.0,7. p90_trade_value,17160.0,29920.0,O:HSY250117C00175000,HSY,C,175.0,2025-01-17,209,0,308,2.0,1734970450492000000,113,22600.0,2024-12-23,3000.0,30,True,Automatic Execution,Consumer Staples,Food - Confectionery,169.3,170.21,166.69,169.0,104,4.354108439147401,20,2,0,0,0,1
HSY,Consumer Staples,Food - Confectionery,30__2,30,2.0,6. p95_trade_value,30000.0,122500.0,O:HSY250117C00175000,HSY,C,175.0,2025-01-17,209,0,308,2.0,1734970450492000000,150,30000.0,2024-12-23,3000.0,30,True,Automatic Execution,Consumer Staples,Food - Confectionery,169.3,170.21,166.69,169.0,72,4.477121254719663,20,1,0,0,0,1
HSY,Consumer Staples,Food - Confectionery,30__2,30,2.0,8. p75_trade_value,8680.0,17000.0,O:HSY250117C00175000,HSY,C,175.0,2025-01-17,209,0,320,2.05,1735233523336000000,51,10455.0,2024-12-26,3000.0,30,True,Automatic Execution,Consumer Staples,Food - Confectionery,169.6,172.2732,169.0,170.18,263,4.019324037153691,20,4,0,0,0,1
HSY,Consumer Staples,Food - Confectionery,30__2,30,2.0,8. p75_trade_value,8680.0,17000.0,O:HSY250124C00175000,HSY,C,175.0,2025-01-24,232,0,308,2.7,1735230847828000000,35,9450.0,2024-12-26,3000.0,30,True,Multi Leg auto-electronic trade,Consumer Staples,Food - Confectionery,169.6,172.2732,169.0,170.18,318,3.975431808509263,20,5,0,0,0,1
HSY,Consumer Staples,Food - Confectionery,30__2,30,2.0,8. p75_trade_value,8680.0,17000.0,O:HSY250117P00165000,HSY,P,165.0,2025-01-17,209,0,320,1.4,1735591912847000000,88,12319.999999999998,2024-12-30,3000.0,30,True,Automatic Execution,Consumer Staples,Food - Confectionery,171.62,171.86,167.52,168.67,201,4.090610707828406,20,3,1,1,1,0
HSY,Consumer Staples,Food - Confectionery,30__2,30,2.0,8. p75_trade_value,8680.0,17000.0,O:HSY250117P00165000,HSY,P,165.0,2025-01-17,209,0,323,1.85,1735662544254000000,60,11100.0,2024-12-31,3000.0,30,True,Automatic Execution,Consumer Staples,Food - Confectionery,168.77,169.9,167.49,169.35,235,4.045322978786658,20,4,1,1,1,0
HSY,Consumer Staples,Food - Confectionery,30__2,30,2.0,8. p75_trade_value,8680.0,17000.0,O:HSY250117P00165000,HSY,P,165.0,2025-01-17,209,0,323,1.8,1735662532929000000,50,9000.0,2024-12-31,3000.0,30,True,Automatic Execution,Consumer Staples,Food - Confectionery,168.77,169.9,167.49,169.35,343,3.9542425094393248,20,5,1,1,1,0
HSY,Consumer Staples,Food - Confectionery,30__2,30,2.0,8. p75_trade_value,8680.0,17000.0,O:HSY250117P00165000,HSY,P,165.0,2025-01-17,209,0,301,1.9,1735662699300000000,50,9500.0,2024-12-31,3000.0,30,True,Automatic Execution,Consumer Staples,Food - Confectionery,168.77,169.9,167.49,169.35,315,3.9777236052888476,20,5,1,1,1,0
HSY,Consumer Staples,Food - Confectionery,30__2,30,2.0,8. p75_trade_value,8680.0,17000.0,O:HSY250117P00165000,HSY,P,165.0,2025-01-17,209,0,301,1.85,1735662544257000000,50,9250.0,2024-12-31,3000.0,30,True,Automatic Execution,Consumer Staples,Food - Confectionery,168.77,169.9,167.49,169.35,330,3.9661417327390325,20,5,1,1,1,0
HSY,Consumer Staples,Food - Confectionery,30__2,30,2.0,6. p95_trade_value,30000.0,122500.0,O:HSY250117C00180000,HSY,C,180.0,2025-01-17,241,0,323,0.55,1735835395785000000,1620,89100.00000000001,2025-01-02,3000.0,30,True,Stock Options Cross,Consumer Staples,Food - Confectionery,171.2,171.28,167.6301,168.79,26,4.949877704036875,20,1,0,0,0,1
HSY,Consumer Staples,Food - Confectionery,30__2,30,2.0,6. p95_trade_value,30000.0,122500.0,O:HSY250117C00180000,HSY,C,180.0,2025-01-17,241,0,323,0.55,1735923506689000000,1000,55000.0,2025-01-03,3000.0,30,True,Stock Options Cross,Consumer Staples,Food - Confectionery,169.03,170.4,167.95,169.03,42,4.740362689494244,20,1,0,0,0,1
HSY,Consumer Staples,Food - Confectionery,30__2,30,2.0,8. p75_trade_value,8680.0,17000.0,O:HSY250117P00155000,HSY,P,155.0,2025-01-17,209,0,302,1.0,1736539284639000000,150,15000.0,2025-01-10,3000.0,30,True,Automatic Execution,Consumer Staples,Food - Confectionery,162.2,162.9,156.1,158.2,160,4.176091259055681,20,3,1,1,1,0
HSY,Consumer Staples,Food - Confectionery,30__2,30,2.0,8. p75_trade_value,8680.0,17000.0,O:HSY250117P00155000,HSY,P,155.0,2025-01-17,209,0,316,1.0,1736539231364000000,100,10000.0,2025-01-10,3000.0,30,True,Automatic Execution,Consumer Staples,Food - Confectionery,162.2,162.9,156.1,158.2,281,4.0,20,4,1,1,1,0
HSY,Consumer Staples,Food - Confectionery,30__2,30,2.0,8. p75_trade_value,8680.0,17000.0,O:HSY250117P00155000,HSY,P,155.0,2025-01-17,209,0,316,1.15,1736539308274000000,125,14375.0,2025-01-10,3000.0,30,True,Automatic Execution,Consumer Staples,Food - Confectionery,162.2,162.9,156.1,158.2,166,4.157607853361668,20,3,1,1,1,0
HSY,Consumer Staples,Food - Confectionery,30__2,30,2.0,8. p75_trade_value,8680.0,17000.0,O:HSY250131P00155000,HSY,P,155.0,2025-01-31,209,0,316,2.49,1736541481551000000,40,9960.0,2025-01-10,3000.0,30,True,Automatic Execution,Consumer Staples,Food - Confectionery,162.2,162.9,156.1,158.2,288,3.998259338423699,20,5,1,1,1,0
HSY,Consumer Staples,Food - Confectionery,30__2,30,2.0,5. p99_trade_value,127500.0,235000.0,O:HSY250131P00150000,HSY,P,150.0,2025-01-31,235,0,301,2.35,1736973703975000000,1000,235000.0,2025-01-15,3000.0,30,True,Multi Leg floor trade,Consumer Staples,Food - Confectionery,155.31,156.08,150.31,151.75,3,5.371067862271736,20,1,1,1,1,0
HSY,Consumer Staples,Food - Confectionery,30__2,30,2.0,6. p95_trade_value,30000.0,122500.0,O:HSY250131P00150000,HSY,P,150.0,2025-01-31,233,0,323,2.33,1737038314326000000,500,116500.0,2025-01-16,3000.0,30,True,Multi Leg Auction,Consumer Staples,Food - Confectionery,151.0,155.02,150.55,154.02,21,5.066325925362038,20,1,1,1,1,0
HSY,Consumer Staples,Food - Confectionery,30__2,30,2.0,8. p75_trade_value,8680.0,17000.0,O:HSY250131P00150000,HSY,P,150.0,2025-01-31,209,0,308,1.35,1737142756668000000,100,13500.0,2025-01-17,3000.0,30,True,Automatic Execution,Consumer Staples,Food - Confectionery,153.47,155.22,152.122,152.87,181,4.1303337684950066,20,3,1,1,1,0
HSY,Consumer Staples,Food - Confectionery,30__2,30,2.0,8. p75_trade_value,8680.0,17000.0,O:HSY250207C00157500,HSY,C,157.5,2025-02-07,209,0,322,2.9,1737473222342000000,30,8700.0,2025-01-21,3000.0,30,True,Automatic Execution,Consumer Staples,Food - Confectionery,153.0,155.1999,152.2,153.57,355,3.9395192526186187,20,5,0,0,0,1
HSY,Consumer Staples,Food - Confectionery,30__2,30,2.0,8. p75_trade_value,8680.0,17000.0,O:HSY250207C00157500,HSY,C,157.5,2025-02-07,209,0,322,2.65,1737472260742000000,41,10865.0,2025-01-21,3000.0,30,True,Automatic Execution,Consumer Staples,Food - Confectionery,153.0,155.1999,152.2,153.57,243,4.036029730656543,20,4,0,0,0,1
HSY,Consumer Staples,Food - Confectionery,30__2,30,2.0,8. p75_trade_value,8680.0,17000.0,O:HSY250131P00150000,HSY,P,150.0,2025-01-31,209,0,320,1.75,1737566584660000000,80,14000.0,2025-01-22,3000.0,30,True,Automatic Execution,Consumer Staples,Food - Confectionery,153.6,153.6099,150.42,151.12,172,4.146128035678238,20,3,1,1,1,0
HSY,Consumer Staples,Food - Confectionery,30__2,30,2.0,8. p75_trade_value,8680.0,17000.0,O:HSY250207C00155000,HSY,C,155.0,2025-02-07,209,0,320,2.75,1737560609509000000,47,12925.0,2025-01-22,3000.0,30,True,Automatic Execution,Consumer Staples,Food - Confectionery,153.6,153.6099,150.42,151.12,192,4.11143055176598,20,3,1,1,0,0
HSY,Consumer Staples,Food - Confectionery,30__2,30,2.0,8. p75_trade_value,8680.0,17000.0,O:HSY250221C00165000,HSY,C,165.0,2025-02-21,209,0,316,0.7,1737579291811000000,124,8680.0,2025-01-22,3000.0,30,True,Automatic Execution,Consumer Staples,Food - Confectionery,153.6,153.6099,150.42,151.12,356,3.938519725176492,20,5,1,1,1,0
HSY,Consumer Staples,Food - Confectionery,30__2,30,2.0,7. p90_trade_value,17160.0,29920.0,O:HSY250221C00165000,HSY,C,165.0,2025-02-21,209,0,313,0.7,1737579291811000000,249,17430.0,2025-01-22,3000.0,30,True,Automatic Execution,Consumer Staples,Food - Confectionery,153.6,153.6099,150.42,151.12,139,4.241297387109993,20,2,1,1,1,0
HSY,Consumer Staples,Food - Confectionery,30__2,30,2.0,6. p95_trade_value,30000.0,122500.0,O:HSY250221P00145000,HSY,P,145.0,2025-02-21,231,0,323,2.35,1737562511998000000,400,94000.0,2025-01-22,3000.0,30,True,Single Leg Floor Trade,Consumer Staples,Food - Confectionery,153.6,153.6099,150.42,151.12,25,4.973127853599698,20,1,1,0,0,0
HSY,Consumer Staples,Food - Confectionery,30__2,30,2.0,5. p99_trade_value,127500.0,235000.0,O:HSY250221C00155000,HSY,C,155.0,2025-02-21,235,0,323,2.55,1737653660751000000,500,127500.0,2025-01-23,3000.0,30,True,Multi Leg floor trade,Consumer Staples,Food - Confectionery,150.52,151.5028,148.743884,149.89,15,5.105510184769974,20,1,1,1,1,0
HSY,Consumer Staples,Food - Confectionery,30__2,30,2.0,6. p95_trade_value,30000.0,122500.0,O:HSY250221C00155000,HSY,C,155.0,2025-02-21,235,0,323,2.35,1737654450445000000,500,117500.0,2025-01-23,3000.0,30,True,Multi Leg floor trade,Consumer Staples,Food - Confectionery,150.52,151.5028,148.743884,149.89,19,5.0700378666077555,20,1,1,1,1,0
HSY,Consumer Staples,Food - Confectionery,30__2,30,2.0,6. p95_trade_value,30000.0,122500.0,O:HSY250221C00155000,HSY,C,155.0,2025-02-21,235,0,323,2.35,1737650170985000000,500,117500.0,2025-01-23,3000.0,30,True,Multi Leg floor trade,Consumer Staples,Food - Confectionery,150.52,151.5028,148.743884,149.89,20,5.0700378666077555,20,1,1,1,1,0
HSY,Consumer Staples,Food - Confectionery,30__2,30,2.0,6. p95_trade_value,30000.0,122500.0,O:HSY250221P00144000,HSY,P,144.0,2025-02-21,235,0,323,2.45,1737653660751000000,500,122500.0,2025-01-23,3000.0,30,True,Multi Leg floor trade,Consumer Staples,Food - Confectionery,150.52,151.5028,148.743884,149.89,18,5.088136088700551,20,1,1,0,0,0
HSY,Consumer Staples,Food - Confectionery,30__2,30,2.0,5. p99_trade_value,127500.0,235000.0,O:HSY250221P00144000,HSY,P,144.0,2025-02-21,235,0,323,2.55,1737654439632000000,500,127500.0,2025-01-23,3000.0,30,True,Multi Leg floor trade,Consumer Staples,Food - Confectionery,150.52,151.5028,148.743884,149.89,14,5.105510184769974,20,1,1,0,0,0
HSY,Consumer Staples,Food - Confectionery,30__2,30,2.0,5. p99_trade_value,127500.0,235000.0,O:HSY250221P00144000,HSY,P,144.0,2025-02-21,235,0,323,2.55,1737650170985000000,500,127500.0,2025-01-23,3000.0,30,True,Multi Leg floor trade,Consumer Staples,Food - Confectionery,150.52,151.5028,148.743884,149.89,16,5.105510184769974,20,1,1,0,0,0
HSY,Consumer Staples,Food - Confectionery,30__2,30,2.0,8. p75_trade_value,8680.0,17000.0,O:HSY250221P00145000,HSY,P,145.0,2025-02-21,209,0,315,2.8,1737644689410000000,40,11200.0,2025-01-23,3000.0,30,True,Automatic Execution,Consumer Staples,Food - Confectionery,150.52,151.5028,148.743884,149.89,232,4.049218022670182,20,4,1,0,0,0
HSY,Consumer Staples,Food - Confectionery,30__2,30,2.0,8. p75_trade_value,8680.0,17000.0,O:HSY250221P00145000,HSY,P,145.0,2025-02-21,209,0,320,2.8,1737644689414000000,56,15679.999999999998,2025-01-23,3000.0,30,True,Automatic Execution,Consumer Staples,Food - Confectionery,150.52,151.5028,148.743884,149.89,153,4.195346058348419,20,3,1,0,0,0
HSY,Consumer Staples,Food - Confectionery,30__2,30,2.0,8. p75_trade_value,8680.0,17000.0,O:HSY250221C00152500,HSY,C,152.5,2025-02-21,209,0,313,3.7,1737746398874000000,25,9250.0,2025-01-24,3000.0,30,True,Automatic Execution,Consumer Staples,Food - Confectionery,149.38,151.5597,147.6,150.71,329,3.9661417327390325,20,5,1,1,1,0
HSY,Consumer Staples,Food - Confectionery,30__2,30,2.0,8. p75_trade_value,8680.0,17000.0,O:HSY250221C00152500,HSY,C,152.5,2025-02-21,209,0,313,3.6,1737746829125000000,34,12240.0,2025-01-24,3000.0,30,True,Automatic Execution,Consumer Staples,Food - Confectionery,149.38,151.5597,147.6,150.71,202,4.087781417809542,20,3,1,1,1,0
HSY,Consumer Staples,Food - Confectionery,30__2,30,2.0,8. p75_trade_value,8680.0,17000.0,O:HSY250221C00152500,HSY,C,152.5,2025-02-21,209,0,313,3.6,1737747277049000000,26,9360.0,2025-01-24,3000.0,30,True,Automatic Execution,Consumer Staples,Food - Confectionery,149.38,151.5597,147.6,150.71,321,3.971275848738105,20,5,1,1,1,0
HSY,Consumer Staples,Food - Confectionery,30__2,30,2.0,8. p75_trade_value,8680.0,17000.0,O:HSY250221C00152500,HSY,C,152.5,2025-02-21,209,0,313,3.6,1737747153538000000,29,10440.0,2025-01-24,3000.0,30,True,Automatic Execution,Consumer Staples,Food - Confectionery,149.38,151.5597,147.6,150.71,270,4.018700498666243,20,4,1,1,1,0
HSY,Consumer Staples,Food - Confectionery,30__2,30,2.0,8. p75_trade_value,8680.0,17000.0,O:HSY250221C00155000,HSY,C,155.0,2025-02-21,227,0,301,2.09,1737729022895000000,51,10658.999999999998,2025-01-24,3000.0,30,True,Single Leg Auction Non ISO,Consumer Staples,Food - Confectionery,149.38,151.5597,147.6,150.71,253,4.02771646220899,20,4,1,1,1,0
HSY,Consumer Staples,Food - Confectionery,30__2,30,2.0,5. p99_trade_value,127500.0,235000.0,O:HSY250221C00160000,HSY,C,160.0,2025-02-21,241,0,323,1.5,1737737363791000000,1000,150000.0,2025-01-24,3000.0,30,True,Stock Options Cross,Consumer Staples,Food - Confectionery,149.38,151.5597,147.6,150.71,12,5.176091259055681,20,1,1,1,1,0
HSY,Consumer Staples,Food - Confectionery,30__2,30,2.0,8. p75_trade_value,8680.0,17000.0,O:HSY250131C00157500,HSY,C,157.5,2025-01-31,232,0,301,1.35,1738007553579000000,73,9855.000000000002,2025-01-27,3000.0,30,True,Multi Leg auto-electronic trade,Consumer Staples,Food - Confectionery,153.28,155.59,152.5001,153.72,292,3.993656628615462,20,5,0,0,0,1
HSY,Consumer Staples,Food - Confectionery,30__2,30,2.0,8. p75_trade_value,8680.0,17000.0,O:HSY250131C00157500,HSY,C,157.5,2025-01-31,236,0,313,1.35,1738007553583000000,67,9045.0,2025-01-27,3000.0,30,True,Multi Leg auto-electronic trade against single leg(s),Consumer Staples,Food - Confectionery,153.28,155.59,152.5001,153.72,337,3.9564085711958326,20,5,0,0,0,1
HSY,Consumer Staples,Food - Confectionery,30__2,30,2.0,8. p75_trade_value,8680.0,17000.0,O:HSY250131C00157500,HSY,C,157.5,2025-01-31,232,0,302,1.35,1738007553578000000,99,13365.0,2025-01-27,3000.0,30,True,Multi Leg auto-electronic trade,Consumer Staples,Food - Confectionery,153.28,155.59,152.5001,153.72,184,4.125968963092556,20,3,0,0,0,1
HSY,Consumer Staples,Food - Confectionery,30__2,30,2.0,6. p95_trade_value,30000.0,122500.0,O:HSY250131C00157500,HSY,C,157.5,2025-01-31,235,0,323,1.2,1738008661289000000,250,30000.0,2025-01-27,3000.0,30,True,Multi Leg floor trade,Consumer Staples,Food - Confectionery,153.28,155.59,152.5001,153.72,73,4.477121254719663,20,2,0,0,0,1
HSY,Consumer Staples,Food - Confectionery,30__2,30,2.0,7. p90_trade_value,17160.0,29920.0,O:HSY250131P00150000,HSY,P,150.0,2025-01-31,231,0,300,0.9,1737988483434000000,250,22500.0,2025-01-27,3000.0,30,True,Single Leg Floor Trade,Consumer Staples,Food - Confectionery,153.28,155.59,152.5001,153.72,105,4.352182518111363,20,2,1,1,1,0
HSY,Consumer Staples,Food - Confectionery,30__2,30,2.0,6. p95_trade_value,30000.0,122500.0,O:HSY250131P00150000,HSY,P,150.0,2025-01-31,242,0,300,0.75,1738000338619000000,750,56250.0,2025-01-27,3000.0,30,True,Stock Options floor trade,Consumer Staples,Food - Confectionery,153.28,155.59,152.5001,153.72,40,4.7501225267834,20,1,1,1,1,0
HSY,Consumer Staples,Food - Confectionery,30__2,30,2.0,8. p75_trade_value,8680.0,17000.0,O:HSY250131P00150000,HSY,P,150.0,2025-01-31,235,0,323,0.6,1737999750752000000,250,15000.0,2025-01-27,3000.0,30,True,Multi Leg floor trade,Consumer Staples,Food - Confectionery,153.28,155.59,152.5001,153.72,162,4.176091259055681,20,3,1,1,1,0
HSY,Consumer Staples,Food - Confectionery,30__2,30,2.0,8. p75_trade_value,8680.0,17000.0,O:HSY250131P00152500,HSY,P,152.5,2025-01-31,236,0,313,1.4,1738007553583000000,66,9240.0,2025-01-27,3000.0,30,True,Multi Leg auto-electronic trade against single leg(s),Consumer Staples,Food - Confectionery,153.28,155.59,152.5001,153.72,331,3.9656719712201065,20,5,1,1,1,0
HSY,Consumer Staples,Food - Confectionery,30__2,30,2.0,6. p95_trade_value,30000.0,122500.0,O:HSY250131P00152500,HSY,P,152.5,2025-01-31,235,0,323,1.5,1738008661289000000,250,37500.0,2025-01-27,3000.0,30,True,Multi Leg floor trade,Consumer Staples,Food - Confectionery,153.28,155.59,152.5001,153.72,53,4.574031267727719,20,1,1,1,1,0
HSY,Consumer Staples,Food - Confectionery,30__2,30,2.0,8. p75_trade_value,8680.0,17000.0,O:HSY250131P00152500,HSY,P,152.5,2025-01-31,232,0,302,1.4,1738007553578000000,99,13860.0,2025-01-27,3000.0,30,True,Multi Leg auto-electronic trade,Consumer Staples,Food - Confectionery,153.28,155.59,152.5001,153.72,175,4.141763230275788,20,3,1,1,1,0
HSY,Consumer Staples,Food - Confectionery,30__2,30,2.0,8. p75_trade_value,8680.0,17000.0,O:HSY250131P00152500,HSY,P,152.5,2025-01-31,232,0,301,1.4,1738007553579000000,73,10219.999999999998,2025-01-27,3000.0,30,True,Multi Leg auto-electronic trade,Consumer Staples,Food - Confectionery,153.28,155.59,152.5001,153.72,277,4.009450895798694,20,4,1,1,1,0
HSY,Consumer Staples,Food - Confectionery,30__2,30,2.0,7. p90_trade_value,17160.0,29920.0,O:HSY250221C00165000,HSY,C,165.0,2025-02-21,209,0,313,1.05,1737995802132000000,250,26250.0,2025-01-27,3000.0,30,True,Automatic Execution,Consumer Staples,Food - Confectionery,153.28,155.59,152.5001,153.72,83,4.419129307741976,20,2,1,1,1,0
HSY,Consumer Staples,Food - Confectionery,30__2,30,2.0,8. p75_trade_value,8680.0,17000.0,O:HSY250221C00165000,HSY,C,165.0,2025-02-21,209,0,308,1.05,1737995802132000000,125,13125.0,2025-01-27,3000.0,30,True,Automatic Execution,Consumer Staples,Food - Confectionery,153.28,155.59,152.5001,153.72,188,4.1180993120779945,20,3,1,1,1,0
HSY,Consumer Staples,Food - Confectionery,30__2,30,2.0,8. p75_trade_value,8680.0,17000.0,O:HSY250221C00165000,HSY,C,165.0,2025-02-21,209,0,316,1.05,1737995802132000000,125,13125.0,2025-01-27,3000.0,30,True,Automatic Execution,Consumer Staples,Food - Confectionery,153.28,155.59,152.5001,153.72,187,4.1180993120779945,20,3,1,1,1,0
HSY,Consumer Staples,Food - Confectionery,30__2,30,2.0,6. p95_trade_value,30000.0,122500.0,O:HSY250221P00150000,HSY,P,150.0,2025-02-21,235,0,323,2.95,1737999750752000000,250,73750.0,2025-01-27,3000.0,30,True,Multi Leg floor trade,Consumer Staples,Food - Confectionery,153.28,155.59,152.5001,153.72,31,4.867762024650201,20,1,1,0,0,0
HSY,Consumer Staples,Food - Confectionery,30__2,30,2.0,8. p75_trade_value,8680.0,17000.0,O:HSY250131P00149000,HSY,P,149.0,2025-01-31,231,0,323,0.9,1738080098857000000,150,13500.0,2025-01-28,3000.0,30,True,Single Leg Floor Trade,Consumer Staples,Food - Confectionery,153.73,154.2638,149.3,149.73,182,4.1303337684950066,20,3,1,1,0,0
HSY,Consumer Staples,Food - Confectionery,30__2,30,2.0,8. p75_trade_value,8680.0,17000.0,O:HSY250221C00160000,HSY,C,160.0,2025-02-21,209,0,308,1.6,1738176896683000000,100,16000.0,2025-01-29,3000.0,30,True,Automatic Execution,Consumer Staples,Food - Confectionery,150.3,150.55,148.54,149.23,151,4.204119982655925,20,3,1,1,1,0
HSY,Consumer Staples,Food - Confectionery,30__2,30,2.0,8. p75_trade_value,8680.0,17000.0,O:HSY250221C00160000,HSY,C,160.0,2025-02-21,209,0,308,1.6,1738176873059000000,100,16000.0,2025-01-29,3000.0,30,True,Automatic Execution,Consumer Staples,Food - Confectionery,150.3,150.55,148.54,149.23,150,4.204119982655925,20,3,1,1,1,0
HSY,Consumer Staples,Food - Confectionery,30__2,30,2.0,5. p99_trade_value,127500.0,235000.0,O:HSY250221P00140000,HSY,P,140.0,2025-02-21,241,0,323,2.0,1738180869552000000,1000,200000.0,2025-01-29,3000.0,30,True,Stock Options Cross,Consumer Staples,Food - Confectionery,150.3,150.55,148.54,149.23,7,5.301029995663981,20,1,0,0,0,1
HSY,Consumer Staples,Food - Confectionery,30__2,30,2.0,8. p75_trade_value,8680.0,17000.0,O:HSY250221P00145000,HSY,P,145.0,2025-02-21,232,0,308,3.47,1738163197782000000,30,10410.0,2025-01-29,3000.0,30,True,Multi Leg auto-electronic trade,Consumer Staples,Food - Confectionery,150.3,150.55,148.54,149.23,273,4.017450729510536,20,4,1,0,0,0
HSY,Consumer Staples,Food - Confectionery,30__2,30,2.0,7. p90_trade_value,17160.0,29920.0,O:HSY250221C00155000,HSY,C,155.0,2025-02-21,209,0,308,3.1,1738253472757000000,70,21700.0,2025-01-30,3000.0,30,True,Automatic Execution,Consumer Staples,Food - Confectionery,150.24,152.21,149.2,152.14,110,4.336459733848529,20,2,1,1,1,0
HSY,Consumer Staples,Food - Confectionery,30__2,30,2.0,8. p75_trade_value,8680.0,17000.0,O:HSY250221P00143000,HSY,P,143.0,2025-02-21,209,0,316,2.15,1738252359505000000,56,12040.0,2025-01-30,3000.0,30,True,Automatic Execution,Consumer Staples,Food - Confectionery,150.24,152.21,149.2,152.14,207,4.080626486921806,20,3,1,0,0,0
HSY,Consumer Staples,Food - Confectionery,30__2,30,2.0,5. p99_trade_value,127500.0,235000.0,O:HSY250221C00157500,HSY,C,157.5,2025-02-21,229,0,301,2.23,1738339108300000000,1000,223000.0,2025-01-31,3000.0,30,True,Single Leg Cross Non ISO,Consumer Staples,Food - Confectionery,150.0,151.65,147.66,149.25,4,5.348304863048161,20,1,1,1,1,0
HSY,Consumer Staples,Food - Confectionery,30__2,30,2.0,8. p75_trade_value,8680.0,17000.0,O:HSY250221C00157500,HSY,C,157.5,2025-02-21,209,0,308,2.3,1738345932201000000,44,10119.999999999998,2025-01-31,3000.0,30,True,Automatic Execution,Consumer Staples,Food - Confectionery,150.0,151.65,147.66,149.25,279,4.00518051250378,20,4,1,1,1,0
HSY,Consumer Staples,Food - Confectionery,30__2,30,2.0,7. p90_trade_value,17160.0,29920.0,O:HSY250207P00140000,HSY,P,140.0,2025-02-07,227,0,304,0.75,1738594636669000000,302,22650.0,2025-02-03,3000.0,30,True,Single Leg Auction Non ISO,Consumer Staples,Food - Confectionery,148.0,148.98,146.48,147.79,102,4.355068206348851,20,2,0,0,0,1
HSY,Consumer Staples,Food - Confectionery,30__2,30,2.0,6. p95_trade_value,30000.0,122500.0,O:HSY250207P00140000,HSY,P,140.0,2025-02-07,227,0,304,1.5,1738595242695000000,369,55350.0,2025-02-03,3000.0,30,True,Single Leg Auction Non ISO,Consumer Staples,Food - Confectionery,148.0,148.98,146.48,147.79,41,4.743117625214742,20,1,0,0,0,1
HSY,Consumer Staples,Food - Confectionery,30__2,30,2.0,5. p99_trade_value,127500.0,235000.0,O:HSY250207P00140000,HSY,P,140.0,2025-02-07,231,0,323,1.3,1738597587058000000,1238,160940.0,2025-02-03,3000.0,30,True,Single Leg Floor Trade,Consumer Staples,Food - Confectionery,148.0,148.98,146.48,147.79,11,5.206663996990936,20,1,0,0,0,1
HSY,Consumer Staples,Food - Confectionery,30__2,30,2.0,8. p75_trade_value,8680.0,17000.0,O:HSY250207P00140000,HSY,P,140.0,2025-02-07,227,0,308,1.3,1738597363417000000,78,10140.0,2025-02-03,3000.0,30,True,Single Leg Auction Non ISO,Consumer Staples,Food - Confectionery,148.0,148.98,146.48,147.79,278,4.006037954997317,20,4,0,0,0,1
HSY,Consumer Staples,Food - Confectionery,30__2,30,2.0,8. p75_trade_value,8680.0,17000.0,O:HSY250207P00145000,HSY,P,145.0,2025-02-07,209,0,307,2.8,1738593639623000000,38,10640.0,2025-02-03,3000.0,30,True,Automatic Execution,Consumer Staples,Food - Confectionery,148.0,148.98,146.48,147.79,256,4.0269416279590295,20,4,1,0,0,0
HSY,Consumer Staples,Food - Confectionery,30__2,30,2.0,8. p75_trade_value,8680.0,17000.0,O:HSY250207P00145000,HSY,P,145.0,2025-02-07,209,0,307,2.8,1738593636986000000,38,10640.0,2025-02-03,3000.0,30,True,Automatic Execution,Consumer Staples,Food - Confectionery,148.0,148.98,146.48,147.79,257,4.0269416279590295,20,4,1,0,0,0
HSY,Consumer Staples,Food - Confectionery,30__2,30,2.0,8. p75_trade_value,8680.0,17000.0,O:HSY250207P00145000,HSY,P,145.0,2025-02-07,209,0,307,2.85,1738593643337000000,38,10830.0,2025-02-03,3000.0,30,True,Automatic Execution,Consumer Staples,Food - Confectionery,148.0,148.98,146.48,147.79,246,4.03462845662532,20,4,1,0,0,0
HSY,Consumer Staples,Food - Confectionery,30__2,30,2.0,8. p75_trade_value,8680.0,17000.0,O:HSY250207P00145000,HSY,P,145.0,2025-02-07,209,0,307,2.75,1738593624791000000,38,10450.0,2025-02-03,3000.0,30,True,Automatic Execution,Consumer Staples,Food - Confectionery,148.0,148.98,146.48,147.79,268,4.019116290447073,20,4,1,0,0,0
HSY,Consumer Staples,Food - Confectionery,30__2,30,2.0,8. p75_trade_value,8680.0,17000.0,O:HSY250207P00145000,HSY,P,145.0,2025-02-07,209,0,307,2.75,1738593629964000000,38,10450.0,2025-02-03,3000.0,30,True,Automatic Execution,Consumer Staples,Food - Confectionery,148.0,148.98,146.48,147.79,266,4.019116290447073,20,4,1,0,0,0
HSY,Consumer Staples,Food - Confectionery,30__2,30,2.0,8. p75_trade_value,8680.0,17000.0,O:HSY250207P00145000,HSY,P,145.0,2025-02-07,209,0,307,2.75,1738593629964000000,38,10450.0,2025-02-03,3000.0,30,True,Automatic Execution,Consumer Staples,Food - Confectionery,148.0,148.98,146.48,147.79,265,4.019116290447073,20,4,1,0,0,0
HSY,Consumer Staples,Food - Confectionery,30__2,30,2.0,8. p75_trade_value,8680.0,17000.0,O:HSY250207P00145000,HSY,P,145.0,2025-02-07,209,0,307,3.0,1738593659468000000,38,11400.0,2025-02-03,3000.0,30,True,Automatic Execution,Consumer Staples,Food - Confectionery,148.0,148.98,146.48,147.79,226,4.056904851336473,20,4,1,0,0,0
HSY,Consumer Staples,Food - Confectionery,30__2,30,2.0,6. p95_trade_value,30000.0,122500.0,O:HSY250207P00145000,HSY,P,145.0,2025-02-07,209,0,307,2.85,1738593644180000000,200,57000.0,2025-02-03,3000.0,30,True,Automatic Execution,Consumer Staples,Food - Confectionery,148.0,148.98,146.48,147.79,38,4.7558748556724915,20,1,1,0,0,0
HSY,Consumer Staples,Food - Confectionery,30__2,30,2.0,8. p75_trade_value,8680.0,17000.0,O:HSY250207P00145000,HSY,P,145.0,2025-02-07,209,0,307,2.7,1738593621997000000,38,10260.0,2025-02-03,3000.0,30,True,Automatic Execution,Consumer Staples,Food - Confectionery,148.0,148.98,146.48,147.79,276,4.011147360775797,20,4,1,0,0,0
HSY,Consumer Staples,Food - Confectionery,30__2,30,2.0,8. p75_trade_value,8680.0,17000.0,O:HSY250207P00145000,HSY,P,145.0,2025-02-07,209,0,307,2.9,1738593649636000000,38,11020.0,2025-02-03,3000.0,30,True,Automatic Execution,Consumer Staples,Food - Confectionery,148.0,148.98,146.48,147.79,237,4.042181594515767,20,4,1,0,0,0
HSY,Consumer Staples,Food - Confectionery,30__2,30,2.0,8. p75_trade_value,8680.0,17000.0,O:HSY250207P00145000,HSY,P,145.0,2025-02-07,209,0,307,2.85,1738593643337000000,38,10830.0,2025-02-03,3000.0,30,True,Automatic Execution,Consumer Staples,Food - Confectionery,148.0,148.98,146.48,147.79,248,4.03462845662532,20,4,1,0,0,0
HSY,Consumer Staples,Food - Confectionery,30__2,30,2.0,8. p75_trade_value,8680.0,17000.0,O:HSY250207P00145000,HSY,P,145.0,2025-02-07,209,0,307,2.75,1738593627351000000,38,10450.0,2025-02-03,3000.0,30,True,Automatic Execution,Consumer Staples,Food - Confectionery,148.0,148.98,146.48,147.79,267,4.019116290447073,20,4,1,0,0,0
HSY,Consumer Staples,Food - Confectionery,30__2,30,2.0,8. p75_trade_value,8680.0,17000.0,O:HSY250207P00145000,HSY,P,145.0,2025-02-07,209,0,307,2.85,1738593643337000000,38,10830.0,2025-02-03,3000.0,30,True,Automatic Execution,Consumer Staples,Food - Confectionery,148.0,148.98,146.48,147.79,247,4.03462845662532,20,4,1,0,0,0
HSY,Consumer Staples,Food - Confectionery,30__2,30,2.0,8. p75_trade_value,8680.0,17000.0,O:HSY250207P00145000,HSY,P,145.0,2025-02-07,209,0,307,3.0,1738593666299000000,38,11400.0,2025-02-03,3000.0,30,True,Automatic Execution,Consumer Staples,Food - Confectionery,148.0,148.98,146.48,147.79,225,4.056904851336473,20,4,1,0,0,0
HSY,Consumer Staples,Food - Confectionery,30__2,30,2.0,8. p75_trade_value,8680.0,17000.0,O:HSY250207P00145000,HSY,P,145.0,2025-02-07,209,0,307,2.95,1738593654221000000,38,11210.0,2025-02-03,3000.0,30,True,Automatic Execution,Consumer Staples,Food - Confectionery,148.0,148.98,146.48,147.79,231,4.0496056125949735,20,4,1,0,0,0
HSY,Consumer Staples,Food - Confectionery,30__2,30,2.0,8. p75_trade_value,8680.0,17000.0,O:HSY250207P00145000,HSY,P,145.0,2025-02-07,209,0,307,2.75,1738593629964000000,38,10450.0,2025-02-03,3000.0,30,True,Automatic Execution,Consumer Staples,Food - Confectionery,148.0,148.98,146.48,147.79,269,4.019116290447073,20,4,1,0,0,0
HSY,Consumer Staples,Food - Confectionery,30__2,30,2.0,8. p75_trade_value,8680.0,17000.0,O:HSY250207P00145000,HSY,P,145.0,2025-02-07,209,0,307,2.85,1738593644179000000,35,9975.0,2025-02-03,3000.0,30,True,Automatic Execution,Consumer Staples,Food - Confectionery,148.0,148.98,146.48,147.79,286,3.998912904358786,20,5,1,0,0,0
HSY,Consumer Staples,Food - Confectionery,30__2,30,2.0,8. p75_trade_value,8680.0,17000.0,O:HSY250221P00135000,HSY,P,135.0,2025-02-21,209,0,313,2.0,1738598725828000000,47,9400.0,2025-02-03,3000.0,30,True,Automatic Execution,Consumer Staples,Food - Confectionery,148.0,148.98,146.48,147.79,320,3.9731278535996988,20,5,0,0,0,1
HSY,Consumer Staples,Food - Confectionery,30__2,30,2.0,8. p75_trade_value,8680.0,17000.0,O:HSY250228P00140000,HSY,P,140.0,2025-02-28,209,0,316,3.4,1738606159673000000,50,17000.0,2025-02-03,3000.0,30,True,Automatic Execution,Consumer Staples,Food - Confectionery,148.0,148.98,146.48,147.79,144,4.230448921378274,20,3,0,0,0,1
HSY,Consumer Staples,Food - Confectionery,30__2,30,2.0,7. p90_trade_value,17160.0,29920.0,O:HSY250228P00145000,HSY,P,145.0,2025-02-28,209,0,313,5.3,1738605344064000000,42,22260.0,2025-02-03,3000.0,30,True,Automatic Execution,Consumer Staples,Food - Confectionery,148.0,148.98,146.48,147.79,106,4.34752515999869,20,2,1,0,0,0
HSY,Consumer Staples,Food - Confectionery,30__2,30,2.0,8. p75_trade_value,8680.0,17000.0,O:HSY250228P00145000,HSY,P,145.0,2025-02-28,209,0,320,5.2,1738615322521000000,30,15600.0,2025-02-03,3000.0,30,True,Automatic Execution,Consumer Staples,Food - Confectionery,148.0,148.98,146.48,147.79,155,4.193124598354461,20,3,1,0,0,0
HSY,Consumer Staples,Food - Confectionery,30__2,30,2.0,8. p75_trade_value,8680.0,17000.0,O:HSY250207C00155000,HSY,C,155.0,2025-02-07,209,0,316,0.6,1738698975796000000,178,10680.0,2025-02-04,3000.0,30,True,Automatic Execution,Consumer Staples,Food - Confectionery,147.53,147.54,143.9501,144.74,252,4.0285712526925375,20,4,1,1,0,0
HSY,Consumer Staples,Food - Confectionery,30__2,30,2.0,8. p75_trade_value,8680.0,17000.0,O:HSY250207P00140000,HSY,P,140.0,2025-02-07,209,0,320,2.3,1738685164048000000,40,9200.0,2025-02-04,3000.0,30,True,Automatic Execution,Consumer Staples,Food - Confectionery,147.53,147.54,143.9501,144.74,334,3.963787827345555,20,5,0,0,0,1
HSY,Consumer Staples,Food - Confectionery,30__2,30,2.0,7. p90_trade_value,17160.0,29920.0,O:HSY250207P00140000,HSY,P,140.0,2025-02-07,209,0,308,2.0,1738680027198000000,100,20000.0,2025-02-04,3000.0,30,True,Automatic Execution,Consumer Staples,Food - Confectionery,147.53,147.54,143.9501,144.74,117,4.301029995663981,20,2,0,0,0,1
HSY,Consumer Staples,Food - Confectionery,30__2,30,2.0,7. p90_trade_value,17160.0,29920.0,O:HSY250207P00140000,HSY,P,140.0,2025-02-07,227,0,301,2.01,1738680027348000000,119,23918.999999999996,2025-02-04,3000.0,30,True,Single Leg Auction Non ISO,Consumer Staples,Food - Confectionery,147.53,147.54,143.9501,144.74,96,4.37874301881302,20,2,0,0,0,1
HSY,Consumer Staples,Food - Confectionery,30__2,30,2.0,7. p90_trade_value,17160.0,29920.0,O:HSY250207P00140000,HSY,P,140.0,2025-02-07,227,0,301,2.01,1738680027348000000,119,23918.999999999996,2025-02-04,3000.0,30,True,Single Leg Auction Non ISO,Consumer Staples,Food - Confectionery,147.53,147.54,143.9501,144.74,95,4.37874301881302,20,2,0,0,0,1
HSY,Consumer Staples,Food - Confectionery,30__2,30,2.0,1. p999999_trade_value,389000.0,389000.0,O:HSY250221C00148000,HSY,C,148.0,2025-02-21,234,0,313,3.89,1738696668271000000,1000,389000.0,2025-02-04,3000.0,30,True,Multi Leg Cross,Consumer Staples,Food - Confectionery,147.53,147.54,143.9501,144.74,1,5.589949601325708,20,1,1,1,1,0
HSY,Consumer Staples,Food - Confectionery,30__2,30,2.0,4. p999_trade_value,260000.0,260000.0,O:HSY250221C00150000,HSY,C,150.0,2025-02-21,234,0,300,2.6,1738691394206000000,1000,260000.0,2025-02-04,3000.0,30,True,Multi Leg Cross,Consumer Staples,Food - Confectionery,147.53,147.54,143.9501,144.74,2,5.414973347970818,20,1,1,1,1,0
HSY,Consumer Staples,Food - Confectionery,30__2,30,2.0,8. p75_trade_value,8680.0,17000.0,O:HSY250221C00152500,HSY,C,152.5,2025-02-21,209,0,308,2.1,1738700786801000000,66,13860.0,2025-02-04,3000.0,30,True,Automatic Execution,Consumer Staples,Food - Confectionery,147.53,147.54,143.9501,144.74,174,4.141763230275788,20,3,1,1,1,0
HSY,Consumer Staples,Food - Confectionery,30__2,30,2.0,6. p95_trade_value,30000.0,122500.0,O:HSY250221C00157500,HSY,C,157.5,2025-02-21,234,0,313,0.84,1738696668271000000,1000,84000.0,2025-02-04,3000.0,30,True,Multi Leg Cross,Consumer Staples,Food - Confectionery,147.53,147.54,143.9501,144.74,27,4.924279286061882,20,1,1,1,1,0
HSY,Consumer Staples,Food - Confectionery,30__2,30,2.0,6. p95_trade_value,30000.0,122500.0,O:HSY250221C00160000,HSY,C,160.0,2025-02-21,229,0,313,0.71,1738698882438000000,1000,71000.0,2025-02-04,3000.0,30,True,Single Leg Cross Non ISO,Consumer Staples,Food - Confectionery,147.53,147.54,143.9501,144.74,32,4.8512583487190755,20,1,1,1,1,0
HSY,Consumer Staples,Food - Confectionery,30__2,30,2.0,6. p95_trade_value,30000.0,122500.0,O:HSY250221C00160000,HSY,C,160.0,2025-02-21,229,0,313,0.71,1738698749733000000,1000,71000.0,2025-02-04,3000.0,30,True,Single Leg Cross Non ISO,Consumer Staples,Food - Confectionery,147.53,147.54,143.9501,144.74,33,4.8512583487190755,20,1,1,1,1,0
HSY,Consumer Staples,Food - Confectionery,30__2,30,2.0,6. p95_trade_value,30000.0,122500.0,O:HSY250221C00160000,HSY,C,160.0,2025-02-21,234,0,300,0.62,1738691394206000000,1000,62000.0,2025-02-04,3000.0,30,True,Multi Leg Cross,Consumer Staples,Food - Confectionery,147.53,147.54,143.9501,144.74,35,4.7923916894982534,20,1,1,1,1,0
HSY,Consumer Staples,Food - Confectionery,30__2,30,2.0,6. p95_trade_value,30000.0,122500.0,O:HSY250221C00160000,HSY,C,160.0,2025-02-21,241,0,323,0.7,1738698852722000000,1000,70000.0,2025-02-04,3000.0,30,True,Stock Options Cross,Consumer Staples,Food - Confectionery,147.53,147.54,143.9501,144.74,34,4.845098040014257,20,1,1,1,1,0
HSY,Consumer Staples,Food - Confectionery,30__2,30,2.0,8. p75_trade_value,8680.0,17000.0,O:HSY250207P00135000,HSY,P,135.0,2025-02-07,231,0,323,0.9,1738773130858000000,100,9000.0,2025-02-05,3000.0,30,True,Single Leg Floor Trade,Consumer Staples,Food - Confectionery,141.0,146.33,140.13,145.92,344,3.9542425094393248,20,5,0,0,0,1
HSY,Consumer Staples,Food - Confectionery,30__2,30,2.0,8. p75_trade_value,8680.0,17000.0,O:HSY250207P00137000,HSY,P,137.0,2025-02-07,209,0,316,2.15,1738767227596000000,45,9675.0,2025-02-05,3000.0,30,True,Automatic Execution,Consumer Staples,Food - Confectionery,141.0,146.33,140.13,145.92,298,3.985650973690949,20,5,0,0,0,1
HSY,Consumer Staples,Food - Confectionery,30__2,30,2.0,8. p75_trade_value,8680.0,17000.0,O:HSY250207P00137000,HSY,P,137.0,2025-02-07,209,0,316,2.1,1738767230458000000,44,9240.0,2025-02-05,3000.0,30,True,Automatic Execution,Consumer Staples,Food - Confectionery,141.0,146.33,140.13,145.92,332,3.9656719712201065,20,5,0,0,0,1
HSY,Consumer Staples,Food - Confectionery,30__2,30,2.0,8. p75_trade_value,8680.0,17000.0,O:HSY250207P00137000,HSY,P,137.0,2025-02-07,209,0,316,2.0,1738766666130000000,44,8800.0,2025-02-05,3000.0,30,True,Automatic Execution,Consumer Staples,Food - Confectionery,141.0,146.33,140.13,145.92,351,3.9444826721501687,20,5,0,0,0,1
HSY,Consumer Staples,Food - Confectionery,30__2,30,2.0,8. p75_trade_value,8680.0,17000.0,O:HSY250207P00137000,HSY,P,137.0,2025-02-07,209,0,316,2.0,1738766667527000000,44,8800.0,2025-02-05,3000.0,30,True,Automatic Execution,Consumer Staples,Food - Confectionery,141.0,146.33,140.13,145.92,350,3.9444826721501687,20,5,0,0,0,1
HSY,Consumer Staples,Food - Confectionery,30__2,30,2.0,8. p75_trade_value,8680.0,17000.0,O:HSY250207P00137000,HSY,P,137.0,2025-02-07,209,0,316,2.1,1738767224084000000,42,8820.0,2025-02-05,3000.0,30,True,Automatic Execution,Consumer Staples,Food - Confectionery,141.0,146.33,140.13,145.92,348,3.94546858513182,20,5,0,0,0,1
HSY,Consumer Staples,Food - Confectionery,30__2,30,2.0,8. p75_trade_value,8680.0,17000.0,O:HSY250207P00137000,HSY,P,137.0,2025-02-07,209,0,316,2.25,1738768653313000000,50,11250.0,2025-02-05,3000.0,30,True,Automatic Execution,Consumer Staples,Food - Confectionery,141.0,146.33,140.13,145.92,229,4.051152522447381,20,4,0,0,0,1
HSY,Consumer Staples,Food - Confectionery,30__2,30,2.0,8. p75_trade_value,8680.0,17000.0,O:HSY250207P00137000,HSY,P,137.0,2025-02-07,209,0,316,2.2,1738767222074000000,42,9240.0,2025-02-05,3000.0,30,True,Automatic Execution,Consumer Staples,Food - Confectionery,141.0,146.33,140.13,145.92,333,3.9656719712201065,20,5,0,0,0,1
HSY,Consumer Staples,Food - Confectionery,30__2,30,2.0,8. p75_trade_value,8680.0,17000.0,O:HSY250207P00137000,HSY,P,137.0,2025-02-07,209,0,316,2.0,1738766664338000000,44,8800.0,2025-02-05,3000.0,30,True,Automatic Execution,Consumer Staples,Food - Confectionery,141.0,146.33,140.13,145.92,349,3.9444826721501687,20,5,0,0,0,1
HSY,Consumer Staples,Food - Confectionery,30__2,30,2.0,8. p75_trade_value,8680.0,17000.0,O:HSY250207P00140000,HSY,P,140.0,2025-02-07,209,0,302,1.4,1738787620509000000,62,8680.0,2025-02-05,3000.0,30,True,Automatic Execution,Consumer Staples,Food - Confectionery,141.0,146.33,140.13,145.92,357,3.938519725176492,20,6,0,0,0,1
HSY,Consumer Staples,Food - Confectionery,30__2,30,2.0,8. p75_trade_value,8680.0,17000.0,O:HSY250207P00140000,HSY,P,140.0,2025-02-07,232,0,308,1.97,1738771254467000000,77,15169.0,2025-02-05,3000.0,30,True,Multi Leg auto-electronic trade,Consumer Staples,Food - Confectionery,141.0,146.33,140.13,145.92,159,4.180956951334075,20,3,0,0,0,1
HSY,Consumer Staples,Food - Confectionery,30__2,30,2.0,7. p90_trade_value,17160.0,29920.0,O:HSY250214P00150000,HSY,P,150.0,2025-02-14,209,0,307,1.8,1738857138132000000,126,22680.0,2025-02-06,3000.0,30,True,Automatic Execution,Consumer Staples,Food - Confectionery,155.25,156.69,150.51,152.34,101,4.355643050220869,20,2,0,0,0,1
HSY,Consumer Staples,Food - Confectionery,30__2,30,2.0,6. p95_trade_value,30000.0,122500.0,O:HSY250214P00150000,HSY,P,150.0,2025-02-14,209,0,307,1.8,1738857138132000000,200,36000.0,2025-02-06,3000.0,30,True,Automatic Execution,Consumer Staples,Food - Confectionery,155.25,156.69,150.51,152.34,60,4.556302500767287,20,1,0,0,0,1
HSY,Consumer Staples,Food - Confectionery,30__2,30,2.0,8. p75_trade_value,8680.0,17000.0,O:HSY250214P00150000,HSY,P,150.0,2025-02-14,209,0,307,1.7,1738857128644000000,58,9860.0,2025-02-06,3000.0,30,True,Automatic Execution,Consumer Staples,Food - Confectionery,155.25,156.69,150.51,152.34,291,3.993876914941211,20,5,0,0,0,1
HSY,Consumer Staples,Food - Confectionery,30__2,30,2.0,8. p75_trade_value,8680.0,17000.0,O:HSY250214P00150000,HSY,P,150.0,2025-02-14,209,0,307,1.8,1738857137927000000,58,10440.0,2025-02-06,3000.0,30,True,Automatic Execution,Consumer Staples,Food - Confectionery,155.25,156.69,150.51,152.34,272,4.018700498666243,20,4,0,0,0,1
HSY,Consumer Staples,Food - Confectionery,30__2,30,2.0,8. p75_trade_value,8680.0,17000.0,O:HSY250214P00150000,HSY,P,150.0,2025-02-14,209,0,307,1.7,1738857128644000000,58,9860.0,2025-02-06,3000.0,30,True,Automatic Execution,Consumer Staples,Food - Confectionery,155.25,156.69,150.51,152.34,290,3.993876914941211,20,5,0,0,0,1
HSY,Consumer Staples,Food - Confectionery,30__2,30,2.0,7. p90_trade_value,17160.0,29920.0,O:HSY250221C00157500,HSY,C,157.5,2025-02-21,209,0,320,2.65,1738852245154000000,75,19875.0,2025-02-06,3000.0,30,True,Automatic Execution,Consumer Staples,Food - Confectionery,155.25,156.69,150.51,152.34,118,4.298307137328508,20,2,1,1,1,0
HSY,Consumer Staples,Food - Confectionery,30__2,30,2.0,8. p75_trade_value,8680.0,17000.0,O:HSY250221P00150000,HSY,P,150.0,2025-02-21,209,0,316,2.65,1738866136778000000,56,14840.0,2025-02-06,3000.0,30,True,Automatic Execution,Consumer Staples,Food - Confectionery,155.25,156.69,150.51,152.34,164,4.171433900943009,20,3,0,0,0,1
HSY,Consumer Staples,Food - Confectionery,30__2,30,2.0,8. p75_trade_value,8680.0,17000.0,O:HSY250307C00165000,HSY,C,165.0,2025-03-07,209,0,320,1.0,1738853380806000000,100,10000.0,2025-02-06,3000.0,30,True,Automatic Execution,Consumer Staples,Food - Confectionery,155.25,156.69,150.51,152.34,283,4.0,20,4,1,1,1,0
HSY,Consumer Staples,Food - Confectionery,30__2,30,2.0,8. p75_trade_value,8680.0,17000.0,O:HSY250214C00160000,HSY,C,160.0,2025-02-14,209,0,308,0.5,1738940453408000000,200,10000.0,2025-02-07,3000.0,30,True,Automatic Execution,Consumer Staples,Food - Confectionery,154.06,156.56,153.553895,154.93,282,4.0,20,4,1,1,0,0
HSY,Consumer Staples,Food - Confectionery,30__2,30,2.0,7. p90_trade_value,17160.0,29920.0,O:HSY250221C00157500,HSY,C,157.5,2025-02-21,209,0,307,1.7,1738938732805000000,144,24480.0,2025-02-07,3000.0,30,True,Automatic Execution,Consumer Staples,Food - Confectionery,154.06,156.56,153.553895,154.93,93,4.388811413473523,20,2,1,1,1,0
HSY,Consumer Staples,Food - Confectionery,30__2,30,2.0,6. p95_trade_value,30000.0,122500.0,O:HSY250221P00150000,HSY,P,150.0,2025-02-21,229,0,300,1.01,1739200888875000000,1000,101000.0,2025-02-10,3000.0,30,True,Single Leg Cross Non ISO,Consumer Staples,Food - Confectionery,155.46,155.8343,153.0,154.47,23,5.004321373782642,20,1,0,0,0,1
HSY,Consumer Staples,Food - Confectionery,30__2,30,2.0,8. p75_trade_value,8680.0,17000.0,O:HSY250321P00160000,HSY,P,160.0,2025-03-21,232,0,318,3.15,1739985394151000000,40,12600.0,2025-02-19,3000.0,30,True,Multi Leg auto-electronic trade,Consumer Staples,Food - Confectionery,163.2,164.13,160.865,163.9,196,4.1003705451175625,20,3,0,0,0,1
HSY,Consumer Staples,Food - Confectionery,30__2,30,2.0,7. p90_trade_value,17160.0,29920.0,O:HSY250321P00160000,HSY,P,160.0,2025-03-21,232,0,322,3.12,1739985515645000000,55,17160.0,2025-02-19,3000.0,30,True,Multi Leg auto-electronic trade,Consumer Staples,Food - Confectionery,163.2,164.13,160.865,163.9,143,4.2345172835126865,20,2,0,0,0,1
HSY,Consumer Staples,Food - Confectionery,30__2,30,2.0,8. p75_trade_value,8680.0,17000.0,O:HSY250321C00180000,HSY,C,180.0,2025-03-21,209,0,308,2.4,1740165873587000000,41,9840.0,2025-02-21,3000.0,30,True,Automatic Execution,Consumer Staples,Food - Confectionery,166.51,175.29,166.45,172.86,293,3.9929950984313414,20,5,1,0,0,0
HSY,Consumer Staples,Food - Confectionery,30__2,30,2.0,8. p75_trade_value,8680.0,17000.0,O:HSY250228P00170000,HSY,P,170.0,2025-02-28,209,0,323,1.25,1740407402521000000,70,8750.0,2025-02-24,3000.0,30,True,Automatic Execution,Consumer Staples,Food - Confectionery,172.45,179.0,171.4341,177.84,353,3.942008053022313,20,5,1,0,0,0
HSY,Consumer Staples,Food - Confectionery,30__2,30,2.0,8. p75_trade_value,8680.0,17000.0,O:HSY250321C00180000,HSY,C,180.0,2025-03-21,232,0,301,3.2,1740418419504000000,30,9600.0,2025-02-24,3000.0,30,True,Multi Leg auto-electronic trade,Consumer Staples,Food - Confectionery,172.45,179.0,171.4341,177.84,301,3.9822712330395684,20,5,1,0,0,0
HSY,Consumer Staples,Food - Confectionery,30__2,30,2.0,5. p99_trade_value,127500.0,235000.0,O:HSY250321C00180000,HSY,C,180.0,2025-03-21,233,0,308,3.3,1740418525167000000,624,205919.99999999997,2025-02-24,3000.0,30,True,Multi Leg Auction,Consumer Staples,Food - Confectionery,172.45,179.0,171.4341,177.84,5,5.313698529560312,20,1,1,0,0,0
HSY,Consumer Staples,Food - Confectionery,30__2,30,2.0,5. p99_trade_value,127500.0,235000.0,O:HSY250321C00180000,HSY,C,180.0,2025-03-21,233,0,302,3.25,1740418525164000000,626,203450.0,2025-02-24,3000.0,30,True,Multi Leg Auction,Consumer Staples,Food - Confectionery,172.45,179.0,171.4341,177.84,6,5.308457694189304,20,1,1,0,0,0
HSY,Consumer Staples,Food - Confectionery,30__2,30,2.0,8. p75_trade_value,8680.0,17000.0,O:HSY250321C00180000,HSY,C,180.0,2025-03-21,232,0,301,3.2,1740418444479000000,30,9600.0,2025-02-24,3000.0,30,True,Multi Leg auto-electronic trade,Consumer Staples,Food - Confectionery,172.45,179.0,171.4341,177.84,305,3.9822712330395684,20,5,1,0,0,0
HSY,Consumer Staples,Food - Confectionery,30__2,30,2.0,8. p75_trade_value,8680.0,17000.0,O:HSY250321C00180000,HSY,C,180.0,2025-03-21,209,0,316,3.1,1740418427373000000,42,13020.000000000002,2025-02-24,3000.0,30,True,Automatic Execution,Consumer Staples,Food - Confectionery,172.45,179.0,171.4341,177.84,189,4.114610984232173,20,3,1,0,0,0
HSY,Consumer Staples,Food - Confectionery,30__2,30,2.0,8. p75_trade_value,8680.0,17000.0,O:HSY250321C00180000,HSY,C,180.0,2025-03-21,232,0,301,3.2,1740418427373000000,30,9600.0,2025-02-24,3000.0,30,True,Multi Leg auto-electronic trade,Consumer Staples,Food - Confectionery,172.45,179.0,171.4341,177.84,302,3.9822712330395684,20,5,1,0,0,0
HSY,Consumer Staples,Food - Confectionery,30__2,30,2.0,8. p75_trade_value,8680.0,17000.0,O:HSY250321C00180000,HSY,C,180.0,2025-03-21,232,0,301,3.2,1740418444474000000,30,9600.0,2025-02-24,3000.0,30,True,Multi Leg auto-electronic trade,Consumer Staples,Food - Confectionery,172.45,179.0,171.4341,177.84,304,3.9822712330395684,20,5,1,0,0,0
HSY,Consumer Staples,Food - Confectionery,30__2,30,2.0,8. p75_trade_value,8680.0,17000.0,O:HSY250321C00180000,HSY,C,180.0,2025-03-21,232,0,301,3.2,1740418444488000000,30,9600.0,2025-02-24,3000.0,30,True,Multi Leg auto-electronic trade,Consumer Staples,Food - Confectionery,172.45,179.0,171.4341,177.84,307,3.9822712330395684,20,5,1,0,0,0
HSY,Consumer Staples,Food - Confectionery,30__2,30,2.0,8. p75_trade_value,8680.0,17000.0,O:HSY250321C00180000,HSY,C,180.0,2025-03-21,232,0,301,3.2,1740418444484000000,30,9600.0,2025-02-24,3000.0,30,True,Multi Leg auto-electronic trade,Consumer Staples,Food - Confectionery,172.45,179.0,171.4341,177.84,306,3.9822712330395684,20,5,1,0,0,0
HSY,Consumer Staples,Food - Confectionery,30__2,30,2.0,8. p75_trade_value,8680.0,17000.0,O:HSY250321C00180000,HSY,C,180.0,2025-03-21,232,0,301,3.2,1740418444591000000,30,9600.0,2025-02-24,3000.0,30,True,Multi Leg auto-electronic trade,Consumer Staples,Food - Confectionery,172.45,179.0,171.4341,177.84,309,3.9822712330395684,20,5,1,0,0,0
HSY,Consumer Staples,Food - Confectionery,30__2,30,2.0,8. p75_trade_value,8680.0,17000.0,O:HSY250321C00180000,HSY,C,180.0,2025-03-21,232,0,301,3.2,1740418427105000000,30,9600.0,2025-02-24,3000.0,30,True,Multi Leg auto-electronic trade,Consumer Staples,Food - Confectionery,172.45,179.0,171.4341,177.84,310,3.9822712330395684,20,5,1,0,0,0
HSY,Consumer Staples,Food - Confectionery,30__2,30,2.0,8. p75_trade_value,8680.0,17000.0,O:HSY250321C00180000,HSY,C,180.0,2025-03-21,232,0,301,3.2,1740418444462000000,30,9600.0,2025-02-24,3000.0,30,True,Multi Leg auto-electronic trade,Consumer Staples,Food - Confectionery,172.45,179.0,171.4341,177.84,303,3.9822712330395684,20,5,1,0,0,0
HSY,Consumer Staples,Food - Confectionery,30__2,30,2.0,8. p75_trade_value,8680.0,17000.0,O:HSY250321C00185000,HSY,C,185.0,2025-03-21,209,0,308,1.85,1740411352921000000,60,11100.0,2025-02-24,3000.0,30,True,Automatic Execution,Consumer Staples,Food - Confectionery,172.45,179.0,171.4341,177.84,234,4.045322978786658,20,4,1,0,0,0
HSY,Consumer Staples,Food - Confectionery,30__2,30,2.0,7. p90_trade_value,17160.0,29920.0,O:HSY250321C00190000,HSY,C,190.0,2025-03-21,233,0,302,0.76,1740418525164000000,313,23788.0,2025-02-24,3000.0,30,True,Multi Leg Auction,Consumer Staples,Food - Confectionery,172.45,179.0,171.4341,177.84,97,4.37635792982724,20,2,1,0,0,0
HSY,Consumer Staples,Food - Confectionery,30__2,30,2.0,7. p90_trade_value,17160.0,29920.0,O:HSY250321C00190000,HSY,C,190.0,2025-03-21,233,0,308,0.85,1740418525167000000,312,26520.0,2025-02-24,3000.0,30,True,Multi Leg Auction,Consumer Staples,Food - Confectionery,172.45,179.0,171.4341,177.84,82,4.423573519732735,20,2,1,0,0,0
HSY,Consumer Staples,Food - Confectionery,30__2,30,2.0,8. p75_trade_value,8680.0,17000.0,O:HSY250321C00200000,HSY,C,200.0,2025-03-21,233,0,308,0.35,1740418525166000000,312,10919.999999999998,2025-02-24,3000.0,30,True,Multi Leg Auction,Consumer Staples,Food - Confectionery,172.45,179.0,171.4341,177.84,242,4.038222638368718,20,4,0,0,0,1
HSY,Consumer Staples,Food - Confectionery,30__2,30,2.0,8. p75_trade_value,8680.0,17000.0,O:HSY250321C00200000,HSY,C,200.0,2025-03-21,233,0,302,0.34,1740418525164000000,313,10642.0,2025-02-24,3000.0,30,True,Multi Leg Auction,Consumer Staples,Food - Confectionery,172.45,179.0,171.4341,177.84,254,4.027023254588704,20,4,0,0,0,1
HSY,Consumer Staples,Food - Confectionery,30__2,30,2.0,5. p99_trade_value,127500.0,235000.0,O:HSY250321P00170000,HSY,P,170.0,2025-03-21,227,0,323,1.41,1740515930130000000,991,139731.0,2025-02-25,3000.0,30,True,Single Leg Auction Non ISO,Consumer Staples,Food - Confectionery,177.84,181.92,177.01,178.65,13,5.145292767140655,20,1,1,1,1,0
HSY,Consumer Staples,Food - Confectionery,30__2,30,2.0,6. p95_trade_value,30000.0,122500.0,O:HSY250321P00172500,HSY,P,172.5,2025-03-21,231,0,323,1.6,1740502797356000000,200,32000.0,2025-02-25,3000.0,30,True,Single Leg Floor Trade,Consumer Staples,Food - Confectionery,177.84,181.92,177.01,178.65,66,4.505149978319906,20,1,1,1,1,0
HSY,Consumer Staples,Food - Confectionery,30__2,30,2.0,8. p75_trade_value,8680.0,17000.0,O:HSY250321P00175000,HSY,P,175.0,2025-03-21,227,0,323,2.3,1740495404065000000,50,11499.999999999998,2025-02-25,3000.0,30,True,Single Leg Auction Non ISO,Consumer Staples,Food - Confectionery,177.84,181.92,177.01,178.65,223,4.060697840353612,20,4,1,1,1,0
HSY,Consumer Staples,Food - Confectionery,30__2,30,2.0,8. p75_trade_value,8680.0,17000.0,O:HSY250307P00167500,HSY,P,167.5,2025-03-07,209,0,308,1.2,1740582289469000000,100,12000.0,2025-02-26,3000.0,30,True,Automatic Execution,Consumer Staples,Food - Confectionery,177.53,177.75,170.3878,171.29,210,4.079181246047625,20,3,0,0,0,1
HSY,Consumer Staples,Food - Confectionery,30__2,30,2.0,7. p90_trade_value,17160.0,29920.0,O:HSY250307P00167500,HSY,P,167.5,2025-03-07,209,0,308,1.2,1740589019269000000,150,18000.0,2025-02-26,3000.0,30,True,Automatic Execution,Consumer Staples,Food - Confectionery,177.53,177.75,170.3878,171.29,133,4.2552725051033065,20,2,0,0,0,1
HSY,Consumer Staples,Food - Confectionery,30__2,30,2.0,7. p90_trade_value,17160.0,29920.0,O:HSY250321C00190000,HSY,C,190.0,2025-03-21,235,0,313,0.43,1740587868399000000,429,18447.0,2025-02-26,3000.0,30,True,Multi Leg floor trade,Consumer Staples,Food - Confectionery,177.53,177.75,170.3878,171.29,129,4.265925747764311,20,2,1,0,0,0
HSY,Consumer Staples,Food - Confectionery,30__2,30,2.0,8. p75_trade_value,8680.0,17000.0,O:HSY250321P00165000,HSY,P,165.0,2025-03-21,227,0,304,1.6,1740587960230000000,60,9600.0,2025-02-26,3000.0,30,True,Single Leg Auction Non ISO,Consumer Staples,Food - Confectionery,177.53,177.75,170.3878,171.29,311,3.9822712330395684,20,5,1,1,0,0
HSY,Consumer Staples,Food - Confectionery,30__2,30,2.0,5. p99_trade_value,127500.0,235000.0,O:HSY250321P00170000,HSY,P,170.0,2025-03-21,242,0,300,3.35,1740592006297000000,500,167500.0,2025-02-26,3000.0,30,True,Stock Options floor trade,Consumer Staples,Food - Confectionery,177.53,177.75,170.3878,171.29,10,5.224014811372864,20,1,1,1,1,0
HSY,Consumer Staples,Food - Confectionery,30__2,30,2.0,7. p90_trade_value,17160.0,29920.0,O:HSY250321P00170000,HSY,P,170.0,2025-03-21,209,0,320,1.8,1741016843012000000,96,17280.0,2025-03-03,3000.0,30,True,Automatic Execution,Consumer Staples,Food - Confectionery,173.0,179.12,173.0,178.5,141,4.237543738142874,20,2,1,1,1,0
HSY,Consumer Staples,Food - Confectionery,30__2,30,2.0,7. p90_trade_value,17160.0,29920.0,O:HSY250321P00170000,HSY,P,170.0,2025-03-21,209,0,316,1.8,1741016843010000000,162,29160.000000000004,2025-03-03,3000.0,30,True,Automatic Execution,Consumer Staples,Food - Confectionery,173.0,179.12,173.0,178.5,78,4.464787519645937,20,2,1,1,1,0
HSY,Consumer Staples,Food - Confectionery,30__2,30,2.0,8. p75_trade_value,8680.0,17000.0,O:HSY250321P00170000,HSY,P,170.0,2025-03-21,227,0,323,1.6,1741031630014000000,69,11040.0,2025-03-03,3000.0,30,True,Single Leg Auction Non ISO,Consumer Staples,Food - Confectionery,173.0,179.12,173.0,178.5,236,4.04296907339318,20,4,1,1,1,0
HSY,Consumer Staples,Food - Confectionery,30__2,30,2.0,8. p75_trade_value,8680.0,17000.0,O:HSY250321P00170000,HSY,P,170.0,2025-03-21,209,0,300,1.8,1741016843010000000,87,15660.0,2025-03-03,3000.0,30,True,Automatic Execution,Consumer Staples,Food - Confectionery,173.0,179.12,173.0,178.5,154,4.194791757721925,20,3,1,1,1,0
HSY,Consumer Staples,Food - Confectionery,30__2,30,2.0,8. p75_trade_value,8680.0,17000.0,O:HSY250307C00185000,HSY,C,185.0,2025-03-07,209,0,308,1.75,1741102596439000000,60,10500.0,2025-03-04,3000.0,30,True,Automatic Execution,Consumer Staples,Food - Confectionery,180.95,184.25,176.26,176.38,261,4.021189299069938,20,4,1,1,1,0
HSY,Consumer Staples,Food - Confectionery,30__2,30,2.0,7. p90_trade_value,17160.0,29920.0,O:HSY250314P00175000,HSY,P,175.0,2025-03-14,209,0,320,1.7,1741115357774000000,150,25500.0,2025-03-04,3000.0,30,True,Automatic Execution,Consumer Staples,Food - Confectionery,180.95,184.25,176.26,176.38,85,4.4065401804339555,20,2,1,1,1,0
HSY,Consumer Staples,Food - Confectionery,30__2,30,2.0,8. p75_trade_value,8680.0,17000.0,O:HSY250314P00175000,HSY,P,175.0,2025-03-14,209,0,308,2.25,1741121650140000000,60,13500.0,2025-03-04,3000.0,30,True,Automatic Execution,Consumer Staples,Food - Confectionery,180.95,184.25,176.26,176.38,179,4.1303337684950066,20,3,1,1,1,0
HSY,Consumer Staples,Food - Confectionery,30__2,30,2.0,8. p75_trade_value,8680.0,17000.0,O:HSY250314P00175000,HSY,P,175.0,2025-03-14,209,0,308,2.25,1741121650140000000,40,9000.0,2025-03-04,3000.0,30,True,Automatic Execution,Consumer Staples,Food - Confectionery,180.95,184.25,176.26,176.38,341,3.9542425094393248,20,5,1,1,1,0
HSY,Consumer Staples,Food - Confectionery,30__2,30,2.0,8. p75_trade_value,8680.0,17000.0,O:HSY250314P00175000,HSY,P,175.0,2025-03-14,209,0,308,2.25,1741121650140000000,60,13500.0,2025-03-04,3000.0,30,True,Automatic Execution,Consumer Staples,Food - Confectionery,180.95,184.25,176.26,176.38,180,4.1303337684950066,20,3,1,1,1,0
HSY,Consumer Staples,Food - Confectionery,30__2,30,2.0,8. p75_trade_value,8680.0,17000.0,O:HSY250314P00175000,HSY,P,175.0,2025-03-14,209,0,308,2.25,1741121650140000000,59,13275.0,2025-03-04,3000.0,30,True,Automatic Execution,Consumer Staples,Food - Confectionery,180.95,184.25,176.26,176.38,186,4.1230345297535065,20,3,1,1,1,0
HSY,Consumer Staples,Food - Confectionery,30__2,30,2.0,6. p95_trade_value,30000.0,122500.0,O:HSY250314P00175000,HSY,P,175.0,2025-03-14,231,0,301,1.75,1741111711154000000,178,31150.0,2025-03-04,3000.0,30,True,Single Leg Floor Trade,Consumer Staples,Food - Confectionery,180.95,184.25,176.26,176.38,71,4.493458050995188,20,1,1,1,1,0
HSY,Consumer Staples,Food - Confectionery,30__2,30,2.0,8. p75_trade_value,8680.0,17000.0,O:HSY250314P00175000,HSY,P,175.0,2025-03-14,209,0,308,1.8,1741112065733000000,52,9360.0,2025-03-04,3000.0,30,True,Automatic Execution,Consumer Staples,Food - Confectionery,180.95,184.25,176.26,176.38,323,3.971275848738105,20,5,1,1,1,0
HSY,Consumer Staples,Food - Confectionery,30__2,30,2.0,8. p75_trade_value,8680.0,17000.0,O:HSY250314P00175000,HSY,P,175.0,2025-03-14,209,0,308,2.25,1741121650140000000,60,13500.0,2025-03-04,3000.0,30,True,Automatic Execution,Consumer Staples,Food - Confectionery,180.95,184.25,176.26,176.38,178,4.1303337684950066,20,3,1,1,1,0
HSY,Consumer Staples,Food - Confectionery,30__2,30,2.0,7. p90_trade_value,17160.0,29920.0,O:HSY250314P00175000,HSY,P,175.0,2025-03-14,209,0,308,1.9,1741117497207000000,150,28500.0,2025-03-04,3000.0,30,True,Automatic Execution,Consumer Staples,Food - Confectionery,180.95,184.25,176.26,176.38,80,4.45484486000851,20,2,1,1,1,0
HSY,Consumer Staples,Food - Confectionery,30__2,30,2.0,6. p95_trade_value,30000.0,122500.0,O:HSY250321P00170000,HSY,P,170.0,2025-03-21,231,0,301,1.25,1741115549429000000,300,37500.0,2025-03-04,3000.0,30,True,Single Leg Floor Trade,Consumer Staples,Food - Confectionery,180.95,184.25,176.26,176.38,52,4.574031267727719,20,1,1,1,1,0
HSY,Consumer Staples,Food - Confectionery,30__2,30,2.0,6. p95_trade_value,30000.0,122500.0,O:HSY250314P00175000,HSY,P,175.0,2025-03-14,209,0,308,1.55,1741185486540000000,374,57970.00000000001,2025-03-05,3000.0,30,True,Automatic Execution,Consumer Staples,Food - Confectionery,176.33,178.6,175.08,177.03,36,4.763203300370772,20,1,1,1,1,0
HSY,Consumer Staples,Food - Confectionery,30__2,30,2.0,7. p90_trade_value,17160.0,29920.0,O:HSY250314P00175000,HSY,P,175.0,2025-03-14,209,0,308,2.0,1741185426494000000,98,19600.0,2025-03-05,3000.0,30,True,Automatic Execution,Consumer Staples,Food - Confectionery,176.33,178.6,175.08,177.03,119,4.292256071356476,20,2,1,1,1,0
HSY,Consumer Staples,Food - Confectionery,30__2,30,2.0,8. p75_trade_value,8680.0,17000.0,O:HSY250321C00192500,HSY,C,192.5,2025-03-21,209,0,316,1.8,1741360963349000000,74,13320.000000000002,2025-03-07,3000.0,30,True,Automatic Execution,Consumer Staples,Food - Confectionery,179.78,189.48,179.615,185.06,185,4.124504224834283,20,3,1,0,0,0
HSY,Consumer Staples,Food - Confectionery,30__2,30,2.0,7. p90_trade_value,17160.0,29920.0,O:HSY250321P00180000,HSY,P,180.0,2025-03-21,209,0,320,1.1,1741625416107000000,178,19580.0,2025-03-10,3000.0,30,True,Automatic Execution,Consumer Staples,Food - Confectionery,186.92,193.3865,185.71,186.36,120,4.291812687467119,20,2,1,1,1,0
HSY,Consumer Staples,Food - Confectionery,30__2,30,2.0,8. p75_trade_value,8680.0,17000.0,O:HSY250321P00185000,HSY,P,185.0,2025-03-21,209,0,320,2.75,1741633450222000000,35,9625.0,2025-03-10,3000.0,30,True,Automatic Execution,Consumer Staples,Food - Confectionery,186.92,193.3865,185.71,186.36,299,3.983400738180538,20,5,1,1,1,0
HSY,Consumer Staples,Food - Confectionery,30__2,30,2.0,8. p75_trade_value,8680.0,17000.0,O:HSY250321P00170000,HSY,P,170.0,2025-03-21,209,0,308,2.5,1741802221638000000,57,14250.0,2025-03-12,3000.0,30,True,Automatic Execution,Consumer Staples,Food - Confectionery,177.01,177.01,170.65,170.94,170,4.153814864344529,20,3,1,1,1,0
HSY,Consumer Staples,Food - Confectionery,30__2,30,2.0,7. p90_trade_value,17160.0,29920.0,O:HSY250321P00170000,HSY,P,170.0,2025-03-21,209,0,320,2.5,1741802221611000000,102,25500.0,2025-03-12,3000.0,30,True,Automatic Execution,Consumer Staples,Food - Confectionery,177.01,177.01,170.65,170.94,86,4.4065401804339555,20,2,1,1,1,0
HSY,Consumer Staples,Food - Confectionery,30__2,30,2.0,8. p75_trade_value,8680.0,17000.0,O:HSY250321P00170000,HSY,P,170.0,2025-03-21,209,0,316,2.5,1741802221611000000,44,11000.0,2025-03-12,3000.0,30,True,Automatic Execution,Consumer Staples,Food - Confectionery,177.01,177.01,170.65,170.94,240,4.041392685158225,20,4,1,1,1,0
HSY,Consumer Staples,Food - Confectionery,30__2,30,2.0,8. p75_trade_value,8680.0,17000.0,O:HSY250321P00170000,HSY,P,170.0,2025-03-21,209,0,322,2.5,1741802221611000000,47,11750.0,2025-03-12,3000.0,30,True,Automatic Execution,Consumer Staples,Food - Confectionery,177.01,177.01,170.65,170.94,216,4.0700378666077555,20,4,1,1,1,0
HSY,Consumer Staples,Food - Confectionery,30__2,30,2.0,6. p95_trade_value,30000.0,122500.0,O:HSY250321P00170000,HSY,P,170.0,2025-03-21,227,0,323,2.5,1741802254343000000,432,108000.0,2025-03-12,3000.0,30,True,Single Leg Auction Non ISO,Consumer Staples,Food - Confectionery,177.01,177.01,170.65,170.94,22,5.033423755486949,20,1,1,1,1,0
HSY,Consumer Staples,Food - Confectionery,30__2,30,2.0,7. p90_trade_value,17160.0,29920.0,O:HSY250321P00170000,HSY,P,170.0,2025-03-21,209,0,301,2.7,1741880616884000000,85,22950.000000000004,2025-03-13,3000.0,30,True,Automatic Execution,Consumer Staples,Food - Confectionery,170.59,174.2269,170.59,171.94,99,4.36078268987328,20,2,1,1,1,0
HSY,Consumer Staples,Food - Confectionery,30__2,30,2.0,8. p75_trade_value,8680.0,17000.0,O:HSY250321P00165000,HSY,P,165.0,2025-03-21,231,0,323,0.6,1742315820125000000,259,15540.0,2025-03-18,3000.0,30,True,Single Leg Floor Trade,Consumer Staples,Food - Confectionery,170.76,171.7,168.765,169.42,156,4.191451014464896,20,3,1,1,0,0
HSY,Consumer Staples,Food - Confectionery,30__2,30,2.0,8. p75_trade_value,8680.0,17000.0,O:HSY250321P00165000,HSY,P,165.0,2025-03-21,240,0,312,0.66,1742315607843000000,133,8778.0,2025-03-18,3000.0,30,True,Stock Options auto-electronic trade,Consumer Staples,Food - Confectionery,170.76,171.7,168.765,169.42,352,3.9433955765089546,20,5,1,1,0,0
HSY,Consumer Staples,Food - Confectionery,30__2,30,2.0,8. p75_trade_value,8680.0,17000.0,O:HSY250328C00170000,HSY,C,170.0,2025-03-28,209,0,319,0.85,1742839715812000000,168,14279.999999999998,2025-03-24,3000.0,30,True,Automatic Execution,Consumer Staples,Food - Confectionery,166.85,168.74,164.51,168.01,168,4.154728207440155,20,3,1,1,0,0
HSY,Consumer Staples,Food - Confectionery,30__2,30,2.0,8. p75_trade_value,8680.0,17000.0,O:HSY250417C00170000,HSY,C,170.0,2025-04-17,209,0,320,3.6,1742824022136000000,26,9360.0,2025-03-24,3000.0,30,True,Automatic Execution,Consumer Staples,Food - Confectionery,166.85,168.74,164.51,168.01,325,3.971275848738105,20,5,1,0,0,0
HSY,Consumer Staples,Food - Confectionery,30__2,30,2.0,7. p90_trade_value,17160.0,29920.0,O:HSY250417C00170000,HSY,C,170.0,2025-04-17,209,0,319,2.9,1742827300523000000,85,24650.0,2025-03-24,3000.0,30,True,Automatic Execution,Consumer Staples,Food - Confectionery,166.85,168.74,164.51,168.01,92,4.3918169236132485,20,2,1,0,0,0
HSY,Consumer Staples,Food - Confectionery,30__2,30,2.0,8. p75_trade_value,8680.0,17000.0,O:HSY250417C00170000,HSY,C,170.0,2025-04-17,209,0,302,3.6,1742824022305000000,25,9000.0,2025-03-24,3000.0,30,True,Automatic Execution,Consumer Staples,Food - Confectionery,166.85,168.74,164.51,168.01,342,3.9542425094393248,20,5,1,0,0,0
HSY,Consumer Staples,Food - Confectionery,30__2,30,2.0,8. p75_trade_value,8680.0,17000.0,O:HSY250404C00170000,HSY,C,170.0,2025-04-04,209,0,320,0.8,1742931368040000000,150,12000.0,2025-03-25,3000.0,30,True,Automatic Execution,Consumer Staples,Food - Confectionery,167.54,167.54,164.43,165.23,208,4.079181246047625,20,3,1,1,0,0
HSY,Consumer Staples,Food - Confectionery,30__2,30,2.0,8. p75_trade_value,8680.0,17000.0,O:HSY250404C00170000,HSY,C,170.0,2025-04-04,209,0,303,0.8,1742931368035000000,119,9520.0,2025-03-25,3000.0,30,True,Automatic Execution,Consumer Staples,Food - Confectionery,167.54,167.54,164.43,165.23,313,3.9786369483844743,20,5,1,1,0,0
HSY,Consumer Staples,Food - Confectionery,30__2,30,2.0,6. p95_trade_value,30000.0,122500.0,O:HSY250404C00170000,HSY,C,170.0,2025-04-04,227,0,312,1.08,1742997527935000000,299,32292.0,2025-03-26,3000.0,30,True,Single Leg Auction Non ISO,Consumer Staples,Food - Confectionery,165.09,169.7,165.09,168.52,65,4.509094943811379,20,1,1,1,0,0
HSY,Consumer Staples,Food - Confectionery,30__2,30,2.0,6. p95_trade_value,30000.0,122500.0,O:HSY250509C00170000,HSY,C,170.0,2025-05-09,227,0,323,4.53,1744217761611000000,100,45300.0,2025-04-09,3000.0,30,True,Single Leg Auction Non ISO,Consumer Staples,Food - Confectionery,158.47,166.38,157.07,164.16,44,4.656098202012832,20,1,1,1,1,0
HSY,Consumer Staples,Food - Confectionery,30__2,30,2.0,6. p95_trade_value,30000.0,122500.0,O:HSY250509C00170000,HSY,C,170.0,2025-05-09,209,0,316,4.53,1744221511843000000,99,44847.0,2025-04-09,3000.0,30,True,Automatic Execution,Consumer Staples,Food - Confectionery,158.47,166.38,157.07,164.16,46,4.651733396610382,20,1,1,1,1,0
HSY,Consumer Staples,Food - Confectionery,30__2,30,2.0,8. p75_trade_value,8680.0,17000.0,O:HSY250509P00150000,HSY,P,150.0,2025-05-09,227,0,301,2.3,1744221896424000000,47,10810.0,2025-04-09,3000.0,30,True,Single Leg Auction Non ISO,Consumer Staples,Food - Confectionery,158.47,166.38,157.07,164.16,249,4.03382569395331,20,4,0,0,0,1
HSY,Consumer Staples,Food - Confectionery,30__2,30,2.0,8. p75_trade_value,8680.0,17000.0,O:HSY250509P00150000,HSY,P,150.0,2025-05-09,227,0,301,2.3,1744221896424000000,47,10810.0,2025-04-09,3000.0,30,True,Single Leg Auction Non ISO,Consumer Staples,Food - Confectionery,158.47,166.38,157.07,164.16,250,4.03382569395331,20,4,0,0,0,1
HSY,Consumer Staples,Food - Confectionery,30__2,30,2.0,6. p95_trade_value,30000.0,122500.0,O:HSY250509P00150000,HSY,P,150.0,2025-05-09,227,0,323,3.92,1744217716800000000,100,39200.0,2025-04-09,3000.0,30,True,Single Leg Auction Non ISO,Consumer Staples,Food - Confectionery,158.47,166.38,157.07,164.16,50,4.593286067020458,20,1,0,0,0,1
HSY,Consumer Staples,Food - Confectionery,30__2,30,2.0,7. p90_trade_value,17160.0,29920.0,O:HSY250516P00160000,HSY,P,160.0,2025-05-16,209,0,308,4.3,1744813654810000000,53,22789.999999999996,2025-04-16,3000.0,30,True,Automatic Execution,Consumer Staples,Food - Confectionery,168.66,169.51,163.6211,164.23,100,4.357744325180375,20,2,1,1,1,0
HSY,Consumer Staples,Food - Confectionery,30__2,30,2.0,8. p75_trade_value,8680.0,17000.0,O:HSY250516C00167500,HSY,C,167.5,2025-05-16,209,0,323,5.0,1745242634957000000,21,10500.0,2025-04-21,3000.0,30,True,Automatic Execution,Consumer Staples,Food - Confectionery,166.37,166.68,164.72,166.47,260,4.021189299069938,20,4,1,0,0,0
HSY,Consumer Staples,Food - Confectionery,30__2,30,2.0,8. p75_trade_value,8680.0,17000.0,O:HSY250516C00167500,HSY,C,167.5,2025-05-16,227,0,309,5.47,1745246107663000000,30,16410.0,2025-04-21,3000.0,30,True,Single Leg Auction Non ISO,Consumer Staples,Food - Confectionery,166.37,166.68,164.72,166.47,147,4.2151085810530935,20,3,1,0,0,0
HSY,Consumer Staples,Food - Confectionery,30__2,30,2.0,6. p95_trade_value,30000.0,122500.0,O:HSY250516C00167500,HSY,C,167.5,2025-05-16,227,0,312,5.43,1745242635072000000,80,43440.0,2025-04-21,3000.0,30,True,Single Leg Auction Non ISO,Consumer Staples,Food - Confectionery,166.37,166.68,164.72,166.47,47,4.637889816580791,20,1,1,0,0,0
HSY,Consumer Staples,Food - Confectionery,30__2,30,2.0,7. p90_trade_value,17160.0,29920.0,O:HSY250516C00170000,HSY,C,170.0,2025-05-16,227,0,323,4.31,1745259493467000000,40,17239.999999999996,2025-04-21,3000.0,30,True,Single Leg Auction Non ISO,Consumer Staples,Food - Confectionery,166.37,166.68,164.72,166.47,142,4.236537261488694,20,2,1,0,0,0
HSY,Consumer Staples,Food - Confectionery,30__2,30,2.0,8. p75_trade_value,8680.0,17000.0,O:HSY250516C00180000,HSY,C,180.0,2025-05-16,209,0,308,1.35,1745243562337000000,100,13500.0,2025-04-21,3000.0,30,True,Automatic Execution,Consumer Staples,Food - Confectionery,166.37,166.68,164.72,166.47,177,4.1303337684950066,20,3,0,0,0,1
HSY,Consumer Staples,Food - Confectionery,30__2,30,2.0,8. p75_trade_value,8680.0,17000.0,O:HSY250502C00165000,HSY,C,165.0,2025-05-02,209,0,300,3.0,1745868085207000000,46,13800.0,2025-04-28,3000.0,30,True,Automatic Execution,Consumer Staples,Food - Confectionery,163.56,164.42,161.26,163.06,176,4.139879086401237,20,3,1,1,0,0
HSY,Consumer Staples,Food - Confectionery,30__2,30,2.0,8. p75_trade_value,8680.0,17000.0,O:HSY250502P00157500,HSY,P,157.5,2025-05-02,209,0,320,1.6,1745934400395000000,60,9600.0,2025-04-29,3000.0,30,True,Automatic Execution,Consumer Staples,Food - Confectionery,163.07,165.72,160.77,165.07,312,3.9822712330395684,20,5,0,0,0,1
HSY,Consumer Staples,Food - Confectionery,30__2,30,2.0,8. p75_trade_value,8680.0,17000.0,O:HSY250516P00155000,HSY,P,155.0,2025-05-16,231,0,323,2.0,1746025291367000000,60,12000.0,2025-04-30,3000.0,30,True,Single Leg Floor Trade,Consumer Staples,Food - Confectionery,165.475,168.145,165.03,167.19,209,4.079181246047625,20,3,0,0,0,1
HSY,Consumer Staples,Food - Confectionery,30__2,30,2.0,6. p95_trade_value,30000.0,122500.0,O:HSY250516P00160000,HSY,P,160.0,2025-05-16,231,0,323,1.2,1747249835956000000,630,75600.0,2025-05-14,3000.0,30,True,Single Leg Floor Trade,Consumer Staples,Food - Confectionery,163.1,163.6622,160.825,161.72,29,4.878521795501206,20,1,1,1,1,0
HSY,Consumer Staples,Food - Confectionery,30__2,30,2.0,8. p75_trade_value,8680.0,17000.0,O:HSY250606P00155000,HSY,P,155.0,2025-06-06,232,0,308,2.45,1747757706864000000,41,10045.0,2025-05-20,3000.0,30,True,Multi Leg auto-electronic trade,Consumer Staples,Food - Confectionery,156.5,157.9125,155.555,155.7,280,4.001949941084268,20,4,1,0,0,0
HSY,Consumer Staples,Food - Confectionery,30__2,30,2.0,8. p75_trade_value,8680.0,17000.0,O:HSY250606P00149000,HSY,P,149.0,2025-06-06,232,0,308,2.2,1747925248309000000,50,11000.000000000002,2025-05-22,3000.0,30,True,Multi Leg auto-electronic trade,Consumer Staples,Food - Confectionery,150.95,154.18,150.04,153.86,239,4.041392685158225,20,4,0,0,0,1
HSY,Consumer Staples,Food - Confectionery,30__2,30,2.0,6. p95_trade_value,30000.0,122500.0,O:HSY250613P00155000,HSY,P,155.0,2025-06-13,209,0,308,2.15,1748357110824000000,191,41065.0,2025-05-27,3000.0,30,True,Automatic Execution,Consumer Staples,Food - Confectionery,156.08,159.79,155.68,158.23,49,4.613471827163333,20,1,1,0,0,0
HSY,Consumer Staples,Food - Confectionery,30__2,30,2.0,8. p75_trade_value,8680.0,17000.0,O:HSY250620C00162500,HSY,C,162.5,2025-06-20,209,0,309,2.15,1748363229721000000,44,9460.0,2025-05-27,3000.0,30,True,Automatic Execution,Consumer Staples,Food - Confectionery,156.08,159.79,155.68,158.23,317,3.975891136401793,20,5,1,0,0,0
HSY,Consumer Staples,Food - Confectionery,30__2,30,2.0,8. p75_trade_value,8680.0,17000.0,O:HSY250620C00165000,HSY,C,165.0,2025-06-20,209,0,308,1.55,1748440378227000000,100,15500.0,2025-05-28,3000.0,30,True,Automatic Execution,Consumer Staples,Food - Confectionery,157.11,158.9999,155.67,155.9,157,4.190331698170292,20,3,1,0,0,0
HSY,Consumer Staples,Food - Confectionery,30__2,30,2.0,7. p90_trade_value,17160.0,29920.0,O:HSY250620C00165000,HSY,C,165.0,2025-06-20,209,0,323,1.75,1748442793802000000,100,17500.0,2025-05-28,3000.0,30,True,Automatic Execution,Consumer Staples,Food - Confectionery,157.11,158.9999,155.67,155.9,137,4.243038048686294,20,2,1,0,0,0
HSY,Consumer Staples,Food - Confectionery,30__2,30,2.0,8. p75_trade_value,8680.0,17000.0,O:HSY250627C00175000,HSY,C,175.0,2025-06-27,232,0,308,2.39,1749825020605000000,50,11950.0,2025-06-13,3000.0,30,True,Multi Leg auto-electronic trade,Consumer Staples,Food - Confectionery,172.26,174.2,168.775,169.12,214,4.077367905284157,20,3,0,0,0,1
KHC,Consumer Staples,Food - Miscellaneous,30__2,30,2.0,4. p999_trade_value,100000.0,100000.0,O:KHC241018C00035500,KHC,C,35.5,2024-10-18,241,0,323,0.25,1727201566076000000,4000,100000.0,2024-09-24,3000.0,30,True,Stock Options Cross,Consumer Staples,Food - Miscellaneous,34.66,34.885,34.55,34.7,2,5.0,20,1,1,1,1,0
KHC,Consumer Staples,Food - Miscellaneous,30__2,30,2.0,1. p999999_trade_value,156000.0,156000.0,O:KHC250321P00031000,KHC,P,31.0,2025-03-21,235,0,323,0.12,1741630921482000000,13000,156000.0,2025-03-10,3000.0,30,True,Multi Leg floor trade,Consumer Staples,Food - Miscellaneous,32.45,33.35,32.16,32.22,1,5.193124598354461,20,1,1,1,1,0
