security,sector,industry,final_cluster,trade_volume_bin,cluster,trade_value_category,category_minimum,category_maximum,option_ticker,security_1,option_type,strike_price,expiration,conditions,correction,exchange,price,sip_timestamp,size,trade_value,data_date,min_trade_value,expiration_days_out,otm_range,option_condition_name,sector_1,industry_1,securty_open,security_high,security_low,security_close,trade_rank,trade_value_log10,number_of_bins,trade_value_bin,itm,itm_expiration_day,itm_expriation_close,otm
LEU,Basic Materials,Mining - Non Ferrous,35__0,35,0.0,6. p95_trade_value,21170.0,63840.00000000001,O:LEU241018C00055000,LEU,C,55.0,2024-10-18,209,0,320,1.7,1727116437734000000,200,34000.0,2024-09-23,3000.0,30,True,Automatic Execution,Basic Materials,Mining - Non Ferrous,46.46,51.49,45.9232,50.3,56,4.531478917042255,20,1,1,1,1,0
LEU,Basic Materials,Mining - Non Ferrous,35__0,35,0.0,8. p75_trade_value,7840.000000000001,13640.0,O:LEU241018C00060000,LEU,C,60.0,2024-10-18,227,0,323,1.4,1727272064041000000,60,8400.0,2024-09-25,3000.0,30,True,Single Leg Auction Non ISO,Basic Materials,Mining - Non Ferrous,53.03,57.54,52.4689,55.04,547,3.9242792860618816,20,5,1,1,1,0
LEU,Basic Materials,Mining - Non Ferrous,35__0,35,0.0,8. p75_trade_value,7840.000000000001,13640.0,O:LEU241018C00060000,LEU,C,60.0,2024-10-18,209,0,304,2.3,1727285216015000000,50,11499.999999999998,2024-09-25,3000.0,30,True,Automatic Execution,Basic Materials,Mining - Non Ferrous,53.03,57.54,52.4689,55.04,297,4.060697840353612,20,3,1,1,1,0
LEU,Basic Materials,Mining - Non Ferrous,35__0,35,0.0,8. p75_trade_value,7840.000000000001,13640.0,O:LEU241018C00060000,LEU,C,60.0,2024-10-18,227,0,301,1.85,1727287201190000000,68,12580.000000000002,2024-09-25,3000.0,30,True,Single Leg Auction Non ISO,Basic Materials,Mining - Non Ferrous,53.03,57.54,52.4689,55.04,265,4.09968064110925,20,3,1,1,1,0
LEU,Basic Materials,Mining - Non Ferrous,35__0,35,0.0,8. p75_trade_value,7840.000000000001,13640.0,O:LEU241018C00060000,LEU,C,60.0,2024-10-18,209,0,320,2.3,1727285216009000000,45,10349.999999999998,2024-09-25,3000.0,30,True,Automatic Execution,Basic Materials,Mining - Non Ferrous,53.03,57.54,52.4689,55.04,374,4.014940349792936,20,4,1,1,1,0
LEU,Basic Materials,Mining - Non Ferrous,35__0,35,0.0,6. p95_trade_value,21170.0,63840.00000000001,O:LEU241018C00060000,LEU,C,60.0,2024-10-18,227,0,323,2.26,1727360470073000000,99,22373.999999999996,2024-09-26,3000.0,30,True,Single Leg Auction Non ISO,Basic Materials,Mining - Non Ferrous,56.4,57.38,54.6,54.79,105,4.349743633744951,20,1,1,1,1,0
LEU,Basic Materials,Mining - Non Ferrous,35__0,35,0.0,7. p90_trade_value,13680.000000000002,21070.0,O:LEU241018C00060000,LEU,C,60.0,2024-10-18,227,0,323,2.01,1727453901961000000,100,20099.999999999996,2024-09-27,3000.0,30,True,Single Leg Auction Non ISO,Basic Materials,Mining - Non Ferrous,54.87,57.84,54.1694,57.72,135,4.303196057420489,20,2,1,1,1,0
LEU,Basic Materials,Mining - Non Ferrous,35__0,35,0.0,8. p75_trade_value,7840.000000000001,13640.0,O:LEU241018C00060000,LEU,C,60.0,2024-10-18,209,0,320,1.3,1727716772975000000,89,11570.0,2024-09-30,3000.0,30,True,Automatic Execution,Basic Materials,Mining - Non Ferrous,58.0,58.79,54.28,54.85,292,4.063333358951749,20,3,1,1,1,0
LEU,Basic Materials,Mining - Non Ferrous,35__0,35,0.0,8. p75_trade_value,7840.000000000001,13640.0,O:LEU241018C00060000,LEU,C,60.0,2024-10-18,209,0,308,2.55,1727791108800000000,50,12749.999999999998,2024-10-01,3000.0,30,True,Automatic Execution,Basic Materials,Mining - Non Ferrous,54.76,59.99,54.76,59.79,261,4.105510184769974,20,3,1,1,1,0
LEU,Basic Materials,Mining - Non Ferrous,35__0,35,0.0,8. p75_trade_value,7840.000000000001,13640.0,O:LEU241018C00060000,LEU,C,60.0,2024-10-18,209,0,308,2.55,1727791023910000000,31,7905.0,2024-10-01,3000.0,30,True,Automatic Execution,Basic Materials,Mining - Non Ferrous,54.76,59.99,54.76,59.79,587,3.8979018742682277,20,5,1,1,1,0
LEU,Basic Materials,Mining - Non Ferrous,35__0,35,0.0,8. p75_trade_value,7840.000000000001,13640.0,O:LEU241018C00060000,LEU,C,60.0,2024-10-18,209,0,308,2.4,1727790844423000000,34,8159.999999999999,2024-10-01,3000.0,30,True,Automatic Execution,Basic Materials,Mining - Non Ferrous,54.76,59.99,54.76,59.79,568,3.9116901587538613,20,5,1,1,1,0
LEU,Basic Materials,Mining - Non Ferrous,35__0,35,0.0,8. p75_trade_value,7840.000000000001,13640.0,O:LEU241018C00060000,LEU,C,60.0,2024-10-18,209,0,308,3.0,1727811044212000000,35,10500.0,2024-10-01,3000.0,30,True,Automatic Execution,Basic Materials,Mining - Non Ferrous,54.76,59.99,54.76,59.79,354,4.021189299069938,20,3,1,1,1,0
LEU,Basic Materials,Mining - Non Ferrous,35__0,35,0.0,8. p75_trade_value,7840.000000000001,13640.0,O:LEU241018C00065000,LEU,C,65.0,2024-10-18,209,0,323,1.45,1727811138984000000,75,10875.0,2024-10-01,3000.0,30,True,Automatic Execution,Basic Materials,Mining - Non Ferrous,54.76,59.99,54.76,59.79,332,4.036429265626675,20,3,1,1,1,0
LEU,Basic Materials,Mining - Non Ferrous,35__0,35,0.0,8. p75_trade_value,7840.000000000001,13640.0,O:LEU241018C00075000,LEU,C,75.0,2024-10-18,209,0,316,1.0,1727882992437000000,111,11100.0,2024-10-02,3000.0,30,True,Automatic Execution,Basic Materials,Mining - Non Ferrous,60.57,65.44,59.01,64.3,323,4.045322978786658,20,3,1,1,1,0
LEU,Basic Materials,Mining - Non Ferrous,35__0,35,0.0,8. p75_trade_value,7840.000000000001,13640.0,O:LEU241018P00055000,LEU,P,55.0,2024-10-18,231,0,300,0.6,1727897177413000000,150,9000.0,2024-10-02,3000.0,30,True,Single Leg Floor Trade,Basic Materials,Mining - Non Ferrous,60.57,65.44,59.01,64.3,497,3.9542425094393248,20,5,0,0,0,1
LEU,Basic Materials,Mining - Non Ferrous,35__0,35,0.0,6. p95_trade_value,21170.0,63840.00000000001,O:LEU241018P00055000,LEU,P,55.0,2024-10-18,231,0,300,0.65,1727897867626000000,382,24830.0,2024-10-02,3000.0,30,True,Single Leg Floor Trade,Basic Materials,Mining - Non Ferrous,60.57,65.44,59.01,64.3,94,4.394976719554564,20,1,0,0,0,1
LEU,Basic Materials,Mining - Non Ferrous,35__0,35,0.0,8. p75_trade_value,7840.000000000001,13640.0,O:LEU241018C00075000,LEU,C,75.0,2024-10-18,209,0,308,1.0,1727964566714000000,98,9800.0,2024-10-03,3000.0,30,True,Automatic Execution,Basic Materials,Mining - Non Ferrous,67.01,67.01,62.76,64.87,413,3.9912260756924947,20,4,1,1,1,0
LEU,Basic Materials,Mining - Non Ferrous,35__0,35,0.0,7. p90_trade_value,13680.000000000002,21070.0,O:LEU241018P00060000,LEU,P,60.0,2024-10-18,227,0,323,1.95,1727967939521000000,100,19500.0,2024-10-03,3000.0,30,True,Single Leg Auction Non ISO,Basic Materials,Mining - Non Ferrous,67.01,67.01,62.76,64.87,144,4.290034611362518,20,2,1,0,0,0
LEU,Basic Materials,Mining - Non Ferrous,35__0,35,0.0,6. p95_trade_value,21170.0,63840.00000000001,O:LEU241018C00075000,LEU,C,75.0,2024-10-18,209,0,308,1.0,1728308060051000000,628,62800.0,2024-10-07,3000.0,30,True,Automatic Execution,Basic Materials,Mining - Non Ferrous,69.5,69.5,63.96,64.66,26,4.7979596437371965,20,1,1,1,1,0
LEU,Basic Materials,Mining - Non Ferrous,35__0,35,0.0,8. p75_trade_value,7840.000000000001,13640.0,O:LEU241018C00070000,LEU,C,70.0,2024-10-18,209,0,319,0.95,1728503374375000000,99,9405.0,2024-10-09,3000.0,30,True,Automatic Execution,Basic Materials,Mining - Non Ferrous,66.16,67.1599,62.81,63.05,445,3.9733587998863977,20,4,1,1,1,0
LEU,Basic Materials,Mining - Non Ferrous,35__0,35,0.0,8. p75_trade_value,7840.000000000001,13640.0,O:LEU241018C00070000,LEU,C,70.0,2024-10-18,209,0,325,1.05,1728483358593000000,97,10185.0,2024-10-09,3000.0,30,True,Automatic Execution,Basic Materials,Mining - Non Ferrous,66.16,67.1599,62.81,63.05,382,4.007961033336183,20,4,1,1,1,0
LEU,Basic Materials,Mining - Non Ferrous,35__0,35,0.0,6. p95_trade_value,21170.0,63840.00000000001,O:LEU241018C00075000,LEU,C,75.0,2024-10-18,209,0,303,0.65,1728481234353000000,400,26000.0,2024-10-09,3000.0,30,True,Automatic Execution,Basic Materials,Mining - Non Ferrous,66.16,67.1599,62.81,63.05,86,4.414973347970818,20,1,1,1,1,0
LEU,Basic Materials,Mining - Non Ferrous,35__0,35,0.0,8. p75_trade_value,7840.000000000001,13640.0,O:LEU241018C00075000,LEU,C,75.0,2024-10-18,209,0,308,0.45,1728484433857000000,232,10440.0,2024-10-09,3000.0,30,True,Automatic Execution,Basic Materials,Mining - Non Ferrous,66.16,67.1599,62.81,63.05,358,4.018700498666243,20,4,1,1,1,0
LEU,Basic Materials,Mining - Non Ferrous,35__0,35,0.0,8. p75_trade_value,7840.000000000001,13640.0,O:LEU241018C00075000,LEU,C,75.0,2024-10-18,209,0,308,0.45,1728484433857000000,232,10440.0,2024-10-09,3000.0,30,True,Automatic Execution,Basic Materials,Mining - Non Ferrous,66.16,67.1599,62.81,63.05,359,4.018700498666243,20,4,1,1,1,0
LEU,Basic Materials,Mining - Non Ferrous,35__0,35,0.0,5. p99_trade_value,65000.0,106983.99999999999,O:LEU241018P00050000,LEU,P,50.0,2024-10-18,227,0,323,0.43,1728570738805000000,2488,106983.99999999999,2024-10-10,3000.0,30,True,Single Leg Auction Non ISO,Basic Materials,Mining - Non Ferrous,60.87,61.49,55.02,55.8,4,5.029318831598368,20,1,0,0,0,1
LEU,Basic Materials,Mining - Non Ferrous,35__0,35,0.0,8. p75_trade_value,7840.000000000001,13640.0,O:LEU241018C00060000,LEU,C,60.0,2024-10-18,209,0,320,1.3,1728662051321000000,100,13000.0,2024-10-11,3000.0,30,True,Automatic Execution,Basic Materials,Mining - Non Ferrous,56.36,59.84,55.38,59.46,255,4.113943352306837,20,3,1,1,1,0
LEU,Basic Materials,Mining - Non Ferrous,35__0,35,0.0,7. p90_trade_value,13680.000000000002,21070.0,O:LEU241018C00065000,LEU,C,65.0,2024-10-18,209,0,303,0.65,1728670060801000000,299,19435.0,2024-10-11,3000.0,30,True,Automatic Execution,Basic Materials,Mining - Non Ferrous,56.36,59.84,55.38,59.46,147,4.288584544967285,20,2,1,1,1,0
LEU,Basic Materials,Mining - Non Ferrous,35__0,35,0.0,8. p75_trade_value,7840.000000000001,13640.0,O:LEU241018C00065000,LEU,C,65.0,2024-10-18,209,0,308,0.7,1728673182910000000,190,13300.0,2024-10-11,3000.0,30,True,Automatic Execution,Basic Materials,Mining - Non Ferrous,56.36,59.84,55.38,59.46,246,4.123851640967086,20,3,1,1,1,0
LEU,Basic Materials,Mining - Non Ferrous,35__0,35,0.0,6. p95_trade_value,21170.0,63840.00000000001,O:LEU241018P00050000,LEU,P,50.0,2024-10-18,227,0,323,0.25,1728658105799000000,2499,62475.0,2024-10-11,3000.0,30,True,Single Leg Auction Non ISO,Basic Materials,Mining - Non Ferrous,56.36,59.84,55.38,59.46,27,4.795706264798488,20,1,0,0,0,1
LEU,Basic Materials,Mining - Non Ferrous,35__0,35,0.0,5. p99_trade_value,65000.0,106983.99999999999,O:LEU241018C00060000,LEU,C,60.0,2024-10-18,229,0,302,1.33,1728935245424000000,500,66500.0,2024-10-14,3000.0,30,True,Single Leg Cross Non ISO,Basic Materials,Mining - Non Ferrous,59.63,59.9,56.95,59.12,21,4.8228216453031045,20,1,1,1,1,0
LEU,Basic Materials,Mining - Non Ferrous,35__0,35,0.0,7. p90_trade_value,13680.000000000002,21070.0,O:LEU241018C00065000,LEU,C,65.0,2024-10-18,209,0,308,1.15,1729000029301000000,128,14719.999999999998,2024-10-15,3000.0,30,True,Automatic Execution,Basic Materials,Mining - Non Ferrous,59.6,64.38,58.97,61.3,207,4.16790781000148,20,2,1,1,1,0
LEU,Basic Materials,Mining - Non Ferrous,35__0,35,0.0,8. p75_trade_value,7840.000000000001,13640.0,O:LEU241018C00080000,LEU,C,80.0,2024-10-18,209,0,320,1.1,1729107567006000000,90,9900.000000000002,2024-10-16,3000.0,30,True,Automatic Execution,Basic Materials,Mining - Non Ferrous,62.82,77.49,62.82,77.39,405,3.99563519459755,20,4,1,1,1,0
LEU,Basic Materials,Mining - Non Ferrous,35__0,35,0.0,7. p90_trade_value,13680.000000000002,21070.0,O:LEU241115C00080000,LEU,C,80.0,2024-11-15,227,0,323,6.3,1729107057547000000,25,15750.0,2024-10-16,3000.0,30,True,Single Leg Auction Non ISO,Basic Materials,Mining - Non Ferrous,62.82,77.49,62.82,77.39,186,4.19728055812562,20,2,1,1,0,0
LEU,Basic Materials,Mining - Non Ferrous,35__0,35,0.0,6. p95_trade_value,21170.0,63840.00000000001,O:LEU241115C00080000,LEU,C,80.0,2024-11-15,209,0,320,4.7,1729097292140000000,90,42300.0,2024-10-16,3000.0,30,True,Automatic Execution,Basic Materials,Mining - Non Ferrous,62.82,77.49,62.82,77.39,45,4.626340367375042,20,1,1,1,0,0
LEU,Basic Materials,Mining - Non Ferrous,35__0,35,0.0,8. p75_trade_value,7840.000000000001,13640.0,O:LEU241115C00080000,LEU,C,80.0,2024-11-15,209,0,319,6.3,1729107443947000000,15,9450.0,2024-10-16,3000.0,30,True,Automatic Execution,Basic Materials,Mining - Non Ferrous,62.82,77.49,62.82,77.39,442,3.975431808509263,20,4,1,1,0,0
LEU,Basic Materials,Mining - Non Ferrous,35__0,35,0.0,8. p75_trade_value,7840.000000000001,13640.0,O:LEU241115C00085000,LEU,C,85.0,2024-11-15,227,0,323,4.7,1729107082347000000,25,11750.0,2024-10-16,3000.0,30,True,Single Leg Auction Non ISO,Basic Materials,Mining - Non Ferrous,62.82,77.49,62.82,77.39,289,4.0700378666077555,20,3,1,0,0,0
LEU,Basic Materials,Mining - Non Ferrous,35__0,35,0.0,8. p75_trade_value,7840.000000000001,13640.0,O:LEU241115C00085000,LEU,C,85.0,2024-11-15,227,0,323,2.47,1729088804180000000,50,12350.000000000002,2024-10-16,3000.0,30,True,Single Leg Auction Non ISO,Basic Materials,Mining - Non Ferrous,62.82,77.49,62.82,77.39,274,4.0916669575956846,20,3,1,0,0,0
LEU,Basic Materials,Mining - Non Ferrous,35__0,35,0.0,6. p95_trade_value,21170.0,63840.00000000001,O:LEU241115C00090000,LEU,C,90.0,2024-11-15,209,0,303,3.5,1729105060815000000,100,35000.0,2024-10-16,3000.0,30,True,Automatic Execution,Basic Materials,Mining - Non Ferrous,62.82,77.49,62.82,77.39,51,4.544068044350276,20,1,1,0,0,0
LEU,Basic Materials,Mining - Non Ferrous,35__0,35,0.0,8. p75_trade_value,7840.000000000001,13640.0,O:LEU241115C00090000,LEU,C,90.0,2024-11-15,209,0,308,3.8,1729108762667000000,22,8360.0,2024-10-16,3000.0,30,True,Automatic Execution,Basic Materials,Mining - Non Ferrous,62.82,77.49,62.82,77.39,553,3.9222062774390163,20,5,1,0,0,0
LEU,Basic Materials,Mining - Non Ferrous,35__0,35,0.0,5. p99_trade_value,65000.0,106983.99999999999,O:LEU241115C00090000,LEU,C,90.0,2024-11-15,209,0,320,3.5,1729101997270000000,200,70000.0,2024-10-16,3000.0,30,True,Automatic Execution,Basic Materials,Mining - Non Ferrous,62.82,77.49,62.82,77.39,17,4.845098040014257,20,1,1,0,0,0
LEU,Basic Materials,Mining - Non Ferrous,35__0,35,0.0,5. p99_trade_value,65000.0,106983.99999999999,O:LEU241115C00090000,LEU,C,90.0,2024-11-15,209,0,301,3.5,1729101997307000000,200,70000.0,2024-10-16,3000.0,30,True,Automatic Execution,Basic Materials,Mining - Non Ferrous,62.82,77.49,62.82,77.39,18,4.845098040014257,20,1,1,0,0,0
LEU,Basic Materials,Mining - Non Ferrous,35__0,35,0.0,8. p75_trade_value,7840.000000000001,13640.0,O:LEU241115C00100000,LEU,C,100.0,2024-11-15,209,0,323,2.35,1729102110561000000,39,9165.0,2024-10-16,3000.0,30,True,Automatic Execution,Basic Materials,Mining - Non Ferrous,62.82,77.49,62.82,77.39,479,3.9621324692982354,20,5,1,0,0,0
LEU,Basic Materials,Mining - Non Ferrous,35__0,35,0.0,8. p75_trade_value,7840.000000000001,13640.0,O:LEU241115C00100000,LEU,C,100.0,2024-11-15,209,0,320,2.1,1729107939239000000,50,10500.0,2024-10-16,3000.0,30,True,Automatic Execution,Basic Materials,Mining - Non Ferrous,62.82,77.49,62.82,77.39,351,4.021189299069938,20,3,1,0,0,0
LEU,Basic Materials,Mining - Non Ferrous,35__0,35,0.0,4. p999_trade_value,112210.00000000001,132620.0,O:LEU241115C00100000,LEU,C,100.0,2024-11-15,209,0,320,1.9,1729101892898000000,698,132620.0,2024-10-16,3000.0,30,True,Automatic Execution,Basic Materials,Mining - Non Ferrous,62.82,77.49,62.82,77.39,2,5.12260902357599,20,1,1,0,0,0
LEU,Basic Materials,Mining - Non Ferrous,35__0,35,0.0,7. p90_trade_value,13680.000000000002,21070.0,O:LEU241115P00055000,LEU,P,55.0,2024-11-15,209,0,301,0.7,1729108453237000000,243,17010.0,2024-10-16,3000.0,30,True,Automatic Execution,Basic Materials,Mining - Non Ferrous,62.82,77.49,62.82,77.39,166,4.230704313612569,20,2,0,0,0,1
LEU,Basic Materials,Mining - Non Ferrous,35__0,35,0.0,8. p75_trade_value,7840.000000000001,13640.0,O:LEU241018C00095000,LEU,C,95.0,2024-10-18,231,0,301,1.9,1729174197219000000,71,13490.0,2024-10-17,3000.0,30,True,Single Leg Floor Trade,Basic Materials,Mining - Non Ferrous,84.0,90.2,79.34,81.05,242,4.130011949671904,20,3,1,1,1,0
LEU,Basic Materials,Mining - Non Ferrous,35__0,35,0.0,7. p90_trade_value,13680.000000000002,21070.0,O:LEU241115C00095000,LEU,C,95.0,2024-11-15,209,0,323,7.8,1729176078744000000,20,15600.0,2024-10-17,3000.0,30,True,Automatic Execution,Basic Materials,Mining - Non Ferrous,84.0,90.2,79.34,81.05,190,4.193124598354461,20,2,1,0,0,0
LEU,Basic Materials,Mining - Non Ferrous,35__0,35,0.0,8. p75_trade_value,7840.000000000001,13640.0,O:LEU241115C00095000,LEU,C,95.0,2024-11-15,231,0,301,8.6,1729172866554000000,10,8600.0,2024-10-17,3000.0,30,True,Single Leg Floor Trade,Basic Materials,Mining - Non Ferrous,84.0,90.2,79.34,81.05,525,3.934498451243568,20,5,1,0,0,0
LEU,Basic Materials,Mining - Non Ferrous,35__0,35,0.0,8. p75_trade_value,7840.000000000001,13640.0,O:LEU241115C00095000,LEU,C,95.0,2024-11-15,209,0,301,7.0,1729175516833000000,12,8400.0,2024-10-17,3000.0,30,True,Automatic Execution,Basic Materials,Mining - Non Ferrous,84.0,90.2,79.34,81.05,549,3.9242792860618816,20,5,1,0,0,0
LEU,Basic Materials,Mining - Non Ferrous,35__0,35,0.0,8. p75_trade_value,7840.000000000001,13640.0,O:LEU241115C00095000,LEU,C,95.0,2024-11-15,209,0,313,7.0,1729175516831000000,12,8400.0,2024-10-17,3000.0,30,True,Automatic Execution,Basic Materials,Mining - Non Ferrous,84.0,90.2,79.34,81.05,550,3.9242792860618816,20,5,1,0,0,0
LEU,Basic Materials,Mining - Non Ferrous,35__0,35,0.0,7. p90_trade_value,13680.000000000002,21070.0,O:LEU241115C00100000,LEU,C,100.0,2024-11-15,227,0,323,5.84,1729173645095000000,24,14016.0,2024-10-17,3000.0,30,True,Single Leg Auction Non ISO,Basic Materials,Mining - Non Ferrous,84.0,90.2,79.34,81.05,225,4.146624088824005,20,2,1,0,0,0
LEU,Basic Materials,Mining - Non Ferrous,35__0,35,0.0,8. p75_trade_value,7840.000000000001,13640.0,O:LEU241115C00100000,LEU,C,100.0,2024-11-15,209,0,308,4.4,1729178955002000000,20,8800.0,2024-10-17,3000.0,30,True,Automatic Execution,Basic Materials,Mining - Non Ferrous,84.0,90.2,79.34,81.05,509,3.9444826721501687,20,5,1,0,0,0
LEU,Basic Materials,Mining - Non Ferrous,35__0,35,0.0,8. p75_trade_value,7840.000000000001,13640.0,O:LEU241115C00100000,LEU,C,100.0,2024-11-15,209,0,313,5.4,1729172929316000000,16,8640.0,2024-10-17,3000.0,30,True,Automatic Execution,Basic Materials,Mining - Non Ferrous,84.0,90.2,79.34,81.05,518,3.936513742478893,20,5,1,0,0,0
LEU,Basic Materials,Mining - Non Ferrous,35__0,35,0.0,8. p75_trade_value,7840.000000000001,13640.0,O:LEU241115C00100000,LEU,C,100.0,2024-11-15,231,0,301,5.8,1729176725909000000,18,10440.0,2024-10-17,3000.0,30,True,Single Leg Floor Trade,Basic Materials,Mining - Non Ferrous,84.0,90.2,79.34,81.05,361,4.018700498666243,20,4,1,0,0,0
LEU,Basic Materials,Mining - Non Ferrous,35__0,35,0.0,7. p90_trade_value,13680.000000000002,21070.0,O:LEU241115C00100000,LEU,C,100.0,2024-11-15,209,0,308,5.7,1729174982562000000,24,13680.000000000002,2024-10-17,3000.0,30,True,Automatic Execution,Basic Materials,Mining - Non Ferrous,84.0,90.2,79.34,81.05,238,4.136086097384098,20,2,1,0,0,0
LEU,Basic Materials,Mining - Non Ferrous,35__0,35,0.0,8. p75_trade_value,7840.000000000001,13640.0,O:LEU241115P00075000,LEU,P,75.0,2024-11-15,227,0,323,4.56,1729171890337000000,20,9119.999999999998,2024-10-17,3000.0,30,True,Single Leg Auction Non ISO,Basic Materials,Mining - Non Ferrous,84.0,90.2,79.34,81.05,483,3.959994838328416,20,5,1,1,1,0
LEU,Basic Materials,Mining - Non Ferrous,35__0,35,0.0,8. p75_trade_value,7840.000000000001,13640.0,O:LEU241115C00110000,LEU,C,110.0,2024-11-15,209,0,316,6.5,1729266915037000000,20,13000.0,2024-10-18,3000.0,30,True,Automatic Execution,Basic Materials,Mining - Non Ferrous,84.53,100.87,82.35,98.59,254,4.113943352306837,20,3,1,0,0,0
LEU,Basic Materials,Mining - Non Ferrous,35__0,35,0.0,8. p75_trade_value,7840.000000000001,13640.0,O:LEU241115C00110000,LEU,C,110.0,2024-11-15,232,0,308,9.02,1729272643901000000,12,10824.0,2024-10-18,3000.0,30,True,Multi Leg auto-electronic trade,Basic Materials,Mining - Non Ferrous,84.53,100.87,82.35,98.59,335,4.034387783589566,20,3,1,0,0,0
LEU,Basic Materials,Mining - Non Ferrous,35__0,35,0.0,8. p75_trade_value,7840.000000000001,13640.0,O:LEU241115C00110000,LEU,C,110.0,2024-11-15,232,0,308,7.8,1729281207374000000,12,9360.0,2024-10-18,3000.0,30,True,Multi Leg auto-electronic trade,Basic Materials,Mining - Non Ferrous,84.53,100.87,82.35,98.59,454,3.971275848738105,20,4,1,0,0,0
LEU,Basic Materials,Mining - Non Ferrous,35__0,35,0.0,7. p90_trade_value,13680.000000000002,21070.0,O:LEU241115C00115000,LEU,C,115.0,2024-11-15,209,0,320,6.9,1729278585825000000,25,17250.0,2024-10-18,3000.0,30,True,Automatic Execution,Basic Materials,Mining - Non Ferrous,84.53,100.87,82.35,98.59,164,4.236789099409293,20,2,1,0,0,0
LEU,Basic Materials,Mining - Non Ferrous,35__0,35,0.0,6. p95_trade_value,21170.0,63840.00000000001,O:LEU241115C00130000,LEU,C,130.0,2024-11-15,209,0,308,5.1,1729272031860000000,48,24480.0,2024-10-18,3000.0,30,True,Automatic Execution,Basic Materials,Mining - Non Ferrous,84.53,100.87,82.35,98.59,97,4.388811413473523,20,1,0,0,0,1
LEU,Basic Materials,Mining - Non Ferrous,35__0,35,0.0,8. p75_trade_value,7840.000000000001,13640.0,O:LEU241115C00135000,LEU,C,135.0,2024-11-15,227,0,301,3.76,1729270677382000000,25,9400.0,2024-10-18,3000.0,30,True,Single Leg Auction Non ISO,Basic Materials,Mining - Non Ferrous,84.53,100.87,82.35,98.59,447,3.9731278535996988,20,4,0,0,0,1
LEU,Basic Materials,Mining - Non Ferrous,35__0,35,0.0,8. p75_trade_value,7840.000000000001,13640.0,O:LEU241115C00135000,LEU,C,135.0,2024-11-15,227,0,301,3.76,1729270677382000000,25,9400.0,2024-10-18,3000.0,30,True,Single Leg Auction Non ISO,Basic Materials,Mining - Non Ferrous,84.53,100.87,82.35,98.59,446,3.9731278535996988,20,4,0,0,0,1
LEU,Basic Materials,Mining - Non Ferrous,35__0,35,0.0,8. p75_trade_value,7840.000000000001,13640.0,O:LEU241115P00065000,LEU,P,65.0,2024-11-15,209,0,325,1.1,1729260616498000000,76,8360.0,2024-10-18,3000.0,30,True,Automatic Execution,Basic Materials,Mining - Non Ferrous,84.53,100.87,82.35,98.59,555,3.9222062774390163,20,5,0,0,0,1
LEU,Basic Materials,Mining - Non Ferrous,35__0,35,0.0,8. p75_trade_value,7840.000000000001,13640.0,O:LEU241115P00065000,LEU,P,65.0,2024-11-15,209,0,318,1.1,1729260616496000000,80,8800.0,2024-10-18,3000.0,30,True,Automatic Execution,Basic Materials,Mining - Non Ferrous,84.53,100.87,82.35,98.59,511,3.9444826721501687,20,5,0,0,0,1
LEU,Basic Materials,Mining - Non Ferrous,35__0,35,0.0,8. p75_trade_value,7840.000000000001,13640.0,O:LEU241115P00065000,LEU,P,65.0,2024-11-15,209,0,308,1.7,1729258344849000000,50,8500.0,2024-10-18,3000.0,30,True,Automatic Execution,Basic Materials,Mining - Non Ferrous,84.53,100.87,82.35,98.59,541,3.929418925714293,20,5,0,0,0,1
LEU,Basic Materials,Mining - Non Ferrous,35__0,35,0.0,8. p75_trade_value,7840.000000000001,13640.0,O:LEU241115P00080000,LEU,P,80.0,2024-11-15,209,0,315,3.5,1729279414861000000,23,8050.0,2024-10-18,3000.0,30,True,Automatic Execution,Basic Materials,Mining - Non Ferrous,84.53,100.87,82.35,98.59,575,3.9057958803678687,20,5,1,1,1,0
LEU,Basic Materials,Mining - Non Ferrous,35__0,35,0.0,8. p75_trade_value,7840.000000000001,13640.0,O:LEU241115C00110000,LEU,C,110.0,2024-11-15,209,0,313,6.6,1729523431446000000,15,9900.0,2024-10-21,3000.0,30,True,Automatic Execution,Basic Materials,Mining - Non Ferrous,104.0,104.5,92.15,94.48,407,3.99563519459755,20,4,1,0,0,0
LEU,Basic Materials,Mining - Non Ferrous,35__0,35,0.0,8. p75_trade_value,7840.000000000001,13640.0,O:LEU241115C00110000,LEU,C,110.0,2024-11-15,209,0,325,5.9,1729533533800000000,17,10030.000000000002,2024-10-21,3000.0,30,True,Automatic Execution,Basic Materials,Mining - Non Ferrous,104.0,104.5,92.15,94.48,388,4.001300933020418,20,4,1,0,0,0
LEU,Basic Materials,Mining - Non Ferrous,35__0,35,0.0,8. p75_trade_value,7840.000000000001,13640.0,O:LEU241115C00110000,LEU,C,110.0,2024-11-15,227,0,301,9.56,1729517420982000000,10,9560.0,2024-10-21,3000.0,30,True,Single Leg Auction Non ISO,Basic Materials,Mining - Non Ferrous,104.0,104.5,92.15,94.48,434,3.9804578922761,20,4,1,0,0,0
LEU,Basic Materials,Mining - Non Ferrous,35__0,35,0.0,8. p75_trade_value,7840.000000000001,13640.0,O:LEU241115C00110000,LEU,C,110.0,2024-11-15,227,0,301,7.12,1729526435123000000,14,9968.0,2024-10-21,3000.0,30,True,Single Leg Auction Non ISO,Basic Materials,Mining - Non Ferrous,104.0,104.5,92.15,94.48,403,3.9986080293150943,20,4,1,0,0,0
LEU,Basic Materials,Mining - Non Ferrous,35__0,35,0.0,8. p75_trade_value,7840.000000000001,13640.0,O:LEU241115C00115000,LEU,C,115.0,2024-11-15,209,0,325,5.0,1729534126629000000,16,8000.0,2024-10-21,3000.0,30,True,Automatic Execution,Basic Materials,Mining - Non Ferrous,104.0,104.5,92.15,94.48,578,3.9030899869919438,20,5,1,0,0,0
LEU,Basic Materials,Mining - Non Ferrous,35__0,35,0.0,6. p95_trade_value,21170.0,63840.00000000001,O:LEU241115C00120000,LEU,C,120.0,2024-11-15,209,0,316,4.7,1729532505824000000,56,26320.0,2024-10-21,3000.0,30,True,Automatic Execution,Basic Materials,Mining - Non Ferrous,104.0,104.5,92.15,94.48,85,4.420285884941918,20,1,0,0,0,1
LEU,Basic Materials,Mining - Non Ferrous,35__0,35,0.0,8. p75_trade_value,7840.000000000001,13640.0,O:LEU241115C00120000,LEU,C,120.0,2024-11-15,227,0,302,5.22,1729518503356000000,20,10440.0,2024-10-21,3000.0,30,True,Single Leg Auction Non ISO,Basic Materials,Mining - Non Ferrous,104.0,104.5,92.15,94.48,360,4.018700498666243,20,4,0,0,0,1
LEU,Basic Materials,Mining - Non Ferrous,35__0,35,0.0,6. p95_trade_value,21170.0,63840.00000000001,O:LEU241115C00130000,LEU,C,130.0,2024-11-15,209,0,301,5.4,1729517478234000000,55,29700.0,2024-10-21,3000.0,30,True,Automatic Execution,Basic Materials,Mining - Non Ferrous,104.0,104.5,92.15,94.48,70,4.472756449317212,20,1,0,0,0,1
LEU,Basic Materials,Mining - Non Ferrous,35__0,35,0.0,8. p75_trade_value,7840.000000000001,13640.0,O:LEU241115P00075000,LEU,P,75.0,2024-11-15,227,0,312,2.43,1729527217468000000,39,9477.000000000002,2024-10-21,3000.0,30,True,Single Leg Auction Non ISO,Basic Materials,Mining - Non Ferrous,104.0,104.5,92.15,94.48,441,3.9766708806248117,20,4,1,1,1,0
LEU,Basic Materials,Mining - Non Ferrous,35__0,35,0.0,8. p75_trade_value,7840.000000000001,13640.0,O:LEU241115P00085000,LEU,P,85.0,2024-11-15,209,0,308,5.6,1729523200133000000,20,11200.0,2024-10-21,3000.0,30,True,Automatic Execution,Basic Materials,Mining - Non Ferrous,104.0,104.5,92.15,94.48,318,4.049218022670182,20,3,1,1,1,0
LEU,Basic Materials,Mining - Non Ferrous,35__0,35,0.0,8. p75_trade_value,7840.000000000001,13640.0,O:LEU241115C00100000,LEU,C,100.0,2024-11-15,209,0,301,7.9,1729608120489000000,10,7900.0,2024-10-22,3000.0,30,True,Automatic Execution,Basic Materials,Mining - Non Ferrous,95.0,99.9,87.19,93.36,590,3.8976270912904414,20,5,1,0,0,0
LEU,Basic Materials,Mining - Non Ferrous,35__0,35,0.0,8. p75_trade_value,7840.000000000001,13640.0,O:LEU241115C00100000,LEU,C,100.0,2024-11-15,209,0,301,8.0,1729608371467000000,10,8000.0,2024-10-22,3000.0,30,True,Automatic Execution,Basic Materials,Mining - Non Ferrous,95.0,99.9,87.19,93.36,582,3.9030899869919438,20,5,1,0,0,0
LEU,Basic Materials,Mining - Non Ferrous,35__0,35,0.0,8. p75_trade_value,7840.000000000001,13640.0,O:LEU241115C00100000,LEU,C,100.0,2024-11-15,227,0,301,10.51,1729605647714000000,10,10510.0,2024-10-22,3000.0,30,True,Single Leg Auction Non ISO,Basic Materials,Mining - Non Ferrous,95.0,99.9,87.19,93.36,350,4.021602716028243,20,3,1,0,0,0
LEU,Basic Materials,Mining - Non Ferrous,35__0,35,0.0,8. p75_trade_value,7840.000000000001,13640.0,O:LEU241115C00100000,LEU,C,100.0,2024-11-15,227,0,323,7.84,1729618145482000000,10,7840.000000000001,2024-10-22,3000.0,30,True,Single Leg Auction Non ISO,Basic Materials,Mining - Non Ferrous,95.0,99.9,87.19,93.36,594,3.8943160626844384,20,5,1,0,0,0
LEU,Basic Materials,Mining - Non Ferrous,35__0,35,0.0,8. p75_trade_value,7840.000000000001,13640.0,O:LEU241115C00100000,LEU,C,100.0,2024-11-15,209,0,308,8.8,1729611433348000000,10,8800.0,2024-10-22,3000.0,30,True,Automatic Execution,Basic Materials,Mining - Non Ferrous,95.0,99.9,87.19,93.36,510,3.9444826721501687,20,5,1,0,0,0
LEU,Basic Materials,Mining - Non Ferrous,35__0,35,0.0,8. p75_trade_value,7840.000000000001,13640.0,O:LEU241115C00100000,LEU,C,100.0,2024-11-15,227,0,301,10.98,1729605136997000000,9,9882.0,2024-10-22,3000.0,30,True,Single Leg Auction Non ISO,Basic Materials,Mining - Non Ferrous,95.0,99.9,87.19,93.36,410,3.994844849553398,20,4,1,0,0,0
LEU,Basic Materials,Mining - Non Ferrous,35__0,35,0.0,8. p75_trade_value,7840.000000000001,13640.0,O:LEU241115C00100000,LEU,C,100.0,2024-11-15,209,0,303,9.2,1729612012554000000,10,9200.0,2024-10-22,3000.0,30,True,Automatic Execution,Basic Materials,Mining - Non Ferrous,95.0,99.9,87.19,93.36,473,3.963787827345555,20,4,1,0,0,0
LEU,Basic Materials,Mining - Non Ferrous,35__0,35,0.0,8. p75_trade_value,7840.000000000001,13640.0,O:LEU241115C00100000,LEU,C,100.0,2024-11-15,209,0,316,9.2,1729611584851000000,10,9200.0,2024-10-22,3000.0,30,True,Automatic Execution,Basic Materials,Mining - Non Ferrous,95.0,99.9,87.19,93.36,471,3.963787827345555,20,4,1,0,0,0
LEU,Basic Materials,Mining - Non Ferrous,35__0,35,0.0,8. p75_trade_value,7840.000000000001,13640.0,O:LEU241115C00110000,LEU,C,110.0,2024-11-15,209,0,325,5.35,1729621893159000000,16,8560.0,2024-10-22,3000.0,30,True,Automatic Execution,Basic Materials,Mining - Non Ferrous,95.0,99.9,87.19,93.36,528,3.932473764677153,20,5,1,0,0,0
LEU,Basic Materials,Mining - Non Ferrous,35__0,35,0.0,8. p75_trade_value,7840.000000000001,13640.0,O:LEU241115C00120000,LEU,C,120.0,2024-11-15,209,0,308,4.8,1729603881666000000,20,9600.0,2024-10-22,3000.0,30,True,Automatic Execution,Basic Materials,Mining - Non Ferrous,95.0,99.9,87.19,93.36,431,3.9822712330395684,20,4,0,0,0,1
LEU,Basic Materials,Mining - Non Ferrous,35__0,35,0.0,8. p75_trade_value,7840.000000000001,13640.0,O:LEU241115C00125000,LEU,C,125.0,2024-11-15,209,0,308,3.3,1729621545734000000,30,9900.0,2024-10-22,3000.0,30,True,Automatic Execution,Basic Materials,Mining - Non Ferrous,95.0,99.9,87.19,93.36,409,3.99563519459755,20,4,0,0,0,1
LEU,Basic Materials,Mining - Non Ferrous,35__0,35,0.0,8. p75_trade_value,7840.000000000001,13640.0,O:LEU241115C00140000,LEU,C,140.0,2024-11-15,209,0,308,2.0,1729620681510000000,50,10000.0,2024-10-22,3000.0,30,True,Automatic Execution,Basic Materials,Mining - Non Ferrous,95.0,99.9,87.19,93.36,398,4.0,20,4,0,0,0,1
LEU,Basic Materials,Mining - Non Ferrous,35__0,35,0.0,7. p90_trade_value,13680.000000000002,21070.0,O:LEU241115P00075000,LEU,P,75.0,2024-11-15,209,0,320,3.5,1729606882108000000,57,19950.0,2024-10-22,3000.0,30,True,Automatic Execution,Basic Materials,Mining - Non Ferrous,95.0,99.9,87.19,93.36,137,4.299942900022767,20,2,1,1,1,0
LEU,Basic Materials,Mining - Non Ferrous,35__0,35,0.0,8. p75_trade_value,7840.000000000001,13640.0,O:LEU241115P00075000,LEU,P,75.0,2024-11-15,209,0,320,3.3,1729606750720000000,40,13200.0,2024-10-22,3000.0,30,True,Automatic Execution,Basic Materials,Mining - Non Ferrous,95.0,99.9,87.19,93.36,250,4.12057393120585,20,3,1,1,1,0
LEU,Basic Materials,Mining - Non Ferrous,35__0,35,0.0,7. p90_trade_value,13680.000000000002,21070.0,O:LEU241115P00080000,LEU,P,80.0,2024-11-15,209,0,300,5.4,1729606783151000000,26,14040.0,2024-10-22,3000.0,30,True,Automatic Execution,Basic Materials,Mining - Non Ferrous,95.0,99.9,87.19,93.36,223,4.147367107793786,20,2,1,1,1,0
LEU,Basic Materials,Mining - Non Ferrous,35__0,35,0.0,8. p75_trade_value,7840.000000000001,13640.0,O:LEU241115P00080000,LEU,P,80.0,2024-11-15,209,0,316,5.2,1729607621358000000,20,10400.0,2024-10-22,3000.0,30,True,Automatic Execution,Basic Materials,Mining - Non Ferrous,95.0,99.9,87.19,93.36,366,4.017033339298781,20,4,1,1,1,0
LEU,Basic Materials,Mining - Non Ferrous,35__0,35,0.0,6. p95_trade_value,21170.0,63840.00000000001,O:LEU241115P00080000,LEU,P,80.0,2024-11-15,209,0,323,5.4,1729606783151000000,55,29700.0,2024-10-22,3000.0,30,True,Automatic Execution,Basic Materials,Mining - Non Ferrous,95.0,99.9,87.19,93.36,72,4.472756449317212,20,1,1,1,1,0
LEU,Basic Materials,Mining - Non Ferrous,35__0,35,0.0,8. p75_trade_value,7840.000000000001,13640.0,O:LEU241115P00080000,LEU,P,80.0,2024-11-15,209,0,302,5.4,1729606783151000000,16,8640.0,2024-10-22,3000.0,30,True,Automatic Execution,Basic Materials,Mining - Non Ferrous,95.0,99.9,87.19,93.36,519,3.936513742478893,20,5,1,1,1,0
LEU,Basic Materials,Mining - Non Ferrous,35__0,35,0.0,8. p75_trade_value,7840.000000000001,13640.0,O:LEU241115P00080000,LEU,P,80.0,2024-11-15,209,0,312,5.4,1729606783151000000,23,12420.0,2024-10-22,3000.0,30,True,Automatic Execution,Basic Materials,Mining - Non Ferrous,95.0,99.9,87.19,93.36,268,4.094121595840561,20,3,1,1,1,0
LEU,Basic Materials,Mining - Non Ferrous,35__0,35,0.0,8. p75_trade_value,7840.000000000001,13640.0,O:LEU241115P00080000,LEU,P,80.0,2024-11-15,209,0,318,5.4,1729606783151000000,18,9720.0,2024-10-22,3000.0,30,True,Automatic Execution,Basic Materials,Mining - Non Ferrous,95.0,99.9,87.19,93.36,419,3.9876662649262746,20,4,1,1,1,0
LEU,Basic Materials,Mining - Non Ferrous,35__0,35,0.0,8. p75_trade_value,7840.000000000001,13640.0,O:LEU241115P00080000,LEU,P,80.0,2024-11-15,209,0,315,5.4,1729606783151000000,18,9720.0,2024-10-22,3000.0,30,True,Automatic Execution,Basic Materials,Mining - Non Ferrous,95.0,99.9,87.19,93.36,420,3.9876662649262746,20,4,1,1,1,0
LEU,Basic Materials,Mining - Non Ferrous,35__0,35,0.0,8. p75_trade_value,7840.000000000001,13640.0,O:LEU241115P00080000,LEU,P,80.0,2024-11-15,209,0,325,5.4,1729606783152000000,20,10800.0,2024-10-22,3000.0,30,True,Automatic Execution,Basic Materials,Mining - Non Ferrous,95.0,99.9,87.19,93.36,341,4.033423755486949,20,3,1,1,1,0
LEU,Basic Materials,Mining - Non Ferrous,35__0,35,0.0,8. p75_trade_value,7840.000000000001,13640.0,O:LEU241115P00080000,LEU,P,80.0,2024-11-15,209,0,316,5.2,1729607581658000000,20,10400.0,2024-10-22,3000.0,30,True,Automatic Execution,Basic Materials,Mining - Non Ferrous,95.0,99.9,87.19,93.36,367,4.017033339298781,20,4,1,1,1,0
LEU,Basic Materials,Mining - Non Ferrous,35__0,35,0.0,8. p75_trade_value,7840.000000000001,13640.0,O:LEU241115P00085000,LEU,P,85.0,2024-11-15,209,0,322,8.0,1729607506229000000,13,10400.0,2024-10-22,3000.0,30,True,Automatic Execution,Basic Materials,Mining - Non Ferrous,95.0,99.9,87.19,93.36,365,4.017033339298781,20,4,1,1,1,0
LEU,Basic Materials,Mining - Non Ferrous,35__0,35,0.0,8. p75_trade_value,7840.000000000001,13640.0,O:LEU241115C00095000,LEU,C,95.0,2024-11-15,209,0,308,8.5,1729697252695000000,10,8500.0,2024-10-23,3000.0,30,True,Automatic Execution,Basic Materials,Mining - Non Ferrous,90.65,93.92,88.15,90.53,535,3.929418925714293,20,5,1,0,0,0
LEU,Basic Materials,Mining - Non Ferrous,35__0,35,0.0,8. p75_trade_value,7840.000000000001,13640.0,O:LEU241115C00095000,LEU,C,95.0,2024-11-15,209,0,316,7.9,1729690883569000000,10,7900.0,2024-10-23,3000.0,30,True,Automatic Execution,Basic Materials,Mining - Non Ferrous,90.65,93.92,88.15,90.53,588,3.8976270912904414,20,5,1,0,0,0
LEU,Basic Materials,Mining - Non Ferrous,35__0,35,0.0,8. p75_trade_value,7840.000000000001,13640.0,O:LEU241115P00070000,LEU,P,70.0,2024-11-15,209,0,320,2.0,1729705214578000000,50,10000.0,2024-10-23,3000.0,30,True,Automatic Execution,Basic Materials,Mining - Non Ferrous,90.65,93.92,88.15,90.53,390,4.0,20,4,1,1,0,0
LEU,Basic Materials,Mining - Non Ferrous,35__0,35,0.0,8. p75_trade_value,7840.000000000001,13640.0,O:LEU241115P00070000,LEU,P,70.0,2024-11-15,227,0,302,1.78,1729700938963000000,50,8900.0,2024-10-23,3000.0,30,True,Single Leg Auction Non ISO,Basic Materials,Mining - Non Ferrous,90.65,93.92,88.15,90.53,503,3.949390006644913,20,5,1,1,0,0
LEU,Basic Materials,Mining - Non Ferrous,35__0,35,0.0,7. p90_trade_value,13680.000000000002,21070.0,O:LEU241115C00100000,LEU,C,100.0,2024-11-15,209,0,308,5.2,1729779384142000000,40,20800.0,2024-10-24,3000.0,30,True,Automatic Execution,Basic Materials,Mining - Non Ferrous,90.73,92.86,84.23,85.33,124,4.318063334962762,20,2,1,0,0,0
LEU,Basic Materials,Mining - Non Ferrous,35__0,35,0.0,1. p999999_trade_value,232000.0,232000.0,O:LEU241115C00100000,LEU,C,100.0,2024-11-15,209,0,308,5.0,1729779390879000000,464,232000.0,2024-10-24,3000.0,30,True,Automatic Execution,Basic Materials,Mining - Non Ferrous,90.73,92.86,84.23,85.33,1,5.365487984890899,20,1,1,0,0,0
LEU,Basic Materials,Mining - Non Ferrous,35__0,35,0.0,8. p75_trade_value,7840.000000000001,13640.0,O:LEU241115C00100000,LEU,C,100.0,2024-11-15,209,0,304,5.4,1729779383987000000,21,11340.0,2024-10-24,3000.0,30,True,Automatic Execution,Basic Materials,Mining - Non Ferrous,90.73,92.86,84.23,85.33,307,4.054613054556888,20,3,1,0,0,0
LEU,Basic Materials,Mining - Non Ferrous,35__0,35,0.0,7. p90_trade_value,13680.000000000002,21070.0,O:LEU241115C00100000,LEU,C,100.0,2024-11-15,209,0,308,5.2,1729779384150000000,40,20800.0,2024-10-24,3000.0,30,True,Automatic Execution,Basic Materials,Mining - Non Ferrous,90.73,92.86,84.23,85.33,127,4.318063334962762,20,2,1,0,0,0
LEU,Basic Materials,Mining - Non Ferrous,35__0,35,0.0,6. p95_trade_value,21170.0,63840.00000000001,O:LEU241115C00100000,LEU,C,100.0,2024-11-15,209,0,323,5.4,1729779383987000000,40,21600.0,2024-10-24,3000.0,30,True,Automatic Execution,Basic Materials,Mining - Non Ferrous,90.73,92.86,84.23,85.33,113,4.334453751150931,20,1,1,0,0,0
LEU,Basic Materials,Mining - Non Ferrous,35__0,35,0.0,7. p90_trade_value,13680.000000000002,21070.0,O:LEU241115C00100000,LEU,C,100.0,2024-11-15,209,0,308,5.2,1729779384142000000,40,20800.0,2024-10-24,3000.0,30,True,Automatic Execution,Basic Materials,Mining - Non Ferrous,90.73,92.86,84.23,85.33,129,4.318063334962762,20,2,1,0,0,0
LEU,Basic Materials,Mining - Non Ferrous,35__0,35,0.0,7. p90_trade_value,13680.000000000002,21070.0,O:LEU241115C00100000,LEU,C,100.0,2024-11-15,209,0,308,5.2,1729779384150000000,40,20800.0,2024-10-24,3000.0,30,True,Automatic Execution,Basic Materials,Mining - Non Ferrous,90.73,92.86,84.23,85.33,126,4.318063334962762,20,2,1,0,0,0
LEU,Basic Materials,Mining - Non Ferrous,35__0,35,0.0,7. p90_trade_value,13680.000000000002,21070.0,O:LEU241115C00100000,LEU,C,100.0,2024-11-15,209,0,308,5.2,1729779384142000000,40,20800.0,2024-10-24,3000.0,30,True,Automatic Execution,Basic Materials,Mining - Non Ferrous,90.73,92.86,84.23,85.33,123,4.318063334962762,20,2,1,0,0,0
LEU,Basic Materials,Mining - Non Ferrous,35__0,35,0.0,7. p90_trade_value,13680.000000000002,21070.0,O:LEU241115C00100000,LEU,C,100.0,2024-11-15,209,0,308,5.2,1729779384142000000,40,20800.0,2024-10-24,3000.0,30,True,Automatic Execution,Basic Materials,Mining - Non Ferrous,90.73,92.86,84.23,85.33,130,4.318063334962762,20,2,1,0,0,0
LEU,Basic Materials,Mining - Non Ferrous,35__0,35,0.0,7. p90_trade_value,13680.000000000002,21070.0,O:LEU241115C00100000,LEU,C,100.0,2024-11-15,209,0,308,5.2,1729779384150000000,40,20800.0,2024-10-24,3000.0,30,True,Automatic Execution,Basic Materials,Mining - Non Ferrous,90.73,92.86,84.23,85.33,128,4.318063334962762,20,2,1,0,0,0
LEU,Basic Materials,Mining - Non Ferrous,35__0,35,0.0,7. p90_trade_value,13680.000000000002,21070.0,O:LEU241115C00100000,LEU,C,100.0,2024-11-15,209,0,308,5.2,1729779384142000000,40,20800.0,2024-10-24,3000.0,30,True,Automatic Execution,Basic Materials,Mining - Non Ferrous,90.73,92.86,84.23,85.33,125,4.318063334962762,20,2,1,0,0,0
LEU,Basic Materials,Mining - Non Ferrous,35__0,35,0.0,8. p75_trade_value,7840.000000000001,13640.0,O:LEU241115P00070000,LEU,P,70.0,2024-11-15,209,0,320,2.3,1729796989083000000,50,11499.999999999998,2024-10-24,3000.0,30,True,Automatic Execution,Basic Materials,Mining - Non Ferrous,90.73,92.86,84.23,85.33,298,4.060697840353612,20,3,1,1,0,0
LEU,Basic Materials,Mining - Non Ferrous,35__0,35,0.0,8. p75_trade_value,7840.000000000001,13640.0,O:LEU241115P00070000,LEU,P,70.0,2024-11-15,209,0,320,2.0,1729793732298000000,50,10000.0,2024-10-24,3000.0,30,True,Automatic Execution,Basic Materials,Mining - Non Ferrous,90.73,92.86,84.23,85.33,396,4.0,20,4,1,1,0,0
LEU,Basic Materials,Mining - Non Ferrous,35__0,35,0.0,8. p75_trade_value,7840.000000000001,13640.0,O:LEU241115P00070000,LEU,P,70.0,2024-11-15,209,0,320,2.0,1729794319275000000,50,10000.0,2024-10-24,3000.0,30,True,Automatic Execution,Basic Materials,Mining - Non Ferrous,90.73,92.86,84.23,85.33,395,4.0,20,4,1,1,0,0
LEU,Basic Materials,Mining - Non Ferrous,35__0,35,0.0,7. p90_trade_value,13680.000000000002,21070.0,O:LEU241115C00095000,LEU,C,95.0,2024-11-15,233,0,302,5.95,1729870032941000000,25,14875.0,2024-10-25,3000.0,30,True,Multi Leg Auction,Basic Materials,Mining - Non Ferrous,85.33,91.65,84.0084,85.99,205,4.172456974400587,20,2,1,0,0,0
LEU,Basic Materials,Mining - Non Ferrous,35__0,35,0.0,7. p90_trade_value,13680.000000000002,21070.0,O:LEU241115C00100000,LEU,C,100.0,2024-11-15,231,0,301,7.9,1730135005698000000,20,15800.0,2024-10-28,3000.0,30,True,Single Leg Floor Trade,Basic Materials,Mining - Non Ferrous,90.24,98.0,89.0,93.88,185,4.198657086954422,20,2,1,0,0,0
LEU,Basic Materials,Mining - Non Ferrous,35__0,35,0.0,8. p75_trade_value,7840.000000000001,13640.0,O:LEU241115C00100000,LEU,C,100.0,2024-11-15,231,0,301,6.4,1730144594245000000,15,9600.0,2024-10-28,3000.0,30,True,Single Leg Floor Trade,Basic Materials,Mining - Non Ferrous,90.24,98.0,89.0,93.88,432,3.9822712330395684,20,4,1,0,0,0
LEU,Basic Materials,Mining - Non Ferrous,35__0,35,0.0,8. p75_trade_value,7840.000000000001,13640.0,O:LEU241115C00100000,LEU,C,100.0,2024-11-15,232,0,302,8.31,1730135526222000000,10,8310.0,2024-10-28,3000.0,30,True,Multi Leg auto-electronic trade,Basic Materials,Mining - Non Ferrous,90.24,98.0,89.0,93.88,556,3.919601023784111,20,5,1,0,0,0
LEU,Basic Materials,Mining - Non Ferrous,35__0,35,0.0,6. p95_trade_value,21170.0,63840.00000000001,O:LEU241115C00100000,LEU,C,100.0,2024-11-15,209,0,308,8.2,1730135603984000000,69,56579.99999999999,2024-10-28,3000.0,30,True,Automatic Execution,Basic Materials,Mining - Non Ferrous,90.24,98.0,89.0,93.88,30,4.752662943120972,20,1,1,0,0,0
LEU,Basic Materials,Mining - Non Ferrous,35__0,35,0.0,6. p95_trade_value,21170.0,63840.00000000001,O:LEU241115C00100000,LEU,C,100.0,2024-11-15,209,0,308,6.2,1730144392650000000,45,27900.0,2024-10-28,3000.0,30,True,Automatic Execution,Basic Materials,Mining - Non Ferrous,90.24,98.0,89.0,93.88,80,4.445604203273597,20,1,1,0,0,0
LEU,Basic Materials,Mining - Non Ferrous,35__0,35,0.0,6. p95_trade_value,21170.0,63840.00000000001,O:LEU241115C00100000,LEU,C,100.0,2024-11-15,209,0,308,7.0,1730139201716000000,40,28000.0,2024-10-28,3000.0,30,True,Automatic Execution,Basic Materials,Mining - Non Ferrous,90.24,98.0,89.0,93.88,77,4.447158031342219,20,1,1,0,0,0
LEU,Basic Materials,Mining - Non Ferrous,35__0,35,0.0,6. p95_trade_value,21170.0,63840.00000000001,O:LEU241115C00100000,LEU,C,100.0,2024-11-15,209,0,308,8.0,1730137852748000000,30,24000.0,2024-10-28,3000.0,30,True,Automatic Execution,Basic Materials,Mining - Non Ferrous,90.24,98.0,89.0,93.88,100,4.380211241711606,20,1,1,0,0,0
LEU,Basic Materials,Mining - Non Ferrous,35__0,35,0.0,5. p99_trade_value,65000.0,106983.99999999999,O:LEU241115C00100000,LEU,C,100.0,2024-11-15,209,0,320,6.5,1730144139946000000,150,97500.0,2024-10-28,3000.0,30,True,Automatic Execution,Basic Materials,Mining - Non Ferrous,90.24,98.0,89.0,93.88,6,4.989004615698537,20,1,1,0,0,0
LEU,Basic Materials,Mining - Non Ferrous,35__0,35,0.0,7. p90_trade_value,13680.000000000002,21070.0,O:LEU241115C00105000,LEU,C,105.0,2024-11-15,227,0,301,5.16,1730130563019000000,27,13932.0,2024-10-28,3000.0,30,True,Single Leg Auction Non ISO,Basic Materials,Mining - Non Ferrous,90.24,98.0,89.0,93.88,228,4.144013465786198,20,2,1,0,0,0
LEU,Basic Materials,Mining - Non Ferrous,35__0,35,0.0,7. p90_trade_value,13680.000000000002,21070.0,O:LEU241115C00105000,LEU,C,105.0,2024-11-15,227,0,301,5.16,1730130563019000000,28,14448.000000000002,2024-10-28,3000.0,30,True,Single Leg Auction Non ISO,Basic Materials,Mining - Non Ferrous,90.24,98.0,89.0,93.88,213,4.159807732969431,20,2,1,0,0,0
LEU,Basic Materials,Mining - Non Ferrous,35__0,35,0.0,8. p75_trade_value,7840.000000000001,13640.0,O:LEU241115C00110000,LEU,C,110.0,2024-11-15,232,0,308,4.95,1730135297151000000,25,12375.0,2024-10-28,3000.0,30,True,Multi Leg auto-electronic trade,Basic Materials,Mining - Non Ferrous,90.24,98.0,89.0,93.88,273,4.092545207605606,20,3,1,0,0,0
LEU,Basic Materials,Mining - Non Ferrous,35__0,35,0.0,8. p75_trade_value,7840.000000000001,13640.0,O:LEU241115C00110000,LEU,C,110.0,2024-11-15,209,0,320,4.2,1730125520774000000,22,9240.0,2024-10-28,3000.0,30,True,Automatic Execution,Basic Materials,Mining - Non Ferrous,90.24,98.0,89.0,93.88,469,3.9656719712201065,20,4,1,0,0,0
LEU,Basic Materials,Mining - Non Ferrous,35__0,35,0.0,6. p95_trade_value,21170.0,63840.00000000001,O:LEU241115C00110000,LEU,C,110.0,2024-11-15,209,0,300,5.0,1730135226042000000,50,25000.0,2024-10-28,3000.0,30,True,Automatic Execution,Basic Materials,Mining - Non Ferrous,90.24,98.0,89.0,93.88,92,4.3979400086720375,20,1,1,0,0,0
LEU,Basic Materials,Mining - Non Ferrous,35__0,35,0.0,6. p95_trade_value,21170.0,63840.00000000001,O:LEU241115C00110000,LEU,C,110.0,2024-11-15,209,0,308,4.3,1730145003403000000,110,47300.0,2024-10-28,3000.0,30,True,Automatic Execution,Basic Materials,Mining - Non Ferrous,90.24,98.0,89.0,93.88,38,4.674861140737812,20,1,1,0,0,0
LEU,Basic Materials,Mining - Non Ferrous,35__0,35,0.0,6. p95_trade_value,21170.0,63840.00000000001,O:LEU241115C00110000,LEU,C,110.0,2024-11-15,209,0,313,4.3,1730144989899000000,80,34400.0,2024-10-28,3000.0,30,True,Automatic Execution,Basic Materials,Mining - Non Ferrous,90.24,98.0,89.0,93.88,54,4.53655844257153,20,1,1,0,0,0
LEU,Basic Materials,Mining - Non Ferrous,35__0,35,0.0,5. p99_trade_value,65000.0,106983.99999999999,O:LEU241115C00110000,LEU,C,110.0,2024-11-15,209,0,308,4.3,1730144989899000000,200,86000.0,2024-10-28,3000.0,30,True,Automatic Execution,Basic Materials,Mining - Non Ferrous,90.24,98.0,89.0,93.88,9,4.9344984512435675,20,1,1,0,0,0
LEU,Basic Materials,Mining - Non Ferrous,35__0,35,0.0,7. p90_trade_value,13680.000000000002,21070.0,O:LEU241115C00120000,LEU,C,120.0,2024-11-15,209,0,320,3.1,1730139185931000000,47,14570.000000000002,2024-10-28,3000.0,30,True,Automatic Execution,Basic Materials,Mining - Non Ferrous,90.24,98.0,89.0,93.88,210,4.16345955176999,20,2,0,0,0,1
LEU,Basic Materials,Mining - Non Ferrous,35__0,35,0.0,7. p90_trade_value,13680.000000000002,21070.0,O:LEU241115C00120000,LEU,C,120.0,2024-11-15,209,0,320,3.1,1730139005159000000,60,18600.0,2024-10-28,3000.0,30,True,Automatic Execution,Basic Materials,Mining - Non Ferrous,90.24,98.0,89.0,93.88,153,4.269512944217916,20,2,0,0,0,1
LEU,Basic Materials,Mining - Non Ferrous,35__0,35,0.0,8. p75_trade_value,7840.000000000001,13640.0,O:LEU241115C00120000,LEU,C,120.0,2024-11-15,209,0,320,3.1,1730139073668000000,40,12400.0,2024-10-28,3000.0,30,True,Automatic Execution,Basic Materials,Mining - Non Ferrous,90.24,98.0,89.0,93.88,272,4.093421685162235,20,3,0,0,0,1
LEU,Basic Materials,Mining - Non Ferrous,35__0,35,0.0,8. p75_trade_value,7840.000000000001,13640.0,O:LEU241115P00070000,LEU,P,70.0,2024-11-15,209,0,303,1.35,1730124208528000000,79,10665.0,2024-10-28,3000.0,30,True,Automatic Execution,Basic Materials,Mining - Non Ferrous,90.24,98.0,89.0,93.88,344,4.0279608597854475,20,3,1,1,0,0
LEU,Basic Materials,Mining - Non Ferrous,35__0,35,0.0,8. p75_trade_value,7840.000000000001,13640.0,O:LEU241115P00080000,LEU,P,80.0,2024-11-15,232,0,308,3.41,1730145186170000000,25,8525.0,2024-10-28,3000.0,30,True,Multi Leg auto-electronic trade,Basic Materials,Mining - Non Ferrous,90.24,98.0,89.0,93.88,533,3.9306943876645355,20,5,1,1,1,0
LEU,Basic Materials,Mining - Non Ferrous,35__0,35,0.0,8. p75_trade_value,7840.000000000001,13640.0,O:LEU241115P00080000,LEU,P,80.0,2024-11-15,232,0,308,3.23,1730135255515000000,25,8075.0,2024-10-28,3000.0,30,True,Multi Leg auto-electronic trade,Basic Materials,Mining - Non Ferrous,90.24,98.0,89.0,93.88,572,3.9071425310031405,20,5,1,1,1,0
LEU,Basic Materials,Mining - Non Ferrous,35__0,35,0.0,8. p75_trade_value,7840.000000000001,13640.0,O:LEU241115P00085000,LEU,P,85.0,2024-11-15,236,0,302,5.3,1730145452589000000,21,11130.0,2024-10-28,3000.0,30,True,Multi Leg auto-electronic trade against single leg(s),Basic Materials,Mining - Non Ferrous,90.24,98.0,89.0,93.88,321,4.046495164334709,20,3,1,1,1,0
LEU,Basic Materials,Mining - Non Ferrous,35__0,35,0.0,6. p95_trade_value,21170.0,63840.00000000001,O:LEU241115P00085000,LEU,P,85.0,2024-11-15,232,0,312,5.85,1730123475415000000,40,23400.0,2024-10-28,3000.0,30,True,Multi Leg auto-electronic trade,Basic Materials,Mining - Non Ferrous,90.24,98.0,89.0,93.88,102,4.3692158574101425,20,1,1,1,1,0
LEU,Basic Materials,Mining - Non Ferrous,35__0,35,0.0,8. p75_trade_value,7840.000000000001,13640.0,O:LEU241115P00085000,LEU,P,85.0,2024-11-15,232,0,308,5.28,1730145186170000000,25,13200.0,2024-10-28,3000.0,30,True,Multi Leg auto-electronic trade,Basic Materials,Mining - Non Ferrous,90.24,98.0,89.0,93.88,251,4.12057393120585,20,3,1,1,1,0
LEU,Basic Materials,Mining - Non Ferrous,35__0,35,0.0,8. p75_trade_value,7840.000000000001,13640.0,O:LEU241115P00085000,LEU,P,85.0,2024-11-15,227,0,323,5.23,1730138872619000000,15,7845.0,2024-10-28,3000.0,30,True,Single Leg Auction Non ISO,Basic Materials,Mining - Non Ferrous,90.24,98.0,89.0,93.88,593,3.8945929479229555,20,5,1,1,1,0
LEU,Basic Materials,Mining - Non Ferrous,35__0,35,0.0,7. p90_trade_value,13680.000000000002,21070.0,O:LEU241115C00110000,LEU,C,110.0,2024-11-15,209,0,322,6.1,1730230836607000000,25,15250.0,2024-10-29,3000.0,30,True,Automatic Execution,Basic Materials,Mining - Non Ferrous,89.05,105.28,82.56,104.95,195,4.183269843682805,20,2,1,0,0,0
LEU,Basic Materials,Mining - Non Ferrous,35__0,35,0.0,8. p75_trade_value,7840.000000000001,13640.0,O:LEU241115C00110000,LEU,C,110.0,2024-11-15,209,0,301,6.3,1730231065665000000,18,11340.0,2024-10-29,3000.0,30,True,Automatic Execution,Basic Materials,Mining - Non Ferrous,89.05,105.28,82.56,104.95,305,4.054613054556888,20,3,1,0,0,0
LEU,Basic Materials,Mining - Non Ferrous,35__0,35,0.0,8. p75_trade_value,7840.000000000001,13640.0,O:LEU241115C00110000,LEU,C,110.0,2024-11-15,209,0,303,6.2,1730231921095000000,20,12400.0,2024-10-29,3000.0,30,True,Automatic Execution,Basic Materials,Mining - Non Ferrous,89.05,105.28,82.56,104.95,271,4.093421685162235,20,3,1,0,0,0
LEU,Basic Materials,Mining - Non Ferrous,35__0,35,0.0,8. p75_trade_value,7840.000000000001,13640.0,O:LEU241115C00110000,LEU,C,110.0,2024-11-15,209,0,300,6.6,1730231353578000000,12,7919.999999999999,2024-10-29,3000.0,30,True,Automatic Execution,Basic Materials,Mining - Non Ferrous,89.05,105.28,82.56,104.95,586,3.8987251815894934,20,5,1,0,0,0
LEU,Basic Materials,Mining - Non Ferrous,35__0,35,0.0,8. p75_trade_value,7840.000000000001,13640.0,O:LEU241115C00110000,LEU,C,110.0,2024-11-15,209,0,308,6.2,1730228848294000000,22,13640.0,2024-10-29,3000.0,30,True,Automatic Execution,Basic Materials,Mining - Non Ferrous,89.05,105.28,82.56,104.95,239,4.13481437032046,20,3,1,0,0,0
LEU,Basic Materials,Mining - Non Ferrous,35__0,35,0.0,8. p75_trade_value,7840.000000000001,13640.0,O:LEU241115C00125000,LEU,C,125.0,2024-11-15,209,0,308,2.75,1730226105601000000,47,12925.0,2024-10-29,3000.0,30,True,Automatic Execution,Basic Materials,Mining - Non Ferrous,89.05,105.28,82.56,104.95,258,4.11143055176598,20,3,0,0,0,1
LEU,Basic Materials,Mining - Non Ferrous,35__0,35,0.0,8. p75_trade_value,7840.000000000001,13640.0,O:LEU241115C00140000,LEU,C,140.0,2024-11-15,209,0,308,1.0,1730224622026000000,100,10000.0,2024-10-29,3000.0,30,True,Automatic Execution,Basic Materials,Mining - Non Ferrous,89.05,105.28,82.56,104.95,391,4.0,20,4,0,0,0,1
LEU,Basic Materials,Mining - Non Ferrous,35__0,35,0.0,8. p75_trade_value,7840.000000000001,13640.0,O:LEU241115P00075000,LEU,P,75.0,2024-11-15,209,0,304,0.7,1730221986401000000,149,10430.0,2024-10-29,3000.0,30,True,Automatic Execution,Basic Materials,Mining - Non Ferrous,89.05,105.28,82.56,104.95,363,4.018284308426531,20,4,1,1,1,0
LEU,Basic Materials,Mining - Non Ferrous,35__0,35,0.0,7. p90_trade_value,13680.000000000002,21070.0,O:LEU241115P00075000,LEU,P,75.0,2024-11-15,209,0,304,0.8,1730221308625000000,248,19840.0,2024-10-29,3000.0,30,True,Automatic Execution,Basic Materials,Mining - Non Ferrous,89.05,105.28,82.56,104.95,139,4.29754166781816,20,2,1,1,1,0
LEU,Basic Materials,Mining - Non Ferrous,35__0,35,0.0,6. p95_trade_value,21170.0,63840.00000000001,O:LEU241115P00075000,LEU,P,75.0,2024-11-15,209,0,323,1.2,1730211453864000000,377,45240.0,2024-10-29,3000.0,30,True,Automatic Execution,Basic Materials,Mining - Non Ferrous,89.05,105.28,82.56,104.95,41,4.655522596253418,20,1,1,1,1,0
LEU,Basic Materials,Mining - Non Ferrous,35__0,35,0.0,8. p75_trade_value,7840.000000000001,13640.0,O:LEU241115P00075000,LEU,P,75.0,2024-11-15,209,0,302,1.2,1730211453868000000,95,11400.0,2024-10-29,3000.0,30,True,Automatic Execution,Basic Materials,Mining - Non Ferrous,89.05,105.28,82.56,104.95,302,4.056904851336473,20,3,1,1,1,0
LEU,Basic Materials,Mining - Non Ferrous,35__0,35,0.0,6. p95_trade_value,21170.0,63840.00000000001,O:LEU241115P00075000,LEU,P,75.0,2024-11-15,209,0,304,1.2,1730211453869000000,213,25560.0,2024-10-29,3000.0,30,True,Automatic Execution,Basic Materials,Mining - Non Ferrous,89.05,105.28,82.56,104.95,90,4.407560849486362,20,1,1,1,1,0
LEU,Basic Materials,Mining - Non Ferrous,35__0,35,0.0,8. p75_trade_value,7840.000000000001,13640.0,O:LEU241115P00075000,LEU,P,75.0,2024-11-15,209,0,303,0.7,1730221986401000000,149,10430.0,2024-10-29,3000.0,30,True,Automatic Execution,Basic Materials,Mining - Non Ferrous,89.05,105.28,82.56,104.95,362,4.018284308426531,20,4,1,1,1,0
LEU,Basic Materials,Mining - Non Ferrous,35__0,35,0.0,8. p75_trade_value,7840.000000000001,13640.0,O:LEU241115P00075000,LEU,P,75.0,2024-11-15,209,0,312,0.7,1730221986401000000,148,10360.0,2024-10-29,3000.0,30,True,Automatic Execution,Basic Materials,Mining - Non Ferrous,89.05,105.28,82.56,104.95,372,4.015359755409214,20,4,1,1,1,0
LEU,Basic Materials,Mining - Non Ferrous,35__0,35,0.0,7. p90_trade_value,13680.000000000002,21070.0,O:LEU241115P00075000,LEU,P,75.0,2024-11-15,209,0,302,0.8,1730221308625000000,248,19840.0,2024-10-29,3000.0,30,True,Automatic Execution,Basic Materials,Mining - Non Ferrous,89.05,105.28,82.56,104.95,138,4.29754166781816,20,2,1,1,1,0
LEU,Basic Materials,Mining - Non Ferrous,35__0,35,0.0,8. p75_trade_value,7840.000000000001,13640.0,O:LEU241115P00075000,LEU,P,75.0,2024-11-15,209,0,302,0.7,1730221986400000000,148,10360.0,2024-10-29,3000.0,30,True,Automatic Execution,Basic Materials,Mining - Non Ferrous,89.05,105.28,82.56,104.95,373,4.015359755409214,20,4,1,1,1,0
LEU,Basic Materials,Mining - Non Ferrous,35__0,35,0.0,8. p75_trade_value,7840.000000000001,13640.0,O:LEU241115C00110000,LEU,C,110.0,2024-11-15,231,0,301,5.5,1730313365890000000,19,10450.0,2024-10-30,3000.0,30,True,Single Leg Floor Trade,Basic Materials,Mining - Non Ferrous,106.16,108.7348,99.85,103.29,357,4.019116290447073,20,3,1,0,0,0
LEU,Basic Materials,Mining - Non Ferrous,35__0,35,0.0,8. p75_trade_value,7840.000000000001,13640.0,O:LEU241115C00110000,LEU,C,110.0,2024-11-15,209,0,308,7.3,1730296808234000000,11,8030.0,2024-10-30,3000.0,30,True,Automatic Execution,Basic Materials,Mining - Non Ferrous,106.16,108.7348,99.85,103.29,576,3.904715545278681,20,5,1,0,0,0
LEU,Basic Materials,Mining - Non Ferrous,35__0,35,0.0,8. p75_trade_value,7840.000000000001,13640.0,O:LEU241115C00110000,LEU,C,110.0,2024-11-15,209,0,308,5.6,1730298037365000000,19,10640.0,2024-10-30,3000.0,30,True,Automatic Execution,Basic Materials,Mining - Non Ferrous,106.16,108.7348,99.85,103.29,346,4.0269416279590295,20,3,1,0,0,0
LEU,Basic Materials,Mining - Non Ferrous,35__0,35,0.0,7. p90_trade_value,13680.000000000002,21070.0,O:LEU241115P00090000,LEU,P,90.0,2024-11-15,209,0,323,3.1,1730295858228000000,46,14260.0,2024-10-30,3000.0,30,True,Automatic Execution,Basic Materials,Mining - Non Ferrous,106.16,108.7348,99.85,103.29,216,4.1541195255158465,20,2,1,1,1,0
LEU,Basic Materials,Mining - Non Ferrous,35__0,35,0.0,5. p99_trade_value,65000.0,106983.99999999999,O:LEU241115P00095000,LEU,P,95.0,2024-11-15,209,0,308,5.2,1730303812713000000,150,78000.0,2024-10-30,3000.0,30,True,Automatic Execution,Basic Materials,Mining - Non Ferrous,106.16,108.7348,99.85,103.29,13,4.892094602690481,20,1,1,1,1,0
LEU,Basic Materials,Mining - Non Ferrous,35__0,35,0.0,5. p99_trade_value,65000.0,106983.99999999999,O:LEU241115P00095000,LEU,P,95.0,2024-11-15,209,0,308,5.3,1730299776853000000,150,79500.0,2024-10-30,3000.0,30,True,Automatic Execution,Basic Materials,Mining - Non Ferrous,106.16,108.7348,99.85,103.29,12,4.9003671286564705,20,1,1,1,1,0
LEU,Basic Materials,Mining - Non Ferrous,35__0,35,0.0,8. p75_trade_value,7840.000000000001,13640.0,O:LEU241115C00110000,LEU,C,110.0,2024-11-15,209,0,302,4.5,1730384009685000000,19,8550.0,2024-10-31,3000.0,30,True,Automatic Execution,Basic Materials,Mining - Non Ferrous,102.0,108.25,98.0001,103.81,532,3.931966114728173,20,5,1,0,0,0
LEU,Basic Materials,Mining - Non Ferrous,35__0,35,0.0,8. p75_trade_value,7840.000000000001,13640.0,O:LEU241115C00120000,LEU,C,120.0,2024-11-15,209,0,308,8.9,1730487992008000000,9,8010.000000000001,2024-11-01,3000.0,30,True,Automatic Execution,Basic Materials,Mining - Non Ferrous,106.3,118.3599,102.77,109.53,577,3.9036325160842376,20,5,0,0,0,1
LEU,Basic Materials,Mining - Non Ferrous,35__0,35,0.0,6. p95_trade_value,21170.0,63840.00000000001,O:LEU241115C00125000,LEU,C,125.0,2024-11-15,232,0,312,5.98,1730473155751000000,50,29900.0,2024-11-01,3000.0,30,True,Multi Leg auto-electronic trade,Basic Materials,Mining - Non Ferrous,106.3,118.3599,102.77,109.53,69,4.47567118832443,20,1,0,0,0,1
LEU,Basic Materials,Mining - Non Ferrous,35__0,35,0.0,7. p90_trade_value,13680.000000000002,21070.0,O:LEU241115C00125000,LEU,C,125.0,2024-11-15,209,0,316,7.25,1730488584594000000,20,14500.0,2024-11-01,3000.0,30,True,Automatic Execution,Basic Materials,Mining - Non Ferrous,106.3,118.3599,102.77,109.53,211,4.161368002234975,20,2,0,0,0,1
LEU,Basic Materials,Mining - Non Ferrous,35__0,35,0.0,7. p90_trade_value,13680.000000000002,21070.0,O:LEU241115C00130000,LEU,C,130.0,2024-11-15,209,0,308,4.0,1730491016476000000,42,16800.0,2024-11-01,3000.0,30,True,Automatic Execution,Basic Materials,Mining - Non Ferrous,106.3,118.3599,102.77,109.53,171,4.225309281725863,20,2,0,0,0,1
LEU,Basic Materials,Mining - Non Ferrous,35__0,35,0.0,8. p75_trade_value,7840.000000000001,13640.0,O:LEU241115C00130000,LEU,C,130.0,2024-11-15,209,0,303,6.0,1730483362485000000,21,12600.0,2024-11-01,3000.0,30,True,Automatic Execution,Basic Materials,Mining - Non Ferrous,106.3,118.3599,102.77,109.53,264,4.1003705451175625,20,3,0,0,0,1
LEU,Basic Materials,Mining - Non Ferrous,35__0,35,0.0,8. p75_trade_value,7840.000000000001,13640.0,O:LEU241115C00130000,LEU,C,130.0,2024-11-15,227,0,302,5.94,1730483298156000000,20,11880.000000000002,2024-11-01,3000.0,30,True,Single Leg Auction Non ISO,Basic Materials,Mining - Non Ferrous,106.3,118.3599,102.77,109.53,284,4.074816440645175,20,3,0,0,0,1
LEU,Basic Materials,Mining - Non Ferrous,35__0,35,0.0,6. p95_trade_value,21170.0,63840.00000000001,O:LEU241115C00130000,LEU,C,130.0,2024-11-15,209,0,303,5.4,1730475943502000000,55,29700.0,2024-11-01,3000.0,30,True,Automatic Execution,Basic Materials,Mining - Non Ferrous,106.3,118.3599,102.77,109.53,71,4.472756449317212,20,1,0,0,0,1
LEU,Basic Materials,Mining - Non Ferrous,35__0,35,0.0,8. p75_trade_value,7840.000000000001,13640.0,O:LEU241115C00130000,LEU,C,130.0,2024-11-15,209,0,308,6.6,1730475698122000000,15,9900.0,2024-11-01,3000.0,30,True,Automatic Execution,Basic Materials,Mining - Non Ferrous,106.3,118.3599,102.77,109.53,408,3.99563519459755,20,4,0,0,0,1
LEU,Basic Materials,Mining - Non Ferrous,35__0,35,0.0,8. p75_trade_value,7840.000000000001,13640.0,O:LEU241115C00095000,LEU,C,95.0,2024-11-15,235,0,301,1.9,1730750338758000000,60,11400.0,2024-11-04,3000.0,30,True,Multi Leg floor trade,Basic Materials,Mining - Non Ferrous,93.5,94.99,76.0,78.0,303,4.056904851336473,20,3,1,0,0,0
LEU,Basic Materials,Mining - Non Ferrous,35__0,35,0.0,7. p90_trade_value,13680.000000000002,21070.0,O:LEU241115C00095000,LEU,C,95.0,2024-11-15,232,0,308,2.42,1730744132106000000,72,17424.0,2024-11-04,3000.0,30,True,Multi Leg auto-electronic trade,Basic Materials,Mining - Non Ferrous,93.5,94.99,76.0,78.0,162,4.2411478624117,20,2,1,0,0,0
LEU,Basic Materials,Mining - Non Ferrous,35__0,35,0.0,8. p75_trade_value,7840.000000000001,13640.0,O:LEU241115C00095000,LEU,C,95.0,2024-11-15,233,0,302,1.72,1730752472099000000,58,9976.0,2024-11-04,3000.0,30,True,Multi Leg Auction,Basic Materials,Mining - Non Ferrous,93.5,94.99,76.0,78.0,402,3.998956440470486,20,4,1,0,0,0
LEU,Basic Materials,Mining - Non Ferrous,35__0,35,0.0,7. p90_trade_value,13680.000000000002,21070.0,O:LEU241115C00095000,LEU,C,95.0,2024-11-15,235,0,301,1.9,1730750243854000000,80,15200.0,2024-11-04,3000.0,30,True,Multi Leg floor trade,Basic Materials,Mining - Non Ferrous,93.5,94.99,76.0,78.0,196,4.181843587944773,20,2,1,0,0,0
LEU,Basic Materials,Mining - Non Ferrous,35__0,35,0.0,8. p75_trade_value,7840.000000000001,13640.0,O:LEU241115C00100000,LEU,C,100.0,2024-11-15,209,0,325,2.62,1730741379590000000,31,8122.0,2024-11-04,3000.0,30,True,Automatic Execution,Basic Materials,Mining - Non Ferrous,93.5,94.99,76.0,78.0,570,3.9096629851540183,20,5,0,0,0,1
LEU,Basic Materials,Mining - Non Ferrous,35__0,35,0.0,8. p75_trade_value,7840.000000000001,13640.0,O:LEU241115C00100000,LEU,C,100.0,2024-11-15,209,0,316,3.5,1730732952527000000,30,10500.0,2024-11-04,3000.0,30,True,Automatic Execution,Basic Materials,Mining - Non Ferrous,93.5,94.99,76.0,78.0,352,4.021189299069938,20,3,0,0,0,1
LEU,Basic Materials,Mining - Non Ferrous,35__0,35,0.0,8. p75_trade_value,7840.000000000001,13640.0,O:LEU241115C00100000,LEU,C,100.0,2024-11-15,209,0,316,4.25,1730731249542000000,27,11475.0,2024-11-04,3000.0,30,True,Automatic Execution,Basic Materials,Mining - Non Ferrous,93.5,94.99,76.0,78.0,300,4.0597526942092985,20,3,0,0,0,1
LEU,Basic Materials,Mining - Non Ferrous,35__0,35,0.0,8. p75_trade_value,7840.000000000001,13640.0,O:LEU241115P00070000,LEU,P,70.0,2024-11-15,209,0,308,2.0,1730743313333000000,43,8600.0,2024-11-04,3000.0,30,True,Automatic Execution,Basic Materials,Mining - Non Ferrous,93.5,94.99,76.0,78.0,523,3.934498451243568,20,5,1,1,0,0
LEU,Basic Materials,Mining - Non Ferrous,35__0,35,0.0,8. p75_trade_value,7840.000000000001,13640.0,O:LEU241115P00070000,LEU,P,70.0,2024-11-15,209,0,303,1.9,1730743424860000000,59,11210.0,2024-11-04,3000.0,30,True,Automatic Execution,Basic Materials,Mining - Non Ferrous,93.5,94.99,76.0,78.0,317,4.0496056125949735,20,3,1,1,0,0
LEU,Basic Materials,Mining - Non Ferrous,35__0,35,0.0,6. p95_trade_value,21170.0,63840.00000000001,O:LEU241115P00075000,LEU,P,75.0,2024-11-15,233,0,302,4.71,1730752472099000000,58,27318.0,2024-11-04,3000.0,30,True,Multi Leg Auction,Basic Materials,Mining - Non Ferrous,93.5,94.99,76.0,78.0,82,4.4364489006918335,20,1,1,1,1,0
LEU,Basic Materials,Mining - Non Ferrous,35__0,35,0.0,7. p90_trade_value,13680.000000000002,21070.0,O:LEU241115P00075000,LEU,P,75.0,2024-11-15,209,0,308,2.8,1730732736061000000,75,21000.0,2024-11-04,3000.0,30,True,Automatic Execution,Basic Materials,Mining - Non Ferrous,93.5,94.99,76.0,78.0,122,4.3222192947339195,20,2,1,1,1,0
LEU,Basic Materials,Mining - Non Ferrous,35__0,35,0.0,6. p95_trade_value,21170.0,63840.00000000001,O:LEU241115C00080000,LEU,C,80.0,2024-11-15,209,0,308,2.85,1730822077324000000,98,27930.0,2024-11-05,3000.0,30,True,Automatic Execution,Basic Materials,Mining - Non Ferrous,75.81,78.0,72.71,75.73,79,4.446070935701005,20,1,1,1,0,0
LEU,Basic Materials,Mining - Non Ferrous,35__0,35,0.0,7. p90_trade_value,13680.000000000002,21070.0,O:LEU241115C00080000,LEU,C,80.0,2024-11-15,209,0,308,2.85,1730822077324000000,59,16815.0,2024-11-05,3000.0,30,True,Automatic Execution,Basic Materials,Mining - Non Ferrous,75.81,78.0,72.71,75.73,169,4.225696871650654,20,2,1,1,0,0
LEU,Basic Materials,Mining - Non Ferrous,35__0,35,0.0,8. p75_trade_value,7840.000000000001,13640.0,O:LEU241115C00080000,LEU,C,80.0,2024-11-15,209,0,304,4.0,1730827662831000000,30,12000.0,2024-11-05,3000.0,30,True,Automatic Execution,Basic Materials,Mining - Non Ferrous,75.81,78.0,72.71,75.73,282,4.079181246047625,20,3,1,1,0,0
LEU,Basic Materials,Mining - Non Ferrous,35__0,35,0.0,8. p75_trade_value,7840.000000000001,13640.0,O:LEU241115C00080000,LEU,C,80.0,2024-11-15,209,0,316,4.05,1730830589404000000,30,12150.0,2024-11-05,3000.0,30,True,Automatic Execution,Basic Materials,Mining - Non Ferrous,75.81,78.0,72.71,75.73,278,4.084576277934331,20,3,1,1,0,0
LEU,Basic Materials,Mining - Non Ferrous,35__0,35,0.0,8. p75_trade_value,7840.000000000001,13640.0,O:LEU241115C00085000,LEU,C,85.0,2024-11-15,209,0,308,3.0,1730817773971000000,30,9000.0,2024-11-05,3000.0,30,True,Automatic Execution,Basic Materials,Mining - Non Ferrous,75.81,78.0,72.71,75.73,494,3.9542425094393248,20,5,1,0,0,0
LEU,Basic Materials,Mining - Non Ferrous,35__0,35,0.0,7. p90_trade_value,13680.000000000002,21070.0,O:LEU241115C00100000,LEU,C,100.0,2024-11-15,233,0,323,0.71,1730830561832000000,250,17750.0,2024-11-05,3000.0,30,True,Multi Leg Auction,Basic Materials,Mining - Non Ferrous,75.81,78.0,72.71,75.73,159,4.249198357391113,20,2,0,0,0,1
LEU,Basic Materials,Mining - Non Ferrous,35__0,35,0.0,8. p75_trade_value,7840.000000000001,13640.0,O:LEU241115C00110000,LEU,C,110.0,2024-11-15,233,0,323,0.33,1730830561832000000,250,8250.0,2024-11-05,3000.0,30,True,Multi Leg Auction,Basic Materials,Mining - Non Ferrous,75.81,78.0,72.71,75.73,563,3.916453948549925,20,5,0,0,0,1
LEU,Basic Materials,Mining - Non Ferrous,35__0,35,0.0,8. p75_trade_value,7840.000000000001,13640.0,O:LEU241115C00090000,LEU,C,90.0,2024-11-15,232,0,318,3.98,1730925630344000000,30,11940.0,2024-11-06,3000.0,30,True,Multi Leg auto-electronic trade,Basic Materials,Mining - Non Ferrous,81.5,87.99,78.0,87.09,283,4.07700432679335,20,3,1,0,0,0
LEU,Basic Materials,Mining - Non Ferrous,35__0,35,0.0,6. p95_trade_value,21170.0,63840.00000000001,O:LEU241115C00090000,LEU,C,90.0,2024-11-15,209,0,308,3.5,1730908758247000000,80,28000.0,2024-11-06,3000.0,30,True,Automatic Execution,Basic Materials,Mining - Non Ferrous,81.5,87.99,78.0,87.09,76,4.447158031342219,20,1,1,0,0,0
LEU,Basic Materials,Mining - Non Ferrous,35__0,35,0.0,8. p75_trade_value,7840.000000000001,13640.0,O:LEU241115C00095000,LEU,C,95.0,2024-11-15,219,0,316,2.4,1730923978436000000,51,12240.0,2024-11-06,3000.0,30,True,Intermarket Sweep Order,Basic Materials,Mining - Non Ferrous,81.5,87.99,78.0,87.09,275,4.087781417809542,20,3,1,0,0,0
LEU,Basic Materials,Mining - Non Ferrous,35__0,35,0.0,8. p75_trade_value,7840.000000000001,13640.0,O:LEU241115C00100000,LEU,C,100.0,2024-11-15,227,0,304,1.95,1730915840595000000,45,8775.0,2024-11-06,3000.0,30,True,Single Leg Auction Non ISO,Basic Materials,Mining - Non Ferrous,81.5,87.99,78.0,87.09,512,3.943247125137862,20,5,0,0,0,1
LEU,Basic Materials,Mining - Non Ferrous,35__0,35,0.0,8. p75_trade_value,7840.000000000001,13640.0,O:LEU241115C00100000,LEU,C,100.0,2024-11-15,227,0,301,1.5,1730915211261000000,59,8850.0,2024-11-06,3000.0,30,True,Single Leg Auction Non ISO,Basic Materials,Mining - Non Ferrous,81.5,87.99,78.0,87.09,507,3.9469432706978256,20,5,0,0,0,1
LEU,Basic Materials,Mining - Non Ferrous,35__0,35,0.0,7. p90_trade_value,13680.000000000002,21070.0,O:LEU241115C00100000,LEU,C,100.0,2024-11-15,209,0,303,1.15,1731006141646000000,164,18860.0,2024-11-07,3000.0,30,True,Automatic Execution,Basic Materials,Mining - Non Ferrous,88.47,91.76,84.31,86.6,151,4.27554168840131,20,2,0,0,0,1
LEU,Basic Materials,Mining - Non Ferrous,35__0,35,0.0,8. p75_trade_value,7840.000000000001,13640.0,O:LEU241115C00100000,LEU,C,100.0,2024-11-15,209,0,308,1.3,1731000913709000000,76,9880.0,2024-11-07,3000.0,30,True,Automatic Execution,Basic Materials,Mining - Non Ferrous,88.47,91.76,84.31,86.6,411,3.9947569445876283,20,4,0,0,0,1
LEU,Basic Materials,Mining - Non Ferrous,35__0,35,0.0,8. p75_trade_value,7840.000000000001,13640.0,O:LEU241115C00085000,LEU,C,85.0,2024-11-15,209,0,304,0.9,1731600411542000000,100,9000.0,2024-11-14,3000.0,30,True,Automatic Execution,Basic Materials,Mining - Non Ferrous,82.36,83.3799,78.39,79.34,487,3.9542425094393248,20,5,0,0,0,1
LEU,Basic Materials,Mining - Non Ferrous,35__0,35,0.0,7. p90_trade_value,13680.000000000002,21070.0,O:LEU241220C00080000,LEU,C,80.0,2024-12-20,209,0,313,5.5,1732119634553000000,25,13750.0,2024-11-20,3000.0,30,True,Automatic Execution,Basic Materials,Mining - Non Ferrous,70.0,75.8,66.37,75.14,234,4.138302698166282,20,2,1,0,0,0
LEU,Basic Materials,Mining - Non Ferrous,35__0,35,0.0,8. p75_trade_value,7840.000000000001,13640.0,O:LEU241220C00080000,LEU,C,80.0,2024-12-20,209,0,313,5.5,1732119609685000000,17,9350.0,2024-11-20,3000.0,30,True,Automatic Execution,Basic Materials,Mining - Non Ferrous,70.0,75.8,66.37,75.14,457,3.9708116108725178,20,4,1,0,0,0
LEU,Basic Materials,Mining - Non Ferrous,35__0,35,0.0,8. p75_trade_value,7840.000000000001,13640.0,O:LEU241220C00080000,LEU,C,80.0,2024-12-20,227,0,319,5.48,1732119684659000000,21,11508.000000000002,2024-11-20,3000.0,30,True,Single Leg Auction Non ISO,Basic Materials,Mining - Non Ferrous,70.0,75.8,66.37,75.14,296,4.060999853218289,20,3,1,0,0,0
LEU,Basic Materials,Mining - Non Ferrous,35__0,35,0.0,8. p75_trade_value,7840.000000000001,13640.0,O:LEU241220C00080000,LEU,C,80.0,2024-12-20,209,0,313,5.5,1732119604095000000,21,11550.0,2024-11-20,3000.0,30,True,Automatic Execution,Basic Materials,Mining - Non Ferrous,70.0,75.8,66.37,75.14,293,4.062581984228163,20,3,1,0,0,0
LEU,Basic Materials,Mining - Non Ferrous,35__0,35,0.0,7. p90_trade_value,13680.000000000002,21070.0,O:LEU241220C00080000,LEU,C,80.0,2024-12-20,209,0,313,5.5,1732119604386000000,25,13750.0,2024-11-20,3000.0,30,True,Automatic Execution,Basic Materials,Mining - Non Ferrous,70.0,75.8,66.37,75.14,232,4.138302698166282,20,2,1,0,0,0
LEU,Basic Materials,Mining - Non Ferrous,35__0,35,0.0,8. p75_trade_value,7840.000000000001,13640.0,O:LEU241220C00080000,LEU,C,80.0,2024-12-20,209,0,313,5.5,1732119634553000000,21,11550.0,2024-11-20,3000.0,30,True,Automatic Execution,Basic Materials,Mining - Non Ferrous,70.0,75.8,66.37,75.14,294,4.062581984228163,20,3,1,0,0,0
LEU,Basic Materials,Mining - Non Ferrous,35__0,35,0.0,7. p90_trade_value,13680.000000000002,21070.0,O:LEU241220C00080000,LEU,C,80.0,2024-12-20,209,0,313,5.5,1732119634553000000,25,13750.0,2024-11-20,3000.0,30,True,Automatic Execution,Basic Materials,Mining - Non Ferrous,70.0,75.8,66.37,75.14,233,4.138302698166282,20,2,1,0,0,0
LEU,Basic Materials,Mining - Non Ferrous,35__0,35,0.0,7. p90_trade_value,13680.000000000002,21070.0,O:LEU241220C00080000,LEU,C,80.0,2024-12-20,209,0,313,5.5,1732119609685000000,25,13750.0,2024-11-20,3000.0,30,True,Automatic Execution,Basic Materials,Mining - Non Ferrous,70.0,75.8,66.37,75.14,235,4.138302698166282,20,2,1,0,0,0
LEU,Basic Materials,Mining - Non Ferrous,35__0,35,0.0,8. p75_trade_value,7840.000000000001,13640.0,O:LEU241220C00090000,LEU,C,90.0,2024-12-20,209,0,316,3.9,1732121714942000000,30,11700.0,2024-11-20,3000.0,30,True,Automatic Execution,Basic Materials,Mining - Non Ferrous,70.0,75.8,66.37,75.14,290,4.068185861746161,20,3,1,0,0,0
LEU,Basic Materials,Mining - Non Ferrous,35__0,35,0.0,8. p75_trade_value,7840.000000000001,13640.0,O:LEU241220C00085000,LEU,C,85.0,2024-12-20,232,0,301,6.8,1732221831717000000,12,8159.999999999999,2024-11-21,3000.0,30,True,Multi Leg auto-electronic trade,Basic Materials,Mining - Non Ferrous,76.09,82.14,72.92,79.9,566,3.9116901587538613,20,5,1,0,0,0
LEU,Basic Materials,Mining - Non Ferrous,35__0,35,0.0,7. p90_trade_value,13680.000000000002,21070.0,O:LEU241220C00085000,LEU,C,85.0,2024-12-20,209,0,316,5.9,1732216226274000000,31,18290.0,2024-11-21,3000.0,30,True,Automatic Execution,Basic Materials,Mining - Non Ferrous,76.09,82.14,72.92,79.9,155,4.262213705476417,20,2,1,0,0,0
LEU,Basic Materials,Mining - Non Ferrous,35__0,35,0.0,8. p75_trade_value,7840.000000000001,13640.0,O:LEU241220C00090000,LEU,C,90.0,2024-12-20,227,0,301,5.4,1732220339212000000,18,9720.0,2024-11-21,3000.0,30,True,Single Leg Auction Non ISO,Basic Materials,Mining - Non Ferrous,76.09,82.14,72.92,79.9,417,3.9876662649262746,20,4,1,0,0,0
LEU,Basic Materials,Mining - Non Ferrous,35__0,35,0.0,8. p75_trade_value,7840.000000000001,13640.0,O:LEU241220C00090000,LEU,C,90.0,2024-12-20,209,0,303,5.0,1732209451892000000,18,9000.0,2024-11-21,3000.0,30,True,Automatic Execution,Basic Materials,Mining - Non Ferrous,76.09,82.14,72.92,79.9,488,3.9542425094393248,20,5,1,0,0,0
LEU,Basic Materials,Mining - Non Ferrous,35__0,35,0.0,6. p95_trade_value,21170.0,63840.00000000001,O:LEU241220C00090000,LEU,C,90.0,2024-12-20,209,0,303,4.9,1732210828954000000,100,49000.00000000001,2024-11-21,3000.0,30,True,Automatic Execution,Basic Materials,Mining - Non Ferrous,76.09,82.14,72.92,79.9,37,4.690196080028514,20,1,1,0,0,0
LEU,Basic Materials,Mining - Non Ferrous,35__0,35,0.0,6. p95_trade_value,21170.0,63840.00000000001,O:LEU241220C00090000,LEU,C,90.0,2024-12-20,209,0,325,5.3,1732220414200000000,98,51940.0,2024-11-21,3000.0,30,True,Automatic Execution,Basic Materials,Mining - Non Ferrous,76.09,82.14,72.92,79.9,33,4.715501945293284,20,1,1,0,0,0
LEU,Basic Materials,Mining - Non Ferrous,35__0,35,0.0,6. p95_trade_value,21170.0,63840.00000000001,O:LEU241220C00090000,LEU,C,90.0,2024-12-20,209,0,308,5.3,1732221632015000000,41,21730.0,2024-11-21,3000.0,30,True,Automatic Execution,Basic Materials,Mining - Non Ferrous,76.09,82.14,72.92,79.9,112,4.337059726320525,20,1,1,0,0,0
LEU,Basic Materials,Mining - Non Ferrous,35__0,35,0.0,6. p95_trade_value,21170.0,63840.00000000001,O:LEU241220C00090000,LEU,C,90.0,2024-12-20,209,0,303,3.5,1732203171584000000,94,32900.0,2024-11-21,3000.0,30,True,Automatic Execution,Basic Materials,Mining - Non Ferrous,76.09,82.14,72.92,79.9,58,4.517195897949974,20,1,1,0,0,0
LEU,Basic Materials,Mining - Non Ferrous,35__0,35,0.0,6. p95_trade_value,21170.0,63840.00000000001,O:LEU241220C00090000,LEU,C,90.0,2024-12-20,209,0,308,5.3,1732221631990000000,40,21200.0,2024-11-21,3000.0,30,True,Automatic Execution,Basic Materials,Mining - Non Ferrous,76.09,82.14,72.92,79.9,116,4.326335860928752,20,1,1,0,0,0
LEU,Basic Materials,Mining - Non Ferrous,35__0,35,0.0,8. p75_trade_value,7840.000000000001,13640.0,O:LEU241220C00100000,LEU,C,100.0,2024-12-20,209,0,313,3.2,1732221816128000000,29,9280.000000000002,2024-11-21,3000.0,30,True,Automatic Execution,Basic Materials,Mining - Non Ferrous,76.09,82.14,72.92,79.9,464,3.9675479762188623,20,4,0,0,0,1
LEU,Basic Materials,Mining - Non Ferrous,35__0,35,0.0,7. p90_trade_value,13680.000000000002,21070.0,O:LEU241220C00100000,LEU,C,100.0,2024-12-20,209,0,303,3.0,1732208273860000000,50,15000.0,2024-11-21,3000.0,30,True,Automatic Execution,Basic Materials,Mining - Non Ferrous,76.09,82.14,72.92,79.9,200,4.176091259055681,20,2,0,0,0,1
LEU,Basic Materials,Mining - Non Ferrous,35__0,35,0.0,7. p90_trade_value,13680.000000000002,21070.0,O:LEU241220C00105000,LEU,C,105.0,2024-12-20,209,0,318,2.35,1732208273860000000,71,16685.0,2024-11-21,3000.0,30,True,Automatic Execution,Basic Materials,Mining - Non Ferrous,76.09,82.14,72.92,79.9,173,4.222326210990811,20,2,0,0,0,1
LEU,Basic Materials,Mining - Non Ferrous,35__0,35,0.0,6. p95_trade_value,21170.0,63840.00000000001,O:LEU241220P00065000,LEU,P,65.0,2024-12-20,209,0,303,3.4,1732200386091000000,70,23800.0,2024-11-21,3000.0,30,True,Automatic Execution,Basic Materials,Mining - Non Ferrous,76.09,82.14,72.92,79.9,101,4.376576957056512,20,1,0,0,0,1
LEU,Basic Materials,Mining - Non Ferrous,35__0,35,0.0,7. p90_trade_value,13680.000000000002,21070.0,O:LEU241220C00090000,LEU,C,90.0,2024-12-20,209,0,320,7.2,1732303320515000000,26,18720.0,2024-11-22,3000.0,30,True,Automatic Execution,Basic Materials,Mining - Non Ferrous,83.92,87.845,78.5,86.85,152,4.272305844402086,20,2,1,0,0,0
LEU,Basic Materials,Mining - Non Ferrous,35__0,35,0.0,6. p95_trade_value,21170.0,63840.00000000001,O:LEU241220C00090000,LEU,C,90.0,2024-12-20,209,0,320,7.3,1732298592002000000,40,29200.0,2024-11-22,3000.0,30,True,Automatic Execution,Basic Materials,Mining - Non Ferrous,83.92,87.845,78.5,86.85,73,4.465382851448418,20,1,1,0,0,0
LEU,Basic Materials,Mining - Non Ferrous,35__0,35,0.0,5. p99_trade_value,65000.0,106983.99999999999,O:LEU241220C00090000,LEU,C,90.0,2024-12-20,232,0,308,7.85,1732286734520000000,83,65154.99999999999,2024-11-22,3000.0,30,True,Multi Leg auto-electronic trade,Basic Materials,Mining - Non Ferrous,83.92,87.845,78.5,86.85,23,4.8139477491213265,20,1,1,0,0,0
LEU,Basic Materials,Mining - Non Ferrous,35__0,35,0.0,8. p75_trade_value,7840.000000000001,13640.0,O:LEU241220C00090000,LEU,C,90.0,2024-12-20,209,0,303,7.3,1732298555109000000,17,12410.0,2024-11-22,3000.0,30,True,Automatic Execution,Basic Materials,Mining - Non Ferrous,83.92,87.845,78.5,86.85,269,4.09377178149873,20,3,1,0,0,0
LEU,Basic Materials,Mining - Non Ferrous,35__0,35,0.0,8. p75_trade_value,7840.000000000001,13640.0,O:LEU241220C00090000,LEU,C,90.0,2024-12-20,209,0,308,6.6,1732285997893000000,17,11219.999999999998,2024-11-22,3000.0,30,True,Automatic Execution,Basic Materials,Mining - Non Ferrous,83.92,87.845,78.5,86.85,316,4.049992856920142,20,3,1,0,0,0
LEU,Basic Materials,Mining - Non Ferrous,35__0,35,0.0,8. p75_trade_value,7840.000000000001,13640.0,O:LEU241220C00090000,LEU,C,90.0,2024-12-20,232,0,322,5.05,1732288299974000000,17,8585.0,2024-11-22,3000.0,30,True,Multi Leg auto-electronic trade,Basic Materials,Mining - Non Ferrous,83.92,87.845,78.5,86.85,526,3.9337402994969355,20,5,1,0,0,0
LEU,Basic Materials,Mining - Non Ferrous,35__0,35,0.0,5. p99_trade_value,65000.0,106983.99999999999,O:LEU241220C00090000,LEU,C,90.0,2024-12-20,209,0,308,7.2,1732286456016000000,100,72000.0,2024-11-22,3000.0,30,True,Automatic Execution,Basic Materials,Mining - Non Ferrous,83.92,87.845,78.5,86.85,15,4.857332496431268,20,1,1,0,0,0
LEU,Basic Materials,Mining - Non Ferrous,35__0,35,0.0,5. p99_trade_value,65000.0,106983.99999999999,O:LEU241220C00090000,LEU,C,90.0,2024-12-20,209,0,319,6.7,1732297204963000000,99,66330.0,2024-11-22,3000.0,30,True,Automatic Execution,Basic Materials,Mining - Non Ferrous,83.92,87.845,78.5,86.85,22,4.821709997298377,20,1,1,0,0,0
LEU,Basic Materials,Mining - Non Ferrous,35__0,35,0.0,5. p99_trade_value,65000.0,106983.99999999999,O:LEU241220C00090000,LEU,C,90.0,2024-12-20,209,0,302,7.2,1732298380498000000,100,72000.0,2024-11-22,3000.0,30,True,Automatic Execution,Basic Materials,Mining - Non Ferrous,83.92,87.845,78.5,86.85,14,4.857332496431268,20,1,1,0,0,0
LEU,Basic Materials,Mining - Non Ferrous,35__0,35,0.0,7. p90_trade_value,13680.000000000002,21070.0,O:LEU241220C00090000,LEU,C,90.0,2024-12-20,232,0,304,4.83,1732288403487000000,36,17388.0,2024-11-22,3000.0,30,True,Multi Leg auto-electronic trade,Basic Materials,Mining - Non Ferrous,83.92,87.845,78.5,86.85,163,4.240249631518799,20,2,1,0,0,0
LEU,Basic Materials,Mining - Non Ferrous,35__0,35,0.0,5. p99_trade_value,65000.0,106983.99999999999,O:LEU241220C00090000,LEU,C,90.0,2024-12-20,209,0,308,6.8,1732297316104000000,100,68000.0,2024-11-22,3000.0,30,True,Automatic Execution,Basic Materials,Mining - Non Ferrous,83.92,87.845,78.5,86.85,20,4.832508912706237,20,1,1,0,0,0
LEU,Basic Materials,Mining - Non Ferrous,35__0,35,0.0,6. p95_trade_value,21170.0,63840.00000000001,O:LEU241220C00090000,LEU,C,90.0,2024-12-20,232,0,308,5.6,1732288129256000000,79,44240.0,2024-11-22,3000.0,30,True,Multi Leg auto-electronic trade,Basic Materials,Mining - Non Ferrous,83.92,87.845,78.5,86.85,43,4.645815118296642,20,1,1,0,0,0
LEU,Basic Materials,Mining - Non Ferrous,35__0,35,0.0,6. p95_trade_value,21170.0,63840.00000000001,O:LEU241220C00090000,LEU,C,90.0,2024-12-20,209,0,303,7.0,1732297427030000000,50,35000.0,2024-11-22,3000.0,30,True,Automatic Execution,Basic Materials,Mining - Non Ferrous,83.92,87.845,78.5,86.85,52,4.544068044350276,20,1,1,0,0,0
LEU,Basic Materials,Mining - Non Ferrous,35__0,35,0.0,6. p95_trade_value,21170.0,63840.00000000001,O:LEU241220C00090000,LEU,C,90.0,2024-12-20,227,0,301,7.3,1732298675621000000,29,21170.0,2024-11-22,3000.0,30,True,Single Leg Auction Non ISO,Basic Materials,Mining - Non Ferrous,83.92,87.845,78.5,86.85,119,4.325720858019412,20,1,1,0,0,0
LEU,Basic Materials,Mining - Non Ferrous,35__0,35,0.0,8. p75_trade_value,7840.000000000001,13640.0,O:LEU241220C00095000,LEU,C,95.0,2024-12-20,209,0,313,5.7,1732304616801000000,16,9120.0,2024-11-22,3000.0,30,True,Automatic Execution,Basic Materials,Mining - Non Ferrous,83.92,87.845,78.5,86.85,481,3.959994838328416,20,5,0,0,0,1
LEU,Basic Materials,Mining - Non Ferrous,35__0,35,0.0,6. p95_trade_value,21170.0,63840.00000000001,O:LEU241220C00095000,LEU,C,95.0,2024-12-20,232,0,308,4.3,1732288129255000000,79,33970.0,2024-11-22,3000.0,30,True,Multi Leg auto-electronic trade,Basic Materials,Mining - Non Ferrous,83.92,87.845,78.5,86.85,57,4.531095546870028,20,1,0,0,0,1
LEU,Basic Materials,Mining - Non Ferrous,35__0,35,0.0,6. p95_trade_value,21170.0,63840.00000000001,O:LEU241220C00095000,LEU,C,95.0,2024-12-20,232,0,308,6.05,1732286734519000000,83,50215.0,2024-11-22,3000.0,30,True,Multi Leg auto-electronic trade,Basic Materials,Mining - Non Ferrous,83.92,87.845,78.5,86.85,34,4.700833467028543,20,1,0,0,0,1
LEU,Basic Materials,Mining - Non Ferrous,35__0,35,0.0,8. p75_trade_value,7840.000000000001,13640.0,O:LEU241220C00095000,LEU,C,95.0,2024-12-20,209,0,300,5.7,1732306634412000000,15,8550.0,2024-11-22,3000.0,30,True,Automatic Execution,Basic Materials,Mining - Non Ferrous,83.92,87.845,78.5,86.85,529,3.931966114728173,20,5,0,0,0,1
LEU,Basic Materials,Mining - Non Ferrous,35__0,35,0.0,8. p75_trade_value,7840.000000000001,13640.0,O:LEU241220C00095000,LEU,C,95.0,2024-12-20,233,0,302,5.36,1732286105497000000,20,10720.0,2024-11-22,3000.0,30,True,Multi Leg Auction,Basic Materials,Mining - Non Ferrous,83.92,87.845,78.5,86.85,342,4.030194785356751,20,3,0,0,0,1
LEU,Basic Materials,Mining - Non Ferrous,35__0,35,0.0,8. p75_trade_value,7840.000000000001,13640.0,O:LEU241220C00095000,LEU,C,95.0,2024-12-20,232,0,304,3.68,1732288403487000000,36,13248.000000000002,2024-11-22,3000.0,30,True,Multi Leg auto-electronic trade,Basic Materials,Mining - Non Ferrous,83.92,87.845,78.5,86.85,248,4.122150319440805,20,3,0,0,0,1
LEU,Basic Materials,Mining - Non Ferrous,35__0,35,0.0,6. p95_trade_value,21170.0,63840.00000000001,O:LEU241220C00100000,LEU,C,100.0,2024-12-20,227,0,301,4.38,1732300595503000000,50,21900.0,2024-11-22,3000.0,30,True,Single Leg Auction Non ISO,Basic Materials,Mining - Non Ferrous,83.92,87.845,78.5,86.85,109,4.3404441148401185,20,1,0,0,0,1
LEU,Basic Materials,Mining - Non Ferrous,35__0,35,0.0,8. p75_trade_value,7840.000000000001,13640.0,O:LEU241220C00100000,LEU,C,100.0,2024-12-20,209,0,303,4.6,1732299706629000000,20,9200.0,2024-11-22,3000.0,30,True,Automatic Execution,Basic Materials,Mining - Non Ferrous,83.92,87.845,78.5,86.85,470,3.963787827345555,20,4,0,0,0,1
LEU,Basic Materials,Mining - Non Ferrous,35__0,35,0.0,8. p75_trade_value,7840.000000000001,13640.0,O:LEU241220C00100000,LEU,C,100.0,2024-12-20,209,0,325,4.75,1732299943332000000,25,11875.0,2024-11-22,3000.0,30,True,Automatic Execution,Basic Materials,Mining - Non Ferrous,83.92,87.845,78.5,86.85,285,4.074633618296904,20,3,0,0,0,1
LEU,Basic Materials,Mining - Non Ferrous,35__0,35,0.0,7. p90_trade_value,13680.000000000002,21070.0,O:LEU241220C00100000,LEU,C,100.0,2024-12-20,209,0,319,4.2,1732305921251000000,39,16380.000000000002,2024-11-22,3000.0,30,True,Automatic Execution,Basic Materials,Mining - Non Ferrous,83.92,87.845,78.5,86.85,178,4.214313897424399,20,2,0,0,0,1
LEU,Basic Materials,Mining - Non Ferrous,35__0,35,0.0,6. p95_trade_value,21170.0,63840.00000000001,O:LEU241220C00100000,LEU,C,100.0,2024-12-20,209,0,303,4.9,1732308317213000000,127,62230.00000000001,2024-11-22,3000.0,30,True,Automatic Execution,Basic Materials,Mining - Non Ferrous,83.92,87.845,78.5,86.85,28,4.79399980098447,20,1,0,0,0,1
LEU,Basic Materials,Mining - Non Ferrous,35__0,35,0.0,8. p75_trade_value,7840.000000000001,13640.0,O:LEU241220C00100000,LEU,C,100.0,2024-12-20,209,0,316,4.2,1732305921151000000,27,11340.0,2024-11-22,3000.0,30,True,Automatic Execution,Basic Materials,Mining - Non Ferrous,83.92,87.845,78.5,86.85,308,4.054613054556888,20,3,0,0,0,1
LEU,Basic Materials,Mining - Non Ferrous,35__0,35,0.0,7. p90_trade_value,13680.000000000002,21070.0,O:LEU241220C00110000,LEU,C,110.0,2024-12-20,209,0,316,3.15,1732286628579000000,50,15750.0,2024-11-22,3000.0,30,True,Automatic Execution,Basic Materials,Mining - Non Ferrous,83.92,87.845,78.5,86.85,187,4.19728055812562,20,2,0,0,0,1
LEU,Basic Materials,Mining - Non Ferrous,35__0,35,0.0,8. p75_trade_value,7840.000000000001,13640.0,O:LEU241220P00065000,LEU,P,65.0,2024-12-20,232,0,313,1.9,1732297409819000000,44,8360.0,2024-11-22,3000.0,30,True,Multi Leg auto-electronic trade,Basic Materials,Mining - Non Ferrous,83.92,87.845,78.5,86.85,554,3.9222062774390163,20,5,0,0,0,1
LEU,Basic Materials,Mining - Non Ferrous,35__0,35,0.0,7. p90_trade_value,13680.000000000002,21070.0,O:LEU241220P00070000,LEU,P,70.0,2024-12-20,209,0,313,3.7,1732293861467000000,49,18130.0,2024-11-22,3000.0,30,True,Automatic Execution,Basic Materials,Mining - Non Ferrous,83.92,87.845,78.5,86.85,157,4.258397804095509,20,2,1,1,1,0
LEU,Basic Materials,Mining - Non Ferrous,35__0,35,0.0,8. p75_trade_value,7840.000000000001,13640.0,O:LEU241220C00090000,LEU,C,90.0,2024-12-20,209,0,323,6.7,1732554746986000000,15,10050.0,2024-11-25,3000.0,30,True,Automatic Execution,Basic Materials,Mining - Non Ferrous,88.42,88.77,81.8,83.17,386,4.002166061756507,20,4,1,0,0,0
LEU,Basic Materials,Mining - Non Ferrous,35__0,35,0.0,8. p75_trade_value,7840.000000000001,13640.0,O:LEU241220C00090000,LEU,C,90.0,2024-12-20,209,0,313,7.1,1732551357126000000,19,13490.0,2024-11-25,3000.0,30,True,Automatic Execution,Basic Materials,Mining - Non Ferrous,88.42,88.77,81.8,83.17,241,4.130011949671904,20,3,1,0,0,0
LEU,Basic Materials,Mining - Non Ferrous,35__0,35,0.0,8. p75_trade_value,7840.000000000001,13640.0,O:LEU241220C00090000,LEU,C,90.0,2024-12-20,209,0,322,5.6,1732561413308000000,19,10640.0,2024-11-25,3000.0,30,True,Automatic Execution,Basic Materials,Mining - Non Ferrous,88.42,88.77,81.8,83.17,345,4.0269416279590295,20,3,1,0,0,0
LEU,Basic Materials,Mining - Non Ferrous,35__0,35,0.0,6. p95_trade_value,21170.0,63840.00000000001,O:LEU241220C00100000,LEU,C,100.0,2024-12-20,209,0,303,4.1,1732545579650000000,120,49199.99999999999,2024-11-25,3000.0,30,True,Automatic Execution,Basic Materials,Mining - Non Ferrous,88.42,88.77,81.8,83.17,36,4.691965102767361,20,1,0,0,0,1
LEU,Basic Materials,Mining - Non Ferrous,35__0,35,0.0,6. p95_trade_value,21170.0,63840.00000000001,O:LEU241220C00100000,LEU,C,100.0,2024-12-20,209,0,308,3.8,1732555036456000000,70,26600.0,2024-11-25,3000.0,30,True,Automatic Execution,Basic Materials,Mining - Non Ferrous,88.42,88.77,81.8,83.17,83,4.424881636631067,20,1,0,0,0,1
LEU,Basic Materials,Mining - Non Ferrous,35__0,35,0.0,8. p75_trade_value,7840.000000000001,13640.0,O:LEU241220P00080000,LEU,P,80.0,2024-12-20,209,0,303,6.6,1732546379089000000,19,12540.0,2024-11-25,3000.0,30,True,Automatic Execution,Basic Materials,Mining - Non Ferrous,88.42,88.77,81.8,83.17,266,4.098297536494697,20,3,1,1,1,0
LEU,Basic Materials,Mining - Non Ferrous,35__0,35,0.0,8. p75_trade_value,7840.000000000001,13640.0,O:LEU241220C00090000,LEU,C,90.0,2024-12-20,209,0,304,5.6,1732631702522000000,16,8960.0,2024-11-26,3000.0,30,True,Automatic Execution,Basic Materials,Mining - Non Ferrous,82.76,89.18,81.41,81.45,500,3.9523080096621253,20,5,1,0,0,0
LEU,Basic Materials,Mining - Non Ferrous,35__0,35,0.0,6. p95_trade_value,21170.0,63840.00000000001,O:LEU241220C00110000,LEU,C,110.0,2024-12-20,227,0,323,2.25,1732732100794000000,100,22500.0,2024-11-27,3000.0,30,True,Single Leg Auction Non ISO,Basic Materials,Mining - Non Ferrous,82.3,86.35,82.09,82.49,103,4.352182518111363,20,1,0,0,0,1
LEU,Basic Materials,Mining - Non Ferrous,35__0,35,0.0,6. p95_trade_value,21170.0,63840.00000000001,O:LEU241220C00095000,LEU,C,95.0,2024-12-20,227,0,302,6.8,1732897252534000000,50,34000.0,2024-11-29,3000.0,30,True,Single Leg Auction Non ISO,Basic Materials,Mining - Non Ferrous,83.89,92.4,83.04,91.0,55,4.531478917042255,20,1,0,0,0,1
LEU,Basic Materials,Mining - Non Ferrous,35__0,35,0.0,8. p75_trade_value,7840.000000000001,13640.0,O:LEU241220C00095000,LEU,C,95.0,2024-12-20,209,0,313,6.3,1732900425861000000,18,11340.0,2024-11-29,3000.0,30,True,Automatic Execution,Basic Materials,Mining - Non Ferrous,83.89,92.4,83.04,91.0,309,4.054613054556888,20,3,0,0,0,1
LEU,Basic Materials,Mining - Non Ferrous,35__0,35,0.0,8. p75_trade_value,7840.000000000001,13640.0,O:LEU241220C00095000,LEU,C,95.0,2024-12-20,232,0,308,7.35,1732896447464000000,12,8819.999999999998,2024-11-29,3000.0,30,True,Multi Leg auto-electronic trade,Basic Materials,Mining - Non Ferrous,83.89,92.4,83.04,91.0,508,3.94546858513182,20,5,0,0,0,1
LEU,Basic Materials,Mining - Non Ferrous,35__0,35,0.0,8. p75_trade_value,7840.000000000001,13640.0,O:LEU241220C00095000,LEU,C,95.0,2024-12-20,209,0,313,6.0,1732893214074000000,14,8400.0,2024-11-29,3000.0,30,True,Automatic Execution,Basic Materials,Mining - Non Ferrous,83.89,92.4,83.04,91.0,551,3.9242792860618816,20,5,0,0,0,1
LEU,Basic Materials,Mining - Non Ferrous,35__0,35,0.0,7. p90_trade_value,13680.000000000002,21070.0,O:LEU241220C00095000,LEU,C,95.0,2024-12-20,232,0,308,7.35,1732896447407000000,20,14700.0,2024-11-29,3000.0,30,True,Multi Leg auto-electronic trade,Basic Materials,Mining - Non Ferrous,83.89,92.4,83.04,91.0,208,4.1673173347481764,20,2,0,0,0,1
LEU,Basic Materials,Mining - Non Ferrous,35__0,35,0.0,8. p75_trade_value,7840.000000000001,13640.0,O:LEU241220C00100000,LEU,C,100.0,2024-12-20,209,0,308,5.4,1732895964276000000,20,10800.0,2024-11-29,3000.0,30,True,Automatic Execution,Basic Materials,Mining - Non Ferrous,83.89,92.4,83.04,91.0,340,4.033423755486949,20,3,0,0,0,1
LEU,Basic Materials,Mining - Non Ferrous,35__0,35,0.0,8. p75_trade_value,7840.000000000001,13640.0,O:LEU241220C00100000,LEU,C,100.0,2024-12-20,209,0,300,5.1,1732892666129000000,20,10200.0,2024-11-29,3000.0,30,True,Automatic Execution,Basic Materials,Mining - Non Ferrous,83.89,92.4,83.04,91.0,381,4.008600171761918,20,4,0,0,0,1
LEU,Basic Materials,Mining - Non Ferrous,35__0,35,0.0,8. p75_trade_value,7840.000000000001,13640.0,O:LEU241220C00100000,LEU,C,100.0,2024-12-20,209,0,313,4.3,1732891101501000000,28,12040.0,2024-11-29,3000.0,30,True,Automatic Execution,Basic Materials,Mining - Non Ferrous,83.89,92.4,83.04,91.0,279,4.080626486921806,20,3,0,0,0,1
LEU,Basic Materials,Mining - Non Ferrous,35__0,35,0.0,8. p75_trade_value,7840.000000000001,13640.0,O:LEU241220C00105000,LEU,C,105.0,2024-12-20,209,0,300,4.0,1732897716999000000,23,9200.0,2024-11-29,3000.0,30,True,Automatic Execution,Basic Materials,Mining - Non Ferrous,83.89,92.4,83.04,91.0,472,3.963787827345555,20,4,0,0,0,1
LEU,Basic Materials,Mining - Non Ferrous,35__0,35,0.0,6. p95_trade_value,21170.0,63840.00000000001,O:LEU241220C00105000,LEU,C,105.0,2024-12-20,209,0,325,4.0,1732897670743000000,100,40000.0,2024-11-29,3000.0,30,True,Automatic Execution,Basic Materials,Mining - Non Ferrous,83.89,92.4,83.04,91.0,46,4.6020599913279625,20,1,0,0,0,1
LEU,Basic Materials,Mining - Non Ferrous,35__0,35,0.0,6. p95_trade_value,21170.0,63840.00000000001,O:LEU241220C00105000,LEU,C,105.0,2024-12-20,209,0,303,3.9,1732898115059000000,56,21840.0,2024-11-29,3000.0,30,True,Automatic Execution,Basic Materials,Mining - Non Ferrous,83.89,92.4,83.04,91.0,110,4.339252634032699,20,1,0,0,0,1
LEU,Basic Materials,Mining - Non Ferrous,35__0,35,0.0,8. p75_trade_value,7840.000000000001,13640.0,O:LEU241220C00105000,LEU,C,105.0,2024-12-20,209,0,303,3.9,1732898115059000000,24,9360.0,2024-11-29,3000.0,30,True,Automatic Execution,Basic Materials,Mining - Non Ferrous,83.89,92.4,83.04,91.0,455,3.971275848738105,20,4,0,0,0,1
LEU,Basic Materials,Mining - Non Ferrous,35__0,35,0.0,7. p90_trade_value,13680.000000000002,21070.0,O:LEU241220C00105000,LEU,C,105.0,2024-12-20,209,0,300,4.0,1732897716978000000,41,16400.0,2024-11-29,3000.0,30,True,Automatic Execution,Basic Materials,Mining - Non Ferrous,83.89,92.4,83.04,91.0,177,4.214843848047698,20,2,0,0,0,1
LEU,Basic Materials,Mining - Non Ferrous,35__0,35,0.0,7. p90_trade_value,13680.000000000002,21070.0,O:LEU241220C00110000,LEU,C,110.0,2024-12-20,209,0,308,2.9,1732894519234000000,50,14500.0,2024-11-29,3000.0,30,True,Automatic Execution,Basic Materials,Mining - Non Ferrous,83.89,92.4,83.04,91.0,212,4.161368002234975,20,2,0,0,0,1
LEU,Basic Materials,Mining - Non Ferrous,35__0,35,0.0,8. p75_trade_value,7840.000000000001,13640.0,O:LEU241220C00135000,LEU,C,135.0,2024-12-20,209,0,303,1.05,1732897699746000000,100,10500.0,2024-11-29,3000.0,30,True,Automatic Execution,Basic Materials,Mining - Non Ferrous,83.89,92.4,83.04,91.0,355,4.021189299069938,20,3,0,0,0,1
LEU,Basic Materials,Mining - Non Ferrous,35__0,35,0.0,8. p75_trade_value,7840.000000000001,13640.0,O:LEU241220C00135000,LEU,C,135.0,2024-12-20,209,0,303,1.0,1732898100268000000,79,7900.0,2024-11-29,3000.0,30,True,Automatic Execution,Basic Materials,Mining - Non Ferrous,83.89,92.4,83.04,91.0,591,3.8976270912904414,20,5,0,0,0,1
LEU,Basic Materials,Mining - Non Ferrous,35__0,35,0.0,8. p75_trade_value,7840.000000000001,13640.0,O:LEU241220P00070000,LEU,P,70.0,2024-12-20,232,0,312,1.29,1732896703800000000,64,8256.0,2024-11-29,3000.0,30,True,Multi Leg auto-electronic trade,Basic Materials,Mining - Non Ferrous,83.89,92.4,83.04,91.0,560,3.9167696842831363,20,5,1,1,1,0
LEU,Basic Materials,Mining - Non Ferrous,35__0,35,0.0,7. p90_trade_value,13680.000000000002,21070.0,O:LEU241220P00080000,LEU,P,80.0,2024-12-20,209,0,303,4.0,1732893956035000000,41,16400.0,2024-11-29,3000.0,30,True,Automatic Execution,Basic Materials,Mining - Non Ferrous,83.89,92.4,83.04,91.0,176,4.214843848047698,20,2,1,1,1,0
LEU,Basic Materials,Mining - Non Ferrous,35__0,35,0.0,8. p75_trade_value,7840.000000000001,13640.0,O:LEU241220P00080000,LEU,P,80.0,2024-12-20,209,0,303,4.0,1732893956035000000,29,11600.0,2024-11-29,3000.0,30,True,Automatic Execution,Basic Materials,Mining - Non Ferrous,83.89,92.4,83.04,91.0,291,4.064457989226918,20,3,1,1,1,0
LEU,Basic Materials,Mining - Non Ferrous,35__0,35,0.0,6. p95_trade_value,21170.0,63840.00000000001,O:LEU241220C00100000,LEU,C,100.0,2024-12-20,209,0,308,2.65,1733166878636000000,100,26500.0,2024-12-02,3000.0,30,True,Automatic Execution,Basic Materials,Mining - Non Ferrous,92.82,92.82,82.1,82.47,84,4.423245873936808,20,1,0,0,0,1
LEU,Basic Materials,Mining - Non Ferrous,35__0,35,0.0,8. p75_trade_value,7840.000000000001,13640.0,O:LEU241220C00110000,LEU,C,110.0,2024-12-20,209,0,308,3.0,1733149800750000000,37,11100.0,2024-12-02,3000.0,30,True,Automatic Execution,Basic Materials,Mining - Non Ferrous,92.82,92.82,82.1,82.47,322,4.045322978786658,20,3,0,0,0,1
LEU,Basic Materials,Mining - Non Ferrous,35__0,35,0.0,8. p75_trade_value,7840.000000000001,13640.0,O:LEU241220P00065000,LEU,P,65.0,2024-12-20,209,0,316,0.93,1733164548002000000,100,9300.0,2024-12-02,3000.0,30,True,Automatic Execution,Basic Materials,Mining - Non Ferrous,92.82,92.82,82.1,82.47,462,3.9684829485539352,20,4,0,0,0,1
LEU,Basic Materials,Mining - Non Ferrous,35__0,35,0.0,8. p75_trade_value,7840.000000000001,13640.0,O:LEU241220C00090000,LEU,C,90.0,2024-12-20,209,0,323,3.7,1733236715138000000,25,9250.0,2024-12-03,3000.0,30,True,Automatic Execution,Basic Materials,Mining - Non Ferrous,82.0,82.5,74.4,76.92,467,3.9661417327390325,20,4,0,0,0,1
LEU,Basic Materials,Mining - Non Ferrous,35__0,35,0.0,8. p75_trade_value,7840.000000000001,13640.0,O:LEU241220C00085000,LEU,C,85.0,2024-12-20,209,0,300,3.4,1733338578456000000,27,9180.0,2024-12-04,3000.0,30,True,Automatic Execution,Basic Materials,Mining - Non Ferrous,77.3,80.72,76.05,76.55,477,3.9628426812012423,20,5,0,0,0,1
LEU,Basic Materials,Mining - Non Ferrous,35__0,35,0.0,8. p75_trade_value,7840.000000000001,13640.0,O:LEU241220C00085000,LEU,C,85.0,2024-12-20,232,0,304,4.06,1733331654992000000,20,8119.999999999999,2024-12-04,3000.0,30,True,Multi Leg auto-electronic trade,Basic Materials,Mining - Non Ferrous,77.3,80.72,76.05,76.55,571,3.909556029241175,20,5,0,0,0,1
LEU,Basic Materials,Mining - Non Ferrous,35__0,35,0.0,8. p75_trade_value,7840.000000000001,13640.0,O:LEU241220P00065000,LEU,P,65.0,2024-12-20,209,0,302,1.55,1733342456728000000,54,8370.0,2024-12-04,3000.0,30,True,Automatic Execution,Basic Materials,Mining - Non Ferrous,77.3,80.72,76.05,76.55,552,3.92272545799326,20,5,0,0,0,1
LEU,Basic Materials,Mining - Non Ferrous,35__0,35,0.0,8. p75_trade_value,7840.000000000001,13640.0,O:LEU241220P00075000,LEU,P,75.0,2024-12-20,227,0,304,4.39,1733323081919000000,25,10974.999999999998,2024-12-04,3000.0,30,True,Single Leg Auction Non ISO,Basic Materials,Mining - Non Ferrous,77.3,80.72,76.05,76.55,330,4.040404528914159,20,3,1,1,1,0
LEU,Basic Materials,Mining - Non Ferrous,35__0,35,0.0,7. p90_trade_value,13680.000000000002,21070.0,O:LEU241220C00090000,LEU,C,90.0,2024-12-20,232,0,312,1.72,1733414561696000000,115,19780.0,2024-12-05,3000.0,30,True,Multi Leg auto-electronic trade,Basic Materials,Mining - Non Ferrous,76.0,80.035,73.75,78.8,140,4.2962262872611605,20,2,0,0,0,1
LEU,Basic Materials,Mining - Non Ferrous,35__0,35,0.0,7. p90_trade_value,13680.000000000002,21070.0,O:LEU241220C00095000,LEU,C,95.0,2024-12-20,232,0,312,1.22,1733414561696000000,115,14029.999999999998,2024-12-05,3000.0,30,True,Multi Leg auto-electronic trade,Basic Materials,Mining - Non Ferrous,76.0,80.035,73.75,78.8,224,4.14705767102836,20,2,0,0,0,1
LEU,Basic Materials,Mining - Non Ferrous,35__0,35,0.0,7. p90_trade_value,13680.000000000002,21070.0,O:LEU241220C00095000,LEU,C,95.0,2024-12-20,240,0,312,1.6,1733517987683000000,100,16000.0,2024-12-06,3000.0,30,True,Stock Options auto-electronic trade,Basic Materials,Mining - Non Ferrous,79.73,81.9461,76.63,78.29,181,4.204119982655925,20,2,0,0,0,1
LEU,Basic Materials,Mining - Non Ferrous,35__0,35,0.0,7. p90_trade_value,13680.000000000002,21070.0,O:LEU241220C00095000,LEU,C,95.0,2024-12-20,240,0,312,1.58,1733518021821000000,100,15800.0,2024-12-06,3000.0,30,True,Stock Options auto-electronic trade,Basic Materials,Mining - Non Ferrous,79.73,81.9461,76.63,78.29,184,4.198657086954422,20,2,0,0,0,1
LEU,Basic Materials,Mining - Non Ferrous,35__0,35,0.0,8. p75_trade_value,7840.000000000001,13640.0,O:LEU241220C00100000,LEU,C,100.0,2024-12-20,209,0,308,0.95,1733497501908000000,98,9310.0,2024-12-06,3000.0,30,True,Automatic Execution,Basic Materials,Mining - Non Ferrous,79.73,81.9461,76.63,78.29,461,3.9689496809813427,20,4,0,0,0,1
LEU,Basic Materials,Mining - Non Ferrous,35__0,35,0.0,8. p75_trade_value,7840.000000000001,13640.0,O:LEU241220C00100000,LEU,C,100.0,2024-12-20,209,0,308,0.95,1733498780804000000,98,9310.0,2024-12-06,3000.0,30,True,Automatic Execution,Basic Materials,Mining - Non Ferrous,79.73,81.9461,76.63,78.29,460,3.9689496809813427,20,4,0,0,0,1
LEU,Basic Materials,Mining - Non Ferrous,35__0,35,0.0,7. p90_trade_value,13680.000000000002,21070.0,O:LEU241220P00075000,LEU,P,75.0,2024-12-20,232,0,322,4.45,1733514214822000000,35,15575.0,2024-12-06,3000.0,30,True,Multi Leg auto-electronic trade,Basic Materials,Mining - Non Ferrous,79.73,81.9461,76.63,78.29,191,4.192428055331208,20,2,1,1,1,0
LEU,Basic Materials,Mining - Non Ferrous,35__0,35,0.0,8. p75_trade_value,7840.000000000001,13640.0,O:LEU241220P00070000,LEU,P,70.0,2024-12-20,209,0,308,2.9,1733763474935000000,44,12760.0,2024-12-09,3000.0,30,True,Automatic Execution,Basic Materials,Mining - Non Ferrous,78.41,79.12,72.2,72.61,259,4.1058506743851435,20,3,1,1,1,0
LEU,Basic Materials,Mining - Non Ferrous,35__0,35,0.0,8. p75_trade_value,7840.000000000001,13640.0,O:LEU241220C00100000,LEU,C,100.0,2024-12-20,227,0,309,0.25,1733864305856000000,441,11025.0,2024-12-10,3000.0,30,True,Single Leg Auction Non ISO,Basic Materials,Mining - Non Ferrous,72.16,74.96,70.7,71.57,325,4.0423785981398765,20,3,0,0,0,1
LEU,Basic Materials,Mining - Non Ferrous,35__0,35,0.0,7. p90_trade_value,13680.000000000002,21070.0,O:LEU241220P00070000,LEU,P,70.0,2024-12-20,209,0,300,3.4,1733862766213000000,50,17000.0,2024-12-10,3000.0,30,True,Automatic Execution,Basic Materials,Mining - Non Ferrous,72.16,74.96,70.7,71.57,168,4.230448921378274,20,2,1,1,1,0
LEU,Basic Materials,Mining - Non Ferrous,35__0,35,0.0,7. p90_trade_value,13680.000000000002,21070.0,O:LEU241220P00070000,LEU,P,70.0,2024-12-20,209,0,308,3.4,1733848562815000000,49,16660.0,2024-12-10,3000.0,30,True,Automatic Execution,Basic Materials,Mining - Non Ferrous,72.16,74.96,70.7,71.57,174,4.221674997070769,20,2,1,1,1,0
LEU,Basic Materials,Mining - Non Ferrous,35__0,35,0.0,7. p90_trade_value,13680.000000000002,21070.0,O:LEU241220C00080000,LEU,C,80.0,2024-12-20,209,0,308,2.75,1733947296496000000,50,13750.0,2024-12-11,3000.0,30,True,Automatic Execution,Basic Materials,Mining - Non Ferrous,76.0,79.34,74.35,75.11,231,4.138302698166282,20,2,0,0,0,1
LEU,Basic Materials,Mining - Non Ferrous,35__0,35,0.0,8. p75_trade_value,7840.000000000001,13640.0,O:LEU241220C00080000,LEU,C,80.0,2024-12-20,209,0,307,3.7,1733929593090000000,27,9990.0,2024-12-11,3000.0,30,True,Automatic Execution,Basic Materials,Mining - Non Ferrous,76.0,79.34,74.35,75.11,400,3.9995654882259823,20,4,0,0,0,1
LEU,Basic Materials,Mining - Non Ferrous,35__0,35,0.0,8. p75_trade_value,7840.000000000001,13640.0,O:LEU241220C00080000,LEU,C,80.0,2024-12-20,209,0,325,3.75,1733929645576000000,27,10125.0,2024-12-11,3000.0,30,True,Automatic Execution,Basic Materials,Mining - Non Ferrous,76.0,79.34,74.35,75.11,384,4.005395031886706,20,4,0,0,0,1
LEU,Basic Materials,Mining - Non Ferrous,35__0,35,0.0,8. p75_trade_value,7840.000000000001,13640.0,O:LEU241220P00070000,LEU,P,70.0,2024-12-20,209,0,308,1.75,1733929893602000000,46,8050.0,2024-12-11,3000.0,30,True,Automatic Execution,Basic Materials,Mining - Non Ferrous,76.0,79.34,74.35,75.11,574,3.9057958803678687,20,5,1,1,1,0
LEU,Basic Materials,Mining - Non Ferrous,35__0,35,0.0,8. p75_trade_value,7840.000000000001,13640.0,O:LEU241220P00070000,LEU,P,70.0,2024-12-20,209,0,308,1.6,1733927708110000000,70,11200.0,2024-12-11,3000.0,30,True,Automatic Execution,Basic Materials,Mining - Non Ferrous,76.0,79.34,74.35,75.11,319,4.049218022670182,20,3,1,1,1,0
LEU,Basic Materials,Mining - Non Ferrous,35__0,35,0.0,8. p75_trade_value,7840.000000000001,13640.0,O:LEU241220P00070000,LEU,P,70.0,2024-12-20,209,0,308,1.9,1733928075874000000,50,9500.0,2024-12-11,3000.0,30,True,Automatic Execution,Basic Materials,Mining - Non Ferrous,76.0,79.34,74.35,75.11,439,3.9777236052888476,20,4,1,1,1,0
LEU,Basic Materials,Mining - Non Ferrous,35__0,35,0.0,8. p75_trade_value,7840.000000000001,13640.0,O:LEU241220P00070000,LEU,P,70.0,2024-12-20,227,0,309,2.11,1733932403352000000,48,10128.0,2024-12-11,3000.0,30,True,Single Leg Auction Non ISO,Basic Materials,Mining - Non Ferrous,76.0,79.34,74.35,75.11,383,4.00552369267328,20,4,1,1,1,0
LEU,Basic Materials,Mining - Non Ferrous,35__0,35,0.0,8. p75_trade_value,7840.000000000001,13640.0,O:LEU241220P00070000,LEU,P,70.0,2024-12-20,227,0,302,1.7,1734020721274000000,50,8500.0,2024-12-12,3000.0,30,True,Single Leg Auction Non ISO,Basic Materials,Mining - Non Ferrous,75.61,78.0,73.6,74.54,537,3.929418925714293,20,5,1,1,1,0
LEU,Basic Materials,Mining - Non Ferrous,35__0,35,0.0,8. p75_trade_value,7840.000000000001,13640.0,O:LEU241220P00070000,LEU,P,70.0,2024-12-20,209,0,308,1.15,1734102301193000000,100,11499.999999999998,2024-12-13,3000.0,30,True,Automatic Execution,Basic Materials,Mining - Non Ferrous,74.62,76.9899,72.08,72.42,299,4.060697840353612,20,3,1,1,1,0
LEU,Basic Materials,Mining - Non Ferrous,35__0,35,0.0,6. p95_trade_value,21170.0,63840.00000000001,O:LEU250117C00080000,LEU,C,80.0,2025-01-17,209,0,308,4.7,1734533834182000000,100,47000.0,2024-12-18,3000.0,30,True,Automatic Execution,Basic Materials,Mining - Non Ferrous,73.0,74.65,68.0,69.32,39,4.672097857935717,20,1,1,0,0,0
LEU,Basic Materials,Mining - Non Ferrous,35__0,35,0.0,8. p75_trade_value,7840.000000000001,13640.0,O:LEU250117C00090000,LEU,C,90.0,2025-01-17,227,0,323,2.44,1734535791353000000,40,9760.0,2024-12-18,3000.0,30,True,Single Leg Auction Non ISO,Basic Materials,Mining - Non Ferrous,73.0,74.65,68.0,69.32,414,3.9894498176666917,20,4,0,0,0,1
LEU,Basic Materials,Mining - Non Ferrous,35__0,35,0.0,8. p75_trade_value,7840.000000000001,13640.0,O:LEU250117C00075000,LEU,C,75.0,2025-01-17,227,0,312,4.35,1734621953830000000,20,8700.0,2024-12-19,3000.0,30,True,Single Leg Auction Non ISO,Basic Materials,Mining - Non Ferrous,70.0,71.42,67.0,68.23,516,3.9395192526186187,20,5,1,1,1,0
LEU,Basic Materials,Mining - Non Ferrous,35__0,35,0.0,7. p90_trade_value,13680.000000000002,21070.0,O:LEU250117C00075000,LEU,C,75.0,2025-01-17,209,0,301,2.9,1734986728437000000,55,15950.0,2024-12-23,3000.0,30,True,Automatic Execution,Basic Materials,Mining - Non Ferrous,67.05,68.66,65.6004,68.24,182,4.2027606873932,20,2,1,1,1,0
LEU,Basic Materials,Mining - Non Ferrous,35__0,35,0.0,7. p90_trade_value,13680.000000000002,21070.0,O:LEU250117P00065000,LEU,P,65.0,2025-01-17,209,0,308,2.0,1735310461964000000,100,20000.0,2024-12-27,3000.0,30,True,Automatic Execution,Basic Materials,Mining - Non Ferrous,73.3,74.77,68.755,70.71,136,4.301029995663981,20,2,0,0,0,1
LEU,Basic Materials,Mining - Non Ferrous,35__0,35,0.0,8. p75_trade_value,7840.000000000001,13640.0,O:LEU250117C00070000,LEU,C,70.0,2025-01-17,209,0,323,3.8,1735655401824000000,35,13300.0,2024-12-31,3000.0,30,True,Automatic Execution,Basic Materials,Mining - Non Ferrous,68.79,69.88,65.106,66.61,247,4.123851640967086,20,3,1,1,1,0
LEU,Basic Materials,Mining - Non Ferrous,35__0,35,0.0,7. p90_trade_value,13680.000000000002,21070.0,O:LEU250117C00080000,LEU,C,80.0,2025-01-17,209,0,308,1.4,1735834508019000000,120,16800.0,2025-01-02,3000.0,30,True,Automatic Execution,Basic Materials,Mining - Non Ferrous,67.52,74.34,67.52,74.05,170,4.225309281725863,20,2,1,0,0,0
LEU,Basic Materials,Mining - Non Ferrous,35__0,35,0.0,8. p75_trade_value,7840.000000000001,13640.0,O:LEU250117C00085000,LEU,C,85.0,2025-01-17,227,0,323,2.99,1735937220665000000,35,10465.0,2025-01-03,3000.0,30,True,Single Leg Auction Non ISO,Basic Materials,Mining - Non Ferrous,75.16,82.01,74.7663,80.8,356,4.019739232674706,20,3,0,0,0,1
LEU,Basic Materials,Mining - Non Ferrous,35__0,35,0.0,8. p75_trade_value,7840.000000000001,13640.0,O:LEU250117C00085000,LEU,C,85.0,2025-01-17,227,0,323,2.49,1735917378262000000,50,12450.000000000002,2025-01-03,3000.0,30,True,Single Leg Auction Non ISO,Basic Materials,Mining - Non Ferrous,75.16,82.01,74.7663,80.8,267,4.095169351431755,20,3,0,0,0,1
LEU,Basic Materials,Mining - Non Ferrous,35__0,35,0.0,8. p75_trade_value,7840.000000000001,13640.0,O:LEU250117C00085000,LEU,C,85.0,2025-01-17,227,0,323,2.81,1735937482464000000,33,9273.0,2025-01-03,3000.0,30,True,Single Leg Auction Non ISO,Basic Materials,Mining - Non Ferrous,75.16,82.01,74.7663,80.8,466,3.9672202597829673,20,4,0,0,0,1
LEU,Basic Materials,Mining - Non Ferrous,35__0,35,0.0,6. p95_trade_value,21170.0,63840.00000000001,O:LEU250117C00085000,LEU,C,85.0,2025-01-17,209,0,319,2.6,1735937311572000000,95,24700.0,2025-01-03,3000.0,30,True,Automatic Execution,Basic Materials,Mining - Non Ferrous,75.16,82.01,74.7663,80.8,95,4.392696953259666,20,1,0,0,0,1
LEU,Basic Materials,Mining - Non Ferrous,35__0,35,0.0,6. p95_trade_value,21170.0,63840.00000000001,O:LEU250117C00095000,LEU,C,95.0,2025-01-17,227,0,323,1.29,1736179347860000000,200,25800.0,2025-01-06,3000.0,30,True,Single Leg Auction Non ISO,Basic Materials,Mining - Non Ferrous,83.8,84.24,80.5047,81.58,89,4.41161970596323,20,1,0,0,0,1
LEU,Basic Materials,Mining - Non Ferrous,35__0,35,0.0,7. p90_trade_value,13680.000000000002,21070.0,O:LEU250221C00100000,LEU,C,100.0,2025-02-21,209,0,308,5.7,1737562290069000000,25,14250.0,2025-01-22,3000.0,30,True,Automatic Execution,Basic Materials,Mining - Non Ferrous,94.39,94.39,88.6419,90.81,218,4.153814864344529,20,2,1,1,0,0
LEU,Basic Materials,Mining - Non Ferrous,35__0,35,0.0,7. p90_trade_value,13680.000000000002,21070.0,O:LEU250221C00100000,LEU,C,100.0,2025-02-21,209,0,308,5.0,1737557874723000000,42,21000.0,2025-01-22,3000.0,30,True,Automatic Execution,Basic Materials,Mining - Non Ferrous,94.39,94.39,88.6419,90.81,121,4.3222192947339195,20,2,1,1,0,0
LEU,Basic Materials,Mining - Non Ferrous,35__0,35,0.0,8. p75_trade_value,7840.000000000001,13640.0,O:LEU250221C00100000,LEU,C,100.0,2025-02-21,219,0,316,5.5,1737569028856000000,17,9350.0,2025-01-22,3000.0,30,True,Intermarket Sweep Order,Basic Materials,Mining - Non Ferrous,94.39,94.39,88.6419,90.81,456,3.9708116108725178,20,4,1,1,0,0
LEU,Basic Materials,Mining - Non Ferrous,35__0,35,0.0,7. p90_trade_value,13680.000000000002,21070.0,O:LEU250221C00100000,LEU,C,100.0,2025-02-21,209,0,308,6.0,1737560446662000000,25,15000.0,2025-01-22,3000.0,30,True,Automatic Execution,Basic Materials,Mining - Non Ferrous,94.39,94.39,88.6419,90.81,202,4.176091259055681,20,2,1,1,0,0
LEU,Basic Materials,Mining - Non Ferrous,35__0,35,0.0,8. p75_trade_value,7840.000000000001,13640.0,O:LEU250221C00110000,LEU,C,110.0,2025-02-21,209,0,320,3.3,1737560301547000000,25,8250.0,2025-01-22,3000.0,30,True,Automatic Execution,Basic Materials,Mining - Non Ferrous,94.39,94.39,88.6419,90.81,561,3.916453948549925,20,5,1,0,0,0
LEU,Basic Materials,Mining - Non Ferrous,35__0,35,0.0,8. p75_trade_value,7840.000000000001,13640.0,O:LEU250221C00115000,LEU,C,115.0,2025-02-21,227,0,301,2.43,1737564036069000000,50,12150.000000000002,2025-01-22,3000.0,30,True,Single Leg Auction Non ISO,Basic Materials,Mining - Non Ferrous,94.39,94.39,88.6419,90.81,277,4.084576277934331,20,3,1,0,0,0
LEU,Basic Materials,Mining - Non Ferrous,35__0,35,0.0,7. p90_trade_value,13680.000000000002,21070.0,O:LEU250221P00080000,LEU,P,80.0,2025-02-21,209,0,325,4.05,1737557894899000000,50,20250.0,2025-01-22,3000.0,30,True,Automatic Execution,Basic Materials,Mining - Non Ferrous,94.39,94.39,88.6419,90.81,133,4.306425027550687,20,2,1,0,0,0
LEU,Basic Materials,Mining - Non Ferrous,35__0,35,0.0,7. p90_trade_value,13680.000000000002,21070.0,O:LEU250221C00110000,LEU,C,110.0,2025-02-21,209,0,316,3.95,1737650812684000000,37,14615.0,2025-01-23,3000.0,30,True,Automatic Execution,Basic Materials,Mining - Non Ferrous,89.35,97.7,89.0,94.2,209,4.164798819693456,20,2,1,0,0,0
LEU,Basic Materials,Mining - Non Ferrous,35__0,35,0.0,8. p75_trade_value,7840.000000000001,13640.0,O:LEU250221C00110000,LEU,C,110.0,2025-02-21,219,0,322,4.1,1737649181992000000,21,8610.0,2025-01-23,3000.0,30,True,Intermarket Sweep Order,Basic Materials,Mining - Non Ferrous,89.35,97.7,89.0,94.2,521,3.935003151453655,20,5,1,0,0,0
LEU,Basic Materials,Mining - Non Ferrous,35__0,35,0.0,8. p75_trade_value,7840.000000000001,13640.0,O:LEU250221C00110000,LEU,C,110.0,2025-02-21,209,0,308,4.0,1737650368354000000,25,10000.0,2025-01-23,3000.0,30,True,Automatic Execution,Basic Materials,Mining - Non Ferrous,89.35,97.7,89.0,94.2,394,4.0,20,4,1,0,0,0
LEU,Basic Materials,Mining - Non Ferrous,35__0,35,0.0,8. p75_trade_value,7840.000000000001,13640.0,O:LEU250221C00115000,LEU,C,115.0,2025-02-21,209,0,313,3.8,1737656006554000000,30,11400.0,2025-01-23,3000.0,30,True,Automatic Execution,Basic Materials,Mining - Non Ferrous,89.35,97.7,89.0,94.2,304,4.056904851336473,20,3,1,0,0,0
LEU,Basic Materials,Mining - Non Ferrous,35__0,35,0.0,7. p90_trade_value,13680.000000000002,21070.0,O:LEU250221C00115000,LEU,C,115.0,2025-02-21,209,0,312,2.8,1737651641597000000,72,20160.0,2025-01-23,3000.0,30,True,Automatic Execution,Basic Materials,Mining - Non Ferrous,89.35,97.7,89.0,94.2,134,4.3044905277734875,20,2,1,0,0,0
LEU,Basic Materials,Mining - Non Ferrous,35__0,35,0.0,8. p75_trade_value,7840.000000000001,13640.0,O:LEU250221C00100000,LEU,C,100.0,2025-02-21,209,0,323,8.9,1737729958284000000,10,8900.0,2025-01-24,3000.0,30,True,Automatic Execution,Basic Materials,Mining - Non Ferrous,97.9,99.57,91.3101,92.0,502,3.949390006644913,20,5,1,1,0,0
LEU,Basic Materials,Mining - Non Ferrous,35__0,35,0.0,8. p75_trade_value,7840.000000000001,13640.0,O:LEU250221C00100000,LEU,C,100.0,2025-02-21,209,0,313,8.4,1737729776571000000,14,11760.0,2025-01-24,3000.0,30,True,Automatic Execution,Basic Materials,Mining - Non Ferrous,97.9,99.57,91.3101,92.0,286,4.070407321740119,20,3,1,1,0,0
LEU,Basic Materials,Mining - Non Ferrous,35__0,35,0.0,8. p75_trade_value,7840.000000000001,13640.0,O:LEU250221C00105000,LEU,C,105.0,2025-02-21,209,0,316,4.99,1737735085839000000,18,8982.0,2025-01-24,3000.0,30,True,Automatic Execution,Basic Materials,Mining - Non Ferrous,97.9,99.57,91.3101,92.0,499,3.953373050726696,20,5,1,0,0,0
LEU,Basic Materials,Mining - Non Ferrous,35__0,35,0.0,8. p75_trade_value,7840.000000000001,13640.0,O:LEU250221C00105000,LEU,C,105.0,2025-02-21,209,0,316,5.0,1737735085839000000,19,9500.0,2025-01-24,3000.0,30,True,Automatic Execution,Basic Materials,Mining - Non Ferrous,97.9,99.57,91.3101,92.0,438,3.9777236052888476,20,4,1,0,0,0
LEU,Basic Materials,Mining - Non Ferrous,35__0,35,0.0,8. p75_trade_value,7840.000000000001,13640.0,O:LEU250221C00115000,LEU,C,115.0,2025-02-21,209,0,313,2.95,1737737025773000000,30,8850.0,2025-01-24,3000.0,30,True,Automatic Execution,Basic Materials,Mining - Non Ferrous,97.9,99.57,91.3101,92.0,506,3.9469432706978256,20,5,1,0,0,0
LEU,Basic Materials,Mining - Non Ferrous,35__0,35,0.0,6. p95_trade_value,21170.0,63840.00000000001,O:LEU250221P00085000,LEU,P,85.0,2025-02-21,232,0,302,4.35,1737739009659000000,50,21749.999999999996,2025-01-24,3000.0,30,True,Multi Leg auto-electronic trade,Basic Materials,Mining - Non Ferrous,97.9,99.57,91.3101,92.0,111,4.337459261290656,20,1,1,0,0,0
LEU,Basic Materials,Mining - Non Ferrous,35__0,35,0.0,6. p95_trade_value,21170.0,63840.00000000001,O:LEU250221P00090000,LEU,P,90.0,2025-02-21,232,0,302,6.3,1737739009659000000,50,31500.0,2025-01-24,3000.0,30,True,Multi Leg auto-electronic trade,Basic Materials,Mining - Non Ferrous,97.9,99.57,91.3101,92.0,62,4.498310553789601,20,1,1,0,0,0
LEU,Basic Materials,Mining - Non Ferrous,35__0,35,0.0,6. p95_trade_value,21170.0,63840.00000000001,O:LEU250221C00095000,LEU,C,95.0,2025-02-21,231,0,301,2.75,1738011342771000000,100,27500.0,2025-01-27,3000.0,30,True,Single Leg Floor Trade,Basic Materials,Mining - Non Ferrous,83.5,84.23,76.5,78.19,81,4.439332693830263,20,1,1,1,1,0
LEU,Basic Materials,Mining - Non Ferrous,35__0,35,0.0,8. p75_trade_value,7840.000000000001,13640.0,O:LEU250221C00095000,LEU,C,95.0,2025-02-21,227,0,323,3.2,1737990585079000000,30,9600.0,2025-01-27,3000.0,30,True,Single Leg Auction Non ISO,Basic Materials,Mining - Non Ferrous,83.5,84.23,76.5,78.19,430,3.9822712330395684,20,4,1,1,1,0
LEU,Basic Materials,Mining - Non Ferrous,35__0,35,0.0,6. p95_trade_value,21170.0,63840.00000000001,O:LEU250221C00100000,LEU,C,100.0,2025-02-21,209,0,320,1.95,1737989190731000000,160,31200.0,2025-01-27,3000.0,30,True,Automatic Execution,Basic Materials,Mining - Non Ferrous,83.5,84.23,76.5,78.19,64,4.494154594018442,20,1,1,1,0,0
LEU,Basic Materials,Mining - Non Ferrous,35__0,35,0.0,6. p95_trade_value,21170.0,63840.00000000001,O:LEU250221P00060000,LEU,P,60.0,2025-02-21,209,0,313,1.5,1738000631738000000,149,22350.0,2025-01-27,3000.0,30,True,Automatic Execution,Basic Materials,Mining - Non Ferrous,83.5,84.23,76.5,78.19,106,4.349277527467955,20,1,0,0,0,1
LEU,Basic Materials,Mining - Non Ferrous,35__0,35,0.0,8. p75_trade_value,7840.000000000001,13640.0,O:LEU250221P00070000,LEU,P,70.0,2025-02-21,209,0,323,3.4,1737991030473000000,36,12240.0,2025-01-27,3000.0,30,True,Automatic Execution,Basic Materials,Mining - Non Ferrous,83.5,84.23,76.5,78.19,276,4.087781417809542,20,3,0,0,0,1
LEU,Basic Materials,Mining - Non Ferrous,35__0,35,0.0,8. p75_trade_value,7840.000000000001,13640.0,O:LEU250221P00070000,LEU,P,70.0,2025-02-21,209,0,316,3.4,1737991030503000000,33,11220.0,2025-01-27,3000.0,30,True,Automatic Execution,Basic Materials,Mining - Non Ferrous,83.5,84.23,76.5,78.19,315,4.049992856920142,20,3,0,0,0,1
LEU,Basic Materials,Mining - Non Ferrous,35__0,35,0.0,8. p75_trade_value,7840.000000000001,13640.0,O:LEU250221C00090000,LEU,C,90.0,2025-02-21,219,0,316,6.0,1738248088324000000,16,9600.0,2025-01-30,3000.0,30,True,Intermarket Sweep Order,Basic Materials,Mining - Non Ferrous,82.78,86.88,82.64,85.38,429,3.9822712330395684,20,4,1,1,1,0
LEU,Basic Materials,Mining - Non Ferrous,35__0,35,0.0,8. p75_trade_value,7840.000000000001,13640.0,O:LEU250221C00090000,LEU,C,90.0,2025-02-21,219,0,316,5.1,1738256103038000000,21,10710.0,2025-01-30,3000.0,30,True,Intermarket Sweep Order,Basic Materials,Mining - Non Ferrous,82.78,86.88,82.64,85.38,343,4.029789470831855,20,3,1,1,1,0
LEU,Basic Materials,Mining - Non Ferrous,35__0,35,0.0,8. p75_trade_value,7840.000000000001,13640.0,O:LEU250221C00090000,LEU,C,90.0,2025-02-21,232,0,301,5.66,1738260225852000000,20,11320.0,2025-01-30,3000.0,30,True,Multi Leg auto-electronic trade,Basic Materials,Mining - Non Ferrous,82.78,86.88,82.64,85.38,310,4.053846426852252,20,3,1,1,1,0
LEU,Basic Materials,Mining - Non Ferrous,35__0,35,0.0,8. p75_trade_value,7840.000000000001,13640.0,O:LEU250221C00095000,LEU,C,95.0,2025-02-21,209,0,323,4.2,1738266117215000000,25,10500.0,2025-01-30,3000.0,30,True,Automatic Execution,Basic Materials,Mining - Non Ferrous,82.78,86.88,82.64,85.38,353,4.021189299069938,20,3,1,1,1,0
LEU,Basic Materials,Mining - Non Ferrous,35__0,35,0.0,6. p95_trade_value,21170.0,63840.00000000001,O:LEU250221C00095000,LEU,C,95.0,2025-02-21,209,0,323,4.4,1738345308263000000,50,22000.000000000004,2025-01-31,3000.0,30,True,Automatic Execution,Basic Materials,Mining - Non Ferrous,86.91,87.46,82.14,82.3,108,4.342422680822207,20,1,1,1,1,0
LEU,Basic Materials,Mining - Non Ferrous,35__0,35,0.0,8. p75_trade_value,7840.000000000001,13640.0,O:LEU250221C00095000,LEU,C,95.0,2025-02-21,209,0,323,3.5,1738335696234000000,25,8750.0,2025-01-31,3000.0,30,True,Automatic Execution,Basic Materials,Mining - Non Ferrous,86.91,87.46,82.14,82.3,513,3.942008053022313,20,5,1,1,1,0
LEU,Basic Materials,Mining - Non Ferrous,35__0,35,0.0,5. p99_trade_value,65000.0,106983.99999999999,O:LEU250221C00090000,LEU,C,90.0,2025-02-21,209,0,325,3.25,1738695502443000000,200,65000.0,2025-02-04,3000.0,30,True,Automatic Execution,Basic Materials,Mining - Non Ferrous,85.33,85.6,78.75,80.4,24,4.812913356642856,20,1,1,1,1,0
LEU,Basic Materials,Mining - Non Ferrous,35__0,35,0.0,5. p99_trade_value,65000.0,106983.99999999999,O:LEU250221C00100000,LEU,C,100.0,2025-02-21,209,0,322,1.3,1738875573662000000,784,101920.0,2025-02-06,3000.0,30,True,Automatic Execution,Basic Materials,Mining - Non Ferrous,85.24,85.54,78.84,81.81,5,5.008259414991275,20,1,1,1,0,0
LEU,Basic Materials,Mining - Non Ferrous,35__0,35,0.0,7. p90_trade_value,13680.000000000002,21070.0,O:LEU250221C00100000,LEU,C,100.0,2025-02-21,209,0,325,1.5,1738860408368000000,100,15000.0,2025-02-06,3000.0,30,True,Automatic Execution,Basic Materials,Mining - Non Ferrous,85.24,85.54,78.84,81.81,201,4.176091259055681,20,2,1,1,0,0
LEU,Basic Materials,Mining - Non Ferrous,35__0,35,0.0,6. p95_trade_value,21170.0,63840.00000000001,O:LEU250221C00115000,LEU,C,115.0,2025-02-21,209,0,301,3.0,1738940374623000000,80,24000.0,2025-02-07,3000.0,30,True,Automatic Execution,Basic Materials,Mining - Non Ferrous,94.9,111.9,86.9,108.91,99,4.380211241711606,20,1,1,0,0,0
LEU,Basic Materials,Mining - Non Ferrous,35__0,35,0.0,8. p75_trade_value,7840.000000000001,13640.0,O:LEU250221C00120000,LEU,C,120.0,2025-02-21,227,0,301,3.31,1738959726509000000,29,9599.0,2025-02-07,3000.0,30,True,Single Leg Auction Non ISO,Basic Materials,Mining - Non Ferrous,94.9,111.9,86.9,108.91,433,3.982225991674675,20,4,1,0,0,0
LEU,Basic Materials,Mining - Non Ferrous,35__0,35,0.0,8. p75_trade_value,7840.000000000001,13640.0,O:LEU250221C00120000,LEU,C,120.0,2025-02-21,209,0,300,2.45,1738951683714000000,41,10045.0,2025-02-07,3000.0,30,True,Automatic Execution,Basic Materials,Mining - Non Ferrous,94.9,111.9,86.9,108.91,387,4.001949941084268,20,4,1,0,0,0
LEU,Basic Materials,Mining - Non Ferrous,35__0,35,0.0,8. p75_trade_value,7840.000000000001,13640.0,O:LEU250221C00120000,LEU,C,120.0,2025-02-21,227,0,304,3.18,1738959762293000000,30,9540.0,2025-02-07,3000.0,30,True,Single Leg Auction Non ISO,Basic Materials,Mining - Non Ferrous,94.9,111.9,86.9,108.91,435,3.979548374704095,20,4,1,0,0,0
LEU,Basic Materials,Mining - Non Ferrous,35__0,35,0.0,8. p75_trade_value,7840.000000000001,13640.0,O:LEU250221C00120000,LEU,C,120.0,2025-02-21,209,0,308,2.4,1738951683814000000,53,12719.999999999998,2025-02-07,3000.0,30,True,Automatic Execution,Basic Materials,Mining - Non Ferrous,94.9,111.9,86.9,108.91,262,4.104487111312395,20,3,1,0,0,0
LEU,Basic Materials,Mining - Non Ferrous,35__0,35,0.0,8. p75_trade_value,7840.000000000001,13640.0,O:LEU250221C00120000,LEU,C,120.0,2025-02-21,209,0,308,2.4,1738951683856000000,54,12960.0,2025-02-07,3000.0,30,True,Automatic Execution,Basic Materials,Mining - Non Ferrous,94.9,111.9,86.9,108.91,257,4.1126050015345745,20,3,1,0,0,0
LEU,Basic Materials,Mining - Non Ferrous,35__0,35,0.0,8. p75_trade_value,7840.000000000001,13640.0,O:LEU250221C00120000,LEU,C,120.0,2025-02-21,209,0,300,2.45,1738951683682000000,42,10290.0,2025-02-07,3000.0,30,True,Automatic Execution,Basic Materials,Mining - Non Ferrous,94.9,111.9,86.9,108.91,376,4.012415374762433,20,4,1,0,0,0
LEU,Basic Materials,Mining - Non Ferrous,35__0,35,0.0,6. p95_trade_value,21170.0,63840.00000000001,O:LEU250221C00120000,LEU,C,120.0,2025-02-21,209,0,308,2.8,1738955507526000000,79,22120.0,2025-02-07,3000.0,30,True,Automatic Execution,Basic Materials,Mining - Non Ferrous,94.9,111.9,86.9,108.91,107,4.34478512263266,20,1,1,0,0,0
LEU,Basic Materials,Mining - Non Ferrous,35__0,35,0.0,6. p95_trade_value,21170.0,63840.00000000001,O:LEU250221C00120000,LEU,C,120.0,2025-02-21,227,0,323,2.65,1738955545616000000,80,21200.0,2025-02-07,3000.0,30,True,Single Leg Auction Non ISO,Basic Materials,Mining - Non Ferrous,94.9,111.9,86.9,108.91,117,4.326335860928752,20,1,1,0,0,0
LEU,Basic Materials,Mining - Non Ferrous,35__0,35,0.0,8. p75_trade_value,7840.000000000001,13640.0,O:LEU250221C00120000,LEU,C,120.0,2025-02-21,209,0,301,2.45,1738951683921000000,38,9310.0,2025-02-07,3000.0,30,True,Automatic Execution,Basic Materials,Mining - Non Ferrous,94.9,111.9,86.9,108.91,459,3.9689496809813427,20,4,1,0,0,0
LEU,Basic Materials,Mining - Non Ferrous,35__0,35,0.0,6. p95_trade_value,21170.0,63840.00000000001,O:LEU250221C00120000,LEU,C,120.0,2025-02-21,209,0,320,3.7,1738944571978000000,70,25900.0,2025-02-07,3000.0,30,True,Automatic Execution,Basic Materials,Mining - Non Ferrous,94.9,111.9,86.9,108.91,87,4.413299764081252,20,1,1,0,0,0
LEU,Basic Materials,Mining - Non Ferrous,35__0,35,0.0,8. p75_trade_value,7840.000000000001,13640.0,O:LEU250221C00125000,LEU,C,125.0,2025-02-21,209,0,323,3.0,1739199637742000000,30,9000.0,2025-02-10,3000.0,30,True,Automatic Execution,Basic Materials,Mining - Non Ferrous,107.0,119.42,104.5,114.39,495,3.9542425094393248,20,5,0,0,0,1
LEU,Basic Materials,Mining - Non Ferrous,35__0,35,0.0,8. p75_trade_value,7840.000000000001,13640.0,O:LEU250221C00125000,LEU,C,125.0,2025-02-21,209,0,308,4.0,1739202725661000000,26,10400.0,2025-02-10,3000.0,30,True,Automatic Execution,Basic Materials,Mining - Non Ferrous,107.0,119.42,104.5,114.39,368,4.017033339298781,20,4,0,0,0,1
LEU,Basic Materials,Mining - Non Ferrous,35__0,35,0.0,7. p90_trade_value,13680.000000000002,21070.0,O:LEU250221C00125000,LEU,C,125.0,2025-02-21,209,0,308,3.9,1739203073086000000,50,19500.0,2025-02-10,3000.0,30,True,Automatic Execution,Basic Materials,Mining - Non Ferrous,107.0,119.42,104.5,114.39,145,4.290034611362518,20,2,0,0,0,1
LEU,Basic Materials,Mining - Non Ferrous,35__0,35,0.0,8. p75_trade_value,7840.000000000001,13640.0,O:LEU250221C00125000,LEU,C,125.0,2025-02-21,209,0,323,2.85,1739204992325000000,30,8550.0,2025-02-10,3000.0,30,True,Automatic Execution,Basic Materials,Mining - Non Ferrous,107.0,119.42,104.5,114.39,531,3.931966114728173,20,5,0,0,0,1
LEU,Basic Materials,Mining - Non Ferrous,35__0,35,0.0,8. p75_trade_value,7840.000000000001,13640.0,O:LEU250221C00125000,LEU,C,125.0,2025-02-21,209,0,300,4.0,1739202725599000000,23,9200.0,2025-02-10,3000.0,30,True,Automatic Execution,Basic Materials,Mining - Non Ferrous,107.0,119.42,104.5,114.39,474,3.963787827345555,20,4,0,0,0,1
LEU,Basic Materials,Mining - Non Ferrous,35__0,35,0.0,8. p75_trade_value,7840.000000000001,13640.0,O:LEU250221C00130000,LEU,C,130.0,2025-02-21,209,0,315,2.1,1739209979133000000,39,8190.000000000001,2025-02-10,3000.0,30,True,Automatic Execution,Basic Materials,Mining - Non Ferrous,107.0,119.42,104.5,114.39,564,3.9132839017604186,20,5,0,0,0,1
LEU,Basic Materials,Mining - Non Ferrous,35__0,35,0.0,6. p95_trade_value,21170.0,63840.00000000001,O:LEU250221P00100000,LEU,P,100.0,2025-02-21,209,0,320,3.5,1739197818016000000,80,28000.0,2025-02-10,3000.0,30,True,Automatic Execution,Basic Materials,Mining - Non Ferrous,107.0,119.42,104.5,114.39,78,4.447158031342219,20,1,1,1,1,0
LEU,Basic Materials,Mining - Non Ferrous,35__0,35,0.0,7. p90_trade_value,13680.000000000002,21070.0,O:LEU250221C00120000,LEU,C,120.0,2025-02-21,209,0,316,3.7,1739303889952000000,37,13690.0,2025-02-11,3000.0,30,True,Automatic Execution,Basic Materials,Mining - Non Ferrous,112.57,118.97,112.4,114.0,236,4.13640344813399,20,2,1,0,0,0
LEU,Basic Materials,Mining - Non Ferrous,35__0,35,0.0,8. p75_trade_value,7840.000000000001,13640.0,O:LEU250221C00120000,LEU,C,120.0,2025-02-21,209,0,308,4.1,1739303801382000000,22,9019.999999999998,2025-02-11,3000.0,30,True,Automatic Execution,Basic Materials,Mining - Non Ferrous,112.57,118.97,112.4,114.0,485,3.9552065375419416,20,5,1,0,0,0
LEU,Basic Materials,Mining - Non Ferrous,35__0,35,0.0,7. p90_trade_value,13680.000000000002,21070.0,O:LEU250221C00120000,LEU,C,120.0,2025-02-21,209,0,313,3.8,1739303889665000000,52,19760.0,2025-02-11,3000.0,30,True,Automatic Execution,Basic Materials,Mining - Non Ferrous,112.57,118.97,112.4,114.0,141,4.29578694025161,20,2,1,0,0,0
LEU,Basic Materials,Mining - Non Ferrous,35__0,35,0.0,7. p90_trade_value,13680.000000000002,21070.0,O:LEU250221C00120000,LEU,C,120.0,2025-02-21,209,0,308,3.8,1739303889736000000,52,19760.0,2025-02-11,3000.0,30,True,Automatic Execution,Basic Materials,Mining - Non Ferrous,112.57,118.97,112.4,114.0,142,4.29578694025161,20,2,1,0,0,0
LEU,Basic Materials,Mining - Non Ferrous,35__0,35,0.0,7. p90_trade_value,13680.000000000002,21070.0,O:LEU250221C00120000,LEU,C,120.0,2025-02-21,209,0,320,3.7,1739303890025000000,44,16280.000000000002,2025-02-11,3000.0,30,True,Automatic Execution,Basic Materials,Mining - Non Ferrous,112.57,118.97,112.4,114.0,179,4.211654400553183,20,2,1,0,0,0
LEU,Basic Materials,Mining - Non Ferrous,35__0,35,0.0,8. p75_trade_value,7840.000000000001,13640.0,O:LEU250221C00130000,LEU,C,130.0,2025-02-21,209,0,320,2.55,1739292287113000000,50,12749.999999999998,2025-02-11,3000.0,30,True,Automatic Execution,Basic Materials,Mining - Non Ferrous,112.57,118.97,112.4,114.0,260,4.105510184769974,20,3,0,0,0,1
LEU,Basic Materials,Mining - Non Ferrous,35__0,35,0.0,8. p75_trade_value,7840.000000000001,13640.0,O:LEU250221C00130000,LEU,C,130.0,2025-02-21,209,0,325,2.05,1739294289153000000,41,8405.0,2025-02-11,3000.0,30,True,Automatic Execution,Basic Materials,Mining - Non Ferrous,112.57,118.97,112.4,114.0,546,3.9245377177754897,20,5,0,0,0,1
LEU,Basic Materials,Mining - Non Ferrous,35__0,35,0.0,7. p90_trade_value,13680.000000000002,21070.0,O:LEU250221P00100000,LEU,P,100.0,2025-02-21,209,0,308,0.85,1739376443625000000,177,15044.999999999998,2025-02-12,3000.0,30,True,Automatic Execution,Basic Materials,Mining - Non Ferrous,113.37,122.945,113.0,118.71,198,4.177392192076099,20,2,1,1,1,0
LEU,Basic Materials,Mining - Non Ferrous,35__0,35,0.0,8. p75_trade_value,7840.000000000001,13640.0,O:LEU250221P00110000,LEU,P,110.0,2025-02-21,232,0,308,2.78,1739378354876000000,39,10841.999999999998,2025-02-12,3000.0,30,True,Multi Leg auto-electronic trade,Basic Materials,Mining - Non Ferrous,113.37,122.945,113.0,118.71,334,4.035109402944576,20,3,1,1,1,0
LEU,Basic Materials,Mining - Non Ferrous,35__0,35,0.0,8. p75_trade_value,7840.000000000001,13640.0,O:LEU250221P00110000,LEU,P,110.0,2025-02-21,232,0,312,2.84,1739376678735000000,33,9372.0,2025-02-12,3000.0,30,True,Multi Leg auto-electronic trade,Basic Materials,Mining - Non Ferrous,113.37,122.945,113.0,118.71,452,3.971832279924925,20,4,1,1,1,0
LEU,Basic Materials,Mining - Non Ferrous,35__0,35,0.0,8. p75_trade_value,7840.000000000001,13640.0,O:LEU250221C00125000,LEU,C,125.0,2025-02-21,209,0,308,4.0,1739457412061000000,20,8000.0,2025-02-13,3000.0,30,True,Automatic Execution,Basic Materials,Mining - Non Ferrous,121.5,122.0,111.78,117.77,579,3.9030899869919438,20,5,0,0,0,1
LEU,Basic Materials,Mining - Non Ferrous,35__0,35,0.0,7. p90_trade_value,13680.000000000002,21070.0,O:LEU250221P00110000,LEU,P,110.0,2025-02-21,227,0,323,3.65,1739464434966000000,50,18250.0,2025-02-13,3000.0,30,True,Single Leg Auction Non ISO,Basic Materials,Mining - Non Ferrous,121.5,122.0,111.78,117.77,156,4.261262868792493,20,2,1,1,1,0
LEU,Basic Materials,Mining - Non Ferrous,35__0,35,0.0,8. p75_trade_value,7840.000000000001,13640.0,O:LEU250221P00100000,LEU,P,100.0,2025-02-21,209,0,325,0.45,1739546513778000000,250,11250.0,2025-02-14,3000.0,30,True,Automatic Execution,Basic Materials,Mining - Non Ferrous,118.0,118.0,112.5,113.99,313,4.051152522447381,20,3,1,1,1,0
LEU,Basic Materials,Mining - Non Ferrous,35__0,35,0.0,5. p99_trade_value,65000.0,106983.99999999999,O:LEU250321C00110000,LEU,C,110.0,2025-03-21,227,0,323,3.5,1740159356457000000,199,69650.0,2025-02-21,3000.0,30,True,Single Leg Auction Non ISO,Basic Materials,Mining - Non Ferrous,104.62,104.95,94.64,98.27,19,4.842921120759982,20,1,0,0,0,1
LEU,Basic Materials,Mining - Non Ferrous,35__0,35,0.0,8. p75_trade_value,7840.000000000001,13640.0,O:LEU250321C00110000,LEU,C,110.0,2025-03-21,209,0,316,4.0,1740156423406000000,26,10400.0,2025-02-21,3000.0,30,True,Automatic Execution,Basic Materials,Mining - Non Ferrous,104.62,104.95,94.64,98.27,369,4.017033339298781,20,4,0,0,0,1
LEU,Basic Materials,Mining - Non Ferrous,35__0,35,0.0,8. p75_trade_value,7840.000000000001,13640.0,O:LEU250321C00110000,LEU,C,110.0,2025-03-21,227,0,312,4.04,1740156427266000000,21,8484.0,2025-02-21,3000.0,30,True,Single Leg Auction Non ISO,Basic Materials,Mining - Non Ferrous,104.62,104.95,94.64,98.27,542,3.9286006598445242,20,5,0,0,0,1
LEU,Basic Materials,Mining - Non Ferrous,35__0,35,0.0,7. p90_trade_value,13680.000000000002,21070.0,O:LEU250321C00110000,LEU,C,110.0,2025-03-21,209,0,323,3.9,1740155201672000000,50,19500.0,2025-02-21,3000.0,30,True,Automatic Execution,Basic Materials,Mining - Non Ferrous,104.62,104.95,94.64,98.27,146,4.290034611362518,20,2,0,0,0,1
LEU,Basic Materials,Mining - Non Ferrous,35__0,35,0.0,8. p75_trade_value,7840.000000000001,13640.0,O:LEU250321C00140000,LEU,C,140.0,2025-03-21,209,0,325,0.9,1740150839968000000,111,9990.0,2025-02-21,3000.0,30,True,Automatic Execution,Basic Materials,Mining - Non Ferrous,104.62,104.95,94.64,98.27,401,3.9995654882259823,20,4,0,0,0,1
LEU,Basic Materials,Mining - Non Ferrous,35__0,35,0.0,8. p75_trade_value,7840.000000000001,13640.0,O:LEU250321C00140000,LEU,C,140.0,2025-03-21,209,0,320,0.9,1740151064407000000,128,11520.0,2025-02-21,3000.0,30,True,Automatic Execution,Basic Materials,Mining - Non Ferrous,104.62,104.95,94.64,98.27,295,4.061452479087193,20,3,0,0,0,1
LEU,Basic Materials,Mining - Non Ferrous,35__0,35,0.0,7. p90_trade_value,13680.000000000002,21070.0,O:LEU250321P00075000,LEU,P,75.0,2025-03-21,209,0,313,1.4,1740162216402000000,147,20580.0,2025-02-21,3000.0,30,True,Automatic Execution,Basic Materials,Mining - Non Ferrous,104.62,104.95,94.64,98.27,132,4.313445370426414,20,2,1,1,1,0
LEU,Basic Materials,Mining - Non Ferrous,35__0,35,0.0,8. p75_trade_value,7840.000000000001,13640.0,O:LEU250321P00085000,LEU,P,85.0,2025-03-21,227,0,323,2.87,1740154113775000000,30,8610.0,2025-02-21,3000.0,30,True,Single Leg Auction Non ISO,Basic Materials,Mining - Non Ferrous,104.62,104.95,94.64,98.27,522,3.935003151453655,20,5,1,1,1,0
LEU,Basic Materials,Mining - Non Ferrous,35__0,35,0.0,8. p75_trade_value,7840.000000000001,13640.0,O:LEU250321C00100000,LEU,C,100.0,2025-03-21,209,0,325,5.0,1740419521510000000,19,9500.0,2025-02-24,3000.0,30,True,Automatic Execution,Basic Materials,Mining - Non Ferrous,97.33,97.33,88.09,89.58,437,3.9777236052888476,20,4,0,0,0,1
LEU,Basic Materials,Mining - Non Ferrous,35__0,35,0.0,8. p75_trade_value,7840.000000000001,13640.0,O:LEU250321C00100000,LEU,C,100.0,2025-03-21,209,0,315,5.0,1740419521511000000,18,9000.0,2025-02-24,3000.0,30,True,Automatic Execution,Basic Materials,Mining - Non Ferrous,97.33,97.33,88.09,89.58,490,3.9542425094393248,20,5,0,0,0,1
LEU,Basic Materials,Mining - Non Ferrous,35__0,35,0.0,7. p90_trade_value,13680.000000000002,21070.0,O:LEU250321C00100000,LEU,C,100.0,2025-03-21,209,0,320,5.0,1740419521510000000,34,17000.0,2025-02-24,3000.0,30,True,Automatic Execution,Basic Materials,Mining - Non Ferrous,97.33,97.33,88.09,89.58,167,4.230448921378274,20,2,0,0,0,1
LEU,Basic Materials,Mining - Non Ferrous,35__0,35,0.0,8. p75_trade_value,7840.000000000001,13640.0,O:LEU250321C00100000,LEU,C,100.0,2025-03-21,209,0,322,5.0,1740419521510000000,17,8500.0,2025-02-24,3000.0,30,True,Automatic Execution,Basic Materials,Mining - Non Ferrous,97.33,97.33,88.09,89.58,540,3.929418925714293,20,5,0,0,0,1
LEU,Basic Materials,Mining - Non Ferrous,35__0,35,0.0,8. p75_trade_value,7840.000000000001,13640.0,O:LEU250321C00100000,LEU,C,100.0,2025-03-21,227,0,323,4.73,1740420226456000000,19,8987.0,2025-02-24,3000.0,30,True,Single Leg Auction Non ISO,Basic Materials,Mining - Non Ferrous,97.33,97.33,88.09,89.58,498,3.9536147416906404,20,5,0,0,0,1
LEU,Basic Materials,Mining - Non Ferrous,35__0,35,0.0,8. p75_trade_value,7840.000000000001,13640.0,O:LEU250321C00100000,LEU,C,100.0,2025-03-21,209,0,303,5.0,1740419521511000000,18,9000.0,2025-02-24,3000.0,30,True,Automatic Execution,Basic Materials,Mining - Non Ferrous,97.33,97.33,88.09,89.58,489,3.9542425094393248,20,5,0,0,0,1
LEU,Basic Materials,Mining - Non Ferrous,35__0,35,0.0,8. p75_trade_value,7840.000000000001,13640.0,O:LEU250321C00100000,LEU,C,100.0,2025-03-21,209,0,316,5.0,1740419521511000000,17,8500.0,2025-02-24,3000.0,30,True,Automatic Execution,Basic Materials,Mining - Non Ferrous,97.33,97.33,88.09,89.58,536,3.929418925714293,20,5,0,0,0,1
LEU,Basic Materials,Mining - Non Ferrous,35__0,35,0.0,8. p75_trade_value,7840.000000000001,13640.0,O:LEU250321C00100000,LEU,C,100.0,2025-03-21,209,0,316,5.0,1740410174398000000,18,9000.0,2025-02-24,3000.0,30,True,Automatic Execution,Basic Materials,Mining - Non Ferrous,97.33,97.33,88.09,89.58,491,3.9542425094393248,20,5,0,0,0,1
LEU,Basic Materials,Mining - Non Ferrous,35__0,35,0.0,8. p75_trade_value,7840.000000000001,13640.0,O:LEU250321C00100000,LEU,C,100.0,2025-03-21,209,0,307,5.0,1740419521511000000,17,8500.0,2025-02-24,3000.0,30,True,Automatic Execution,Basic Materials,Mining - Non Ferrous,97.33,97.33,88.09,89.58,538,3.929418925714293,20,5,0,0,0,1
LEU,Basic Materials,Mining - Non Ferrous,35__0,35,0.0,7. p90_trade_value,13680.000000000002,21070.0,O:LEU250321C00105000,LEU,C,105.0,2025-03-21,209,0,313,3.5,1740415385430000000,50,17500.0,2025-02-24,3000.0,30,True,Automatic Execution,Basic Materials,Mining - Non Ferrous,97.33,97.33,88.09,89.58,160,4.243038048686294,20,2,0,0,0,1
LEU,Basic Materials,Mining - Non Ferrous,35__0,35,0.0,8. p75_trade_value,7840.000000000001,13640.0,O:LEU250321C00110000,LEU,C,110.0,2025-03-21,209,0,309,3.5,1740408082658000000,24,8400.0,2025-02-24,3000.0,30,True,Automatic Execution,Basic Materials,Mining - Non Ferrous,97.33,97.33,88.09,89.58,548,3.9242792860618816,20,5,0,0,0,1
LEU,Basic Materials,Mining - Non Ferrous,35__0,35,0.0,8. p75_trade_value,7840.000000000001,13640.0,O:LEU250321C00110000,LEU,C,110.0,2025-03-21,209,0,316,3.2,1740408062274000000,29,9280.000000000002,2025-02-24,3000.0,30,True,Automatic Execution,Basic Materials,Mining - Non Ferrous,97.33,97.33,88.09,89.58,465,3.9675479762188623,20,4,0,0,0,1
LEU,Basic Materials,Mining - Non Ferrous,35__0,35,0.0,8. p75_trade_value,7840.000000000001,13640.0,O:LEU250321C00110000,LEU,C,110.0,2025-03-21,209,0,320,2.35,1740411698401000000,36,8460.0,2025-02-24,3000.0,30,True,Automatic Execution,Basic Materials,Mining - Non Ferrous,97.33,97.33,88.09,89.58,543,3.9273703630390235,20,5,0,0,0,1
LEU,Basic Materials,Mining - Non Ferrous,35__0,35,0.0,6. p95_trade_value,21170.0,63840.00000000001,O:LEU250321C00095000,LEU,C,95.0,2025-03-21,209,0,325,6.95,1740494105138000000,75,52125.0,2025-02-25,3000.0,30,True,Automatic Execution,Basic Materials,Mining - Non Ferrous,92.35,93.67,85.5,87.63,32,4.717046067981814,20,1,1,0,0,0
LEU,Basic Materials,Mining - Non Ferrous,35__0,35,0.0,8. p75_trade_value,7840.000000000001,13640.0,O:LEU250321C00100000,LEU,C,100.0,2025-03-21,209,0,315,4.6,1740498805475000000,18,8280.0,2025-02-25,3000.0,30,True,Automatic Execution,Basic Materials,Mining - Non Ferrous,92.35,93.67,85.5,87.63,558,3.9180303367848803,20,5,0,0,0,1
LEU,Basic Materials,Mining - Non Ferrous,35__0,35,0.0,7. p90_trade_value,13680.000000000002,21070.0,O:LEU250321C00100000,LEU,C,100.0,2025-03-21,209,0,320,4.6,1740498805474000000,34,15639.999999999998,2025-02-25,3000.0,30,True,Automatic Execution,Basic Materials,Mining - Non Ferrous,92.35,93.67,85.5,87.63,188,4.194236748723829,20,2,0,0,0,1
LEU,Basic Materials,Mining - Non Ferrous,35__0,35,0.0,6. p95_trade_value,21170.0,63840.00000000001,O:LEU250321C00100000,LEU,C,100.0,2025-03-21,227,0,323,4.4,1740506574819000000,100,44000.00000000001,2025-02-25,3000.0,30,True,Single Leg Auction Non ISO,Basic Materials,Mining - Non Ferrous,92.35,93.67,85.5,87.63,44,4.643452676486188,20,1,0,0,0,1
LEU,Basic Materials,Mining - Non Ferrous,35__0,35,0.0,8. p75_trade_value,7840.000000000001,13640.0,O:LEU250321C00100000,LEU,C,100.0,2025-03-21,209,0,303,4.6,1740498805475000000,18,8280.0,2025-02-25,3000.0,30,True,Automatic Execution,Basic Materials,Mining - Non Ferrous,92.35,93.67,85.5,87.63,559,3.9180303367848803,20,5,0,0,0,1
LEU,Basic Materials,Mining - Non Ferrous,35__0,35,0.0,7. p90_trade_value,13680.000000000002,21070.0,O:LEU250321P00080000,LEU,P,80.0,2025-03-21,209,0,316,4.1,1740499110114000000,37,15169.999999999998,2025-02-25,3000.0,30,True,Automatic Execution,Basic Materials,Mining - Non Ferrous,92.35,93.67,85.5,87.63,197,4.18098558078673,20,2,1,1,1,0
LEU,Basic Materials,Mining - Non Ferrous,35__0,35,0.0,8. p75_trade_value,7840.000000000001,13640.0,O:LEU250321P00080000,LEU,P,80.0,2025-03-21,209,0,320,4.5,1740504783932000000,25,11250.0,2025-02-25,3000.0,30,True,Automatic Execution,Basic Materials,Mining - Non Ferrous,92.35,93.67,85.5,87.63,314,4.051152522447381,20,3,1,1,1,0
LEU,Basic Materials,Mining - Non Ferrous,35__0,35,0.0,8. p75_trade_value,7840.000000000001,13640.0,O:LEU250321P00085000,LEU,P,85.0,2025-03-21,236,0,308,6.7,1740502148322000000,14,9380.0,2025-02-25,3000.0,30,True,Multi Leg auto-electronic trade against single leg(s),Basic Materials,Mining - Non Ferrous,92.35,93.67,85.5,87.63,450,3.9722028383790646,20,4,1,1,1,0
LEU,Basic Materials,Mining - Non Ferrous,35__0,35,0.0,8. p75_trade_value,7840.000000000001,13640.0,O:LEU250321P00085000,LEU,P,85.0,2025-03-21,236,0,301,6.7,1740502148269000000,13,8710.0,2025-02-25,3000.0,30,True,Multi Leg auto-electronic trade against single leg(s),Basic Materials,Mining - Non Ferrous,92.35,93.67,85.5,87.63,515,3.9400181550076634,20,5,1,1,1,0
LEU,Basic Materials,Mining - Non Ferrous,35__0,35,0.0,8. p75_trade_value,7840.000000000001,13640.0,O:LEU250321P00085000,LEU,P,85.0,2025-03-21,236,0,313,6.7,1740502148329000000,20,13400.0,2025-02-25,3000.0,30,True,Multi Leg auto-electronic trade against single leg(s),Basic Materials,Mining - Non Ferrous,92.35,93.67,85.5,87.63,245,4.127104798364807,20,3,1,1,1,0
LEU,Basic Materials,Mining - Non Ferrous,35__0,35,0.0,8. p75_trade_value,7840.000000000001,13640.0,O:LEU250321C00100000,LEU,C,100.0,2025-03-21,209,0,325,6.0,1740589910989000000,16,9600.0,2025-02-26,3000.0,30,True,Automatic Execution,Basic Materials,Mining - Non Ferrous,90.36,95.5,88.86,93.5,424,3.9822712330395684,20,4,0,0,0,1
LEU,Basic Materials,Mining - Non Ferrous,35__0,35,0.0,8. p75_trade_value,7840.000000000001,13640.0,O:LEU250321C00100000,LEU,C,100.0,2025-03-21,209,0,320,6.0,1740586309486000000,18,10800.0,2025-02-26,3000.0,30,True,Automatic Execution,Basic Materials,Mining - Non Ferrous,90.36,95.5,88.86,93.5,339,4.033423755486949,20,3,0,0,0,1
LEU,Basic Materials,Mining - Non Ferrous,35__0,35,0.0,8. p75_trade_value,7840.000000000001,13640.0,O:LEU250321C00100000,LEU,C,100.0,2025-03-21,209,0,320,5.1,1740583751335000000,18,9180.0,2025-02-26,3000.0,30,True,Automatic Execution,Basic Materials,Mining - Non Ferrous,90.36,95.5,88.86,93.5,476,3.9628426812012423,20,4,0,0,0,1
LEU,Basic Materials,Mining - Non Ferrous,35__0,35,0.0,7. p90_trade_value,13680.000000000002,21070.0,O:LEU250321C00100000,LEU,C,100.0,2025-03-21,219,0,316,6.0,1740589910993000000,24,14400.0,2025-02-26,3000.0,30,True,Intermarket Sweep Order,Basic Materials,Mining - Non Ferrous,90.36,95.5,88.86,93.5,214,4.158362492095249,20,2,0,0,0,1
LEU,Basic Materials,Mining - Non Ferrous,35__0,35,0.0,7. p90_trade_value,13680.000000000002,21070.0,O:LEU250321C00100000,LEU,C,100.0,2025-03-21,209,0,325,6.01,1740589910989000000,32,19232.0,2025-02-26,3000.0,30,True,Automatic Execution,Basic Materials,Mining - Non Ferrous,90.36,95.5,88.86,93.5,148,4.2840244503226454,20,2,0,0,0,1
LEU,Basic Materials,Mining - Non Ferrous,35__0,35,0.0,7. p90_trade_value,13680.000000000002,21070.0,O:LEU250321C00110000,LEU,C,110.0,2025-03-21,209,0,308,3.5,1740587255852000000,53,18550.0,2025-02-26,3000.0,30,True,Automatic Execution,Basic Materials,Mining - Non Ferrous,90.36,95.5,88.86,93.5,154,4.268343913951065,20,2,0,0,0,1
LEU,Basic Materials,Mining - Non Ferrous,35__0,35,0.0,7. p90_trade_value,13680.000000000002,21070.0,O:LEU250321C00110000,LEU,C,110.0,2025-03-21,209,0,323,3.2,1740586747994000000,48,15360.000000000002,2025-02-26,3000.0,30,True,Automatic Execution,Basic Materials,Mining - Non Ferrous,90.36,95.5,88.86,93.5,194,4.186391215695493,20,2,0,0,0,1
LEU,Basic Materials,Mining - Non Ferrous,35__0,35,0.0,7. p90_trade_value,13680.000000000002,21070.0,O:LEU250321C00110000,LEU,C,110.0,2025-03-21,209,0,307,3.3,1740583036442000000,47,15510.0,2025-02-26,3000.0,30,True,Automatic Execution,Basic Materials,Mining - Non Ferrous,90.36,95.5,88.86,93.5,192,4.190611797813605,20,2,0,0,0,1
LEU,Basic Materials,Mining - Non Ferrous,35__0,35,0.0,8. p75_trade_value,7840.000000000001,13640.0,O:LEU250321C00115000,LEU,C,115.0,2025-03-21,209,0,301,2.0,1740585446451000000,40,8000.0,2025-02-26,3000.0,30,True,Automatic Execution,Basic Materials,Mining - Non Ferrous,90.36,95.5,88.86,93.5,580,3.9030899869919438,20,5,0,0,0,1
LEU,Basic Materials,Mining - Non Ferrous,35__0,35,0.0,8. p75_trade_value,7840.000000000001,13640.0,O:LEU250321P00085000,LEU,P,85.0,2025-03-21,232,0,312,4.77,1740581384904000000,20,9540.0,2025-02-26,3000.0,30,True,Multi Leg auto-electronic trade,Basic Materials,Mining - Non Ferrous,90.36,95.5,88.86,93.5,436,3.979548374704095,20,4,1,1,1,0
LEU,Basic Materials,Mining - Non Ferrous,35__0,35,0.0,7. p90_trade_value,13680.000000000002,21070.0,O:LEU250321C00100000,LEU,C,100.0,2025-03-21,232,0,308,5.93,1740675457102000000,33,19569.0,2025-02-27,3000.0,30,True,Multi Leg auto-electronic trade,Basic Materials,Mining - Non Ferrous,96.5,98.0,89.33,89.52,143,4.29156863324215,20,2,0,0,0,1
LEU,Basic Materials,Mining - Non Ferrous,35__0,35,0.0,8. p75_trade_value,7840.000000000001,13640.0,O:LEU250321C00100000,LEU,C,100.0,2025-03-21,209,0,308,4.5,1740684843141000000,20,9000.0,2025-02-27,3000.0,30,True,Automatic Execution,Basic Materials,Mining - Non Ferrous,96.5,98.0,89.33,89.52,496,3.9542425094393248,20,5,0,0,0,1
LEU,Basic Materials,Mining - Non Ferrous,35__0,35,0.0,8. p75_trade_value,7840.000000000001,13640.0,O:LEU250321C00110000,LEU,C,110.0,2025-03-21,209,0,307,3.4,1740673960702000000,27,9180.0,2025-02-27,3000.0,30,True,Automatic Execution,Basic Materials,Mining - Non Ferrous,96.5,98.0,89.33,89.52,478,3.9628426812012423,20,5,0,0,0,1
LEU,Basic Materials,Mining - Non Ferrous,35__0,35,0.0,8. p75_trade_value,7840.000000000001,13640.0,O:LEU250321C00125000,LEU,C,125.0,2025-03-21,209,0,313,1.35,1740674159687000000,98,13230.000000000002,2025-02-27,3000.0,30,True,Automatic Execution,Basic Materials,Mining - Non Ferrous,96.5,98.0,89.33,89.52,249,4.121559844187501,20,3,0,0,0,1
LEU,Basic Materials,Mining - Non Ferrous,35__0,35,0.0,8. p75_trade_value,7840.000000000001,13640.0,O:LEU250321C00100000,LEU,C,100.0,2025-03-21,209,0,300,3.7,1740768636125000000,23,8510.0,2025-02-28,3000.0,30,True,Automatic Execution,Basic Materials,Mining - Non Ferrous,88.53,91.8865,84.7,90.73,534,3.929929560084588,20,5,0,0,0,1
LEU,Basic Materials,Mining - Non Ferrous,35__0,35,0.0,8. p75_trade_value,7840.000000000001,13640.0,O:LEU250321C00100000,LEU,C,100.0,2025-03-21,209,0,318,3.7,1740770147566000000,24,8880.000000000002,2025-02-28,3000.0,30,True,Automatic Execution,Basic Materials,Mining - Non Ferrous,88.53,91.8865,84.7,90.73,504,3.948412965778601,20,5,0,0,0,1
LEU,Basic Materials,Mining - Non Ferrous,35__0,35,0.0,8. p75_trade_value,7840.000000000001,13640.0,O:LEU250321C00100000,LEU,C,100.0,2025-03-21,209,0,318,3.7,1740768636125000000,22,8140.000000000001,2025-02-28,3000.0,30,True,Automatic Execution,Basic Materials,Mining - Non Ferrous,88.53,91.8865,84.7,90.73,569,3.910624404889201,20,5,0,0,0,1
LEU,Basic Materials,Mining - Non Ferrous,35__0,35,0.0,7. p90_trade_value,13680.000000000002,21070.0,O:LEU250321C00100000,LEU,C,100.0,2025-03-21,209,0,313,4.6,1740756351629000000,30,13800.0,2025-02-28,3000.0,30,True,Automatic Execution,Basic Materials,Mining - Non Ferrous,88.53,91.8865,84.7,90.73,229,4.139879086401237,20,2,0,0,0,1
LEU,Basic Materials,Mining - Non Ferrous,35__0,35,0.0,8. p75_trade_value,7840.000000000001,13640.0,O:LEU250321C00100000,LEU,C,100.0,2025-03-21,209,0,313,3.8,1741012506164000000,24,9119.999999999998,2025-03-03,3000.0,30,True,Automatic Execution,Basic Materials,Mining - Non Ferrous,92.66,93.3333,82.615,84.0,482,3.959994838328416,20,5,0,0,0,1
LEU,Basic Materials,Mining - Non Ferrous,35__0,35,0.0,7. p90_trade_value,13680.000000000002,21070.0,O:LEU250321C00095000,LEU,C,95.0,2025-03-21,209,0,315,2.75,1741099639584000000,50,13750.0,2025-03-04,3000.0,30,True,Automatic Execution,Basic Materials,Mining - Non Ferrous,80.66,90.468,79.61,88.8,230,4.138302698166282,20,2,0,0,0,1
LEU,Basic Materials,Mining - Non Ferrous,35__0,35,0.0,8. p75_trade_value,7840.000000000001,13640.0,O:LEU250321C00100000,LEU,C,100.0,2025-03-21,209,0,301,3.0,1741113622896000000,30,9000.0,2025-03-04,3000.0,30,True,Automatic Execution,Basic Materials,Mining - Non Ferrous,80.66,90.468,79.61,88.8,493,3.9542425094393248,20,5,0,0,0,1
LEU,Basic Materials,Mining - Non Ferrous,35__0,35,0.0,6. p95_trade_value,21170.0,63840.00000000001,O:LEU250321C00100000,LEU,C,100.0,2025-03-21,235,0,301,1.85,1741202686135000000,250,46250.0,2025-03-05,3000.0,30,True,Multi Leg floor trade,Basic Materials,Mining - Non Ferrous,90.34,90.34,81.41,84.56,40,4.665111737075051,20,1,0,0,0,1
LEU,Basic Materials,Mining - Non Ferrous,35__0,35,0.0,8. p75_trade_value,7840.000000000001,13640.0,O:LEU250321P00080000,LEU,P,80.0,2025-03-21,232,0,302,4.95,1741192353799000000,20,9900.0,2025-03-05,3000.0,30,True,Multi Leg auto-electronic trade,Basic Materials,Mining - Non Ferrous,90.34,90.34,81.41,84.56,406,3.99563519459755,20,4,1,1,1,0
LEU,Basic Materials,Mining - Non Ferrous,35__0,35,0.0,8. p75_trade_value,7840.000000000001,13640.0,O:LEU250321P00080000,LEU,P,80.0,2025-03-21,232,0,313,4.98,1741192353702000000,20,9960.0,2025-03-05,3000.0,30,True,Multi Leg auto-electronic trade,Basic Materials,Mining - Non Ferrous,90.34,90.34,81.41,84.56,404,3.998259338423699,20,4,1,1,1,0
LEU,Basic Materials,Mining - Non Ferrous,35__0,35,0.0,8. p75_trade_value,7840.000000000001,13640.0,O:LEU250321C00085000,LEU,C,85.0,2025-03-21,209,0,322,3.5,1741286736052000000,27,9450.0,2025-03-06,3000.0,30,True,Automatic Execution,Basic Materials,Mining - Non Ferrous,81.5,82.755,78.045,79.72,443,3.975431808509263,20,4,0,0,0,1
LEU,Basic Materials,Mining - Non Ferrous,35__0,35,0.0,7. p90_trade_value,13680.000000000002,21070.0,O:LEU250321P00065000,LEU,P,65.0,2025-03-21,209,0,307,0.95,1741273890849000000,200,19000.0,2025-03-06,3000.0,30,True,Automatic Execution,Basic Materials,Mining - Non Ferrous,81.5,82.755,78.045,79.72,150,4.278753600952829,20,2,0,0,0,1
LEU,Basic Materials,Mining - Non Ferrous,35__0,35,0.0,8. p75_trade_value,7840.000000000001,13640.0,O:LEU250321C00085000,LEU,C,85.0,2025-03-21,209,0,313,3.2,1741361947410000000,30,9600.0,2025-03-07,3000.0,30,True,Automatic Execution,Basic Materials,Mining - Non Ferrous,79.34,81.495,75.92,79.81,423,3.9822712330395684,20,4,0,0,0,1
LEU,Basic Materials,Mining - Non Ferrous,35__0,35,0.0,7. p90_trade_value,13680.000000000002,21070.0,O:LEU250321C00085000,LEU,C,85.0,2025-03-21,209,0,307,1.4,1741790128512000000,100,14000.0,2025-03-12,3000.0,30,True,Automatic Execution,Basic Materials,Mining - Non Ferrous,77.0,78.595,73.1,74.24,226,4.146128035678238,20,2,0,0,0,1
LEU,Basic Materials,Mining - Non Ferrous,35__0,35,0.0,7. p90_trade_value,13680.000000000002,21070.0,O:LEU250321C00085000,LEU,C,85.0,2025-03-21,209,0,313,0.8,1741974589747000000,199,15920.000000000002,2025-03-14,3000.0,30,True,Automatic Execution,Basic Materials,Mining - Non Ferrous,75.05,77.6,73.65,76.38,183,4.20194306340165,20,2,0,0,0,1
LEU,Basic Materials,Mining - Non Ferrous,35__0,35,0.0,8. p75_trade_value,7840.000000000001,13640.0,O:LEU250321C00085000,LEU,C,85.0,2025-03-21,209,0,308,0.95,1741973638063000000,84,7980.0,2025-03-14,3000.0,30,True,Automatic Execution,Basic Materials,Mining - Non Ferrous,75.05,77.6,73.65,76.38,583,3.9020028913507296,20,5,0,0,0,1
LEU,Basic Materials,Mining - Non Ferrous,35__0,35,0.0,6. p95_trade_value,21170.0,63840.00000000001,O:LEU250321C00085000,LEU,C,85.0,2025-03-21,209,0,313,1.6,1742218948702000000,399,63840.00000000001,2025-03-17,3000.0,30,True,Automatic Execution,Basic Materials,Mining - Non Ferrous,76.75,80.1162,74.2,76.05,25,4.805092878342673,20,1,0,0,0,1
LEU,Basic Materials,Mining - Non Ferrous,35__0,35,0.0,6. p95_trade_value,21170.0,63840.00000000001,O:LEU250321C00085000,LEU,C,85.0,2025-03-21,209,0,313,1.5,1742219137447000000,299,44850.0,2025-03-17,3000.0,30,True,Automatic Execution,Basic Materials,Mining - Non Ferrous,76.75,80.1162,74.2,76.05,42,4.6517624473801105,20,1,0,0,0,1
LEU,Basic Materials,Mining - Non Ferrous,35__0,35,0.0,5. p99_trade_value,65000.0,106983.99999999999,O:LEU250321C00085000,LEU,C,85.0,2025-03-21,209,0,313,1.5,1742219399424000000,552,82800.0,2025-03-17,3000.0,30,True,Automatic Execution,Basic Materials,Mining - Non Ferrous,76.75,80.1162,74.2,76.05,10,4.91803033678488,20,1,0,0,0,1
LEU,Basic Materials,Mining - Non Ferrous,35__0,35,0.0,6. p95_trade_value,21170.0,63840.00000000001,O:LEU250417C00080000,LEU,C,80.0,2025-04-17,209,0,307,5.1,1742478014774000000,49,24989.999999999996,2025-03-20,3000.0,30,True,Automatic Execution,Basic Materials,Mining - Non Ferrous,74.37,78.56,74.07,74.28,93,4.39776625612645,20,1,0,0,0,1
LEU,Basic Materials,Mining - Non Ferrous,35__0,35,0.0,7. p90_trade_value,13680.000000000002,21070.0,O:LEU250417C00120000,LEU,C,120.0,2025-04-17,227,0,323,0.2,1742499482472000000,749,14980.000000000002,2025-03-20,3000.0,30,True,Single Leg Auction Non ISO,Basic Materials,Mining - Non Ferrous,74.37,78.56,74.07,74.28,204,4.175511813363448,20,2,0,0,0,1
LEU,Basic Materials,Mining - Non Ferrous,35__0,35,0.0,7. p90_trade_value,13680.000000000002,21070.0,O:LEU250417C00120000,LEU,C,120.0,2025-04-17,227,0,323,0.2,1742499482472000000,751,15020.000000000002,2025-03-20,3000.0,30,True,Single Leg Auction Non ISO,Basic Materials,Mining - Non Ferrous,74.37,78.56,74.07,74.28,199,4.176669932668149,20,2,0,0,0,1
LEU,Basic Materials,Mining - Non Ferrous,35__0,35,0.0,6. p95_trade_value,21170.0,63840.00000000001,O:LEU250417C00085000,LEU,C,85.0,2025-04-17,232,0,301,2.25,1742579286657000000,135,30375.0,2025-03-21,3000.0,30,True,Multi Leg auto-electronic trade,Basic Materials,Mining - Non Ferrous,73.16,74.57,71.88,74.02,66,4.482516286606368,20,1,0,0,0,1
LEU,Basic Materials,Mining - Non Ferrous,35__0,35,0.0,8. p75_trade_value,7840.000000000001,13640.0,O:LEU250417C00085000,LEU,C,85.0,2025-04-17,232,0,300,2.14,1742579286672000000,44,9416.000000000002,2025-03-21,3000.0,30,True,Multi Leg auto-electronic trade,Basic Materials,Mining - Non Ferrous,73.16,74.57,71.88,74.02,444,3.9738664498353784,20,4,0,0,0,1
LEU,Basic Materials,Mining - Non Ferrous,35__0,35,0.0,8. p75_trade_value,7840.000000000001,13640.0,O:LEU250417C00085000,LEU,C,85.0,2025-04-17,232,0,312,2.16,1742579286672000000,60,12960.000000000002,2025-03-21,3000.0,30,True,Multi Leg auto-electronic trade,Basic Materials,Mining - Non Ferrous,73.16,74.57,71.88,74.02,256,4.1126050015345745,20,3,0,0,0,1
LEU,Basic Materials,Mining - Non Ferrous,35__0,35,0.0,8. p75_trade_value,7840.000000000001,13640.0,O:LEU250417C00085000,LEU,C,85.0,2025-04-17,232,0,308,2.18,1742579286651000000,36,7848.0,2025-03-21,3000.0,30,True,Multi Leg auto-electronic trade,Basic Materials,Mining - Non Ferrous,73.16,74.57,71.88,74.02,592,3.894758994371892,20,5,0,0,0,1
LEU,Basic Materials,Mining - Non Ferrous,35__0,35,0.0,8. p75_trade_value,7840.000000000001,13640.0,O:LEU250417C00085000,LEU,C,85.0,2025-04-17,232,0,301,2.3,1742581047922000000,36,8280.0,2025-03-21,3000.0,30,True,Multi Leg auto-electronic trade,Basic Materials,Mining - Non Ferrous,73.16,74.57,71.88,74.02,557,3.9180303367848803,20,5,0,0,0,1
LEU,Basic Materials,Mining - Non Ferrous,35__0,35,0.0,6. p95_trade_value,21170.0,63840.00000000001,O:LEU250417C00085000,LEU,C,85.0,2025-04-17,232,0,313,2.19,1742579286660000000,111,24309.0,2025-03-21,3000.0,30,True,Multi Leg auto-electronic trade,Basic Materials,Mining - Non Ferrous,73.16,74.57,71.88,74.02,98,4.385767093626776,20,1,0,0,0,1
LEU,Basic Materials,Mining - Non Ferrous,35__0,35,0.0,6. p95_trade_value,21170.0,63840.00000000001,O:LEU250417C00100000,LEU,C,100.0,2025-04-17,227,0,323,0.53,1742576100782000000,596,31588.0,2025-03-21,3000.0,30,True,Single Leg Auction Non ISO,Basic Materials,Mining - Non Ferrous,73.16,74.57,71.88,74.02,61,4.499522129341026,20,1,0,0,0,1
LEU,Basic Materials,Mining - Non Ferrous,35__0,35,0.0,7. p90_trade_value,13680.000000000002,21070.0,O:LEU250417P00075000,LEU,P,75.0,2025-04-17,209,0,308,5.5,1742823333908000000,27,14850.0,2025-03-24,3000.0,30,True,Automatic Execution,Basic Materials,Mining - Non Ferrous,76.45,77.7,75.2,76.87,206,4.171726453653231,20,2,1,1,1,0
LEU,Basic Materials,Mining - Non Ferrous,35__0,35,0.0,7. p90_trade_value,13680.000000000002,21070.0,O:LEU250417C00070000,LEU,C,70.0,2025-04-17,227,0,301,3.1,1743182248925000000,46,14260.0,2025-03-28,3000.0,30,True,Single Leg Auction Non ISO,Basic Materials,Mining - Non Ferrous,68.5,69.7559,65.58,66.25,215,4.1541195255158465,20,2,0,0,0,1
LEU,Basic Materials,Mining - Non Ferrous,35__0,35,0.0,8. p75_trade_value,7840.000000000001,13640.0,O:LEU250417C00070000,LEU,C,70.0,2025-04-17,227,0,301,3.1,1743182248925000000,40,12400.0,2025-03-28,3000.0,30,True,Single Leg Auction Non ISO,Basic Materials,Mining - Non Ferrous,68.5,69.7559,65.58,66.25,270,4.093421685162235,20,3,0,0,0,1
LEU,Basic Materials,Mining - Non Ferrous,35__0,35,0.0,5. p99_trade_value,65000.0,106983.99999999999,O:LEU250417C00070000,LEU,C,70.0,2025-04-17,233,0,302,3.57,1743180590910000000,200,71400.0,2025-03-28,3000.0,30,True,Multi Leg Auction,Basic Materials,Mining - Non Ferrous,68.5,69.7559,65.58,66.25,16,4.853698211776174,20,1,0,0,0,1
LEU,Basic Materials,Mining - Non Ferrous,35__0,35,0.0,6. p95_trade_value,21170.0,63840.00000000001,O:LEU250417C00070000,LEU,C,70.0,2025-04-17,209,0,315,3.1,1743182248811000000,100,31000.0,2025-03-28,3000.0,30,True,Automatic Execution,Basic Materials,Mining - Non Ferrous,68.5,69.7559,65.58,66.25,65,4.491361693834273,20,1,0,0,0,1
LEU,Basic Materials,Mining - Non Ferrous,35__0,35,0.0,6. p95_trade_value,21170.0,63840.00000000001,O:LEU250417C00075000,LEU,C,75.0,2025-04-17,233,0,302,1.97,1743180590910000000,200,39400.0,2025-03-28,3000.0,30,True,Multi Leg Auction,Basic Materials,Mining - Non Ferrous,68.5,69.7559,65.58,66.25,47,4.595496221825574,20,1,0,0,0,1
LEU,Basic Materials,Mining - Non Ferrous,35__0,35,0.0,6. p95_trade_value,21170.0,63840.00000000001,O:LEU250516C00070000,LEU,C,70.0,2025-05-16,209,0,302,6.4,1744914387692000000,50,32000.0,2025-04-17,3000.0,30,True,Automatic Execution,Basic Materials,Mining - Non Ferrous,65.47,68.2343,65.47,67.26,60,4.505149978319906,20,1,1,1,1,0
LEU,Basic Materials,Mining - Non Ferrous,35__0,35,0.0,8. p75_trade_value,7840.000000000001,13640.0,O:LEU250516C00075000,LEU,C,75.0,2025-05-16,227,0,323,1.96,1745255021297000000,51,9996.0,2025-04-21,3000.0,30,True,Single Leg Auction Non ISO,Basic Materials,Mining - Non Ferrous,67.13,67.13,60.52,62.63,399,3.9998262474544126,20,4,1,1,1,0
LEU,Basic Materials,Mining - Non Ferrous,35__0,35,0.0,8. p75_trade_value,7840.000000000001,13640.0,O:LEU250516C00075000,LEU,C,75.0,2025-05-16,209,0,303,1.85,1745255046663000000,52,9620.0,2025-04-21,3000.0,30,True,Automatic Execution,Basic Materials,Mining - Non Ferrous,67.13,67.13,60.52,62.63,422,3.983175072037813,20,4,1,1,1,0
LEU,Basic Materials,Mining - Non Ferrous,35__0,35,0.0,8. p75_trade_value,7840.000000000001,13640.0,O:LEU250516C00070000,LEU,C,70.0,2025-05-16,232,0,308,4.42,1745350695392000000,25,11050.0,2025-04-22,3000.0,30,True,Multi Leg auto-electronic trade,Basic Materials,Mining - Non Ferrous,64.01,65.7921,63.0,65.23,324,4.04336227802113,20,3,1,1,1,0
LEU,Basic Materials,Mining - Non Ferrous,35__0,35,0.0,8. p75_trade_value,7840.000000000001,13640.0,O:LEU250516C00075000,LEU,C,75.0,2025-05-16,209,0,308,4.8,1745847810648000000,20,9600.0,2025-04-28,3000.0,30,True,Automatic Execution,Basic Materials,Mining - Non Ferrous,72.0,72.53,67.7,70.37,428,3.9822712330395684,20,4,1,1,1,0
LEU,Basic Materials,Mining - Non Ferrous,35__0,35,0.0,8. p75_trade_value,7840.000000000001,13640.0,O:LEU250516C00080000,LEU,C,80.0,2025-05-16,209,0,316,2.6,1745848808148000000,36,9360.0,2025-04-28,3000.0,30,True,Automatic Execution,Basic Materials,Mining - Non Ferrous,72.0,72.53,67.7,70.37,453,3.971275848738105,20,4,1,1,1,0
LEU,Basic Materials,Mining - Non Ferrous,35__0,35,0.0,8. p75_trade_value,7840.000000000001,13640.0,O:LEU250516C00080000,LEU,C,80.0,2025-05-16,209,0,316,2.6,1745848807151000000,50,13000.0,2025-04-28,3000.0,30,True,Automatic Execution,Basic Materials,Mining - Non Ferrous,72.0,72.53,67.7,70.37,253,4.113943352306837,20,3,1,1,1,0
LEU,Basic Materials,Mining - Non Ferrous,35__0,35,0.0,6. p95_trade_value,21170.0,63840.00000000001,O:LEU250516C00080000,LEU,C,80.0,2025-05-16,209,0,308,3.0,1746624921144000000,100,30000.0,2025-05-07,3000.0,30,True,Automatic Execution,Basic Materials,Mining - Non Ferrous,76.0,76.0,71.53,72.5,67,4.477121254719663,20,1,1,1,1,0
LEU,Basic Materials,Mining - Non Ferrous,35__0,35,0.0,7. p90_trade_value,13680.000000000002,21070.0,O:LEU250516C00080000,LEU,C,80.0,2025-05-16,209,0,308,3.1,1746627221737000000,50,15500.0,2025-05-07,3000.0,30,True,Automatic Execution,Basic Materials,Mining - Non Ferrous,76.0,76.0,71.53,72.5,193,4.190331698170292,20,2,1,1,1,0
LEU,Basic Materials,Mining - Non Ferrous,35__0,35,0.0,6. p95_trade_value,21170.0,63840.00000000001,O:LEU250516C00100000,LEU,C,100.0,2025-05-16,209,0,308,1.1,1746799864944000000,298,32780.0,2025-05-09,3000.0,30,True,Automatic Execution,Basic Materials,Mining - Non Ferrous,90.84,94.0557,88.4698,93.6,59,4.515608949234481,20,1,1,0,0,0
LEU,Basic Materials,Mining - Non Ferrous,35__0,35,0.0,6. p95_trade_value,21170.0,63840.00000000001,O:LEU250516C00100000,LEU,C,100.0,2025-05-16,209,0,320,1.2,1746798618735000000,300,36000.0,2025-05-09,3000.0,30,True,Automatic Execution,Basic Materials,Mining - Non Ferrous,90.84,94.0557,88.4698,93.6,49,4.556302500767287,20,1,1,0,0,0
LEU,Basic Materials,Mining - Non Ferrous,35__0,35,0.0,6. p95_trade_value,21170.0,63840.00000000001,O:LEU250516C00100000,LEU,C,100.0,2025-05-16,209,0,308,1.5,1747151465588000000,200,30000.0,2025-05-13,3000.0,30,True,Automatic Execution,Basic Materials,Mining - Non Ferrous,94.91,97.5,92.14,92.57,68,4.477121254719663,20,1,0,0,0,1
LEU,Basic Materials,Mining - Non Ferrous,35__0,35,0.0,8. p75_trade_value,7840.000000000001,13640.0,O:LEU250516C00100000,LEU,C,100.0,2025-05-16,209,0,320,1.25,1747157056270000000,75,9375.0,2025-05-13,3000.0,30,True,Automatic Execution,Basic Materials,Mining - Non Ferrous,94.91,97.5,92.14,92.57,451,3.9719712763997563,20,4,0,0,0,1
LEU,Basic Materials,Mining - Non Ferrous,35__0,35,0.0,7. p90_trade_value,13680.000000000002,21070.0,O:LEU250620C00100000,LEU,C,100.0,2025-06-20,219,0,309,4.6,1747856924694000000,36,16560.0,2025-05-21,3000.0,30,True,Intermarket Sweep Order,Basic Materials,Mining - Non Ferrous,93.7,98.71,92.84,93.34,175,4.219060332448861,20,2,1,0,0,0
LEU,Basic Materials,Mining - Non Ferrous,35__0,35,0.0,8. p75_trade_value,7840.000000000001,13640.0,O:LEU250620C00110000,LEU,C,110.0,2025-06-20,227,0,323,2.86,1747845071186000000,40,11440.0,2025-05-21,3000.0,30,True,Single Leg Auction Non ISO,Basic Materials,Mining - Non Ferrous,93.7,98.71,92.84,93.34,301,4.058426024457005,20,3,1,0,0,0
LEU,Basic Materials,Mining - Non Ferrous,35__0,35,0.0,8. p75_trade_value,7840.000000000001,13640.0,O:LEU250620C00110000,LEU,C,110.0,2025-06-20,209,0,308,3.1,1747835481091000000,33,10230.0,2025-05-21,3000.0,30,True,Automatic Execution,Basic Materials,Mining - Non Ferrous,93.7,98.71,92.84,93.34,378,4.00987563371216,20,4,1,0,0,0
LEU,Basic Materials,Mining - Non Ferrous,35__0,35,0.0,6. p95_trade_value,21170.0,63840.00000000001,O:LEU250620C00095000,LEU,C,95.0,2025-06-20,227,0,301,7.05,1747924271080000000,50,35250.0,2025-05-22,3000.0,30,True,Single Leg Auction Non ISO,Basic Materials,Mining - Non Ferrous,92.91,94.7599,90.83,93.17,50,4.547159121327417,20,1,1,0,0,0
LEU,Basic Materials,Mining - Non Ferrous,35__0,35,0.0,8. p75_trade_value,7840.000000000001,13640.0,O:LEU250620P00090000,LEU,P,90.0,2025-06-20,209,0,316,5.4,1747922745183000000,17,9180.000000000002,2025-05-22,3000.0,30,True,Automatic Execution,Basic Materials,Mining - Non Ferrous,92.91,94.7599,90.83,93.17,475,3.9628426812012427,20,4,0,0,0,1
LEU,Basic Materials,Mining - Non Ferrous,35__0,35,0.0,8. p75_trade_value,7840.000000000001,13640.0,O:LEU250620C00120000,LEU,C,120.0,2025-06-20,227,0,323,8.95,1748008960434000000,10,8950.0,2025-05-23,3000.0,30,True,Single Leg Auction Non ISO,Basic Materials,Mining - Non Ferrous,111.75,118.27,100.5,113.29,501,3.951823035315912,20,5,1,0,0,0
LEU,Basic Materials,Mining - Non Ferrous,35__0,35,0.0,8. p75_trade_value,7840.000000000001,13640.0,O:LEU250620C00120000,LEU,C,120.0,2025-06-20,209,0,323,11.3,1748009405633000000,10,11300.0,2025-05-23,3000.0,30,True,Automatic Execution,Basic Materials,Mining - Non Ferrous,111.75,118.27,100.5,113.29,311,4.05307844348342,20,3,1,0,0,0
LEU,Basic Materials,Mining - Non Ferrous,35__0,35,0.0,8. p75_trade_value,7840.000000000001,13640.0,O:LEU250620C00120000,LEU,C,120.0,2025-06-20,227,0,319,8.5,1748027757287000000,10,8500.0,2025-05-23,3000.0,30,True,Single Leg Auction Non ISO,Basic Materials,Mining - Non Ferrous,111.75,118.27,100.5,113.29,539,3.929418925714293,20,5,1,0,0,0
LEU,Basic Materials,Mining - Non Ferrous,35__0,35,0.0,8. p75_trade_value,7840.000000000001,13640.0,O:LEU250620C00120000,LEU,C,120.0,2025-06-20,209,0,313,7.2,1748016049294000000,12,8640.0,2025-05-23,3000.0,30,True,Automatic Execution,Basic Materials,Mining - Non Ferrous,111.75,118.27,100.5,113.29,517,3.936513742478893,20,5,1,0,0,0
LEU,Basic Materials,Mining - Non Ferrous,35__0,35,0.0,8. p75_trade_value,7840.000000000001,13640.0,O:LEU250620C00120000,LEU,C,120.0,2025-06-20,209,0,308,11.0,1748009388941000000,10,11000.0,2025-05-23,3000.0,30,True,Automatic Execution,Basic Materials,Mining - Non Ferrous,111.75,118.27,100.5,113.29,329,4.041392685158225,20,3,1,0,0,0
LEU,Basic Materials,Mining - Non Ferrous,35__0,35,0.0,8. p75_trade_value,7840.000000000001,13640.0,O:LEU250620C00120000,LEU,C,120.0,2025-06-20,209,0,325,7.28,1748015762477000000,12,8736.0,2025-05-23,3000.0,30,True,Automatic Execution,Basic Materials,Mining - Non Ferrous,111.75,118.27,100.5,113.29,514,3.941312625360662,20,5,1,0,0,0
LEU,Basic Materials,Mining - Non Ferrous,35__0,35,0.0,6. p95_trade_value,21170.0,63840.00000000001,O:LEU250620C00120000,LEU,C,120.0,2025-06-20,209,0,313,7.2,1748015806001000000,34,24480.0,2025-05-23,3000.0,30,True,Automatic Execution,Basic Materials,Mining - Non Ferrous,111.75,118.27,100.5,113.29,96,4.388811413473523,20,1,1,0,0,0
LEU,Basic Materials,Mining - Non Ferrous,35__0,35,0.0,8. p75_trade_value,7840.000000000001,13640.0,O:LEU250620C00120000,LEU,C,120.0,2025-06-20,209,0,325,4.15,1748007622939000000,25,10375.000000000002,2025-05-23,3000.0,30,True,Automatic Execution,Basic Materials,Mining - Non Ferrous,111.75,118.27,100.5,113.29,371,4.01598810538413,20,4,1,0,0,0
LEU,Basic Materials,Mining - Non Ferrous,35__0,35,0.0,8. p75_trade_value,7840.000000000001,13640.0,O:LEU250620C00125000,LEU,C,125.0,2025-06-20,209,0,320,2.2,1748007144305000000,50,11000.000000000002,2025-05-23,3000.0,30,True,Automatic Execution,Basic Materials,Mining - Non Ferrous,111.75,118.27,100.5,113.29,328,4.041392685158225,20,3,1,0,0,0
LEU,Basic Materials,Mining - Non Ferrous,35__0,35,0.0,8. p75_trade_value,7840.000000000001,13640.0,O:LEU250620C00125000,LEU,C,125.0,2025-06-20,209,0,320,2.2,1748007146430000000,50,11000.000000000002,2025-05-23,3000.0,30,True,Automatic Execution,Basic Materials,Mining - Non Ferrous,111.75,118.27,100.5,113.29,327,4.041392685158225,20,3,1,0,0,0
LEU,Basic Materials,Mining - Non Ferrous,35__0,35,0.0,8. p75_trade_value,7840.000000000001,13640.0,O:LEU250620C00125000,LEU,C,125.0,2025-06-20,219,0,309,2.5,1748007181713000000,48,12000.0,2025-05-23,3000.0,30,True,Intermarket Sweep Order,Basic Materials,Mining - Non Ferrous,111.75,118.27,100.5,113.29,280,4.079181246047625,20,3,1,0,0,0
LEU,Basic Materials,Mining - Non Ferrous,35__0,35,0.0,8. p75_trade_value,7840.000000000001,13640.0,O:LEU250620C00125000,LEU,C,125.0,2025-06-20,209,0,320,2.6,1748007199182000000,50,13000.0,2025-05-23,3000.0,30,True,Automatic Execution,Basic Materials,Mining - Non Ferrous,111.75,118.27,100.5,113.29,252,4.113943352306837,20,3,1,0,0,0
LEU,Basic Materials,Mining - Non Ferrous,35__0,35,0.0,7. p90_trade_value,13680.000000000002,21070.0,O:LEU250620C00125000,LEU,C,125.0,2025-06-20,209,0,320,2.85,1748007255811000000,50,14250.0,2025-05-23,3000.0,30,True,Automatic Execution,Basic Materials,Mining - Non Ferrous,111.75,118.27,100.5,113.29,217,4.153814864344529,20,2,1,0,0,0
LEU,Basic Materials,Mining - Non Ferrous,35__0,35,0.0,7. p90_trade_value,13680.000000000002,21070.0,O:LEU250620C00125000,LEU,C,125.0,2025-06-20,209,0,320,2.85,1748007250012000000,50,14250.0,2025-05-23,3000.0,30,True,Automatic Execution,Basic Materials,Mining - Non Ferrous,111.75,118.27,100.5,113.29,221,4.153814864344529,20,2,1,0,0,0
LEU,Basic Materials,Mining - Non Ferrous,35__0,35,0.0,7. p90_trade_value,13680.000000000002,21070.0,O:LEU250620C00125000,LEU,C,125.0,2025-06-20,209,0,320,2.85,1748007254036000000,50,14250.0,2025-05-23,3000.0,30,True,Automatic Execution,Basic Materials,Mining - Non Ferrous,111.75,118.27,100.5,113.29,220,4.153814864344529,20,2,1,0,0,0
LEU,Basic Materials,Mining - Non Ferrous,35__0,35,0.0,7. p90_trade_value,13680.000000000002,21070.0,O:LEU250620C00125000,LEU,C,125.0,2025-06-20,209,0,320,2.85,1748007263807000000,48,13680.000000000002,2025-05-23,3000.0,30,True,Automatic Execution,Basic Materials,Mining - Non Ferrous,111.75,118.27,100.5,113.29,237,4.136086097384098,20,2,1,0,0,0
LEU,Basic Materials,Mining - Non Ferrous,35__0,35,0.0,8. p75_trade_value,7840.000000000001,13640.0,O:LEU250620C00130000,LEU,C,130.0,2025-06-20,209,0,316,6.0,1748010111088000000,18,10800.0,2025-05-23,3000.0,30,True,Automatic Execution,Basic Materials,Mining - Non Ferrous,111.75,118.27,100.5,113.29,336,4.033423755486949,20,3,1,0,0,0
LEU,Basic Materials,Mining - Non Ferrous,35__0,35,0.0,8. p75_trade_value,7840.000000000001,13640.0,O:LEU250620C00130000,LEU,C,130.0,2025-06-20,209,0,320,2.85,1748007545071000000,32,9120.0,2025-05-23,3000.0,30,True,Automatic Execution,Basic Materials,Mining - Non Ferrous,111.75,118.27,100.5,113.29,480,3.959994838328416,20,5,1,0,0,0
LEU,Basic Materials,Mining - Non Ferrous,35__0,35,0.0,8. p75_trade_value,7840.000000000001,13640.0,O:LEU250620C00130000,LEU,C,130.0,2025-06-20,209,0,316,6.0,1748010111090000000,17,10200.0,2025-05-23,3000.0,30,True,Automatic Execution,Basic Materials,Mining - Non Ferrous,111.75,118.27,100.5,113.29,380,4.008600171761918,20,4,1,0,0,0
LEU,Basic Materials,Mining - Non Ferrous,35__0,35,0.0,7. p90_trade_value,13680.000000000002,21070.0,O:LEU250620C00130000,LEU,C,130.0,2025-06-20,209,0,320,2.85,1748007539116000000,50,14250.0,2025-05-23,3000.0,30,True,Automatic Execution,Basic Materials,Mining - Non Ferrous,111.75,118.27,100.5,113.29,219,4.153814864344529,20,2,1,0,0,0
LEU,Basic Materials,Mining - Non Ferrous,35__0,35,0.0,7. p90_trade_value,13680.000000000002,21070.0,O:LEU250620C00130000,LEU,C,130.0,2025-06-20,209,0,320,2.85,1748007540571000000,50,14250.0,2025-05-23,3000.0,30,True,Automatic Execution,Basic Materials,Mining - Non Ferrous,111.75,118.27,100.5,113.29,222,4.153814864344529,20,2,1,0,0,0
LEU,Basic Materials,Mining - Non Ferrous,35__0,35,0.0,7. p90_trade_value,13680.000000000002,21070.0,O:LEU250620C00130000,LEU,C,130.0,2025-06-20,209,0,316,6.5,1748009047699000000,24,15600.0,2025-05-23,3000.0,30,True,Automatic Execution,Basic Materials,Mining - Non Ferrous,111.75,118.27,100.5,113.29,189,4.193124598354461,20,2,1,0,0,0
LEU,Basic Materials,Mining - Non Ferrous,35__0,35,0.0,7. p90_trade_value,13680.000000000002,21070.0,O:LEU250620C00130000,LEU,C,130.0,2025-06-20,209,0,320,3.6,1748008326976000000,50,18000.0,2025-05-23,3000.0,30,True,Automatic Execution,Basic Materials,Mining - Non Ferrous,111.75,118.27,100.5,113.29,158,4.2552725051033065,20,2,1,0,0,0
LEU,Basic Materials,Mining - Non Ferrous,35__0,35,0.0,8. p75_trade_value,7840.000000000001,13640.0,O:LEU250620P00080000,LEU,P,80.0,2025-06-20,209,0,301,0.5,1748028563127000000,200,10000.0,2025-05-23,3000.0,30,True,Automatic Execution,Basic Materials,Mining - Non Ferrous,111.75,118.27,100.5,113.29,392,4.0,20,4,0,0,0,1
LEU,Basic Materials,Mining - Non Ferrous,35__0,35,0.0,6. p95_trade_value,21170.0,63840.00000000001,O:LEU250620C00130000,LEU,C,130.0,2025-06-20,209,0,308,10.0,1748356238825000000,56,56000.0,2025-05-27,3000.0,30,True,Automatic Execution,Basic Materials,Mining - Non Ferrous,115.81,129.12,115.81,127.86,31,4.748188027006201,20,1,1,0,0,0
LEU,Basic Materials,Mining - Non Ferrous,35__0,35,0.0,8. p75_trade_value,7840.000000000001,13640.0,O:LEU250620C00130000,LEU,C,130.0,2025-06-20,209,0,315,10.7,1748362494768000000,9,9630.0,2025-05-27,3000.0,30,True,Automatic Execution,Basic Materials,Mining - Non Ferrous,115.81,129.12,115.81,127.86,421,3.9836262871245345,20,4,1,0,0,0
LEU,Basic Materials,Mining - Non Ferrous,35__0,35,0.0,8. p75_trade_value,7840.000000000001,13640.0,O:LEU250620C00130000,LEU,C,130.0,2025-06-20,227,0,312,10.43,1748362958132000000,9,9387.0,2025-05-27,3000.0,30,True,Single Leg Auction Non ISO,Basic Materials,Mining - Non Ferrous,115.81,129.12,115.81,127.86,448,3.9725268178658557,20,4,1,0,0,0
LEU,Basic Materials,Mining - Non Ferrous,35__0,35,0.0,6. p95_trade_value,21170.0,63840.00000000001,O:LEU250620C00130000,LEU,C,130.0,2025-06-20,227,0,323,10.64,1748362940347000000,20,21280.0,2025-05-27,3000.0,30,True,Single Leg Auction Non ISO,Basic Materials,Mining - Non Ferrous,115.81,129.12,115.81,127.86,115,4.327971623623011,20,1,1,0,0,0
LEU,Basic Materials,Mining - Non Ferrous,35__0,35,0.0,8. p75_trade_value,7840.000000000001,13640.0,O:LEU250620C00130000,LEU,C,130.0,2025-06-20,227,0,312,10.43,1748362958132000000,9,9387.0,2025-05-27,3000.0,30,True,Single Leg Auction Non ISO,Basic Materials,Mining - Non Ferrous,115.81,129.12,115.81,127.86,449,3.9725268178658557,20,4,1,0,0,0
LEU,Basic Materials,Mining - Non Ferrous,35__0,35,0.0,6. p95_trade_value,21170.0,63840.00000000001,O:LEU250620C00130000,LEU,C,130.0,2025-06-20,227,0,312,10.59,1748362958132000000,20,21180.0,2025-05-27,3000.0,30,True,Single Leg Auction Non ISO,Basic Materials,Mining - Non Ferrous,115.81,129.12,115.81,127.86,118,4.325925955771466,20,1,1,0,0,0
LEU,Basic Materials,Mining - Non Ferrous,35__0,35,0.0,5. p99_trade_value,65000.0,106983.99999999999,O:LEU250620C00130000,LEU,C,130.0,2025-06-20,209,0,301,10.4,1748362957872000000,84,87360.0,2025-05-27,3000.0,30,True,Automatic Execution,Basic Materials,Mining - Non Ferrous,115.81,129.12,115.81,127.86,8,4.941312625360662,20,1,1,0,0,0
LEU,Basic Materials,Mining - Non Ferrous,35__0,35,0.0,5. p99_trade_value,65000.0,106983.99999999999,O:LEU250620C00130000,LEU,C,130.0,2025-06-20,209,0,308,9.6,1748356328149000000,84,80640.0,2025-05-27,3000.0,30,True,Automatic Execution,Basic Materials,Mining - Non Ferrous,115.81,129.12,115.81,127.86,11,4.90655051910145,20,1,1,0,0,0
LEU,Basic Materials,Mining - Non Ferrous,35__0,35,0.0,8. p75_trade_value,7840.000000000001,13640.0,O:LEU250620C00130000,LEU,C,130.0,2025-06-20,231,0,301,10.9,1748362201008000000,10,10900.0,2025-05-27,3000.0,30,True,Single Leg Floor Trade,Basic Materials,Mining - Non Ferrous,115.81,129.12,115.81,127.86,331,4.037426497940624,20,3,1,0,0,0
LEU,Basic Materials,Mining - Non Ferrous,35__0,35,0.0,6. p95_trade_value,21170.0,63840.00000000001,O:LEU250620C00130000,LEU,C,130.0,2025-06-20,209,0,325,10.4,1748362958980000000,30,31200.0,2025-05-27,3000.0,30,True,Automatic Execution,Basic Materials,Mining - Non Ferrous,115.81,129.12,115.81,127.86,63,4.494154594018442,20,1,1,0,0,0
LEU,Basic Materials,Mining - Non Ferrous,35__0,35,0.0,8. p75_trade_value,7840.000000000001,13640.0,O:LEU250620C00130000,LEU,C,130.0,2025-06-20,227,0,323,10.52,1748362940347000000,8,8416.0,2025-05-27,3000.0,30,True,Single Leg Auction Non ISO,Basic Materials,Mining - Non Ferrous,115.81,129.12,115.81,127.86,545,3.925105726809664,20,5,1,0,0,0
LEU,Basic Materials,Mining - Non Ferrous,35__0,35,0.0,8. p75_trade_value,7840.000000000001,13640.0,O:LEU250620C00130000,LEU,C,130.0,2025-06-20,209,0,325,10.25,1748366196293000000,10,10250.0,2025-05-27,3000.0,30,True,Automatic Execution,Basic Materials,Mining - Non Ferrous,115.81,129.12,115.81,127.86,377,4.010723865391773,20,4,1,0,0,0
LEU,Basic Materials,Mining - Non Ferrous,35__0,35,0.0,8. p75_trade_value,7840.000000000001,13640.0,O:LEU250620C00130000,LEU,C,130.0,2025-06-20,209,0,301,10.9,1748361108933000000,9,9810.0,2025-05-27,3000.0,30,True,Automatic Execution,Basic Materials,Mining - Non Ferrous,115.81,129.12,115.81,127.86,412,3.9916690073799486,20,4,1,0,0,0
LEU,Basic Materials,Mining - Non Ferrous,35__0,35,0.0,8. p75_trade_value,7840.000000000001,13640.0,O:LEU250620C00130000,LEU,C,130.0,2025-06-20,209,0,320,7.9,1748353403021000000,10,7900.0,2025-05-27,3000.0,30,True,Automatic Execution,Basic Materials,Mining - Non Ferrous,115.81,129.12,115.81,127.86,589,3.8976270912904414,20,5,1,0,0,0
LEU,Basic Materials,Mining - Non Ferrous,35__0,35,0.0,6. p95_trade_value,21170.0,63840.00000000001,O:LEU250620C00130000,LEU,C,130.0,2025-06-20,227,0,300,9.59,1748356328710000000,41,39319.0,2025-05-27,3000.0,30,True,Single Leg Auction Non ISO,Basic Materials,Mining - Non Ferrous,115.81,129.12,115.81,127.86,48,4.594602463890399,20,1,1,0,0,0
LEU,Basic Materials,Mining - Non Ferrous,35__0,35,0.0,7. p90_trade_value,13680.000000000002,21070.0,O:LEU250620C00130000,LEU,C,130.0,2025-06-20,227,0,323,10.46,1748362940347000000,16,16736.0,2025-05-27,3000.0,30,True,Single Leg Auction Non ISO,Basic Materials,Mining - Non Ferrous,115.81,129.12,115.81,127.86,172,4.22365166718718,20,2,1,0,0,0
LEU,Basic Materials,Mining - Non Ferrous,35__0,35,0.0,8. p75_trade_value,7840.000000000001,13640.0,O:LEU250620C00130000,LEU,C,130.0,2025-06-20,227,0,302,10.6,1748362958565000000,10,10600.0,2025-05-27,3000.0,30,True,Single Leg Auction Non ISO,Basic Materials,Mining - Non Ferrous,115.81,129.12,115.81,127.86,347,4.02530586526477,20,3,1,0,0,0
LEU,Basic Materials,Mining - Non Ferrous,35__0,35,0.0,8. p75_trade_value,7840.000000000001,13640.0,O:LEU250620C00130000,LEU,C,130.0,2025-06-20,227,0,323,10.6,1748362958027000000,10,10600.0,2025-05-27,3000.0,30,True,Single Leg Auction Non ISO,Basic Materials,Mining - Non Ferrous,115.81,129.12,115.81,127.86,349,4.02530586526477,20,3,1,0,0,0
LEU,Basic Materials,Mining - Non Ferrous,35__0,35,0.0,8. p75_trade_value,7840.000000000001,13640.0,O:LEU250620C00130000,LEU,C,130.0,2025-06-20,227,0,323,9.32,1748356328387000000,10,9320.0,2025-05-27,3000.0,30,True,Single Leg Auction Non ISO,Basic Materials,Mining - Non Ferrous,115.81,129.12,115.81,127.86,458,3.9694159123539814,20,4,1,0,0,0
LEU,Basic Materials,Mining - Non Ferrous,35__0,35,0.0,7. p90_trade_value,13680.000000000002,21070.0,O:LEU250620C00130000,LEU,C,130.0,2025-06-20,209,0,301,9.4,1748356328611000000,22,20680.0,2025-05-27,3000.0,30,True,Automatic Execution,Basic Materials,Mining - Non Ferrous,115.81,129.12,115.81,127.86,131,4.315550534421905,20,2,1,0,0,0
LEU,Basic Materials,Mining - Non Ferrous,35__0,35,0.0,7. p90_trade_value,13680.000000000002,21070.0,O:LEU250620C00130000,LEU,C,130.0,2025-06-20,227,0,304,10.72,1748362572037000000,13,13936.000000000002,2025-05-27,3000.0,30,True,Single Leg Auction Non ISO,Basic Materials,Mining - Non Ferrous,115.81,129.12,115.81,127.86,227,4.144138137663588,20,2,1,0,0,0
LEU,Basic Materials,Mining - Non Ferrous,35__0,35,0.0,7. p90_trade_value,13680.000000000002,21070.0,O:LEU250620C00130000,LEU,C,130.0,2025-06-20,209,0,301,10.9,1748361108933000000,16,17440.0,2025-05-27,3000.0,30,True,Automatic Execution,Basic Materials,Mining - Non Ferrous,115.81,129.12,115.81,127.86,161,4.241546480596549,20,2,1,0,0,0
LEU,Basic Materials,Mining - Non Ferrous,35__0,35,0.0,8. p75_trade_value,7840.000000000001,13640.0,O:LEU250620C00130000,LEU,C,130.0,2025-06-20,227,0,323,10.59,1748362534044000000,12,12708.0,2025-05-27,3000.0,30,True,Single Leg Auction Non ISO,Basic Materials,Mining - Non Ferrous,115.81,129.12,115.81,127.86,263,4.10407720615511,20,3,1,0,0,0
LEU,Basic Materials,Mining - Non Ferrous,35__0,35,0.0,8. p75_trade_value,7840.000000000001,13640.0,O:LEU250620C00130000,LEU,C,130.0,2025-06-20,209,0,308,9.4,1748356632626000000,9,8460.0,2025-05-27,3000.0,30,True,Automatic Execution,Basic Materials,Mining - Non Ferrous,115.81,129.12,115.81,127.86,544,3.9273703630390235,20,5,1,0,0,0
LEU,Basic Materials,Mining - Non Ferrous,35__0,35,0.0,8. p75_trade_value,7840.000000000001,13640.0,O:LEU250620C00130000,LEU,C,130.0,2025-06-20,227,0,302,9.45,1748356328635000000,11,10394.999999999998,2025-05-27,3000.0,30,True,Single Leg Auction Non ISO,Basic Materials,Mining - Non Ferrous,115.81,129.12,115.81,127.86,370,4.016824493667488,20,4,1,0,0,0
LEU,Basic Materials,Mining - Non Ferrous,35__0,35,0.0,8. p75_trade_value,7840.000000000001,13640.0,O:LEU250620C00130000,LEU,C,130.0,2025-06-20,227,0,309,10.72,1748362466347000000,8,8576.0,2025-05-27,3000.0,30,True,Single Leg Auction Non ISO,Basic Materials,Mining - Non Ferrous,115.81,129.12,115.81,127.86,527,3.933284772348695,20,5,1,0,0,0
LEU,Basic Materials,Mining - Non Ferrous,35__0,35,0.0,8. p75_trade_value,7840.000000000001,13640.0,O:LEU250620C00130000,LEU,C,130.0,2025-06-20,227,0,302,9.45,1748356328635000000,12,11340.0,2025-05-27,3000.0,30,True,Single Leg Auction Non ISO,Basic Materials,Mining - Non Ferrous,115.81,129.12,115.81,127.86,306,4.054613054556888,20,3,1,0,0,0
LEU,Basic Materials,Mining - Non Ferrous,35__0,35,0.0,8. p75_trade_value,7840.000000000001,13640.0,O:LEU250620C00135000,LEU,C,135.0,2025-06-20,235,0,301,9.1,1748362313273000000,10,9100.0,2025-05-27,3000.0,30,True,Multi Leg floor trade,Basic Materials,Mining - Non Ferrous,115.81,129.12,115.81,127.86,484,3.9590413923210934,20,5,1,0,0,0
LEU,Basic Materials,Mining - Non Ferrous,35__0,35,0.0,6. p95_trade_value,21170.0,63840.00000000001,O:LEU250620C00150000,LEU,C,150.0,2025-06-20,231,0,301,5.0,1748360895471000000,100,50000.0,2025-05-27,3000.0,30,True,Single Leg Floor Trade,Basic Materials,Mining - Non Ferrous,115.81,129.12,115.81,127.86,35,4.698970004336019,20,1,1,0,0,0
LEU,Basic Materials,Mining - Non Ferrous,35__0,35,0.0,8. p75_trade_value,7840.000000000001,13640.0,O:LEU250620P00095000,LEU,P,95.0,2025-06-20,209,0,308,1.0,1748366139183000000,90,9000.0,2025-05-27,3000.0,30,True,Automatic Execution,Basic Materials,Mining - Non Ferrous,115.81,129.12,115.81,127.86,492,3.9542425094393248,20,5,0,0,0,1
LEU,Basic Materials,Mining - Non Ferrous,35__0,35,0.0,8. p75_trade_value,7840.000000000001,13640.0,O:LEU250620P00095000,LEU,P,95.0,2025-06-20,209,0,309,1.1,1748355998730000000,75,8250.0,2025-05-27,3000.0,30,True,Automatic Execution,Basic Materials,Mining - Non Ferrous,115.81,129.12,115.81,127.86,562,3.916453948549925,20,5,0,0,0,1
LEU,Basic Materials,Mining - Non Ferrous,35__0,35,0.0,8. p75_trade_value,7840.000000000001,13640.0,O:LEU250620P00095000,LEU,P,95.0,2025-06-20,219,0,308,1.0,1748366091610000000,108,10800.0,2025-05-27,3000.0,30,True,Intermarket Sweep Order,Basic Materials,Mining - Non Ferrous,115.81,129.12,115.81,127.86,338,4.033423755486949,20,3,0,0,0,1
LEU,Basic Materials,Mining - Non Ferrous,35__0,35,0.0,8. p75_trade_value,7840.000000000001,13640.0,O:LEU250620P00095000,LEU,P,95.0,2025-06-20,209,0,308,1.0,1748366105965000000,101,10100.0,2025-05-27,3000.0,30,True,Automatic Execution,Basic Materials,Mining - Non Ferrous,115.81,129.12,115.81,127.86,385,4.004321373782642,20,4,0,0,0,1
LEU,Basic Materials,Mining - Non Ferrous,35__0,35,0.0,8. p75_trade_value,7840.000000000001,13640.0,O:LEU250620P00095000,LEU,P,95.0,2025-06-20,209,0,308,1.0,1748366110029000000,96,9600.0,2025-05-27,3000.0,30,True,Automatic Execution,Basic Materials,Mining - Non Ferrous,115.81,129.12,115.81,127.86,427,3.9822712330395684,20,4,0,0,0,1
LEU,Basic Materials,Mining - Non Ferrous,35__0,35,0.0,8. p75_trade_value,7840.000000000001,13640.0,O:LEU250620P00095000,LEU,P,95.0,2025-06-20,209,0,308,1.0,1748366100070000000,104,10400.0,2025-05-27,3000.0,30,True,Automatic Execution,Basic Materials,Mining - Non Ferrous,115.81,129.12,115.81,127.86,364,4.017033339298781,20,4,0,0,0,1
LEU,Basic Materials,Mining - Non Ferrous,35__0,35,0.0,8. p75_trade_value,7840.000000000001,13640.0,O:LEU250620P00095000,LEU,P,95.0,2025-06-20,209,0,308,1.0,1748366120072000000,93,9300.0,2025-05-27,3000.0,30,True,Automatic Execution,Basic Materials,Mining - Non Ferrous,115.81,129.12,115.81,127.86,463,3.9684829485539352,20,4,0,0,0,1
LEU,Basic Materials,Mining - Non Ferrous,35__0,35,0.0,8. p75_trade_value,7840.000000000001,13640.0,O:LEU250620P00095000,LEU,P,95.0,2025-06-20,209,0,308,1.0,1748366130727000000,106,10600.0,2025-05-27,3000.0,30,True,Automatic Execution,Basic Materials,Mining - Non Ferrous,115.81,129.12,115.81,127.86,348,4.02530586526477,20,3,0,0,0,1
LEU,Basic Materials,Mining - Non Ferrous,35__0,35,0.0,8. p75_trade_value,7840.000000000001,13640.0,O:LEU250620P00100000,LEU,P,100.0,2025-06-20,209,0,308,2.0,1748353577846000000,40,8000.0,2025-05-27,3000.0,30,True,Automatic Execution,Basic Materials,Mining - Non Ferrous,115.81,129.12,115.81,127.86,581,3.9030899869919438,20,5,0,0,0,1
LEU,Basic Materials,Mining - Non Ferrous,35__0,35,0.0,8. p75_trade_value,7840.000000000001,13640.0,O:LEU250620C00140000,LEU,C,140.0,2025-06-20,227,0,323,8.07,1748441794431000000,10,8070.0,2025-05-28,3000.0,30,True,Single Leg Auction Non ISO,Basic Materials,Mining - Non Ferrous,130.55,136.0,126.5,127.74,573,3.90687353472207,20,5,1,0,0,0
LEU,Basic Materials,Mining - Non Ferrous,35__0,35,0.0,7. p90_trade_value,13680.000000000002,21070.0,O:LEU250620C00175000,LEU,C,175.0,2025-06-20,209,0,308,1.4,1748459677001000000,136,19039.999999999996,2025-05-28,3000.0,30,True,Automatic Execution,Basic Materials,Mining - Non Ferrous,130.55,136.0,126.5,127.74,149,4.279666944048455,20,2,1,0,0,0
LEU,Basic Materials,Mining - Non Ferrous,35__0,35,0.0,8. p75_trade_value,7840.000000000001,13640.0,O:LEU250620P00105000,LEU,P,105.0,2025-06-20,209,0,307,1.95,1748449222819000000,69,13454.999999999998,2025-05-28,3000.0,30,True,Automatic Execution,Basic Materials,Mining - Non Ferrous,130.55,136.0,126.5,127.74,243,4.128883702099773,20,3,0,0,0,1
LEU,Basic Materials,Mining - Non Ferrous,35__0,35,0.0,8. p75_trade_value,7840.000000000001,13640.0,O:LEU250620P00105000,LEU,P,105.0,2025-06-20,209,0,308,1.95,1748449213485000000,69,13454.999999999998,2025-05-28,3000.0,30,True,Automatic Execution,Basic Materials,Mining - Non Ferrous,130.55,136.0,126.5,127.74,244,4.128883702099773,20,3,0,0,0,1
LEU,Basic Materials,Mining - Non Ferrous,35__0,35,0.0,6. p95_trade_value,21170.0,63840.00000000001,O:LEU250620P00125000,LEU,P,125.0,2025-06-20,209,0,320,8.6,1748450702447000000,25,21500.0,2025-05-28,3000.0,30,True,Automatic Execution,Basic Materials,Mining - Non Ferrous,130.55,136.0,126.5,127.74,114,4.332438459915605,20,1,1,0,0,0
LEU,Basic Materials,Mining - Non Ferrous,35__0,35,0.0,7. p90_trade_value,13680.000000000002,21070.0,O:LEU250620P00125000,LEU,P,125.0,2025-06-20,209,0,320,8.6,1748451053913000000,20,17200.0,2025-05-28,3000.0,30,True,Automatic Execution,Basic Materials,Mining - Non Ferrous,130.55,136.0,126.5,127.74,165,4.235528446907549,20,2,1,0,0,0
LEU,Basic Materials,Mining - Non Ferrous,35__0,35,0.0,8. p75_trade_value,7840.000000000001,13640.0,O:LEU250620C00175000,LEU,C,175.0,2025-06-20,209,0,308,1.35,1748525583368000000,100,13500.0,2025-05-29,3000.0,30,True,Automatic Execution,Basic Materials,Mining - Non Ferrous,129.6,130.0,122.39,123.5,240,4.1303337684950066,20,3,1,0,0,0
LEU,Basic Materials,Mining - Non Ferrous,35__0,35,0.0,8. p75_trade_value,7840.000000000001,13640.0,O:LEU250620C00175000,LEU,C,175.0,2025-06-20,209,0,308,1.0,1748532616167000000,100,10000.0,2025-05-29,3000.0,30,True,Automatic Execution,Basic Materials,Mining - Non Ferrous,129.6,130.0,122.39,123.5,389,4.0,20,4,1,0,0,0
LEU,Basic Materials,Mining - Non Ferrous,35__0,35,0.0,8. p75_trade_value,7840.000000000001,13640.0,O:LEU250620P00110000,LEU,P,110.0,2025-06-20,209,0,322,3.7,1748547260338000000,25,9250.0,2025-05-29,3000.0,30,True,Automatic Execution,Basic Materials,Mining - Non Ferrous,129.6,130.0,122.39,123.5,468,3.9661417327390325,20,4,0,0,0,1
LEU,Basic Materials,Mining - Non Ferrous,35__0,35,0.0,8. p75_trade_value,7840.000000000001,13640.0,O:LEU250620P00110000,LEU,P,110.0,2025-06-20,209,0,320,3.5,1748529994741000000,31,10850.0,2025-05-29,3000.0,30,True,Automatic Execution,Basic Materials,Mining - Non Ferrous,129.6,130.0,122.39,123.5,333,4.035429738184549,20,3,0,0,0,1
LEU,Basic Materials,Mining - Non Ferrous,35__0,35,0.0,8. p75_trade_value,7840.000000000001,13640.0,O:LEU250620C00135000,LEU,C,135.0,2025-06-20,209,0,323,5.1,1748625536630000000,16,8159.999999999999,2025-05-30,3000.0,30,True,Automatic Execution,Basic Materials,Mining - Non Ferrous,118.0,128.685,117.6408,126.92,567,3.9116901587538613,20,5,1,0,0,0
LEU,Basic Materials,Mining - Non Ferrous,35__0,35,0.0,8. p75_trade_value,7840.000000000001,13640.0,O:LEU250620C00150000,LEU,C,150.0,2025-06-20,209,0,315,2.25,1748612826718000000,50,11250.0,2025-05-30,3000.0,30,True,Automatic Execution,Basic Materials,Mining - Non Ferrous,118.0,128.685,117.6408,126.92,312,4.051152522447381,20,3,1,0,0,0
LEU,Basic Materials,Mining - Non Ferrous,35__0,35,0.0,6. p95_trade_value,21170.0,63840.00000000001,O:LEU250620P00115000,LEU,P,115.0,2025-06-20,209,0,308,7.0,1748611800485000000,40,28000.0,2025-05-30,3000.0,30,True,Automatic Execution,Basic Materials,Mining - Non Ferrous,118.0,128.685,117.6408,126.92,75,4.447158031342219,20,1,0,0,0,1
LEU,Basic Materials,Mining - Non Ferrous,35__0,35,0.0,8. p75_trade_value,7840.000000000001,13640.0,O:LEU250620C00140000,LEU,C,140.0,2025-06-20,209,0,319,6.0,1748979417566000000,20,12000.0,2025-06-03,3000.0,30,True,Automatic Execution,Basic Materials,Mining - Non Ferrous,135.47,138.9999,130.21,131.45,281,4.079181246047625,20,3,1,0,0,0
LEU,Basic Materials,Mining - Non Ferrous,35__0,35,0.0,8. p75_trade_value,7840.000000000001,13640.0,O:LEU250620C00140000,LEU,C,140.0,2025-06-20,209,0,325,7.35,1748970610021000000,16,11760.0,2025-06-03,3000.0,30,True,Automatic Execution,Basic Materials,Mining - Non Ferrous,135.47,138.9999,130.21,131.45,287,4.070407321740119,20,3,1,0,0,0
LEU,Basic Materials,Mining - Non Ferrous,35__0,35,0.0,8. p75_trade_value,7840.000000000001,13640.0,O:LEU250620C00140000,LEU,C,140.0,2025-06-20,232,0,308,7.2,1748970684445000000,11,7920.0,2025-06-03,3000.0,30,True,Multi Leg auto-electronic trade,Basic Materials,Mining - Non Ferrous,135.47,138.9999,130.21,131.45,585,3.8987251815894934,20,5,1,0,0,0
LEU,Basic Materials,Mining - Non Ferrous,35__0,35,0.0,8. p75_trade_value,7840.000000000001,13640.0,O:LEU250620C00140000,LEU,C,140.0,2025-06-20,209,0,302,6.0,1748979421806000000,16,9600.0,2025-06-03,3000.0,30,True,Automatic Execution,Basic Materials,Mining - Non Ferrous,135.47,138.9999,130.21,131.45,426,3.9822712330395684,20,4,1,0,0,0
LEU,Basic Materials,Mining - Non Ferrous,35__0,35,0.0,8. p75_trade_value,7840.000000000001,13640.0,O:LEU250620C00175000,LEU,C,175.0,2025-06-20,209,0,308,1.3,1748958264815000000,73,9490.0,2025-06-03,3000.0,30,True,Automatic Execution,Basic Materials,Mining - Non Ferrous,135.47,138.9999,130.21,131.45,440,3.977266212427293,20,4,1,0,0,0
LEU,Basic Materials,Mining - Non Ferrous,35__0,35,0.0,8. p75_trade_value,7840.000000000001,13640.0,O:LEU250620C00175000,LEU,C,175.0,2025-06-20,209,0,320,0.9,1748959804860000000,120,10800.0,2025-06-03,3000.0,30,True,Automatic Execution,Basic Materials,Mining - Non Ferrous,135.47,138.9999,130.21,131.45,337,4.033423755486949,20,3,1,0,0,0
LEU,Basic Materials,Mining - Non Ferrous,35__0,35,0.0,7. p90_trade_value,13680.000000000002,21070.0,O:LEU250620P00115000,LEU,P,115.0,2025-06-20,209,0,316,2.15,1748958682156000000,98,21070.0,2025-06-03,3000.0,30,True,Automatic Execution,Basic Materials,Mining - Non Ferrous,135.47,138.9999,130.21,131.45,120,4.3236645356081,20,2,0,0,0,1
LEU,Basic Materials,Mining - Non Ferrous,35__0,35,0.0,8. p75_trade_value,7840.000000000001,13640.0,O:LEU250620C00145000,LEU,C,145.0,2025-06-20,209,0,325,7.95,1749066064436000000,10,7950.0,2025-06-04,3000.0,30,True,Automatic Execution,Basic Materials,Mining - Non Ferrous,133.99,142.69,128.18,141.0,584,3.9003671286564705,20,5,1,0,0,0
LEU,Basic Materials,Mining - Non Ferrous,35__0,35,0.0,8. p75_trade_value,7840.000000000001,13640.0,O:LEU250620C00150000,LEU,C,150.0,2025-06-20,227,0,323,5.16,1749063176012000000,20,10320.0,2025-06-04,3000.0,30,True,Single Leg Auction Non ISO,Basic Materials,Mining - Non Ferrous,133.99,142.69,128.18,141.0,375,4.013679697291193,20,4,1,0,0,0
LEU,Basic Materials,Mining - Non Ferrous,35__0,35,0.0,8. p75_trade_value,7840.000000000001,13640.0,O:LEU250620C00160000,LEU,C,160.0,2025-06-20,232,0,312,3.25,1749063692121000000,30,9750.0,2025-06-04,3000.0,30,True,Multi Leg auto-electronic trade,Basic Materials,Mining - Non Ferrous,133.99,142.69,128.18,141.0,416,3.989004615698537,20,4,1,0,0,0
LEU,Basic Materials,Mining - Non Ferrous,35__0,35,0.0,8. p75_trade_value,7840.000000000001,13640.0,O:LEU250620P00125000,LEU,P,125.0,2025-06-20,227,0,323,4.09,1749057163464000000,20,8180.0,2025-06-04,3000.0,30,True,Single Leg Auction Non ISO,Basic Materials,Mining - Non Ferrous,133.99,142.69,128.18,141.0,565,3.912753303671323,20,5,0,0,0,1
LEU,Basic Materials,Mining - Non Ferrous,35__0,35,0.0,8. p75_trade_value,7840.000000000001,13640.0,O:LEU250620P00125000,LEU,P,125.0,2025-06-20,227,0,304,4.51,1749149881129000000,20,9019.999999999998,2025-06-05,3000.0,30,True,Single Leg Auction Non ISO,Basic Materials,Mining - Non Ferrous,144.38,146.8292,130.805,136.34,486,3.9552065375419416,20,5,0,0,0,1
LEU,Basic Materials,Mining - Non Ferrous,35__0,35,0.0,7. p90_trade_value,13680.000000000002,21070.0,O:LEU250620C00150000,LEU,C,150.0,2025-06-20,209,0,325,5.35,1749221850326000000,30,16050.0,2025-06-06,3000.0,30,True,Automatic Execution,Basic Materials,Mining - Non Ferrous,136.98,143.65,133.0001,143.11,180,4.205475036740891,20,2,1,0,0,0
LEU,Basic Materials,Mining - Non Ferrous,35__0,35,0.0,6. p95_trade_value,21170.0,63840.00000000001,O:LEU250620C00160000,LEU,C,160.0,2025-06-20,209,0,320,2.9,1749228244776000000,100,29000.0,2025-06-06,3000.0,30,True,Automatic Execution,Basic Materials,Mining - Non Ferrous,136.98,143.65,133.0001,143.11,74,4.4623979978989565,20,1,1,0,0,0
LEU,Basic Materials,Mining - Non Ferrous,35__0,35,0.0,8. p75_trade_value,7840.000000000001,13640.0,O:LEU250620C00160000,LEU,C,160.0,2025-06-20,209,0,316,5.6,1749476608485000000,20,11200.0,2025-06-09,3000.0,30,True,Automatic Execution,Basic Materials,Mining - Non Ferrous,149.34,152.715,144.148,146.08,320,4.049218022670182,20,3,1,0,0,0
LEU,Basic Materials,Mining - Non Ferrous,35__0,35,0.0,8. p75_trade_value,7840.000000000001,13640.0,O:LEU250620P00120000,LEU,P,120.0,2025-06-20,209,0,313,0.7,1749481012620000000,123,8610.0,2025-06-09,3000.0,30,True,Automatic Execution,Basic Materials,Mining - Non Ferrous,149.34,152.715,144.148,146.08,520,3.935003151453655,20,5,0,0,0,1
LEU,Basic Materials,Mining - Non Ferrous,35__0,35,0.0,8. p75_trade_value,7840.000000000001,13640.0,O:LEU250620P00120000,LEU,P,120.0,2025-06-20,209,0,325,0.7,1749481012621000000,168,11760.0,2025-06-09,3000.0,30,True,Automatic Execution,Basic Materials,Mining - Non Ferrous,149.34,152.715,144.148,146.08,288,4.070407321740119,20,3,0,0,0,1
LEU,Basic Materials,Mining - Non Ferrous,35__0,35,0.0,8. p75_trade_value,7840.000000000001,13640.0,O:LEU250620C00170000,LEU,C,170.0,2025-06-20,209,0,325,1.02,1749578391001000000,100,10200.0,2025-06-10,3000.0,30,True,Automatic Execution,Basic Materials,Mining - Non Ferrous,147.59,149.3899,140.6501,145.92,379,4.008600171761918,20,4,1,0,0,0
LEU,Basic Materials,Mining - Non Ferrous,35__0,35,0.0,8. p75_trade_value,7840.000000000001,13640.0,O:LEU250620P00130000,LEU,P,130.0,2025-06-20,209,0,313,2.2,1749571297995000000,50,11000.000000000002,2025-06-10,3000.0,30,True,Automatic Execution,Basic Materials,Mining - Non Ferrous,147.59,149.3899,140.6501,145.92,326,4.041392685158225,20,3,0,0,0,1
LEU,Basic Materials,Mining - Non Ferrous,35__0,35,0.0,6. p95_trade_value,21170.0,63840.00000000001,O:LEU250620C00175000,LEU,C,175.0,2025-06-20,209,0,308,2.9,1749658753503000000,200,58000.0,2025-06-11,3000.0,30,True,Automatic Execution,Basic Materials,Mining - Non Ferrous,147.12,165.0,147.12,158.13,29,4.763427993562937,20,1,1,0,0,0
LEU,Basic Materials,Mining - Non Ferrous,35__0,35,0.0,5. p99_trade_value,65000.0,106983.99999999999,O:LEU250620C00175000,LEU,C,175.0,2025-06-20,227,0,323,4.67,1749652514507000000,200,93400.0,2025-06-11,3000.0,30,True,Single Leg Auction Non ISO,Basic Materials,Mining - Non Ferrous,147.12,165.0,147.12,158.13,7,4.970346876230093,20,1,1,0,0,0
LEU,Basic Materials,Mining - Non Ferrous,35__0,35,0.0,8. p75_trade_value,7840.000000000001,13640.0,O:LEU250620C00175000,LEU,C,175.0,2025-06-20,209,0,325,4.86,1749652194349000000,20,9720.0,2025-06-11,3000.0,30,True,Automatic Execution,Basic Materials,Mining - Non Ferrous,147.12,165.0,147.12,158.13,418,3.9876662649262746,20,4,1,0,0,0
LEU,Basic Materials,Mining - Non Ferrous,35__0,35,0.0,4. p999_trade_value,112210.00000000001,132620.0,O:LEU250620C00175000,LEU,C,175.0,2025-06-20,209,0,316,4.9,1749652210337000000,229,112210.00000000001,2025-06-11,3000.0,30,True,Automatic Execution,Basic Materials,Mining - Non Ferrous,147.12,165.0,147.12,158.13,3,5.050031562368401,20,1,1,0,0,0
LEU,Basic Materials,Mining - Non Ferrous,35__0,35,0.0,6. p95_trade_value,21170.0,63840.00000000001,O:LEU250620C00185000,LEU,C,185.0,2025-06-20,209,0,308,1.15,1749660789593000000,300,34500.0,2025-06-11,3000.0,30,True,Automatic Execution,Basic Materials,Mining - Non Ferrous,147.12,165.0,147.12,158.13,53,4.537819095073274,20,1,0,0,0,1
LEU,Basic Materials,Mining - Non Ferrous,35__0,35,0.0,8. p75_trade_value,7840.000000000001,13640.0,O:LEU250620C00195000,LEU,C,195.0,2025-06-20,209,0,320,1.6,1749652026673000000,60,9600.0,2025-06-11,3000.0,30,True,Automatic Execution,Basic Materials,Mining - Non Ferrous,147.12,165.0,147.12,158.13,425,3.9822712330395684,20,4,0,0,0,1
LEU,Basic Materials,Mining - Non Ferrous,35__0,35,0.0,6. p95_trade_value,21170.0,63840.00000000001,O:LEU250620C00195000,LEU,C,195.0,2025-06-20,231,0,301,1.6,1749652026345000000,140,22400.0,2025-06-11,3000.0,30,True,Single Leg Floor Trade,Basic Materials,Mining - Non Ferrous,147.12,165.0,147.12,158.13,104,4.350248018334163,20,1,0,0,0,1
LEU,Basic Materials,Mining - Non Ferrous,35__0,35,0.0,8. p75_trade_value,7840.000000000001,13640.0,O:LEU250620P00145000,LEU,P,145.0,2025-06-20,232,0,322,2.15,1749652560781000000,40,8600.0,2025-06-11,3000.0,30,True,Multi Leg auto-electronic trade,Basic Materials,Mining - Non Ferrous,147.12,165.0,147.12,158.13,524,3.934498451243568,20,5,0,0,0,1
LEU,Basic Materials,Mining - Non Ferrous,35__0,35,0.0,6. p95_trade_value,21170.0,63840.00000000001,O:LEU250620P00145000,LEU,P,145.0,2025-06-20,227,0,309,3.4,1749650312706000000,76,25839.999999999996,2025-06-11,3000.0,30,True,Single Leg Auction Non ISO,Basic Materials,Mining - Non Ferrous,147.12,165.0,147.12,158.13,88,4.412292509323047,20,1,0,0,0,1
LEU,Basic Materials,Mining - Non Ferrous,35__0,35,0.0,8. p75_trade_value,7840.000000000001,13640.0,O:LEU250620C00165000,LEU,C,165.0,2025-06-20,232,0,312,4.75,1749751400792000000,18,8550.0,2025-06-12,3000.0,30,True,Multi Leg auto-electronic trade,Basic Materials,Mining - Non Ferrous,155.96,160.5599,154.0538,158.44,530,3.931966114728173,20,5,1,0,0,0
LEU,Basic Materials,Mining - Non Ferrous,35__0,35,0.0,8. p75_trade_value,7840.000000000001,13640.0,O:LEU250620C00185000,LEU,C,185.0,2025-06-20,209,0,308,1.0,1749738920215000000,100,10000.0,2025-06-12,3000.0,30,True,Automatic Execution,Basic Materials,Mining - Non Ferrous,155.96,160.5599,154.0538,158.44,397,4.0,20,4,0,0,0,1
LEU,Basic Materials,Mining - Non Ferrous,35__0,35,0.0,8. p75_trade_value,7840.000000000001,13640.0,O:LEU250620P00150000,LEU,P,150.0,2025-06-20,209,0,313,3.9,1749740170276000000,25,9750.0,2025-06-12,3000.0,30,True,Automatic Execution,Basic Materials,Mining - Non Ferrous,155.96,160.5599,154.0538,158.44,415,3.989004615698537,20,4,0,0,0,1
LEU,Basic Materials,Mining - Non Ferrous,35__0,35,0.0,7. p90_trade_value,13680.000000000002,21070.0,O:LEU250620C00180000,LEU,C,180.0,2025-06-20,209,0,308,1.5,1749844516870000000,100,15000.0,2025-06-13,3000.0,30,True,Automatic Execution,Basic Materials,Mining - Non Ferrous,153.95,165.25,152.16,162.24,203,4.176091259055681,20,2,0,0,0,1
LEU,Basic Materials,Mining - Non Ferrous,35__0,35,0.0,6. p95_trade_value,21170.0,63840.00000000001,O:LEU250620C00180000,LEU,C,180.0,2025-06-20,209,0,320,5.2,1750081373642000000,49,25480.0,2025-06-16,3000.0,30,True,Automatic Execution,Basic Materials,Mining - Non Ferrous,172.6,176.62,166.5,169.93,91,4.406199423663312,20,1,0,0,0,0
LEU,Basic Materials,Mining - Non Ferrous,35__0,35,0.0,8. p75_trade_value,7840.000000000001,13640.0,O:LEU250620P00155000,LEU,P,155.0,2025-06-20,209,0,308,1.15,1750092100591000000,77,8855.0,2025-06-16,3000.0,30,True,Automatic Execution,Basic Materials,Mining - Non Ferrous,172.6,176.62,166.5,169.93,505,3.9471885655260937,20,5,0,0,0,0
LEU,Basic Materials,Mining - Non Ferrous,35__0,35,0.0,8. p75_trade_value,7840.000000000001,13640.0,O:LEU250620P00160000,LEU,P,160.0,2025-06-20,227,0,323,2.0,1750092124500000000,50,10000.0,2025-06-16,3000.0,30,True,Single Leg Auction Non ISO,Basic Materials,Mining - Non Ferrous,172.6,176.62,166.5,169.93,393,4.0,20,4,0,0,0,0
AEM,Basic Materials,Mining - Gold,35__1,35,1.0,4. p999_trade_value,363000.0,363000.0,O:AEM240920P00080000,AEM,P,80.0,2024-09-20,229,0,313,1.21,1724945715202000000,3000,363000.0,2024-08-29,3000.0,30,True,Single Leg Cross Non ISO,Basic Materials,Mining - Gold,81.3,82.945,81.3,82.09,2,5.559906625036112,20,1,1,0,0,0
AEM,Basic Materials,Mining - Gold,35__1,35,1.0,1. p999999_trade_value,1979900.9999999998,1979900.9999999998,O:AEM250417P00090000,AEM,P,90.0,2025-04-17,233,0,302,0.99,1743784197500000000,19999,1979900.9999999998,2025-04-04,3000.0,30,True,Multi Leg Auction,Basic Materials,Mining - Gold,105.31,106.74,98.91,99.48,1,6.29664347499455,20,1,0,0,0,1
